{"type": "FeatureCollection", "features": [{"type": "Feature", "properties": {"id": "c61a536e-c0f0-4090-b966-6aafee6166f3", "name": "Subway", "category": "restaurant", "tags": ["restaurant", "sandwich"], "sources": ["overture"], "website": "http://www.subway.com", "phone": "(206) 246-5554", "address": "633 Southcenter Mall"}, "geometry": {"type": "Point", "coordinates": [-122.2567749, 47.4584427]}}, {"type": "Feature", "properties": {"id": 1056103990, "name": "Starbucks", "category": "cafe", "tags": ["cafe", "coffee-shop", "takeaway", "wifi", "coffee", "fast-food"], "sources": ["osm", "overture"], "website": "http://www.starbucks.com", "phone": "+12065758185", "address": "333 Strander Blvd", "hours": "Mo-Fr 05:00-21:00; Sa-Su 06:00-21:00"}, "geometry": {"type": "Point", "coordinates": [-122.2565724, 47.4556087]}}, {"type": "Feature", "properties": {"id": 502330045, "name": "Starbucks", "category": "cafe", "tags": ["cafe", "coffee-shop", "takeaway", "coffee"], "sources": ["osm", "overture"], "website": "https://www.starbucks.com/store-locator/store/8887/", "phone": "+12069884988", "address": "506 Southcenter Mall Southcenter Mall"}, "geometry": {"type": "Point", "coordinates": [-122.2589738, 47.4587905]}}, {"type": "Feature", "properties": {"id": "ea7ed410-f709-42f4-91a1-75a3838ba419", "name": "Starbucks", "category": "cafe", "tags": ["cafe", "coffee"], "sources": ["overture"], "phone": "2062410375", "address": "1047 Southcenter Mall Southcenter II"}, "geometry": {"type": "Point", "coordinates": [-122.2566986, 47.4578667]}}, {"type": "Feature", "properties": {"id": "3d271822-7d7d-471e-b5ad-591f5dd94157", "name": "Starbucks", "category": "cafe", "tags": ["cafe", "coffee"], "sources": ["overture"], "phone": "2065756617", "address": "300 Andover Park W (Southcenter (B&N))"}, "geometry": {"type": "Point", "coordinates": [-122.2527237, 47.4550858]}}, {"type": "Feature", "properties": {"id": 4559339565, "name": "Qdoba", "category": "fast_food", "tags": ["fast-food", "mexican", "indoor-seating", "takeaway", "wheelchair-accessible", "vegetarian", "air-conditioned"], "sources": ["osm"], "website": "https://locations.qdoba.com/us/wa/tukwila/100-andover-park-w.html", "phone": "+1-206-214-0313", "address": "100 Andover Park West", "hours": "Su-Th 10:30-21:00; Fr,Sa 10:30-22:00"}, "geometry": {"type": "Point", "coordinates": [-122.2535138, 47.4595764]}}, {"type": "Feature", "properties": {"id": 502329990, "name": "BJ's", "category": "restaurant", "tags": ["restaurant", "american", "takeaway", "wheelchair-accessible"], "sources": ["osm"], "website": "https://www.bjsrestaurants.com/locations/wa/southcenter-mall", "phone": "+1-206-439-7500", "hours": "Mo-Fr 11:00-24:00; Sa-Su 10:00-24:00"}, "geometry": {"type": "Point", "coordinates": [-122.2573974, 47.4577992]}}, {"type": "Feature", "properties": {"id": "fb66bc7f-2d3d-4137-a9bd-284e08692c8f", "name": "Jimmy John's", "category": "fast_food", "tags": ["fast-food", "fast", "food"], "sources": ["overture"], "website": "https://www.jimmyjohns.com/", "phone": "2062411003", "address": "728 Southcenter Mall"}, "geometry": {"type": "Point", "coordinates": [-122.2582169, 47.4575005]}}, {"type": "Feature", "properties": {"id": 502330029, "name": "Baskin-Robbins", "category": "ice_cream", "tags": ["ice-cream"], "sources": ["osm"], "website": "https://locations.baskinrobbins.com/wa/tukwila/993-southcenter-mall-360762-br", "phone": "+1-206-248-2805", "hours": "Mo-Sa 10:00-21:00; Su 11:00-19:00"}, "geometry": {"type": "Point", "coordinates": [-122.2577887, 47.4587263]}}, {"type": "Feature", "properties": {"id": 502329991, "name": "Joey", "category": "restaurant", "tags": ["restaurant", "regional"], "sources": ["osm"], "hours": "Mo-Su 11:00-24:00, Sa,Su 00:00-01:00"}, "geometry": {"type": "Point", "coordinates": [-122.2579806, 47.457731]}}, {"type": "Feature", "properties": {"id": "92933e5a-d61c-49d9-af82-bbd36009623f", "name": "Shake Shack", "category": "restaurant", "tags": ["restaurant", "burger", "american"], "sources": ["overture"], "website": "https://shakeshack.com/location/2600-Southcenter-Mall-Space-WA?utm_source=facebook&utm_medium=listing", "phone": "+12067769880", "address": "2600 Southcenter Mall FC15"}, "geometry": {"type": "Point", "coordinates": [-122.258255, 47.4581528]}}, {"type": "Feature", "properties": {"id": 502537445, "name": "Chipotle", "category": "fast_food", "tags": ["fast-food", "mexican", "takeaway"], "sources": ["osm"], "website": "https://locations.chipotle.com/wa/tukwila/2800-southcenter-mall", "phone": "+1-206-673-9972"}, "geometry": {"type": "Point", "coordinates": [-122.2576844, 47.4581318]}}, {"type": "Feature", "properties": {"id": 654955033, "name": "Burger King", "category": "fast_food", "tags": ["fast-food", "burger", "outdoor-seating", "indoor-seating", "takeaway", "drive-through", "wifi", "restaurant", "american"], "sources": ["osm", "overture"], "website": "https://burgerking.com/store-locator/store/6782", "phone": "+12063168159", "address": "335 Andover Park West", "hours": "Mo-Sa 07:00-21:00; Su 08:00-21:00"}, "geometry": {"type": "Point", "coordinates": [-122.2547156, 47.4544276]}}, {"type": "Feature", "properties": {"id": 4929856339, "name": "Ben & Jerry's", "category": "ice_cream", "tags": ["ice-cream"], "sources": ["osm"]}, "geometry": {"type": "Point", "coordinates": [-122.257926, 47.4583036]}}, {"type": "Feature", "properties": {"id": 502537458, "name": "Panda Express", "category": "fast_food", "tags": ["fast-food", "chinese", "takeaway", "restaurant", "asian"], "sources": ["osm", "overture"], "website": "http://www.pandaexpress.com/", "phone": "+12062436336", "address": "2600 Southcenter Mall", "hours": "Mo-Th 10:00-21:00; Fr 11:00-21:00; Sa 10:00-21:00; Su 11:00-19:00"}, "geometry": {"type": "Point", "coordinates": [-122.2588236, 47.4579491]}}, {"type": "Feature", "properties": {"id": "b1dc6350-66c5-41d5-80b6-3a15fc7bfacd", "name": "IJ Sushi Burrito", "category": "restaurant", "tags": ["restaurant", "sushi", "japanese", "asian"], "sources": ["overture"], "website": "http://ijsushiburrito.com/", "phone": "+14252440337", "address": "2800 Southcenter Mall Space FC13"}, "geometry": {"type": "Point", "coordinates": [-122.2583008, 47.4577103]}}, {"type": "Feature", "properties": {"id": 6136934264, "name": "Patty's Eggnest", "category": "restaurant", "tags": ["restaurant", "indoor-seating", "wheelchair-accessible", "breakfast-and-brunch", "breakfast", "brunch", "american"], "sources": ["osm", "overture"], "website": "https://pattyseggnestpnw.com/", "phone": "+12532208331", "address": "375 Strander Blvd", "hours": "Mo-Sa 06:00-15:00; Su 07:00-15:00"}, "geometry": {"type": "Point", "coordinates": [-122.254881, 47.4550728]}}, {"type": "Feature", "properties": {"id": 6644829985, "name": "Sharetea", "category": "cafe", "tags": ["cafe", "bubble-tea", "indoor-seating", "takeaway", "wheelchair-accessible", "vegetarian", "air-conditioned"], "sources": ["osm"], "hours": "Su-Th 12:00-22:00; Fr,Sa 12:00-23:00"}, "geometry": {"type": "Point", "coordinates": [-122.253513, 47.4596645]}}, {"type": "Feature", "properties": {"id": 502330023, "name": "Jamba", "category": "fast_food", "tags": ["fast-food", "juice", "takeaway", "wheelchair-accessible", "vegetarian"], "sources": ["osm"], "website": "https://locations.jamba.com/wa/tukwila/680-southcenter-mall", "phone": "+1-206-947-0168", "hours": "Mo-Sa 10:00-21:00; Su 11:00-19:00"}, "geometry": {"type": "Point", "coordinates": [-122.2590023, 47.4583449]}}, {"type": "Feature", "properties": {"id": 502537482, "name": "Mochinut", "category": "fast_food", "tags": ["fast-food", "donut", "bubble-tea", "takeaway"], "sources": ["osm"]}, "geometry": {"type": "Point", "coordinates": [-122.2588617, 47.4581205]}}, {"type": "Feature", "properties": {"id": 6136936243, "name": "Jersey Mike's Subs", "category": "fast_food", "tags": ["fast-food", "sandwich", "indoor-seating", "takeaway"], "sources": ["osm"], "website": "https://www.jerseymikes.com/18018/tukwila-wa", "address": "385 Strander Boulevard", "hours": "Mo-Su 10:00-21:00"}, "geometry": {"type": "Point", "coordinates": [-122.2548827, 47.4553716]}}, {"type": "Feature", "properties": {"id": 3605959723, "name": "Dough Zone", "category": "restaurant", "tags": ["restaurant", "chinese"], "sources": ["osm"], "address": "339 Strander Boulevard"}, "geometry": {"type": "Point", "coordinates": [-122.2561956, 47.4548574]}}, {"type": "Feature", "properties": {"id": 502330059, "name": "Kitanda", "category": "cafe", "tags": ["cafe", "coffee-shop", "takeaway"], "sources": ["osm"]}, "geometry": {"type": "Point", "coordinates": [-122.2597452, 47.4584483]}}, {"type": "Feature", "properties": {"id": 3605959720, "name": "Boiling Point", "category": "restaurant", "tags": ["restaurant", "asian", "soup", "chinese"], "sources": ["osm", "overture"], "website": "http://bpgroupusa.com/", "phone": "+12063367321", "address": "361 Strander Blvd"}, "geometry": {"type": "Point", "coordinates": [-122.2553559, 47.4548579]}}, {"type": "Feature", "properties": {"id": 502537459, "name": "Charleys Philly Steaks", "category": "fast_food", "tags": ["fast-food", "sandwich", "takeaway"], "sources": ["osm"]}, "geometry": {"type": "Point", "coordinates": [-122.2587749, 47.457862]}}, {"type": "Feature", "properties": {"id": 4929856342, "name": "85\u00b0C Bakery Cafe", "category": "cafe", "tags": ["cafe", "coffee-shop", "chinese", "takeaway"], "sources": ["osm"]}, "geometry": {"type": "Point", "coordinates": [-122.258545, 47.4581259]}}, {"type": "Feature", "properties": {"id": 4136714290, "name": "Pizza Hut Express", "category": "fast_food", "tags": ["fast-food", "pizza", "takeaway", "restaurant"], "sources": ["osm", "overture"], "phone": "2063942100", "address": "301 Strander Blvd"}, "geometry": {"type": "Point", "coordinates": [-122.258432, 47.4548604]}}, {"type": "Feature", "properties": {"id": 4370516996, "name": "Yamada Teriyaki", "category": "fast_food", "tags": ["fast-food", "japanese", "restaurant", "asian"], "sources": ["osm", "overture"], "website": "http://yamadateriyaki.lbu.com", "phone": "+12069650059", "address": "345 Andover Park E"}, "geometry": {"type": "Point", "coordinates": [-122.2504584, 47.4534898]}}, {"type": "Feature", "properties": {"id": 4689068490, "name": "Sushi Omiya", "category": "restaurant", "tags": ["restaurant", "sushi", "japanese", "asian"], "sources": ["osm", "overture"], "phone": "+12063973497", "address": "100 Andover Park W Ste 160", "hours": "Su-Th 11:00-20:30; Fr,Sa 11:00-21:00"}, "geometry": {"type": "Point", "coordinates": [-122.2529554, 47.459588]}}, {"type": "Feature", "properties": {"id": 4928332709, "name": "Boba Smoothies", "category": "cafe", "tags": ["cafe", "bubble-tea", "indoor-seating", "wheelchair-accessible", "vegetarian", "air-conditioned"], "sources": ["osm"]}, "geometry": {"type": "Point", "coordinates": [-122.256238, 47.4590617]}}, {"type": "Feature", "properties": {"id": 4928332710, "name": "Potato Corner", "category": "fast_food", "tags": ["fast-food", "fries", "indoor-seating", "takeaway", "wheelchair-accessible", "vegetarian", "fast", "food", "american"], "sources": ["osm", "overture"], "website": "http://potatocornerusa.com", "phone": "+15095929836", "address": "2800 Southcenter Mall"}, "geometry": {"type": "Point", "coordinates": [-122.256411, 47.4590671]}}, {"type": "Feature", "properties": {"id": 4928334422, "name": "Unicone Crepes", "category": "cafe", "tags": ["cafe"], "sources": ["osm"]}, "geometry": {"type": "Point", "coordinates": [-122.258417, 47.4579645]}}, {"type": "Feature", "properties": {"id": 4928334425, "name": "CapitalOne caf\u00e9", "category": "cafe", "tags": ["cafe", "vegetarian"], "sources": ["osm"]}, "geometry": {"type": "Point", "coordinates": [-122.259188, 47.4585158]}}, {"type": "Feature", "properties": {"id": 4928334438, "name": "Grill City", "category": "restaurant", "tags": ["restaurant", "wheelchair-accessible", "filipino", "barbecue", "asian"], "sources": ["osm", "overture"], "website": "http://www.grillcity.com/", "phone": "+12062488114", "address": "1368 Southcenter Mall #100"}, "geometry": {"type": "Point", "coordinates": [-122.2558258, 47.4597662]}}, {"type": "Feature", "properties": {"id": 4929856340, "name": "Wetzel's Pretzels", "category": "fast_food", "tags": ["fast-food", "pretzel", "takeaway"], "sources": ["osm"]}, "geometry": {"type": "Point", "coordinates": [-122.2581795, 47.4582628]}}, {"type": "Feature", "properties": {"id": "d6fbb808-55b9-471e-8785-1acf9cddf09e", "name": "Wetzel's Pretzels", "category": "bakery", "tags": ["bakery", "fast-food"], "sources": ["overture"], "website": "https://www.wetzels.com/", "phone": "+12062445816", "address": "2800 Southcenter Mall #9240"}, "geometry": {"type": "Point", "coordinates": [-122.2594528, 47.457634]}}, {"type": "Feature", "properties": {"id": 4929856341, "name": "Big Orange", "category": "cafe", "tags": ["cafe", "bubble-tea", "takeaway"], "sources": ["osm"]}, "geometry": {"type": "Point", "coordinates": [-122.258272, 47.4582338]}}, {"type": "Feature", "properties": {"id": 502330021, "name": "Auntie Anne's", "category": "fast_food", "tags": ["fast-food", "pretzel", "takeaway", "fast", "food"], "sources": ["osm", "overture"], "website": "http://www.auntieannes.com", "phone": "+12064535489", "address": "546 Southcenter Mall"}, "geometry": {"type": "Point", "coordinates": [-122.2590108, 47.458525]}}, {"type": "Feature", "properties": {"id": "bdc6a103-9916-48dc-a65c-8d1caa63d1f6", "name": "Chili Fries", "category": "restaurant", "tags": ["restaurant", "american"], "sources": ["overture"], "website": "https://www.chilifries.net", "phone": "(425) 214-1267", "address": "Southcenter Mall"}, "geometry": {"type": "Point", "coordinates": [-122.2582779, 47.4587708]}}, {"type": "Feature", "properties": {"id": 6136939093, "name": "Corner Bakery", "category": "cafe", "tags": ["cafe", "coffee-shop", "outdoor-seating", "indoor-seating", "takeaway", "wheelchair-accessible", "vegetarian", "air-conditioned"], "sources": ["osm"], "address": "393 Strander Boulevard", "hours": "Mo-Su 07:00-20:00"}, "geometry": {"type": "Point", "coordinates": [-122.2548686, 47.4556342]}}, {"type": "Feature", "properties": {"id": 6279250985, "name": "Rendition Restaurant & Bar", "category": "restaurant", "tags": ["restaurant"], "sources": ["osm"], "hours": "Mo-Su 07:00-10:00, Mo-Su 16:00-22:00"}, "geometry": {"type": "Point", "coordinates": [-122.2505367, 47.4573231]}}, {"type": "Feature", "properties": {"id": 6290461785, "name": "Chayen Coffee", "category": "cafe", "tags": ["cafe"], "sources": ["osm"], "hours": "Mo-Su 06:00-14:00"}, "geometry": {"type": "Point", "coordinates": [-122.2505138, 47.4571122]}}, {"type": "Feature", "properties": {"id": 502537446, "name": "Sarku Japan", "category": "fast_food", "tags": ["fast-food", "japanese", "takeaway", "restaurant", "asian"], "sources": ["osm", "overture"], "website": "http://www.sarkujapan.com", "phone": "+12062421474", "address": "633 Southcenter Mall"}, "geometry": {"type": "Point", "coordinates": [-122.2576797, 47.4580318]}}, {"type": "Feature", "properties": {"id": 502330053, "name": "Braganza Tea", "category": "cafe", "tags": ["cafe", "bubble-tea", "takeaway", "tea", "room"], "sources": ["osm", "overture"], "website": "https://www.braganzatea.com", "phone": "+12068181207", "address": "2800 Southcenter Blvd"}, "geometry": {"type": "Point", "coordinates": [-122.2593754, 47.4588316]}}, {"type": "Feature", "properties": {"id": 502329970, "name": "Trapper's Sushi Co.", "category": "restaurant", "tags": ["restaurant", "sushi"], "sources": ["osm"]}, "geometry": {"type": "Point", "coordinates": [-122.2594155, 47.4576929]}}, {"type": "Feature", "properties": {"id": 502330026, "name": "Cinnabon", "category": "fast_food", "tags": ["fast-food", "dessert", "takeaway", "bakery"], "sources": ["osm", "overture"], "website": "http://www.cinnabon.com", "phone": "+12066590713", "address": "2800 Southcenter Mall"}, "geometry": {"type": "Point", "coordinates": [-122.257762, 47.4589249]}}, {"type": "Feature", "properties": {"id": 502329992, "name": "CoCo Fresh Tea & Juice", "category": "cafe", "tags": ["cafe", "bubble-tea", "takeaway"], "sources": ["osm"]}, "geometry": {"type": "Point", "coordinates": [-122.2582112, 47.4578217]}}, {"type": "Feature", "properties": {"id": 13375179165, "name": "Crispy Town", "category": "fast_food", "tags": ["fast-food", "fast", "food", "filipino"], "sources": ["osm", "overture"], "website": "https://www.seafoodcity.com", "phone": "+12062484400", "address": "2351 Southcenter Mall"}, "geometry": {"type": "Point", "coordinates": [-122.2562015, 47.4594792]}}, {"type": "Feature", "properties": {"id": 502537460, "name": "Popeyes", "category": "fast_food", "tags": ["fast-food", "chicken", "indoor-seating", "takeaway", "delivery", "wifi"], "sources": ["osm"], "website": "https://www.popeyes.com/store-locator/store/restaurant_242349", "phone": "+1-425-364-5740", "hours": "Mo-Sa 10:00-21:00; Su 11:00-19:00"}, "geometry": {"type": "Point", "coordinates": [-122.2588409, 47.4577716]}}, {"type": "Feature", "properties": {"id": "99142785-f197-4bb3-82d9-ff9528c43c3d", "name": "Duke's Seafood", "category": "restaurant", "tags": ["restaurant", "seafood"], "sources": ["overture"], "website": "https://www.dukesseafood.com/locations/bellevue", "phone": "12062435200", "address": "757 Southcenter Mall"}, "geometry": {"type": "Point", "coordinates": [-122.2585144, 47.457859]}}, {"type": "Feature", "properties": {"id": 119980184, "name": "Olive Garden", "category": "restaurant", "tags": ["restaurant", "italian", "theme"], "sources": ["osm", "overture"], "website": "https://www.olivegarden.com/locations/wa/tukwila/tukwila-southcenter-mall/1584?cmpid=br%3Aog_ag%3Aie_ch%3Asoc_ca%3AOGFB_sn%3Afacebook_gt%3Atukwila-wa-1584_pl%3Alocurl_rd%3A1450", "phone": "+12062414899", "address": "310 Strander Blvd", "hours": "Mo-Th,Su 11:00-22:00; Fr-Sa 11:00-23:00"}, "geometry": {"type": "Point", "coordinates": [-122.2577261, 47.4562806]}}, {"type": "Feature", "properties": {"id": "8a16d433-a5c8-4ca9-b2e7-f31cba84ebca", "name": "Johnny Rockets", "category": "restaurant", "tags": ["restaurant", "burger"], "sources": ["overture"], "website": "https://www.johnnysprockets.com", "phone": "+12062461779", "address": "2800 Southcenter Mall Ofc"}, "geometry": {"type": "Point", "coordinates": [-122.2584915, 47.4585648]}}, {"type": "Feature", "properties": {"id": 502330000, "name": "Duke's Chowder House", "category": "restaurant", "tags": ["restaurant", "outdoor-seating", "indoor-seating", "wheelchair-accessible", "vegetarian"], "sources": ["osm"], "hours": "Su-Th 11:00-22:00; Fr,Sa 11:00-23:00"}, "geometry": {"type": "Point", "coordinates": [-122.2588115, 47.4577617]}}, {"type": "Feature", "properties": {"id": 502329978, "name": "Jay Tea", "category": "cafe", "tags": ["cafe", "bubble-tea", "takeaway"], "sources": ["osm"]}, "geometry": {"type": "Point", "coordinates": [-122.2567605, 47.4582404]}}, {"type": "Feature", "properties": {"id": 502329981, "name": "Dragon's Breath Creamery", "category": "ice_cream", "tags": ["ice-cream", "takeaway"], "sources": ["osm"]}, "geometry": {"type": "Point", "coordinates": [-122.2569877, 47.4581413]}}, {"type": "Feature", "properties": {"id": 502329982, "name": "Moctezuma's Mexican Restaurant", "category": "restaurant", "tags": ["restaurant", "mexican"], "sources": ["osm"]}, "geometry": {"type": "Point", "coordinates": [-122.2568083, 47.4580218]}}, {"type": "Feature", "properties": {"id": 502330042, "name": "Crepe Legend", "category": "cafe", "tags": ["cafe"], "sources": ["osm"]}, "geometry": {"type": "Point", "coordinates": [-122.2589741, 47.458731]}}, {"type": "Feature", "properties": {"id": 502330090, "name": "Mr. Dim Sum", "category": "restaurant", "tags": ["restaurant"], "sources": ["osm"]}, "geometry": {"type": "Point", "coordinates": [-122.2578752, 47.459493]}}, {"type": "Feature", "properties": {"id": "f77ccddd-6ca5-4738-bc1c-a150e4a19998", "name": "Mr. Dim Sum", "category": "restaurant", "tags": ["restaurant"], "sources": ["overture"], "address": "969 Southcenter Mall"}, "geometry": {"type": "Point", "coordinates": [-122.2568436, 47.4578934]}}, {"type": "Feature", "properties": {"id": 502330120, "name": "Jollibee", "category": "fast_food", "tags": ["fast-food", "burger", "indoor-seating", "takeaway", "fast", "food", "filipino"], "sources": ["osm", "overture"], "website": "https://locations.jollibeefoods.com/usa/wa/tukwila/1374-southcenter-mall", "phone": "+12062484240", "address": "1374 Southcenter Mall"}, "geometry": {"type": "Point", "coordinates": [-122.2558433, 47.4594891]}}, {"type": "Feature", "properties": {"id": 502330126, "name": "Peekaboo Poke & Tea", "category": "restaurant", "tags": ["restaurant"], "sources": ["osm"]}, "geometry": {"type": "Point", "coordinates": [-122.2562236, 47.4593596]}}, {"type": "Feature", "properties": {"id": "a591144b-32e2-4673-bd0d-b942198fa8fc", "name": "Peekaboo Poke & Tea", "category": "restaurant", "tags": ["restaurant"], "sources": ["overture"], "phone": "+12062943120", "address": "1387 Southcenter Mall"}, "geometry": {"type": "Point", "coordinates": [-122.2566528, 47.4579735]}}, {"type": "Feature", "properties": {"id": 502330129, "name": "Chowking", "category": "fast_food", "tags": ["fast-food", "asian", "takeaway", "restaurant", "chinese"], "sources": ["osm", "overture"], "website": "http://www.chowkingusa.com/", "phone": "+12062412469", "address": "1383 Southcenter Mall"}, "geometry": {"type": "Point", "coordinates": [-122.2563511, 47.4594493]}}, {"type": "Feature", "properties": {"id": 502537447, "name": "Villa Italian Kitchen", "category": "fast_food", "tags": ["fast-food", "italian", "restaurant"], "sources": ["osm", "overture"], "website": "https://locations.villaitaliankitchen.com/en-us/wa/seattle/2800-southcenter-mall/", "phone": "+12062461567", "address": "2800 Southcenter Mall Ste FC4"}, "geometry": {"type": "Point", "coordinates": [-122.257705, 47.4579337]}}, {"type": "Feature", "properties": {"id": 502537456, "name": "Ruby Thai", "category": "fast_food", "tags": ["fast-food", "thai", "restaurant", "asian"], "sources": ["osm", "overture"], "website": "http://www.irg168.com/rubythai.html", "phone": "+12062464266", "address": "2800 Southcenter Blvd"}, "geometry": {"type": "Point", "coordinates": [-122.2581893, 47.4580962]}}, {"type": "Feature", "properties": {"id": 502537457, "name": "Gyros and Kebabs", "category": "fast_food", "tags": ["fast-food"], "sources": ["osm"]}, "geometry": {"type": "Point", "coordinates": [-122.2588466, 47.458025]}}, {"type": "Feature", "properties": {"id": "bebac97d-246c-426f-ad3c-8c863ea63391", "name": "Trapper's Sushi", "category": "restaurant", "tags": ["restaurant", "sushi", "asian", "japanese"], "sources": ["overture"], "website": "https://www.trapperssushi.com/tukwila", "phone": "+12067438770", "address": "468 Southcenter Mall"}, "geometry": {"type": "Point", "coordinates": [-122.2594681, 47.4576797]}}, {"type": "Feature", "properties": {"id": 1473282699, "name": "Marugame Udon", "category": "fast_food", "tags": ["fast-food", "noodles", "takeaway", "restaurant", "japanese", "asian"], "sources": ["osm", "overture"], "website": "http://marugameudon.olo.com/menu/marugame-tukwila?olonwp=Lij7MEMhykWQYWp4Jz8H6g", "phone": "+12064324228", "address": "965 Southcenter Mall", "hours": "Mo-Su 11:00-21:00"}, "geometry": {"type": "Point", "coordinates": [-122.2582065, 47.4595202]}}, {"type": "Feature", "properties": {"id": "5d1a794d-6316-40be-9fe2-5be3bda80bd9", "name": "Jersey Mike's", "category": "restaurant", "tags": ["restaurant", "sandwich", "fast-food"], "sources": ["overture"], "website": "https://www.jerseymikes.com/18018/tukwila-wa", "phone": "+12532365965", "address": "385 Strander Blvd."}, "geometry": {"type": "Point", "coordinates": [-122.2548676, 47.4553299]}}, {"type": "Feature", "properties": {"id": "aebcfb05-d96e-4aa1-8e88-39b8744dbee0", "name": "Chipotle Mexican Grill", "category": "restaurant", "tags": ["restaurant", "mexican", "fast-food", "taco"], "sources": ["overture"], "website": "http://www.chipotle.com", "phone": "+12066739972", "address": "2800 Southcenter Mall"}, "geometry": {"type": "Point", "coordinates": [-122.2577667, 47.4581413]}}, {"type": "Feature", "properties": {"id": "66d26164-690a-45b4-84d2-0405afc8ed12", "name": "Blue C Sushi", "category": "restaurant", "tags": ["restaurant", "sushi"], "sources": ["overture"], "website": "http://www.bluecsushi.com", "phone": "(206) 277-8744", "address": "468 Southcenter Mall"}, "geometry": {"type": "Point", "coordinates": [-122.2594299, 47.457634]}}, {"type": "Feature", "properties": {"id": "2227348e-da20-49ad-bf8c-ec1d6c2c7cc1", "name": "Steepologie Teas", "category": "cafe", "tags": ["cafe", "tea", "room"], "sources": ["overture"], "website": "steepologie.com", "address": "856 Southcenter Mall"}, "geometry": {"type": "Point", "coordinates": [-122.2578049, 47.4586487]}}, {"type": "Feature", "properties": {"id": "d6f626d8-aa76-4721-9506-fc9a25054061", "name": "Cafe Pho", "category": "restaurant", "tags": ["restaurant"], "sources": ["overture"], "address": "2600 Southcenter Mall Unit Fc8"}, "geometry": {"type": "Point", "coordinates": [-122.259201, 47.458313]}}, {"type": "Feature", "properties": {"id": "58501771-407d-4880-967a-42d6c79f1e10", "name": "Qdoba Mexican Grill", "category": "restaurant", "tags": ["restaurant", "mexican", "fast-food", "texmex"], "sources": ["overture"], "website": "https://locations.qdoba.com/us/wa/tukwila/100-andover-park-w", "phone": "+12062140313", "address": "100 Andover Park W Tukwila"}, "geometry": {"type": "Point", "coordinates": [-122.2530594, 47.459816]}}, {"type": "Feature", "properties": {"id": "cc2ad5ba-caf1-4417-bc3a-fbe66e8a256d", "name": "Popeyes Louisiana Kitchen", "category": "restaurant", "tags": ["restaurant", "chicken"], "sources": ["overture"], "website": "https://www.popeyes.com/store-locator/store/restaurant_242349?utm_source=yext&utm_medium=referral&utm_campaign=organic-local-listings", "phone": "4253645740", "address": "2800 Southcenter Mall, Fc8"}, "geometry": {"type": "Point", "coordinates": [-122.258522, 47.4575043]}}, {"type": "Feature", "properties": {"id": "b825ea08-15b4-4725-a27e-6dcfe0aa2d81", "name": "Fan Tang", "category": "restaurant", "tags": ["restaurant", "asian"], "sources": ["overture"], "website": "https://www.fantangcafe.com", "phone": "4256799593", "address": "360 Corporate Dr N"}, "geometry": {"type": "Point", "coordinates": [-122.2565384, 47.4512863]}}, {"type": "Feature", "properties": {"id": "93d0963c-4944-4d52-aa8a-d88927814365", "name": "Pastry Mitten", "category": "bakery", "tags": ["bakery"], "sources": ["overture"], "website": "https://pastrymitten.com", "address": "360 Corporate Dr N"}, "geometry": {"type": "Point", "coordinates": [-122.2565384, 47.4512863]}}, {"type": "Feature", "properties": {"id": "b4c2cd71-dc8f-4d4c-b218-2336984e1040", "name": "The Bee Keep", "category": "restaurant", "tags": ["restaurant"], "sources": ["overture"], "website": "https://thebeekeep.com/", "phone": "+19168220950", "address": "360 Corporate Dr N"}, "geometry": {"type": "Point", "coordinates": [-122.2565689, 47.4514084]}}, {"type": "Feature", "properties": {"id": "271a7ecf-29f3-4713-b14b-c55c4249d46a", "name": "Lola's", "category": "restaurant", "tags": ["restaurant", "filipino"], "sources": ["overture"], "website": "https://lolascuisine.co", "phone": "(206) 617-4833", "address": "360 Corporate Dr N"}, "geometry": {"type": "Point", "coordinates": [-122.2565002, 47.4513397]}}, {"type": "Feature", "properties": {"id": "fffc2135-167a-4f2e-bcf8-e18ae1f4e78e", "name": "Mom's Kitchen", "category": "restaurant", "tags": ["restaurant"], "sources": ["overture"], "website": "https://www.indianhomelyfood.com", "phone": "(206) 536-9745", "address": "360 Corporate Dr N"}, "geometry": {"type": "Point", "coordinates": [-122.2565002, 47.4513397]}}, {"type": "Feature", "properties": {"id": "2993f2f9-7467-4f9f-930f-8e3bdf1a6a8a", "name": "Northwest Landing Restaurant", "category": "pub", "tags": ["pub", "breakfast-and-brunch"], "sources": ["overture"], "website": "https://www.hilton.com/en/hotels/seaspdt-doubletree-suites-seattle-airport-southcenter/dining/?y_source=1_MTA1NTI4MzgyNi00ODMtbG9jYXRpb24ud2Vic2l0ZQ%3D%3D", "phone": "2065754736", "address": "16500 Southcenter Pkwy"}, "geometry": {"type": "Point", "coordinates": [-122.2599487, 47.4541779]}}, {"type": "Feature", "properties": {"id": "53aa1d31-376a-4277-ad93-b27f5011b54c", "name": "Kitanda Espresso & Acai", "category": "cafe", "tags": ["cafe", "coffee", "brazilian"], "sources": ["overture"], "website": "http://www.kitanda.com/", "phone": "+14258204381", "address": "2800 Southcenter Mall"}, "geometry": {"type": "Point", "coordinates": [-122.2597351, 47.4584312]}}, {"type": "Feature", "properties": {"id": "924f465d-ac41-4332-a1a3-93f57d7c4db8", "name": "Palace Korean Bbq", "category": "restaurant", "tags": ["restaurant", "korean"], "sources": ["overture"], "website": "https://palacebbq.com", "phone": "12062424875", "address": "2600 Southcenter Mall  Unit Fc6"}, "geometry": {"type": "Point", "coordinates": [-122.259201, 47.458313]}}, {"type": "Feature", "properties": {"id": "a16f19ba-a388-4aee-845c-a4d7f1984d6e", "name": "Charleys Cheesesteaks", "category": "restaurant", "tags": ["restaurant", "sandwich", "american"], "sources": ["overture"], "website": "https://order.charleys.com/menu/southcenter-mall/", "phone": "+12062430466", "address": "2600 Southcenter Mall FC9"}, "geometry": {"type": "Point", "coordinates": [-122.2588043, 47.4577637]}}, {"type": "Feature", "properties": {"id": "6f05076d-d648-44cd-a2c5-3d1707992b48", "name": "Donut Champ", "category": "restaurant", "tags": ["restaurant"], "sources": ["overture"], "website": "http://www.donutchamp.com/", "phone": "+14257776725", "address": "2800 Southcenter Mall"}, "geometry": {"type": "Point", "coordinates": [-122.2585068, 47.4582443]}}, {"type": "Feature", "properties": {"id": "f4dadd58-8153-4a27-aa4d-fc79927c6fd4", "name": "Homegrown Sustainable Sandwiches", "category": "restaurant", "tags": ["restaurant", "sandwich"], "sources": ["overture"], "phone": "18775679240", "address": "2800 Southcenter Mall"}, "geometry": {"type": "Point", "coordinates": [-122.2584915, 47.4585648]}}, {"type": "Feature", "properties": {"id": "8440f7c3-df1a-41d5-8266-5b5c6141c0a7", "name": "Mio Ro", "category": "restaurant", "tags": ["restaurant", "korean"], "sources": ["overture"], "website": "http://mio-ro.com", "phone": "(206) 243-8031", "address": "2800 Southcenter Mall"}, "geometry": {"type": "Point", "coordinates": [-122.258255, 47.4578171]}}, {"type": "Feature", "properties": {"id": "7b14891e-210c-4170-b39b-dcf686a9c999", "name": "Bayou Grill", "category": "restaurant", "tags": ["restaurant", "cajun-and-creole", "cajun", "creole"], "sources": ["overture"], "website": "https://www.westfield.com/southcenter/stores/all-stores/bayou-grill/43237", "phone": "(206) 248-6962"}, "geometry": {"type": "Point", "coordinates": [-122.2583008, 47.4577637]}}, {"type": "Feature", "properties": {"id": "de3ec1b4-0cd3-43bb-bc87-606da2778c44", "name": "Indi Bite", "category": "restaurant", "tags": ["restaurant", "indian"], "sources": ["overture"], "website": "http://www.indibite.com", "phone": "(206) 244-4634", "address": "2800 Southcenter Mall"}, "geometry": {"type": "Point", "coordinates": [-122.2582779, 47.4576607]}}, {"type": "Feature", "properties": {"id": "94168d8b-d30a-4f61-b981-ed3876ec5bfc", "name": "Chicken Now", "category": "restaurant", "tags": ["restaurant", "american"], "sources": ["overture"], "website": "http://www.chicken-now.com", "phone": "(206) 708-7069", "address": "Southcenter Mall"}, "geometry": {"type": "Point", "coordinates": [-122.2584686, 47.4577904]}}, {"type": "Feature", "properties": {"id": "b7359f88-21e1-4237-9899-e36a9801dbf7", "name": "JOEY Southcenter", "category": "restaurant", "tags": ["restaurant", "american", "bar-and-grill"], "sources": ["overture"], "website": "https://joeyrestaurants.com/location/joey-south-center", "phone": "+12068356397", "address": "758 Southcenter Mall"}, "geometry": {"type": "Point", "coordinates": [-122.2580338, 47.4576416]}}, {"type": "Feature", "properties": {"id": "b240c202-24a7-4b24-aa96-96b56e71775e", "name": "BJ's Restaurant & Brewhouse", "category": "restaurant", "tags": ["restaurant", "bar-and-grill", "bar", "grill", "american"], "sources": ["overture"], "website": "https://www.bjsrestaurants.com/locations/wa/southcenter-mall", "phone": "+12064397500", "address": "1159 Southcenter Mall"}, "geometry": {"type": "Point", "coordinates": [-122.2572937, 47.4578171]}}, {"type": "Feature", "properties": {"id": "eb6c89e2-6ced-450c-9292-cc95d27632bf", "name": "Moctezuma's Southcenter, Inc", "category": "restaurant", "tags": ["restaurant"], "sources": ["overture"], "address": "1150 Southcenter Mall"}, "geometry": {"type": "Point", "coordinates": [-122.2571564, 47.4577713]}}, {"type": "Feature", "properties": {"id": "2c4e5ea8-bfb5-439e-9a35-a30d607c2edc", "name": "Moctezuma's Mexican Restaurant & Tequila Bar", "category": "restaurant", "tags": ["restaurant", "mexican", "latin-american", "texmex"], "sources": ["overture"], "website": "http://www.moctezumas.com/", "phone": "+12065574757", "address": "1150 Southcenter Mall"}, "geometry": {"type": "Point", "coordinates": [-122.2569885, 47.4579849]}}, {"type": "Feature", "properties": {"id": "a5f9fc33-3e02-46a4-a206-3eadd0f0a70b", "name": "Racha Thai & Asian Kitchen", "category": "restaurant", "tags": ["restaurant", "asian", "fusion", "noodles", "thai"], "sources": ["overture"], "website": "http://rachathai.com/", "phone": "2067688883", "address": "1150 Southcenter Mall"}, "geometry": {"type": "Point", "coordinates": [-122.2568054, 47.4570961]}}, {"type": "Feature", "properties": {"id": "1da1eda7-6d0c-47e4-ba67-851aaaa90df7", "name": "Cha Cha Thai Restaurant", "category": "restaurant", "tags": ["restaurant"], "sources": ["overture"], "address": "375 Strander Blvd"}, "geometry": {"type": "Point", "coordinates": [-122.2547302, 47.4550438]}}, {"type": "Feature", "properties": {"id": "fb655bc1-7525-4606-ba20-ebd53d07fd50", "name": "Mizu Japanese Steak", "category": "restaurant", "tags": ["restaurant", "japanese"], "sources": ["overture"], "website": "http://www.mizusteakhouse.com/", "phone": "(206) 575-9109", "address": "339 Strander Blvd"}, "geometry": {"type": "Point", "coordinates": [-122.2563095, 47.4549103]}}, {"type": "Feature", "properties": {"id": "e0ae72f7-3fdc-4a1b-bcd7-99e24ad9075b", "name": "Corner Bakery Cafe", "category": "cafe", "tags": ["cafe"], "sources": ["overture"], "website": "https://www.cornerbakerycafe.com/", "phone": "+12066732955", "address": "393 Strander Blvd"}, "geometry": {"type": "Point", "coordinates": [-122.2548294, 47.4556084]}}, {"type": "Feature", "properties": {"id": "8e129a51-93b4-47db-abdb-9bc1c378f7ec", "name": "California Pizza Kitchen", "category": "restaurant", "tags": ["restaurant", "pizza", "italian"], "sources": ["overture"], "website": "http://www.cpk.com/", "phone": "+12062422112", "address": "150 Andover Park W"}, "geometry": {"type": "Point", "coordinates": [-122.2536926, 47.4585114]}}, {"type": "Feature", "properties": {"id": "774a849e-0241-419d-aca8-f7304c40f5f0", "name": "Odin Brewing Company", "category": "bar", "tags": ["bar", "brewery"], "sources": ["overture"], "address": "402 Baker Blvd"}, "geometry": {"type": "Point", "coordinates": [-122.2520905, 47.4585457]}}, {"type": "Feature", "properties": {"id": "6876a846-8c38-4566-bdc6-7576bb0d2852", "name": "Rendition", "category": "restaurant", "tags": ["restaurant", "american"], "sources": ["overture"], "website": "http://www.hotelinterurban.com/dining.php", "phone": "+12062787800", "address": "223 Andover Park E"}, "geometry": {"type": "Point", "coordinates": [-122.2503586, 47.4572487]}}, {"type": "Feature", "properties": {"id": "e9266425-18aa-46c4-b8eb-1a245a5dcb13", "name": "Le Chatel", "category": "bakery", "tags": ["bakery"], "sources": ["overture"], "website": "https://lechatel.net", "address": "504 Southcenter Mall"}, "geometry": {"type": "Point", "coordinates": [-122.2589035, 47.4589844]}}, {"type": "Feature", "properties": {"id": "ff7cd82d-814b-4172-bcd2-86d844bdc464", "name": "Coast Kitchen", "category": "restaurant", "tags": ["restaurant"], "sources": ["overture"], "website": "http://www.donutchamp.com", "phone": "(425) 777-6725", "address": "2800 Southcenter Mall"}, "geometry": {"type": "Point", "coordinates": [-122.2574615, 47.4592171]}}, {"type": "Feature", "properties": {"id": "3904b3f5-67e3-49eb-b50e-9872cc2d2e68", "name": "Valerio's Tropical Bakeshop", "category": "bakery", "tags": ["bakery"], "sources": ["overture"], "website": "http://www.valeriostropicalbakeshop.com", "phone": "+12062466166", "address": "1368 Southcenter Mall #100"}, "geometry": {"type": "Point", "coordinates": [-122.2557526, 47.4596252]}}, {"type": "Feature", "properties": {"id": "7c197076-c2aa-48de-ac0a-dd9f7c6eb442", "name": "Seafood City Supermarket", "category": "restaurant", "tags": ["restaurant", "seafood"], "sources": ["overture"], "website": "http://www.seafoodcity.com/store-locations/seattle/", "phone": "+12063164258", "address": "1368 Southcenter Mall #100"}, "geometry": {"type": "Point", "coordinates": [-122.255928, 47.4598579]}}, {"type": "Feature", "properties": {"id": "7975fcab-bcda-427b-b83a-dea0432a512d", "name": "Red Ribbon Bakeshop", "category": "bakery", "tags": ["bakery", "filipino"], "sources": ["overture"], "website": "https://locations.redribbonbakeshop.com/wa/tukwila/1372-southcenter-mall", "phone": "+12062436815", "address": "1372 Southcenter Mall"}, "geometry": {"type": "Point", "coordinates": [-122.2559509, 47.4595451]}}, {"type": "Feature", "properties": {"id": "ed8005b9-88e0-46b3-b60c-146ac22f5cb3", "name": "The Chas Group, Llc Dba The Ups Store5819", "category": "restaurant", "tags": ["restaurant"], "sources": ["overture"], "address": "100 Andover Park W Ste 150"}, "geometry": {"type": "Point", "coordinates": [-122.2533264, 47.4599991]}}, {"type": "Feature", "properties": {"id": "be71c146-6c5f-4c45-818a-dddd857272e7", "name": "Airmark Apartments", "category": "attraction", "tags": ["attraction", "landmark", "historical", "building"], "sources": ["overture"], "website": "http://www.airmarkapartments.com/?rcstdid=MTE%3D-aKFOxiSL8lQ%3D", "phone": "+12062222361", "address": "229 Andover Park E"}, "geometry": {"type": "Point", "coordinates": [-122.2505798, 47.4568863]}}, {"type": "Feature", "properties": {"id": "7c9dae7b-c858-41ef-b10b-285a17115da4", "name": "Roberto Galleries Llc", "category": "gallery", "tags": ["gallery", "art"], "sources": ["overture"], "address": "100 Andover Park W"}, "geometry": {"type": "Point", "coordinates": [-122.2533417, 47.4599915]}}, {"type": "Feature", "properties": {"id": 27368560, "name": "Tukwila Pond Park", "category": "park", "tags": ["park"], "sources": ["osm"]}, "geometry": {"type": "Point", "coordinates": [-122.2571656, 47.4534307]}}, {"type": "Feature", "properties": {"id": 654954869, "name": "Tukwila Pond Park", "category": "park", "tags": ["park"], "sources": ["osm"], "address": "299 Strander Blvd"}, "geometry": {"type": "Point", "coordinates": [-122.2595565, 47.4538134]}}, {"type": "Feature", "properties": {"id": "8dc69e00-c558-47bc-9bf1-615ff05e1fa8", "name": "Safari", "category": "playground", "tags": ["playground"], "sources": ["overture"], "website": "http://www.safariplayspace.com/", "phone": "+18887969992", "address": "2876 Southcenter Blvd"}, "geometry": {"type": "Point", "coordinates": [-122.2569275, 47.4584198]}}, {"type": "Feature", "properties": {"id": 11980138328, "name": "Courtyard", "category": "hotel", "tags": ["hotel"], "sources": ["osm"], "website": "https://www.marriott.com/seasc", "phone": "+1-206-575-2500", "address": "400 Andover Park West"}, "geometry": {"type": "Point", "coordinates": [-122.254348, 47.45417]}}, {"type": "Feature", "properties": {"id": 5432454122, "name": "Hotel Interurban", "category": "hotel", "tags": ["hotel"], "sources": ["osm", "overture"], "website": "http://www.hotelinterurban.com/", "phone": "+12062787800", "address": "223 Andover Park E"}, "geometry": {"type": "Point", "coordinates": [-122.250662, 47.4572709]}}, {"type": "Feature", "properties": {"id": "ea3ee158-92f2-4f44-a3d7-4ad15a165c46", "name": "Courtyard by Marriott Seattle Southcenter", "category": "hotel", "tags": ["hotel"], "sources": ["overture"], "website": "https://www.marriott.com/en-us/hotels/seasc-courtyard-seattle-southcenter/overview/?scid=d2406702-e8ea-4b45-bb9b-69cddaaef03d", "phone": "+12065752500", "address": "400 Andover Park W"}, "geometry": {"type": "Point", "coordinates": [-122.2535934, 47.4534454]}}, {"type": "Feature", "properties": {"id": 502330086, "name": "Aerie", "category": "clothes", "tags": ["clothes"], "sources": ["osm"]}, "geometry": {"type": "Point", "coordinates": [-122.2581471, 47.4592885]}}, {"type": "Feature", "properties": {"id": "a85af97b-5d09-47d4-8608-18a32f137f93", "name": "Aerie", "category": "clothes", "tags": ["clothes", "womens"], "sources": ["overture"], "website": "https://storelocations.ae.com/us/wa/seattle/2656-southcenter-mall.html", "phone": "+12068347726", "address": "690 Southcenter Mall"}, "geometry": {"type": "Point", "coordinates": [-122.2581177, 47.4583855]}}, {"type": "Feature", "properties": {"id": 502537470, "name": "Spencer's", "category": "gift", "tags": ["gift"], "sources": ["osm"]}, "geometry": {"type": "Point", "coordinates": [-122.2571948, 47.4585729]}}, {"type": "Feature", "properties": {"id": 502330016, "name": "Garage", "category": "clothes", "tags": ["clothes", "womens"], "sources": ["osm", "overture"], "website": "https://www.garageclothing.com/us", "phone": "+12062432104", "address": "2800 Southcenter Mall"}, "geometry": {"type": "Point", "coordinates": [-122.2583711, 47.4583959]}}, {"type": "Feature", "properties": {"id": 3605941567, "name": "Barnes & Noble", "category": "books", "tags": ["books"], "sources": ["osm", "overture"], "website": "http://store-locator.barnesandnoble.com/store/2607", "phone": "+12065753965", "address": "300 Andover Park W Ste 200", "hours": "Mo-Th 09:00-21:00; Fr-Sa 09:00-22:00; Su 09:00-20:00"}, "geometry": {"type": "Point", "coordinates": [-122.2522911, 47.4554101]}}, {"type": "Feature", "properties": {"id": 27368464, "name": "Target", "category": "department_store", "tags": ["department-store", "wifi"], "sources": ["osm"], "website": "https://www.target.com/sl/south-center/627", "phone": "+1-206-575-0682", "address": "301 Strander Boulevard", "hours": "Su-Th 07:00-23:00; Fr-Sa 07:00-00:00"}, "geometry": {"type": "Point", "coordinates": [-122.2588701, 47.4550551]}}, {"type": "Feature", "properties": {"id": 502329993, "name": "T-Mobile", "category": "mobile_phone", "tags": ["mobile-phone", "mobile"], "sources": ["osm", "overture"], "website": "http://www.t-mobile.com", "phone": "+12062445530", "address": "633 Southcenter Mall"}, "geometry": {"type": "Point", "coordinates": [-122.258157, 47.4578955]}}, {"type": "Feature", "properties": {"id": 502330099, "name": "T-Mobile", "category": "mobile_phone", "tags": ["mobile-phone", "wheelchair-accessible"], "sources": ["osm"]}, "geometry": {"type": "Point", "coordinates": [-122.2574711, 47.4588547]}}, {"type": "Feature", "properties": {"id": 502330010, "name": "AT&T", "category": "mobile_phone", "tags": ["mobile-phone", "mobile"], "sources": ["osm", "overture"], "website": "https://www.att.com/stores/washington/tukwila/80434?source=E-Fls10000000000X&wtExtndSource=website", "phone": "+12062420798", "address": "344 Southcenter Mall"}, "geometry": {"type": "Point", "coordinates": [-122.2595785, 47.457735]}}, {"type": "Feature", "properties": {"id": 502330138, "name": "AT&T", "category": "mobile_phone", "tags": ["mobile-phone"], "sources": ["osm"]}, "geometry": {"type": "Point", "coordinates": [-122.2574682, 47.4592575]}}, {"type": "Feature", "properties": {"id": 502330020, "name": "Sephora", "category": "cosmetics", "tags": ["cosmetics"], "sources": ["osm"]}, "geometry": {"type": "Point", "coordinates": [-122.2588679, 47.4583966]}}, {"type": "Feature", "properties": {"id": 4928334421, "name": "Metro by T-Mobile", "category": "mobile_phone", "tags": ["mobile-phone"], "sources": ["osm"], "website": "https://www.metrobyt-mobile.com/stores/bd/metro-by-t-mobile-tukwila-wa-10234424/"}, "geometry": {"type": "Point", "coordinates": [-122.258103, 47.4582238]}}, {"type": "Feature", "properties": {"id": 3605959719, "name": "Dollar Tree", "category": "variety_store", "tags": ["variety-store"], "sources": ["osm"], "website": "https://www.dollartree.com/locations/wa/tukwila/4423/", "address": "363 Strander Boulevard", "hours": "Mo-Su 09:00-21:00"}, "geometry": {"type": "Point", "coordinates": [-122.2551593, 47.4548476]}}, {"type": "Feature", "properties": {"id": "186464e9-d3ca-47bf-9085-e1b42bfe72ad", "name": "Dollar Tree", "category": "variety_store", "tags": ["variety-store", "discount"], "sources": ["overture"], "website": "https://locations.dollartree.com/wa/tukwila/363-strander-blvd", "phone": "+15099343872", "address": "363 Strander Blvd."}, "geometry": {"type": "Point", "coordinates": [-122.256546, 47.4548111]}}, {"type": "Feature", "properties": {"id": 4918158628, "name": "GolfTec", "category": "sports", "tags": ["sports"], "sources": ["osm"], "hours": "Mo,Fr 10:00-19:00; Tu-Th 08:00-20:00; Sa,Su 08:00-17:00"}, "geometry": {"type": "Point", "coordinates": [-122.251223, 47.4586192]}}, {"type": "Feature", "properties": {"id": 12712343809, "name": "Verizon", "category": "mobile_phone", "tags": ["mobile-phone", "wheelchair-accessible", "mobile"], "sources": ["osm", "overture"], "website": "victra.com", "phone": "14257287478", "address": "2800 Southcenter Mall  Spc 1240"}, "geometry": {"type": "Point", "coordinates": [-122.2575564, 47.4587772]}}, {"type": "Feature", "properties": {"id": 502330013, "name": "Dr. Martens", "category": "shoes", "tags": ["shoes"], "sources": ["osm"]}, "geometry": {"type": "Point", "coordinates": [-122.2578269, 47.4583845]}}, {"type": "Feature", "properties": {"id": 502330052, "name": "Pandora", "category": "jewelry", "tags": ["jewelry"], "sources": ["osm", "overture"], "website": "http://www.pandora.net/", "phone": "+12069294808", "address": "291 Southcenter Mall"}, "geometry": {"type": "Point", "coordinates": [-122.259375, 47.4589383]}}, {"type": "Feature", "properties": {"id": 502330014, "name": "Forever 21", "category": "clothes", "tags": ["clothes"], "sources": ["osm", "overture"], "website": "https://www.forever21.com/company/about.aspx", "phone": "12062880083", "address": "836 Southcenter Mall"}, "geometry": {"type": "Point", "coordinates": [-122.2579257, 47.4584469]}}, {"type": "Feature", "properties": {"id": 4928332711, "name": "Cricket Wireless", "category": "mobile_phone", "tags": ["mobile-phone"], "sources": ["osm"]}, "geometry": {"type": "Point", "coordinates": [-122.256543, 47.4590961]}}, {"type": "Feature", "properties": {"id": 4928332717, "name": "Cricket Wireless", "category": "mobile_phone", "tags": ["mobile-phone"], "sources": ["osm"]}, "geometry": {"type": "Point", "coordinates": [-122.256849, 47.4583435]}}, {"type": "Feature", "properties": {"id": 502330030, "name": "Levi's", "category": "clothes", "tags": ["clothes"], "sources": ["osm", "overture"], "website": "https://locations.levi.com/en-us/wa/tukwila/denim_tukwila_wa_645.html", "phone": "+12068588760", "address": "2800 Southcenter Mall #821"}, "geometry": {"type": "Point", "coordinates": [-122.257933, 47.4588478]}}, {"type": "Feature", "properties": {"id": 3605941570, "name": "Total Wine", "category": "alcohol", "tags": ["alcohol", "wifi"], "sources": ["osm"], "website": "https://www.totalwine.com/store-info/washington-tukwila-south-side/1402", "phone": "+1-206-575-6280", "address": "300 Andover Park West", "hours": "Mo-Su 09:00-22:00"}, "geometry": {"type": "Point", "coordinates": [-122.2529885, 47.4546919]}}, {"type": "Feature", "properties": {"id": 502330009, "name": "Urban Outfitters", "category": "clothes", "tags": ["clothes"], "sources": ["osm"]}, "geometry": {"type": "Point", "coordinates": [-122.2574667, 47.4584924]}}, {"type": "Feature", "properties": {"id": "00fc7423-a9d9-427a-878d-351dbdc1d282", "name": "Urban Outfitters", "category": "clothes", "tags": ["clothes"], "sources": ["overture"], "website": "https://www.urbanoutfitters.com/stores/tukwila", "phone": "+12065934916", "address": "2800 Southcenter Blvd #1006"}, "geometry": {"type": "Point", "coordinates": [-122.258728, 47.4587708]}}, {"type": "Feature", "properties": {"id": 502330015, "name": "Skechers", "category": "shoes", "tags": ["shoes"], "sources": ["osm"]}, "geometry": {"type": "Point", "coordinates": [-122.2582339, 47.4584372]}}, {"type": "Feature", "properties": {"id": 502330108, "name": "Carter's", "category": "clothes", "tags": ["clothes"], "sources": ["osm"]}, "geometry": {"type": "Point", "coordinates": [-122.2571446, 47.4585075]}}, {"type": "Feature", "properties": {"id": "8109ba8f-61a7-4304-a1f5-d02ca324d9d2", "name": "Carter's", "category": "clothes", "tags": ["clothes", "childrens"], "sources": ["overture"], "website": "https://locations.carters.com/wa/tukwila/carters-tukwila-wa-2", "phone": "2069440028", "address": "1046 Southcenter Mall"}, "geometry": {"type": "Point", "coordinates": [-122.2595062, 47.4585686]}}, {"type": "Feature", "properties": {"id": 502330006, "name": "Bath & Body Works", "category": "cosmetics", "tags": ["cosmetics"], "sources": ["osm"]}, "geometry": {"type": "Point", "coordinates": [-122.2592728, 47.4580371]}}, {"type": "Feature", "properties": {"id": "4bb2cdac-0b04-4c50-a0d2-23ac2f4f9359", "name": "Torrid", "category": "clothes", "tags": ["clothes"], "sources": ["overture"], "website": "https://www.torrid.com/store-details?StoreID=5065", "phone": "(206) 431-7796", "address": "821 Southcenter Mall, Space # 540"}, "geometry": {"type": "Point", "coordinates": [-122.2579498, 47.459034]}}, {"type": "Feature", "properties": {"id": 3605941565, "name": "REI", "category": "outdoor", "tags": ["outdoor", "wifi"], "sources": ["osm"], "website": "https://www.rei.com/stores/tukwila", "phone": "+1-206-248-1938", "address": "240 Andover Park West", "hours": "Mo-Sa 10:00-20:00;Su 10:00-18:00"}, "geometry": {"type": "Point", "coordinates": [-122.253507, 47.4564775]}}, {"type": "Feature", "properties": {"id": "7858a5a6-5162-4104-a95c-43540f445622", "name": "Boost Mobile", "category": "mobile_phone", "tags": ["mobile-phone", "mobile"], "sources": ["overture"], "website": "https://boxwireless.blogspot.in", "phone": "+12062461520", "address": "100 Andover Park W Ste 110"}, "geometry": {"type": "Point", "coordinates": [-122.2533264, 47.4599991]}}, {"type": "Feature", "properties": {"id": "8e65bcc8-e949-42a5-b771-c8b92c946a0a", "name": "Fred Meyer Jewelers", "category": "jewelry", "tags": ["jewelry"], "sources": ["overture"], "website": "http://www.fredmeyerjewelers.com/", "phone": "+12062446903", "address": "1390 Southcenter Mall"}, "geometry": {"type": "Point", "coordinates": [-122.2589722, 47.4591637]}}, {"type": "Feature", "properties": {"id": 4370516995, "name": "Michael's Mart", "category": "convenience", "tags": ["convenience"], "sources": ["osm"]}, "geometry": {"type": "Point", "coordinates": [-122.2504674, 47.4536431]}}, {"type": "Feature", "properties": {"id": 502330094, "name": "Fuego", "category": "gift", "tags": ["gift"], "sources": ["osm"]}, "geometry": {"type": "Point", "coordinates": [-122.2578207, 47.4592443]}}, {"type": "Feature", "properties": {"id": 502330119, "name": "Daiso Japan", "category": "variety_store", "tags": ["variety-store"], "sources": ["osm"]}, "geometry": {"type": "Point", "coordinates": [-122.2558468, 47.4593561]}}, {"type": "Feature", "properties": {"id": 502330142, "name": "Soma", "category": "clothes", "tags": ["clothes"], "sources": ["osm"]}, "geometry": {"type": "Point", "coordinates": [-122.2598843, 47.4592314]}}, {"type": "Feature", "properties": {"id": 502537477, "name": "Zumiez", "category": "clothes", "tags": ["clothes"], "sources": ["osm", "overture"], "website": "http://www.zumiez.com/", "phone": "+12062419170", "address": "100 Southcenter Blvd"}, "geometry": {"type": "Point", "coordinates": [-122.2584919, 47.4585112]}}, {"type": "Feature", "properties": {"id": 4918158632, "name": "Universal Phones & Electronics", "category": "electronics", "tags": ["electronics"], "sources": ["osm"], "hours": "Mo-Fr 11:00-20:00; Sa,Su 12:00-18:00"}, "geometry": {"type": "Point", "coordinates": [-122.2512349, 47.457888]}}, {"type": "Feature", "properties": {"id": 4928332716, "name": "Soho Fashion", "category": "clothes", "tags": ["clothes"], "sources": ["osm"]}, "geometry": {"type": "Point", "coordinates": [-122.2587065, 47.4591007]}}, {"type": "Feature", "properties": {"id": 502330018, "name": "Pink", "category": "clothes", "tags": ["clothes"], "sources": ["osm"]}, "geometry": {"type": "Point", "coordinates": [-122.2586568, 47.4583963]}}, {"type": "Feature", "properties": {"id": 502330032, "name": "Apple Store", "category": "electronics", "tags": ["electronics"], "sources": ["osm"], "website": "https://www.apple.com/retail/southcenter", "phone": "+1-206-288-4400", "hours": "Mo-Sa 10:00-21:00; Su 11:00-19:00"}, "geometry": {"type": "Point", "coordinates": [-122.2581498, 47.4588481]}}, {"type": "Feature", "properties": {"id": 502330113, "name": "Foot Locker", "category": "shoes", "tags": ["shoes", "shoe"], "sources": ["osm", "overture"], "website": "https://stores.footlocker.com/wa/tukwila/1051-southcenter-mall-7010.html", "phone": "+12062443383", "address": "1051 Southcenter Mall"}, "geometry": {"type": "Point", "coordinates": [-122.2570613, 47.4588459]}}, {"type": "Feature", "properties": {"id": 502330132, "name": "Champs Sports", "category": "sports", "tags": ["sports"], "sources": ["osm"], "website": "https://stores.champssports.com/wa/tukwila/1030-southcenter-mall-14498.html"}, "geometry": {"type": "Point", "coordinates": [-122.2572784, 47.4593698]}}, {"type": "Feature", "properties": {"id": 502330095, "name": "Hatstop", "category": "clothes", "tags": ["clothes"], "sources": ["osm"]}, "geometry": {"type": "Point", "coordinates": [-122.2578586, 47.4591665]}}, {"type": "Feature", "properties": {"id": 502330019, "name": "Swarovski", "category": "jewelry", "tags": ["jewelry"], "sources": ["osm", "overture"], "website": "http://swarovski.com/", "phone": "+12062424830", "address": "636 Southcenter Mall"}, "geometry": {"type": "Point", "coordinates": [-122.2587181, 47.4583201]}}, {"type": "Feature", "properties": {"id": 6624926541, "name": "One Stop Wireless", "category": "mobile_phone", "tags": ["mobile-phone"], "sources": ["osm"]}, "geometry": {"type": "Point", "coordinates": [-122.2569725, 47.4590999]}}, {"type": "Feature", "properties": {"id": 502329995, "name": "Lego", "category": "toys", "tags": ["toys"], "sources": ["osm"]}, "geometry": {"type": "Point", "coordinates": [-122.2580311, 47.4580706]}}, {"type": "Feature", "properties": {"id": 502330082, "name": "American Eagle Outfitters", "category": "clothes", "tags": ["clothes"], "sources": ["osm", "overture"], "website": "https://storelocations.ae.com/us/wa/seattle/610-southcenter-mall.html", "phone": "+12062422593", "address": "610 Southcenter Mall"}, "geometry": {"type": "Point", "coordinates": [-122.2586539, 47.4593237]}}, {"type": "Feature", "properties": {"id": 502537483, "name": "Journeys", "category": "shoes", "tags": ["shoes", "shoe"], "sources": ["osm", "overture"], "website": "http://www.journeys.com/", "phone": "+12062441161", "address": "2477 Southcenter Mall"}, "geometry": {"type": "Point", "coordinates": [-122.2589984, 47.4580356]}}, {"type": "Feature", "properties": {"id": 502330084, "name": "PacSun", "category": "clothes", "tags": ["clothes"], "sources": ["osm", "overture"], "website": "http://www.pacsun.com/", "phone": "+12062465525", "address": "650 Southcenter Mall"}, "geometry": {"type": "Point", "coordinates": [-122.2583989, 47.4593674]}}, {"type": "Feature", "properties": {"id": "718fe40d-ed30-4fba-a17f-769c7c478b65", "name": "PacSun", "category": "clothes", "tags": ["clothes"], "sources": ["overture"], "website": "https://www.pacsun.com/store/southcenter-mall-tukwila-wa-0530", "address": "650 SOUTHCENTER MALL"}, "geometry": {"type": "Point", "coordinates": [-122.2584534, 47.4577675]}}, {"type": "Feature", "properties": {"id": 12712316158, "name": "Pro Image Sports", "category": "sports", "tags": ["sports", "wheelchair-accessible"], "sources": ["osm"]}, "geometry": {"type": "Point", "coordinates": [-122.2577846, 47.4588715]}}, {"type": "Feature", "properties": {"id": 502330110, "name": "Hot Topic", "category": "clothes", "tags": ["clothes"], "sources": ["osm", "overture"], "website": "http://www.hottopic.com/", "phone": "+12062445021", "address": "1036 Southcenter Mall SPC 1220"}, "geometry": {"type": "Point", "coordinates": [-122.2572349, 47.4585024]}}, {"type": "Feature", "properties": {"id": 502330017, "name": "Build-A-Bear Workshop", "category": "toys", "tags": ["toys"], "sources": ["osm", "overture"], "website": "https://www.buildabear.com/locations?StoreID=330", "phone": "+12063939900", "address": "2800 Southcenter Mall"}, "geometry": {"type": "Point", "coordinates": [-122.2584645, 47.458396]}}, {"type": "Feature", "properties": {"id": 502330101, "name": "Lids", "category": "clothes", "tags": ["clothes", "wheelchair-accessible"], "sources": ["osm"]}, "geometry": {"type": "Point", "coordinates": [-122.2574716, 47.4587275]}}, {"type": "Feature", "properties": {"id": "ebde5159-ec41-460d-ba51-898fa3020c37", "name": "Lovisa", "category": "jewelry", "tags": ["jewelry"], "sources": ["overture"], "address": "2800 South Center Mall, South Center Mall"}, "geometry": {"type": "Point", "coordinates": [-122.2594528, 47.4576302]}}, {"type": "Feature", "properties": {"id": "4a1874a6-ef86-42d2-a5f4-64e19e25282d", "name": "Pop Mart", "category": "toys", "tags": ["toys"], "sources": ["overture"], "address": "2800 Southcenter Mall, Seattle, WA 98188"}, "geometry": {"type": "Point", "coordinates": [-122.2594528, 47.4576225]}}, {"type": "Feature", "properties": {"id": 502330002, "name": "Aldo", "category": "shoes", "tags": ["shoes", "wheelchair-accessible", "shoe"], "sources": ["osm", "overture"], "website": "https://www.aldoshoes.com/us/en_US?utm_source=Facebook&utm_medium=lpm&utm_campaign=Aldo", "phone": "+12062486478", "address": "2800 Southcenter Mall 657"}, "geometry": {"type": "Point", "coordinates": [-122.2587391, 47.4580109]}}, {"type": "Feature", "properties": {"id": "18a199f7-dc8f-43b2-8a9a-638ac3dae379", "name": "Helzberg Diamonds", "category": "jewelry", "tags": ["jewelry"], "sources": ["overture"], "website": "http://www.helzberg.com/store-locator/southcenter.do", "phone": "+12064440840", "address": "601 Southcenter Mall"}, "geometry": {"type": "Point", "coordinates": [-122.2591019, 47.45895]}}, {"type": "Feature", "properties": {"id": 502330114, "name": "Windsor", "category": "clothes", "tags": ["clothes"], "sources": ["osm"]}, "geometry": {"type": "Point", "coordinates": [-122.2568354, 47.4588455]}}, {"type": "Feature", "properties": {"id": "14a7a355-6daf-479c-a934-4ef5ae0142ed", "name": "Windsor", "category": "clothes", "tags": ["clothes", "womens"], "sources": ["overture"], "website": "https://www.windsorstore.com/pages/wa-seattle-seattle-westfield-southcenter", "phone": "+18884954957", "address": "2800 Southcenter Mall Space #408"}, "geometry": {"type": "Point", "coordinates": [-122.2584915, 47.4578552]}}, {"type": "Feature", "properties": {"id": 502330031, "name": "Vans", "category": "shoes", "tags": ["shoes", "clothes"], "sources": ["osm", "overture"], "website": "https://www.vans.com/?utm_source=yext&utm_medium=fb&utm_campaign=tukwila-wa-official-usa157", "phone": "+12062431546", "address": "811 Southcenter Mall Suite 544"}, "geometry": {"type": "Point", "coordinates": [-122.258029, 47.458848]}}, {"type": "Feature", "properties": {"id": 502330034, "name": "Abercrombie & Fitch", "category": "clothes", "tags": ["clothes"], "sources": ["osm"]}, "geometry": {"type": "Point", "coordinates": [-122.2584886, 47.4588143]}}, {"type": "Feature", "properties": {"id": 502330033, "name": "Buckle", "category": "clothes", "tags": ["clothes"], "sources": ["osm", "overture"], "website": "https://local.buckle.com/wa/tukwila/clothing-296.html", "phone": "+12062464603", "address": "681 Southcenter Mall"}, "geometry": {"type": "Point", "coordinates": [-122.258295, 47.458814]}}, {"type": "Feature", "properties": {"id": "a2860ce4-e039-4236-a065-31b00a7dd8e8", "name": "Escape Outdoors", "category": "clothes", "tags": ["clothes"], "sources": ["overture"], "website": "https://www.escapeoutdoors.com", "phone": "2062772731", "address": "817 Southcenter Mall"}, "geometry": {"type": "Point", "coordinates": [-122.2583008, 47.4584274]}}, {"type": "Feature", "properties": {"id": "308e66f1-ef45-4f57-a471-5933d56e83e4", "name": "LOFT", "category": "clothes", "tags": ["clothes", "womens"], "sources": ["overture"], "website": "http://www.loft.com", "phone": "(206) 241-5251", "address": "2800 Southcenter Mall"}, "geometry": {"type": "Point", "coordinates": [-122.2581482, 47.4589882]}}, {"type": "Feature", "properties": {"id": "9c681f8c-7c26-4d0b-b3d1-dc19dd617b3f", "name": "Finish Line", "category": "shoes", "tags": ["shoes", "shoe"], "sources": ["overture"], "website": "http://www.finishline.com", "phone": "(206) 431-5510", "address": "1425 Southcenter Mall 1425"}, "geometry": {"type": "Point", "coordinates": [-122.2546082, 47.4571686]}}, {"type": "Feature", "properties": {"id": "6f5bb8cd-61f9-4697-b747-57b49dab9b9b", "name": "Kids Foot Locker", "category": "shoes", "tags": ["shoes", "shoe"], "sources": ["overture"], "website": "https://stores.footlocker.com/wa/tukwila/1051-southcenter-mall-46582.html", "address": "1051 Southcenter Mall"}, "geometry": {"type": "Point", "coordinates": [-122.2570801, 47.458931]}}, {"type": "Feature", "properties": {"id": 12997764147, "name": "JR Furniture", "category": "furniture", "tags": ["furniture"], "sources": ["osm"], "address": "402 Strander Boulevard"}, "geometry": {"type": "Point", "coordinates": [-122.2511888, 47.4563622]}}, {"type": "Feature", "properties": {"id": 426936881, "name": "Macy's", "category": "department_store", "tags": ["department-store", "wheelchair-accessible"], "sources": ["osm"], "website": "https://www.macys.com/stores/wa/tukwila/westfield-southcenter_433.html", "hours": "Mo-Sa 10:00-21:00; Su 11:00-19:00"}, "geometry": {"type": "Point", "coordinates": [-122.2592045, 47.4595315]}}, {"type": "Feature", "properties": {"id": 426936880, "name": "JCPenney", "category": "department_store", "tags": ["department-store", "wheelchair-accessible", "department"], "sources": ["osm", "overture"], "website": "http://www.jcpenney.com/", "phone": "+12062460850", "address": "633 Southcenter Mall", "hours": "Mo-Th 11:00-21:00; Fr,Sa 10:00-21:00; Su 11:00-19:00"}, "geometry": {"type": "Point", "coordinates": [-122.2561109, 47.4585371]}}, {"type": "Feature", "properties": {"id": 311357867, "name": "Albert Lee", "category": "furniture", "tags": ["furniture"], "sources": ["osm"], "website": "https://www.albertleeappliance.com/", "address": "404 Strander Boulevard", "hours": "09:00-19:00"}, "geometry": {"type": "Point", "coordinates": [-122.2506097, 47.45644]}}, {"type": "Feature", "properties": {"id": 502329976, "name": "Cell-Tech", "category": "mobile_phone", "tags": ["mobile-phone", "mobile"], "sources": ["osm", "overture"], "phone": "+12065567525", "address": "1077 Southcenter Mall"}, "geometry": {"type": "Point", "coordinates": [-122.2566105, 47.4582399]}}, {"type": "Feature", "properties": {"id": 502329979, "name": "Basic Wear", "category": "clothes", "tags": ["clothes"], "sources": ["osm"]}, "geometry": {"type": "Point", "coordinates": [-122.2568647, 47.4581963]}}, {"type": "Feature", "properties": {"id": 502329983, "name": "H&M", "category": "clothes", "tags": ["clothes"], "sources": ["osm", "overture"], "website": "https://www2.hm.com/en_us/customer-service/shopping-at-hm/store-locator/usa/tukwila/westfield-southcenter/US0159.html?utm_source=overture_location&utm_medium=organic&utm_content=US0159&utm_campaign=pi_USQ00AAU0AA004", "phone": "+1-855-466-7467", "address": "867 Southcenter"}, "geometry": {"type": "Point", "coordinates": [-122.2575725, 47.4581121]}}, {"type": "Feature", "properties": {"id": 502329984, "name": "Shoe Palace", "category": "shoes", "tags": ["shoes"], "sources": ["osm"]}, "geometry": {"type": "Point", "coordinates": [-122.2573773, 47.4581247]}}, {"type": "Feature", "properties": {"id": "e753cc45-2919-45b3-88f7-be92378ae203", "name": "Shoe Palace", "category": "shoes", "tags": ["shoes", "shoe"], "sources": ["overture"], "phone": "2064960218", "address": "2800 SOUTHCENTER Mall Ste 1420"}, "geometry": {"type": "Point", "coordinates": [-122.2594528, 47.4576302]}}, {"type": "Feature", "properties": {"id": 502329987, "name": "Fast-Fix", "category": "jewelry", "tags": ["jewelry"], "sources": ["osm"]}, "geometry": {"type": "Point", "coordinates": [-122.2572431, 47.45813]}}, {"type": "Feature", "properties": {"id": 502329994, "name": "Hollister", "category": "clothes", "tags": ["clothes"], "sources": ["osm"]}, "geometry": {"type": "Point", "coordinates": [-122.2579304, 47.4580478]}}, {"type": "Feature", "properties": {"id": 502329997, "name": "Top to Bottom", "category": "clothes", "tags": ["clothes"], "sources": ["osm"]}, "geometry": {"type": "Point", "coordinates": [-122.2582516, 47.4580538]}}, {"type": "Feature", "properties": {"id": 502330128, "name": "Top to Bottom", "category": "clothes", "tags": ["clothes"], "sources": ["osm"]}, "geometry": {"type": "Point", "coordinates": [-122.2564816, 47.4592728]}}, {"type": "Feature", "properties": {"id": 502329998, "name": "MAC Cosmetics", "category": "cosmetics", "tags": ["cosmetics"], "sources": ["osm"]}, "geometry": {"type": "Point", "coordinates": [-122.2583728, 47.4580465]}}, {"type": "Feature", "properties": {"id": 502330001, "name": "Kay Jewelers", "category": "jewelry", "tags": ["jewelry"], "sources": ["osm", "overture"], "website": "https://www.kay.com/", "phone": "+12062465267", "address": "667 Southcenter Mall"}, "geometry": {"type": "Point", "coordinates": [-122.2586204, 47.4580048]}}, {"type": "Feature", "properties": {"id": 502330003, "name": "Morphe", "category": "cosmetics", "tags": ["cosmetics"], "sources": ["osm"]}, "geometry": {"type": "Point", "coordinates": [-122.2588681, 47.4580189]}}, {"type": "Feature", "properties": {"id": 502330004, "name": "Lucky Brand", "category": "clothes", "tags": ["clothes"], "sources": ["osm"]}, "geometry": {"type": "Point", "coordinates": [-122.2590023, 47.4580255]}}, {"type": "Feature", "properties": {"id": 502330028, "name": "Journeys Kidz", "category": "shoes", "tags": ["shoes", "wheelchair-accessible", "shoe"], "sources": ["osm", "overture"], "website": "https://www.journeys.com/store/kidz-westfield-southcenter-shopping-center", "phone": "+12062414670", "address": "2800 Southcenter Mall"}, "geometry": {"type": "Point", "coordinates": [-122.2577884, 47.4587941]}}, {"type": "Feature", "properties": {"id": 502330039, "name": "Charlotte Russe", "category": "clothes", "tags": ["clothes"], "sources": ["osm", "overture"], "website": "http://charlotterusse.com/", "phone": "+12062410898", "address": "2800 Southcenter Mall"}, "geometry": {"type": "Point", "coordinates": [-122.258735, 47.4588696]}}, {"type": "Feature", "properties": {"id": 502330049, "name": "Helzberg Jewelers", "category": "jewelry", "tags": ["jewelry"], "sources": ["osm"]}, "geometry": {"type": "Point", "coordinates": [-122.2590334, 47.4589412]}}, {"type": "Feature", "properties": {"id": 502330054, "name": "Michael Kors", "category": "clothes", "tags": ["clothes", "womens"], "sources": ["osm", "overture"], "website": "http://www.michaelkors.com/", "phone": "+12062140112", "address": "515 Southcenter Mall"}, "geometry": {"type": "Point", "coordinates": [-122.2594572, 47.4587583]}}, {"type": "Feature", "properties": {"id": 502330061, "name": "Leggings Park", "category": "clothes", "tags": ["clothes", "womens"], "sources": ["osm", "overture"], "website": "https://www.leggingspark.com", "address": "2800 Southcenter Mall Ste 1150"}, "geometry": {"type": "Point", "coordinates": [-122.2595139, 47.4584344]}}, {"type": "Feature", "properties": {"id": 502330083, "name": "Louisa", "category": "jewelry", "tags": ["jewelry"], "sources": ["osm"]}, "geometry": {"type": "Point", "coordinates": [-122.2585112, 47.4593234]}}, {"type": "Feature", "properties": {"id": 502330085, "name": "Eddie Bauer", "category": "clothes", "tags": ["clothes"], "sources": ["osm", "overture"], "website": "https://stores.eddiebauer.com/wa/seattle/670-southcenter-mall", "phone": "2062462569", "address": "670 Southcenter Mall"}, "geometry": {"type": "Point", "coordinates": [-122.2582635, 47.4593318]}}, {"type": "Feature", "properties": {"id": 502330091, "name": "BoxLunch", "category": "gift", "tags": ["gift"], "sources": ["osm"]}, "geometry": {"type": "Point", "coordinates": [-122.2579447, 47.4592471]}}, {"type": "Feature", "properties": {"id": 502330096, "name": "Perfume Obsession", "category": "cosmetics", "tags": ["cosmetics"], "sources": ["osm"]}, "geometry": {"type": "Point", "coordinates": [-122.257368, 47.4589846]}}, {"type": "Feature", "properties": {"id": 502330102, "name": "Pheona's Jewelers", "category": "jewelry", "tags": ["jewelry", "wheelchair-accessible"], "sources": ["osm", "overture"], "website": "http://pheonasjewelers.com/", "phone": "+12062462436", "address": "992 Southcenter Mall"}, "geometry": {"type": "Point", "coordinates": [-122.2574717, 47.4586817]}}, {"type": "Feature", "properties": {"id": 502330112, "name": "Shiekh", "category": "clothes", "tags": ["clothes"], "sources": ["osm"]}, "geometry": {"type": "Point", "coordinates": [-122.2572703, 47.4588498]}}, {"type": "Feature", "properties": {"id": 502330115, "name": "Custom Jewelers", "category": "jewelry", "tags": ["jewelry"], "sources": ["osm"]}, "geometry": {"type": "Point", "coordinates": [-122.2566523, 47.4588064]}}, {"type": "Feature", "properties": {"id": 502330116, "name": "Smart Fix", "category": "mobile_phone", "tags": ["mobile-phone"], "sources": ["osm"]}, "geometry": {"type": "Point", "coordinates": [-122.2566078, 47.459009]}}, {"type": "Feature", "properties": {"id": 502330125, "name": "Rolife", "category": "gift", "tags": ["gift", "wheelchair-accessible"], "sources": ["osm"]}, "geometry": {"type": "Point", "coordinates": [-122.2562612, 47.4592279]}}, {"type": "Feature", "properties": {"id": 502330136, "name": "Zales", "category": "jewelry", "tags": ["jewelry"], "sources": ["osm", "overture"], "website": "https://www.zales.com", "phone": "+12062466424", "address": "1000 Southcenter Mall"}, "geometry": {"type": "Point", "coordinates": [-122.2575499, 47.4592814]}}, {"type": "Feature", "properties": {"id": 502330139, "name": "JD Sports", "category": "sports", "tags": ["sports"], "sources": ["osm"]}, "geometry": {"type": "Point", "coordinates": [-122.2568605, 47.4593691]}}, {"type": "Feature", "properties": {"id": 502330140, "name": "Cascabel", "category": "clothes", "tags": ["clothes"], "sources": ["osm"]}, "geometry": {"type": "Point", "coordinates": [-122.2566387, 47.4593687]}}, {"type": "Feature", "properties": {"id": 502537466, "name": "Custom Creations", "category": "clothes", "tags": ["clothes", "wheelchair-accessible", "gift"], "sources": ["osm", "overture"], "phone": "+19293488474", "address": "2897 Southcenter Mall"}, "geometry": {"type": "Point", "coordinates": [-122.2566534, 47.4581973]}}, {"type": "Feature", "properties": {"id": 502537467, "name": "Body Jewelry Plus", "category": "jewelry", "tags": ["jewelry"], "sources": ["osm"]}, "geometry": {"type": "Point", "coordinates": [-122.2566551, 47.4585902]}}, {"type": "Feature", "properties": {"id": 502537471, "name": "Eddie's Jewelry", "category": "jewelry", "tags": ["jewelry"], "sources": ["osm"]}, "geometry": {"type": "Point", "coordinates": [-122.257315, 47.4584628]}}, {"type": "Feature", "properties": {"id": 502537474, "name": "Just Cozy", "category": "clothes", "tags": ["clothes", "wheelchair-accessible"], "sources": ["osm"]}, "geometry": {"type": "Point", "coordinates": [-122.2581059, 47.4585293]}}, {"type": "Feature", "properties": {"id": 502537475, "name": "Tillys", "category": "clothes", "tags": ["clothes"], "sources": ["osm", "overture"], "website": "https://www.tillys.com/store/?StoreID=0274&utm_source=Facebook&utm_medium=Local_Directory", "phone": "+12063378655", "address": "2656 Southcenter Mall"}, "geometry": {"type": "Point", "coordinates": [-122.2582977, 47.4585151]}}, {"type": "Feature", "properties": {"id": 502537479, "name": "Aeropostale", "category": "clothes", "tags": ["clothes"], "sources": ["osm", "overture"], "website": "https://www.aeropostale.com", "phone": "12062410434", "address": "2626 Southcenter Mall  # 2826"}, "geometry": {"type": "Point", "coordinates": [-122.2587721, 47.4585161]}}, {"type": "Feature", "properties": {"id": 502537481, "name": "Seattle Team Store", "category": "sports", "tags": ["sports"], "sources": ["osm"]}, "geometry": {"type": "Point", "coordinates": [-122.258956, 47.4585241]}}, {"type": "Feature", "properties": {"id": 705265236, "name": "Macy's Backstage", "category": "department_store", "tags": ["department-store"], "sources": ["osm"], "hours": "Mo-Sa 10:00-21:00; Su 11:00-19:00"}, "geometry": {"type": "Point", "coordinates": [-122.2592068, 47.4595315]}}, {"type": "Feature", "properties": {"id": 993403337, "name": "Puetz Golf Tukwila Superstore", "category": "sports", "tags": ["sports"], "sources": ["osm"], "address": "402 Strander Boulevard"}, "geometry": {"type": "Point", "coordinates": [-122.2516082, 47.4564598]}}, {"type": "Feature", "properties": {"id": 1188337802, "name": "Gilly Hicks", "category": "clothes", "tags": ["clothes"], "sources": ["osm"]}, "geometry": {"type": "Point", "coordinates": [-122.2577571, 47.4580589]}}, {"type": "Feature", "properties": {"id": "74eab7d9-0d0d-48a2-8890-ae3df2245479", "name": "Lovesac", "category": "furniture", "tags": ["furniture"], "sources": ["overture"], "website": "http://www.lovesac.com/", "phone": "+12532381250", "address": "827 Southcenter Mall"}, "geometry": {"type": "Point", "coordinates": [-122.2581482, 47.4581108]}}, {"type": "Feature", "properties": {"id": "3bf6821b-4915-4d2a-8fcd-ff1abbecdc80", "name": "Sherwin-Williams", "category": "doityourself", "tags": ["doityourself", "building", "supply"], "sources": ["overture"], "website": "https://www.sherwin-williams.com/store-locator/paint-store/tukwila/wa/722708", "phone": "+12064307888", "address": "300 Andover Park W"}, "geometry": {"type": "Point", "coordinates": [-122.2531815, 47.4545326]}}, {"type": "Feature", "properties": {"id": "b5ddfadb-20e9-4b2a-a0ce-7c46b425200a", "name": "Cricket Wireless Authorized Retailer", "category": "mobile_phone", "tags": ["mobile-phone", "mobile"], "sources": ["overture"], "website": "https://www.cricketwireless.com/", "phone": "+12065358919", "address": "2800 Southcenter Mall"}, "geometry": {"type": "Point", "coordinates": [-122.2566299, 47.4591141]}}, {"type": "Feature", "properties": {"id": "907bf8da-f0b5-4a97-ac47-802617bc24b0", "name": "Abercrombie Kids", "category": "clothes", "tags": ["clothes"], "sources": ["overture"], "website": "https://www.abercrombie.com/shop/us/clothing-stores/US/Seattle/WA/21620?cmp=Yext%7CNaturalSearch%7CLocal%7CFacebook%7C21620", "phone": "+12064392355", "address": "661 Southcenter Mall"}, "geometry": {"type": "Point", "coordinates": [-122.2585068, 47.4586868]}}, {"type": "Feature", "properties": {"id": "d4c75045-5833-422e-995a-da0fc7c4cff0", "name": "Pandora Jewelry", "category": "jewelry", "tags": ["jewelry"], "sources": ["overture"], "website": "https://stores.pandora.net/wa/tukwila/pandora-jewelry-usd3ed52c8.html", "phone": "2069294808", "address": "291 Southcenter Mall"}, "geometry": {"type": "Point", "coordinates": [-122.2593842, 47.4589462]}}, {"type": "Feature", "properties": {"id": "f5639aa8-991d-4668-a0be-d63292aa4494", "name": "Clarks", "category": "shoes", "tags": ["shoes", "shoe"], "sources": ["overture"], "website": "http://www.clarksusa.com/", "phone": "2062442040", "address": "466 Southcenter Westfield Southcenter"}, "geometry": {"type": "Point", "coordinates": [-122.2594452, 47.4575233]}}, {"type": "Feature", "properties": {"id": "fbeb2b29-bbb8-4193-82a9-5ce004f1ff6e", "name": "Aerosoles", "category": "shoes", "tags": ["shoes", "shoe"], "sources": ["overture"], "website": "http://aerosoles.com/", "phone": "2062414785", "address": "690 Southcenter Mall 224"}, "geometry": {"type": "Point", "coordinates": [-122.2582779, 47.4596405]}}, {"type": "Feature", "properties": {"id": "4429f416-9b88-4080-889d-2f637c075aa2", "name": "Jos. A. Bank", "category": "clothes", "tags": ["clothes", "mens"], "sources": ["overture"], "phone": "2065757838", "address": "321 Strander Blvd"}, "geometry": {"type": "Point", "coordinates": [-122.2567444, 47.4558372]}}, {"type": "Feature", "properties": {"id": "ab308004-89ed-49f0-a212-70067b7b8a63", "name": "Sprint Store", "category": "mobile_phone", "tags": ["mobile-phone", "mobile"], "sources": ["overture"], "phone": "2062461520", "address": "100 Andover Park W 110"}, "geometry": {"type": "Point", "coordinates": [-122.254303, 47.4597816]}}, {"type": "Feature", "properties": {"id": "53b8df22-40c4-451a-b1a7-f0f0424000a1", "name": "Things Remembered", "category": "gift", "tags": ["gift"], "sources": ["overture"], "website": "http://locations.thingsremembered.com/tukwila-wa-98188", "phone": "2062463521", "address": "1011 Southcenter Mall"}, "geometry": {"type": "Point", "coordinates": [-122.2586136, 47.4575119]}}, {"type": "Feature", "properties": {"id": "4af48ba8-2242-41cf-b343-76349c38d615", "name": "Total Wine & More", "category": "alcohol", "tags": ["alcohol"], "sources": ["overture"], "website": "https://www.totalwine.com/store-info/washington-tukwila/1402?cid=referral%3Awebsite_link%3A%3Amomentfeed%3A1402_tukwila_store_details_page%3A", "phone": "+12065756280", "address": "300 Andover Park W Ste 500"}, "geometry": {"type": "Point", "coordinates": [-122.253067, 47.4546204]}}, {"type": "Feature", "properties": {"id": "bf527003-b44d-44d2-aee8-2c2b8d1f06b7", "name": "Amy's Hallmark Shop", "category": "gift", "tags": ["gift"], "sources": ["overture"], "website": "https://stores.hallmark.com/wa/tukwila/amys-hallmark-shop-tukwila-wa-027880.html", "phone": "2062428046", "address": "2867 Southcenter Mall Ste 2220"}, "geometry": {"type": "Point", "coordinates": [-122.255127, 47.4580841]}}, {"type": "Feature", "properties": {"id": "901d8327-fb98-40e0-b6fd-dc51a67fafc1", "name": "Hollister Co.", "category": "clothes", "tags": ["clothes"], "sources": ["overture"], "website": "https://www.hollisterco.com/shop/us/clothing-stores/US/A/WA/30603?cmp=Yext%7CNaturalSearch%7CLocal%7CFacebook%7C30603", "phone": "+12063162003", "address": "857 Southcenter Mall"}, "geometry": {"type": "Point", "coordinates": [-122.2596588, 47.4580269]}}, {"type": "Feature", "properties": {"id": "1d42d728-6c0e-40c8-b483-f526df99715b", "name": "Banter by Piercing Pagoda", "category": "jewelry", "tags": ["jewelry"], "sources": ["overture"], "website": "https://www.banter.com", "phone": "+12064337478", "address": "2800 Southcenter Mall"}, "geometry": {"type": "Point", "coordinates": [-122.2594528, 47.4576225]}}, {"type": "Feature", "properties": {"id": "0c53ccca-5488-4b11-a201-d6975be85170", "name": "Greenwise Dispensary Line", "category": "cannabis", "tags": ["cannabis"], "sources": ["overture"], "website": "http://greenwisedispensaryline.com", "phone": "(530) 324-5086"}, "geometry": {"type": "Point", "coordinates": [-122.2594528, 47.4576225]}}, {"type": "Feature", "properties": {"id": "53ef4408-ed54-4d5f-bd64-f5cf2a23d8f6", "name": "Grow House Dispensary", "category": "cannabis", "tags": ["cannabis"], "sources": ["overture"], "website": "http://growhousedispensaryline.com", "phone": "(530) 324-5086", "address": "2800 Southcenter Mall,"}, "geometry": {"type": "Point", "coordinates": [-122.2594528, 47.4576225]}}, {"type": "Feature", "properties": {"id": "f3173117-3482-466f-9c0f-dc029f44f2da", "name": "WestCoast Boutique Southcenter MALL", "category": "clothes", "tags": ["clothes"], "sources": ["overture"], "phone": "+12063639966", "address": "616 Southcenter Mall"}, "geometry": {"type": "Point", "coordinates": [-122.2588501, 47.4582787]}}, {"type": "Feature", "properties": {"id": "66560872-62f7-4161-8082-ac377e71184c", "name": "Alley Kat", "category": "clothes", "tags": ["clothes", "womens"], "sources": ["overture"], "website": "http://alleykatfashion.com", "phone": "(206) 246-0413", "address": "Southcenter Mall"}, "geometry": {"type": "Point", "coordinates": [-122.2588577, 47.4584198]}}, {"type": "Feature", "properties": {"id": "905cc2b4-9e62-4db4-aff2-b60d3eadf25f", "name": "Universal Phones", "category": "mobile_phone", "tags": ["mobile-phone", "mobile"], "sources": ["overture"], "website": "http://www.universal-phones.com", "phone": "+12064768832", "address": "2800 Southcenter Mall Ste 1072"}, "geometry": {"type": "Point", "coordinates": [-122.2584915, 47.4585648]}}, {"type": "Feature", "properties": {"id": "5e65f515-abe0-4548-a133-e9cb1b76c76e", "name": "Universal Phones", "category": "mobile_phone", "tags": ["mobile-phone", "mobile"], "sources": ["overture"], "website": "http://www.universal-phones.com/", "phone": "+12064768832", "address": "407 Baker Blvd"}, "geometry": {"type": "Point", "coordinates": [-122.2512131, 47.4579506]}}, {"type": "Feature", "properties": {"id": "2579f787-c05c-439c-9308-15059ab68f3d", "name": "Kiki Corona", "category": "clothes", "tags": ["clothes"], "sources": ["overture"], "phone": "12065562618", "address": "2800 Southcenter Mall"}, "geometry": {"type": "Point", "coordinates": [-122.2584915, 47.4585648]}}, {"type": "Feature", "properties": {"id": "ebe25af1-233c-48d3-a0a9-9223a7b9b958", "name": "Q E  Home", "category": "department_store", "tags": ["department-store", "department"], "sources": ["overture"], "website": "http://www.qehomelinens.com", "phone": "+12062584422", "address": "2800 Southcenter Mall"}, "geometry": {"type": "Point", "coordinates": [-122.2584915, 47.4585648]}}, {"type": "Feature", "properties": {"id": "477aeae5-9226-484c-868f-ad7244be3aba", "name": "T&j Nam Inc", "category": "supermarket", "tags": ["supermarket"], "sources": ["overture"], "address": "2800 Southcenter Mall # 9240"}, "geometry": {"type": "Point", "coordinates": [-122.2584915, 47.4585648]}}, {"type": "Feature", "properties": {"id": "e2180040-a411-4c30-b585-12a2325556a2", "name": "Downeast Basics", "category": "clothes", "tags": ["clothes", "womens"], "sources": ["overture"], "phone": "+12062461332", "address": "2800 Southcenter Mall Unit 316"}, "geometry": {"type": "Point", "coordinates": [-122.2584915, 47.4585648]}}, {"type": "Feature", "properties": {"id": "47d18c72-01b8-458c-aadd-5f4b841b5fb4", "name": "Papaya Clothing", "category": "clothes", "tags": ["clothes", "womens"], "sources": ["overture"], "website": "https://cornerstoneworkwear.com", "phone": "+12062438567", "address": "2800 Southcenter Mall Ste 328"}, "geometry": {"type": "Point", "coordinates": [-122.2584915, 47.4585648]}}, {"type": "Feature", "properties": {"id": "fa3bbdb9-5b87-4772-8803-de9c35eb9e21", "name": "Maui Silver", "category": "jewelry", "tags": ["jewelry"], "sources": ["overture"], "phone": "+12062464055", "address": "2800 Southcenter Mall Ofc"}, "geometry": {"type": "Point", "coordinates": [-122.2584915, 47.4585648]}}, {"type": "Feature", "properties": {"id": "6f53b316-acb4-4a76-bf16-670f2ab1a85a", "name": "Crocs", "category": "shoes", "tags": ["shoes", "shoe"], "sources": ["overture"], "website": "https://www.crocs.com", "address": "2800 Southcenter Mall Ofc"}, "geometry": {"type": "Point", "coordinates": [-122.2584915, 47.4585648]}}, {"type": "Feature", "properties": {"id": "6c7698b4-6e6d-4952-b5cc-03b85a93750a", "name": "Qwest Solutions Center", "category": "mobile_phone", "tags": ["mobile-phone", "mobile"], "sources": ["overture"], "phone": "+12062468225", "address": "2800 Southcenter Mall Ofc"}, "geometry": {"type": "Point", "coordinates": [-122.2584915, 47.4585648]}}, {"type": "Feature", "properties": {"id": "5f4cae29-3eb5-41bf-a2d5-a77476b95c37", "name": "Pink By Victoria's Secret", "category": "clothes", "tags": ["clothes"], "sources": ["overture"], "website": "https://www.victoriassecret.com", "phone": "12062460903", "address": "646 Southcenter Mall  # 1125"}, "geometry": {"type": "Point", "coordinates": [-122.2584457, 47.4586296]}}, {"type": "Feature", "properties": {"id": "bf259e4c-8537-42d8-a517-8f30a62bed58", "name": "Top To Bottom Tukwila | Tukwila WA", "category": "clothes", "tags": ["clothes", "mens"], "sources": ["overture"], "phone": "+12065356079", "address": "817 SouthCenter Mall"}, "geometry": {"type": "Point", "coordinates": [-122.2583008, 47.458046]}}, {"type": "Feature", "properties": {"id": "a06eb2ec-5f4d-4c60-a1e6-7431009748b4", "name": "Dr. Martens Southcenter Mall", "category": "shoes", "tags": ["shoes", "shoe"], "sources": ["overture"], "website": "https://www.drmartens.com/us/en/", "phone": "2538933542", "address": "846 Southcenter Mall"}, "geometry": {"type": "Point", "coordinates": [-122.2586136, 47.4575119]}}, {"type": "Feature", "properties": {"id": "cf1434c9-aaf4-402f-adf7-0e9ac59e24c3", "name": "Disney Store", "category": "gift", "tags": ["gift"], "sources": ["overture"], "website": "https://stores.shopdisney.com/wa/tukwila/357/", "phone": "2062419887", "address": "536 Southcenter Mall"}, "geometry": {"type": "Point", "coordinates": [-122.2584534, 47.456913]}}, {"type": "Feature", "properties": {"id": "2a6ce281-23d8-492a-ac4f-01d1b4d3a212", "name": "Skechers Retail", "category": "shoes", "tags": ["shoes", "shoe"], "sources": ["overture"], "website": "https://www.skechers.com", "phone": "+12062462459", "address": "816 Southcenter Mall Ste 1140"}, "geometry": {"type": "Point", "coordinates": [-122.2581863, 47.4586258]}}, {"type": "Feature", "properties": {"id": "d5340ad6-c62c-42df-9c0d-19827b40c6da", "name": "The LEGO Store Southcenter", "category": "toys", "tags": ["toys"], "sources": ["overture"], "website": "http://stores.lego.com/en-us/stores/us/westfield-southcenter?utm_source=Facebook&utm_medium=Yext&y_source=1_MTY2ODY4ODItNTU5LWxvY2F0aW9uLndlYnNpdGU%3D", "phone": "+14254416929", "address": "633 Southcenter Mall"}, "geometry": {"type": "Point", "coordinates": [-122.2579498, 47.4580727]}}, {"type": "Feature", "properties": {"id": "95e2799b-c11b-42f7-a8dd-942412016c26", "name": "Love Culture", "category": "clothes", "tags": ["clothes", "womens"], "sources": ["overture"], "website": "http://www.loveculture.com", "phone": "(206) 242-9955", "address": "245 Tukwila Pkwy"}, "geometry": {"type": "Point", "coordinates": [-122.2576828, 47.4584427]}}, {"type": "Feature", "properties": {"id": "0945cece-e062-4f00-b500-a8184f4d839e", "name": "Claire's", "category": "clothes", "tags": ["clothes"], "sources": ["overture"], "website": "https://www.claires.com/us/", "phone": "+12062430845", "address": "2836 Southcenter Mall"}, "geometry": {"type": "Point", "coordinates": [-122.2574539, 47.458416]}}, {"type": "Feature", "properties": {"id": "938c8d9a-5b88-4ca7-b58f-4ef04784f743", "name": "The Shoe Closet", "category": "clothes", "tags": ["clothes"], "sources": ["overture"], "website": "http://www.shoptheshoecloset.com", "phone": "12064765047", "address": "1159 Southcenter Mall"}, "geometry": {"type": "Point", "coordinates": [-122.2576065, 47.4577065]}}, {"type": "Feature", "properties": {"id": "b065f9f4-9830-4ad5-b665-2dd460222a80", "name": "Sanrio", "category": "gift", "tags": ["gift"], "sources": ["overture"], "website": "http://www.sanrio.com", "phone": "(206) 246-4643", "address": "1067 Southcenter Mall"}, "geometry": {"type": "Point", "coordinates": [-122.256958, 47.4580383]}}, {"type": "Feature", "properties": {"id": "d31d7ecc-0bac-49e4-9bfc-4f8e4de09f28", "name": "The Children's Place", "category": "clothes", "tags": ["clothes", "childrens"], "sources": ["overture"], "website": "https://www.childrensplace.com/us/store/southcenter-tukwila-WA-111322", "phone": "2536969696", "address": "1081 Southcenter Mall"}, "geometry": {"type": "Point", "coordinates": [-122.2567062, 47.4578629]}}, {"type": "Feature", "properties": {"id": "e07599c6-1e65-46a6-9eff-942355d59ffc", "name": "Bed Bath & Beyond", "category": "department_store", "tags": ["department-store", "department"], "sources": ["overture"], "website": "https://www.bedbathandbeyond.com", "phone": "12062412226", "address": "400 Strander Blvd"}, "geometry": {"type": "Point", "coordinates": [-122.2526093, 47.4562531]}}, {"type": "Feature", "properties": {"id": "587a4b41-6477-4fb6-967e-061e5325f98e", "name": "JR Furniture Tukwila", "category": "furniture", "tags": ["furniture"], "sources": ["overture"], "website": "https://jrfurnitureus.com/", "phone": "+12065751451", "address": "402 Strander Blvd suite b"}, "geometry": {"type": "Point", "coordinates": [-122.2511826, 47.4563828]}}, {"type": "Feature", "properties": {"id": "c1494d6d-4395-49cb-91b9-2e92c43bc000", "name": "Michael's Deli Mart", "category": "deli", "tags": ["deli", "delicatessen"], "sources": ["overture"], "website": "http://www.michaelsdeli.com", "phone": "(206) 575-2921", "address": "345 Andover Park E"}, "geometry": {"type": "Point", "coordinates": [-122.2507553, 47.4534264]}}, {"type": "Feature", "properties": {"id": "c3e8ec78-c101-4c27-8a6e-8d46274819d6", "name": "Darwin's Natural Pet Products", "category": "pet", "tags": ["pet"], "sources": ["overture"], "website": "https://www.darwinspet.com/", "phone": "8777386325", "address": "350 Treck Dr"}, "geometry": {"type": "Point", "coordinates": [-122.2516174, 47.4542313]}}, {"type": "Feature", "properties": {"id": "214adf6b-050d-4668-838b-b684db2bb5d5", "name": "Furniture Factory Direct", "category": "furniture", "tags": ["furniture"], "sources": ["overture"], "website": "http://www.furniturefd.com", "phone": "(206) 241-9277", "address": "402 Strander Blvd #200"}, "geometry": {"type": "Point", "coordinates": [-122.2511292, 47.4564438]}}, {"type": "Feature", "properties": {"id": "c05fbd57-fc93-4eb3-ad3f-4ce9fa1021d5", "name": "Urbanity Clothing Store", "category": "clothes", "tags": ["clothes"], "sources": ["overture"], "website": "http://www.urbanityshop.com/", "phone": "+12064201112", "address": "2800 Southcenter Mall Spc 1011"}, "geometry": {"type": "Point", "coordinates": [-122.2579651, 47.4588814]}}, {"type": "Feature", "properties": {"id": "eac843c7-33e5-447a-a347-b4bdc2cebf8b", "name": "Go! Calendars, Toys and Games", "category": "toys", "tags": ["toys"], "sources": ["overture"], "website": "http://www.calendarholdings.com/", "phone": "+12062420830", "address": "536 Southcenter Mall Spc 592"}, "geometry": {"type": "Point", "coordinates": [-122.2581329, 47.4591446]}}, {"type": "Feature", "properties": {"id": "b6c772aa-69c6-4cb5-8c00-f01fa79082b1", "name": "Weisfield Jewelers", "category": "jewelry", "tags": ["jewelry"], "sources": ["overture"], "website": "http://www.weisfieldjewelers.com/", "phone": "2062447440", "address": "291 Southcenter Mall Westfield Southcenter"}, "geometry": {"type": "Point", "coordinates": [-122.2573776, 47.4596138]}}, {"type": "Feature", "properties": {"id": "573c02a6-dd6b-42c7-a973-f04c3a524109", "name": "Cellaxs", "category": "mobile_phone", "tags": ["mobile-phone", "mobile"], "sources": ["overture"], "website": "https://cellaxs.com/", "phone": "+12065310733", "address": "2800 Southcenter Mall"}, "geometry": {"type": "Point", "coordinates": [-122.2577057, 47.4592438]}}, {"type": "Feature", "properties": {"id": "56720283-b0f6-4ac7-a235-c73cb4f34ada", "name": "Mind Games", "category": "toys", "tags": ["toys"], "sources": ["overture"], "website": "https://www.mindgamesandtoys.com", "phone": "(206) 241-6463", "address": "250 Southcenter Mall"}, "geometry": {"type": "Point", "coordinates": [-122.2575912, 47.4589233]}}, {"type": "Feature", "properties": {"id": "21f5ec4a-d5fb-4fcc-9cef-932014c84342", "name": "AK Custom Jewelers", "category": "jewelry", "tags": ["jewelry"], "sources": ["overture"], "website": "http://www.akcustomjewelers.com/", "phone": "+12064202045", "address": "1081 Southcenter Mall"}, "geometry": {"type": "Point", "coordinates": [-122.2573853, 47.4588127]}}, {"type": "Feature", "properties": {"id": "af9bde10-f308-4a16-a767-6d58573ea714", "name": "Shiekh Shoes", "category": "shoes", "tags": ["shoes", "shoe"], "sources": ["overture"], "website": "http://www.shiekhshoes.com", "phone": "+12062421130", "address": "1031 Southcenter Mall"}, "geometry": {"type": "Point", "coordinates": [-122.2572861, 47.45895]}}, {"type": "Feature", "properties": {"id": "8d023d4f-3394-459d-9517-2c06090fcd7b", "name": "Eddie's Jewelry Service", "category": "jewelry", "tags": ["jewelry"], "sources": ["overture"], "website": "https://www.eddiesjewelry.com/", "phone": "+12538808090", "address": "2800 Southcenter Mall"}, "geometry": {"type": "Point", "coordinates": [-122.2567978, 47.4590912]}}, {"type": "Feature", "properties": {"id": "37d7d0e9-a48d-4591-a93d-450aa3558150", "name": "Runway Collection", "category": "clothes", "tags": ["clothes", "mens"], "sources": ["overture"], "phone": "+12062440488", "address": "1081 Southcenter Mall"}, "geometry": {"type": "Point", "coordinates": [-122.2567978, 47.4589577]}}, {"type": "Feature", "properties": {"id": "90148dbf-1fa3-44e5-b1e4-26f20b19920c", "name": "Gymboree", "category": "clothes", "tags": ["clothes", "childrens"], "sources": ["overture"], "website": "http://www.gymboree.com", "phone": "(206) 246-8997", "address": "1056 South Center Mall"}, "geometry": {"type": "Point", "coordinates": [-122.257019, 47.4587555]}}, {"type": "Feature", "properties": {"id": "6085cfd2-b5d3-4a44-b9af-6249172d2af1", "name": "Food City", "category": "supermarket", "tags": ["supermarket"], "sources": ["overture"], "website": "http://www.foodcity.com/", "phone": "+12062410555", "address": "1368 Southcenter Mall"}, "geometry": {"type": "Point", "coordinates": [-122.2562332, 47.4594421]}}, {"type": "Feature", "properties": {"id": "5c0ea98f-b4c9-4fab-93ff-a0df1fe2462c", "name": "Daiso - Japanese Household Goods", "category": "variety_store", "tags": ["variety-store", "discount"], "sources": ["overture"], "website": "http://www.daisojapan.com/", "phone": "+12062431019", "address": "2800 Southcenter Mall #1378"}, "geometry": {"type": "Point", "coordinates": [-122.2558746, 47.459343]}}, {"type": "Feature", "properties": {"id": "b2f8bf45-1064-4bd0-baf4-96be274a0e06", "name": "Cvs Pharmacy", "category": "pharmacy", "tags": ["pharmacy"], "sources": ["overture"], "website": "https://www.cvs.com", "phone": "12063942100", "address": "301 Strander Blvd"}, "geometry": {"type": "Point", "coordinates": [-122.2589417, 47.4551735]}}, {"type": "Feature", "properties": {"id": 293205533, "name": "Proliance Bone & Joint Urgent Care", "category": "clinic", "tags": ["clinic"], "sources": ["osm"], "address": "150 Andover Park West", "hours": "Sa-Mo 10:00-19:00; Tu-Fr 12:00-19:00"}, "geometry": {"type": "Point", "coordinates": [-122.2537941, 47.4586374]}}, {"type": "Feature", "properties": {"id": "193a6ccb-5b83-4fdb-a4c4-4f9d25341023", "name": "Metro Infusion Center", "category": "clinic", "tags": ["clinic", "medical"], "sources": ["overture"], "website": "https://metroinfusioncenter.com/", "phone": "+18774483627", "address": "411 Strander Blvd Suite 201"}, "geometry": {"type": "Point", "coordinates": [-122.2510834, 47.4553986]}}, {"type": "Feature", "properties": {"id": "1e5e7414-6e09-4598-888a-9525c0ac38a3", "name": "Medical Centers Co", "category": "clinic", "tags": ["clinic", "medical"], "sources": ["overture"], "phone": "12065759397", "address": "411 Strander Blvd"}, "geometry": {"type": "Point", "coordinates": [-122.2508698, 47.4553146]}}, {"type": "Feature", "properties": {"id": "0670d6bf-8918-43b2-9c39-f91f9f17359c", "name": "Southcenter Professional Plaza", "category": "clinic", "tags": ["clinic", "medical"], "sources": ["overture"], "address": "402 Strander Blvd"}, "geometry": {"type": "Point", "coordinates": [-122.2506714, 47.455307]}}, {"type": "Feature", "properties": {"id": 295295105, "name": "Bank of America", "category": "bank", "tags": ["bank", "credit", "union"], "sources": ["osm", "overture"], "website": "https://locators.bankofamerica.com/wa/tukwila/financial-centers-tukwila-16595.html", "phone": "+12065053000", "address": "320 Strander Blvd"}, "geometry": {"type": "Point", "coordinates": [-122.2566289, 47.4561837]}}, {"type": "Feature", "properties": {"id": 293207860, "name": "KeyBank", "category": "bank", "tags": ["bank", "credit", "union"], "sources": ["osm", "overture"], "website": "https://www.key.com/locations/WA/Tukwila/BRCH47310167/275-Andover-Park-W?ppc=cmpyxt", "phone": "+12064475761", "address": "275 Andover Park W"}, "geometry": {"type": "Point", "coordinates": [-122.2547932, 47.4560711]}}, {"type": "Feature", "properties": {"id": 654955094, "name": "U.S. Bank", "category": "bank", "tags": ["bank", "credit", "union"], "sources": ["osm", "overture"], "website": "https://www.usbank.com/locations/washington/tukwila/151-andover-park-e-bank-atm/?utm_source=facebook&utm_medium=organic&utm_campaign=facebook_listing", "phone": "+12064312580", "address": "151 Andover Park E", "hours": "Mo-Fr 09:00-17:00; Sa 09:00-13:00"}, "geometry": {"type": "Point", "coordinates": [-122.2505783, 47.458635]}}, {"type": "Feature", "properties": {"id": 4689163190, "name": "The UPS Store", "category": "post_office", "tags": ["post-office", "office"], "sources": ["osm", "overture"], "website": "http://www.theupsstorelocal.com/5819/", "phone": "+12062460464", "address": "100 Andover Park W", "hours": "Mo-Fr 09:00-19:00; Sa 09:00-17:00"}, "geometry": {"type": "Point", "coordinates": [-122.2532665, 47.4595836]}}, {"type": "Feature", "properties": {"id": 654955040, "name": "Wells Fargo", "category": "bank", "tags": ["bank"], "sources": ["osm"], "address": "343 Andover Park East"}, "geometry": {"type": "Point", "coordinates": [-122.2507119, 47.4542662]}}, {"type": "Feature", "properties": {"id": 1347473914, "name": "Chase", "category": "bank", "tags": ["bank", "wheelchair-accessible"], "sources": ["osm"], "address": "321 Strander Boulevard", "hours": "Mo-Fr 09:00-17:00; Sa 09:00-13:00; Su off"}, "geometry": {"type": "Point", "coordinates": [-122.256821, 47.4556048]}}, {"type": "Feature", "properties": {"id": 295298389, "name": "Tukwila Post Office", "category": "post_office", "tags": ["post-office", "wheelchair-accessible", "office"], "sources": ["osm", "overture"], "website": "https://tools.usps.com/find-location.htm?y_source=1_MzM4MjExOC00NDAtbG9jYXRpb24ud2Vic2l0ZQ%3D%3D&searchRadius=10&address=98188&locationType=po", "phone": "+1-206-244-9592", "address": "225 Andover Park W", "hours": "Mo-Fr 08:00-18:30; Sa 08:00-15:30"}, "geometry": {"type": "Point", "coordinates": [-122.2550483, 47.4567031]}}, {"type": "Feature", "properties": {"id": 502330118, "name": "Southcenter Library Connection", "category": "library", "tags": ["library", "wheelchair-accessible"], "sources": ["osm", "overture"], "website": "https://kcls.org/locations/southcenter/", "phone": "2062442630", "address": "1386 Southcenter Mall", "hours": "Mo-Sa 10:00-21:00; Su 11:00-19:00"}, "geometry": {"type": "Point", "coordinates": [-122.2558489, 47.4592184]}}, {"type": "Feature", "properties": {"id": "454a6135-e431-4d04-949a-4799faec04a2", "name": "Chase Mortgage", "category": "bank", "tags": ["bank", "credit", "union"], "sources": ["overture"], "website": "https://locator.chase.com/wa/tukwila/359-strander-blvd?jp_cmp=rb%2FLocalListings%2Faff%2Fbranch%2Fna&y_source=1_MjAzODI0MS01NTktbG9jYXRpb24ud2Vic2l0ZQ%3D%3D", "phone": "+12064617025", "address": "359 Strander Blvd"}, "geometry": {"type": "Point", "coordinates": [-122.2555695, 47.4548683]}}, {"type": "Feature", "properties": {"id": "653dfb7f-cfd7-4528-a762-da4f304fb816", "name": "KCLS Library Connection", "category": "library", "tags": ["library"], "sources": ["overture"], "website": "http://www.kcls.org", "phone": "(206) 242-6044", "address": "1386 Southcenter Mall"}, "geometry": {"type": "Point", "coordinates": [-122.2559052, 47.4591751]}}, {"type": "Feature", "properties": {"id": "55838b06-c535-4387-82bd-3fa860022ad0", "name": "Library Connection at Southcenter", "category": "library", "tags": ["library"], "sources": ["overture"], "website": "https://kcls.org/locations/southcenter/", "phone": "+12062442630", "address": "1386 Southcenter Mall"}, "geometry": {"type": "Point", "coordinates": [-122.255806, 47.4591713]}}, {"type": "Feature", "properties": {"id": 293205531, "name": "LA Fitness", "category": "fitness_centre", "tags": ["fitness-centre", "athletics", "gym"], "sources": ["osm", "overture"], "website": "https://www.lafitness.com/Pages/clubhome.aspx?clubid=533&&utm_source=facebook&utm_medium=facebooklocations&utm_campaign=maps", "phone": "+12063314071", "address": "350 Baker Blvd", "hours": "Sa,Su 08:00-20:00; Mo-Th 05:00-23:00; Fr 05:00-22:00"}, "geometry": {"type": "Point", "coordinates": [-122.2527985, 47.4588406]}}, {"type": "Feature", "properties": {"id": 13725314587, "name": "Activate", "category": "sports_centre", "tags": ["sports-centre"], "sources": ["osm"], "website": "https://playactivate.com/tukwila-seattle", "phone": "+1-564-206-0920", "address": "300 Andover Park West", "hours": "Mo-Th 11:00-22:00; Fr-Sa 09:30-23:00; Su 09:30-22:00"}, "geometry": {"type": "Point", "coordinates": [-122.2534065, 47.4544255]}}, {"type": "Feature", "properties": {"id": "41a5ca92-fae7-4341-a38b-3a9b5820848b", "name": "Circustrix", "category": "fitness_centre", "tags": ["fitness-centre", "gym"], "sources": ["overture"], "website": "www.flyingcircus.us", "phone": "+12532365784", "address": "455 Andover Park E"}, "geometry": {"type": "Point", "coordinates": [-122.2518158, 47.4517174]}}]}