{"type": "FeatureCollection", "features": [{"type": "Feature", "properties": {"id": 2327652031, "name": "Subway", "category": "fast_food", "tags": ["fast-food", "sandwich", "takeaway", "restaurant"], "sources": ["osm", "overture"], "website": "https://www.subway.com", "phone": "12067284814", "address": "2423 2nd Ave", "stations": [{"stopCode": 50, "lines": "1,2", "name": "Westlake Station", "walkingMeters": 1088, "walkingSeconds": 786, "band": 15}]}, "geometry": {"type": "Point", "coordinates": [-122.3477236, 47.6150465]}}, {"type": "Feature", "properties": {"id": 2327732102, "name": "Subway", "category": "fast_food", "tags": ["fast-food", "sandwich", "takeaway", "restaurant"], "sources": ["osm", "overture"], "website": "https://www.subway.com", "phone": "12068483961", "address": "305 Lenora St", "hours": "Mo-Su 00:00-12:00", "stations": [{"stopCode": 50, "lines": "1,2", "name": "Westlake Station", "walkingMeters": 528, "walkingSeconds": 380, "band": 10}, {"stopCode": 51, "lines": "1,2", "name": "Symphony Station", "walkingMeters": 752, "walkingSeconds": 552, "band": 10}]}, "geometry": {"type": "Point", "coordinates": [-122.3418583, 47.6131815]}}, {"type": "Feature", "properties": {"id": 2768641918, "name": "Subway", "category": "fast_food", "tags": ["fast-food", "sandwich", "takeaway", "vegetarian", "vegan", "restaurant"], "sources": ["osm", "overture"], "website": "http://www.Subway.com/", "phone": "+12064417759", "address": "100 Fourth Ave North Suite 120", "hours": "Mo-Fr 08:30-22:30; Sa-Su 09:30-22:00", "stations": [{"stopCode": 50, "lines": "1,2", "name": "Westlake Station", "walkingMeters": 1225, "walkingSeconds": 885, "band": 15}]}, "geometry": {"type": "Point", "coordinates": [-122.3483173, 47.6187502]}}, {"type": "Feature", "properties": {"id": 2397461017, "name": "Starbucks", "category": "cafe", "tags": ["cafe", "coffee-shop", "takeaway", "wifi"], "sources": ["osm"], "website": "https://www.starbucks.com/store-locator/store/11676/pike-place-heritage-market-1912-pike-place-seattle-wa-981011013-us", "phone": "+1-206-448-8762", "address": "1912 Pike Place", "hours": "Mo-Su 06:00-20:00", "stations": [{"stopCode": 50, "lines": "1,2", "name": "Westlake Station", "walkingMeters": 536, "walkingSeconds": 390, "band": 10}, {"stopCode": 51, "lines": "1,2", "name": "Symphony Station", "walkingMeters": 698, "walkingSeconds": 502, "band": 10}]}, "geometry": {"type": "Point", "coordinates": [-122.3425796, 47.6100077]}}, {"type": "Feature", "properties": {"id": "e339315a-a871-4721-8086-c68bd7daf261", "name": "Starbucks", "category": "cafe", "tags": ["cafe", "coffee"], "sources": ["overture"], "phone": "2064411388", "address": "211 Lenora St (2nd & Lenora)", "stations": [{"stopCode": 50, "lines": "1,2", "name": "Westlake Station", "walkingMeters": 594, "walkingSeconds": 431, "band": 10}, {"stopCode": 51, "lines": "1,2", "name": "Symphony Station", "walkingMeters": 800, "walkingSeconds": 577, "band": 10}]}, "geometry": {"type": "Point", "coordinates": [-122.3428955, 47.6126289]}}, {"type": "Feature", "properties": {"id": "6b95b0e9-6230-43ed-bdcf-9040cbd155e1", "name": "Starbucks", "category": "cafe", "tags": ["cafe", "coffee"], "sources": ["overture"], "phone": "2064489304", "address": "2200 Alaskan Way Alaska Way/World Tra de Ctr", "stations": [{"stopCode": 50, "lines": "1,2", "name": "Westlake Station", "walkingMeters": 1126, "walkingSeconds": 814, "band": 15}, {"stopCode": 51, "lines": "1,2", "name": "Symphony Station", "walkingMeters": 1215, "walkingSeconds": 875, "band": 15}]}, "geometry": {"type": "Point", "coordinates": [-122.348053, 47.6110115]}}, {"type": "Feature", "properties": {"id": "9ccda4d8-5ddb-4d96-8df5-88be7b5178b2", "name": "Starbucks", "category": "cafe", "tags": ["cafe", "coffee"], "sources": ["overture"], "phone": "2069564322", "address": "2326 1st Ave", "stations": [{"stopCode": 50, "lines": "1,2", "name": "Westlake Station", "walkingMeters": 1046, "walkingSeconds": 759, "band": 15}, {"stopCode": 51, "lines": "1,2", "name": "Symphony Station", "walkingMeters": 1248, "walkingSeconds": 900, "band": 15}]}, "geometry": {"type": "Point", "coordinates": [-122.3474274, 47.6138992]}}, {"type": "Feature", "properties": {"id": "711b19ec-ef80-4a52-a2b1-af57553841f3", "name": "Starbucks", "category": "cafe", "tags": ["cafe", "coffee"], "sources": ["overture"], "website": "http://starbucks.com/store-locator/store/114075", "phone": "(206) 728-6581", "address": "521 Wall St", "stations": [{"stopCode": 50, "lines": "1,2", "name": "Westlake Station", "walkingMeters": 978, "walkingSeconds": 708, "band": 15}]}, "geometry": {"type": "Point", "coordinates": [-122.3444595, 47.6174583]}}, {"type": "Feature", "properties": {"id": 5067615423, "name": "McDonald's", "category": "fast_food", "tags": ["fast-food", "burger", "takeaway"], "sources": ["osm"], "website": "https://www.mcdonalds.com/us/en-us/location/wa/seattle/140-4th-ave-n-suite-130/39974.html", "address": "140 4th Avenue North"}, "geometry": {"type": "Point", "coordinates": [-122.3487399, 47.6196111]}}, {"type": "Feature", "properties": {"id": 2327723424, "name": "Taco Del Mar", "category": "fast_food", "tags": ["fast-food", "mexican", "takeaway", "restaurant", "taco", "latin-american"], "sources": ["osm", "overture"], "website": "http://www.tacodelmar.com/", "phone": "+12064488877", "address": "2136 1st Ave", "stations": [{"stopCode": 50, "lines": "1,2", "name": "Westlake Station", "walkingMeters": 804, "walkingSeconds": 582, "band": 10}, {"stopCode": 51, "lines": "1,2", "name": "Symphony Station", "walkingMeters": 1005, "walkingSeconds": 723, "band": 15}]}, "geometry": {"type": "Point", "coordinates": [-122.344926, 47.6126345]}}, {"type": "Feature", "properties": {"id": "57db13ba-ffee-4cd2-94b6-24bb9c76807b", "name": "Taco Del Mar", "category": "restaurant", "tags": ["restaurant", "mexican"], "sources": ["overture"], "website": "http://www.tacodelmar.com", "phone": "(206) 443-1000", "address": "411 Cedar St", "stations": [{"stopCode": 50, "lines": "1,2", "name": "Westlake Station", "walkingMeters": 1167, "walkingSeconds": 840, "band": 15}]}, "geometry": {"type": "Point", "coordinates": [-122.3475342, 47.6180191]}}, {"type": "Feature", "properties": {"id": 1630958088, "name": "Top Pot Doughnuts", "category": "cafe", "tags": ["cafe", "donut", "coffee-shop", "indoor-seating", "air-conditioned", "wifi"], "sources": ["osm"], "website": "https://www.toppotdoughnuts.com/", "phone": "+1 206-728-1966", "address": "2124 5th Avenue", "hours": "Mo-Fr 06:00-19:00; Sa-Su 07:00-19:00", "stations": [{"stopCode": 50, "lines": "1,2", "name": "Westlake Station", "walkingMeters": 552, "walkingSeconds": 401, "band": 10}, {"stopCode": 51, "lines": "1,2", "name": "Symphony Station", "walkingMeters": 1065, "walkingSeconds": 766, "band": 15}]}, "geometry": {"type": "Point", "coordinates": [-122.341243, 47.61515]}}, {"type": "Feature", "properties": {"id": 10976077404, "name": "El Gaucho", "category": "restaurant", "tags": ["restaurant", "argentinian", "steak-house"], "sources": ["osm"], "stations": [{"stopCode": 50, "lines": "1,2", "name": "Westlake Station", "walkingMeters": 906, "walkingSeconds": 656, "band": 15}, {"stopCode": 51, "lines": "1,2", "name": "Symphony Station", "walkingMeters": 1068, "walkingSeconds": 768, "band": 15}]}, "geometry": {"type": "Point", "coordinates": [-122.3461816, 47.6121851]}}, {"type": "Feature", "properties": {"id": 1607121865, "name": "Bathtub Gin", "category": "bar", "tags": ["bar", "cocktails"], "sources": ["osm"], "website": "https://www.bathtubginseattle.com", "hours": "Mo-Su 17:00-02:00", "stations": [{"stopCode": 50, "lines": "1,2", "name": "Westlake Station", "walkingMeters": 813, "walkingSeconds": 589, "band": 10}, {"stopCode": 51, "lines": "1,2", "name": "Symphony Station", "walkingMeters": 1015, "walkingSeconds": 730, "band": 15}]}, "geometry": {"type": "Point", "coordinates": [-122.3450044, 47.6131345]}}, {"type": "Feature", "properties": {"id": 1630958085, "name": "Uptown Espresso", "category": "cafe", "tags": ["cafe", "coffee-shop", "sandwich", "outdoor-seating", "indoor-seating", "takeaway", "wheelchair-accessible", "vegetarian", "wifi", "coffee"], "sources": ["osm", "overture"], "website": "http://www.uptownespresso.com/", "phone": "+12064411084", "address": "2504 4th Ave", "hours": "06:00-17:00", "stations": [{"stopCode": 50, "lines": "1,2", "name": "Westlake Station", "walkingMeters": 986, "walkingSeconds": 709, "band": 15}]}, "geometry": {"type": "Point", "coordinates": [-122.3462858, 47.6169346]}}, {"type": "Feature", "properties": {"id": "b0375cda-0511-4259-97b9-bcda9cf69935", "name": "QED Coffee", "category": "cafe", "tags": ["cafe", "coffee"], "sources": ["overture"], "website": "http://www.qedcoffee.com", "phone": "(206) 239-8999", "address": "124 5th Ave N", "stations": [{"stopCode": 50, "lines": "1,2", "name": "Westlake Station", "walkingMeters": 1260, "walkingSeconds": 911, "band": 15}]}, "geometry": {"type": "Point", "coordinates": [-122.3471603, 47.6194382]}}, {"type": "Feature", "properties": {"id": 1999268650, "name": "Moore Coffee", "category": "cafe", "tags": ["cafe", "coffee-shop", "wifi"], "sources": ["osm"], "address": "1930 2nd Avenue", "hours": "Th-Sa 08:00-15:30; Su 08:00-15:00", "stations": [{"stopCode": 50, "lines": "1,2", "name": "Westlake Station", "walkingMeters": 451, "walkingSeconds": 328, "band": 10}, {"stopCode": 51, "lines": "1,2", "name": "Symphony Station", "walkingMeters": 657, "walkingSeconds": 475, "band": 10}]}, "geometry": {"type": "Point", "coordinates": [-122.341267, 47.6116348]}}, {"type": "Feature", "properties": {"id": 1999272109, "name": "La Llorona", "category": "restaurant", "tags": ["restaurant"], "sources": ["osm"], "address": "1920 2nd Avenue", "stations": [{"stopCode": 50, "lines": "1,2", "name": "Westlake Station", "walkingMeters": 428, "walkingSeconds": 312, "band": 10}, {"stopCode": 51, "lines": "1,2", "name": "Symphony Station", "walkingMeters": 634, "walkingSeconds": 458, "band": 10}]}, "geometry": {"type": "Point", "coordinates": [-122.3410283, 47.611501]}}, {"type": "Feature", "properties": {"id": 1999390894, "name": "Le Pichet", "category": "restaurant", "tags": ["restaurant", "wheelchair-accessible", "french"], "sources": ["osm", "overture"], "website": "https://www.lepichetseattle.com", "phone": "12062561499", "address": "1933 1st Ave", "hours": "08:00-00:00", "stations": [{"stopCode": 50, "lines": "1,2", "name": "Westlake Station", "walkingMeters": 546, "walkingSeconds": 396, "band": 10}, {"stopCode": 51, "lines": "1,2", "name": "Symphony Station", "walkingMeters": 747, "walkingSeconds": 537, "band": 10}]}, "geometry": {"type": "Point", "coordinates": [-122.342558, 47.6108072]}}, {"type": "Feature", "properties": {"id": 1999390895, "name": "Virginia Inn", "category": "restaurant", "tags": ["restaurant", "bar-and-grill", "bar", "grill"], "sources": ["osm", "overture"], "website": "http://virginiainnseattle.com/", "phone": "+12067281937", "address": "1937 1st Ave", "hours": "Mo-Th 11:30-20:00; Fr 11:30-21:00; Sa 10:00-21:00; Su 10:00-20:00", "stations": [{"stopCode": 50, "lines": "1,2", "name": "Westlake Station", "walkingMeters": 567, "walkingSeconds": 412, "band": 10}, {"stopCode": 51, "lines": "1,2", "name": "Symphony Station", "walkingMeters": 769, "walkingSeconds": 553, "band": 10}]}, "geometry": {"type": "Point", "coordinates": [-122.34263, 47.6108583]}}, {"type": "Feature", "properties": {"id": 2127063768, "name": "Anthony's Fish Bar", "category": "restaurant", "tags": ["restaurant", "seafood"], "sources": ["osm", "overture"], "website": "https://anthonys.com", "phone": "12064486688", "address": "2201 Alaskan Way", "hours": "Mo-Su 11:00-21:00", "stations": [{"stopCode": 50, "lines": "1,2", "name": "Westlake Station", "walkingMeters": 1111, "walkingSeconds": 803, "band": 15}, {"stopCode": 51, "lines": "1,2", "name": "Symphony Station", "walkingMeters": 1177, "walkingSeconds": 848, "band": 15}]}, "geometry": {"type": "Point", "coordinates": [-122.347917, 47.6107103]}}, {"type": "Feature", "properties": {"id": 2127063769, "name": "Anthony's Pier 66", "category": "restaurant", "tags": ["restaurant", "seafood"], "sources": ["osm"], "website": "https://www.anthonys.com/restaurants/detail/anthonys-pier-66/", "phone": "+1-206-448-6688", "address": "2201 Alaskan Way", "hours": "Mo-Th 17:00-21:30; Fr-Sa 17:00-22:00; Su 17:00-22:00", "stations": [{"stopCode": 50, "lines": "1,2", "name": "Westlake Station", "walkingMeters": 1150, "walkingSeconds": 831, "band": 15}, {"stopCode": 51, "lines": "1,2", "name": "Symphony Station", "walkingMeters": 1216, "walkingSeconds": 876, "band": 15}]}, "geometry": {"type": "Point", "coordinates": [-122.3482522, 47.6108242]}}, {"type": "Feature", "properties": {"id": "6aafd512-d575-4abd-bc49-20426dbab846", "name": "Rubinstein Bagels", "category": "bakery", "tags": ["bakery", "bagel", "breakfast-and-brunch"], "sources": ["overture"], "website": "https://rubinsteinbagels.com/", "phone": "+12065501666", "address": "2121 6th Ave", "stations": [{"stopCode": 50, "lines": "1,2", "name": "Westlake Station", "walkingMeters": 543, "walkingSeconds": 393, "band": 10}, {"stopCode": 51, "lines": "1,2", "name": "Symphony Station", "walkingMeters": 1058, "walkingSeconds": 763, "band": 15}]}, "geometry": {"type": "Point", "coordinates": [-122.3401184, 47.6152]}}, {"type": "Feature", "properties": {"id": 2327652047, "name": "Pluto Organic Cafe", "category": "cafe", "tags": ["cafe", "coffee-shop", "juice", "health-food", "vegetarian"], "sources": ["osm", "overture"], "website": "https://plutoorganiccafe.com/", "phone": "+12064414490", "address": "2502 5th Ave", "hours": "Mo-Fr 08:00-15:00; Sa-Su 09:00-15:00", "stations": [{"stopCode": 50, "lines": "1,2", "name": "Westlake Station", "walkingMeters": 976, "walkingSeconds": 706, "band": 15}]}, "geometry": {"type": "Point", "coordinates": [-122.3454407, 47.6176475]}}, {"type": "Feature", "properties": {"id": 2327663073, "name": "Tavol\u00e0ta", "category": "restaurant", "tags": ["restaurant", "italian"], "sources": ["osm"], "website": "https://tavolata.com/location/belltown-second-avenue-seattle", "phone": "+1-206-838-8008", "address": "2323 2nd Avenue", "hours": "Su-Th 16:00-22:00; Fr-Sa 16:00-23:00", "stations": [{"stopCode": 50, "lines": "1,2", "name": "Westlake Station", "walkingMeters": 984, "walkingSeconds": 712, "band": 15}, {"stopCode": 51, "lines": "1,2", "name": "Symphony Station", "walkingMeters": 1189, "walkingSeconds": 857, "band": 15}]}, "geometry": {"type": "Point", "coordinates": [-122.3466684, 47.6144388]}}, {"type": "Feature", "properties": {"id": 2169291669, "name": "Hellenika Cultured Creamery", "category": "cafe", "tags": ["cafe", "gelato", "frozen-yogurt"], "sources": ["osm"], "address": "1920 Pike Place", "hours": "Mo-Th 10:30-18:00; Fr-Su 10:30-18:30", "stations": [{"stopCode": 50, "lines": "1,2", "name": "Westlake Station", "walkingMeters": 560, "walkingSeconds": 407, "band": 10}, {"stopCode": 51, "lines": "1,2", "name": "Symphony Station", "walkingMeters": 722, "walkingSeconds": 519, "band": 10}]}, "geometry": {"type": "Point", "coordinates": [-122.34283, 47.610141]}}, {"type": "Feature", "properties": {"id": 2169291733, "name": "Turkish Delight", "category": "fast_food", "tags": ["fast-food", "turkish", "vegetarian", "vegan", "restaurant", "middle-eastern", "mediterranean"], "sources": ["osm", "overture"], "website": "http://www.turkish-delight.com", "phone": "+12064431387", "address": "1930 Pike Pl", "hours": "Mo,Th-Su 11:00-17:00", "stations": [{"stopCode": 50, "lines": "1,2", "name": "Westlake Station", "walkingMeters": 591, "walkingSeconds": 429, "band": 10}, {"stopCode": 51, "lines": "1,2", "name": "Symphony Station", "walkingMeters": 753, "walkingSeconds": 541, "band": 10}]}, "geometry": {"type": "Point", "coordinates": [-122.343122, 47.6103399]}}, {"type": "Feature", "properties": {"id": 2169336060, "name": "Half Shell", "category": "restaurant", "tags": ["restaurant", "seafood", "bar-and-grill"], "sources": ["osm", "overture"], "website": "http://www.halfshellseattle.com/", "phone": "+12068297535", "address": "2020 Western Ave", "stations": [{"stopCode": 50, "lines": "1,2", "name": "Westlake Station", "walkingMeters": 670, "walkingSeconds": 486, "band": 10}, {"stopCode": 51, "lines": "1,2", "name": "Symphony Station", "walkingMeters": 832, "walkingSeconds": 598, "band": 10}]}, "geometry": {"type": "Point", "coordinates": [-122.34385, 47.6107758]}}, {"type": "Feature", "properties": {"id": 2169336134, "name": "Seatown Rub Shack & FishFry", "category": "restaurant", "tags": ["restaurant", "fish-and-chips", "fish", "chips"], "sources": ["osm", "overture"], "website": "https://seatownrestaurant.com", "phone": "12068120022", "address": "2010 Western Ave", "hours": "11:30-19:00", "stations": [{"stopCode": 50, "lines": "1,2", "name": "Westlake Station", "walkingMeters": 637, "walkingSeconds": 462, "band": 10}, {"stopCode": 51, "lines": "1,2", "name": "Symphony Station", "walkingMeters": 799, "walkingSeconds": 574, "band": 10}]}, "geometry": {"type": "Point", "coordinates": [-122.3434739, 47.6105857]}}, {"type": "Feature", "properties": {"id": 2297717837, "name": "Ti22", "category": "restaurant", "tags": ["restaurant", "thai", "asian", "fusion", "seafood"], "sources": ["osm", "overture"], "website": "https://www.ti22belltown.com/", "phone": "2064534090", "address": "2510 4th Ave", "hours": "Su-Th 11:00-21:00; Fr-Sa 11:00-22:00", "stations": [{"stopCode": 50, "lines": "1,2", "name": "Westlake Station", "walkingMeters": 1007, "walkingSeconds": 724, "band": 15}]}, "geometry": {"type": "Point", "coordinates": [-122.3464629, 47.6170766]}}, {"type": "Feature", "properties": {"id": "881953a5-beb5-4dec-888c-df457bdef17a", "name": "Petra Bistro", "category": "restaurant", "tags": ["restaurant", "mediterranean"], "sources": ["overture"], "phone": "12067285389", "address": "2501 4th Ave", "stations": [{"stopCode": 50, "lines": "1,2", "name": "Westlake Station", "walkingMeters": 1210, "walkingSeconds": 903, "band": 15}]}, "geometry": {"type": "Point", "coordinates": [-122.3465424, 47.6166878]}}, {"type": "Feature", "properties": {"id": 2320223442, "name": "Ohana Belltown", "category": "restaurant", "tags": ["restaurant", "sushi", "asian", "hawaiian", "outdoor-seating", "has-bar", "wifi", "japanese"], "sources": ["osm", "overture"], "website": "http://www.Ohanasushigrill.com/", "phone": "+12069569329", "address": "2207 1st Ave", "stations": [{"stopCode": 50, "lines": "1,2", "name": "Westlake Station", "walkingMeters": 866, "walkingSeconds": 626, "band": 15}, {"stopCode": 51, "lines": "1,2", "name": "Symphony Station", "walkingMeters": 1067, "walkingSeconds": 768, "band": 15}]}, "geometry": {"type": "Point", "coordinates": [-122.3456842, 47.6126767]}}, {"type": "Feature", "properties": {"id": 2327596778, "name": "Tandoori Hut", "category": "restaurant", "tags": ["restaurant", "indian", "asian"], "sources": ["osm", "overture"], "website": "http://www.tandoorihutseattle.com/", "phone": "+12064436002", "address": "2616 2nd Ave", "hours": "Tu-Fr 11:00-15:00, 17:00-21:30; Sa, Su 12:00-21:30; PH off", "stations": [{"stopCode": 50, "lines": "1,2", "name": "Westlake Station", "walkingMeters": 1250, "walkingSeconds": 904, "band": 15}]}, "geometry": {"type": "Point", "coordinates": [-122.349176, 47.6163355]}}, {"type": "Feature", "properties": {"id": 2327596786, "name": "Pho Viet Anh", "category": "restaurant", "tags": ["restaurant", "vietnamese"], "sources": ["osm", "overture"], "website": "https://phovietanh.com", "phone": "12063521881", "address": "2621 5th Ave", "stations": [{"stopCode": 50, "lines": "1,2", "name": "Westlake Station", "walkingMeters": 1109, "walkingSeconds": 798, "band": 15}]}, "geometry": {"type": "Point", "coordinates": [-122.3471212, 47.6181982]}}, {"type": "Feature", "properties": {"id": 2327596791, "name": "Street Bean Espresso", "category": "cafe", "tags": ["cafe", "coffee-shop", "wifi"], "sources": ["osm"], "website": "https://streetbeanespresso.org/", "phone": "+1-206-708-6803", "address": "2711 3rd Avenue", "hours": "Mo-Fr 06:00-18:00"}, "geometry": {"type": "Point", "coordinates": [-122.3494842, 47.6172661]}}, {"type": "Feature", "properties": {"id": 2327596923, "name": "Bambino's", "category": "restaurant", "tags": ["restaurant", "pizza", "vegetarian", "has-bar", "brewery"], "sources": ["osm"], "website": "http://bambinosseattle.com", "phone": "+1-206-269-2222", "address": "401 Cedar Street", "hours": "11:30-22:00", "stations": [{"stopCode": 50, "lines": "1,2", "name": "Westlake Station", "walkingMeters": 1148, "walkingSeconds": 826, "band": 15}]}, "geometry": {"type": "Point", "coordinates": [-122.3477283, 47.6178325]}}, {"type": "Feature", "properties": {"id": 2327596943, "name": "Tilikum Place Cafe", "category": "cafe", "tags": ["cafe", "restaurant"], "sources": ["osm", "overture"], "website": "https://tilikumplacecafe.com", "phone": "12062824830", "address": "407 Cedar St", "stations": [{"stopCode": 50, "lines": "1,2", "name": "Westlake Station", "walkingMeters": 1164, "walkingSeconds": 837, "band": 15}]}, "geometry": {"type": "Point", "coordinates": [-122.3475939, 47.6179341]}}, {"type": "Feature", "properties": {"id": 2327596951, "name": "Wa'z", "category": "restaurant", "tags": ["restaurant", "japanese"], "sources": ["osm"], "website": "https://www.wazseattle.com/", "address": "411 Cedar Street", "stations": [{"stopCode": 50, "lines": "1,2", "name": "Westlake Station", "walkingMeters": 1168, "walkingSeconds": 841, "band": 15}]}, "geometry": {"type": "Point", "coordinates": [-122.3475193, 47.6179973]}}, {"type": "Feature", "properties": {"id": 2327596977, "name": "Golden Singha", "category": "restaurant", "tags": ["restaurant", "thai"], "sources": ["osm"], "website": "https://goldensingha.com/", "address": "425 Cedar Street", "stations": [{"stopCode": 50, "lines": "1,2", "name": "Westlake Station", "walkingMeters": 1116, "walkingSeconds": 803, "band": 15}]}, "geometry": {"type": "Point", "coordinates": [-122.3471963, 47.6182373]}}, {"type": "Feature", "properties": {"id": 2327625249, "name": "Black Bottle", "category": "restaurant", "tags": ["restaurant"], "sources": ["osm"], "website": "https://www.blackbottleseattle.com/", "phone": "+1-206-441-1500", "address": "2600 1st Avenue", "stations": [{"stopCode": 50, "lines": "1,2", "name": "Westlake Station", "walkingMeters": 1276, "walkingSeconds": 921, "band": 15}]}, "geometry": {"type": "Point", "coordinates": [-122.3497037, 47.6154608]}}, {"type": "Feature", "properties": {"id": 2327625281, "name": "Some Random Bar", "category": "bar", "tags": ["bar", "outdoor-seating", "wheelchair-accessible", "restaurant", "bar-and-grill", "grill"], "sources": ["osm", "overture"], "website": "http://somerandombar.com", "address": "2604 1st Ave", "hours": "Mo-Sa 16:00-24:00", "stations": [{"stopCode": 50, "lines": "1,2", "name": "Westlake Station", "walkingMeters": 1295, "walkingSeconds": 935, "band": 15}]}, "geometry": {"type": "Point", "coordinates": [-122.3497647, 47.6155028]}}, {"type": "Feature", "properties": {"id": 2327651984, "name": "Imperial Lounge", "category": "restaurant", "tags": ["restaurant", "burger", "wheelchair-accessible", "has-bar"], "sources": ["osm"], "website": "https://www.imperialloungeseattle.com/", "phone": "+1-206-259-7000", "address": "2400 1st Avenue", "stations": [{"stopCode": 50, "lines": "1,2", "name": "Westlake Station", "walkingMeters": 1084, "walkingSeconds": 784, "band": 15}, {"stopCode": 51, "lines": "1,2", "name": "Symphony Station", "walkingMeters": 1286, "walkingSeconds": 925, "band": 15}]}, "geometry": {"type": "Point", "coordinates": [-122.3477997, 47.6143664]}}, {"type": "Feature", "properties": {"id": 2327651989, "name": "Shiro's Sushi", "category": "restaurant", "tags": ["restaurant", "sushi", "takeaway", "reservations", "wheelchair-accessible", "japanese", "asian"], "sources": ["osm", "overture"], "website": "http://www.shiros.com", "phone": "+12064439844", "address": "2401 2nd Ave", "hours": "Mo-Su 12:15-14:00, 16:00-21:15", "stations": [{"stopCode": 50, "lines": "1,2", "name": "Westlake Station", "walkingMeters": 1046, "walkingSeconds": 756, "band": 15}, {"stopCode": 51, "lines": "1,2", "name": "Symphony Station", "walkingMeters": 1251, "walkingSeconds": 902, "band": 15}]}, "geometry": {"type": "Point", "coordinates": [-122.3472959, 47.6147974]}}, {"type": "Feature", "properties": {"id": 2327652000, "name": "Macrina Bakery - Belltown", "category": "cafe", "tags": ["cafe", "wheelchair-accessible", "wifi"], "sources": ["osm"], "website": "https://macrinabakery.com/", "phone": "+1-206-448-4032", "address": "2408 1st Avenue", "hours": "Mo-Su 07:00-17:00", "stations": [{"stopCode": 50, "lines": "1,2", "name": "Westlake Station", "walkingMeters": 1116, "walkingSeconds": 806, "band": 15}]}, "geometry": {"type": "Point", "coordinates": [-122.3479803, 47.6144699]}}, {"type": "Feature", "properties": {"id": 2327652026, "name": "D\u00f6ner Box", "category": "restaurant", "tags": ["restaurant", "turkish", "german", "doner", "takeaway", "vegetarian", "gluten-free"], "sources": ["osm"], "website": "https://www.donerboxkebab.com/", "phone": "+1-206-728-2838", "address": "2421 2nd Avenue", "stations": [{"stopCode": 50, "lines": "1,2", "name": "Westlake Station", "walkingMeters": 1077, "walkingSeconds": 778, "band": 15}]}, "geometry": {"type": "Point", "coordinates": [-122.3476204, 47.6149743]}}, {"type": "Feature", "properties": {"id": 2327652038, "name": "Karaage Setsuna", "category": "restaurant", "tags": ["restaurant", "japanese", "hawaiian", "wheelchair-accessible", "asian"], "sources": ["osm", "overture"], "website": "http://karaagesetsuna.com/", "phone": "+12064483595", "address": "2429 2nd Ave", "hours": "Mo-Fr 11:30-14:00,17:00-21:30; Sa 17:00-21:30; PH off", "stations": [{"stopCode": 50, "lines": "1,2", "name": "Westlake Station", "walkingMeters": 1102, "walkingSeconds": 796, "band": 15}]}, "geometry": {"type": "Point", "coordinates": [-122.3478678, 47.6151228]}}, {"type": "Feature", "properties": {"id": 2327652040, "name": "Bang Bang Cafe", "category": "cafe", "tags": ["cafe", "american", "outdoor-seating", "vegan", "vegetarian"], "sources": ["osm", "overture"], "website": "http://bangbangcafeseattle.com/", "phone": "+12064482233", "address": "2460 Western Ave", "hours": "Mo off; Tu-Sa 09:00-17:00; Su 09:00-15:00", "stations": [{"stopCode": 50, "lines": "1,2", "name": "Westlake Station", "walkingMeters": 1218, "walkingSeconds": 880, "band": 15}]}, "geometry": {"type": "Point", "coordinates": [-122.349302, 47.6140207]}}, {"type": "Feature", "properties": {"id": 2327652050, "name": "La Parisienne", "category": "cafe", "tags": ["cafe", "french", "bakery"], "sources": ["osm", "overture"], "website": "http://laparisienneseattle.com/", "phone": "+12067285999", "address": "2507 4th Ave", "hours": "Mo-Fr 07:00-18:00; Sa 07:00-17:00; Su,PH off", "stations": [{"stopCode": 50, "lines": "1,2", "name": "Westlake Station", "walkingMeters": 1013, "walkingSeconds": 729, "band": 15}]}, "geometry": {"type": "Point", "coordinates": [-122.3466978, 47.6167902]}}, {"type": "Feature", "properties": {"id": 2327652073, "name": "Artisan Cafe", "category": "cafe", "tags": ["cafe", "vietnamese"], "sources": ["osm", "overture"], "website": "http://www.artisancafeonvine.com/", "phone": "+12064418885", "address": "2523 5th Ave", "hours": "Mo-Fr 08:00-14:30; Sa 09:30-14:30", "stations": [{"stopCode": 50, "lines": "1,2", "name": "Westlake Station", "walkingMeters": 1020, "walkingSeconds": 734, "band": 15}]}, "geometry": {"type": "Point", "coordinates": [-122.3462629, 47.6177081]}}, {"type": "Feature", "properties": {"id": 2327652076, "name": "A-Pizza Mart", "category": "restaurant", "tags": ["restaurant", "pizza"], "sources": ["osm"], "address": "2525 6th Avenue", "hours": "15:00-02:00", "stations": [{"stopCode": 50, "lines": "1,2", "name": "Westlake Station", "walkingMeters": 1083, "walkingSeconds": 781, "band": 15}]}, "geometry": {"type": "Point", "coordinates": [-122.3453892, 47.6183709]}}, {"type": "Feature", "properties": {"id": 2327659223, "name": "Biscuit Bitch - Belltown", "category": "cafe", "tags": ["cafe", "biscuit", "wheelchair-accessible", "restaurant", "southern"], "sources": ["osm", "overture"], "website": "https://biscuitbitch.com", "phone": "12067282219", "address": "2303 3rd Ave", "hours": "07:30-13:00", "stations": [{"stopCode": 50, "lines": "1,2", "name": "Westlake Station", "walkingMeters": 848, "walkingSeconds": 610, "band": 15}, {"stopCode": 51, "lines": "1,2", "name": "Symphony Station", "walkingMeters": 1058, "walkingSeconds": 763, "band": 15}]}, "geometry": {"type": "Point", "coordinates": [-122.3452052, 47.6147074]}}, {"type": "Feature", "properties": {"id": 2327659341, "name": "Shorty's", "category": "pub", "tags": ["pub", "wheelchair-accessible", "bar"], "sources": ["osm", "overture"], "website": "http://www.shortydog.com", "phone": "+12064415449", "address": "2316 2nd Ave", "hours": "Mo-Su 12:00-26:00", "stations": [{"stopCode": 50, "lines": "1,2", "name": "Westlake Station", "walkingMeters": 937, "walkingSeconds": 678, "band": 15}, {"stopCode": 51, "lines": "1,2", "name": "Symphony Station", "walkingMeters": 1143, "walkingSeconds": 825, "band": 15}]}, "geometry": {"type": "Point", "coordinates": [-122.3460868, 47.6145079]}}, {"type": "Feature", "properties": {"id": 2327659368, "name": "Cotto", "category": "bar", "tags": ["bar", "italian", "outdoor-seating"], "sources": ["osm"], "address": "2318 2nd Avenue", "hours": "Mo-Su 16:00+", "stations": [{"stopCode": 50, "lines": "1,2", "name": "Westlake Station", "walkingMeters": 948, "walkingSeconds": 686, "band": 15}, {"stopCode": 51, "lines": "1,2", "name": "Symphony Station", "walkingMeters": 1154, "walkingSeconds": 832, "band": 15}]}, "geometry": {"type": "Point", "coordinates": [-122.3461938, 47.614565]}}, {"type": "Feature", "properties": {"id": 2327659386, "name": "Rendezvous", "category": "bar", "tags": ["bar"], "sources": ["osm"], "website": "https://rendezvous.squarespace.com/", "phone": "+1-206-441-5823", "address": "2322 2nd Avenue", "hours": "Tu-Sa 17:00-26:00", "stations": [{"stopCode": 50, "lines": "1,2", "name": "Westlake Station", "walkingMeters": 958, "walkingSeconds": 693, "band": 15}, {"stopCode": 51, "lines": "1,2", "name": "Symphony Station", "walkingMeters": 1164, "walkingSeconds": 839, "band": 15}]}, "geometry": {"type": "Point", "coordinates": [-122.3462961, 47.6146245]}}, {"type": "Feature", "properties": {"id": 2327659425, "name": "Chiho Bistro", "category": "bar", "tags": ["bar", "chinese", "restaurant", "asian"], "sources": ["osm", "overture"], "website": "http://Chihobistro.com/", "phone": "+12067828855", "address": "2330 2nd Ave", "stations": [{"stopCode": 50, "lines": "1,2", "name": "Westlake Station", "walkingMeters": 984, "walkingSeconds": 712, "band": 15}, {"stopCode": 51, "lines": "1,2", "name": "Symphony Station", "walkingMeters": 1190, "walkingSeconds": 858, "band": 15}]}, "geometry": {"type": "Point", "coordinates": [-122.3465581, 47.614777]}}, {"type": "Feature", "properties": {"id": 2327659438, "name": "Rob Roy", "category": "bar", "tags": ["bar", "outdoor-seating", "cocktail"], "sources": ["osm", "overture"], "website": "http://www.robroyseattle.com/", "phone": "+12069568423", "address": "2332 2nd Ave", "hours": "16:00-26:00", "stations": [{"stopCode": 50, "lines": "1,2", "name": "Westlake Station", "walkingMeters": 988, "walkingSeconds": 715, "band": 15}, {"stopCode": 51, "lines": "1,2", "name": "Symphony Station", "walkingMeters": 1194, "walkingSeconds": 861, "band": 15}]}, "geometry": {"type": "Point", "coordinates": [-122.3466051, 47.6148035]}}, {"type": "Feature", "properties": {"id": 2327663056, "name": "Al Basha", "category": "restaurant", "tags": ["restaurant", "mediterranean", "gyros", "middle-eastern"], "sources": ["osm", "overture"], "website": "http://albashaseattle.com", "phone": "+12064414811", "address": "2302 1st Ave", "hours": "Su-Th 11:00-02:00; Fr-Sa 11:00-03:00", "stations": [{"stopCode": 50, "lines": "1,2", "name": "Westlake Station", "walkingMeters": 977, "walkingSeconds": 707, "band": 15}, {"stopCode": 51, "lines": "1,2", "name": "Symphony Station", "walkingMeters": 1179, "walkingSeconds": 848, "band": 15}]}, "geometry": {"type": "Point", "coordinates": [-122.346621, 47.6136323]}}, {"type": "Feature", "properties": {"id": 2327663064, "name": "The Grill from Ipanema", "category": "restaurant", "tags": ["restaurant", "brazilian", "wheelchair-accessible", "bar-and-grill"], "sources": ["osm", "overture"], "website": "https://www.seattlegrillfromipanema.com/?y_source=1_OTE5OTMzODItNTU5LWxvY2F0aW9uLndlYnNpdGU%3D", "phone": "+12064574885", "address": "2313 1st Ave", "stations": [{"stopCode": 50, "lines": "1,2", "name": "Westlake Station", "walkingMeters": 1003, "walkingSeconds": 725, "band": 15}, {"stopCode": 51, "lines": "1,2", "name": "Symphony Station", "walkingMeters": 1205, "walkingSeconds": 867, "band": 15}]}, "geometry": {"type": "Point", "coordinates": [-122.3470224, 47.6134778]}}, {"type": "Feature", "properties": {"id": 2327663068, "name": "Bangrak Market", "category": "restaurant", "tags": ["restaurant", "thai", "outdoor-seating", "wheelchair-accessible", "has-bar", "asian"], "sources": ["osm", "overture"], "website": "http://www.bangrakmarket.com/", "phone": "+12067357352", "address": "2319 2nd Ave", "hours": "Mo-Th 11:00-15:00,16:00-24:00; Fr 11:00-15:00,16:00-26:00; Sa 12:00-26:00; Su 12:00-23:00", "stations": [{"stopCode": 50, "lines": "1,2", "name": "Westlake Station", "walkingMeters": 967, "walkingSeconds": 699, "band": 15}, {"stopCode": 51, "lines": "1,2", "name": "Symphony Station", "walkingMeters": 1172, "walkingSeconds": 845, "band": 15}]}, "geometry": {"type": "Point", "coordinates": [-122.3465048, 47.6143274]}}, {"type": "Feature", "properties": {"id": 2327663069, "name": "Screwdriver Bar", "category": "bar", "tags": ["bar"], "sources": ["osm", "overture"], "website": "http://www.screwdriverbar.com/", "phone": "+12064414370", "address": "2320 1st Ave", "hours": "17:00-02:00", "stations": [{"stopCode": 50, "lines": "1,2", "name": "Westlake Station", "walkingMeters": 1022, "walkingSeconds": 739, "band": 15}, {"stopCode": 51, "lines": "1,2", "name": "Symphony Station", "walkingMeters": 1224, "walkingSeconds": 881, "band": 15}]}, "geometry": {"type": "Point", "coordinates": [-122.3470666, 47.6139031]}}, {"type": "Feature", "properties": {"id": 2327663071, "name": "Vindicktive Wings", "category": "pub", "tags": ["pub", "bar", "chicken"], "sources": ["osm", "overture"], "website": "https://www.vindicktivewings.com/", "phone": "+16073787463", "address": "2322 1st Ave", "hours": "Mo-Th,Su 12:00-24:00; Fr 12:00-02:00; Sa 10:00-24:00", "stations": [{"stopCode": 50, "lines": "1,2", "name": "Westlake Station", "walkingMeters": 1028, "walkingSeconds": 744, "band": 15}, {"stopCode": 51, "lines": "1,2", "name": "Symphony Station", "walkingMeters": 1230, "walkingSeconds": 885, "band": 15}]}, "geometry": {"type": "Point", "coordinates": [-122.3471252, 47.6139415]}}, {"type": "Feature", "properties": {"id": 2327663078, "name": "Kalabaw", "category": "restaurant", "tags": ["restaurant"], "sources": ["osm"], "phone": "+1-206-796-7999", "address": "2328 1st Avenue", "hours": "Mo-Fr 11:00-15:00,16:00-24:00; Sa 11:00-24:00; Su 11:00-22:00", "stations": [{"stopCode": 50, "lines": "1,2", "name": "Westlake Station", "walkingMeters": 1046, "walkingSeconds": 756, "band": 15}, {"stopCode": 51, "lines": "1,2", "name": "Symphony Station", "walkingMeters": 1247, "walkingSeconds": 897, "band": 15}]}, "geometry": {"type": "Point", "coordinates": [-122.3473084, 47.6140326]}}, {"type": "Feature", "properties": {"id": 2327663082, "name": "Buckley's", "category": "restaurant", "tags": ["restaurant", "burger", "fish-and-chips", "multi", "bar", "sports"], "sources": ["osm", "overture"], "website": "http://www.buckleyspubs.com/belltown", "phone": "+12065888879", "address": "2331 2nd Ave", "stations": [{"stopCode": 50, "lines": "1,2", "name": "Westlake Station", "walkingMeters": 1009, "walkingSeconds": 729, "band": 15}, {"stopCode": 51, "lines": "1,2", "name": "Symphony Station", "walkingMeters": 1214, "walkingSeconds": 875, "band": 15}]}, "geometry": {"type": "Point", "coordinates": [-122.3469171, 47.6145851]}}, {"type": "Feature", "properties": {"id": 2327716487, "name": "La Fontana Siciliana", "category": "restaurant", "tags": ["restaurant", "italian", "outdoor-seating", "european"], "sources": ["osm", "overture"], "website": "http://www.lafontanasiciliana.com/", "phone": "+12066202221", "address": "120 Blanchard St", "hours": "Mo-Th 17:00-21:00; Fr-Su 16:00-21:00", "stations": [{"stopCode": 50, "lines": "1,2", "name": "Westlake Station", "walkingMeters": 793, "walkingSeconds": 574, "band": 10}, {"stopCode": 51, "lines": "1,2", "name": "Symphony Station", "walkingMeters": 998, "walkingSeconds": 720, "band": 15}]}, "geometry": {"type": "Point", "coordinates": [-122.3447495, 47.6131456]}}, {"type": "Feature", "properties": {"id": 2327716492, "name": "FOB Poke Bar", "category": "fast_food", "tags": ["fast-food", "poke", "takeaway", "wheelchair-accessible", "restaurant", "seafood", "asian"], "sources": ["osm", "overture"], "website": "http://Www.fobpokebar.com/", "phone": "+12067289888", "address": "220 Blanchard St", "hours": "11:00-22:00", "stations": [{"stopCode": 50, "lines": "1,2", "name": "Westlake Station", "walkingMeters": 716, "walkingSeconds": 515, "band": 10}, {"stopCode": 51, "lines": "1,2", "name": "Symphony Station", "walkingMeters": 926, "walkingSeconds": 668, "band": 15}]}, "geometry": {"type": "Point", "coordinates": [-122.3438403, 47.6138415]}}, {"type": "Feature", "properties": {"id": 2327716496, "name": "Pineapple Bistro and Bar", "category": "restaurant", "tags": ["restaurant", "wheelchair-accessible", "has-bar"], "sources": ["osm"], "address": "2200 5th Avenue", "stations": [{"stopCode": 50, "lines": "1,2", "name": "Westlake Station", "walkingMeters": 610, "walkingSeconds": 443, "band": 10}, {"stopCode": 51, "lines": "1,2", "name": "Symphony Station", "walkingMeters": 1122, "walkingSeconds": 807, "band": 15}]}, "geometry": {"type": "Point", "coordinates": [-122.3417675, 47.6154838]}}, {"type": "Feature", "properties": {"id": 2327716510, "name": "Villa Escondida", "category": "restaurant", "tags": ["restaurant", "mexican", "outdoor-seating", "has-bar"], "sources": ["osm"], "address": "2203 1st Avenue", "stations": [{"stopCode": 50, "lines": "1,2", "name": "Westlake Station", "walkingMeters": 859, "walkingSeconds": 622, "band": 15}, {"stopCode": 51, "lines": "1,2", "name": "Symphony Station", "walkingMeters": 1061, "walkingSeconds": 763, "band": 15}]}, "geometry": {"type": "Point", "coordinates": [-122.3456185, 47.6126388]}}, {"type": "Feature", "properties": {"id": 2327716521, "name": "Askatu", "category": "cafe", "tags": ["cafe", "vegan", "gluten-free"], "sources": ["osm"], "phone": "+1-206-485-7503", "address": "2209 4th Avenue", "stations": [{"stopCode": 50, "lines": "1,2", "name": "Westlake Station", "walkingMeters": 650, "walkingSeconds": 468, "band": 10}, {"stopCode": 51, "lines": "1,2", "name": "Symphony Station", "walkingMeters": 1019, "walkingSeconds": 733, "band": 15}]}, "geometry": {"type": "Point", "coordinates": [-122.343103, 47.6146717]}}, {"type": "Feature", "properties": {"id": 2327716528, "name": "Kanak", "category": "restaurant", "tags": ["restaurant", "indian"], "sources": ["osm"], "website": "https://kanakindianseattle.com", "phone": "+1-206-906-9968", "address": "2211 4th Avenue", "stations": [{"stopCode": 50, "lines": "1,2", "name": "Westlake Station", "walkingMeters": 662, "walkingSeconds": 476, "band": 10}, {"stopCode": 51, "lines": "1,2", "name": "Symphony Station", "walkingMeters": 1031, "walkingSeconds": 742, "band": 15}]}, "geometry": {"type": "Point", "coordinates": [-122.3432264, 47.6147395]}}, {"type": "Feature", "properties": {"id": 2327716550, "name": "Luka's", "category": "cafe", "tags": ["cafe"], "sources": ["osm"], "address": "2219 4th Avenue", "stations": [{"stopCode": 50, "lines": "1,2", "name": "Westlake Station", "walkingMeters": 693, "walkingSeconds": 498, "band": 10}, {"stopCode": 51, "lines": "1,2", "name": "Symphony Station", "walkingMeters": 1062, "walkingSeconds": 764, "band": 15}]}, "geometry": {"type": "Point", "coordinates": [-122.3435786, 47.6148845]}}, {"type": "Feature", "properties": {"id": 2327716581, "name": "Umi Sake House", "category": "restaurant", "tags": ["restaurant", "japanese", "asian"], "sources": ["osm", "overture"], "website": "http://www.umisakehouse.com/", "phone": "+12063748717", "address": "2230 1st Ave", "hours": "Mo-Th,Su 16:00-23:00; Fr-Sa 16:00-24:00", "stations": [{"stopCode": 50, "lines": "1,2", "name": "Westlake Station", "walkingMeters": 917, "walkingSeconds": 664, "band": 15}, {"stopCode": 51, "lines": "1,2", "name": "Symphony Station", "walkingMeters": 1119, "walkingSeconds": 805, "band": 15}]}, "geometry": {"type": "Point", "coordinates": [-122.346055, 47.613295]}}, {"type": "Feature", "properties": {"id": 2327716583, "name": "Local Pho", "category": "restaurant", "tags": ["restaurant", "vietnamese"], "sources": ["osm"], "phone": "+1-206-441-5995", "address": "2230 3rd Avenue", "hours": "Mo-Sa 10:00-21:00", "stations": [{"stopCode": 50, "lines": "1,2", "name": "Westlake Station", "walkingMeters": 784, "walkingSeconds": 564, "band": 10}, {"stopCode": 51, "lines": "1,2", "name": "Symphony Station", "walkingMeters": 1009, "walkingSeconds": 736, "band": 15}]}, "geometry": {"type": "Point", "coordinates": [-122.344391, 47.6146748]}}, {"type": "Feature", "properties": {"id": 2327716588, "name": "5 Star", "category": "bar", "tags": ["bar"], "sources": ["osm"], "address": "2231 2nd Avenue", "stations": [{"stopCode": 50, "lines": "1,2", "name": "Westlake Station", "walkingMeters": 873, "walkingSeconds": 632, "band": 15}, {"stopCode": 51, "lines": "1,2", "name": "Symphony Station", "walkingMeters": 1078, "walkingSeconds": 778, "band": 15}]}, "geometry": {"type": "Point", "coordinates": [-122.3455807, 47.613772]}}, {"type": "Feature", "properties": {"id": 2327716600, "name": "Kedai Mekan", "category": "restaurant", "tags": ["restaurant", "malaysian", "outdoor-seating"], "sources": ["osm"], "address": "2234 1st Avenue", "hours": "Su-Th 11:00-21:00; Fr-Sa 11:00-22:00", "stations": [{"stopCode": 50, "lines": "1,2", "name": "Westlake Station", "walkingMeters": 938, "walkingSeconds": 679, "band": 15}, {"stopCode": 51, "lines": "1,2", "name": "Symphony Station", "walkingMeters": 1140, "walkingSeconds": 820, "band": 15}]}, "geometry": {"type": "Point", "coordinates": [-122.3462025, 47.6134058]}}, {"type": "Feature", "properties": {"id": 2327716618, "name": "Korean Bamboo", "category": "restaurant", "tags": ["restaurant", "korean", "takeaway"], "sources": ["osm", "overture"], "website": "http://koreanbamboo.com", "phone": "(206) 443-9898", "address": "2236 3rd Ave", "hours": "Mo-Fr 11:00-15:00,16:00-20:30; Sa-Su 11:00-20:30", "stations": [{"stopCode": 50, "lines": "1,2", "name": "Westlake Station", "walkingMeters": 795, "walkingSeconds": 572, "band": 10}, {"stopCode": 51, "lines": "1,2", "name": "Symphony Station", "walkingMeters": 1020, "walkingSeconds": 744, "band": 15}]}, "geometry": {"type": "Point", "coordinates": [-122.344501, 47.6147308]}}, {"type": "Feature", "properties": {"id": 2327716627, "name": "Deli Shez Cafe", "category": "cafe", "tags": ["cafe", "mediterranean", "wifi", "deli", "delicatessen"], "sources": ["osm", "overture"], "website": "http://www.delishez.com/", "phone": "+14254990769", "address": "318 Blanchard St", "stations": [{"stopCode": 50, "lines": "1,2", "name": "Westlake Station", "walkingMeters": 660, "walkingSeconds": 474, "band": 10}, {"stopCode": 51, "lines": "1,2", "name": "Symphony Station", "walkingMeters": 966, "walkingSeconds": 695, "band": 15}]}, "geometry": {"type": "Point", "coordinates": [-122.3431513, 47.6143716]}}, {"type": "Feature", "properties": {"id": 2327716649, "name": "Just The Tap", "category": "pub", "tags": ["pub", "wifi", "restaurant", "bar-and-grill", "bar", "grill"], "sources": ["osm", "overture"], "website": "http://jttsea.com/", "phone": "+12062715210", "address": "90 Blanchard St", "stations": [{"stopCode": 50, "lines": "1,2", "name": "Westlake Station", "walkingMeters": 865, "walkingSeconds": 626, "band": 10}, {"stopCode": 51, "lines": "1,2", "name": "Symphony Station", "walkingMeters": 1066, "walkingSeconds": 767, "band": 15}]}, "geometry": {"type": "Point", "coordinates": [-122.3456212, 47.6124652]}}, {"type": "Feature", "properties": {"id": 2327723030, "name": "Palace Ballroom", "category": "restaurant", "tags": ["restaurant", "wheelchair-accessible"], "sources": ["osm"], "website": "https://tomdouglas.com/index.php?page=palace-ballroom", "phone": "+1-206-441-8833", "address": "2100 5th Avenue", "stations": [{"stopCode": 50, "lines": "1,2", "name": "Westlake Station", "walkingMeters": 477, "walkingSeconds": 347, "band": 10}, {"stopCode": 51, "lines": "1,2", "name": "Symphony Station", "walkingMeters": 989, "walkingSeconds": 712, "band": 15}]}, "geometry": {"type": "Point", "coordinates": [-122.3404884, 47.6147075]}}, {"type": "Feature", "properties": {"id": 2327723271, "name": "Cloudburst Brewing", "category": "pub", "tags": ["pub", "takeaway", "wheelchair-accessible", "microbrew", "bar", "brewery"], "sources": ["osm", "overture"], "website": "http://www.cloudburstbrew.com/", "phone": "+1-206-602-6061", "address": "2116 Western Ave", "hours": "We-Fr 14:00-22:00; Sa 12:00-22:00; Su 12:00-20:00", "stations": [{"stopCode": 50, "lines": "1,2", "name": "Westlake Station", "walkingMeters": 812, "walkingSeconds": 588, "band": 10}, {"stopCode": 51, "lines": "1,2", "name": "Symphony Station", "walkingMeters": 974, "walkingSeconds": 700, "band": 15}]}, "geometry": {"type": "Point", "coordinates": [-122.3452717, 47.6116138]}}, {"type": "Feature", "properties": {"id": 2327723360, "name": "2120", "category": "restaurant", "tags": ["restaurant"], "sources": ["osm", "overture"], "website": "https://www.2120restaurant.com", "phone": "12068298700", "address": "2120 6th Ave", "stations": [{"stopCode": 50, "lines": "1,2", "name": "Westlake Station", "walkingMeters": 610, "walkingSeconds": 441, "band": 10}, {"stopCode": 51, "lines": "1,2", "name": "Symphony Station", "walkingMeters": 1125, "walkingSeconds": 811, "band": 15}]}, "geometry": {"type": "Point", "coordinates": [-122.3403323, 47.6158005]}}, {"type": "Feature", "properties": {"id": 2327723374, "name": "Anchor & Bloom", "category": "cafe", "tags": ["cafe"], "sources": ["osm"], "address": "2121 1st Avenue", "stations": [{"stopCode": 50, "lines": "1,2", "name": "Westlake Station", "walkingMeters": 777, "walkingSeconds": 562, "band": 10}, {"stopCode": 51, "lines": "1,2", "name": "Symphony Station", "walkingMeters": 978, "walkingSeconds": 704, "band": 15}]}, "geometry": {"type": "Point", "coordinates": [-122.3447797, 47.6121801]}}, {"type": "Feature", "properties": {"id": 2327723382, "name": "The Whisky Bar", "category": "bar", "tags": ["bar"], "sources": ["osm"], "address": "2122 2nd Avenue", "stations": [{"stopCode": 50, "lines": "1,2", "name": "Westlake Station", "walkingMeters": 698, "walkingSeconds": 506, "band": 10}, {"stopCode": 51, "lines": "1,2", "name": "Symphony Station", "walkingMeters": 904, "walkingSeconds": 652, "band": 15}]}, "geometry": {"type": "Point", "coordinates": [-122.3436702, 47.6131095]}}, {"type": "Feature", "properties": {"id": 2327723398, "name": "Jupiter Bar", "category": "bar", "tags": ["bar", "brewery"], "sources": ["osm", "overture"], "website": "http://Jupiterbarseattle.com/", "address": "2126 2nd Ave", "stations": [{"stopCode": 50, "lines": "1,2", "name": "Westlake Station", "walkingMeters": 717, "walkingSeconds": 520, "band": 10}, {"stopCode": 51, "lines": "1,2", "name": "Symphony Station", "walkingMeters": 923, "walkingSeconds": 666, "band": 15}]}, "geometry": {"type": "Point", "coordinates": [-122.3438682, 47.6132144]}}, {"type": "Feature", "properties": {"id": 2327723410, "name": "Lady Yum - Amazon Seattle Campus", "category": "restaurant", "tags": ["restaurant", "dessert", "wheelchair-accessible"], "sources": ["osm"], "website": "https://www.ladyyum.com/", "address": "2130 6th Avenue", "hours": "Mo-Su 10:00-22:00", "stations": [{"stopCode": 50, "lines": "1,2", "name": "Westlake Station", "walkingMeters": 650, "walkingSeconds": 470, "band": 10}, {"stopCode": 51, "lines": "1,2", "name": "Symphony Station", "walkingMeters": 1165, "walkingSeconds": 840, "band": 15}]}, "geometry": {"type": "Point", "coordinates": [-122.3406162, 47.6159552]}}, {"type": "Feature", "properties": {"id": 2327723437, "name": "Bento World Sushi & Teryaki", "category": "restaurant", "tags": ["restaurant", "japanese"], "sources": ["osm"], "phone": "+1-206-441-4474", "address": "306 Lenora Street", "stations": [{"stopCode": 50, "lines": "1,2", "name": "Westlake Station", "walkingMeters": 548, "walkingSeconds": 394, "band": 10}, {"stopCode": 51, "lines": "1,2", "name": "Symphony Station", "walkingMeters": 803, "walkingSeconds": 588, "band": 10}]}, "geometry": {"type": "Point", "coordinates": [-122.342044, 47.6134829]}}, {"type": "Feature", "properties": {"id": 2327732020, "name": "Assaggio Ristorante", "category": "restaurant", "tags": ["restaurant", "italian", "european"], "sources": ["osm", "overture"], "website": "http://www.assaggioseattle.com/", "phone": "+12064411399", "address": "2010 4th Ave", "hours": "Tu-Th 17:00-21:00; Fr-Sa 17:00-22:00", "stations": [{"stopCode": 50, "lines": "1,2", "name": "Westlake Station", "walkingMeters": 385, "walkingSeconds": 277, "band": 5}, {"stopCode": 51, "lines": "1,2", "name": "Symphony Station", "walkingMeters": 793, "walkingSeconds": 570, "band": 10}]}, "geometry": {"type": "Point", "coordinates": [-122.3403218, 47.6134273]}}, {"type": "Feature", "properties": {"id": 2327732094, "name": "Palace Kitchen", "category": "restaurant", "tags": ["restaurant", "american", "wheelchair-accessible"], "sources": ["osm", "overture"], "website": "http://palacekitchen.com/", "phone": "+12064412888", "address": "2030 5th Ave", "hours": "16:30-01:00", "stations": [{"stopCode": 50, "lines": "1,2", "name": "Westlake Station", "walkingMeters": 445, "walkingSeconds": 324, "band": 10}, {"stopCode": 51, "lines": "1,2", "name": "Symphony Station", "walkingMeters": 960, "walkingSeconds": 690, "band": 15}]}, "geometry": {"type": "Point", "coordinates": [-122.340174, 47.6145241]}}, {"type": "Feature", "properties": {"id": 2327732122, "name": "Neb Wine Bar", "category": "restaurant", "tags": ["restaurant", "italian"], "sources": ["osm"], "website": "https://www.nebwinebar.com/", "phone": "+1-206-245-1209", "address": "316 Virginia Street", "hours": "Tu-Th 17:00-21:00; Fr-Sa 17:00-22:00", "stations": [{"stopCode": 50, "lines": "1,2", "name": "Westlake Station", "walkingMeters": 391, "walkingSeconds": 281, "band": 5}, {"stopCode": 51, "lines": "1,2", "name": "Symphony Station", "walkingMeters": 714, "walkingSeconds": 514, "band": 10}]}, "geometry": {"type": "Point", "coordinates": [-122.3404945, 47.612903]}}, {"type": "Feature", "properties": {"id": "73a37185-50d4-496a-999f-933b0b4bc471", "name": "Petra Mediterranean Bistro", "category": "restaurant", "tags": ["restaurant", "arabic", "greek", "mediterranean", "middle-eastern"], "sources": ["overture"], "website": "http://petrabistro.com/", "phone": "2067285389", "address": "2501 4th Ave", "stations": [{"stopCode": 50, "lines": "1,2", "name": "Westlake Station", "walkingMeters": 998, "walkingSeconds": 718, "band": 15}]}, "geometry": {"type": "Point", "coordinates": [-122.3465805, 47.6166725]}}, {"type": "Feature", "properties": {"id": 2327741742, "name": "Retro Restaurant Lounge", "category": "bar", "tags": ["bar", "restaurant", "bar-and-grill", "grill", "american", "comfort-food"], "sources": ["osm", "overture"], "website": "http://www.theretroseattle.com/", "phone": "+12064417374", "address": "216 Stewart St", "stations": [{"stopCode": 50, "lines": "1,2", "name": "Westlake Station", "walkingMeters": 330, "walkingSeconds": 239, "band": 5}, {"stopCode": 51, "lines": "1,2", "name": "Symphony Station", "walkingMeters": 539, "walkingSeconds": 390, "band": 10}]}, "geometry": {"type": "Point", "coordinates": [-122.3400275, 47.6115023]}}, {"type": "Feature", "properties": {"id": "ad214cf3-c4d1-4c73-8d76-6ac99821e854", "name": "Cherry Street Coffee House", "category": "cafe", "tags": ["cafe", "coffee"], "sources": ["overture"], "website": "http://cherryst.com/", "phone": "+12064417176", "address": "2121 1st Ave", "stations": [{"stopCode": 50, "lines": "1,2", "name": "Westlake Station", "walkingMeters": 806, "walkingSeconds": 584, "band": 10}, {"stopCode": 51, "lines": "1,2", "name": "Symphony Station", "walkingMeters": 1008, "walkingSeconds": 725, "band": 15}]}, "geometry": {"type": "Point", "coordinates": [-122.3448715, 47.6120834]}}, {"type": "Feature", "properties": {"id": 2397461011, "name": "Biscuit Bitch", "category": "fast_food", "tags": ["fast-food", "sandwich", "restaurant", "breakfast-and-brunch", "breakfast", "brunch", "american"], "sources": ["osm", "overture"], "website": "https://koolpresscustom.com/biscuitbitch/shop/home", "phone": "+12064417999", "address": "1909 1st Ave", "hours": "Mo-Su 08:00-13:00", "stations": [{"stopCode": 50, "lines": "1,2", "name": "Westlake Station", "walkingMeters": 472, "walkingSeconds": 343, "band": 10}, {"stopCode": 51, "lines": "1,2", "name": "Symphony Station", "walkingMeters": 674, "walkingSeconds": 485, "band": 10}]}, "geometry": {"type": "Point", "coordinates": [-122.3417918, 47.6103986]}}, {"type": "Feature", "properties": {"id": 2397461014, "name": "Perennial Tea Room", "category": "cafe", "tags": ["cafe", "tea", "vegetarian", "room"], "sources": ["osm", "overture"], "website": "http://perennialtearoom.com/", "phone": "+12064484054", "address": "1910 Post Alley", "stations": [{"stopCode": 50, "lines": "1,2", "name": "Westlake Station", "walkingMeters": 511, "walkingSeconds": 371, "band": 10}, {"stopCode": 51, "lines": "1,2", "name": "Symphony Station", "walkingMeters": 694, "walkingSeconds": 499, "band": 10}]}, "geometry": {"type": "Point", "coordinates": [-122.3421051, 47.6102361]}}, {"type": "Feature", "properties": {"id": 2397461019, "name": "Ma\u00edz", "category": "restaurant", "tags": ["restaurant", "mexican"], "sources": ["osm", "overture"], "website": "https://www.maizseattle.com", "phone": "(206) 679-4414", "address": "1914 Pike Pl", "stations": [{"stopCode": 50, "lines": "1,2", "name": "Westlake Station", "walkingMeters": 542, "walkingSeconds": 394, "band": 10}, {"stopCode": 51, "lines": "1,2", "name": "Symphony Station", "walkingMeters": 704, "walkingSeconds": 506, "band": 10}]}, "geometry": {"type": "Point", "coordinates": [-122.342636, 47.6100437]}}, {"type": "Feature", "properties": {"id": 5680762822, "name": "Ma\u00edz", "category": "restaurant", "tags": ["restaurant", "mexican"], "sources": ["osm"], "address": "2325 6th Avenue", "stations": [{"stopCode": 50, "lines": "1,2", "name": "Westlake Station", "walkingMeters": 848, "walkingSeconds": 612, "band": 10}]}, "geometry": {"type": "Point", "coordinates": [-122.3430926, 47.6169996]}}, {"type": "Feature", "properties": {"id": 2397461020, "name": "El Callej\u00f3n", "category": "restaurant", "tags": ["restaurant", "peruvian", "outdoor-seating"], "sources": ["osm"], "address": "1914 Post Alley", "stations": [{"stopCode": 50, "lines": "1,2", "name": "Westlake Station", "walkingMeters": 522, "walkingSeconds": 379, "band": 10}, {"stopCode": 51, "lines": "1,2", "name": "Symphony Station", "walkingMeters": 705, "walkingSeconds": 507, "band": 10}]}, "geometry": {"type": "Point", "coordinates": [-122.3422197, 47.6103021]}}, {"type": "Feature", "properties": {"id": 2397461022, "name": "Emmett Watson's Oyster Bar", "category": "restaurant", "tags": ["restaurant", "seafood", "outdoor-seating"], "sources": ["osm", "overture"], "website": "http://emmettwatsonsoysterbar.com/", "phone": "+12064857023", "address": "1916 Pike Pl", "hours": "Mo-Th 11:30-19:00; Fr-Sa 11:30-18:00; Su 11:30-18:00", "stations": [{"stopCode": 50, "lines": "1,2", "name": "Westlake Station", "walkingMeters": 539, "walkingSeconds": 392, "band": 10}, {"stopCode": 51, "lines": "1,2", "name": "Symphony Station", "walkingMeters": 722, "walkingSeconds": 519, "band": 10}]}, "geometry": {"type": "Point", "coordinates": [-122.342496, 47.6103175]}}, {"type": "Feature", "properties": {"id": 2397461023, "name": "Kells Irish Restaurant & Bar", "category": "restaurant", "tags": ["restaurant", "irish"], "sources": ["osm"], "website": "https://www.kellsirish.com/", "phone": "+1-206-728-1916", "address": "1916 Post Alley", "stations": [{"stopCode": 50, "lines": "1,2", "name": "Westlake Station", "walkingMeters": 529, "walkingSeconds": 384, "band": 10}, {"stopCode": 51, "lines": "1,2", "name": "Symphony Station", "walkingMeters": 712, "walkingSeconds": 512, "band": 10}]}, "geometry": {"type": "Point", "coordinates": [-122.3422879, 47.6103448]}}, {"type": "Feature", "properties": {"id": 2397481307, "name": "Ludi's", "category": "restaurant", "tags": ["restaurant", "filipino", "wifi"], "sources": ["osm"], "address": "1901 2nd Avenue", "hours": "07:00-15:00", "stations": [{"stopCode": 50, "lines": "1,2", "name": "Westlake Station", "walkingMeters": 388, "walkingSeconds": 283, "band": 5}, {"stopCode": 51, "lines": "1,2", "name": "Symphony Station", "walkingMeters": 593, "walkingSeconds": 429, "band": 10}]}, "geometry": {"type": "Point", "coordinates": [-122.340751, 47.6109433]}}, {"type": "Feature", "properties": {"id": 2397485810, "name": "Seattle Coffee Works", "category": "cafe", "tags": ["cafe", "coffee-shop"], "sources": ["osm"], "address": "106 Pine Street", "stations": [{"stopCode": 50, "lines": "1,2", "name": "Westlake Station", "walkingMeters": 345, "walkingSeconds": 252, "band": 5}, {"stopCode": 51, "lines": "1,2", "name": "Symphony Station", "walkingMeters": 547, "walkingSeconds": 394, "band": 10}]}, "geometry": {"type": "Point", "coordinates": [-122.3406212, 47.6100865]}}, {"type": "Feature", "properties": {"id": 2397485815, "name": "Cupcake Royale", "category": "cafe", "tags": ["cafe"], "sources": ["osm"], "address": "108 Pine Street", "stations": [{"stopCode": 50, "lines": "1,2", "name": "Westlake Station", "walkingMeters": 338, "walkingSeconds": 247, "band": 5}, {"stopCode": 51, "lines": "1,2", "name": "Symphony Station", "walkingMeters": 540, "walkingSeconds": 388, "band": 10}]}, "geometry": {"type": "Point", "coordinates": [-122.3405426, 47.610122]}}, {"type": "Feature", "properties": {"id": "d4137848-63f0-441b-811e-8be09f93fb23", "name": "Caffe D'Arte", "category": "cafe", "tags": ["cafe"], "sources": ["overture"], "website": "http://www.caffedarte.com", "phone": "(206) 728-4468", "address": "125 Stewart St", "stations": [{"stopCode": 50, "lines": "1,2", "name": "Westlake Station", "walkingMeters": 373, "walkingSeconds": 272, "band": 5}, {"stopCode": 51, "lines": "1,2", "name": "Symphony Station", "walkingMeters": 578, "walkingSeconds": 418, "band": 10}]}, "geometry": {"type": "Point", "coordinates": [-122.3405685, 47.6108932]}}, {"type": "Feature", "properties": {"id": 2419110861, "name": "Lola", "category": "restaurant", "tags": ["restaurant", "mediterranean", "european"], "sources": ["osm", "overture"], "website": "https://www.lolaseattle.com/", "phone": "+12064411430", "address": "2000 4th Ave", "hours": "Mo-Fr 07:00-21:00; Sa-Su 08:00-14:00,15:00-21:00", "stations": [{"stopCode": 50, "lines": "1,2", "name": "Westlake Station", "walkingMeters": 355, "walkingSeconds": 256, "band": 5}, {"stopCode": 51, "lines": "1,2", "name": "Symphony Station", "walkingMeters": 764, "walkingSeconds": 550, "band": 10}]}, "geometry": {"type": "Point", "coordinates": [-122.3400327, 47.6132567]}}, {"type": "Feature", "properties": {"id": 2419110862, "name": "Serious Pie", "category": "restaurant", "tags": ["restaurant", "pizza"], "sources": ["osm"], "website": "https://www.seriouspieseattle.com/location/serious-pie-downtown/", "phone": "+1-206-838-7388", "address": "2001 4th Avenue", "hours": "11:30-21:00", "stations": [{"stopCode": 50, "lines": "1,2", "name": "Westlake Station", "walkingMeters": 373, "walkingSeconds": 268, "band": 5}, {"stopCode": 51, "lines": "1,2", "name": "Symphony Station", "walkingMeters": 732, "walkingSeconds": 526, "band": 10}]}, "geometry": {"type": "Point", "coordinates": [-122.340342, 47.6130272]}}, {"type": "Feature", "properties": {"id": 10964497269, "name": "Happy Lemon", "category": "cafe", "tags": ["cafe", "bubble-tea", "takeaway"], "sources": ["osm"], "address": "2245 Happy Lemon", "hours": "Mo-Th 11:00-20:00; Fr-Su 11:00-21:00", "stations": [{"stopCode": 50, "lines": "1,2", "name": "Westlake Station", "walkingMeters": 809, "walkingSeconds": 584, "band": 10}, {"stopCode": 51, "lines": "1,2", "name": "Symphony Station", "walkingMeters": 1324, "walkingSeconds": 954, "band": 15}]}, "geometry": {"type": "Point", "coordinates": [-122.3403413, 47.6174577]}}, {"type": "Feature", "properties": {"id": "3e73d023-faf5-4075-8db2-33dd556243a0", "name": "Macrina Bakery & Cafe", "category": "bakery", "tags": ["bakery"], "sources": ["overture"], "website": "https://www.macrinabakery.com/mcgraw-cafe.php", "phone": "12064484032", "address": "2408 1st Ave", "stations": [{"stopCode": 50, "lines": "1,2", "name": "Westlake Station", "walkingMeters": 1111, "walkingSeconds": 805, "band": 15}]}, "geometry": {"type": "Point", "coordinates": [-122.3480225, 47.6144485]}}, {"type": "Feature", "properties": {"id": 2539841796, "name": "The Victor Tavern", "category": "pub", "tags": ["pub"], "sources": ["osm"], "address": "2121 6th Avenue", "stations": [{"stopCode": 50, "lines": "1,2", "name": "Westlake Station", "walkingMeters": 542, "walkingSeconds": 392, "band": 10}, {"stopCode": 51, "lines": "1,2", "name": "Symphony Station", "walkingMeters": 1057, "walkingSeconds": 762, "band": 15}]}, "geometry": {"type": "Point", "coordinates": [-122.3400988, 47.6151947]}}, {"type": "Feature", "properties": {"id": 2539841798, "name": "Kitchen Counter", "category": "fast_food", "tags": ["fast-food"], "sources": ["osm"], "stations": [{"stopCode": 50, "lines": "1,2", "name": "Westlake Station", "walkingMeters": 568, "walkingSeconds": 411, "band": 10}, {"stopCode": 51, "lines": "1,2", "name": "Symphony Station", "walkingMeters": 1083, "walkingSeconds": 781, "band": 15}]}, "geometry": {"type": "Point", "coordinates": [-122.3404463, 47.6152902]}}, {"type": "Feature", "properties": {"id": 2542573010, "name": "CoffeeTab", "category": "cafe", "tags": ["cafe", "coffee"], "sources": ["osm", "overture"], "website": "https://www.coffeetab.cafe", "address": "2103 3rd Ave", "stations": [{"stopCode": 50, "lines": "1,2", "name": "Westlake Station", "walkingMeters": 606, "walkingSeconds": 440, "band": 10}, {"stopCode": 51, "lines": "1,2", "name": "Symphony Station", "walkingMeters": 812, "walkingSeconds": 586, "band": 10}]}, "geometry": {"type": "Point", "coordinates": [-122.34278, 47.612543]}}, {"type": "Feature", "properties": {"id": 2544213221, "name": "Black Arrows Coffee", "category": "cafe", "tags": ["cafe", "coffee-shop", "coffee"], "sources": ["osm", "overture"], "website": "http://www.blackarrowscoffee.com/", "address": "521 Wall St", "hours": "Mo-Su 07:00-18:00", "stations": [{"stopCode": 50, "lines": "1,2", "name": "Westlake Station", "walkingMeters": 875, "walkingSeconds": 633, "band": 15}]}, "geometry": {"type": "Point", "coordinates": [-122.344409, 47.617064]}}, {"type": "Feature", "properties": {"id": 2561809362, "name": "Brasserie Margaux", "category": "restaurant", "tags": ["restaurant", "french", "wheelchair-accessible"], "sources": ["osm"], "website": "https://www.margauxseattle.com/", "phone": "+1-206-777-1990", "address": "401 Lenora Street", "stations": [{"stopCode": 50, "lines": "1,2", "name": "Westlake Station", "walkingMeters": 481, "walkingSeconds": 346, "band": 10}, {"stopCode": 51, "lines": "1,2", "name": "Symphony Station", "walkingMeters": 887, "walkingSeconds": 638, "band": 10}]}, "geometry": {"type": "Point", "coordinates": [-122.340962, 47.6139379]}}, {"type": "Feature", "properties": {"id": 2561809375, "name": "Herkimer Coffee", "category": "cafe", "tags": ["cafe", "coffee-shop", "coffee"], "sources": ["osm", "overture"], "address": "325 9th Ave N", "hours": "Mo-Fr 07:30-14:00", "stations": [{"stopCode": 50, "lines": "1,2", "name": "Westlake Station", "walkingMeters": 563, "walkingSeconds": 405, "band": 10}, {"stopCode": 51, "lines": "1,2", "name": "Symphony Station", "walkingMeters": 932, "walkingSeconds": 670, "band": 15}]}, "geometry": {"type": "Point", "coordinates": [-122.3423034, 47.6141153]}}, {"type": "Feature", "properties": {"id": 2746747243, "name": "Mee Kong Bar", "category": "restaurant", "tags": ["restaurant", "asian", "fusion"], "sources": ["osm"], "address": "2525 4th Avenue", "stations": [{"stopCode": 50, "lines": "1,2", "name": "Westlake Station", "walkingMeters": 1050, "walkingSeconds": 755, "band": 15}]}, "geometry": {"type": "Point", "coordinates": [-122.3470664, 47.6170126]}}, {"type": "Feature", "properties": {"id": 2768641916, "name": "Zeeks Pizza - Belltown", "category": "restaurant", "tags": ["restaurant", "pizza", "indoor-seating", "vegetarian", "vegan", "wifi"], "sources": ["osm"], "website": "https://zeekspizza.com/", "phone": "+1 206-315-0505", "address": "419 Denny Way", "hours": "Mo-Su 11:00-22:00", "stations": [{"stopCode": 50, "lines": "1,2", "name": "Westlake Station", "walkingMeters": 1178, "walkingSeconds": 847, "band": 15}]}, "geometry": {"type": "Point", "coordinates": [-122.3478284, 47.6184647]}}, {"type": "Feature", "properties": {"id": 2778695982, "name": "Ampersand Lounge", "category": "bar", "tags": ["bar"], "sources": ["osm"], "address": "113 Bell Street", "stations": [{"stopCode": 50, "lines": "1,2", "name": "Westlake Station", "walkingMeters": 914, "walkingSeconds": 662, "band": 15}, {"stopCode": 51, "lines": "1,2", "name": "Symphony Station", "walkingMeters": 1120, "walkingSeconds": 807, "band": 15}]}, "geometry": {"type": "Point", "coordinates": [-122.3458134, 47.6137106]}}, {"type": "Feature", "properties": {"id": 2778696020, "name": "Limoncello Belltown", "category": "restaurant", "tags": ["restaurant", "italian", "takeaway", "vegetarian", "gluten-free"], "sources": ["osm", "overture"], "website": "http://Www.limoncelloseattle.com/", "phone": "+12064920522", "address": "2326 1st Ave", "stations": [{"stopCode": 50, "lines": "1,2", "name": "Westlake Station", "walkingMeters": 1040, "walkingSeconds": 752, "band": 15}, {"stopCode": 51, "lines": "1,2", "name": "Symphony Station", "walkingMeters": 1242, "walkingSeconds": 893, "band": 15}]}, "geometry": {"type": "Point", "coordinates": [-122.3472584, 47.6139958]}}, {"type": "Feature", "properties": {"id": 2968332933, "name": "WeRise Wines", "category": "bar", "tags": ["bar"], "sources": ["osm"], "website": "https://werisewines.com", "address": "1913 2nd Avenue", "stations": [{"stopCode": 50, "lines": "1,2", "name": "Westlake Station", "walkingMeters": 417, "walkingSeconds": 304, "band": 10}, {"stopCode": 51, "lines": "1,2", "name": "Symphony Station", "walkingMeters": 622, "walkingSeconds": 450, "band": 10}]}, "geometry": {"type": "Point", "coordinates": [-122.3410265, 47.6111204]}}, {"type": "Feature", "properties": {"id": 2968389733, "name": "Belltown Pizza & Game Room", "category": "bar", "tags": ["bar", "wheelchair-accessible", "brewery"], "sources": ["osm"], "phone": "+1-206-441-2653", "address": "2416 1st Avenue", "hours": "Mo 16:00-02:00; Tu-Su 11:30-02:00", "stations": [{"stopCode": 50, "lines": "1,2", "name": "Westlake Station", "walkingMeters": 1126, "walkingSeconds": 814, "band": 15}]}, "geometry": {"type": "Point", "coordinates": [-122.3481044, 47.6145208]}}, {"type": "Feature", "properties": {"id": 2968389833, "name": "Cyclops", "category": "bar", "tags": ["bar", "outdoor-seating", "wheelchair-accessible", "wifi", "cafe"], "sources": ["osm", "overture"], "website": "http://www.cyclopsseattle.com", "phone": "+12064411677", "address": "2421 1st Ave", "hours": "Mo-We 11:00-22:00; Th-Fr 11:00-00:00; Sa 09:00-00:00; Su 09:00-22:00", "stations": [{"stopCode": 50, "lines": "1,2", "name": "Westlake Station", "walkingMeters": 1188, "walkingSeconds": 859, "band": 15}]}, "geometry": {"type": "Point", "coordinates": [-122.3487511, 47.6145057]}}, {"type": "Feature", "properties": {"id": 3006168186, "name": "Jelly Bar", "category": "bar", "tags": ["bar", "restaurant", "noodles"], "sources": ["osm", "overture"], "website": "http://www.longprovincial.com", "phone": "(206) 443-6266", "address": "2nd and Stewart", "stations": [{"stopCode": 50, "lines": "1,2", "name": "Westlake Station", "walkingMeters": 394, "walkingSeconds": 287, "band": 5}, {"stopCode": 51, "lines": "1,2", "name": "Symphony Station", "walkingMeters": 599, "walkingSeconds": 433, "band": 10}]}, "geometry": {"type": "Point", "coordinates": [-122.3408634, 47.6108398]}}, {"type": "Feature", "properties": {"id": 3006168289, "name": "Hatch Cantina", "category": "pub", "tags": ["pub", "mexican", "restaurant", "texmex", "latin-american", "bar-and-grill"], "sources": ["osm", "overture"], "website": "http://www.hatchcantina.com", "phone": "+12064857190", "address": "200 Bell St", "hours": "Mo-Th 11:00-23:00, Fr 11:00-24:00, Sa 10:00-24:00, Su 10:00-22:00", "stations": [{"stopCode": 50, "lines": "1,2", "name": "Westlake Station", "walkingMeters": 897, "walkingSeconds": 649, "band": 15}, {"stopCode": 51, "lines": "1,2", "name": "Symphony Station", "walkingMeters": 1103, "walkingSeconds": 795, "band": 15}]}, "geometry": {"type": "Point", "coordinates": [-122.345655, 47.6142866]}}, {"type": "Feature", "properties": {"id": 3365331393, "name": "The 5 Point", "category": "bar", "tags": ["bar", "outdoor-seating"], "sources": ["osm"], "website": "https://www.the5pointcafe.com/", "phone": "+1-206-448-9991", "address": "415 Cedar Street", "stations": [{"stopCode": 50, "lines": "1,2", "name": "Westlake Station", "walkingMeters": 1148, "walkingSeconds": 826, "band": 15}]}, "geometry": {"type": "Point", "coordinates": [-122.3473344, 47.6181294]}}, {"type": "Feature", "properties": {"id": "29189bc1-6466-43cc-b9bb-fd5452f47c42", "name": "Anchorhead Coffee", "category": "cafe", "tags": ["cafe", "coffee"], "sources": ["overture"], "website": "http://www.anchorheadcoffee.com", "phone": "+12062222295", "address": "2003 Western Ave Ste 110A", "stations": [{"stopCode": 50, "lines": "1,2", "name": "Westlake Station", "walkingMeters": 742, "walkingSeconds": 538, "band": 10}, {"stopCode": 51, "lines": "1,2", "name": "Symphony Station", "walkingMeters": 903, "walkingSeconds": 650, "band": 15}]}, "geometry": {"type": "Point", "coordinates": [-122.3446121, 47.6109543]}}, {"type": "Feature", "properties": {"id": "72cd52b5-7525-4203-b576-22695ce7de1c", "name": "Boiling Point", "category": "restaurant", "tags": ["restaurant", "seafood"], "sources": ["overture"], "website": "http://tierpoint.com", "phone": "+12063714435", "address": "2525 4th Ave", "stations": [{"stopCode": 50, "lines": "1,2", "name": "Westlake Station", "walkingMeters": 1027, "walkingSeconds": 739, "band": 15}]}, "geometry": {"type": "Point", "coordinates": [-122.3470612, 47.6169891]}}, {"type": "Feature", "properties": {"id": 3649581759, "name": "Midtown Espresso", "category": "cafe", "tags": ["cafe", "coffee-shop", "wheelchair-accessible", "coffee"], "sources": ["osm", "overture"], "website": "https://foodeist.com/place/midtownespresso", "phone": "+12064439070", "address": "2133 5th Ave", "stations": [{"stopCode": 50, "lines": "1,2", "name": "Westlake Station", "walkingMeters": 580, "walkingSeconds": 417, "band": 10}, {"stopCode": 51, "lines": "1,2", "name": "Symphony Station", "walkingMeters": 1069, "walkingSeconds": 769, "band": 15}]}, "geometry": {"type": "Point", "coordinates": [-122.341786, 47.615051]}}, {"type": "Feature", "properties": {"id": 3783575199, "name": "Cafe Bee", "category": "cafe", "tags": ["cafe"], "sources": ["osm"], "address": "407 Broad Street"}, "geometry": {"type": "Point", "coordinates": [-122.348385, 47.619883]}}, {"type": "Feature", "properties": {"id": 3998408843, "name": "Cutters Crabhouse", "category": "restaurant", "tags": ["restaurant", "seafood", "american"], "sources": ["osm", "overture"], "website": "https://www.cutterscrabhouse.com/", "phone": "+12064484884", "address": "2001 Western Ave", "stations": [{"stopCode": 50, "lines": "1,2", "name": "Westlake Station", "walkingMeters": 691, "walkingSeconds": 501, "band": 10}, {"stopCode": 51, "lines": "1,2", "name": "Symphony Station", "walkingMeters": 853, "walkingSeconds": 613, "band": 10}]}, "geometry": {"type": "Point", "coordinates": [-122.3441593, 47.6105539]}}, {"type": "Feature", "properties": {"id": 4137555551, "name": "Bacco Cafe", "category": "restaurant", "tags": ["restaurant", "cafe", "breakfast-and-brunch"], "sources": ["osm", "overture"], "website": "http://www.baccocafe.com/", "phone": "+12063558887", "address": "86 Pine St", "hours": "Mo-Su 07:00-15:00", "stations": [{"stopCode": 50, "lines": "1,2", "name": "Westlake Station", "walkingMeters": 419, "walkingSeconds": 305, "band": 10}, {"stopCode": 51, "lines": "1,2", "name": "Symphony Station", "walkingMeters": 621, "walkingSeconds": 447, "band": 10}]}, "geometry": {"type": "Point", "coordinates": [-122.3413869, 47.6100512]}}, {"type": "Feature", "properties": {"id": 4137555557, "name": "Kastoori Grill", "category": "restaurant", "tags": ["restaurant", "indian", "himalayan-nepalese", "asian"], "sources": ["osm", "overture"], "website": "http://kastoorigrill.com/", "phone": "+12064415456", "address": "94 Stewart St", "hours": "Mo, We-Sa 11:00-21:30; Su 11:00-20:30", "stations": [{"stopCode": 50, "lines": "1,2", "name": "Westlake Station", "walkingMeters": 455, "walkingSeconds": 331, "band": 10}, {"stopCode": 51, "lines": "1,2", "name": "Symphony Station", "walkingMeters": 657, "walkingSeconds": 472, "band": 10}]}, "geometry": {"type": "Point", "coordinates": [-122.3416411, 47.6102184]}}, {"type": "Feature", "properties": {"id": 4220762320, "name": "Fountain Nightclub", "category": "bar", "tags": ["bar"], "sources": ["osm"], "address": "2218 Western Avenue", "stations": [{"stopCode": 50, "lines": "1,2", "name": "Westlake Station", "walkingMeters": 941, "walkingSeconds": 681, "band": 15}, {"stopCode": 51, "lines": "1,2", "name": "Symphony Station", "walkingMeters": 1103, "walkingSeconds": 794, "band": 15}]}, "geometry": {"type": "Point", "coordinates": [-122.346538, 47.6123872]}}, {"type": "Feature", "properties": {"id": 4392709606, "name": "Aburiya Bento House", "category": "restaurant", "tags": ["restaurant", "japanese", "asian"], "sources": ["osm", "overture"], "website": "https://www.aburiyabentohouse.com", "phone": "+12064534685", "address": "2100 Western Ave", "stations": [{"stopCode": 50, "lines": "1,2", "name": "Westlake Station", "walkingMeters": 771, "walkingSeconds": 559, "band": 10}, {"stopCode": 51, "lines": "1,2", "name": "Symphony Station", "walkingMeters": 933, "walkingSeconds": 671, "band": 15}]}, "geometry": {"type": "Point", "coordinates": [-122.344868, 47.6113723]}}, {"type": "Feature", "properties": {"id": 4409872091, "name": "Shaker & Spear", "category": "restaurant", "tags": ["restaurant", "fish", "seafood", "american"], "sources": ["osm", "overture"], "website": "http://www.shakerandspear.com/", "phone": "+12068261700", "address": "2000 2nd Ave", "stations": [{"stopCode": 50, "lines": "1,2", "name": "Westlake Station", "walkingMeters": 489, "walkingSeconds": 356, "band": 10}, {"stopCode": 51, "lines": "1,2", "name": "Symphony Station", "walkingMeters": 695, "walkingSeconds": 502, "band": 10}]}, "geometry": {"type": "Point", "coordinates": [-122.341612, 47.6119853]}}, {"type": "Feature", "properties": {"id": 5599290423, "name": "Menya Muso Tsukemen & Ramen", "category": "restaurant", "tags": ["restaurant", "ramen"], "sources": ["osm"], "website": "https://menyamuso.us/locations/belltown-washington/", "phone": "+1-206-556-3877", "address": "2720 4th Avenue", "hours": "11:30-21:00", "stations": [{"stopCode": 50, "lines": "1,2", "name": "Westlake Station", "walkingMeters": 1217, "walkingSeconds": 876, "band": 15}]}, "geometry": {"type": "Point", "coordinates": [-122.3483498, 47.618457]}}, {"type": "Feature", "properties": {"id": 4484429404, "name": "Seattle Dumpling Company", "category": "restaurant", "tags": ["restaurant", "chinese", "outdoor-seating", "takeaway", "delivery"], "sources": ["osm"], "website": "https://www.seattledumplingco.com/", "phone": "+1-206-596-1395", "address": "1916 Pike Place", "hours": "Mo-Su 10:00-17:00", "stations": [{"stopCode": 50, "lines": "1,2", "name": "Westlake Station", "walkingMeters": 550, "walkingSeconds": 400, "band": 10}, {"stopCode": 51, "lines": "1,2", "name": "Symphony Station", "walkingMeters": 733, "walkingSeconds": 527, "band": 10}]}, "geometry": {"type": "Point", "coordinates": [-122.3424868, 47.6102414]}}, {"type": "Feature", "properties": {"id": 4511298510, "name": "TeKu Tavern", "category": "bar", "tags": ["bar", "wheelchair-accessible", "wifi", "beer"], "sources": ["osm", "overture"], "website": "http://www.tekutavern.beer/", "phone": "+12064661764", "address": "552 Denny Wy", "hours": "Mo-We 12:00-22:00; Th 12:00-23:00; Fr-Sa 11:00-00:00; Su 11:00-22:00", "stations": [{"stopCode": 50, "lines": "1,2", "name": "Westlake Station", "walkingMeters": 1142, "walkingSeconds": 826, "band": 15}]}, "geometry": {"type": "Point", "coordinates": [-122.3460434, 47.6187394]}}, {"type": "Feature", "properties": {"id": 4633818925, "name": "Penny Royal", "category": "restaurant", "tags": ["restaurant", "bar", "cocktail"], "sources": ["osm", "overture"], "website": "http://www.pennyroyalbar.com/", "phone": "+12068261700", "address": "2000 2nd Ave", "stations": [{"stopCode": 50, "lines": "1,2", "name": "Westlake Station", "walkingMeters": 500, "walkingSeconds": 364, "band": 10}, {"stopCode": 51, "lines": "1,2", "name": "Symphony Station", "walkingMeters": 706, "walkingSeconds": 510, "band": 10}]}, "geometry": {"type": "Point", "coordinates": [-122.3417441, 47.6119157]}}, {"type": "Feature", "properties": {"id": 4639109926, "name": "Anchorhead Coffee Co", "category": "cafe", "tags": ["cafe", "coffee-shop", "outdoor-seating"], "sources": ["osm"], "website": "https://anchorheadcoffee.com/", "address": "2003 Western Avenue", "stations": [{"stopCode": 50, "lines": "1,2", "name": "Westlake Station", "walkingMeters": 739, "walkingSeconds": 536, "band": 10}, {"stopCode": 51, "lines": "1,2", "name": "Symphony Station", "walkingMeters": 901, "walkingSeconds": 648, "band": 15}]}, "geometry": {"type": "Point", "coordinates": [-122.344591, 47.6109176]}}, {"type": "Feature", "properties": {"id": 4919958621, "name": "The Pink Door", "category": "restaurant", "tags": ["restaurant", "italian", "wifi"], "sources": ["osm", "overture"], "website": "http://www.thepinkdoor.net/", "phone": "+12064433241", "address": "1919 Post Alley", "stations": [{"stopCode": 50, "lines": "1,2", "name": "Westlake Station", "walkingMeters": 546, "walkingSeconds": 397, "band": 10}, {"stopCode": 51, "lines": "1,2", "name": "Symphony Station", "walkingMeters": 729, "walkingSeconds": 524, "band": 10}]}, "geometry": {"type": "Point", "coordinates": [-122.3425312, 47.6103875]}}, {"type": "Feature", "properties": {"id": 5067614523, "name": "Grecian Corner", "category": "cafe", "tags": ["cafe", "restaurant", "greek", "mediterranean", "european"], "sources": ["osm", "overture"], "website": "http://www.greciancornerseattle.com", "phone": "+14255722930", "address": "100 4th Ave N #160"}, "geometry": {"type": "Point", "coordinates": [-122.3487456, 47.6191881]}}, {"type": "Feature", "properties": {"id": 5067774421, "name": "Wasabi", "category": "restaurant", "tags": ["restaurant", "japanese", "outdoor-seating"], "sources": ["osm"], "website": "https://wasabiseattle.com/", "phone": "+1-206-441-6044", "address": "2309 2nd Avenue", "stations": [{"stopCode": 50, "lines": "1,2", "name": "Westlake Station", "walkingMeters": 960, "walkingSeconds": 694, "band": 15}, {"stopCode": 51, "lines": "1,2", "name": "Symphony Station", "walkingMeters": 1165, "walkingSeconds": 840, "band": 15}]}, "geometry": {"type": "Point", "coordinates": [-122.3462577, 47.6140837]}}, {"type": "Feature", "properties": {"id": 5067774521, "name": "Navy Strength", "category": "pub", "tags": ["pub"], "sources": ["osm"], "website": "https://www.navystrengthseattle.com/", "address": "2505 2nd Avenue", "hours": "We-Sa 16:00-24:00, Su 14:00-22:00", "stations": [{"stopCode": 50, "lines": "1,2", "name": "Westlake Station", "walkingMeters": 1134, "walkingSeconds": 819, "band": 15}]}, "geometry": {"type": "Point", "coordinates": [-122.348148, 47.6153176]}}, {"type": "Feature", "properties": {"id": 5102379625, "name": "La Vita \u00e9 Bella", "category": "restaurant", "tags": ["restaurant", "italian", "outdoor-seating"], "sources": ["osm", "overture"], "website": "http://www.lavitaebella.us", "phone": "+12064415322", "address": "2411 2nd Ave", "stations": [{"stopCode": 50, "lines": "1,2", "name": "Westlake Station", "walkingMeters": 1067, "walkingSeconds": 771, "band": 15}, {"stopCode": 51, "lines": "1,2", "name": "Symphony Station", "walkingMeters": 1272, "walkingSeconds": 917, "band": 15}]}, "geometry": {"type": "Point", "coordinates": [-122.3475186, 47.614919]}}, {"type": "Feature", "properties": {"id": 5209143396, "name": "Doce Donut Co.", "category": "fast_food", "tags": ["fast-food", "donut"], "sources": ["osm"], "address": "2305 6th Avenue", "stations": [{"stopCode": 50, "lines": "1,2", "name": "Westlake Station", "walkingMeters": 803, "walkingSeconds": 579, "band": 10}, {"stopCode": 51, "lines": "1,2", "name": "Symphony Station", "walkingMeters": 1317, "walkingSeconds": 950, "band": 15}]}, "geometry": {"type": "Point", "coordinates": [-122.3426255, 47.6167439]}}, {"type": "Feature", "properties": {"id": 5427474621, "name": "Sugo", "category": "restaurant", "tags": ["restaurant", "japanese", "has-bar"], "sources": ["osm"], "stations": [{"stopCode": 50, "lines": "1,2", "name": "Westlake Station", "walkingMeters": 700, "walkingSeconds": 508, "band": 10}, {"stopCode": 51, "lines": "1,2", "name": "Symphony Station", "walkingMeters": 862, "walkingSeconds": 620, "band": 10}]}, "geometry": {"type": "Point", "coordinates": [-122.344298, 47.6106306]}}, {"type": "Feature", "properties": {"id": 5447310255, "name": "Black Cat", "category": "bar", "tags": ["bar"], "sources": ["osm", "overture"], "website": "https://www.blackcatseattle.com/", "phone": "+12064412358", "address": "2132 1st Ave", "stations": [{"stopCode": 50, "lines": "1,2", "name": "Westlake Station", "walkingMeters": 794, "walkingSeconds": 575, "band": 10}, {"stopCode": 51, "lines": "1,2", "name": "Symphony Station", "walkingMeters": 996, "walkingSeconds": 717, "band": 15}]}, "geometry": {"type": "Point", "coordinates": [-122.3448425, 47.6125721]}}, {"type": "Feature", "properties": {"id": 5483744867, "name": "Corner Stone Cafe & Deli", "category": "cafe", "tags": ["cafe", "deli"], "sources": ["osm"], "phone": "+1-206-257-1916", "address": "591 Battery Street", "hours": "Mo-Fr 07:00-22:00; Sa 08:00-22:00; Su 08:30-20:00", "stations": [{"stopCode": 50, "lines": "1,2", "name": "Westlake Station", "walkingMeters": 886, "walkingSeconds": 640, "band": 10}]}, "geometry": {"type": "Point", "coordinates": [-122.3435168, 47.6171966]}}, {"type": "Feature", "properties": {"id": 5605100621, "name": "Anthony's Bell Street Diner", "category": "restaurant", "tags": ["restaurant", "seafood"], "sources": ["osm"], "website": "https://www.anthonys.com/restaurants/detail/anthonys-bell-street-diner/", "phone": "+1-206-448-6688", "hours": "Mo-Th 11:00-21:30; Fr-Sa 11:00-22:00; Su 11:00-21:00", "stations": [{"stopCode": 50, "lines": "1,2", "name": "Westlake Station", "walkingMeters": 1121, "walkingSeconds": 810, "band": 15}, {"stopCode": 51, "lines": "1,2", "name": "Symphony Station", "walkingMeters": 1187, "walkingSeconds": 855, "band": 15}]}, "geometry": {"type": "Point", "coordinates": [-122.3480274, 47.6107619]}}, {"type": "Feature", "properties": {"id": 5640141222, "name": "artly", "category": "cafe", "tags": ["cafe", "coffee-shop"], "sources": ["osm"], "stations": [{"stopCode": 50, "lines": "1,2", "name": "Westlake Station", "walkingMeters": 421, "walkingSeconds": 307, "band": 5}, {"stopCode": 51, "lines": "1,2", "name": "Symphony Station", "walkingMeters": 623, "walkingSeconds": 448, "band": 10}]}, "geometry": {"type": "Point", "coordinates": [-122.341033, 47.610312]}}, {"type": "Feature", "properties": {"id": 5680762821, "name": "Connect Lounge", "category": "bar", "tags": ["bar", "cocktail"], "sources": ["osm", "overture"], "website": "http://www.connectloungeseattle.com/", "phone": "2067286409", "address": "2330 2nd Ave", "stations": [{"stopCode": 50, "lines": "1,2", "name": "Westlake Station", "walkingMeters": 1013, "walkingSeconds": 732, "band": 15}, {"stopCode": 51, "lines": "1,2", "name": "Symphony Station", "walkingMeters": 1219, "walkingSeconds": 878, "band": 15}]}, "geometry": {"type": "Point", "coordinates": [-122.3469696, 47.6146068]}}, {"type": "Feature", "properties": {"id": 5818837455, "name": "The Nest at Thompson Seattle", "category": "bar", "tags": ["bar"], "sources": ["osm"], "stations": [{"stopCode": 50, "lines": "1,2", "name": "Westlake Station", "walkingMeters": 446, "walkingSeconds": 325, "band": 10}, {"stopCode": 51, "lines": "1,2", "name": "Symphony Station", "walkingMeters": 648, "walkingSeconds": 466, "band": 10}]}, "geometry": {"type": "Point", "coordinates": [-122.341378, 47.6105188]}}, {"type": "Feature", "properties": {"id": 5855398685, "name": "Patagon", "category": "restaurant", "tags": ["restaurant", "argentinian", "argentine"], "sources": ["osm", "overture"], "website": "https://www.patagonseattle.com", "phone": "12062567520", "address": "1610 2nd Ave", "hours": "Mo-Su 06:30-22:00", "stations": [{"stopCode": 50, "lines": "1,2", "name": "Westlake Station", "walkingMeters": 343, "walkingSeconds": 251, "band": 5}, {"stopCode": 51, "lines": "1,2", "name": "Symphony Station", "walkingMeters": 549, "walkingSeconds": 397, "band": 10}]}, "geometry": {"type": "Point", "coordinates": [-122.3400605, 47.6110621]}}, {"type": "Feature", "properties": {"id": 5948047343, "name": "White Horse Trading Co.", "category": "bar", "tags": ["bar", "outdoor-seating"], "sources": ["osm"], "phone": "+1-206-441-7767", "address": "1908 Post Alley", "hours": "Mo-Su 17:00-02:00", "stations": [{"stopCode": 50, "lines": "1,2", "name": "Westlake Station", "walkingMeters": 505, "walkingSeconds": 367, "band": 10}, {"stopCode": 51, "lines": "1,2", "name": "Symphony Station", "walkingMeters": 688, "walkingSeconds": 495, "band": 10}]}, "geometry": {"type": "Point", "coordinates": [-122.3420495, 47.6101993]}}, {"type": "Feature", "properties": {"id": 6065233488, "name": "Moore Coffee Seattle", "category": "cafe", "tags": ["cafe", "wheelchair-accessible"], "sources": ["osm"], "website": "https://moorecoffee.com/", "address": "112 Stewart Street", "hours": "Mo-Fr 08:00-15:30", "stations": [{"stopCode": 50, "lines": "1,2", "name": "Westlake Station", "walkingMeters": 404, "walkingSeconds": 295, "band": 5}, {"stopCode": 51, "lines": "1,2", "name": "Symphony Station", "walkingMeters": 610, "walkingSeconds": 441, "band": 10}]}, "geometry": {"type": "Point", "coordinates": [-122.3409566, 47.6107718]}}, {"type": "Feature", "properties": {"id": 6230992285, "name": "Fulcrum Coffee", "category": "cafe", "tags": ["cafe", "coffee-shop", "outdoor-seating", "wifi"], "sources": ["osm"], "website": "https://fulcrumcoffee.com", "phone": "+1-206-995-8779", "address": "590 Bell Street", "hours": "Mo-Fr 08:00-18:00; Sa,Su 08:00-17:00", "stations": [{"stopCode": 50, "lines": "1,2", "name": "Westlake Station", "walkingMeters": 793, "walkingSeconds": 573, "band": 10}, {"stopCode": 51, "lines": "1,2", "name": "Symphony Station", "walkingMeters": 1306, "walkingSeconds": 939, "band": 15}]}, "geometry": {"type": "Point", "coordinates": [-122.342594, 47.616642]}}, {"type": "Feature", "properties": {"id": 6277471971, "name": "Currant Bistro", "category": "restaurant", "tags": ["restaurant", "french", "wheelchair-accessible", "european"], "sources": ["osm", "overture"], "website": "https://thesoundhotelseattle.com/currant-bistro/", "phone": "+12064417456", "address": "2120 4th Ave", "stations": [{"stopCode": 50, "lines": "1,2", "name": "Westlake Station", "walkingMeters": 536, "walkingSeconds": 386, "band": 10}, {"stopCode": 51, "lines": "1,2", "name": "Symphony Station", "walkingMeters": 941, "walkingSeconds": 677, "band": 15}]}, "geometry": {"type": "Point", "coordinates": [-122.3417951, 47.6143308]}}, {"type": "Feature", "properties": {"id": 6455786786, "name": "Roquette", "category": "bar", "tags": ["bar", "cocktail"], "sources": ["osm", "overture"], "website": "http://roquettesea.com/", "address": "2232 1st Ave", "stations": [{"stopCode": 50, "lines": "1,2", "name": "Westlake Station", "walkingMeters": 929, "walkingSeconds": 672, "band": 15}, {"stopCode": 51, "lines": "1,2", "name": "Symphony Station", "walkingMeters": 1131, "walkingSeconds": 814, "band": 15}]}, "geometry": {"type": "Point", "coordinates": [-122.346165, 47.613372]}}, {"type": "Feature", "properties": {"id": 7509056637, "name": "Gold Vine", "category": "cafe", "tags": ["cafe"], "sources": ["osm"], "hours": "Mo, Tu 08:00-16:00; We-Su 08:00-21:00", "stations": [{"stopCode": 50, "lines": "1,2", "name": "Westlake Station", "walkingMeters": 905, "walkingSeconds": 657, "band": 10}, {"stopCode": 51, "lines": "1,2", "name": "Symphony Station", "walkingMeters": 1067, "walkingSeconds": 769, "band": 15}]}, "geometry": {"type": "Point", "coordinates": [-122.346074, 47.6116692]}}, {"type": "Feature", "properties": {"id": 11772699190, "name": "Armistice", "category": "cafe", "tags": ["cafe"], "sources": ["osm"], "website": "https://armisticecoffeeco.com/", "address": "1914 1st Avenue", "stations": [{"stopCode": 50, "lines": "1,2", "name": "Westlake Station", "walkingMeters": 483, "walkingSeconds": 352, "band": 10}, {"stopCode": 51, "lines": "1,2", "name": "Symphony Station", "walkingMeters": 685, "walkingSeconds": 493, "band": 10}]}, "geometry": {"type": "Point", "coordinates": [-122.3417441, 47.6107396]}}, {"type": "Feature", "properties": {"id": 9709581191, "name": "Vinnie's Wine Shop", "category": "pub", "tags": ["pub", "seafood"], "sources": ["osm"], "website": "https://www.vinniesseattle.com/", "address": "2505 2nd Avenue", "hours": "Tu-Th 16:00-22:00; Fr-Sa 16:00-24:00; Su 14:00-22:00", "stations": [{"stopCode": 50, "lines": "1,2", "name": "Westlake Station", "walkingMeters": 1146, "walkingSeconds": 828, "band": 15}]}, "geometry": {"type": "Point", "coordinates": [-122.3482781, 47.6153953]}}, {"type": "Feature", "properties": {"id": "95777cdc-c89b-4bf9-9c6f-21a0a41ae233", "name": "The Market", "category": "bakery", "tags": ["bakery"], "sources": ["overture"], "website": "https://www.hyatt.com", "phone": "+12064416041", "address": "110 6th Ave N", "stations": [{"stopCode": 50, "lines": "1,2", "name": "Westlake Station", "walkingMeters": 1299, "walkingSeconds": 969, "band": 15}]}, "geometry": {"type": "Point", "coordinates": [-122.3446198, 47.6188087]}}, {"type": "Feature", "properties": {"id": 10885523985, "name": "Rocco's", "category": "bar", "tags": ["bar", "outdoor-seating", "restaurant", "pizza", "italian"], "sources": ["osm", "overture"], "website": "http://www.roccosseattle.com", "phone": "+12064482625", "address": "2312 2nd Ave", "stations": [{"stopCode": 50, "lines": "1,2", "name": "Westlake Station", "walkingMeters": 931, "walkingSeconds": 674, "band": 15}, {"stopCode": 51, "lines": "1,2", "name": "Symphony Station", "walkingMeters": 1137, "walkingSeconds": 820, "band": 15}]}, "geometry": {"type": "Point", "coordinates": [-122.3460301, 47.6144724]}}, {"type": "Feature", "properties": {"id": 10892504825, "name": "The Cottontail", "category": "bar", "tags": ["bar"], "sources": ["osm"], "address": "2219 4th Avenue", "stations": [{"stopCode": 50, "lines": "1,2", "name": "Westlake Station", "walkingMeters": 726, "walkingSeconds": 522, "band": 10}, {"stopCode": 51, "lines": "1,2", "name": "Symphony Station", "walkingMeters": 1026, "walkingSeconds": 738, "band": 15}]}, "geometry": {"type": "Point", "coordinates": [-122.3437346, 47.6147483]}}, {"type": "Feature", "properties": {"id": 10964497264, "name": "Momiji SLU", "category": "restaurant", "tags": ["restaurant", "sushi", "outdoor-seating"], "sources": ["osm"], "website": "https://www.momijislu.com/", "phone": "+1-206-257-1304", "address": "731 Bell Street", "hours": "Mo-Th 10:00-21:00; Fr 11:00-22:00; Sa 16:00-22:00; Su 16:00-21:00", "stations": [{"stopCode": 50, "lines": "1,2", "name": "Westlake Station", "walkingMeters": 867, "walkingSeconds": 626, "band": 10}]}, "geometry": {"type": "Point", "coordinates": [-122.3405139, 47.6177362]}}, {"type": "Feature", "properties": {"id": 11121098505, "name": "Milkvue", "category": "cafe", "tags": ["cafe", "bubble-tea"], "sources": ["osm"]}, "geometry": {"type": "Point", "coordinates": [-122.3485879, 47.6191897]}}, {"type": "Feature", "properties": {"id": 11195961925, "name": "Manzoku Izakaya", "category": "restaurant", "tags": ["restaurant", "japanese", "asian"], "sources": ["osm", "overture"], "website": "http://www.manzokuizakaya.com/", "phone": "+12068889009", "address": "2401 3rd Ave", "stations": [{"stopCode": 50, "lines": "1,2", "name": "Westlake Station", "walkingMeters": 972, "walkingSeconds": 700, "band": 15}, {"stopCode": 51, "lines": "1,2", "name": "Symphony Station", "walkingMeters": 1183, "walkingSeconds": 853, "band": 15}]}, "geometry": {"type": "Point", "coordinates": [-122.3464252, 47.6154465]}}, {"type": "Feature", "properties": {"id": 11230365668, "name": "Himalayan Java", "category": "cafe", "tags": ["cafe", "coffee-shop", "wheelchair-accessible"], "sources": ["osm"], "address": "2502 6th Avenue", "stations": [{"stopCode": 50, "lines": "1,2", "name": "Westlake Station", "walkingMeters": 1032, "walkingSeconds": 744, "band": 15}]}, "geometry": {"type": "Point", "coordinates": [-122.344458, 47.6182326]}}, {"type": "Feature", "properties": {"id": 11230365674, "name": "Sushi Blossom", "category": "restaurant", "tags": ["restaurant", "sushi", "takeaway"], "sources": ["osm", "overture"], "website": "https://www.sushi-blossom.com", "phone": "(425) 900-2835", "address": "2720 3rd Ave", "hours": "Mo-Sa 16:30-20:00; Su off"}, "geometry": {"type": "Point", "coordinates": [-122.3495258, 47.6176903]}}, {"type": "Feature", "properties": {"id": 11660342224, "name": "Karoo", "category": "bar", "tags": ["bar"], "sources": ["osm"], "address": "1921 1st Avenue", "stations": [{"stopCode": 50, "lines": "1,2", "name": "Westlake Station", "walkingMeters": 507, "walkingSeconds": 369, "band": 10}, {"stopCode": 51, "lines": "1,2", "name": "Symphony Station", "walkingMeters": 709, "walkingSeconds": 510, "band": 10}]}, "geometry": {"type": "Point", "coordinates": [-122.3421511, 47.6106015]}}, {"type": "Feature", "properties": {"id": 11660342225, "name": "Sonya's", "category": "restaurant", "tags": ["restaurant", "bar"], "sources": ["osm", "overture"], "website": "http://www.sonyasseattle.com", "phone": "+12063039010", "address": "1919 1st Ave", "stations": [{"stopCode": 50, "lines": "1,2", "name": "Westlake Station", "walkingMeters": 500, "walkingSeconds": 364, "band": 10}, {"stopCode": 51, "lines": "1,2", "name": "Symphony Station", "walkingMeters": 702, "walkingSeconds": 505, "band": 10}]}, "geometry": {"type": "Point", "coordinates": [-122.3420767, 47.6105623]}}, {"type": "Feature", "properties": {"id": "b53cd67e-b2f6-416c-a1f9-46827504528f", "name": "Shinya Shokudo", "category": "restaurant", "tags": ["restaurant", "japanese"], "sources": ["overture"], "website": "http://www.shinyashokudo.us", "phone": "(206) 888-9009", "address": "2401 3rd Ave", "stations": [{"stopCode": 50, "lines": "1,2", "name": "Westlake Station", "walkingMeters": 981, "walkingSeconds": 705, "band": 15}, {"stopCode": 51, "lines": "1,2", "name": "Symphony Station", "walkingMeters": 1191, "walkingSeconds": 859, "band": 15}]}, "geometry": {"type": "Point", "coordinates": [-122.3465652, 47.6154518]}}, {"type": "Feature", "properties": {"id": 11890175941, "name": "Mama Chavez's Tamales", "category": "fast_food", "tags": ["fast-food", "mexican", "outdoor-seating", "takeaway"], "sources": ["osm"], "phone": "+1-206-402-4839", "address": "2219 2nd Avenue", "stations": [{"stopCode": 50, "lines": "1,2", "name": "Westlake Station", "walkingMeters": 827, "walkingSeconds": 598, "band": 10}, {"stopCode": 51, "lines": "1,2", "name": "Symphony Station", "walkingMeters": 1032, "walkingSeconds": 744, "band": 15}]}, "geometry": {"type": "Point", "coordinates": [-122.345108, 47.6135074]}}, {"type": "Feature", "properties": {"id": 12074296059, "name": "Mainstay Provisions", "category": "cafe", "tags": ["cafe"], "sources": ["osm"], "website": "https://www.mainstayprovisions.com", "address": "2295 7th Avenue", "stations": [{"stopCode": 50, "lines": "1,2", "name": "Westlake Station", "walkingMeters": 791, "walkingSeconds": 571, "band": 10}, {"stopCode": 51, "lines": "1,2", "name": "Symphony Station", "walkingMeters": 1306, "walkingSeconds": 941, "band": 15}]}, "geometry": {"type": "Point", "coordinates": [-122.3413184, 47.6170843]}}, {"type": "Feature", "properties": {"id": "730c9c38-265e-4b75-87a9-1c0c26d4311a", "name": "Zeeks Pizza", "category": "restaurant", "tags": ["restaurant", "pizza", "italian"], "sources": ["overture"], "website": "https://zeekspizza.com/locations/", "phone": "+12063150505", "address": "419 Denny Wy", "stations": [{"stopCode": 50, "lines": "1,2", "name": "Westlake Station", "walkingMeters": 1180, "walkingSeconds": 849, "band": 15}]}, "geometry": {"type": "Point", "coordinates": [-122.3477936, 47.6184349]}}, {"type": "Feature", "properties": {"id": 12789899683, "name": "Los Tacos Mexicali", "category": "restaurant", "tags": ["restaurant", "mexican"], "sources": ["osm"], "website": "https://www.lostacosmexicali.com/", "address": "2505 2nd Avenue", "hours": "Mo-Th 16:00-23:45; Fr-Sa 11:00-24:45; Su 11:00-23:45", "stations": [{"stopCode": 50, "lines": "1,2", "name": "Westlake Station", "walkingMeters": 1175, "walkingSeconds": 849, "band": 15}]}, "geometry": {"type": "Point", "coordinates": [-122.3486815, 47.6154804]}}, {"type": "Feature", "properties": {"id": 12793391708, "name": "Lenox", "category": "restaurant", "tags": ["restaurant", "american", "latin-american", "caribbean"], "sources": ["osm", "overture"], "website": "https://www.lenoxwa.com/", "phone": "+12063754557", "address": "2510 1st Ave", "hours": "Mo-Tu off; We-Fr 16:30-24:00; Sa-Su 11:00-15:00,16:30-24:00", "stations": [{"stopCode": 50, "lines": "1,2", "name": "Westlake Station", "walkingMeters": 1220, "walkingSeconds": 882, "band": 15}]}, "geometry": {"type": "Point", "coordinates": [-122.3490348, 47.6150619]}}, {"type": "Feature", "properties": {"id": 13911213585, "name": "Berry Much", "category": "fast_food", "tags": ["fast-food", "juice"], "sources": ["osm"], "stations": [{"stopCode": 50, "lines": "1,2", "name": "Westlake Station", "walkingMeters": 690, "walkingSeconds": 500, "band": 10}, {"stopCode": 51, "lines": "1,2", "name": "Symphony Station", "walkingMeters": 852, "walkingSeconds": 612, "band": 10}]}, "geometry": {"type": "Point", "coordinates": [-122.3440527, 47.610892]}}, {"type": "Feature", "properties": {"id": 13325215370, "name": "Fob Sushi Bar", "category": "restaurant", "tags": ["restaurant", "sushi", "outdoor-seating"], "sources": ["osm"], "stations": [{"stopCode": 50, "lines": "1,2", "name": "Westlake Station", "walkingMeters": 540, "walkingSeconds": 388, "band": 10}, {"stopCode": 51, "lines": "1,2", "name": "Symphony Station", "walkingMeters": 909, "walkingSeconds": 654, "band": 15}]}, "geometry": {"type": "Point", "coordinates": [-122.3419926, 47.614036]}}, {"type": "Feature", "properties": {"id": "f819bfe1-2391-4897-8baf-3ea6f1db9468", "name": "Krispy Krunchy Chicken", "category": "restaurant", "tags": ["restaurant", "chicken"], "sources": ["overture"], "website": "https://www.krispykrunchy.com/", "phone": "2064100220", "address": "2221 3rd Avenue", "stations": [{"stopCode": 50, "lines": "1,2", "name": "Westlake Station", "walkingMeters": 758, "walkingSeconds": 550, "band": 10}, {"stopCode": 51, "lines": "1,2", "name": "Symphony Station", "walkingMeters": 968, "walkingSeconds": 710, "band": 15}]}, "geometry": {"type": "Point", "coordinates": [-122.3444672, 47.6142006]}}, {"type": "Feature", "properties": {"id": 719043234, "name": "Aerlume", "category": "restaurant", "tags": ["restaurant", "american"], "sources": ["osm"], "website": "https://www.aerlumeseattle.com/", "address": "2003 Western Avenue", "stations": [{"stopCode": 50, "lines": "1,2", "name": "Westlake Station", "walkingMeters": 743, "walkingSeconds": 538, "band": 10}, {"stopCode": 51, "lines": "1,2", "name": "Symphony Station", "walkingMeters": 904, "walkingSeconds": 650, "band": 15}]}, "geometry": {"type": "Point", "coordinates": [-122.3447491, 47.6106372]}}, {"type": "Feature", "properties": {"id": "2c9c75cf-c604-45de-9706-44a9eed51c0d", "name": "The Nest", "category": "bar", "tags": ["bar", "cocktail"], "sources": ["overture"], "website": "https://www.thenestseattle.com/", "phone": "+12066234600", "address": "110 Stewart St", "stations": [{"stopCode": 50, "lines": "1,2", "name": "Westlake Station", "walkingMeters": 423, "walkingSeconds": 308, "band": 10}, {"stopCode": 51, "lines": "1,2", "name": "Symphony Station", "walkingMeters": 625, "walkingSeconds": 450, "band": 10}]}, "geometry": {"type": "Point", "coordinates": [-122.3411407, 47.610672]}}, {"type": "Feature", "properties": {"id": "38fcf756-544a-463b-9943-ae1406994e62", "name": "Starbucks Coffee Company", "category": "cafe", "tags": ["cafe", "coffee"], "sources": ["overture"], "website": "https://www.starbucks.com/store-locator/store/11676/", "phone": "+12064488762", "address": "1912 Pike Pl", "stations": [{"stopCode": 50, "lines": "1,2", "name": "Westlake Station", "walkingMeters": 619, "walkingSeconds": 462, "band": 10}, {"stopCode": 51, "lines": "1,2", "name": "Symphony Station", "walkingMeters": 719, "walkingSeconds": 537, "band": 10}]}, "geometry": {"type": "Point", "coordinates": [-122.3426361, 47.6100044]}}, {"type": "Feature", "properties": {"id": "64b9014c-091d-4d5d-9a38-739d9c2b034a", "name": "Man vs Fries", "category": "restaurant", "tags": ["restaurant", "mexican"], "sources": ["overture"], "website": "http://www.manvsfries.com/", "address": "130 5th Ave N", "stations": [{"stopCode": 50, "lines": "1,2", "name": "Westlake Station", "walkingMeters": 1260, "walkingSeconds": 910, "band": 15}]}, "geometry": {"type": "Point", "coordinates": [-122.3476105, 47.6194305]}}, {"type": "Feature", "properties": {"id": "c0e42bda-05a9-4c1f-a7cc-cb589234b400", "name": "Sport Restaurant & Bar", "category": "bar", "tags": ["bar", "sports"], "sources": ["overture"], "website": "http://www.sportrestaurant.com/", "address": "140 4th Ave N Ste 130"}, "geometry": {"type": "Point", "coordinates": [-122.3480835, 47.6194038]}}, {"type": "Feature", "properties": {"id": "1d7b4ecc-786e-4f39-801e-d66e86535230", "name": "Forza Coffee Company", "category": "cafe", "tags": ["cafe", "coffee"], "sources": ["overture"], "website": "http://www.forzacoffeecompany.com", "phone": "(206) 404-3679", "address": "100 4th Ave N"}, "geometry": {"type": "Point", "coordinates": [-122.348526, 47.6194267]}}, {"type": "Feature", "properties": {"id": "d13c4776-7048-4fde-b2d0-95b0729eff6c", "name": "Northwest Quality Foods Llc", "category": "restaurant", "tags": ["restaurant"], "sources": ["overture"], "address": "100 4th Ave N Ste 120"}, "geometry": {"type": "Point", "coordinates": [-122.3485565, 47.6191521]}}, {"type": "Feature", "properties": {"id": "c762869c-0097-4d9c-8b67-37e0c9870ae5", "name": "Honor Coffee", "category": "restaurant", "tags": ["restaurant"], "sources": ["overture"], "website": "https://www.honorcoffee.com", "address": "100 4th Ave N Ste 165"}, "geometry": {"type": "Point", "coordinates": [-122.3485565, 47.6191521]}}, {"type": "Feature", "properties": {"id": "fd03ad09-7229-4deb-9990-6795ff27fc90", "name": "Pantheon Investments Llc", "category": "restaurant", "tags": ["restaurant"], "sources": ["overture"], "address": "100 4th Ave N"}, "geometry": {"type": "Point", "coordinates": [-122.3485565, 47.6191521]}}, {"type": "Feature", "properties": {"id": "fa2754dd-d341-4d93-b6ac-c659b91f3181", "name": "Caffeinated Coffee", "category": "cafe", "tags": ["cafe", "coffee"], "sources": ["overture"], "website": "http://seattle.coffee", "address": "100 4th Ave N  Ste 165"}, "geometry": {"type": "Point", "coordinates": [-122.3485565, 47.6191521]}}, {"type": "Feature", "properties": {"id": "46277c34-852f-4ab6-a9d8-3cebea1e22ca", "name": "Chaco Coffee & Tea", "category": "cafe", "tags": ["cafe", "coffee"], "sources": ["overture"], "website": "http://www.honorcoffee.com/", "phone": "+12062020914", "address": "100 4th Ave N Ste 165"}, "geometry": {"type": "Point", "coordinates": [-122.3485718, 47.6189232]}}, {"type": "Feature", "properties": {"id": "7910038f-4810-4030-80f3-eca2388ad416", "name": "Hyatt Place Seattle Breakfast Bar", "category": "restaurant", "tags": ["restaurant", "breakfast-and-brunch", "breakfast", "brunch"], "sources": ["overture"], "website": "http://www.hyatthouseseattledowntown.com", "phone": "(206) 727-1234", "address": "6th Avenue North", "stations": [{"stopCode": 50, "lines": "1,2", "name": "Westlake Station", "walkingMeters": 1102, "walkingSeconds": 794, "band": 15}]}, "geometry": {"type": "Point", "coordinates": [-122.3449554, 47.6186295]}}, {"type": "Feature", "properties": {"id": "3685d1fc-7d1c-4037-a0e1-6e670b9b55d3", "name": "Outlaw Tamales", "category": "fast_food", "tags": ["fast-food", "food", "truck"], "sources": ["overture"], "website": "http://www.outlawtamales.net", "phone": "(206) 353-6074", "address": "2025 4th Ave", "stations": [{"stopCode": 50, "lines": "1,2", "name": "Westlake Station", "walkingMeters": 465, "walkingSeconds": 334, "band": 10}, {"stopCode": 51, "lines": "1,2", "name": "Symphony Station", "walkingMeters": 834, "walkingSeconds": 600, "band": 10}]}, "geometry": {"type": "Point", "coordinates": [-122.3413086, 47.6133957]}}, {"type": "Feature", "properties": {"id": "3eddd77e-ad27-4401-94d4-218ef96cd644", "name": "Margaux", "category": "restaurant", "tags": ["restaurant", "french", "european"], "sources": ["overture"], "website": "http://www.margauxseattle.com/", "phone": "+12062192258", "address": "401 Lenora St", "stations": [{"stopCode": 50, "lines": "1,2", "name": "Westlake Station", "walkingMeters": 484, "walkingSeconds": 348, "band": 10}, {"stopCode": 51, "lines": "1,2", "name": "Symphony Station", "walkingMeters": 890, "walkingSeconds": 640, "band": 10}]}, "geometry": {"type": "Point", "coordinates": [-122.3409729, 47.6138954]}}, {"type": "Feature", "properties": {"id": "3698ad10-550e-4873-8482-e41e78a3e429", "name": "Nara Grill", "category": "restaurant", "tags": ["restaurant"], "sources": ["overture"], "website": "https://naragrille.com", "address": "2027 5th Ave", "stations": [{"stopCode": 50, "lines": "1,2", "name": "Westlake Station", "walkingMeters": 513, "walkingSeconds": 383, "band": 10}, {"stopCode": 51, "lines": "1,2", "name": "Symphony Station", "walkingMeters": 1007, "walkingSeconds": 751, "band": 15}]}, "geometry": {"type": "Point", "coordinates": [-122.3403702, 47.6141319]}}, {"type": "Feature", "properties": {"id": "76ed3b93-89a8-437b-861f-ac4f13bd97cd", "name": "Brasa", "category": "restaurant", "tags": ["restaurant", "american"], "sources": ["overture"], "website": "http://www.brasa.com", "phone": "(206) 728-4220", "address": "2107 3rd Ave", "stations": [{"stopCode": 50, "lines": "1,2", "name": "Westlake Station", "walkingMeters": 588, "walkingSeconds": 425, "band": 10}, {"stopCode": 51, "lines": "1,2", "name": "Symphony Station", "walkingMeters": 798, "walkingSeconds": 586, "band": 10}]}, "geometry": {"type": "Point", "coordinates": [-122.3425369, 47.6133766]}}, {"type": "Feature", "properties": {"id": "9292fb70-99e7-49dc-a46b-9b2eb8da07d9", "name": "Bento World", "category": "restaurant", "tags": ["restaurant", "japanese", "asian", "sushi"], "sources": ["overture"], "website": "https://bentoworld.square.site/#LZ7CEQYRMQHQIF37XHAAOSDE", "phone": "+12064414474", "address": "306 Lenora St", "stations": [{"stopCode": 50, "lines": "1,2", "name": "Westlake Station", "walkingMeters": 550, "walkingSeconds": 396, "band": 10}, {"stopCode": 51, "lines": "1,2", "name": "Symphony Station", "walkingMeters": 800, "walkingSeconds": 586, "band": 10}]}, "geometry": {"type": "Point", "coordinates": [-122.3420105, 47.6134377]}}, {"type": "Feature", "properties": {"id": "1a17dd7f-e46c-42c7-a8b7-827672dd4246", "name": "Woven Foods", "category": "bakery", "tags": ["bakery"], "sources": ["overture"], "website": "http://www.contessa.com/", "phone": "+12063341214", "stations": [{"stopCode": 50, "lines": "1,2", "name": "Westlake Station", "walkingMeters": 561, "walkingSeconds": 419, "band": 10}, {"stopCode": 51, "lines": "1,2", "name": "Symphony Station", "walkingMeters": 956, "walkingSeconds": 713, "band": 10}]}, "geometry": {"type": "Point", "coordinates": [-122.3420639, 47.6130219]}}, {"type": "Feature", "properties": {"id": "7be56b48-f9dc-41f1-83c7-79b8a2ecafaf", "name": "Orfeo", "category": "restaurant", "tags": ["restaurant", "american"], "sources": ["overture"], "website": "http://orfeorestaurant.com", "phone": "(206) 443-1972", "address": "2107 3rd Ave", "stations": [{"stopCode": 50, "lines": "1,2", "name": "Westlake Station", "walkingMeters": 598, "walkingSeconds": 430, "band": 10}, {"stopCode": 51, "lines": "1,2", "name": "Symphony Station", "walkingMeters": 809, "walkingSeconds": 584, "band": 10}]}, "geometry": {"type": "Point", "coordinates": [-122.3426743, 47.6132851]}}, {"type": "Feature", "properties": {"id": "2aa64ea9-fb58-42fa-91dd-687294ad3586", "name": "Good Shape Pizza", "category": "restaurant", "tags": ["restaurant", "pizza"], "sources": ["overture"], "website": "https://goodshapepizza.square.site/s/order", "address": "2126 2nd Ave Suite A", "stations": [{"stopCode": 50, "lines": "1,2", "name": "Westlake Station", "walkingMeters": 715, "walkingSeconds": 518, "band": 10}, {"stopCode": 51, "lines": "1,2", "name": "Symphony Station", "walkingMeters": 921, "walkingSeconds": 665, "band": 15}]}, "geometry": {"type": "Point", "coordinates": [-122.3438644, 47.6131935]}}, {"type": "Feature", "properties": {"id": "c4078097-da4d-43ec-88d8-5e9e6359cb1a", "name": "Pickering Spirits Llc", "category": "restaurant", "tags": ["restaurant"], "sources": ["overture"], "address": "2122 2nd Ave", "stations": [{"stopCode": 50, "lines": "1,2", "name": "Westlake Station", "walkingMeters": 715, "walkingSeconds": 534, "band": 10}, {"stopCode": 51, "lines": "1,2", "name": "Symphony Station", "walkingMeters": 1074, "walkingSeconds": 801, "band": 15}]}, "geometry": {"type": "Point", "coordinates": [-122.3436661, 47.613163]}}, {"type": "Feature", "properties": {"id": "ce1cedd2-0d3d-4e06-a0ce-35bfd256a89b", "name": "Situ Tacos", "category": "restaurant", "tags": ["restaurant"], "sources": ["overture"], "website": "https://www.situtacos.com", "phone": "(206) 789-3599", "address": "2126 2nd Ave", "stations": [{"stopCode": 50, "lines": "1,2", "name": "Westlake Station", "walkingMeters": 698, "walkingSeconds": 506, "band": 10}, {"stopCode": 51, "lines": "1,2", "name": "Symphony Station", "walkingMeters": 904, "walkingSeconds": 653, "band": 15}]}, "geometry": {"type": "Point", "coordinates": [-122.3437958, 47.6130142]}}, {"type": "Feature", "properties": {"id": "bfeceb3f-7286-4abb-bb40-6fbe82d4aa2b", "name": "Flight Tap & Table Seattle", "category": "bar", "tags": ["bar"], "sources": ["overture"], "website": "http://www.flighttapandtable.com/", "address": "2020 2nd Ave", "stations": [{"stopCode": 50, "lines": "1,2", "name": "Westlake Station", "walkingMeters": 567, "walkingSeconds": 423, "band": 10}, {"stopCode": 51, "lines": "1,2", "name": "Symphony Station", "walkingMeters": 914, "walkingSeconds": 682, "band": 10}]}, "geometry": {"type": "Point", "coordinates": [-122.342392, 47.6124535]}}, {"type": "Feature", "properties": {"id": "9d8120ba-faea-4c86-abd5-cc5fbe09a65c", "name": "Dahlia Lounge", "category": "restaurant", "tags": ["restaurant", "breakfast-and-brunch", "breakfast", "brunch", "seafood"], "sources": ["overture"], "website": "http://www.dahlialounge.com/", "phone": "2066824142", "address": "2001 4th Ave", "stations": [{"stopCode": 50, "lines": "1,2", "name": "Westlake Station", "walkingMeters": 370, "walkingSeconds": 266, "band": 5}, {"stopCode": 51, "lines": "1,2", "name": "Symphony Station", "walkingMeters": 740, "walkingSeconds": 532, "band": 10}]}, "geometry": {"type": "Point", "coordinates": [-122.340271, 47.61306]}}, {"type": "Feature", "properties": {"id": "e3b67c30-6cc2-439f-860c-b756d3414b24", "name": "Dahlia Bakery", "category": "bakery", "tags": ["bakery"], "sources": ["overture"], "website": "https://www.dahliabakery.com/", "phone": "+12064414540", "address": "2001 4th Ave", "stations": [{"stopCode": 50, "lines": "1,2", "name": "Westlake Station", "walkingMeters": 384, "walkingSeconds": 277, "band": 5}, {"stopCode": 51, "lines": "1,2", "name": "Symphony Station", "walkingMeters": 754, "walkingSeconds": 542, "band": 10}]}, "geometry": {"type": "Point", "coordinates": [-122.3404617, 47.6131058]}}, {"type": "Feature", "properties": {"id": "7b10d24e-be80-43d2-b8e3-8aa917a7779b", "name": "Neb Italian Restaurant", "category": "restaurant", "tags": ["restaurant", "italian"], "sources": ["overture"], "website": "https://www.nebwinebar.com", "phone": "+12062451209", "address": "316 Virginia St", "stations": [{"stopCode": 50, "lines": "1,2", "name": "Westlake Station", "walkingMeters": 394, "walkingSeconds": 284, "band": 5}, {"stopCode": 51, "lines": "1,2", "name": "Symphony Station", "walkingMeters": 710, "walkingSeconds": 511, "band": 10}]}, "geometry": {"type": "Point", "coordinates": [-122.3405151, 47.6128731]}}, {"type": "Feature", "properties": {"id": "3f5635da-1462-4934-96da-311d2ed05cbb", "name": "Serious Pie Downtown", "category": "restaurant", "tags": ["restaurant", "pizza", "italian"], "sources": ["overture"], "website": "https://www.seriouspieseattle.com/", "phone": "+12068387388", "address": "2001 4th Ave", "stations": [{"stopCode": 50, "lines": "1,2", "name": "Westlake Station", "walkingMeters": 387, "walkingSeconds": 279, "band": 5}, {"stopCode": 51, "lines": "1,2", "name": "Symphony Station", "walkingMeters": 718, "walkingSeconds": 516, "band": 10}]}, "geometry": {"type": "Point", "coordinates": [-122.3404694, 47.6129303]}}, {"type": "Feature", "properties": {"id": "ca39e4be-2f2c-4441-8848-c4c2466f3a41", "name": "Buenos Aires Grill", "category": "restaurant", "tags": ["restaurant", "argentine"], "sources": ["overture"], "website": "http://www.buenosairescuisine.com/", "phone": "(206) 441-7076", "address": "220 Virginia St", "stations": [{"stopCode": 50, "lines": "1,2", "name": "Westlake Station", "walkingMeters": 466, "walkingSeconds": 340, "band": 10}, {"stopCode": 51, "lines": "1,2", "name": "Symphony Station", "walkingMeters": 672, "walkingSeconds": 486, "band": 10}]}, "geometry": {"type": "Point", "coordinates": [-122.3414154, 47.6120377]}}, {"type": "Feature", "properties": {"id": "af8da7bf-0c6f-4e9a-9b9a-0c3ab319fe82", "name": "Buenos Aires Grill", "category": "restaurant", "tags": ["restaurant", "argentine"], "sources": ["overture"], "website": "https://www.bagrillseattle.com", "phone": "(206) 448-3114", "address": "2238 1st Ave", "stations": [{"stopCode": 50, "lines": "1,2", "name": "Westlake Station", "walkingMeters": 965, "walkingSeconds": 700, "band": 15}, {"stopCode": 51, "lines": "1,2", "name": "Symphony Station", "walkingMeters": 1127, "walkingSeconds": 812, "band": 15}]}, "geometry": {"type": "Point", "coordinates": [-122.3473053, 47.6115417]}}, {"type": "Feature", "properties": {"id": "0a2a3481-9e15-4630-9520-8c849c4e0eab", "name": "Moore Coffee Shop", "category": "cafe", "tags": ["cafe", "coffee"], "sources": ["overture"], "website": "http://www.moorecoffeeshop.com/", "phone": "+12067245638", "address": "1930 2nd Ave", "stations": [{"stopCode": 50, "lines": "1,2", "name": "Westlake Station", "walkingMeters": 451, "walkingSeconds": 328, "band": 10}, {"stopCode": 51, "lines": "1,2", "name": "Symphony Station", "walkingMeters": 657, "walkingSeconds": 475, "band": 10}]}, "geometry": {"type": "Point", "coordinates": [-122.3412323, 47.6116562]}}, {"type": "Feature", "properties": {"id": "ef0b4696-9154-4964-8477-dd26ee3c7730", "name": "La llorona Taqueria Mexicana", "category": "restaurant", "tags": ["restaurant", "mexican"], "sources": ["overture"], "website": "http://Www.lalloronataqueria.com/", "phone": "+12064430899", "address": "1922 2nd Ave", "stations": [{"stopCode": 50, "lines": "1,2", "name": "Westlake Station", "walkingMeters": 426, "walkingSeconds": 318, "band": 10}, {"stopCode": 51, "lines": "1,2", "name": "Symphony Station", "walkingMeters": 733, "walkingSeconds": 547, "band": 10}]}, "geometry": {"type": "Point", "coordinates": [-122.341095, 47.611557]}}, {"type": "Feature", "properties": {"id": "f0357ab5-64da-4642-b33e-b70ec770be6a", "name": "James Moore Bar & Kitchen", "category": "bar", "tags": ["bar", "cocktail"], "sources": ["overture"], "website": "http://www.thejamesmoore.com", "phone": "(206) 443-0899", "address": "1920A 2nd Ave", "stations": [{"stopCode": 50, "lines": "1,2", "name": "Westlake Station", "walkingMeters": 419, "walkingSeconds": 306, "band": 10}, {"stopCode": 51, "lines": "1,2", "name": "Symphony Station", "walkingMeters": 625, "walkingSeconds": 452, "band": 10}]}, "geometry": {"type": "Point", "coordinates": [-122.3409195, 47.6114655]}}, {"type": "Feature", "properties": {"id": "97ba1e26-3a63-46ca-be4f-660e9dd4ab9e", "name": "Moderno Mexicano", "category": "bar", "tags": ["bar", "cocktail", "mexican"], "sources": ["overture"], "website": "http://www.modernomexicano.com/", "phone": "2064430899", "address": "1920 2nd Ave Ste A", "stations": [{"stopCode": 50, "lines": "1,2", "name": "Westlake Station", "walkingMeters": 430, "walkingSeconds": 314, "band": 10}, {"stopCode": 51, "lines": "1,2", "name": "Symphony Station", "walkingMeters": 637, "walkingSeconds": 460, "band": 10}]}, "geometry": {"type": "Point", "coordinates": [-122.3410873, 47.6114922]}}, {"type": "Feature", "properties": {"id": "e5a471fd-51a1-4c90-b76d-1f06d646c924", "name": "Amanda's Bistro", "category": "restaurant", "tags": ["restaurant", "american"], "sources": ["overture"], "website": "http://www.the-bistro.com/", "phone": "+18182332607", "address": "121 Stewart St", "stations": [{"stopCode": 50, "lines": "1,2", "name": "Westlake Station", "walkingMeters": 381, "walkingSeconds": 278, "band": 5}, {"stopCode": 51, "lines": "1,2", "name": "Symphony Station", "walkingMeters": 586, "walkingSeconds": 424, "band": 10}]}, "geometry": {"type": "Point", "coordinates": [-122.3406296, 47.6106873]}}, {"type": "Feature", "properties": {"id": "103663b7-9466-47b5-b546-f6f62fd23b63", "name": "Artly Robot Coffee - Seattle's Robot Cafe", "category": "cafe", "tags": ["cafe", "coffee"], "sources": ["overture"], "website": "http://artly.coffee", "phone": "12066050894", "address": "101 Stewart St  Ste 102", "stations": [{"stopCode": 50, "lines": "1,2", "name": "Westlake Station", "walkingMeters": 445, "walkingSeconds": 332, "band": 5}, {"stopCode": 51, "lines": "1,2", "name": "Symphony Station", "walkingMeters": 597, "walkingSeconds": 446, "band": 10}]}, "geometry": {"type": "Point", "coordinates": [-122.340889, 47.610321]}}, {"type": "Feature", "properties": {"id": "0a0e6a2f-6f72-4d68-960c-d05c0e6c73f4", "name": "Botticelli Cafe", "category": "cafe", "tags": ["cafe"], "sources": ["overture"], "phone": "(206) 441-9235", "address": "101 Stewart St #102", "stations": [{"stopCode": 50, "lines": "1,2", "name": "Westlake Station", "walkingMeters": 420, "walkingSeconds": 306, "band": 10}, {"stopCode": 51, "lines": "1,2", "name": "Symphony Station", "walkingMeters": 622, "walkingSeconds": 447, "band": 10}]}, "geometry": {"type": "Point", "coordinates": [-122.341156, 47.6103249]}}, {"type": "Feature", "properties": {"id": "720b1c18-e029-4a88-b2ac-54aa7d74d25b", "name": "Caff\u00e9 Lieto", "category": "cafe", "tags": ["cafe", "coffee"], "sources": ["overture"], "website": "http://www.biscuitbitch.com", "phone": "(206) 441-7999", "address": "1909 1st Ave", "stations": [{"stopCode": 50, "lines": "1,2", "name": "Westlake Station", "walkingMeters": 458, "walkingSeconds": 333, "band": 10}, {"stopCode": 51, "lines": "1,2", "name": "Symphony Station", "walkingMeters": 659, "walkingSeconds": 474, "band": 10}]}, "geometry": {"type": "Point", "coordinates": [-122.3414764, 47.6105957]}}, {"type": "Feature", "properties": {"id": "958282ab-825b-47fd-b928-04aeb5fb1551", "name": "Conversation", "category": "restaurant", "tags": ["restaurant", "american", "european"], "sources": ["overture"], "website": "https://www.conversationseattle.com/", "phone": "+12065121097", "address": "110 Stewart St", "stations": [{"stopCode": 50, "lines": "1,2", "name": "Westlake Station", "walkingMeters": 435, "walkingSeconds": 316, "band": 10}, {"stopCode": 51, "lines": "1,2", "name": "Symphony Station", "walkingMeters": 636, "walkingSeconds": 458, "band": 10}]}, "geometry": {"type": "Point", "coordinates": [-122.3412476, 47.6105118]}}, {"type": "Feature", "properties": {"id": "7cfcb1cd-5452-43d4-8d47-f02decfa3f07", "name": "Armistice Coffee Roasters", "category": "cafe", "tags": ["cafe", "coffee"], "sources": ["overture"], "website": "https://armisticecoffeeco.com", "phone": "(206) 708-7420", "address": "1914 1st Ave", "stations": [{"stopCode": 50, "lines": "1,2", "name": "Westlake Station", "walkingMeters": 462, "walkingSeconds": 337, "band": 10}, {"stopCode": 51, "lines": "1,2", "name": "Symphony Station", "walkingMeters": 664, "walkingSeconds": 478, "band": 10}]}, "geometry": {"type": "Point", "coordinates": [-122.3414993, 47.6106453]}}, {"type": "Feature", "properties": {"id": "1eb730e3-b9b2-4c9f-816c-622c7bacf10f", "name": "Ludi's Restaurant", "category": "restaurant", "tags": ["restaurant", "breakfast-and-brunch", "breakfast", "brunch"], "sources": ["overture"], "website": "http://Secondandstewart.com/", "phone": "+12062392728", "address": "120 Stewart St", "stations": [{"stopCode": 50, "lines": "1,2", "name": "Westlake Station", "walkingMeters": 392, "walkingSeconds": 286, "band": 5}, {"stopCode": 51, "lines": "1,2", "name": "Symphony Station", "walkingMeters": 598, "walkingSeconds": 432, "band": 10}]}, "geometry": {"type": "Point", "coordinates": [-122.3407822, 47.6108093]}}, {"type": "Feature", "properties": {"id": "e5a7d9b4-38e9-4b38-9fd1-10af45c5082b", "name": "WeRise Wine Bar", "category": "bar", "tags": ["bar", "wine"], "sources": ["overture"], "website": "https://www.werisewines.com/wine-bar", "phone": "+12067172970", "address": "1913 2nd Ave", "stations": [{"stopCode": 50, "lines": "1,2", "name": "Westlake Station", "walkingMeters": 410, "walkingSeconds": 299, "band": 10}, {"stopCode": 51, "lines": "1,2", "name": "Symphony Station", "walkingMeters": 615, "walkingSeconds": 445, "band": 10}]}, "geometry": {"type": "Point", "coordinates": [-122.3410187, 47.6110344]}}, {"type": "Feature", "properties": {"id": "f898d1f7-a971-4470-986a-10b56c6ee328", "name": "Monster Dogs", "category": "restaurant", "tags": ["restaurant", "hot-dog", "hot", "dog"], "sources": ["overture"], "website": "http://www.seattlemonsterdogs.com", "phone": "+18885714447", "address": "1st Ave", "stations": [{"stopCode": 50, "lines": "1,2", "name": "Westlake Station", "walkingMeters": 957, "walkingSeconds": 692, "band": 10}, {"stopCode": 51, "lines": "1,2", "name": "Symphony Station", "walkingMeters": 1159, "walkingSeconds": 834, "band": 10}]}, "geometry": {"type": "Point", "coordinates": [-122.3428268, 47.611187]}}, {"type": "Feature", "properties": {"id": "87667d6e-b594-4d0a-a297-94b590d8def7", "name": "Musashi Newsroom Ballard", "category": "restaurant", "tags": ["restaurant", "sushi"], "sources": ["overture"], "website": "https://www.clover.com/online-ordering/musashi-newsroom-seattle", "phone": "+12062883236", "address": "15th & Market", "stations": [{"stopCode": 50, "lines": "1,2", "name": "Westlake Station", "walkingMeters": 536, "walkingSeconds": 400, "band": 10}, {"stopCode": 51, "lines": "1,2", "name": "Symphony Station", "walkingMeters": 747, "walkingSeconds": 557, "band": 10}]}, "geometry": {"type": "Point", "coordinates": [-122.3421326, 47.6109276]}}, {"type": "Feature", "properties": {"id": "98c60c4d-6d59-4198-9427-56e2d1a48a53", "name": "Social Grounds Coffee & Tea on Pike", "category": "cafe", "tags": ["cafe"], "sources": ["overture"], "phone": "+14254555422", "address": "1914 1st Ave", "stations": [{"stopCode": 50, "lines": "1,2", "name": "Westlake Station", "walkingMeters": 509, "walkingSeconds": 380, "band": 10}, {"stopCode": 51, "lines": "1,2", "name": "Symphony Station", "walkingMeters": 704, "walkingSeconds": 525, "band": 10}]}, "geometry": {"type": "Point", "coordinates": [-122.3417969, 47.610733]}}, {"type": "Feature", "properties": {"id": "16446b5d-3854-45f4-bfc0-236e7b5966f9", "name": "Post Market Llc", "category": "restaurant", "tags": ["restaurant"], "sources": ["overture"], "address": "1914 Post Aly", "stations": [{"stopCode": 50, "lines": "1,2", "name": "Westlake Station", "walkingMeters": 559, "walkingSeconds": 417, "band": 10}, {"stopCode": 51, "lines": "1,2", "name": "Symphony Station", "walkingMeters": 692, "walkingSeconds": 516, "band": 10}]}, "geometry": {"type": "Point", "coordinates": [-122.3421173, 47.6102676]}}, {"type": "Feature", "properties": {"id": "1ef4753a-8815-4070-9bf6-07e2a505d31d", "name": "El callejon Restobar", "category": "restaurant", "tags": ["restaurant", "peruvian", "latin-american"], "sources": ["overture"], "phone": "+12064837541", "address": "1914 Post Alley", "stations": [{"stopCode": 50, "lines": "1,2", "name": "Westlake Station", "walkingMeters": 503, "walkingSeconds": 366, "band": 10}, {"stopCode": 51, "lines": "1,2", "name": "Symphony Station", "walkingMeters": 686, "walkingSeconds": 494, "band": 10}]}, "geometry": {"type": "Point", "coordinates": [-122.3422241, 47.6103096]}}, {"type": "Feature", "properties": {"id": "a8056ebb-eaff-4b11-95ef-ea7cc6b1a383", "name": "Cantina de San Patricio", "category": "restaurant", "tags": ["restaurant", "mexican"], "sources": ["overture"], "website": "http://www.cantinadesanpatricio.com", "phone": "(206) 443-2150", "address": "1914 Post Aly", "stations": [{"stopCode": 50, "lines": "1,2", "name": "Westlake Station", "walkingMeters": 524, "walkingSeconds": 381, "band": 10}, {"stopCode": 51, "lines": "1,2", "name": "Symphony Station", "walkingMeters": 707, "walkingSeconds": 508, "band": 10}]}, "geometry": {"type": "Point", "coordinates": [-122.3422546, 47.6102982]}}, {"type": "Feature", "properties": {"id": "16af74c8-200f-449b-a1a5-101da30ffa00", "name": "Karoo Cafe", "category": "cafe", "tags": ["cafe"], "sources": ["overture"], "website": "http://karoo.cafe/", "phone": "+12064432150", "address": "1921 1st Ave", "stations": [{"stopCode": 50, "lines": "1,2", "name": "Westlake Station", "walkingMeters": 511, "walkingSeconds": 371, "band": 10}, {"stopCode": 51, "lines": "1,2", "name": "Symphony Station", "walkingMeters": 712, "walkingSeconds": 512, "band": 10}]}, "geometry": {"type": "Point", "coordinates": [-122.3422623, 47.6105652]}}, {"type": "Feature", "properties": {"id": "f1c4f1c9-7b8f-432e-8e51-2d30b7377a10", "name": "Wines of Washington Tasting Room", "category": "bar", "tags": ["bar", "wine"], "sources": ["overture"], "website": "http://winesofwashington.com/", "phone": "+12067709463", "address": "1924 Post Alley", "stations": [{"stopCode": 50, "lines": "1,2", "name": "Westlake Station", "walkingMeters": 518, "walkingSeconds": 376, "band": 10}, {"stopCode": 51, "lines": "1,2", "name": "Symphony Station", "walkingMeters": 720, "walkingSeconds": 518, "band": 10}]}, "geometry": {"type": "Point", "coordinates": [-122.3423157, 47.6106224]}}, {"type": "Feature", "properties": {"id": "ed766fcd-cb17-438c-b652-f0bf75faa692", "name": "Rub With Love Shack", "category": "restaurant", "tags": ["restaurant", "sandwich"], "sources": ["overture"], "phone": "2068120022", "address": "2010 Western Ave", "stations": [{"stopCode": 50, "lines": "1,2", "name": "Westlake Station", "walkingMeters": 655, "walkingSeconds": 475, "band": 10}, {"stopCode": 51, "lines": "1,2", "name": "Symphony Station", "walkingMeters": 817, "walkingSeconds": 588, "band": 10}]}, "geometry": {"type": "Point", "coordinates": [-122.3433075, 47.6107674]}}, {"type": "Feature", "properties": {"id": "6022c75b-767d-4b5c-b4ed-6029949d5590", "name": "Peet's Coffee & Tea", "category": "cafe", "tags": ["cafe"], "sources": ["overture"], "website": "http://www.peets.com/", "phone": "+12064415629", "address": "1928 Pike Pl", "stations": [{"stopCode": 50, "lines": "1,2", "name": "Westlake Station", "walkingMeters": 581, "walkingSeconds": 422, "band": 10}, {"stopCode": 51, "lines": "1,2", "name": "Symphony Station", "walkingMeters": 743, "walkingSeconds": 534, "band": 10}]}, "geometry": {"type": "Point", "coordinates": [-122.3430023, 47.6102982]}}, {"type": "Feature", "properties": {"id": "25ccac45-95c6-46c2-a9ab-39beeac80201", "name": "Pufftown Bakehouse", "category": "bakery", "tags": ["bakery"], "sources": ["overture"], "website": "http://pufftownbakehouse.com/", "phone": "+12066666666", "address": "1928 Pike Pl", "stations": [{"stopCode": 50, "lines": "1,2", "name": "Westlake Station", "walkingMeters": 589, "walkingSeconds": 428, "band": 10}, {"stopCode": 51, "lines": "1,2", "name": "Symphony Station", "walkingMeters": 751, "walkingSeconds": 540, "band": 10}]}, "geometry": {"type": "Point", "coordinates": [-122.3431396, 47.6102982]}}, {"type": "Feature", "properties": {"id": "f4cdb168-cacb-4dd8-bbfd-9ff0a39e3643", "name": "Cutter's Seafood Restaurant ...Downtown Seattle :o)) Nom Nom !!!", "category": "restaurant", "tags": ["restaurant", "seafood", "bar-and-grill"], "sources": ["overture"], "website": "addr.ws/cutter-s-seafood-restaurant-downtown-seattle-o-nom-nom...", "stations": [{"stopCode": 50, "lines": "1,2", "name": "Westlake Station", "walkingMeters": 701, "walkingSeconds": 508, "band": 10}, {"stopCode": 51, "lines": "1,2", "name": "Symphony Station", "walkingMeters": 862, "walkingSeconds": 620, "band": 10}]}, "geometry": {"type": "Point", "coordinates": [-122.3441086, 47.6104279]}}, {"type": "Feature", "properties": {"id": "ac87a51a-b52e-48ed-a3e2-186be231bf60", "name": "Mr Fish Chips & Chowder", "category": "restaurant", "tags": ["restaurant", "seafood"], "sources": ["overture"], "website": "https://www.mrfishseattle.com", "address": "2010 Western Ave", "stations": [{"stopCode": 50, "lines": "1,2", "name": "Westlake Station", "walkingMeters": 650, "walkingSeconds": 472, "band": 10}, {"stopCode": 51, "lines": "1,2", "name": "Symphony Station", "walkingMeters": 812, "walkingSeconds": 584, "band": 10}]}, "geometry": {"type": "Point", "coordinates": [-122.3436584, 47.6106606]}}, {"type": "Feature", "properties": {"id": "9b91073d-6136-4b07-ad80-cede6eb49f55", "name": "Tom Douglas Rub With Love Shack", "category": "fast_food", "tags": ["fast-food", "fast", "food", "american", "barbecue"], "sources": ["overture"], "website": "http://www.rubwithloveshack.com/contact#!", "phone": "+12064547925", "address": "2010 Western Ave", "stations": [{"stopCode": 50, "lines": "1,2", "name": "Westlake Station", "walkingMeters": 653, "walkingSeconds": 474, "band": 10}, {"stopCode": 51, "lines": "1,2", "name": "Symphony Station", "walkingMeters": 815, "walkingSeconds": 586, "band": 10}]}, "geometry": {"type": "Point", "coordinates": [-122.3437195, 47.6106491]}}, {"type": "Feature", "properties": {"id": "7fa06fe4-a3d7-4d43-8a7e-57f692568924", "name": "Tully's Coffee", "category": "cafe", "tags": ["cafe", "coffee"], "sources": ["overture"], "website": "http://www.tullys.com/", "phone": "2064436871", "address": "2001 Western Ave Ste 110A", "stations": [{"stopCode": 50, "lines": "1,2", "name": "Westlake Station", "walkingMeters": 688, "walkingSeconds": 499, "band": 10}, {"stopCode": 51, "lines": "1,2", "name": "Symphony Station", "walkingMeters": 850, "walkingSeconds": 611, "band": 10}]}, "geometry": {"type": "Point", "coordinates": [-122.3440323, 47.610733]}}, {"type": "Feature", "properties": {"id": "d9969f98-4022-4f26-b3a4-c8476b5642c4", "name": "Etta's", "category": "restaurant", "tags": ["restaurant", "seafood"], "sources": ["overture"], "website": "http://www.ettasrestaurant.com/", "phone": "2064436000", "address": "2020 Western Ave", "stations": [{"stopCode": 50, "lines": "1,2", "name": "Westlake Station", "walkingMeters": 672, "walkingSeconds": 488, "band": 10}, {"stopCode": 51, "lines": "1,2", "name": "Symphony Station", "walkingMeters": 834, "walkingSeconds": 600, "band": 10}]}, "geometry": {"type": "Point", "coordinates": [-122.3439026, 47.610775]}}, {"type": "Feature", "properties": {"id": "98a4813e-54a5-4593-bd24-588f2a9127b4", "name": "Road Dog Tours", "category": "bar", "tags": ["bar", "brewery"], "sources": ["overture"], "phone": "+12062499858", "address": "1427 Western Ave", "stations": [{"stopCode": 50, "lines": "1,2", "name": "Westlake Station", "walkingMeters": 665, "walkingSeconds": 496, "band": 10}, {"stopCode": 51, "lines": "1,2", "name": "Symphony Station", "walkingMeters": 857, "walkingSeconds": 640, "band": 10}]}, "geometry": {"type": "Point", "coordinates": [-122.343483, 47.6109428]}}, {"type": "Feature", "properties": {"id": "9ef2eb1b-3275-4a13-ba22-9377fc4936a4", "name": "Mickey Flynn's", "category": "pub", "tags": ["pub"], "sources": ["overture"], "website": "http://www.thewhiskybar.com", "phone": "(206) 443-4490", "address": "2000 2nd Ave", "stations": [{"stopCode": 50, "lines": "1,2", "name": "Westlake Station", "walkingMeters": 490, "walkingSeconds": 357, "band": 10}, {"stopCode": 51, "lines": "1,2", "name": "Symphony Station", "walkingMeters": 696, "walkingSeconds": 503, "band": 10}]}, "geometry": {"type": "Point", "coordinates": [-122.3416748, 47.6120071]}}, {"type": "Feature", "properties": {"id": "739de7b2-a397-4196-a3fc-ac3ca4f5026a", "name": "Wann Japanese Izakaya", "category": "bar", "tags": ["bar", "asian"], "sources": ["overture"], "website": "https://wann-izakaya.com/", "phone": "2064415637", "address": "2020 2nd Ave", "stations": [{"stopCode": 50, "lines": "1,2", "name": "Westlake Station", "walkingMeters": 561, "walkingSeconds": 408, "band": 10}, {"stopCode": 51, "lines": "1,2", "name": "Symphony Station", "walkingMeters": 767, "walkingSeconds": 554, "band": 10}]}, "geometry": {"type": "Point", "coordinates": [-122.3424072, 47.6122208]}}, {"type": "Feature", "properties": {"id": "5b6dbf0c-3a3c-48b2-8ce4-6c4e230c0d64", "name": "Taint of Seattle", "category": "bar", "tags": ["bar"], "sources": ["overture"], "phone": "+12535790001", "address": "120 Lenora St", "stations": [{"stopCode": 50, "lines": "1,2", "name": "Westlake Station", "walkingMeters": 699, "walkingSeconds": 506, "band": 10}, {"stopCode": 51, "lines": "1,2", "name": "Symphony Station", "walkingMeters": 900, "walkingSeconds": 648, "band": 15}]}, "geometry": {"type": "Point", "coordinates": [-122.3439026, 47.6120186]}}, {"type": "Feature", "properties": {"id": "9ddb7f1a-2e86-404b-824d-9b2eb75424cb", "name": "El Gaucho Seattle", "category": "restaurant", "tags": ["restaurant", "steakhouse", "bar-and-grill", "american"], "sources": ["overture"], "website": "https://elgaucho.com/elgauchoseattle/", "phone": "+12067281337", "address": "2200 Western Ave Ste. 101", "stations": [{"stopCode": 50, "lines": "1,2", "name": "Westlake Station", "walkingMeters": 917, "walkingSeconds": 664, "band": 15}, {"stopCode": 51, "lines": "1,2", "name": "Symphony Station", "walkingMeters": 1079, "walkingSeconds": 776, "band": 15}]}, "geometry": {"type": "Point", "coordinates": [-122.346344, 47.6122017]}}, {"type": "Feature", "properties": {"id": "c53b7e98-7f73-4739-bbee-de57fbd928f9", "name": "Goldvine Coffee Bar & Gallery", "category": "cafe", "tags": ["cafe"], "sources": ["overture"], "address": "2125 Western Ave", "stations": [{"stopCode": 50, "lines": "1,2", "name": "Westlake Station", "walkingMeters": 891, "walkingSeconds": 665, "band": 10}, {"stopCode": 51, "lines": "1,2", "name": "Symphony Station", "walkingMeters": 1109, "walkingSeconds": 828, "band": 15}]}, "geometry": {"type": "Point", "coordinates": [-122.3458633, 47.6116562]}}, {"type": "Feature", "properties": {"id": "353e50b1-8a1c-46fd-86a2-209a526170a4", "name": "Cedar & Spokes Coffee", "category": "cafe", "tags": ["cafe", "coffee"], "sources": ["overture"], "website": "http://cedarandspokescoffee.com", "address": "2125 Western Ave  Ste 100", "stations": [{"stopCode": 50, "lines": "1,2", "name": "Westlake Station", "walkingMeters": 858, "walkingSeconds": 640, "band": 10}, {"stopCode": 51, "lines": "1,2", "name": "Symphony Station", "walkingMeters": 1068, "walkingSeconds": 797, "band": 15}]}, "geometry": {"type": "Point", "coordinates": [-122.3455276, 47.6114807]}}, {"type": "Feature", "properties": {"id": "cc9552e0-7202-44b0-b8f7-2c6794ba6531", "name": "Sushi Bella", "category": "restaurant", "tags": ["restaurant", "sushi"], "sources": ["overture"], "website": "https://www.sushi-bella.hub.biz", "phone": "(206) 535-6401", "address": "2100 Western Ave", "stations": [{"stopCode": 50, "lines": "1,2", "name": "Westlake Station", "walkingMeters": 774, "walkingSeconds": 561, "band": 10}, {"stopCode": 51, "lines": "1,2", "name": "Symphony Station", "walkingMeters": 936, "walkingSeconds": 673, "band": 15}]}, "geometry": {"type": "Point", "coordinates": [-122.3448257, 47.6114426]}}, {"type": "Feature", "properties": {"id": "92e288d0-bdfc-49d7-9dcd-33f6da1bee04", "name": "Lindsey Miller Photo", "category": "restaurant", "tags": ["restaurant"], "sources": ["overture"], "website": "http://www.lindseymillerphoto.com", "phone": "(817) 475-6668", "address": "92 Lenora St", "stations": [{"stopCode": 50, "lines": "1,2", "name": "Westlake Station", "walkingMeters": 730, "walkingSeconds": 529, "band": 10}, {"stopCode": 51, "lines": "1,2", "name": "Symphony Station", "walkingMeters": 932, "walkingSeconds": 670, "band": 15}]}, "geometry": {"type": "Point", "coordinates": [-122.3443832, 47.6117706]}}, {"type": "Feature", "properties": {"id": "8cdb545d-af06-434f-9032-add678998382", "name": "Wilson Mackay 1 Llc", "category": "restaurant", "tags": ["restaurant"], "sources": ["overture"], "address": "2003 Western Ave Ste 445", "stations": [{"stopCode": 50, "lines": "1,2", "name": "Westlake Station", "walkingMeters": 797, "walkingSeconds": 595, "band": 10}, {"stopCode": 51, "lines": "1,2", "name": "Symphony Station", "walkingMeters": 958, "walkingSeconds": 715, "band": 15}]}, "geometry": {"type": "Point", "coordinates": [-122.3448105, 47.6107788]}}, {"type": "Feature", "properties": {"id": "72164b67-b3b1-45b1-aecc-421f22965a03", "name": "Sugo Hand Roll Bar", "category": "restaurant", "tags": ["restaurant", "sushi", "japanese", "seafood"], "sources": ["overture"], "website": "http://www.sugohandroll.com/", "phone": "+12066811977", "address": "2001 Western Ave", "stations": [{"stopCode": 50, "lines": "1,2", "name": "Westlake Station", "walkingMeters": 706, "walkingSeconds": 512, "band": 10}, {"stopCode": 51, "lines": "1,2", "name": "Symphony Station", "walkingMeters": 868, "walkingSeconds": 624, "band": 10}]}, "geometry": {"type": "Point", "coordinates": [-122.3442917, 47.6107178]}}, {"type": "Feature", "properties": {"id": "dc665e84-c9ca-424a-b27c-b7577967b8ab", "name": "Ch\u00e1vez", "category": "restaurant", "tags": ["restaurant", "mexican"], "sources": ["overture"], "website": "https://atthemarket.chavezrestaurants.com", "phone": "(206) 485-7322", "address": "2001 Western Ave", "stations": [{"stopCode": 50, "lines": "1,2", "name": "Westlake Station", "walkingMeters": 727, "walkingSeconds": 527, "band": 10}, {"stopCode": 51, "lines": "1,2", "name": "Symphony Station", "walkingMeters": 888, "walkingSeconds": 639, "band": 10}]}, "geometry": {"type": "Point", "coordinates": [-122.3444138, 47.6107597]}}, {"type": "Feature", "properties": {"id": "8268e053-029c-4ad5-9f19-7de146cf5c0a", "name": "Aerlume Seattle", "category": "restaurant", "tags": ["restaurant", "american"], "sources": ["overture"], "website": "https://www.aerlumeseattle.com/", "phone": "+12065392200", "address": "2003 Western Ave Ste C", "stations": [{"stopCode": 50, "lines": "1,2", "name": "Westlake Station", "walkingMeters": 743, "walkingSeconds": 538, "band": 10}, {"stopCode": 51, "lines": "1,2", "name": "Symphony Station", "walkingMeters": 904, "walkingSeconds": 650, "band": 15}]}, "geometry": {"type": "Point", "coordinates": [-122.3447037, 47.610672]}}, {"type": "Feature", "properties": {"id": "d329733c-0787-43ef-8ef3-d25875268c37", "name": "Hook & Plow", "category": "restaurant", "tags": ["restaurant", "american"], "sources": ["overture"], "website": "https://www.modules.marriott.com", "phone": "12062561040", "address": "2100 Alaskan Way", "stations": [{"stopCode": 50, "lines": "1,2", "name": "Westlake Station", "walkingMeters": 965, "walkingSeconds": 698, "band": 15}, {"stopCode": 51, "lines": "1,2", "name": "Symphony Station", "walkingMeters": 1075, "walkingSeconds": 773, "band": 15}]}, "geometry": {"type": "Point", "coordinates": [-122.3465729, 47.6106682]}}, {"type": "Feature", "properties": {"id": "c24d59a2-c4f6-42ff-a145-7edf6fe0a357", "name": "Holland America Line Dining Room", "category": "restaurant", "tags": ["restaurant", "american"], "sources": ["overture"], "address": "2200 Alaskan Way", "stations": [{"stopCode": 50, "lines": "1,2", "name": "Westlake Station", "walkingMeters": 1079, "walkingSeconds": 780, "band": 15}, {"stopCode": 51, "lines": "1,2", "name": "Symphony Station", "walkingMeters": 1197, "walkingSeconds": 861, "band": 15}]}, "geometry": {"type": "Point", "coordinates": [-122.34758, 47.6109924]}}, {"type": "Feature", "properties": {"id": "cf67b605-eb16-46cd-8b77-3fdc808df11b", "name": "Cafe Opla", "category": "cafe", "tags": ["cafe", "vietnamese"], "sources": ["overture"], "website": "http://www.CafeOpla.com/", "phone": "+12067286062", "address": "2200 Alaskan Wy #120", "stations": [{"stopCode": 50, "lines": "1,2", "name": "Westlake Station", "walkingMeters": 1081, "walkingSeconds": 782, "band": 15}, {"stopCode": 51, "lines": "1,2", "name": "Symphony Station", "walkingMeters": 1199, "walkingSeconds": 863, "band": 15}]}, "geometry": {"type": "Point", "coordinates": [-122.3474731, 47.610981]}}, {"type": "Feature", "properties": {"id": "3e0ae4fc-f0c1-4800-8628-ff08a002ef5c", "name": "Villa Escondida Restaurant and Bar", "category": "restaurant", "tags": ["restaurant", "mexican", "latin-american"], "sources": ["overture"], "website": "https://acuolina.com/en/villa-escondida", "phone": "+12064482393", "address": "2203 1st Ave", "stations": [{"stopCode": 50, "lines": "1,2", "name": "Westlake Station", "walkingMeters": 861, "walkingSeconds": 623, "band": 15}, {"stopCode": 51, "lines": "1,2", "name": "Symphony Station", "walkingMeters": 1062, "walkingSeconds": 764, "band": 15}]}, "geometry": {"type": "Point", "coordinates": [-122.3455963, 47.6126785]}}, {"type": "Feature", "properties": {"id": "9401cb9c-a163-4158-970f-2d409869a31a", "name": "Frontier Room", "category": "restaurant", "tags": ["restaurant"], "sources": ["overture"], "website": "frontierroom.com", "phone": "2069567427", "address": "2203 1st Ave", "stations": [{"stopCode": 50, "lines": "1,2", "name": "Westlake Station", "walkingMeters": 839, "walkingSeconds": 607, "band": 10}, {"stopCode": 51, "lines": "1,2", "name": "Symphony Station", "walkingMeters": 1040, "walkingSeconds": 748, "band": 15}]}, "geometry": {"type": "Point", "coordinates": [-122.3455353, 47.612606]}}, {"type": "Feature", "properties": {"id": "20082312-48f2-4fa2-bb6c-e91562cdd77f", "name": "BOCA Restaurant at Queen City Grill", "category": "bar", "tags": ["bar"], "sources": ["overture"], "website": "https://www.bocarestobar.com/", "phone": "2062680528", "address": "2201 1st Ave", "stations": [{"stopCode": 50, "lines": "1,2", "name": "Westlake Station", "walkingMeters": 855, "walkingSeconds": 619, "band": 10}, {"stopCode": 51, "lines": "1,2", "name": "Symphony Station", "walkingMeters": 1057, "walkingSeconds": 760, "band": 15}]}, "geometry": {"type": "Point", "coordinates": [-122.3455429, 47.6125298]}}, {"type": "Feature", "properties": {"id": "7bb03312-63ed-4b7a-92a9-608235360a28", "name": "Queen City", "category": "restaurant", "tags": ["restaurant", "seafood"], "sources": ["overture"], "website": "http://www.queencityseattle.com/", "phone": "2064025095", "address": "2201 1st Ave", "stations": [{"stopCode": 50, "lines": "1,2", "name": "Westlake Station", "walkingMeters": 863, "walkingSeconds": 625, "band": 15}, {"stopCode": 51, "lines": "1,2", "name": "Symphony Station", "walkingMeters": 1065, "walkingSeconds": 766, "band": 15}]}, "geometry": {"type": "Point", "coordinates": [-122.3456955, 47.6125259]}}, {"type": "Feature", "properties": {"id": "31708dcd-f24c-4c19-80d1-ddfba574a86f", "name": "The Seahorse Bar", "category": "bar", "tags": ["bar"], "sources": ["overture"], "address": "2201 1st Ave", "stations": [{"stopCode": 50, "lines": "1,2", "name": "Westlake Station", "walkingMeters": 855, "walkingSeconds": 619, "band": 10}, {"stopCode": 51, "lines": "1,2", "name": "Symphony Station", "walkingMeters": 1057, "walkingSeconds": 760, "band": 15}]}, "geometry": {"type": "Point", "coordinates": [-122.3453369, 47.6124916]}}, {"type": "Feature", "properties": {"id": "78c0cf77-125e-4792-9ead-50858089707d", "name": "Cellars Restaurant & Lounge", "category": "bar", "tags": ["bar", "wine"], "sources": ["overture"], "website": "http://www.cellarsbelltown.com", "phone": "(206) 448-8757", "address": "2132 1st Ave", "stations": [{"stopCode": 50, "lines": "1,2", "name": "Westlake Station", "walkingMeters": 795, "walkingSeconds": 576, "band": 10}, {"stopCode": 51, "lines": "1,2", "name": "Symphony Station", "walkingMeters": 997, "walkingSeconds": 717, "band": 15}]}, "geometry": {"type": "Point", "coordinates": [-122.3448792, 47.6125565]}}, {"type": "Feature", "properties": {"id": "b11e5b67-5b88-48e0-99d7-a49b26cfd06c", "name": "Spur Gastropub", "category": "restaurant", "tags": ["restaurant", "pub"], "sources": ["overture"], "website": "http://spurseattle.com", "phone": "(206) 728-6706", "address": "113 Blanchard St", "stations": [{"stopCode": 50, "lines": "1,2", "name": "Westlake Station", "walkingMeters": 798, "walkingSeconds": 578, "band": 10}, {"stopCode": 51, "lines": "1,2", "name": "Symphony Station", "walkingMeters": 999, "walkingSeconds": 719, "band": 15}]}, "geometry": {"type": "Point", "coordinates": [-122.3448792, 47.6127815]}}, {"type": "Feature", "properties": {"id": "9a5523d0-f5ca-4c20-90cc-198fe965118a", "name": "Gumbo House Seattle", "category": "restaurant", "tags": ["restaurant", "african", "american"], "sources": ["overture"], "website": "http://www.gumbohouseseattle.com/", "phone": "+12062010303", "address": "2137 2nd Ave", "stations": [{"stopCode": 50, "lines": "1,2", "name": "Westlake Station", "walkingMeters": 746, "walkingSeconds": 540, "band": 10}, {"stopCode": 51, "lines": "1,2", "name": "Symphony Station", "walkingMeters": 951, "walkingSeconds": 686, "band": 15}]}, "geometry": {"type": "Point", "coordinates": [-122.3443222, 47.6130219]}}, {"type": "Feature", "properties": {"id": "440c884a-0dec-4e65-967a-bc3c81ae3e98", "name": "Restaurant Zoe Inc", "category": "restaurant", "tags": ["restaurant"], "sources": ["overture"], "website": "https://www.restaurantzoe.com", "address": "2137 2nd Ave", "stations": [{"stopCode": 50, "lines": "1,2", "name": "Westlake Station", "walkingMeters": 772, "walkingSeconds": 576, "band": 10}, {"stopCode": 51, "lines": "1,2", "name": "Symphony Station", "walkingMeters": 1106, "walkingSeconds": 825, "band": 15}]}, "geometry": {"type": "Point", "coordinates": [-122.3443451, 47.6130142]}}, {"type": "Feature", "properties": {"id": "3123a1ad-2677-48e6-a3b9-d0ddec3d5788", "name": "Taco City Belltown", "category": "restaurant", "tags": ["restaurant"], "sources": ["overture"], "website": "tacocitysea.com", "phone": "2064414037", "address": "2137 2nd Ave", "stations": [{"stopCode": 50, "lines": "1,2", "name": "Westlake Station", "walkingMeters": 772, "walkingSeconds": 576, "band": 10}, {"stopCode": 51, "lines": "1,2", "name": "Symphony Station", "walkingMeters": 1106, "walkingSeconds": 825, "band": 15}]}, "geometry": {"type": "Point", "coordinates": [-122.3443451, 47.6130142]}}, {"type": "Feature", "properties": {"id": "7a8f5461-1b68-4e3d-b47f-0477f33e406a", "name": "Provisions", "category": "bar", "tags": ["bar"], "sources": ["overture"], "website": "https://belltownprovisions.com", "phone": "+12065380050", "address": "2137 2nd Ave", "stations": [{"stopCode": 50, "lines": "1,2", "name": "Westlake Station", "walkingMeters": 731, "walkingSeconds": 536, "band": 10}, {"stopCode": 51, "lines": "1,2", "name": "Symphony Station", "walkingMeters": 937, "walkingSeconds": 682, "band": 15}]}, "geometry": {"type": "Point", "coordinates": [-122.3444366, 47.613102]}}, {"type": "Feature", "properties": {"id": "b27185f5-c1e5-4ffd-a7e9-cfa632a5f61a", "name": "Bathtub Gin & Co.", "category": "bar", "tags": ["bar", "cocktail"], "sources": ["overture"], "website": "http://www.bathtubginseattle.com/", "phone": "+12067286069", "address": "2205 2nd Ave #310", "stations": [{"stopCode": 50, "lines": "1,2", "name": "Westlake Station", "walkingMeters": 798, "walkingSeconds": 578, "band": 10}, {"stopCode": 51, "lines": "1,2", "name": "Symphony Station", "walkingMeters": 1003, "walkingSeconds": 724, "band": 15}]}, "geometry": {"type": "Point", "coordinates": [-122.344902, 47.6132736]}}, {"type": "Feature", "properties": {"id": "85fcedbf-203a-4583-91ad-48c7d5d639fa", "name": "Kayava. Belltown", "category": "restaurant", "tags": ["restaurant", "japanese"], "sources": ["overture"], "website": "https://www.kayavausa.com/", "phone": "+12065563117", "address": "2226 1st Ave", "stations": [{"stopCode": 50, "lines": "1,2", "name": "Westlake Station", "walkingMeters": 937, "walkingSeconds": 699, "band": 15}, {"stopCode": 51, "lines": "1,2", "name": "Symphony Station", "walkingMeters": 1253, "walkingSeconds": 935, "band": 15}]}, "geometry": {"type": "Point", "coordinates": [-122.3459854, 47.6132927]}}, {"type": "Feature", "properties": {"id": "4b9ed416-d00d-4dd6-9953-27ee14b082f7", "name": "Starbucks Reserve SoDo", "category": "cafe", "tags": ["cafe", "coffee"], "sources": ["overture"], "website": "https://www.starbucksreserve.com/", "phone": "+18889982546", "address": "2401 1st Ave", "stations": [{"stopCode": 50, "lines": "1,2", "name": "Westlake Station", "walkingMeters": 946, "walkingSeconds": 706, "band": 15}, {"stopCode": 51, "lines": "1,2", "name": "Symphony Station", "walkingMeters": 1259, "walkingSeconds": 940, "band": 15}]}, "geometry": {"type": "Point", "coordinates": [-122.3460922, 47.6132698]}}, {"type": "Feature", "properties": {"id": "98ecab98-7c60-4abc-b857-a70a6c41467a", "name": "Axis Restaurant", "category": "restaurant", "tags": ["restaurant"], "sources": ["overture"], "website": "axisrestaurant.com", "address": "2214 1st Ave", "stations": [{"stopCode": 50, "lines": "1,2", "name": "Westlake Station", "walkingMeters": 898, "walkingSeconds": 670, "band": 15}, {"stopCode": 51, "lines": "1,2", "name": "Symphony Station", "walkingMeters": 1212, "walkingSeconds": 904, "band": 15}]}, "geometry": {"type": "Point", "coordinates": [-122.3456497, 47.6131172]}}, {"type": "Feature", "properties": {"id": "8d4028a9-ec56-450d-a5c2-2560eba5df11", "name": "Amber Seattle", "category": "restaurant", "tags": ["restaurant"], "sources": ["overture"], "website": "http://amberseattle.com/", "phone": "+12064489000", "address": "2214 1st Ave", "stations": [{"stopCode": 50, "lines": "1,2", "name": "Westlake Station", "walkingMeters": 892, "walkingSeconds": 666, "band": 15}, {"stopCode": 51, "lines": "1,2", "name": "Symphony Station", "walkingMeters": 1205, "walkingSeconds": 899, "band": 15}]}, "geometry": {"type": "Point", "coordinates": [-122.3455963, 47.6130867]}}, {"type": "Feature", "properties": {"id": "3fd6bf9c-e042-4d18-9cbc-e39eb172dd19", "name": "Local 360", "category": "restaurant", "tags": ["restaurant", "pub"], "sources": ["overture"], "website": "http://www.local360.org", "phone": "(206) 441-9360", "address": "2234 1st Ave", "stations": [{"stopCode": 50, "lines": "1,2", "name": "Westlake Station", "walkingMeters": 929, "walkingSeconds": 672, "band": 15}, {"stopCode": 51, "lines": "1,2", "name": "Symphony Station", "walkingMeters": 1130, "walkingSeconds": 813, "band": 15}]}, "geometry": {"type": "Point", "coordinates": [-122.3463516, 47.6130257]}}, {"type": "Feature", "properties": {"id": "5a52476d-b242-4f09-ad53-b6735e572fc7", "name": "Kedai Makan Belltown", "category": "restaurant", "tags": ["restaurant", "malaysian"], "sources": ["overture"], "website": "http://www.kedaimakansea.com", "phone": "(206) 535-3562", "stations": [{"stopCode": 50, "lines": "1,2", "name": "Westlake Station", "walkingMeters": 934, "walkingSeconds": 676, "band": 15}, {"stopCode": 51, "lines": "1,2", "name": "Symphony Station", "walkingMeters": 1135, "walkingSeconds": 817, "band": 15}]}, "geometry": {"type": "Point", "coordinates": [-122.3462219, 47.6133957]}}, {"type": "Feature", "properties": {"id": "dcdeb49a-8d1f-4920-afca-8d6b7074b8ee", "name": "Bellini Italian Bistro", "category": "restaurant", "tags": ["restaurant", "italian"], "sources": ["overture"], "website": "http://m.belliniseattle.com", "phone": "(206) 441-4480", "address": "2302 1st Ave", "stations": [{"stopCode": 50, "lines": "1,2", "name": "Westlake Station", "walkingMeters": 948, "walkingSeconds": 686, "band": 15}, {"stopCode": 51, "lines": "1,2", "name": "Symphony Station", "walkingMeters": 1150, "walkingSeconds": 827, "band": 15}]}, "geometry": {"type": "Point", "coordinates": [-122.3465042, 47.6136627]}}, {"type": "Feature", "properties": {"id": "f84b766a-d36e-4e87-8153-232bc450cad5", "name": "Bedlam Coffee", "category": "cafe", "tags": ["cafe", "coffee"], "sources": ["overture"], "website": "bedlamite.com", "phone": "2025470369", "address": "2231 2nd Ave", "stations": [{"stopCode": 50, "lines": "1,2", "name": "Westlake Station", "walkingMeters": 875, "walkingSeconds": 633, "band": 15}, {"stopCode": 51, "lines": "1,2", "name": "Symphony Station", "walkingMeters": 1081, "walkingSeconds": 780, "band": 15}]}, "geometry": {"type": "Point", "coordinates": [-122.3456497, 47.6137886]}}, {"type": "Feature", "properties": {"id": "7f84a040-9d7b-427a-b851-48e02ae46e19", "name": "Lush Bar", "category": "bar", "tags": ["bar"], "sources": ["overture"], "website": "https://lush-bar-az.hub.biz", "phone": "12532503200", "address": "2231 2nd Ave", "stations": [{"stopCode": 50, "lines": "1,2", "name": "Westlake Station", "walkingMeters": 927, "walkingSeconds": 692, "band": 15}, {"stopCode": 51, "lines": "1,2", "name": "Symphony Station", "walkingMeters": 1276, "walkingSeconds": 952, "band": 15}]}, "geometry": {"type": "Point", "coordinates": [-122.3456497, 47.6137886]}}, {"type": "Feature", "properties": {"id": "3cacca94-9158-431b-855f-7ca44caca832", "name": "5 Star Cafe & Bar", "category": "bar", "tags": ["bar", "cocktail"], "sources": ["overture"], "website": "http://Www.5starcafeandbar.com/", "phone": "+12066661240", "address": "2231 2nd Ave", "stations": [{"stopCode": 50, "lines": "1,2", "name": "Westlake Station", "walkingMeters": 879, "walkingSeconds": 636, "band": 15}, {"stopCode": 51, "lines": "1,2", "name": "Symphony Station", "walkingMeters": 1084, "walkingSeconds": 782, "band": 15}]}, "geometry": {"type": "Point", "coordinates": [-122.3455963, 47.6138382]}}, {"type": "Feature", "properties": {"id": "1689b44e-6124-405f-97b9-1ba856ccbea6", "name": "Cafe Casbah", "category": "restaurant", "tags": ["restaurant"], "sources": ["overture"], "address": "2219 2nd Ave", "stations": [{"stopCode": 50, "lines": "1,2", "name": "Westlake Station", "walkingMeters": 876, "walkingSeconds": 654, "band": 15}, {"stopCode": 51, "lines": "1,2", "name": "Symphony Station", "walkingMeters": 1216, "walkingSeconds": 907, "band": 15}]}, "geometry": {"type": "Point", "coordinates": [-122.3452682, 47.6134529]}}, {"type": "Feature", "properties": {"id": "0f906947-78f7-4b4a-bc6f-567778ec7211", "name": "Mama Chavez's Tamales & More", "category": "restaurant", "tags": ["restaurant", "mexican", "latin-american"], "sources": ["overture"], "website": "http://www.mamas.com/", "phone": "+12064024839", "address": "2219 2nd Ave Ste B", "stations": [{"stopCode": 50, "lines": "1,2", "name": "Westlake Station", "walkingMeters": 833, "walkingSeconds": 603, "band": 15}, {"stopCode": 51, "lines": "1,2", "name": "Symphony Station", "walkingMeters": 1038, "walkingSeconds": 749, "band": 15}]}, "geometry": {"type": "Point", "coordinates": [-122.3452148, 47.6135101]}}, {"type": "Feature", "properties": {"id": "9e5cc50b-97d2-48e8-88e3-6dd9b30d1662", "name": "Seoul Zip", "category": "cafe", "tags": ["cafe", "korean"], "sources": ["overture"], "phone": "+12064135929", "address": "2219 2nd Ave Ste B", "stations": [{"stopCode": 50, "lines": "1,2", "name": "Westlake Station", "walkingMeters": 833, "walkingSeconds": 603, "band": 15}, {"stopCode": 51, "lines": "1,2", "name": "Symphony Station", "walkingMeters": 1038, "walkingSeconds": 749, "band": 15}]}, "geometry": {"type": "Point", "coordinates": [-122.3451233, 47.6135788]}}, {"type": "Feature", "properties": {"id": "5dd7329f-9aea-497a-b71d-16e8b2e79b16", "name": "The Upstairs", "category": "bar", "tags": ["bar", "cocktail"], "sources": ["overture"], "website": "http://www.theupstairsseattle.com/", "phone": "2064414013", "address": "2209 2nd Ave", "stations": [{"stopCode": 50, "lines": "1,2", "name": "Westlake Station", "walkingMeters": 843, "walkingSeconds": 629, "band": 10}, {"stopCode": 51, "lines": "1,2", "name": "Symphony Station", "walkingMeters": 1186, "walkingSeconds": 885, "band": 15}]}, "geometry": {"type": "Point", "coordinates": [-122.3449326, 47.6133957]}}, {"type": "Feature", "properties": {"id": "3eeec1b6-16ea-4972-8d4c-3986435e85e9", "name": "Clever Bottle", "category": "bar", "tags": ["bar", "cocktail"], "sources": ["overture"], "website": "http://www.cleverbottle.com", "phone": "(206) 915-2220", "address": "2222 2nd Ave Ste 100", "stations": [{"stopCode": 50, "lines": "1,2", "name": "Westlake Station", "walkingMeters": 810, "walkingSeconds": 587, "band": 10}, {"stopCode": 51, "lines": "1,2", "name": "Symphony Station", "walkingMeters": 1016, "walkingSeconds": 733, "band": 15}]}, "geometry": {"type": "Point", "coordinates": [-122.3448944, 47.6136932]}}, {"type": "Feature", "properties": {"id": "5177d20e-f294-4bb5-988a-4c94bc04a508", "name": "Rabbit Hole", "category": "bar", "tags": ["bar", "dive"], "sources": ["overture"], "website": "http://www.rabbitholeseattle.com", "phone": "(206) 728-6069", "address": "2222 2nd Ave", "stations": [{"stopCode": 50, "lines": "1,2", "name": "Westlake Station", "walkingMeters": 831, "walkingSeconds": 602, "band": 10}, {"stopCode": 51, "lines": "1,2", "name": "Symphony Station", "walkingMeters": 1037, "walkingSeconds": 748, "band": 15}]}, "geometry": {"type": "Point", "coordinates": [-122.3450089, 47.6137161]}}, {"type": "Feature", "properties": {"id": "19c5a55a-7b20-4d8c-b529-a0276743f851", "name": "Juju", "category": "bar", "tags": ["bar"], "sources": ["overture"], "website": "http://www.jujulive.com", "phone": "(206) 728-4053", "address": "2224 2nd Ave", "stations": [{"stopCode": 50, "lines": "1,2", "name": "Westlake Station", "walkingMeters": 838, "walkingSeconds": 607, "band": 10}, {"stopCode": 51, "lines": "1,2", "name": "Symphony Station", "walkingMeters": 1044, "walkingSeconds": 753, "band": 15}]}, "geometry": {"type": "Point", "coordinates": [-122.3451309, 47.6138878]}}, {"type": "Feature", "properties": {"id": "4b9862e8-be77-4c93-b77e-dfb2c0f188d0", "name": "cl\u0113\u0113n:craft Experience Center", "category": "bar", "tags": ["bar", "cocktail"], "sources": ["overture"], "website": "http://www.cleencraft.com/", "phone": "2064530186", "address": "2230 2nd Ave", "stations": [{"stopCode": 50, "lines": "1,2", "name": "Westlake Station", "walkingMeters": 868, "walkingSeconds": 628, "band": 15}, {"stopCode": 51, "lines": "1,2", "name": "Symphony Station", "walkingMeters": 1074, "walkingSeconds": 775, "band": 15}]}, "geometry": {"type": "Point", "coordinates": [-122.3454437, 47.6138916]}}, {"type": "Feature", "properties": {"id": "269648d6-42b0-44b8-8cfe-f475df7e3143", "name": "Dope Burger", "category": "restaurant", "tags": ["restaurant", "asian"], "sources": ["overture"], "website": "http://www.dopeburgerseattle.com", "phone": "(206) 728-0463", "address": "2228 2nd Ave.", "stations": [{"stopCode": 50, "lines": "1,2", "name": "Westlake Station", "walkingMeters": 851, "walkingSeconds": 616, "band": 15}, {"stopCode": 51, "lines": "1,2", "name": "Symphony Station", "walkingMeters": 1057, "walkingSeconds": 762, "band": 15}]}, "geometry": {"type": "Point", "coordinates": [-122.3452606, 47.6139679]}}, {"type": "Feature", "properties": {"id": "03a485c9-01ab-46aa-b82e-9a8d3a3be9b1", "name": "Mama's Cantina", "category": "restaurant", "tags": ["restaurant", "mexican"], "sources": ["overture"], "website": "http://www.mamascantina.com", "phone": "(206) 728-6262", "address": "2234 2nd Avenue", "stations": [{"stopCode": 50, "lines": "1,2", "name": "Westlake Station", "walkingMeters": 861, "walkingSeconds": 623, "band": 15}, {"stopCode": 51, "lines": "1,2", "name": "Symphony Station", "walkingMeters": 1067, "walkingSeconds": 770, "band": 15}]}, "geometry": {"type": "Point", "coordinates": [-122.3452148, 47.6141281]}}, {"type": "Feature", "properties": {"id": "fa4eb7a1-2565-487b-bd27-35a49427365b", "name": "Lava Lounge", "category": "bar", "tags": ["bar"], "sources": ["overture"], "website": "http://lavahott.com", "phone": "12064415660", "address": "2226 2nd Ave", "stations": [{"stopCode": 50, "lines": "1,2", "name": "Westlake Station", "walkingMeters": 847, "walkingSeconds": 613, "band": 10}, {"stopCode": 51, "lines": "1,2", "name": "Symphony Station", "walkingMeters": 1053, "walkingSeconds": 760, "band": 15}]}, "geometry": {"type": "Point", "coordinates": [-122.3450928, 47.6139641]}}, {"type": "Feature", "properties": {"id": "539e9c66-1f0b-4f6c-b15b-ccc494f302d6", "name": "Noodle Ranch", "category": "restaurant", "tags": ["restaurant", "thai"], "sources": ["overture"], "website": "http://seattle.citysearch.com/profile/map/10796512/seattle_wa/noodle_ranch.html", "phone": "(206) 728-0463", "address": "2228 2nd Ave", "stations": [{"stopCode": 50, "lines": "1,2", "name": "Westlake Station", "walkingMeters": 837, "walkingSeconds": 606, "band": 10}, {"stopCode": 51, "lines": "1,2", "name": "Symphony Station", "walkingMeters": 1043, "walkingSeconds": 752, "band": 15}]}, "geometry": {"type": "Point", "coordinates": [-122.3450851, 47.6139107]}}, {"type": "Feature", "properties": {"id": "25aa23a8-52c4-423b-aac6-e3aa1d4064dc", "name": "Tango Is About The Connection", "category": "restaurant", "tags": ["restaurant"], "sources": ["overture"], "website": "http://www.gabrielacondrea.com", "phone": "(206) 778-3239", "address": "2222 2nd Ave", "stations": [{"stopCode": 50, "lines": "1,2", "name": "Westlake Station", "walkingMeters": 790, "walkingSeconds": 572, "band": 10}, {"stopCode": 51, "lines": "1,2", "name": "Symphony Station", "walkingMeters": 996, "walkingSeconds": 719, "band": 15}]}, "geometry": {"type": "Point", "coordinates": [-122.34478, 47.6139336]}}, {"type": "Feature", "properties": {"id": "4f1ef58e-41c5-4c9b-bc49-edd9d306b9b0", "name": "Bell + Whete", "category": "bar", "tags": ["bar"], "sources": ["overture"], "website": "http://bellandwhete.com", "phone": "(206) 538-0180", "address": "200 Bell St", "stations": [{"stopCode": 50, "lines": "1,2", "name": "Westlake Station", "walkingMeters": 866, "walkingSeconds": 627, "band": 15}, {"stopCode": 51, "lines": "1,2", "name": "Symphony Station", "walkingMeters": 1072, "walkingSeconds": 773, "band": 15}]}, "geometry": {"type": "Point", "coordinates": [-122.3453979, 47.6141777]}}, {"type": "Feature", "properties": {"id": "a06c558a-c1c2-4e5b-88a3-1481f5c95b6d", "name": "2nd & Belltown", "category": "bar", "tags": ["bar"], "sources": ["overture"], "website": "https://www.2ndandbelltown.com/", "phone": "+12067175111", "address": "2 Bell St", "stations": [{"stopCode": 50, "lines": "1,2", "name": "Westlake Station", "walkingMeters": 890, "walkingSeconds": 644, "band": 15}, {"stopCode": 51, "lines": "1,2", "name": "Symphony Station", "walkingMeters": 1095, "walkingSeconds": 790, "band": 15}]}, "geometry": {"type": "Point", "coordinates": [-122.3456116, 47.6143875]}}, {"type": "Feature", "properties": {"id": "2779add5-ea2b-4142-9b30-5b7cf9547eff", "name": "Belltown Brewing", "category": "bar", "tags": ["bar", "brewery"], "sources": ["overture"], "website": "https://www.belltownbrewingseattle.com", "phone": "(206) 485-7233", "address": "200 Bell Street", "stations": [{"stopCode": 50, "lines": "1,2", "name": "Westlake Station", "walkingMeters": 886, "walkingSeconds": 642, "band": 15}, {"stopCode": 51, "lines": "1,2", "name": "Symphony Station", "walkingMeters": 1092, "walkingSeconds": 788, "band": 15}]}, "geometry": {"type": "Point", "coordinates": [-122.3455887, 47.6142426]}}, {"type": "Feature", "properties": {"id": "aeace130-c375-4d65-9ee4-c6306df7f81f", "name": "Kushibar", "category": "bar", "tags": ["bar"], "sources": ["overture"], "phone": "2064482488", "address": "2319 2nd Ave", "stations": [{"stopCode": 50, "lines": "1,2", "name": "Westlake Station", "walkingMeters": 999, "walkingSeconds": 723, "band": 15}, {"stopCode": 51, "lines": "1,2", "name": "Symphony Station", "walkingMeters": 1201, "walkingSeconds": 864, "band": 15}]}, "geometry": {"type": "Point", "coordinates": [-122.3459625, 47.6140099]}}, {"type": "Feature", "properties": {"id": "2b8f4dcb-6832-43c2-8c9a-96c3c1367629", "name": "Dont Skip Breakfast", "category": "restaurant", "tags": ["restaurant", "breakfast-and-brunch", "breakfast", "brunch"], "sources": ["overture"], "website": "https://dontskipbreakfastinc.com", "phone": "(206) 618-4207", "address": "2311 2nd Ave", "stations": [{"stopCode": 50, "lines": "1,2", "name": "Westlake Station", "walkingMeters": 963, "walkingSeconds": 696, "band": 15}, {"stopCode": 51, "lines": "1,2", "name": "Symphony Station", "walkingMeters": 1168, "walkingSeconds": 842, "band": 15}]}, "geometry": {"type": "Point", "coordinates": [-122.3462982, 47.6140747]}}, {"type": "Feature", "properties": {"id": "98651d3c-4796-48cb-9e20-bd121508cb81", "name": "Macrina Baking Co", "category": "restaurant", "tags": ["restaurant"], "sources": ["overture"], "address": "2311 2nd Ave", "stations": [{"stopCode": 50, "lines": "1,2", "name": "Westlake Station", "walkingMeters": 1000, "walkingSeconds": 746, "band": 15}, {"stopCode": 51, "lines": "1,2", "name": "Symphony Station", "walkingMeters": 1349, "walkingSeconds": 1007, "band": 15}]}, "geometry": {"type": "Point", "coordinates": [-122.346283, 47.6140747]}}, {"type": "Feature", "properties": {"id": "77f1d82e-1970-43d0-a6ab-11c44f3f4222", "name": "Wasabi Sushi & Izakaya", "category": "restaurant", "tags": ["restaurant", "sushi", "japanese", "asian"], "sources": ["overture"], "website": "http://www.wasabiseattle.com/", "phone": "+12064416044", "address": "2311 2nd Ave", "stations": [{"stopCode": 50, "lines": "1,2", "name": "Westlake Station", "walkingMeters": 953, "walkingSeconds": 689, "band": 15}, {"stopCode": 51, "lines": "1,2", "name": "Symphony Station", "walkingMeters": 1159, "walkingSeconds": 835, "band": 15}]}, "geometry": {"type": "Point", "coordinates": [-122.3462906, 47.6141815]}}, {"type": "Feature", "properties": {"id": "00f711e4-f925-42bf-afe3-486b236118e1", "name": "Tavol\u00e0ta Belltown", "category": "restaurant", "tags": ["restaurant", "italian", "european"], "sources": ["overture"], "website": "https://tavolata.com/", "phone": "+12068388008", "address": "2323 2nd Ave", "stations": [{"stopCode": 50, "lines": "1,2", "name": "Westlake Station", "walkingMeters": 1048, "walkingSeconds": 782, "band": 15}, {"stopCode": 51, "lines": "1,2", "name": "Symphony Station", "walkingMeters": 1401, "walkingSeconds": 1046, "band": 15}]}, "geometry": {"type": "Point", "coordinates": [-122.3466797, 47.614315]}}, {"type": "Feature", "properties": {"id": "49144659-f1f4-4318-be7c-6b9898b67e45", "name": "Bisato", "category": "restaurant", "tags": ["restaurant"], "sources": ["overture"], "website": "https://bisato.com", "address": "2400 1st Ave", "stations": [{"stopCode": 50, "lines": "1,2", "name": "Westlake Station", "walkingMeters": 1078, "walkingSeconds": 780, "band": 15}, {"stopCode": 51, "lines": "1,2", "name": "Symphony Station", "walkingMeters": 1280, "walkingSeconds": 921, "band": 15}]}, "geometry": {"type": "Point", "coordinates": [-122.3478012, 47.6143608]}}, {"type": "Feature", "properties": {"id": "0564c247-33cb-42af-8c24-ce420848a6ec", "name": "Lampreia Restaurant", "category": "restaurant", "tags": ["restaurant"], "sources": ["overture"], "website": "https://www.lampreiarestaurant.com", "address": "2400 1st Ave", "stations": [{"stopCode": 50, "lines": "1,2", "name": "Westlake Station", "walkingMeters": 1153, "walkingSeconds": 860, "band": 15}, {"stopCode": 51, "lines": "1,2", "name": "Symphony Station", "walkingMeters": 1488, "walkingSeconds": 1110, "band": 15}]}, "geometry": {"type": "Point", "coordinates": [-122.3478012, 47.6143608]}}, {"type": "Feature", "properties": {"id": "8d19da49-6f36-42c4-a71a-9e7ee4888173", "name": "The Lost Pelican", "category": "restaurant", "tags": ["restaurant", "cajun-and-creole", "cajun", "creole"], "sources": ["overture"], "website": "http://www.thelostpelican.com", "phone": "(206) 441-5132", "address": "2400 1st Ave", "stations": [{"stopCode": 50, "lines": "1,2", "name": "Westlake Station", "walkingMeters": 1157, "walkingSeconds": 863, "band": 15}, {"stopCode": 51, "lines": "1,2", "name": "Symphony Station", "walkingMeters": 1492, "walkingSeconds": 1113, "band": 15}]}, "geometry": {"type": "Point", "coordinates": [-122.347847, 47.6143608]}}, {"type": "Feature", "properties": {"id": "312ea4c9-cc2f-4aed-946d-122e76126b24", "name": "Del Rey", "category": "bar", "tags": ["bar"], "sources": ["overture"], "website": "http://www.delreyseattle.com/", "phone": "(206) 770-3228", "address": "2332 1st Ave", "stations": [{"stopCode": 50, "lines": "1,2", "name": "Westlake Station", "walkingMeters": 1070, "walkingSeconds": 773, "band": 15}, {"stopCode": 51, "lines": "1,2", "name": "Symphony Station", "walkingMeters": 1272, "walkingSeconds": 915, "band": 15}]}, "geometry": {"type": "Point", "coordinates": [-122.3475342, 47.614193]}}, {"type": "Feature", "properties": {"id": "58acf3e1-2650-4937-81c1-5e5a3504d7b6", "name": "Cbrh Inc", "category": "restaurant", "tags": ["restaurant"], "sources": ["overture"], "address": "2332 1st Ave", "stations": [{"stopCode": 50, "lines": "1,2", "name": "Westlake Station", "walkingMeters": 1113, "walkingSeconds": 831, "band": 15}, {"stopCode": 51, "lines": "1,2", "name": "Symphony Station", "walkingMeters": 1444, "walkingSeconds": 1078, "band": 15}]}, "geometry": {"type": "Point", "coordinates": [-122.3474884, 47.6141357]}}, {"type": "Feature", "properties": {"id": "09df3c86-202c-48ea-9cfc-34c79fcb1296", "name": "Taberna del Alabardero", "category": "bar", "tags": ["bar"], "sources": ["overture"], "website": "http://www.grupolezama.es", "phone": "(206) 448-8884", "address": "2328 1st Ave", "stations": [{"stopCode": 50, "lines": "1,2", "name": "Westlake Station", "walkingMeters": 1059, "walkingSeconds": 768, "band": 15}, {"stopCode": 51, "lines": "1,2", "name": "Symphony Station", "walkingMeters": 1261, "walkingSeconds": 909, "band": 15}]}, "geometry": {"type": "Point", "coordinates": [-122.3475266, 47.6138992]}}, {"type": "Feature", "properties": {"id": "e2daa7b4-1358-4a20-a484-5fc1655ffea7", "name": "Towne Pub", "category": "pub", "tags": ["pub"], "sources": ["overture"], "website": "https://townepubseattle.com", "phone": "(206) 441-5386", "address": "2322 1st Ave (btwn Battery and Bell St)", "stations": [{"stopCode": 50, "lines": "1,2", "name": "Westlake Station", "walkingMeters": 1027, "walkingSeconds": 743, "band": 15}, {"stopCode": 51, "lines": "1,2", "name": "Symphony Station", "walkingMeters": 1229, "walkingSeconds": 884, "band": 15}]}, "geometry": {"type": "Point", "coordinates": [-122.3471603, 47.6138992]}}, {"type": "Feature", "properties": {"id": "f6a55675-9570-4e32-9675-0f59a1e1f262", "name": "TR3S", "category": "restaurant", "tags": ["restaurant", "mexican"], "sources": ["overture"], "website": "http://tr3sseattle.com", "phone": "(206) 728-2535", "address": "2328 1st Ave", "stations": [{"stopCode": 50, "lines": "1,2", "name": "Westlake Station", "walkingMeters": 1032, "walkingSeconds": 747, "band": 15}, {"stopCode": 51, "lines": "1,2", "name": "Symphony Station", "walkingMeters": 1234, "walkingSeconds": 888, "band": 15}]}, "geometry": {"type": "Point", "coordinates": [-122.3471756, 47.6139565]}}, {"type": "Feature", "properties": {"id": "a035e98f-08fa-49ea-b7c2-cdab14f3a39f", "name": "Buenos Aires Grill - Argentinian Steakhouse", "category": "bar", "tags": ["bar", "argentine"], "sources": ["overture"], "website": "http://www.buenosairestangogrill.com/", "phone": "2064483114", "address": "2328 1st Ave", "stations": [{"stopCode": 50, "lines": "1,2", "name": "Westlake Station", "walkingMeters": 1012, "walkingSeconds": 732, "band": 15}, {"stopCode": 51, "lines": "1,2", "name": "Symphony Station", "walkingMeters": 1214, "walkingSeconds": 874, "band": 15}]}, "geometry": {"type": "Point", "coordinates": [-122.3473129, 47.6140976]}}, {"type": "Feature", "properties": {"id": "bac6d4d3-b788-4d0b-b186-6501d3f9db8c", "name": "Kalabaw Bar & Thai Kitchen", "category": "restaurant", "tags": ["restaurant", "asian"], "sources": ["overture"], "website": "https://kalabaw-usa.com/", "phone": "+12067967999", "address": "2328 1st Ave", "stations": [{"stopCode": 50, "lines": "1,2", "name": "Westlake Station", "walkingMeters": 1050, "walkingSeconds": 759, "band": 15}, {"stopCode": 51, "lines": "1,2", "name": "Symphony Station", "walkingMeters": 1252, "walkingSeconds": 901, "band": 15}]}, "geometry": {"type": "Point", "coordinates": [-122.3473129, 47.6140938]}}, {"type": "Feature", "properties": {"id": "d33cddf6-4277-41e3-a715-5f39a57071c7", "name": "Belltown Pub", "category": "pub", "tags": ["pub"], "sources": ["overture"], "website": "http://belltownpub.com", "phone": "(206) 448-6210", "address": "2322 1st Ave", "stations": [{"stopCode": 50, "lines": "1,2", "name": "Westlake Station", "walkingMeters": 1025, "walkingSeconds": 743, "band": 15}, {"stopCode": 51, "lines": "1,2", "name": "Symphony Station", "walkingMeters": 1227, "walkingSeconds": 885, "band": 15}]}, "geometry": {"type": "Point", "coordinates": [-122.3471832, 47.6137962]}}, {"type": "Feature", "properties": {"id": "948f401b-742f-458a-ade0-0ecc4bfb87f9", "name": "The Society", "category": "bar", "tags": ["bar"], "sources": ["overture"], "website": "https://www.thecrocodile.com/the-society", "address": "2505 1st Ave Ste #2", "stations": [{"stopCode": 50, "lines": "1,2", "name": "Westlake Station", "walkingMeters": 1227, "walkingSeconds": 886, "band": 15}]}, "geometry": {"type": "Point", "coordinates": [-122.3492432, 47.6145744]}}, {"type": "Feature", "properties": {"id": "9f86453f-f99c-43f3-997c-61fbe5189e8b", "name": "Holy Bee's Bakery", "category": "restaurant", "tags": ["restaurant"], "sources": ["overture"], "phone": "12067128517", "address": "2521 1st Ave", "stations": [{"stopCode": 50, "lines": "1,2", "name": "Westlake Station", "walkingMeters": 1253, "walkingSeconds": 905, "band": 15}]}, "geometry": {"type": "Point", "coordinates": [-122.3493042, 47.6146622]}}, {"type": "Feature", "properties": {"id": "2b0e086d-d50b-48c5-b071-e49044e1fe02", "name": "Belltown Pizza", "category": "restaurant", "tags": ["restaurant", "pizza"], "sources": ["overture"], "website": "https://belltownpizza.net", "phone": "12064412653", "address": "2422 1st Ave", "stations": [{"stopCode": 50, "lines": "1,2", "name": "Westlake Station", "walkingMeters": 1139, "walkingSeconds": 823, "band": 15}]}, "geometry": {"type": "Point", "coordinates": [-122.3482208, 47.6145172]}}, {"type": "Feature", "properties": {"id": "9e2e034f-fa43-4e95-97de-980edb1a38ee", "name": "Absinthe Brasserie", "category": "restaurant", "tags": ["restaurant", "cajun-and-creole", "cajun", "creole"], "sources": ["overture"], "website": "http://absinthebrasserie.com", "phone": "(206) 441-5132", "address": "2400 1st Ave", "stations": [{"stopCode": 50, "lines": "1,2", "name": "Westlake Station", "walkingMeters": 1173, "walkingSeconds": 875, "band": 15}]}, "geometry": {"type": "Point", "coordinates": [-122.3479919, 47.614418]}}, {"type": "Feature", "properties": {"id": "dbd166e1-e5b9-4b79-8e69-ea7210565577", "name": "French Quarter Kitchen", "category": "restaurant", "tags": ["restaurant", "french"], "sources": ["overture"], "website": "http://www.absinthebrasserie.com", "phone": "(206) 441-5132", "address": "2400 1st Ave", "stations": [{"stopCode": 50, "lines": "1,2", "name": "Westlake Station", "walkingMeters": 1126, "walkingSeconds": 814, "band": 15}]}, "geometry": {"type": "Point", "coordinates": [-122.3480072, 47.6145859]}}, {"type": "Feature", "properties": {"id": "f5c01ea9-e8af-40d3-a12d-56f8670d9a80", "name": "Marrakesh Moroccan Restaurant", "category": "restaurant", "tags": ["restaurant", "moroccan", "middle-eastern", "mediterranean"], "sources": ["overture"], "website": "https://marrakeshseattle.com/", "phone": "+12069560500", "address": "2334 2nd Ave", "stations": [{"stopCode": 50, "lines": "1,2", "name": "Westlake Station", "walkingMeters": 996, "walkingSeconds": 720, "band": 15}, {"stopCode": 51, "lines": "1,2", "name": "Symphony Station", "walkingMeters": 1202, "walkingSeconds": 867, "band": 15}]}, "geometry": {"type": "Point", "coordinates": [-122.3467712, 47.6147766]}}, {"type": "Feature", "properties": {"id": "94747b06-6b11-4d5c-99e2-73b6e40c4873", "name": "Chili & Sesame Korean Kitchen", "category": "restaurant", "tags": ["restaurant", "korean"], "sources": ["overture"], "website": "https://www.chiliandsesame.com", "phone": "(206) 443-2013", "address": "2429 2nd Ave", "stations": [{"stopCode": 50, "lines": "1,2", "name": "Westlake Station", "walkingMeters": 1078, "walkingSeconds": 781, "band": 15}]}, "geometry": {"type": "Point", "coordinates": [-122.3475571, 47.6151237]}}, {"type": "Feature", "properties": {"id": "790ccb05-ff11-4daf-b1cb-7e8effacffa5", "name": "Branzino", "category": "restaurant", "tags": ["restaurant", "seafood"], "sources": ["overture"], "website": "http://www.branzinoseattle.com", "phone": "(206) 728-5181", "address": "2429 2nd Ave", "stations": [{"stopCode": 50, "lines": "1,2", "name": "Westlake Station", "walkingMeters": 1103, "walkingSeconds": 799, "band": 15}]}, "geometry": {"type": "Point", "coordinates": [-122.3478165, 47.6152687]}}, {"type": "Feature", "properties": {"id": "e53188c0-355c-40d2-930d-93b8442c56d7", "name": "Trade Winds Tavern", "category": "pub", "tags": ["pub"], "sources": ["overture"], "website": "https://www.tradewindstavern.net", "phone": "2064482610", "address": "2505 2nd Ave  Ste 105", "stations": [{"stopCode": 50, "lines": "1,2", "name": "Westlake Station", "walkingMeters": 1166, "walkingSeconds": 843, "band": 15}]}, "geometry": {"type": "Point", "coordinates": [-122.3486328, 47.6154251]}}, {"type": "Feature", "properties": {"id": "24267e40-42ae-4ed4-a5dc-89da1dbefa30", "name": "No Anchor", "category": "bar", "tags": ["bar", "beer", "seafood"], "sources": ["overture"], "website": "http://www.noanchorbar.com/", "phone": "2064482610", "address": "2505 2nd Ave #105", "stations": [{"stopCode": 50, "lines": "1,2", "name": "Westlake Station", "walkingMeters": 1170, "walkingSeconds": 845, "band": 15}]}, "geometry": {"type": "Point", "coordinates": [-122.3484344, 47.6152916]}}, {"type": "Feature", "properties": {"id": "71664544-f2e1-47e9-b254-36639929b4c8", "name": "Vinnie's Wine Shop & Cocktail Bar", "category": "bar", "tags": ["bar", "wine"], "sources": ["overture"], "website": "http://vinniesseattle.com", "address": "2505 2nd Ave", "stations": [{"stopCode": 50, "lines": "1,2", "name": "Westlake Station", "walkingMeters": 1256, "walkingSeconds": 937, "band": 15}]}, "geometry": {"type": "Point", "coordinates": [-122.348381, 47.6152802]}}, {"type": "Feature", "properties": {"id": "f80742a8-bb22-4d20-9328-229623042220", "name": "The Innkeeper", "category": "restaurant", "tags": ["restaurant", "caribbean"], "sources": ["overture"], "website": "http://innkeeperseattle.com", "phone": "(206) 728-2403", "address": "2510 1st Ave", "stations": [{"stopCode": 50, "lines": "1,2", "name": "Westlake Station", "walkingMeters": 1206, "walkingSeconds": 872, "band": 15}]}, "geometry": {"type": "Point", "coordinates": [-122.3489532, 47.6149826]}}, {"type": "Feature", "properties": {"id": "a8690ee1-3e0d-4539-883b-ea5c8e1af987", "name": "Jerk Shack", "category": "restaurant", "tags": ["restaurant", "caribbean"], "sources": ["overture"], "website": "http://www.jerkshackseattle.com", "phone": "(206) 441-7817", "address": "2510 1st Ave", "stations": [{"stopCode": 50, "lines": "1,2", "name": "Westlake Station", "walkingMeters": 1218, "walkingSeconds": 880, "band": 15}]}, "geometry": {"type": "Point", "coordinates": [-122.3490372, 47.6150208]}}, {"type": "Feature", "properties": {"id": "7f2609e8-82ac-425b-a780-f8b7edf3f5f0", "name": "Cxn Clinical Research, Inc.", "category": "restaurant", "tags": ["restaurant"], "sources": ["overture"], "website": "https://www.cxnclinical.com", "phone": "16199879260", "address": "2608 2nd Ave  # 219", "stations": [{"stopCode": 50, "lines": "1,2", "name": "Westlake Station", "walkingMeters": 1381, "walkingSeconds": 1031, "band": 15}]}, "geometry": {"type": "Point", "coordinates": [-122.3490524, 47.6162758]}}, {"type": "Feature", "properties": {"id": "1a73aabc-b69d-48e1-afef-632f345f4ebd", "name": "Bali\u2019s Himalayan Chai And Salt", "category": "cafe", "tags": ["cafe"], "sources": ["overture"], "website": "https://thehomeofficecafe.business.site", "phone": "12062006490", "address": "2606 2nd Ave", "stations": [{"stopCode": 50, "lines": "1,2", "name": "Westlake Station", "walkingMeters": 1379, "walkingSeconds": 1029, "band": 15}]}, "geometry": {"type": "Point", "coordinates": [-122.3490524, 47.6162529]}}, {"type": "Feature", "properties": {"id": "928fe14a-3943-4f7e-840a-322546add884", "name": "Navy Strength Coffee & Juice", "category": "cafe", "tags": ["cafe", "coffee"], "sources": ["overture"], "website": "https://www.navystrengthseattle.com/coffee-juice/", "phone": "(206) 612-3313", "address": "2505 2nd Ave Ste 102B", "stations": [{"stopCode": 50, "lines": "1,2", "name": "Westlake Station", "walkingMeters": 1248, "walkingSeconds": 931, "band": 15}]}, "geometry": {"type": "Point", "coordinates": [-122.3480759, 47.6155624]}}, {"type": "Feature", "properties": {"id": "0f44812c-facc-4328-a823-c0ea7dbc37b4", "name": "Two Bells Tavern", "category": "bar", "tags": ["bar"], "sources": ["overture"], "phone": "2064413050", "address": "2313 4th Ave", "stations": [{"stopCode": 50, "lines": "1,2", "name": "Westlake Station", "walkingMeters": 801, "walkingSeconds": 576, "band": 10}, {"stopCode": 51, "lines": "1,2", "name": "Symphony Station", "walkingMeters": 1170, "walkingSeconds": 841, "band": 15}]}, "geometry": {"type": "Point", "coordinates": [-122.3446808, 47.6155586]}}, {"type": "Feature", "properties": {"id": "8e2df5bf-c57b-438f-ba0f-379f2457ec15", "name": "4th & Bell Pride Beer Garden", "category": "bar", "tags": ["bar", "beer"], "sources": ["overture"], "website": "http://www.strangertickets.com/events/15916856/beer-cocktail-garden-with-unobstructed-seating-on-the-parade-route", "address": "4th Avenue & Bell Street", "stations": [{"stopCode": 50, "lines": "1,2", "name": "Westlake Station", "walkingMeters": 907, "walkingSeconds": 677, "band": 10}, {"stopCode": 51, "lines": "1,2", "name": "Symphony Station", "walkingMeters": 1347, "walkingSeconds": 1005, "band": 15}]}, "geometry": {"type": "Point", "coordinates": [-122.3441696, 47.6153336]}}, {"type": "Feature", "properties": {"id": "bc0ec473-d947-4a2e-9b09-444fa9b7ffe1", "name": "Metropolitan Cafe and Deli", "category": "cafe", "tags": ["cafe"], "sources": ["overture"], "website": "http://www.metropolitancafeanddeli.com/", "phone": "2064534533", "address": "2312 3rd Ave Ste 101", "stations": [{"stopCode": 50, "lines": "1,2", "name": "Westlake Station", "walkingMeters": 876, "walkingSeconds": 630, "band": 15}, {"stopCode": 51, "lines": "1,2", "name": "Symphony Station", "walkingMeters": 1100, "walkingSeconds": 802, "band": 15}]}, "geometry": {"type": "Point", "coordinates": [-122.3451996, 47.6152878]}}, {"type": "Feature", "properties": {"id": "b22114b3-d761-4778-b38f-ff0d6ac56b8c", "name": "PLUS84", "category": "cafe", "tags": ["cafe", "coffee"], "sources": ["overture"], "website": "https://plus84coffee.com/", "phone": "+12064135119", "address": "2401 3rd Ave", "stations": [{"stopCode": 50, "lines": "1,2", "name": "Westlake Station", "walkingMeters": 980, "walkingSeconds": 705, "band": 15}, {"stopCode": 51, "lines": "1,2", "name": "Symphony Station", "walkingMeters": 1190, "walkingSeconds": 859, "band": 15}]}, "geometry": {"type": "Point", "coordinates": [-122.3465652, 47.6153984]}}, {"type": "Feature", "properties": {"id": "3b58db20-b575-4e62-bab9-deb4c6982828", "name": "Wakefield Bar", "category": "bar", "tags": ["bar"], "sources": ["overture"], "website": "https://wakefieldbar.com", "phone": "12067707824", "address": "2318 2nd Ave", "stations": [{"stopCode": 50, "lines": "1,2", "name": "Westlake Station", "walkingMeters": 952, "walkingSeconds": 689, "band": 15}, {"stopCode": 51, "lines": "1,2", "name": "Symphony Station", "walkingMeters": 1158, "walkingSeconds": 835, "band": 15}]}, "geometry": {"type": "Point", "coordinates": [-122.3460159, 47.6146889]}}, {"type": "Feature", "properties": {"id": "77380fcb-b809-4a0a-919e-f47896727ff9", "name": "Vittles Neighborhood Bistro & Bar", "category": "restaurant", "tags": ["restaurant", "bistro"], "sources": ["overture"], "website": "http://vittlesseattle.com", "phone": "(206) 448-3348", "address": "2330 2nd Ave", "stations": [{"stopCode": 50, "lines": "1,2", "name": "Westlake Station", "walkingMeters": 998, "walkingSeconds": 722, "band": 15}, {"stopCode": 51, "lines": "1,2", "name": "Symphony Station", "walkingMeters": 1204, "walkingSeconds": 868, "band": 15}]}, "geometry": {"type": "Point", "coordinates": [-122.346611, 47.6148643]}}, {"type": "Feature", "properties": {"id": "32f8df19-cb90-4dc0-8ea6-519e8c0c1442", "name": "Madhu Cuisine of India", "category": "restaurant", "tags": ["restaurant", "indian"], "sources": ["overture"], "website": "http://www.seattlemadhu.com", "phone": "(206) 441-7017", "address": "2330 2nd Ave", "stations": [{"stopCode": 50, "lines": "1,2", "name": "Westlake Station", "walkingMeters": 984, "walkingSeconds": 712, "band": 15}, {"stopCode": 51, "lines": "1,2", "name": "Symphony Station", "walkingMeters": 1190, "walkingSeconds": 858, "band": 15}]}, "geometry": {"type": "Point", "coordinates": [-122.346611, 47.6147385]}}, {"type": "Feature", "properties": {"id": "17141bf6-141e-4169-a6b8-7ef28d2f9033", "name": "Karma Martini Lounge & Bistro", "category": "restaurant", "tags": ["restaurant", "asian"], "sources": ["overture"], "website": "http://www.karmaseattle.com/", "phone": "(206) 838-6018", "address": "2318 2nd Ave", "stations": [{"stopCode": 50, "lines": "1,2", "name": "Westlake Station", "walkingMeters": 951, "walkingSeconds": 688, "band": 15}, {"stopCode": 51, "lines": "1,2", "name": "Symphony Station", "walkingMeters": 1157, "walkingSeconds": 834, "band": 15}]}, "geometry": {"type": "Point", "coordinates": [-122.3463135, 47.6145172]}}, {"type": "Feature", "properties": {"id": "4a5b6549-838a-48aa-8a1b-b2ae1a4a8cc4", "name": "Ballcradle Llc", "category": "restaurant", "tags": ["restaurant"], "sources": ["overture"], "address": "2316 2nd Ave", "stations": [{"stopCode": 50, "lines": "1,2", "name": "Westlake Station", "walkingMeters": 992, "walkingSeconds": 740, "band": 15}, {"stopCode": 51, "lines": "1,2", "name": "Symphony Station", "walkingMeters": 1373, "walkingSeconds": 1025, "band": 15}]}, "geometry": {"type": "Point", "coordinates": [-122.3458252, 47.6146355]}}, {"type": "Feature", "properties": {"id": "040e308f-e49a-47ef-9af3-878f6d7c42cb", "name": "Lucy's Corner", "category": "cafe", "tags": ["cafe"], "sources": ["overture"], "website": "http://www.pitaxpress.com", "phone": "(206) 728-5300", "address": "2303 3rd Ave", "stations": [{"stopCode": 50, "lines": "1,2", "name": "Westlake Station", "walkingMeters": 841, "walkingSeconds": 605, "band": 10}, {"stopCode": 51, "lines": "1,2", "name": "Symphony Station", "walkingMeters": 1051, "walkingSeconds": 759, "band": 15}]}, "geometry": {"type": "Point", "coordinates": [-122.3450699, 47.6146469]}}, {"type": "Feature", "properties": {"id": "75aa817d-bc2f-48a3-b1a0-18194d10ac4b", "name": "Acquabar", "category": "pub", "tags": ["pub"], "sources": ["overture"], "website": "http://www.acquabar.com", "phone": "(206) 728-6583", "address": "305 Bell St", "stations": [{"stopCode": 50, "lines": "1,2", "name": "Westlake Station", "walkingMeters": 808, "walkingSeconds": 581, "band": 10}, {"stopCode": 51, "lines": "1,2", "name": "Symphony Station", "walkingMeters": 1034, "walkingSeconds": 754, "band": 15}]}, "geometry": {"type": "Point", "coordinates": [-122.3446121, 47.6147995]}}, {"type": "Feature", "properties": {"id": "da46d156-430a-45eb-8580-c9e063178d97", "name": "Spiceup Szechuan Cuisine", "category": "restaurant", "tags": ["restaurant", "asian", "fusion", "noodles"], "sources": ["overture"], "website": "http://www.spiceupszechuan.com/", "phone": "2067282551", "address": "305 Bell St", "stations": [{"stopCode": 50, "lines": "1,2", "name": "Westlake Station", "walkingMeters": 815, "walkingSeconds": 586, "band": 10}, {"stopCode": 51, "lines": "1,2", "name": "Symphony Station", "walkingMeters": 1041, "walkingSeconds": 759, "band": 15}]}, "geometry": {"type": "Point", "coordinates": [-122.3446732, 47.61483]}}, {"type": "Feature", "properties": {"id": "5974f886-93ab-41de-b407-393a56fafee8", "name": "Local Pho & Sushi", "category": "restaurant", "tags": ["restaurant", "asian", "fusion", "noodles", "soup"], "sources": ["overture"], "website": "https://www.localphoseattlewa.com/?utm_source=bing&utm_medium=websiteurl&utm_campaign=search", "phone": "2064415995", "address": "2230 3rd Ave", "stations": [{"stopCode": 50, "lines": "1,2", "name": "Westlake Station", "walkingMeters": 788, "walkingSeconds": 567, "band": 10}, {"stopCode": 51, "lines": "1,2", "name": "Symphony Station", "walkingMeters": 1013, "walkingSeconds": 739, "band": 15}]}, "geometry": {"type": "Point", "coordinates": [-122.3443985, 47.6147156]}}, {"type": "Feature", "properties": {"id": "978098cb-7822-473f-8ecd-947da55fbed3", "name": "Liberated Foods Llc", "category": "bakery", "tags": ["bakery"], "sources": ["overture"], "phone": "12064857503", "address": "2209 4th Ave", "stations": [{"stopCode": 50, "lines": "1,2", "name": "Westlake Station", "walkingMeters": 669, "walkingSeconds": 481, "band": 10}, {"stopCode": 51, "lines": "1,2", "name": "Symphony Station", "walkingMeters": 1038, "walkingSeconds": 746, "band": 15}]}, "geometry": {"type": "Point", "coordinates": [-122.3431702, 47.614666]}}, {"type": "Feature", "properties": {"id": "648fee0e-6352-484c-953f-043be3a7e9f9", "name": "Luka's Sit, Sip & Spin", "category": "bar", "tags": ["bar"], "sources": ["overture"], "website": "http://LukasBelltown.com/", "phone": "+12063941000", "address": "2219 4th Ave", "stations": [{"stopCode": 50, "lines": "1,2", "name": "Westlake Station", "walkingMeters": 694, "walkingSeconds": 500, "band": 10}, {"stopCode": 51, "lines": "1,2", "name": "Symphony Station", "walkingMeters": 1064, "walkingSeconds": 765, "band": 15}]}, "geometry": {"type": "Point", "coordinates": [-122.3434677, 47.6147232]}}, {"type": "Feature", "properties": {"id": "d22d38f5-813a-4391-b457-6c017f225c7c", "name": "Moon's Kitchen", "category": "restaurant", "tags": ["restaurant", "noodles"], "sources": ["overture"], "website": "http://www.moonskitchen.eat24hour.com", "phone": "(206) 420-1302", "address": "2211 4th Ave", "stations": [{"stopCode": 50, "lines": "1,2", "name": "Westlake Station", "walkingMeters": 790, "walkingSeconds": 590, "band": 10}, {"stopCode": 51, "lines": "1,2", "name": "Symphony Station", "walkingMeters": 1229, "walkingSeconds": 917, "band": 15}]}, "geometry": {"type": "Point", "coordinates": [-122.3433228, 47.6147423]}}, {"type": "Feature", "properties": {"id": "05572f7b-e892-4235-82b5-e636966f4502", "name": "Askatu Bakery Cafe", "category": "bakery", "tags": ["bakery", "health-food"], "sources": ["overture"], "website": "https://liberatedfoods.com", "phone": "+12064857503", "address": "2209 4th Ave", "stations": [{"stopCode": 50, "lines": "1,2", "name": "Westlake Station", "walkingMeters": 665, "walkingSeconds": 478, "band": 10}, {"stopCode": 51, "lines": "1,2", "name": "Symphony Station", "walkingMeters": 1034, "walkingSeconds": 744, "band": 15}]}, "geometry": {"type": "Point", "coordinates": [-122.3432465, 47.6147652]}}, {"type": "Feature", "properties": {"id": "a0aa2f3c-b9fb-4fe5-bc12-6c9c5a550b49", "name": "The Yellow Leaf Cupcake Co", "category": "bakery", "tags": ["bakery"], "sources": ["overture"], "website": "http://www.theyellowleafcupcake.com/", "phone": "(206) 441-4240", "address": "2209 4th Ave", "stations": [{"stopCode": 50, "lines": "1,2", "name": "Westlake Station", "walkingMeters": 673, "walkingSeconds": 484, "band": 10}, {"stopCode": 51, "lines": "1,2", "name": "Symphony Station", "walkingMeters": 1057, "walkingSeconds": 760, "band": 15}]}, "geometry": {"type": "Point", "coordinates": [-122.3432693, 47.6149139]}}, {"type": "Feature", "properties": {"id": "f266cb63-c5fc-4646-b700-6c2b939f84ca", "name": "Kanak Indian Cuisine", "category": "restaurant", "tags": ["restaurant", "indian"], "sources": ["overture"], "website": "https://kanakindianseattle.com/", "phone": "+12069069968", "address": "2211 4th Ave", "stations": [{"stopCode": 50, "lines": "1,2", "name": "Westlake Station", "walkingMeters": 669, "walkingSeconds": 481, "band": 10}, {"stopCode": 51, "lines": "1,2", "name": "Symphony Station", "walkingMeters": 1038, "walkingSeconds": 746, "band": 15}]}, "geometry": {"type": "Point", "coordinates": [-122.3432236, 47.6148338]}}, {"type": "Feature", "properties": {"id": "3522e363-f2ee-4bbe-9fe5-ca359a4704d0", "name": "Bell Thai", "category": "restaurant", "tags": ["restaurant", "thai"], "sources": ["overture"], "website": "http://bellthai.com", "phone": "(206) 441-8488", "address": "2211 4th Ave", "stations": [{"stopCode": 50, "lines": "1,2", "name": "Westlake Station", "walkingMeters": 676, "walkingSeconds": 486, "band": 10}, {"stopCode": 51, "lines": "1,2", "name": "Symphony Station", "walkingMeters": 1046, "walkingSeconds": 752, "band": 15}]}, "geometry": {"type": "Point", "coordinates": [-122.3433228, 47.6148605]}}, {"type": "Feature", "properties": {"id": "be7ee554-c99f-47d9-b754-49794f84a9b8", "name": "Cottontail", "category": "bar", "tags": ["bar", "cocktail"], "sources": ["overture"], "website": "https://www.cottontailclubseattle.com/", "phone": "+12064414777", "address": "2219 4th Ave", "stations": [{"stopCode": 50, "lines": "1,2", "name": "Westlake Station", "walkingMeters": 828, "walkingSeconds": 618, "band": 10}, {"stopCode": 51, "lines": "1,2", "name": "Symphony Station", "walkingMeters": 1255, "walkingSeconds": 937, "band": 15}]}, "geometry": {"type": "Point", "coordinates": [-122.3438187, 47.6147194]}}, {"type": "Feature", "properties": {"id": "2185d21f-560c-4266-ab09-535dc1c8dc02", "name": "Spitfire", "category": "restaurant", "tags": ["restaurant", "barbecue"], "sources": ["overture"], "website": "http://spitfireseattle.com/", "phone": "2064417966", "address": "2219 4th Ave", "stations": [{"stopCode": 50, "lines": "1,2", "name": "Westlake Station", "walkingMeters": 690, "walkingSeconds": 496, "band": 10}, {"stopCode": 51, "lines": "1,2", "name": "Symphony Station", "walkingMeters": 1074, "walkingSeconds": 772, "band": 15}]}, "geometry": {"type": "Point", "coordinates": [-122.343399, 47.615036]}}, {"type": "Feature", "properties": {"id": "9ba66c9f-90a9-4ebf-a63f-57d172ee44db", "name": "Cantina Le\u00f1a", "category": "bar", "tags": ["bar", "mexican"], "sources": ["overture"], "website": "http://www.cantinalena.com/", "phone": "2065195723", "address": "2101 5th Ave", "stations": [{"stopCode": 50, "lines": "1,2", "name": "Westlake Station", "walkingMeters": 512, "walkingSeconds": 368, "band": 10}, {"stopCode": 51, "lines": "1,2", "name": "Symphony Station", "walkingMeters": 946, "walkingSeconds": 680, "band": 15}]}, "geometry": {"type": "Point", "coordinates": [-122.3410339, 47.61446]}}, {"type": "Feature", "properties": {"id": "3029ab2c-b2e4-42f9-a8a0-725192a93c13", "name": "Assembly Hall", "category": "cafe", "tags": ["cafe", "coffee", "breakfast-and-brunch"], "sources": ["overture"], "website": "http://assemblyhallseattle.com/", "phone": "2068128413", "address": "2121 6th Ave", "stations": [{"stopCode": 50, "lines": "1,2", "name": "Westlake Station", "walkingMeters": 568, "walkingSeconds": 415, "band": 10}, {"stopCode": 51, "lines": "1,2", "name": "Symphony Station", "walkingMeters": 1083, "walkingSeconds": 785, "band": 15}]}, "geometry": {"type": "Point", "coordinates": [-122.3401642, 47.6151276]}}, {"type": "Feature", "properties": {"id": "e938d2e6-8c07-45aa-bbd3-dbd8a92d693e", "name": "Tanakasan", "category": "restaurant", "tags": ["restaurant"], "sources": ["overture"], "address": "2121 6th Ave", "stations": [{"stopCode": 50, "lines": "1,2", "name": "Westlake Station", "walkingMeters": 523, "walkingSeconds": 380, "band": 10}, {"stopCode": 51, "lines": "1,2", "name": "Symphony Station", "walkingMeters": 1038, "walkingSeconds": 746, "band": 15}]}, "geometry": {"type": "Point", "coordinates": [-122.3401642, 47.6151237]}}, {"type": "Feature", "properties": {"id": "ff0afc97-5241-45fc-8d41-fca995e531bf", "name": "Ballard Pizza Company - SLU", "category": "restaurant", "tags": ["restaurant", "pizza"], "sources": ["overture"], "website": "https://ethanstowellrestaurants.com/restaurants/ballard-pizza-co-slu-south-lake-union-seattle", "phone": "2062787440", "address": "2121 6th Ave", "stations": [{"stopCode": 50, "lines": "1,2", "name": "Westlake Station", "walkingMeters": 525, "walkingSeconds": 382, "band": 10}, {"stopCode": 51, "lines": "1,2", "name": "Symphony Station", "walkingMeters": 1039, "walkingSeconds": 748, "band": 15}]}, "geometry": {"type": "Point", "coordinates": [-122.3401566, 47.6151085]}}, {"type": "Feature", "properties": {"id": "46c5cf07-0e19-41c2-b603-65a0f95b0daf", "name": "The Victor Tavern - 6th & Lenora", "category": "pub", "tags": ["pub"], "sources": ["overture"], "website": "https://victortavern.com/", "phone": "2066494040", "address": "2121 6th Ave", "stations": [{"stopCode": 50, "lines": "1,2", "name": "Westlake Station", "walkingMeters": 573, "walkingSeconds": 414, "band": 10}, {"stopCode": 51, "lines": "1,2", "name": "Symphony Station", "walkingMeters": 1088, "walkingSeconds": 785, "band": 15}]}, "geometry": {"type": "Point", "coordinates": [-122.3403702, 47.6154137]}}, {"type": "Feature", "properties": {"id": "982a58e9-d9eb-4174-a087-117f6cefd274", "name": "Pineapple Bistro & Bar", "category": "bar", "tags": ["bar", "bar-and-grill"], "sources": ["overture"], "website": "https://www.staypineapple.com/hotel-five-seattle-wa/eat-drink/pineapple-bistro-bar", "phone": "+12064419785", "address": "2200 5th Ave", "stations": [{"stopCode": 50, "lines": "1,2", "name": "Westlake Station", "walkingMeters": 804, "walkingSeconds": 600, "band": 10}, {"stopCode": 51, "lines": "1,2", "name": "Symphony Station", "walkingMeters": 1299, "walkingSeconds": 969, "band": 15}]}, "geometry": {"type": "Point", "coordinates": [-122.3420105, 47.6158371]}}, {"type": "Feature", "properties": {"id": "30dcd298-ffb5-4427-aecc-a6bf37420849", "name": "Eggs And Plants", "category": "restaurant", "tags": ["restaurant", "mediterranean"], "sources": ["overture"], "website": "http://www.eggsandplants.com", "phone": "12064482050", "address": "2229 5th Ave", "stations": [{"stopCode": 50, "lines": "1,2", "name": "Westlake Station", "walkingMeters": 683, "walkingSeconds": 492, "band": 10}, {"stopCode": 51, "lines": "1,2", "name": "Symphony Station", "walkingMeters": 1183, "walkingSeconds": 851, "band": 15}]}, "geometry": {"type": "Point", "coordinates": [-122.3429413, 47.6156197]}}, {"type": "Feature", "properties": {"id": "eeecc645-d1d2-456c-b599-b915866208e8", "name": "Shomon Kappo Sushi", "category": "restaurant", "tags": ["restaurant", "japanese", "sushi"], "sources": ["overture"], "website": "https://sho-mon.com/", "phone": "+12065821938", "address": "2301 5th Ave #102", "stations": [{"stopCode": 50, "lines": "1,2", "name": "Westlake Station", "walkingMeters": 744, "walkingSeconds": 536, "band": 10}, {"stopCode": 51, "lines": "1,2", "name": "Symphony Station", "walkingMeters": 1243, "walkingSeconds": 894, "band": 15}]}, "geometry": {"type": "Point", "coordinates": [-122.3435974, 47.6160583]}}, {"type": "Feature", "properties": {"id": "69bad543-ef68-42f9-b797-e05aad181e7d", "name": "Far Eats", "category": "restaurant", "tags": ["restaurant", "indian"], "sources": ["overture"], "website": "http://geogychacko.com/far-eats.html", "phone": "(206) 770-3287", "address": "2301 5th Ave Ste 101", "stations": [{"stopCode": 50, "lines": "1,2", "name": "Westlake Station", "walkingMeters": 723, "walkingSeconds": 520, "band": 10}, {"stopCode": 51, "lines": "1,2", "name": "Symphony Station", "walkingMeters": 1218, "walkingSeconds": 876, "band": 15}]}, "geometry": {"type": "Point", "coordinates": [-122.3433228, 47.6160011]}}, {"type": "Feature", "properties": {"id": "c6bc9b70-43ad-400e-9328-853506aab96f", "name": "Ma\u00edz Molino", "category": "restaurant", "tags": ["restaurant", "mexican"], "sources": ["overture"], "website": "http://www.maizseattle.com", "phone": "(206) 402-6142", "address": "2325 6th Ave", "stations": [{"stopCode": 50, "lines": "1,2", "name": "Westlake Station", "walkingMeters": 840, "walkingSeconds": 606, "band": 10}]}, "geometry": {"type": "Point", "coordinates": [-122.3430786, 47.6168976]}}, {"type": "Feature", "properties": {"id": "c3da5ff6-bf0e-451f-9734-ed43cd05db3d", "name": "Sushi By Scratch", "category": "restaurant", "tags": ["restaurant", "sushi", "japanese", "asian"], "sources": ["overture"], "website": "http://www.sushibyscratchrestaurants.com/", "phone": "+12532376761", "address": "2331 6th Ave", "stations": [{"stopCode": 50, "lines": "1,2", "name": "Westlake Station", "walkingMeters": 868, "walkingSeconds": 626, "band": 10}]}, "geometry": {"type": "Point", "coordinates": [-122.3432617, 47.6171379]}}, {"type": "Feature", "properties": {"id": "97ff2edf-b9c6-46de-9e24-c33f7eff1a57", "name": "Fulcrum Caf\u00e9", "category": "cafe", "tags": ["cafe", "coffee"], "sources": ["overture"], "website": "https://fulcrumcoffee.com", "phone": "+12069958779", "address": "590 Bell St", "stations": [{"stopCode": 50, "lines": "1,2", "name": "Westlake Station", "walkingMeters": 792, "walkingSeconds": 572, "band": 10}, {"stopCode": 51, "lines": "1,2", "name": "Symphony Station", "walkingMeters": 1307, "walkingSeconds": 942, "band": 15}]}, "geometry": {"type": "Point", "coordinates": [-122.3425064, 47.6166954]}}, {"type": "Feature", "properties": {"id": "7d79d7d4-32d0-4c34-8f23-7b25c1aa7681", "name": "Dirty Bucket Brewing", "category": "bar", "tags": ["bar", "brewery"], "sources": ["overture"], "phone": "+12068126591", "address": "2300 7th Ave", "stations": [{"stopCode": 50, "lines": "1,2", "name": "Westlake Station", "walkingMeters": 993, "walkingSeconds": 741, "band": 10}]}, "geometry": {"type": "Point", "coordinates": [-122.3413925, 47.6176796]}}, {"type": "Feature", "properties": {"id": "e530115b-d92c-4513-9ee6-2d7f3356105c", "name": "Momiji South Lake Union", "category": "restaurant", "tags": ["restaurant", "japanese", "sushi", "asian"], "sources": ["overture"], "website": "https://www.momijislu.com", "phone": "+12062571304", "address": "731 Bell St", "stations": [{"stopCode": 50, "lines": "1,2", "name": "Westlake Station", "walkingMeters": 830, "walkingSeconds": 600, "band": 10}]}, "geometry": {"type": "Point", "coordinates": [-122.3403702, 47.6177177]}}, {"type": "Feature", "properties": {"id": "dc43ad75-4f9e-4785-89fb-4b2faf64fcd3", "name": "Shilla Japanese Korean Restaurant", "category": "restaurant", "tags": ["restaurant", "korean"], "sources": ["overture"], "website": "http://shillarestaurant.com", "phone": "(206) 623-9996", "address": "2300 8th Ave", "stations": [{"stopCode": 50, "lines": "1,2", "name": "Westlake Station", "walkingMeters": 892, "walkingSeconds": 644, "band": 10}]}, "geometry": {"type": "Point", "coordinates": [-122.3404999, 47.6183281]}}, {"type": "Feature", "properties": {"id": "f4ffae2c-2547-418a-bf1e-5f9ed94ef881", "name": "Himalayan Coffee Roasters Seattle", "category": "cafe", "tags": ["cafe", "coffee"], "sources": ["overture"], "website": "http://himalayancoffee.us/", "phone": "+12064301214", "address": "2502 6th Ave", "stations": [{"stopCode": 50, "lines": "1,2", "name": "Westlake Station", "walkingMeters": 1033, "walkingSeconds": 745, "band": 15}]}, "geometry": {"type": "Point", "coordinates": [-122.3444214, 47.6182518]}}, {"type": "Feature", "properties": {"id": "906ec3f5-9a7b-4534-8e4a-1b34ad8a8bb1", "name": "A Pizza Mart Belltown", "category": "restaurant", "tags": ["restaurant", "pizza", "italian"], "sources": ["overture"], "website": "http://www.apizzamartseattle.com/", "phone": "+12064417604", "address": "2525 6th Ave", "stations": [{"stopCode": 50, "lines": "1,2", "name": "Westlake Station", "walkingMeters": 1088, "walkingSeconds": 784, "band": 15}]}, "geometry": {"type": "Point", "coordinates": [-122.3453979, 47.6184349]}}, {"type": "Feature", "properties": {"id": "c4a382f0-b420-4101-b8a5-81b21b48d7be", "name": "Belltown Burger", "category": "restaurant", "tags": ["restaurant", "burger"], "sources": ["overture"], "website": "http://geogychacko.com/belltown-burger.html", "phone": "(206) 770-0707", "address": "2301 5th Ave", "stations": [{"stopCode": 50, "lines": "1,2", "name": "Westlake Station", "walkingMeters": 924, "walkingSeconds": 664, "band": 15}]}, "geometry": {"type": "Point", "coordinates": [-122.3452225, 47.6167374]}}, {"type": "Feature", "properties": {"id": "7647f884-67fd-4e23-82a7-7ad46c224b31", "name": "Fish Cake Factory Llc", "category": "restaurant", "tags": ["restaurant"], "sources": ["overture"], "address": "2510 4th Ave", "stations": [{"stopCode": 50, "lines": "1,2", "name": "Westlake Station", "walkingMeters": 1223, "walkingSeconds": 913, "band": 15}]}, "geometry": {"type": "Point", "coordinates": [-122.3462982, 47.6170425]}}, {"type": "Feature", "properties": {"id": "b621bf7f-ea5c-43a3-aeaf-a35509f5e44c", "name": "Henry and Oscar's", "category": "bar", "tags": ["bar"], "sources": ["overture"], "website": "http://www.henryandoscars.com", "phone": "(206) 448-2444", "address": "2525 4th Ave", "stations": [{"stopCode": 50, "lines": "1,2", "name": "Westlake Station", "walkingMeters": 1075, "walkingSeconds": 773, "band": 15}]}, "geometry": {"type": "Point", "coordinates": [-122.3472366, 47.617218]}}, {"type": "Feature", "properties": {"id": "91dedc15-d3a0-47aa-901b-a456e4b98ae9", "name": "Pearl Ta, Inc", "category": "restaurant", "tags": ["restaurant"], "sources": ["overture"], "address": "2525 4th Ave", "stations": [{"stopCode": 50, "lines": "1,2", "name": "Westlake Station", "walkingMeters": 1276, "walkingSeconds": 952, "band": 15}]}, "geometry": {"type": "Point", "coordinates": [-122.3470688, 47.6169815]}}, {"type": "Feature", "properties": {"id": "d4f8f83b-6afc-4316-8850-c07fdf9afd51", "name": "Shallots Bar & Bistro", "category": "restaurant", "tags": ["restaurant"], "sources": ["overture"], "website": "shallotsseattle.com", "address": "2525 4th Ave", "stations": [{"stopCode": 50, "lines": "1,2", "name": "Westlake Station", "walkingMeters": 1276, "walkingSeconds": 952, "band": 15}]}, "geometry": {"type": "Point", "coordinates": [-122.3470688, 47.6169815]}}, {"type": "Feature", "properties": {"id": "1eeda955-f1e5-40dd-995f-6caa6be02ec7", "name": "Meekong Kitchen", "category": "restaurant", "tags": ["restaurant", "vietnamese", "asian"], "sources": ["overture"], "website": "https://meekongbarseattle.com", "phone": "+12065666136", "address": "2525 4th Ave", "stations": [{"stopCode": 50, "lines": "1,2", "name": "Westlake Station", "walkingMeters": 1283, "walkingSeconds": 957, "band": 15}]}, "geometry": {"type": "Point", "coordinates": [-122.3471375, 47.6170006]}}, {"type": "Feature", "properties": {"id": "d7cedb35-e5f9-40a8-9508-ef0a21cafa1b", "name": "Becker Conviser Cpa Review", "category": "restaurant", "tags": ["restaurant"], "sources": ["overture"], "address": "2521 4th Ave", "stations": [{"stopCode": 50, "lines": "1,2", "name": "Westlake Station", "walkingMeters": 1251, "walkingSeconds": 934, "band": 15}]}, "geometry": {"type": "Point", "coordinates": [-122.3469772, 47.6167793]}}, {"type": "Feature", "properties": {"id": "ac6649fc-6d4b-46ac-b2e1-ca2668813b23", "name": "Seattle Flan 33", "category": "restaurant", "tags": ["restaurant"], "sources": ["overture"], "website": "http://www.seattleflan33.com", "phone": "(951) 355-9147", "address": "311 Cedar St", "stations": [{"stopCode": 50, "lines": "1,2", "name": "Westlake Station", "walkingMeters": 1204, "walkingSeconds": 866, "band": 15}]}, "geometry": {"type": "Point", "coordinates": [-122.3484344, 47.617218]}}, {"type": "Feature", "properties": {"id": "9a696c84-357b-41c1-af10-c6de733c3f72", "name": "Wa'z Seattle", "category": "restaurant", "tags": ["restaurant", "japanese", "asian"], "sources": ["overture"], "website": "http://www.wazseattle.com/", "phone": "+12064417119", "address": "411 Cedar St", "stations": [{"stopCode": 50, "lines": "1,2", "name": "Westlake Station", "walkingMeters": 1167, "walkingSeconds": 840, "band": 15}]}, "geometry": {"type": "Point", "coordinates": [-122.3475723, 47.618042]}}, {"type": "Feature", "properties": {"id": "8933a0b6-2875-41a6-b3a1-f12d7f3e94da", "name": "Bambinos Pizzeria", "category": "restaurant", "tags": ["restaurant", "pizza", "italian"], "sources": ["overture"], "website": "http://www.getbambinos.com/", "phone": "+12062692222", "address": "401 Cedar St", "stations": [{"stopCode": 50, "lines": "1,2", "name": "Westlake Station", "walkingMeters": 1410, "walkingSeconds": 1052, "band": 15}]}, "geometry": {"type": "Point", "coordinates": [-122.3477936, 47.6178513]}}, {"type": "Feature", "properties": {"id": "b32fe72a-d879-4516-a18b-4d1dab7c55d1", "name": "The 5 Point Cafe", "category": "restaurant", "tags": ["restaurant", "diner", "american"], "sources": ["overture"], "website": "http://www.the5pointcafe.com/", "phone": "+12064489991", "address": "415 Cedar St", "stations": [{"stopCode": 50, "lines": "1,2", "name": "Westlake Station", "walkingMeters": 1158, "walkingSeconds": 834, "band": 15}]}, "geometry": {"type": "Point", "coordinates": [-122.3474197, 47.6180801]}}, {"type": "Feature", "properties": {"id": "84b00f6c-bb7e-4107-b07c-aeb91512247c", "name": "Wide Open, Inc.", "category": "restaurant", "tags": ["restaurant"], "sources": ["overture"], "website": "wideopenco.com", "phone": "+12063882995", "address": "415 Cedar St", "stations": [{"stopCode": 50, "lines": "1,2", "name": "Westlake Station", "walkingMeters": 1398, "walkingSeconds": 1043, "band": 15}]}, "geometry": {"type": "Point", "coordinates": [-122.3472519, 47.6181412]}}, {"type": "Feature", "properties": {"id": "de3b317e-4fa7-4b4b-8eeb-ab5e50c3e662", "name": "Golden Singha Thai Cuisine", "category": "restaurant", "tags": ["restaurant", "thai", "asian"], "sources": ["overture"], "website": "http://hellothaifood.com/singha.html", "phone": "+12067281532", "address": "425 Cedar St", "stations": [{"stopCode": 50, "lines": "1,2", "name": "Westlake Station", "walkingMeters": 1120, "walkingSeconds": 806, "band": 15}]}, "geometry": {"type": "Point", "coordinates": [-122.3471985, 47.6183128]}}, {"type": "Feature", "properties": {"id": "2d90ce4e-6ea1-482b-a8e7-a799c11fd432", "name": "Mantra Thai Restaurant & Bar", "category": "restaurant", "tags": ["restaurant", "thai"], "sources": ["overture"], "website": "http://www.mantrathai.com", "phone": "(206) 659-0466", "address": "2720 4th Ave", "stations": [{"stopCode": 50, "lines": "1,2", "name": "Westlake Station", "walkingMeters": 1216, "walkingSeconds": 875, "band": 15}]}, "geometry": {"type": "Point", "coordinates": [-122.3482819, 47.6183777]}}, {"type": "Feature", "properties": {"id": "878bab10-ea46-4e7a-bfd6-3f01d8165590", "name": "Space Needle Food Truck Park", "category": "fast_food", "tags": ["fast-food", "food", "truck"], "sources": ["overture"], "phone": "+13236121438", "address": "2800 3rd Ave"}, "geometry": {"type": "Point", "coordinates": [-122.3498306, 47.6180344]}}, {"type": "Feature", "properties": {"id": "41cf2bbf-c9d6-4d8d-b75e-b221261de613", "name": "Street Bean Cafe", "category": "cafe", "tags": ["cafe", "coffee"], "sources": ["overture"], "website": "https://streetbean.org", "phone": "12062890117", "address": "2711 3rd Ave"}, "geometry": {"type": "Point", "coordinates": [-122.349556, 47.6172371]}}, {"type": "Feature", "properties": {"id": "85dfaaaf-c882-497c-ad89-635eb9046fa2", "name": "Black Bottle Gastrotavern", "category": "restaurant", "tags": ["restaurant", "pub", "bar-and-grill", "american"], "sources": ["overture"], "website": "http://blackbottleseattle.com/", "phone": "+12064411500", "address": "2600 1st Ave", "stations": [{"stopCode": 50, "lines": "1,2", "name": "Westlake Station", "walkingMeters": 1287, "walkingSeconds": 929, "band": 15}]}, "geometry": {"type": "Point", "coordinates": [-122.3497238, 47.6154633]}}, {"type": "Feature", "properties": {"id": "a9d7d36f-e496-4069-9185-ad5f5d8a530b", "name": "Pike Place Parcels", "category": "restaurant", "tags": ["restaurant", "fast-food"], "sources": ["overture"], "website": "http://wanderersmailservices.com", "phone": "+12064415678", "address": "1916 Pike Pl", "stations": [{"stopCode": 50, "lines": "1,2", "name": "Westlake Station", "walkingMeters": 538, "walkingSeconds": 391, "band": 10}, {"stopCode": 51, "lines": "1,2", "name": "Symphony Station", "walkingMeters": 700, "walkingSeconds": 503, "band": 10}]}, "geometry": {"type": "Point", "coordinates": [-122.3425064, 47.6100845]}}, {"type": "Feature", "properties": {"id": "f553a438-1598-4c39-994c-9889855a50d3", "name": "BAotopia Seattle", "category": "restaurant", "tags": ["restaurant", "chinese", "asian"], "sources": ["overture"], "address": "1916 Pike Pl", "stations": [{"stopCode": 50, "lines": "1,2", "name": "Westlake Station", "walkingMeters": 610, "walkingSeconds": 455, "band": 10}, {"stopCode": 51, "lines": "1,2", "name": "Symphony Station", "walkingMeters": 727, "walkingSeconds": 543, "band": 10}]}, "geometry": {"type": "Point", "coordinates": [-122.3426208, 47.610157]}}, {"type": "Feature", "properties": {"id": "17ead2dd-497e-4c3d-9493-b88d74ee7cdc", "name": "Seattle Dumpling Co.", "category": "restaurant", "tags": ["restaurant", "noodles", "chinese", "asian"], "sources": ["overture"], "website": "https://www.seattledumplingco.com", "phone": "+12065961395", "address": "1916 Pike Pl #14", "stations": [{"stopCode": 50, "lines": "1,2", "name": "Westlake Station", "walkingMeters": 545, "walkingSeconds": 396, "band": 10}, {"stopCode": 51, "lines": "1,2", "name": "Symphony Station", "walkingMeters": 707, "walkingSeconds": 508, "band": 10}]}, "geometry": {"type": "Point", "coordinates": [-122.3425674, 47.6101418]}}, {"type": "Feature", "properties": {"id": "0c9907ac-62b1-4f54-88b4-4a3dd5d15e26", "name": "Country Dough", "category": "restaurant", "tags": ["restaurant", "chinese"], "sources": ["overture"], "phone": "2067282598", "address": "1916 Pike Pl  Ste 14", "stations": [{"stopCode": 50, "lines": "1,2", "name": "Westlake Station", "walkingMeters": 550, "walkingSeconds": 400, "band": 10}, {"stopCode": 51, "lines": "1,2", "name": "Symphony Station", "walkingMeters": 733, "walkingSeconds": 527, "band": 10}]}, "geometry": {"type": "Point", "coordinates": [-122.3422089, 47.6100655]}}, {"type": "Feature", "properties": {"id": "887415f4-f9b9-4059-ad92-8a054f24d785", "name": "Kells Irish Restaurant & Pub", "category": "restaurant", "tags": ["restaurant", "irish"], "sources": ["overture"], "website": "https://www.kellsseattle.com/", "phone": "+12067281916", "address": "1916 Post Alley", "stations": [{"stopCode": 50, "lines": "1,2", "name": "Westlake Station", "walkingMeters": 555, "walkingSeconds": 414, "band": 10}, {"stopCode": 51, "lines": "1,2", "name": "Symphony Station", "walkingMeters": 682, "walkingSeconds": 509, "band": 10}]}, "geometry": {"type": "Point", "coordinates": [-122.342041, 47.6102104]}}, {"type": "Feature", "properties": {"id": "6fd0514d-b25f-4009-a429-76bdf08adaac", "name": "White Horse Tavern", "category": "restaurant", "tags": ["restaurant", "bar-and-grill", "bar", "grill"], "sources": ["overture"], "website": "http://whitehorseseattle.com/", "phone": "+12064417767", "address": "1908 Post Alley", "stations": [{"stopCode": 50, "lines": "1,2", "name": "Westlake Station", "walkingMeters": 494, "walkingSeconds": 359, "band": 10}, {"stopCode": 51, "lines": "1,2", "name": "Symphony Station", "walkingMeters": 677, "walkingSeconds": 487, "band": 10}]}, "geometry": {"type": "Point", "coordinates": [-122.3419647, 47.6102066]}}, {"type": "Feature", "properties": {"id": "abfc6d60-e47f-4f34-ada7-e29ccb6cc661", "name": "Himalayan Grill Llc", "category": "restaurant", "tags": ["restaurant"], "sources": ["overture"], "address": "94 Stewart St", "stations": [{"stopCode": 50, "lines": "1,2", "name": "Westlake Station", "walkingMeters": 525, "walkingSeconds": 392, "band": 10}, {"stopCode": 51, "lines": "1,2", "name": "Symphony Station", "walkingMeters": 649, "walkingSeconds": 484, "band": 10}]}, "geometry": {"type": "Point", "coordinates": [-122.3416901, 47.6101685]}}, {"type": "Feature", "properties": {"id": "7b99febb-5ecc-477d-8494-ae6c22c23e78", "name": "Sugar + Spoon", "category": "fast_food", "tags": ["fast-food", "food", "truck"], "sources": ["overture"], "website": "http://www.sugarspoondough.com", "phone": "(206) 948-7684", "address": "400 Pine St", "stations": [{"stopCode": 50, "lines": "1,2", "name": "Westlake Station", "walkingMeters": 412, "walkingSeconds": 300, "band": 10}, {"stopCode": 51, "lines": "1,2", "name": "Symphony Station", "walkingMeters": 614, "walkingSeconds": 442, "band": 10}]}, "geometry": {"type": "Point", "coordinates": [-122.3412018, 47.6101799]}}, {"type": "Feature", "properties": {"id": 431725244, "name": "Gyrojack", "category": "artwork", "tags": ["artwork"], "sources": ["osm"], "stations": [{"stopCode": 50, "lines": "1,2", "name": "Westlake Station", "walkingMeters": 812, "walkingSeconds": 584, "band": 10}, {"stopCode": 51, "lines": "1,2", "name": "Symphony Station", "walkingMeters": 1022, "walkingSeconds": 738, "band": 15}]}, "geometry": {"type": "Point", "coordinates": [-122.3447825, 47.6145426]}}, {"type": "Feature", "properties": {"id": 2327614692, "name": "Common Objects", "category": "gallery", "tags": ["gallery"], "sources": ["osm"], "website": "https://camseattle.org", "address": "2601 1st Avenue", "hours": "24/7", "stations": [{"stopCode": 50, "lines": "1,2", "name": "Westlake Station", "walkingMeters": 1296, "walkingSeconds": 940, "band": 15}]}, "geometry": {"type": "Point", "coordinates": [-122.3499757, 47.6152339]}}, {"type": "Feature", "properties": {"id": 2327723393, "name": "Common Area Maintenance", "category": "gallery", "tags": ["gallery"], "sources": ["osm"], "website": "https://www.camseattle.org", "phone": "+1-253-224-0746", "address": "2125 2nd Avenue", "stations": [{"stopCode": 50, "lines": "1,2", "name": "Westlake Station", "walkingMeters": 721, "walkingSeconds": 523, "band": 10}, {"stopCode": 51, "lines": "1,2", "name": "Symphony Station", "walkingMeters": 927, "walkingSeconds": 669, "band": 15}]}, "geometry": {"type": "Point", "coordinates": [-122.3440538, 47.6129014]}}, {"type": "Feature", "properties": {"id": 2561809364, "name": "Chief Seattle", "category": "artwork", "tags": ["artwork"], "sources": ["osm"], "stations": [{"stopCode": 50, "lines": "1,2", "name": "Westlake Station", "walkingMeters": 1177, "walkingSeconds": 847, "band": 15}]}, "geometry": {"type": "Point", "coordinates": [-122.3474808, 47.6182844]}}, {"type": "Feature", "properties": {"id": 3211770169, "name": "Untitled Totem Pole", "category": "artwork", "tags": ["artwork"], "sources": ["osm"], "stations": [{"stopCode": 50, "lines": "1,2", "name": "Westlake Station", "walkingMeters": 703, "walkingSeconds": 514, "band": 10}, {"stopCode": 51, "lines": "1,2", "name": "Symphony Station", "walkingMeters": 870, "walkingSeconds": 625, "band": 10}]}, "geometry": {"type": "Point", "coordinates": [-122.3441304, 47.6101451]}}, {"type": "Feature", "properties": {"id": 3211770172, "name": "Angie's Umbrella", "category": "artwork", "tags": ["artwork"], "sources": ["osm"], "stations": [{"stopCode": 50, "lines": "1,2", "name": "Westlake Station", "walkingMeters": 795, "walkingSeconds": 576, "band": 10}, {"stopCode": 51, "lines": "1,2", "name": "Symphony Station", "walkingMeters": 957, "walkingSeconds": 688, "band": 15}]}, "geometry": {"type": "Point", "coordinates": [-122.3451778, 47.6113736]}}, {"type": "Feature", "properties": {"id": 3211770175, "name": "Wave, Rave, Cave", "category": "artwork", "tags": ["artwork"], "sources": ["osm"], "stations": [{"stopCode": 50, "lines": "1,2", "name": "Westlake Station", "walkingMeters": 1045, "walkingSeconds": 756, "band": 15}, {"stopCode": 51, "lines": "1,2", "name": "Symphony Station", "walkingMeters": 1207, "walkingSeconds": 868, "band": 15}]}, "geometry": {"type": "Point", "coordinates": [-122.347533, 47.613033]}}, {"type": "Feature", "properties": {"id": 3211770176, "name": "Three Dogs", "category": "artwork", "tags": ["artwork"], "sources": ["osm"], "stations": [{"stopCode": 50, "lines": "1,2", "name": "Westlake Station", "walkingMeters": 829, "walkingSeconds": 597, "band": 10}, {"stopCode": 51, "lines": "1,2", "name": "Symphony Station", "walkingMeters": 1040, "walkingSeconds": 750, "band": 15}]}, "geometry": {"type": "Point", "coordinates": [-122.3449, 47.614483]}}, {"type": "Feature", "properties": {"id": 3211770180, "name": "Untitled (Kiosk)", "category": "artwork", "tags": ["artwork"], "sources": ["osm"], "stations": [{"stopCode": 50, "lines": "1,2", "name": "Westlake Station", "walkingMeters": 804, "walkingSeconds": 578, "band": 10}, {"stopCode": 51, "lines": "1,2", "name": "Symphony Station", "walkingMeters": 1173, "walkingSeconds": 844, "band": 15}]}, "geometry": {"type": "Point", "coordinates": [-122.344583, 47.615617]}}, {"type": "Feature", "properties": {"id": 4886750792, "name": "Giant Popsicle", "category": "artwork", "tags": ["artwork", "wheelchair-accessible"], "sources": ["osm"], "stations": [{"stopCode": 50, "lines": "1,2", "name": "Westlake Station", "walkingMeters": 601, "walkingSeconds": 432, "band": 10}, {"stopCode": 51, "lines": "1,2", "name": "Symphony Station", "walkingMeters": 970, "walkingSeconds": 698, "band": 15}]}, "geometry": {"type": "Point", "coordinates": [-122.3426168, 47.6143934]}}, {"type": "Feature", "properties": {"id": 6267076111, "name": "Cross My Palm", "category": "artwork", "tags": ["artwork"], "sources": ["osm"], "stations": [{"stopCode": 50, "lines": "1,2", "name": "Westlake Station", "walkingMeters": 984, "walkingSeconds": 712, "band": 15}, {"stopCode": 51, "lines": "1,2", "name": "Symphony Station", "walkingMeters": 1190, "walkingSeconds": 858, "band": 15}]}, "geometry": {"type": "Point", "coordinates": [-122.346552, 47.6149945]}}, {"type": "Feature", "properties": {"id": 6267076946, "name": "Topographic Syncretism", "category": "artwork", "tags": ["artwork"], "sources": ["osm"], "stations": [{"stopCode": 50, "lines": "1,2", "name": "Westlake Station", "walkingMeters": 940, "walkingSeconds": 680, "band": 15}, {"stopCode": 51, "lines": "1,2", "name": "Symphony Station", "walkingMeters": 1146, "walkingSeconds": 826, "band": 15}]}, "geometry": {"type": "Point", "coordinates": [-122.3461651, 47.6149107]}}, {"type": "Feature", "properties": {"id": 7725301780, "name": "In Loving Memory of Peter Cipra", "category": "artwork", "tags": ["artwork"], "sources": ["osm"], "stations": [{"stopCode": 50, "lines": "1,2", "name": "Westlake Station", "walkingMeters": 485, "walkingSeconds": 353, "band": 10}, {"stopCode": 51, "lines": "1,2", "name": "Symphony Station", "walkingMeters": 687, "walkingSeconds": 494, "band": 10}]}, "geometry": {"type": "Point", "coordinates": [-122.3417953, 47.6111388]}}, {"type": "Feature", "properties": {"id": 10653021266, "name": "Elephant Super Sign", "category": "artwork", "tags": ["artwork"], "sources": ["osm"], "stations": [{"stopCode": 50, "lines": "1,2", "name": "Westlake Station", "walkingMeters": 716, "walkingSeconds": 517, "band": 10}, {"stopCode": 51, "lines": "1,2", "name": "Symphony Station", "walkingMeters": 1231, "walkingSeconds": 888, "band": 15}]}, "geometry": {"type": "Point", "coordinates": [-122.3400499, 47.6168153]}}, {"type": "Feature", "properties": {"id": 12115351770, "name": "Greetings From Seattle", "category": "artwork", "tags": ["artwork"], "sources": ["osm"], "stations": [{"stopCode": 50, "lines": "1,2", "name": "Westlake Station", "walkingMeters": 868, "walkingSeconds": 628, "band": 15}, {"stopCode": 51, "lines": "1,2", "name": "Symphony Station", "walkingMeters": 1073, "walkingSeconds": 774, "band": 15}]}, "geometry": {"type": "Point", "coordinates": [-122.345536, 47.6137384]}}, {"type": "Feature", "properties": {"id": 12184650341, "name": "Crows On Rollerskates", "category": "artwork", "tags": ["artwork"], "sources": ["osm"], "stations": [{"stopCode": 50, "lines": "1,2", "name": "Westlake Station", "walkingMeters": 849, "walkingSeconds": 610, "band": 15}, {"stopCode": 51, "lines": "1,2", "name": "Symphony Station", "walkingMeters": 1148, "walkingSeconds": 826, "band": 15}]}, "geometry": {"type": "Point", "coordinates": [-122.3449957, 47.6154534]}}, {"type": "Feature", "properties": {"id": 14079206502, "name": "Duck art", "category": "artwork", "tags": ["artwork"], "sources": ["osm"], "address": "113 Dexter Avenue North", "stations": [{"stopCode": 50, "lines": "1,2", "name": "Westlake Station", "walkingMeters": 1174, "walkingSeconds": 846, "band": 15}]}, "geometry": {"type": "Point", "coordinates": [-122.3427366, 47.6191228]}}, {"type": "Feature", "properties": {"id": 432313075, "name": "Seattle Glassblowing Studio", "category": "attraction", "tags": ["attraction", "wheelchair-accessible"], "sources": ["osm"], "website": "https://seattleglassblowing.com/", "phone": "+1-206-448-2181", "address": "2227 5th Avenue", "hours": "Mo-Sa 09:00-18:00; Su 10:00-18:00; PH \"Contact us\"", "stations": [{"stopCode": 50, "lines": "1,2", "name": "Westlake Station", "walkingMeters": 675, "walkingSeconds": 485, "band": 10}, {"stopCode": 51, "lines": "1,2", "name": "Symphony Station", "walkingMeters": 1175, "walkingSeconds": 845, "band": 15}]}, "geometry": {"type": "Point", "coordinates": [-122.3429686, 47.6156094]}}, {"type": "Feature", "properties": {"id": "d662405f-88cd-43c3-8ade-973ff596b06c", "name": "Aperture On Fifth Apartments", "category": "attraction", "tags": ["attraction", "landmark", "historical", "building"], "sources": ["overture"], "website": "http://apertureon5th.com/", "phone": "+14257932093", "address": "206 5th Ave N"}, "geometry": {"type": "Point", "coordinates": [-122.3473434, 47.6199226]}}, {"type": "Feature", "properties": {"id": "07f934d2-ecb4-42b8-bb84-59e363a9c3d7", "name": "The Century", "category": "attraction", "tags": ["attraction", "landmark", "historical", "building"], "sources": ["overture"], "website": "https://www.thecenturyseattle.com/?utm_source=facebook&utm_medium=social", "phone": "+18143268720", "address": "101 Taylor Ave N", "stations": [{"stopCode": 50, "lines": "1,2", "name": "Westlake Station", "walkingMeters": 1188, "walkingSeconds": 859, "band": 15}]}, "geometry": {"type": "Point", "coordinates": [-122.3466568, 47.619175]}}, {"type": "Feature", "properties": {"id": "be467c03-26d9-4544-a4fa-80a0cd46b9ea", "name": "Borealis Apartments", "category": "attraction", "tags": ["attraction", "landmark", "historical", "building"], "sources": ["overture"], "website": "http://www.borealisapartments.com/", "phone": "+12064411414", "address": "109 Dexter Ave N", "stations": [{"stopCode": 50, "lines": "1,2", "name": "Westlake Station", "walkingMeters": 1034, "walkingSeconds": 746, "band": 15}]}, "geometry": {"type": "Point", "coordinates": [-122.3426971, 47.618866]}}, {"type": "Feature", "properties": {"id": "3a66d832-24e7-473b-bf15-97729830c9c3", "name": "Marselle Condos", "category": "attraction", "tags": ["attraction", "landmark", "historical", "building"], "sources": ["overture"], "website": "http://www.marsellecondos.com", "phone": "+12067941118", "address": "699 John St", "stations": [{"stopCode": 50, "lines": "1,2", "name": "Westlake Station", "walkingMeters": 1191, "walkingSeconds": 859, "band": 15}]}, "geometry": {"type": "Point", "coordinates": [-122.3441391, 47.6194077]}}, {"type": "Feature", "properties": {"id": "3349de9e-f97e-4aaf-9776-b002b63682cb", "name": "Margeaux Walter", "category": "gallery", "tags": ["gallery", "art"], "sources": ["overture"], "website": "https://www.margeauxwalter.com", "phone": "2066525855", "address": "203 Dexter Ave N", "stations": [{"stopCode": 50, "lines": "1,2", "name": "Westlake Station", "walkingMeters": 1341, "walkingSeconds": 1001, "band": 15}]}, "geometry": {"type": "Point", "coordinates": [-122.3428192, 47.6198883]}}, {"type": "Feature", "properties": {"id": "71ae02d3-51e9-42ef-8211-4e6530c3e2ff", "name": "Virginian Apartments", "category": "attraction", "tags": ["attraction", "landmark", "historical", "building"], "sources": ["overture"], "website": "https://westlakeassociatesinc.appfolio.com/listings/listings", "phone": "+12064419602", "address": "2014 4th Ave", "stations": [{"stopCode": 50, "lines": "1,2", "name": "Westlake Station", "walkingMeters": 403, "walkingSeconds": 290, "band": 10}, {"stopCode": 51, "lines": "1,2", "name": "Symphony Station", "walkingMeters": 811, "walkingSeconds": 583, "band": 10}]}, "geometry": {"type": "Point", "coordinates": [-122.3405304, 47.6135101]}}, {"type": "Feature", "properties": {"id": "288f0058-ff17-4ccb-ba96-e73c31c8de53", "name": "Arriv\u00e9", "category": "attraction", "tags": ["attraction", "landmark", "historical", "building"], "sources": ["overture"], "website": "https://www.arriveseattle.com/?utm_source=businessprofile&utm_medium=search&utm_campaign=general", "phone": "+18555114324", "address": "2116 4th Ave", "stations": [{"stopCode": 50, "lines": "1,2", "name": "Westlake Station", "walkingMeters": 535, "walkingSeconds": 385, "band": 10}, {"stopCode": 51, "lines": "1,2", "name": "Symphony Station", "walkingMeters": 940, "walkingSeconds": 676, "band": 15}]}, "geometry": {"type": "Point", "coordinates": [-122.3418121, 47.6142998]}}, {"type": "Feature", "properties": {"id": "41d02511-735c-4a57-8915-b07774f3acf2", "name": "Fourth & Blanchard Building", "category": "attraction", "tags": ["attraction", "landmark", "historical", "building"], "sources": ["overture"], "website": "http://www.martinselig.com", "phone": "+12064677600", "address": "2101 4th Ave", "stations": [{"stopCode": 50, "lines": "1,2", "name": "Westlake Station", "walkingMeters": 563, "walkingSeconds": 405, "band": 10}, {"stopCode": 51, "lines": "1,2", "name": "Symphony Station", "walkingMeters": 932, "walkingSeconds": 670, "band": 15}]}, "geometry": {"type": "Point", "coordinates": [-122.3422318, 47.6141701]}}, {"type": "Feature", "properties": {"id": "1429b0e1-4e3c-4794-bbaf-a7c9059fc706", "name": "The Cornelius Apartment Homes", "category": "attraction", "tags": ["attraction", "landmark", "historical", "building"], "sources": ["overture"], "website": "http://www.corneliusapts.com/", "phone": "+12067240479", "address": "306 Blanchard St", "stations": [{"stopCode": 50, "lines": "1,2", "name": "Westlake Station", "walkingMeters": 684, "walkingSeconds": 492, "band": 10}, {"stopCode": 51, "lines": "1,2", "name": "Symphony Station", "walkingMeters": 931, "walkingSeconds": 680, "band": 15}]}, "geometry": {"type": "Point", "coordinates": [-122.3434525, 47.6142426]}}, {"type": "Feature", "properties": {"id": "c778af44-4794-4a3a-a333-aa398f55022a", "name": "Royal Crest Condominium", "category": "attraction", "tags": ["attraction", "landmark", "historical", "building"], "sources": ["overture"], "website": "https://www.theroyalcrestcondos.com/contact", "phone": "+12064482469", "address": "2100 3rd Ave", "stations": [{"stopCode": 50, "lines": "1,2", "name": "Westlake Station", "walkingMeters": 576, "walkingSeconds": 415, "band": 10}, {"stopCode": 51, "lines": "1,2", "name": "Symphony Station", "walkingMeters": 801, "walkingSeconds": 587, "band": 10}]}, "geometry": {"type": "Point", "coordinates": [-122.3423004, 47.6134834]}}, {"type": "Feature", "properties": {"id": "f9b199c5-8ee5-4bb6-a6ee-bd822324c542", "name": "The Modern Seattle Apartments", "category": "attraction", "tags": ["attraction", "landmark", "historical", "building"], "sources": ["overture"], "website": "http://themodernseattle.com/", "phone": "+12064954681", "address": "255 Lenora St", "stations": [{"stopCode": 50, "lines": "1,2", "name": "Westlake Station", "walkingMeters": 572, "walkingSeconds": 411, "band": 10}, {"stopCode": 51, "lines": "1,2", "name": "Symphony Station", "walkingMeters": 782, "walkingSeconds": 565, "band": 10}]}, "geometry": {"type": "Point", "coordinates": [-122.3422699, 47.6128654]}}, {"type": "Feature", "properties": {"id": "0fd78ecd-fccf-44f1-a095-0f6601c115f4", "name": "Castle Apartments", "category": "attraction", "tags": ["attraction", "landmark", "historical", "building"], "sources": ["overture"], "website": "http://castleofthesea.com", "phone": "+12069563592", "address": "2132 2nd Ave", "stations": [{"stopCode": 50, "lines": "1,2", "name": "Westlake Station", "walkingMeters": 748, "walkingSeconds": 558, "band": 10}, {"stopCode": 51, "lines": "1,2", "name": "Symphony Station", "walkingMeters": 1111, "walkingSeconds": 829, "band": 15}]}, "geometry": {"type": "Point", "coordinates": [-122.3439331, 47.6133423]}}, {"type": "Feature", "properties": {"id": "0912452d-f652-4f75-8f06-8719b4529135", "name": "Belltown Corridor", "category": "attraction", "tags": ["attraction", "landmark", "historical", "building"], "sources": ["overture"], "phone": "+12069145236", "address": "2126 2nd Ave", "stations": [{"stopCode": 50, "lines": "1,2", "name": "Westlake Station", "walkingMeters": 726, "walkingSeconds": 542, "band": 10}, {"stopCode": 51, "lines": "1,2", "name": "Symphony Station", "walkingMeters": 1087, "walkingSeconds": 811, "band": 15}]}, "geometry": {"type": "Point", "coordinates": [-122.34375, 47.6132355]}}, {"type": "Feature", "properties": {"id": "97d26879-c131-4bb7-b829-7b21d2f0a175", "name": "Belltown Art Walk", "category": "gallery", "tags": ["gallery", "art"], "sources": ["overture"], "website": "https://www.belltownartwalk.com/", "phone": "+12064486613", "address": "2301 1st Ave", "stations": [{"stopCode": 50, "lines": "1,2", "name": "Westlake Station", "walkingMeters": 646, "walkingSeconds": 469, "band": 10}, {"stopCode": 51, "lines": "1,2", "name": "Symphony Station", "walkingMeters": 852, "walkingSeconds": 615, "band": 15}]}, "geometry": {"type": "Point", "coordinates": [-122.3433533, 47.6130791]}}, {"type": "Feature", "properties": {"id": "092c3db8-ad16-4eab-922f-13135f020b82", "name": "Marq 211", "category": "attraction", "tags": ["attraction", "landmark", "historical", "building"], "sources": ["overture"], "website": "http://www.Marq211.com/", "phone": "+18559315607", "address": "211 Lenora St", "stations": [{"stopCode": 50, "lines": "1,2", "name": "Westlake Station", "walkingMeters": 610, "walkingSeconds": 443, "band": 10}, {"stopCode": 51, "lines": "1,2", "name": "Symphony Station", "walkingMeters": 816, "walkingSeconds": 589, "band": 10}]}, "geometry": {"type": "Point", "coordinates": [-122.3428116, 47.6126175]}}, {"type": "Feature", "properties": {"id": "50e40902-d839-4b22-afad-e4335da2c5df", "name": "Cannonball Arts", "category": "gallery", "tags": ["gallery", "art"], "sources": ["overture"], "website": "https://cannonballarts.com/", "phone": "+12069700007", "address": "1930 3rd Ave", "stations": [{"stopCode": 50, "lines": "1,2", "name": "Westlake Station", "walkingMeters": 399, "walkingSeconds": 298, "band": 5}, {"stopCode": 51, "lines": "1,2", "name": "Symphony Station", "walkingMeters": 807, "walkingSeconds": 602, "band": 10}]}, "geometry": {"type": "Point", "coordinates": [-122.3405914, 47.6124687]}}, {"type": "Feature", "properties": {"id": "1fb80136-f17e-4b21-8029-956c02792279", "name": "The Stratford on 4th", "category": "attraction", "tags": ["attraction", "landmark", "historical", "building"], "sources": ["overture"], "website": "http://www.cornellandassociates.com", "phone": "+14806893447", "address": "2021 4th Ave", "stations": [{"stopCode": 50, "lines": "1,2", "name": "Westlake Station", "walkingMeters": 490, "walkingSeconds": 366, "band": 10}, {"stopCode": 51, "lines": "1,2", "name": "Symphony Station", "walkingMeters": 937, "walkingSeconds": 699, "band": 10}]}, "geometry": {"type": "Point", "coordinates": [-122.3409958, 47.6133575]}}, {"type": "Feature", "properties": {"id": "4e1a4b87-bbc5-4c48-ae3a-fb1523306daf", "name": "The Josephinum Apartments", "category": "attraction", "tags": ["attraction", "landmark", "historical", "building"], "sources": ["overture"], "website": "http://josephinum.com", "phone": "+12064488500", "address": "1902 2nd Ave", "stations": [{"stopCode": 50, "lines": "1,2", "name": "Westlake Station", "walkingMeters": 391, "walkingSeconds": 286, "band": 5}, {"stopCode": 51, "lines": "1,2", "name": "Symphony Station", "walkingMeters": 597, "walkingSeconds": 432, "band": 10}]}, "geometry": {"type": "Point", "coordinates": [-122.3406219, 47.6113167]}}, {"type": "Feature", "properties": {"id": "e6b58d9f-7ced-4947-b0b5-dc7c0220b991", "name": "The Emerald", "category": "attraction", "tags": ["attraction", "landmark", "historical", "building"], "sources": ["overture"], "website": "https://theemeraldseattle.com/", "phone": "+12064536800", "address": "121 Stewart St #150", "stations": [{"stopCode": 50, "lines": "1,2", "name": "Westlake Station", "walkingMeters": 377, "walkingSeconds": 275, "band": 5}, {"stopCode": 51, "lines": "1,2", "name": "Symphony Station", "walkingMeters": 582, "walkingSeconds": 421, "band": 10}]}, "geometry": {"type": "Point", "coordinates": [-122.3405991, 47.610714]}}, {"type": "Feature", "properties": {"id": "d2306a37-cd51-48f0-b32f-4dff3ed45139", "name": "Viktoria Apartments", "category": "attraction", "tags": ["attraction", "landmark", "historical", "building"], "sources": ["overture"], "website": "https://www.viktoriaseattle.com/?utm_knock=fb&doorway=schedule", "phone": "+12066496498", "address": "1915 2nd Ave", "stations": [{"stopCode": 50, "lines": "1,2", "name": "Westlake Station", "walkingMeters": 441, "walkingSeconds": 329, "band": 10}, {"stopCode": 51, "lines": "1,2", "name": "Symphony Station", "walkingMeters": 689, "walkingSeconds": 514, "band": 10}]}, "geometry": {"type": "Point", "coordinates": [-122.3411789, 47.6110687]}}, {"type": "Feature", "properties": {"id": "2e4f0873-4cc0-4ccc-8f61-9c5c3fcb7dd7", "name": "Sequel", "category": "attraction", "tags": ["attraction", "landmark", "historical", "building"], "sources": ["overture"], "website": "https://sequelseattle.com/", "phone": "+12067353517", "address": "1900 1st Ave", "stations": [{"stopCode": 50, "lines": "1,2", "name": "Westlake Station", "walkingMeters": 471, "walkingSeconds": 343, "band": 10}, {"stopCode": 51, "lines": "1,2", "name": "Symphony Station", "walkingMeters": 672, "walkingSeconds": 484, "band": 10}]}, "geometry": {"type": "Point", "coordinates": [-122.3416061, 47.6106758]}}, {"type": "Feature", "properties": {"id": "c7b2835e-6e7f-476a-981e-878039228194", "name": "Butterworth Building", "category": "attraction", "tags": ["attraction", "landmark", "historical", "building"], "sources": ["overture"], "website": "http://eventseeker.com", "phone": "+12066842489", "address": "1921 1st Ave", "stations": [{"stopCode": 50, "lines": "1,2", "name": "Westlake Station", "walkingMeters": 542, "walkingSeconds": 394, "band": 10}, {"stopCode": 51, "lines": "1,2", "name": "Symphony Station", "walkingMeters": 725, "walkingSeconds": 522, "band": 10}]}, "geometry": {"type": "Point", "coordinates": [-122.3421402, 47.6105385]}}, {"type": "Feature", "properties": {"id": "1a129f85-6ac0-4f34-9d28-6f7ecc806e31", "name": "Livingston Baker Apartments", "category": "attraction", "tags": ["attraction", "landmark", "historical", "building"], "sources": ["overture"], "website": "https://www.pikeplacemarket.org/join-our-community/live-at-pike-place-market", "phone": "+12067745281", "address": "1925 1st Ave", "stations": [{"stopCode": 50, "lines": "1,2", "name": "Westlake Station", "walkingMeters": 553, "walkingSeconds": 413, "band": 10}, {"stopCode": 51, "lines": "1,2", "name": "Symphony Station", "walkingMeters": 744, "walkingSeconds": 555, "band": 10}]}, "geometry": {"type": "Point", "coordinates": [-122.3422699, 47.6107674]}}, {"type": "Feature", "properties": {"id": "96236c26-3d62-4692-b241-95a21fc5629e", "name": "Market Place North Condo", "category": "attraction", "tags": ["attraction", "landmark", "historical", "building"], "sources": ["overture"], "website": "http://www.condosatconcord.com", "phone": "+12064431279", "address": "2021 1st Ave Lf", "stations": [{"stopCode": 50, "lines": "1,2", "name": "Westlake Station", "walkingMeters": 618, "walkingSeconds": 448, "band": 10}, {"stopCode": 51, "lines": "1,2", "name": "Symphony Station", "walkingMeters": 820, "walkingSeconds": 590, "band": 10}]}, "geometry": {"type": "Point", "coordinates": [-122.3432236, 47.6112518]}}, {"type": "Feature", "properties": {"id": "9250e045-1973-455e-a194-db7085172db1", "name": "Joey M. Robinson Studio", "category": "gallery", "tags": ["gallery", "art"], "sources": ["overture"], "website": "http://www.joeymrobinson.com/", "phone": "+12069792095", "address": "2018 1st Ave", "stations": [{"stopCode": 50, "lines": "1,2", "name": "Westlake Station", "walkingMeters": 608, "walkingSeconds": 441, "band": 10}, {"stopCode": 51, "lines": "1,2", "name": "Symphony Station", "walkingMeters": 810, "walkingSeconds": 582, "band": 10}]}, "geometry": {"type": "Point", "coordinates": [-122.3429947, 47.6114578]}}, {"type": "Feature", "properties": {"id": "068be49a-8dac-4cd0-9094-bd83cbedc536", "name": "Alaska Trade Building", "category": "attraction", "tags": ["attraction", "landmark", "historical", "building"], "sources": ["overture"], "website": "https://www.allegraproperties.com/guiryschillestad-building", "address": "1st Ave", "stations": [{"stopCode": 50, "lines": "1,2", "name": "Westlake Station", "walkingMeters": 646, "walkingSeconds": 482, "band": 10}, {"stopCode": 51, "lines": "1,2", "name": "Symphony Station", "walkingMeters": 892, "walkingSeconds": 666, "band": 10}]}, "geometry": {"type": "Point", "coordinates": [-122.3433456, 47.6115074]}}, {"type": "Feature", "properties": {"id": "ad89a8f2-29b5-44c9-aca0-4ab9c53f09dc", "name": "One Pacific Towers Condominium", "category": "attraction", "tags": ["attraction", "landmark", "historical", "building"], "sources": ["overture"], "website": "https://onepacifictowerrentals.weebly.com/condos-for-lease.html", "phone": "+12064488664", "address": "2000 1st Ave", "stations": [{"stopCode": 50, "lines": "1,2", "name": "Westlake Station", "walkingMeters": 592, "walkingSeconds": 430, "band": 10}, {"stopCode": 51, "lines": "1,2", "name": "Symphony Station", "walkingMeters": 793, "walkingSeconds": 571, "band": 10}]}, "geometry": {"type": "Point", "coordinates": [-122.3427124, 47.611454]}}, {"type": "Feature", "properties": {"id": "5b51de65-2b08-4a81-a023-c46c8c62f1c2", "name": "Scott Chreist Studio", "category": "gallery", "tags": ["gallery", "art"], "sources": ["overture"], "website": "https://scottchreist.com/", "phone": "+12065713374", "address": "2000 1st Ave", "stations": [{"stopCode": 50, "lines": "1,2", "name": "Westlake Station", "walkingMeters": 586, "walkingSeconds": 437, "band": 10}, {"stopCode": 51, "lines": "1,2", "name": "Symphony Station", "walkingMeters": 844, "walkingSeconds": 630, "band": 10}]}, "geometry": {"type": "Point", "coordinates": [-122.3427277, 47.6115074]}}, {"type": "Feature", "properties": {"id": "3e57c469-8c81-4afb-9b4f-a90662c1b7c4", "name": "Holocaust Center for Humanity", "category": "museum", "tags": ["museum", "history"], "sources": ["overture"], "website": "http://www.HolocaustCenterSeattle.org/", "phone": "+12065823000", "address": "2045 2nd Ave", "stations": [{"stopCode": 50, "lines": "1,2", "name": "Westlake Station", "walkingMeters": 616, "walkingSeconds": 447, "band": 10}, {"stopCode": 51, "lines": "1,2", "name": "Symphony Station", "walkingMeters": 821, "walkingSeconds": 593, "band": 10}]}, "geometry": {"type": "Point", "coordinates": [-122.3430099, 47.6123009]}}, {"type": "Feature", "properties": {"id": "2f6d44cb-f67d-487b-93ca-72b60b576342", "name": "Cristalla Condominium", "category": "attraction", "tags": ["attraction", "landmark", "historical", "building"], "sources": ["overture"], "website": "http://www.cristallacondos.com", "phone": "+12064432610", "address": "2033 2nd Ave", "stations": [{"stopCode": 50, "lines": "1,2", "name": "Westlake Station", "walkingMeters": 601, "walkingSeconds": 436, "band": 10}, {"stopCode": 51, "lines": "1,2", "name": "Symphony Station", "walkingMeters": 807, "walkingSeconds": 582, "band": 10}]}, "geometry": {"type": "Point", "coordinates": [-122.3428802, 47.6122017]}}, {"type": "Feature", "properties": {"id": "7b84cd0b-ba12-43b8-b2a9-5efeb75e2cf7", "name": "Seattle NFT Museum", "category": "museum", "tags": ["museum", "art"], "sources": ["overture"], "website": "https://www.seattlenftmuseum.com", "address": "2123 1st Ave", "stations": [{"stopCode": 50, "lines": "1,2", "name": "Westlake Station", "walkingMeters": 795, "walkingSeconds": 575, "band": 10}, {"stopCode": 51, "lines": "1,2", "name": "Symphony Station", "walkingMeters": 996, "walkingSeconds": 717, "band": 15}]}, "geometry": {"type": "Point", "coordinates": [-122.3449326, 47.6123085]}}, {"type": "Feature", "properties": {"id": "a80c0f1c-16a6-4f95-99c5-e0684864e8bd", "name": "Continental Place Condominiums", "category": "attraction", "tags": ["attraction", "landmark", "historical", "building"], "sources": ["overture"], "website": "http://continentalplace.org", "phone": "+12067282125", "address": "2125 1st Ave", "stations": [{"stopCode": 50, "lines": "1,2", "name": "Westlake Station", "walkingMeters": 800, "walkingSeconds": 579, "band": 10}, {"stopCode": 51, "lines": "1,2", "name": "Symphony Station", "walkingMeters": 1002, "walkingSeconds": 721, "band": 15}]}, "geometry": {"type": "Point", "coordinates": [-122.3450165, 47.6123199]}}, {"type": "Feature", "properties": {"id": "7a405497-daac-4cf8-a394-129422f1b6a8", "name": "Elara at the Market", "category": "attraction", "tags": ["attraction", "landmark", "historical", "building"], "sources": ["overture"], "website": "https://www.elaraseattle.com/", "phone": "+15642342822", "address": "2134 Western Ave", "stations": [{"stopCode": 50, "lines": "1,2", "name": "Westlake Station", "walkingMeters": 854, "walkingSeconds": 618, "band": 10}, {"stopCode": 51, "lines": "1,2", "name": "Symphony Station", "walkingMeters": 1015, "walkingSeconds": 730, "band": 15}]}, "geometry": {"type": "Point", "coordinates": [-122.3456345, 47.6119003]}}, {"type": "Feature", "properties": {"id": "4f768a55-199e-4f16-89f7-b8d7c32a3dca", "name": "Market Court Condominium", "category": "attraction", "tags": ["attraction", "landmark", "historical", "building"], "sources": ["overture"], "website": "https://www.stroupecondoblog.com", "phone": "+12067281129", "address": "2030 Western Ave", "stations": [{"stopCode": 50, "lines": "1,2", "name": "Westlake Station", "walkingMeters": 721, "walkingSeconds": 523, "band": 10}, {"stopCode": 51, "lines": "1,2", "name": "Symphony Station", "walkingMeters": 883, "walkingSeconds": 635, "band": 15}]}, "geometry": {"type": "Point", "coordinates": [-122.3443832, 47.6110802]}}, {"type": "Feature", "properties": {"id": "21b1a2b5-d94e-4382-9cf1-51449f613d39", "name": "Carolyn Staley-fine Japanese Prints", "category": "gallery", "tags": ["gallery", "art"], "sources": ["overture"], "website": "https://carolynstaleyprints.com", "phone": "+12066211888", "address": "2003 Western Ave Ste 107", "stations": [{"stopCode": 50, "lines": "1,2", "name": "Westlake Station", "walkingMeters": 797, "walkingSeconds": 595, "band": 10}, {"stopCode": 51, "lines": "1,2", "name": "Symphony Station", "walkingMeters": 958, "walkingSeconds": 715, "band": 15}]}, "geometry": {"type": "Point", "coordinates": [-122.3448105, 47.6107788]}}, {"type": "Feature", "properties": {"id": "d73d0603-9949-495d-8c26-a811c33adaa6", "name": "Alaskan Way Viaduct replacement tunnel", "category": "attraction", "tags": ["attraction", "landmark", "historical", "building"], "sources": ["overture"], "website": "http://alaskanwayviaduct.org/", "stations": [{"stopCode": 50, "lines": "1,2", "name": "Westlake Station", "walkingMeters": 869, "walkingSeconds": 629, "band": 10}, {"stopCode": 51, "lines": "1,2", "name": "Symphony Station", "walkingMeters": 948, "walkingSeconds": 682, "band": 15}]}, "geometry": {"type": "Point", "coordinates": [-122.3447037, 47.6104469]}}, {"type": "Feature", "properties": {"id": "74ea1dac-52f9-41d0-aeea-5c3be3e627dd", "name": "Lenora St Elevator", "category": "attraction", "tags": ["attraction", "landmark", "historical", "building"], "sources": ["overture"], "address": "Lenora St", "stations": [{"stopCode": 50, "lines": "1,2", "name": "Westlake Station", "walkingMeters": 914, "walkingSeconds": 682, "band": 15}, {"stopCode": 51, "lines": "1,2", "name": "Symphony Station", "walkingMeters": 1025, "walkingSeconds": 765, "band": 15}]}, "geometry": {"type": "Point", "coordinates": [-122.3458939, 47.6102562]}}, {"type": "Feature", "properties": {"id": "38eb8737-3d79-4f73-a251-bdb228c6d1da", "name": "2300 Elliott Apartments", "category": "attraction", "tags": ["attraction", "landmark", "historical", "building"], "sources": ["overture"], "website": "http://www.equityapartments.com/seattle/belltown/2300-elliott-apartments", "phone": "+12066447085", "address": "2300 Elliott Ave", "stations": [{"stopCode": 50, "lines": "1,2", "name": "Westlake Station", "walkingMeters": 1072, "walkingSeconds": 777, "band": 15}, {"stopCode": 51, "lines": "1,2", "name": "Symphony Station", "walkingMeters": 1234, "walkingSeconds": 889, "band": 15}]}, "geometry": {"type": "Point", "coordinates": [-122.3484039, 47.6123924]}}, {"type": "Feature", "properties": {"id": "623b3caf-4934-4b40-965d-f2e8e666e969", "name": "Slide", "category": "gallery", "tags": ["gallery", "art"], "sources": ["overture"], "website": "https://www.slipgallery.com", "address": "2301 1st Ave", "stations": [{"stopCode": 50, "lines": "1,2", "name": "Westlake Station", "walkingMeters": 996, "walkingSeconds": 720, "band": 15}, {"stopCode": 51, "lines": "1,2", "name": "Symphony Station", "walkingMeters": 1198, "walkingSeconds": 862, "band": 15}]}, "geometry": {"type": "Point", "coordinates": [-122.3470688, 47.6133347]}}, {"type": "Feature", "properties": {"id": "2c0450cc-9510-4064-9d61-5d83409e5b9f", "name": "Belltown Lofts", "category": "attraction", "tags": ["attraction", "landmark", "historical", "building"], "sources": ["overture"], "website": "http://www.seattlecondoloft.com/?s=Belltown+Lofts", "phone": "+12067285649", "address": "66 Bell St", "stations": [{"stopCode": 50, "lines": "1,2", "name": "Westlake Station", "walkingMeters": 1057, "walkingSeconds": 764, "band": 15}, {"stopCode": 51, "lines": "1,2", "name": "Symphony Station", "walkingMeters": 1219, "walkingSeconds": 877, "band": 15}]}, "geometry": {"type": "Point", "coordinates": [-122.3477097, 47.6125908]}}, {"type": "Feature", "properties": {"id": "e1d0651a-beb4-4ef4-a39d-13a806f154ea", "name": "The Humphrey", "category": "attraction", "tags": ["attraction", "landmark", "historical", "building"], "sources": ["overture"], "website": "http://www.redsidepartners.com", "phone": "+12069560761", "address": "2205 2nd Ave", "stations": [{"stopCode": 50, "lines": "1,2", "name": "Westlake Station", "walkingMeters": 829, "walkingSeconds": 619, "band": 10}, {"stopCode": 51, "lines": "1,2", "name": "Symphony Station", "walkingMeters": 1172, "walkingSeconds": 875, "band": 15}]}, "geometry": {"type": "Point", "coordinates": [-122.3448105, 47.6133461]}}, {"type": "Feature", "properties": {"id": "6d3b71d1-a274-4b1d-a073-6c6b9d46ff1c", "name": "The Goodwin", "category": "attraction", "tags": ["attraction", "landmark", "historical", "building"], "sources": ["overture"], "website": "https://www.thegoodwinseattle.com/design/", "phone": "+18882041904", "address": "2233 1st Ave", "stations": [{"stopCode": 50, "lines": "1,2", "name": "Westlake Station", "walkingMeters": 978, "walkingSeconds": 707, "band": 15}, {"stopCode": 51, "lines": "1,2", "name": "Symphony Station", "walkingMeters": 1180, "walkingSeconds": 849, "band": 15}]}, "geometry": {"type": "Point", "coordinates": [-122.3466187, 47.6130562]}}, {"type": "Feature", "properties": {"id": "f2c4682e-8830-4c3f-9940-31d7b981a5fc", "name": "the art lair", "category": "gallery", "tags": ["gallery", "art"], "sources": ["overture"], "website": "http://www.crystalbarbre.wordpress.com/", "address": "2222 2nd Ave", "stations": [{"stopCode": 50, "lines": "1,2", "name": "Westlake Station", "walkingMeters": 818, "walkingSeconds": 593, "band": 10}, {"stopCode": 51, "lines": "1,2", "name": "Symphony Station", "walkingMeters": 1024, "walkingSeconds": 739, "band": 15}]}, "geometry": {"type": "Point", "coordinates": [-122.3448715, 47.6137924]}}, {"type": "Feature", "properties": {"id": "ac95f4c2-8f5f-4a0e-8aaa-b2b218906cbb", "name": "Concept One Apartments", "category": "attraction", "tags": ["attraction", "landmark", "historical", "building"], "sources": ["overture"], "phone": "+12067289515", "address": "2219 2nd Ave", "stations": [{"stopCode": 50, "lines": "1,2", "name": "Westlake Station", "walkingMeters": 844, "walkingSeconds": 611, "band": 15}, {"stopCode": 51, "lines": "1,2", "name": "Symphony Station", "walkingMeters": 1049, "walkingSeconds": 757, "band": 15}]}, "geometry": {"type": "Point", "coordinates": [-122.3452148, 47.6136589]}}, {"type": "Feature", "properties": {"id": "c6df598f-4164-48cf-8bc3-b8a5d1b718d2", "name": "Emmons on 3rd Apartments", "category": "attraction", "tags": ["attraction", "landmark", "historical", "building"], "sources": ["overture"], "website": "http://www.emmonsapartments.com/", "phone": "+14254848822", "address": "2217 3rd Ave", "stations": [{"stopCode": 50, "lines": "1,2", "name": "Westlake Station", "walkingMeters": 751, "walkingSeconds": 540, "band": 10}, {"stopCode": 51, "lines": "1,2", "name": "Symphony Station", "walkingMeters": 962, "walkingSeconds": 694, "band": 15}]}, "geometry": {"type": "Point", "coordinates": [-122.3442535, 47.6141243]}}, {"type": "Feature", "properties": {"id": "ad9c476f-a8e0-4380-b0ee-4ecbf43e1a91", "name": "206 Bell Apartments", "category": "attraction", "tags": ["attraction", "landmark", "historical", "building"], "sources": ["overture"], "website": "http://www.206bell.com/?rcstdid=MTE%3D-aKFOxiSL8lQ%3D", "phone": "+15644646801", "address": "206 Bell St", "stations": [{"stopCode": 50, "lines": "1,2", "name": "Westlake Station", "walkingMeters": 876, "walkingSeconds": 634, "band": 15}, {"stopCode": 51, "lines": "1,2", "name": "Symphony Station", "walkingMeters": 1082, "walkingSeconds": 780, "band": 15}]}, "geometry": {"type": "Point", "coordinates": [-122.3454895, 47.614315]}}, {"type": "Feature", "properties": {"id": "6d3d8236-6b32-4808-9dca-595489749998", "name": "Austin Bell", "category": "attraction", "tags": ["attraction", "landmark", "historical", "building"], "sources": ["overture"], "website": "http://bluwaterbistro.com/", "address": "2324 1st Ave", "stations": [{"stopCode": 50, "lines": "1,2", "name": "Westlake Station", "walkingMeters": 1038, "walkingSeconds": 751, "band": 15}, {"stopCode": 51, "lines": "1,2", "name": "Symphony Station", "walkingMeters": 1240, "walkingSeconds": 892, "band": 15}]}, "geometry": {"type": "Point", "coordinates": [-122.3471909, 47.6140289]}}, {"type": "Feature", "properties": {"id": "3b8b4b52-d29b-4871-9496-76ab068b2d5f", "name": "Barnes Building", "category": "attraction", "tags": ["attraction", "landmark", "historical", "building"], "sources": ["overture"], "address": "2322 1st Ave", "stations": [{"stopCode": 50, "lines": "1,2", "name": "Westlake Station", "walkingMeters": 1048, "walkingSeconds": 782, "band": 15}, {"stopCode": 51, "lines": "1,2", "name": "Symphony Station", "walkingMeters": 1384, "walkingSeconds": 1033, "band": 15}]}, "geometry": {"type": "Point", "coordinates": [-122.3468552, 47.6139946]}}, {"type": "Feature", "properties": {"id": "5e625ecc-fa31-4a3b-ae0a-d997a9ab587c", "name": "Pomeroy Condos in Belltown", "category": "attraction", "tags": ["attraction", "landmark", "historical", "building"], "sources": ["overture"], "website": "https://stroupe.com/condobuilding/pomeroy", "phone": "+12069105000", "address": "2319 1st Ave", "stations": [{"stopCode": 50, "lines": "1,2", "name": "Westlake Station", "walkingMeters": 1036, "walkingSeconds": 749, "band": 15}, {"stopCode": 51, "lines": "1,2", "name": "Symphony Station", "walkingMeters": 1238, "walkingSeconds": 890, "band": 15}]}, "geometry": {"type": "Point", "coordinates": [-122.3473969, 47.6136513]}}, {"type": "Feature", "properties": {"id": "5fd96734-427a-455b-b057-87aef3e767f8", "name": "The Oregon Apartments", "category": "attraction", "tags": ["attraction", "landmark", "historical", "building"], "sources": ["overture"], "website": "http://www.bellwetherhousing.org/", "phone": "+12064416335", "address": "2305 1st Ave", "stations": [{"stopCode": 50, "lines": "1,2", "name": "Westlake Station", "walkingMeters": 1003, "walkingSeconds": 725, "band": 15}, {"stopCode": 51, "lines": "1,2", "name": "Symphony Station", "walkingMeters": 1205, "walkingSeconds": 866, "band": 15}]}, "geometry": {"type": "Point", "coordinates": [-122.3469772, 47.6135063]}}, {"type": "Feature", "properties": {"id": "6618e860-981e-4543-ad1f-fb5ac60b447a", "name": "Seattle's Official Bad Art Museum of Art", "category": "museum", "tags": ["museum", "art"], "sources": ["overture"], "website": "http://www.OfficialBadArtMuseumofArt.com/", "phone": "+12064839759", "address": "2405 1st Ave", "stations": [{"stopCode": 50, "lines": "1,2", "name": "Westlake Station", "walkingMeters": 1180, "walkingSeconds": 881, "band": 15}]}, "geometry": {"type": "Point", "coordinates": [-122.3482361, 47.61409]}}, {"type": "Feature", "properties": {"id": "c7187267-c423-45f7-af2e-a341e3c5492e", "name": "Vine Court", "category": "attraction", "tags": ["attraction", "landmark", "historical", "building"], "sources": ["overture"], "website": "http://www.bellwetherhousing.org", "phone": "+12067288655", "address": "103 Vine St", "stations": [{"stopCode": 50, "lines": "1,2", "name": "Westlake Station", "walkingMeters": 1248, "walkingSeconds": 902, "band": 15}]}, "geometry": {"type": "Point", "coordinates": [-122.3492508, 47.6152725]}}, {"type": "Feature", "properties": {"id": "c0b113ef-a9b6-4a61-a6a3-62329a15053e", "name": "Seattle Heights Condominium", "category": "attraction", "tags": ["attraction", "landmark", "historical", "building"], "sources": ["overture"], "website": "https://seattleheights.com", "phone": "+12067288520", "address": "2600 2nd Ave", "stations": [{"stopCode": 50, "lines": "1,2", "name": "Westlake Station", "walkingMeters": 1235, "walkingSeconds": 893, "band": 15}]}, "geometry": {"type": "Point", "coordinates": [-122.3490601, 47.6162186]}}, {"type": "Feature", "properties": {"id": "e5260c30-4a11-4f80-ac37-2578ba418df7", "name": "Space Needle, Seattle Washington State US", "category": "attraction", "tags": ["attraction", "monument"], "sources": ["overture"], "website": "https://www.spaceneedle.com", "address": "2600 2nd Ave", "stations": [{"stopCode": 50, "lines": "1,2", "name": "Westlake Station", "walkingMeters": 1247, "walkingSeconds": 901, "band": 15}]}, "geometry": {"type": "Point", "coordinates": [-122.3490448, 47.616394]}}, {"type": "Feature", "properties": {"id": "8804c1d0-eb33-4d91-a96e-76daea74b53a", "name": "Avalon Belltown Towers", "category": "attraction", "tags": ["attraction", "landmark", "historical", "building"], "sources": ["overture"], "website": "https://www.avaloncommunities.com/washington/seattle-apartments/avalon-belltown-towers", "phone": "+12066735528", "address": "210 Wall St", "stations": [{"stopCode": 50, "lines": "1,2", "name": "Westlake Station", "walkingMeters": 1106, "walkingSeconds": 799, "band": 15}]}, "geometry": {"type": "Point", "coordinates": [-122.3479614, 47.6157875]}}, {"type": "Feature", "properties": {"id": "caad46ac-5bef-4230-bf7a-6ec0afe4b162", "name": "O2 Apartments", "category": "attraction", "tags": ["attraction", "landmark", "historical", "building"], "sources": ["overture"], "website": "https://www.o2apartments.com/", "phone": "+18559242533", "address": "2401 3rd Ave", "stations": [{"stopCode": 50, "lines": "1,2", "name": "Westlake Station", "walkingMeters": 990, "walkingSeconds": 712, "band": 15}, {"stopCode": 51, "lines": "1,2", "name": "Symphony Station", "walkingMeters": 1201, "walkingSeconds": 866, "band": 15}]}, "geometry": {"type": "Point", "coordinates": [-122.3465347, 47.6156082]}}, {"type": "Feature", "properties": {"id": "d7208ea1-1031-4e70-aae4-a946a8af1068", "name": "The Fleming Apartments", "category": "attraction", "tags": ["attraction", "landmark", "historical", "building"], "sources": ["overture"], "website": "http://www.animosa.com", "phone": "+12062048726", "address": "2321 4th Ave", "stations": [{"stopCode": 50, "lines": "1,2", "name": "Westlake Station", "walkingMeters": 826, "walkingSeconds": 594, "band": 15}, {"stopCode": 51, "lines": "1,2", "name": "Symphony Station", "walkingMeters": 1195, "walkingSeconds": 860, "band": 15}]}, "geometry": {"type": "Point", "coordinates": [-122.3449097, 47.6156654]}}, {"type": "Feature", "properties": {"id": "e554c8c6-c1a1-4cad-ba9e-12cad652fbd3", "name": "Moda Apartments", "category": "attraction", "tags": ["attraction", "landmark", "historical", "building"], "sources": ["overture"], "website": "http://www.equityapartments.com/seattle/belltown/moda-apartments", "phone": "+12064437676", "address": "2312 3rd Ave", "stations": [{"stopCode": 50, "lines": "1,2", "name": "Westlake Station", "walkingMeters": 869, "walkingSeconds": 626, "band": 15}, {"stopCode": 51, "lines": "1,2", "name": "Symphony Station", "walkingMeters": 1094, "walkingSeconds": 798, "band": 15}]}, "geometry": {"type": "Point", "coordinates": [-122.3451843, 47.6152153]}}, {"type": "Feature", "properties": {"id": "e0bc8ce0-4c1c-4cb8-b2eb-beabef11eeae", "name": "Suyama Space", "category": "gallery", "tags": ["gallery", "art"], "sources": ["overture"], "website": "https://suyamaspace.org", "phone": "2062560809", "address": "2324 2nd Ave", "stations": [{"stopCode": 50, "lines": "1,2", "name": "Westlake Station", "walkingMeters": 1045, "walkingSeconds": 780, "band": 15}, {"stopCode": 51, "lines": "1,2", "name": "Symphony Station", "walkingMeters": 1423, "walkingSeconds": 1062, "band": 15}]}, "geometry": {"type": "Point", "coordinates": [-122.3463287, 47.6147842]}}, {"type": "Feature", "properties": {"id": "f42c17be-0ccc-48d0-bdb7-2e16afd0f0aa", "name": "black dog forge", "category": "gallery", "tags": ["gallery", "art"], "sources": ["overture"], "website": "http://www.blackdogforge.com", "phone": "(206) 443-9413", "address": "2316 2nd Ave", "stations": [{"stopCode": 50, "lines": "1,2", "name": "Westlake Station", "walkingMeters": 937, "walkingSeconds": 678, "band": 15}, {"stopCode": 51, "lines": "1,2", "name": "Symphony Station", "walkingMeters": 1143, "walkingSeconds": 824, "band": 15}]}, "geometry": {"type": "Point", "coordinates": [-122.3460083, 47.614563]}}, {"type": "Feature", "properties": {"id": "2c847e3e-cca7-4ffe-b5bd-414b102d0602", "name": "Roq La Rue Gallery", "category": "gallery", "tags": ["gallery", "art"], "sources": ["overture"], "website": "http://www.roqlarue.com", "phone": "(206) 374-8977", "address": "705 E Pike St", "stations": [{"stopCode": 50, "lines": "1,2", "name": "Westlake Station", "walkingMeters": 937, "walkingSeconds": 678, "band": 15}, {"stopCode": 51, "lines": "1,2", "name": "Symphony Station", "walkingMeters": 1143, "walkingSeconds": 824, "band": 15}]}, "geometry": {"type": "Point", "coordinates": [-122.3460083, 47.614563]}}, {"type": "Feature", "properties": {"id": "7bb41159-ca44-4567-855f-3401848de525", "name": "The Adams Apartments", "category": "attraction", "tags": ["attraction", "landmark", "historical", "building"], "sources": ["overture"], "website": "https://www.cadencere.com", "phone": "+12069311046", "address": "304 Bell St", "stations": [{"stopCode": 50, "lines": "1,2", "name": "Westlake Station", "walkingMeters": 924, "walkingSeconds": 690, "band": 10}, {"stopCode": 51, "lines": "1,2", "name": "Symphony Station", "walkingMeters": 1336, "walkingSeconds": 997, "band": 15}]}, "geometry": {"type": "Point", "coordinates": [-122.3448181, 47.6148949]}}, {"type": "Feature", "properties": {"id": "e0439378-703d-411a-9c22-94b262524ce2", "name": "The Shelby Apartments", "category": "attraction", "tags": ["attraction", "landmark", "historical", "building"], "sources": ["overture"], "website": "http://www.theshelby.com/?rcstdid=MTE%3D-aKFOxiSL8lQ%3D", "phone": "+12065942883", "address": "2201 4th Ave", "stations": [{"stopCode": 50, "lines": "1,2", "name": "Westlake Station", "walkingMeters": 649, "walkingSeconds": 467, "band": 10}, {"stopCode": 51, "lines": "1,2", "name": "Symphony Station", "walkingMeters": 1018, "walkingSeconds": 732, "band": 15}]}, "geometry": {"type": "Point", "coordinates": [-122.3429947, 47.614666]}}, {"type": "Feature", "properties": {"id": "e1a50edb-9903-4e77-855d-3b3279f0416a", "name": "The Windham Apartments", "category": "attraction", "tags": ["attraction", "landmark", "historical", "building"], "sources": ["overture"], "website": "https://www.livewindham.com/", "phone": "+18336861306", "address": "420 Blanchard St", "stations": [{"stopCode": 50, "lines": "1,2", "name": "Westlake Station", "walkingMeters": 613, "walkingSeconds": 441, "band": 10}, {"stopCode": 51, "lines": "1,2", "name": "Symphony Station", "walkingMeters": 1069, "walkingSeconds": 769, "band": 15}]}, "geometry": {"type": "Point", "coordinates": [-122.3422394, 47.6151276]}}, {"type": "Feature", "properties": {"id": "e9a6e01c-03ab-4316-803c-d5fbe33fee03", "name": "The Martin Apartments", "category": "attraction", "tags": ["attraction", "landmark", "historical", "building"], "sources": ["overture"], "website": "https://www.themartinseattle.com/", "phone": "+12064832135", "address": "2105 5th Ave", "stations": [{"stopCode": 50, "lines": "1,2", "name": "Westlake Station", "walkingMeters": 480, "walkingSeconds": 346, "band": 10}, {"stopCode": 51, "lines": "1,2", "name": "Symphony Station", "walkingMeters": 983, "walkingSeconds": 707, "band": 15}]}, "geometry": {"type": "Point", "coordinates": [-122.3409653, 47.614521]}}, {"type": "Feature", "properties": {"id": "6e0b0e3d-cc9c-4770-835d-cd7d19058950", "name": "Fifth Avenue Court", "category": "attraction", "tags": ["attraction", "landmark", "historical", "building"], "sources": ["overture"], "website": "http://www.FifthAvenueCourt.com/", "phone": "+18886288989", "address": "2132 5th Ave", "stations": [{"stopCode": 50, "lines": "1,2", "name": "Westlake Station", "walkingMeters": 573, "walkingSeconds": 416, "band": 10}, {"stopCode": 51, "lines": "1,2", "name": "Symphony Station", "walkingMeters": 1085, "walkingSeconds": 780, "band": 15}]}, "geometry": {"type": "Point", "coordinates": [-122.3414459, 47.6152687]}}, {"type": "Feature", "properties": {"id": "a4840b21-40fb-411b-9a2e-0ce2f36368f1", "name": "Insignia By Bosa", "category": "attraction", "tags": ["attraction", "landmark", "historical", "building"], "sources": ["overture"], "website": "https://thinkbosa.com", "phone": "+12066417832", "address": "588 Bell St", "stations": [{"stopCode": 50, "lines": "1,2", "name": "Westlake Station", "walkingMeters": 782, "walkingSeconds": 567, "band": 10}, {"stopCode": 51, "lines": "1,2", "name": "Symphony Station", "walkingMeters": 1293, "walkingSeconds": 930, "band": 15}]}, "geometry": {"type": "Point", "coordinates": [-122.3428345, 47.6166344]}}, {"type": "Feature", "properties": {"id": "cd4df08c-9ac2-4b73-bfc4-b36008bd26d7", "name": "Insignia Towers", "category": "attraction", "tags": ["attraction", "landmark", "historical", "building"], "sources": ["overture"], "website": "http://www.insigniacondos.com", "phone": "+12065666952", "address": "2301 6th Ave", "stations": [{"stopCode": 50, "lines": "1,2", "name": "Westlake Station", "walkingMeters": 985, "walkingSeconds": 735, "band": 10}]}, "geometry": {"type": "Point", "coordinates": [-122.3431244, 47.6168404]}}, {"type": "Feature", "properties": {"id": "e8d2e886-7640-42db-b3e8-c0342b444102", "name": "Seattle House", "category": "attraction", "tags": ["attraction", "landmark", "historical", "building"], "sources": ["overture"], "website": "https://www.seattlehouse.com/", "phone": "+15642443446", "address": "2300 6th Ave", "stations": [{"stopCode": 50, "lines": "1,2", "name": "Westlake Station", "walkingMeters": 892, "walkingSeconds": 644, "band": 10}]}, "geometry": {"type": "Point", "coordinates": [-122.3426666, 47.6173401]}}, {"type": "Feature", "properties": {"id": "61cadfe2-7ac5-419f-af9a-6f303586bf35", "name": "Spire Seattle Condominiums", "category": "attraction", "tags": ["attraction", "landmark", "historical", "building"], "sources": ["overture"], "website": "https://www.instagram.com/spireseattle", "phone": "+12064940094", "address": "2510 6th Ave", "stations": [{"stopCode": 50, "lines": "1,2", "name": "Westlake Station", "walkingMeters": 1094, "walkingSeconds": 790, "band": 15}]}, "geometry": {"type": "Point", "coordinates": [-122.3445053, 47.6183662]}}, {"type": "Feature", "properties": {"id": "a8dd7a73-1e9a-4409-8f2b-8fcf07e12942", "name": "Skye Apartments", "category": "attraction", "tags": ["attraction", "landmark", "historical", "building"], "sources": ["overture"], "website": "https://www.skyeseattle.com/", "phone": "+18336598198", "address": "500 Wall St", "stations": [{"stopCode": 50, "lines": "1,2", "name": "Westlake Station", "walkingMeters": 1222, "walkingSeconds": 912, "band": 15}]}, "geometry": {"type": "Point", "coordinates": [-122.3451004, 47.6178589]}}, {"type": "Feature", "properties": {"id": "93def7af-1d18-437e-bfca-deb587b2561e", "name": "Sidney Apartments", "category": "attraction", "tags": ["attraction", "landmark", "historical", "building"], "sources": ["overture"], "website": "http://www.sidneyapts.com/", "phone": "+12062399700", "address": "400 Wall St", "stations": [{"stopCode": 50, "lines": "1,2", "name": "Westlake Station", "walkingMeters": 980, "walkingSeconds": 705, "band": 15}]}, "geometry": {"type": "Point", "coordinates": [-122.3460312, 47.6168976]}}, {"type": "Feature", "properties": {"id": "4652b732-3bff-4acc-92f1-3113e8c71e9a", "name": "Centennial Tower and Court Apartments", "category": "attraction", "tags": ["attraction", "landmark", "historical", "building"], "sources": ["overture"], "website": "http://www.equityapartments.com/seattle/belltown/centennial-tower-and-court-apartments", "phone": "+12064439300", "address": "2515 4th Ave", "stations": [{"stopCode": 50, "lines": "1,2", "name": "Westlake Station", "walkingMeters": 1023, "walkingSeconds": 736, "band": 15}]}, "geometry": {"type": "Point", "coordinates": [-122.3467484, 47.6169472]}}, {"type": "Feature", "properties": {"id": "36caab7d-3d3b-4dd0-95f4-f8d67093f56d", "name": "Devonshire Apartments", "category": "attraction", "tags": ["attraction", "landmark", "historical", "building"], "sources": ["overture"], "website": "http://devonshireapartments.net", "phone": "+12062048715", "address": "420 Wall St Apt 115", "stations": [{"stopCode": 50, "lines": "1,2", "name": "Westlake Station", "walkingMeters": 970, "walkingSeconds": 698, "band": 15}]}, "geometry": {"type": "Point", "coordinates": [-122.3457947, 47.61726]}}, {"type": "Feature", "properties": {"id": "ba39ddfd-92d6-4052-9c63-6d8b2ba3ad25", "name": "Montreux Condominiums", "category": "attraction", "tags": ["attraction", "landmark", "historical", "building"], "sources": ["overture"], "website": "http://www.montreuxinbelltown.com/about", "phone": "+12069569415", "address": "425 Vine St", "stations": [{"stopCode": 50, "lines": "1,2", "name": "Westlake Station", "walkingMeters": 1068, "walkingSeconds": 769, "band": 15}]}, "geometry": {"type": "Point", "coordinates": [-122.3466339, 47.6174545]}}, {"type": "Feature", "properties": {"id": "2c696b8e-4d2a-453e-b5cf-9cb5f0f7f101", "name": "Dimension", "category": "attraction", "tags": ["attraction", "landmark", "historical", "building"], "sources": ["overture"], "website": "https://www.hollandresidential.com/wa/seattle/dimension/", "phone": "+18448175890", "address": "225 Cedar St", "stations": [{"stopCode": 50, "lines": "1,2", "name": "Westlake Station", "walkingMeters": 1251, "walkingSeconds": 900, "band": 15}]}, "geometry": {"type": "Point", "coordinates": [-122.3490295, 47.6168137]}}, {"type": "Feature", "properties": {"id": "d5a95b7a-7693-4873-94a7-71f615fca1af", "name": "Dorian Apartments", "category": "attraction", "tags": ["attraction", "landmark", "historical", "building"], "sources": ["overture"], "website": "https://www.dorianseattle.com/?utm_knock=sm", "phone": "+12062220578", "address": "311 Cedar St", "stations": [{"stopCode": 50, "lines": "1,2", "name": "Westlake Station", "walkingMeters": 1209, "walkingSeconds": 870, "band": 15}]}, "geometry": {"type": "Point", "coordinates": [-122.3485336, 47.6172066]}}, {"type": "Feature", "properties": {"id": "499f25a0-307a-4775-a7ed-3a44be3937ac", "name": "Mosler Lofts", "category": "attraction", "tags": ["attraction", "landmark", "historical", "building"], "sources": ["overture"], "website": "http://www.moslercondosandlofts.com", "phone": "+12064483117", "address": "2720 3rd Ave", "stations": [{"stopCode": 50, "lines": "1,2", "name": "Westlake Station", "walkingMeters": 1282, "walkingSeconds": 922, "band": 15}]}, "geometry": {"type": "Point", "coordinates": [-122.3493195, 47.6175728]}}, {"type": "Feature", "properties": {"id": "9e3e7e50-5136-419d-b04d-65031b1653a1", "name": "Bayview Tower", "category": "attraction", "tags": ["attraction", "landmark", "historical", "building"], "sources": ["overture"], "website": "www.apartments.com/bayview-tower-seattle-wa/jyfszt5", "phone": "+12062391599", "address": "2614 4th Ave", "stations": [{"stopCode": 50, "lines": "1,2", "name": "Westlake Station", "walkingMeters": 1365, "walkingSeconds": 1019, "band": 15}]}, "geometry": {"type": "Point", "coordinates": [-122.3473663, 47.6177063]}}, {"type": "Feature", "properties": {"id": "2dfd66ad-bf20-4718-8c2a-56676d53e4bb", "name": "Chief Seattle Statue", "category": "attraction", "tags": ["attraction", "monument"], "sources": ["overture"], "website": "http://nps.gov", "phone": "+12066840464", "address": "5TH Ave", "stations": [{"stopCode": 50, "lines": "1,2", "name": "Westlake Station", "walkingMeters": 1172, "walkingSeconds": 843, "band": 15}]}, "geometry": {"type": "Point", "coordinates": [-122.3475037, 47.6183319]}}, {"type": "Feature", "properties": {"id": "8ec9a00e-4faa-46fb-97e5-4285abc13652", "name": "Verve Apartments", "category": "attraction", "tags": ["attraction", "landmark", "historical", "building"], "sources": ["overture"], "website": "https://www.liveatverve.com/?utm_knock=g", "phone": "+12065783327", "address": "2720 4th Ave", "stations": [{"stopCode": 50, "lines": "1,2", "name": "Westlake Station", "walkingMeters": 1220, "walkingSeconds": 877, "band": 15}]}, "geometry": {"type": "Point", "coordinates": [-122.3485489, 47.6183319]}}, {"type": "Feature", "properties": {"id": "198b2ef4-a0d9-448e-8256-1e64e95bfd02", "name": "Harbour Heights Condominiums", "category": "attraction", "tags": ["attraction", "landmark", "historical", "building"], "sources": ["overture"], "website": "http://www.harbourheightsseattle.com/", "phone": "+12064417734", "address": "2621 2nd Ave", "stations": [{"stopCode": 50, "lines": "1,2", "name": "Westlake Station", "walkingMeters": 1300, "walkingSeconds": 939, "band": 15}]}, "geometry": {"type": "Point", "coordinates": [-122.3497696, 47.6161041]}}, {"type": "Feature", "properties": {"id": "9faf8504-facb-485f-a015-3acbadf25b7c", "name": "Ellis Court Apartments", "category": "attraction", "tags": ["attraction", "landmark", "historical", "building"], "sources": ["overture"], "website": "http://www.elliscourt.com/", "phone": "+12069625630", "address": "2510 Western Ave Ste 100", "stations": [{"stopCode": 50, "lines": "1,2", "name": "Westlake Station", "walkingMeters": 1286, "walkingSeconds": 929, "band": 15}]}, "geometry": {"type": "Point", "coordinates": [-122.3498917, 47.6144714]}}, {"type": "Feature", "properties": {"id": "1cf26b4d-79f3-40ff-980f-da152d4c254e", "name": "Griffis Belltown", "category": "attraction", "tags": ["attraction", "landmark", "historical", "building"], "sources": ["overture"], "website": "https://griffisresidential.com/property/belltown/?utm_knock=fb", "phone": "+12062028763", "address": "2400 Elliott Ave", "stations": [{"stopCode": 50, "lines": "1,2", "name": "Westlake Station", "walkingMeters": 1217, "walkingSeconds": 881, "band": 15}]}, "geometry": {"type": "Point", "coordinates": [-122.3497925, 47.6132698]}}, {"type": "Feature", "properties": {"id": 14026690, "name": "Victor Steinbrueck Park", "category": "park", "tags": ["park"], "sources": ["osm", "overture"], "website": "http://www.seattle.gov/parks/park_detail.asp?ID=338", "phone": "+12066844075", "address": "1999 Western Ave", "stations": [{"stopCode": 50, "lines": "1,2", "name": "Westlake Station", "walkingMeters": 690, "walkingSeconds": 504, "band": 10}, {"stopCode": 51, "lines": "1,2", "name": "Symphony Station", "walkingMeters": 857, "walkingSeconds": 616, "band": 10}]}, "geometry": {"type": "Point", "coordinates": [-122.3438714, 47.610169]}}, {"type": "Feature", "properties": {"id": 25788265, "name": "Denny Park", "category": "park", "tags": ["park"], "sources": ["osm", "overture"], "website": "http://www.seattle.gov/parks/find/dog-off-leash-areas?id=309", "phone": "+12066844075", "address": "100 Dexter Ave N", "hours": "04:00-23:30", "stations": [{"stopCode": 50, "lines": "1,2", "name": "Westlake Station", "walkingMeters": 1038, "walkingSeconds": 749, "band": 15}]}, "geometry": {"type": "Point", "coordinates": [-122.3410528, 47.6191221]}}, {"type": "Feature", "properties": {"id": 101677291, "name": "Tilikum Place", "category": "park", "tags": ["park"], "sources": ["osm"], "website": "https://www.seattle.gov/parks/allparks/tilikum-place", "stations": [{"stopCode": 50, "lines": "1,2", "name": "Westlake Station", "walkingMeters": 1136, "walkingSeconds": 817, "band": 15}]}, "geometry": {"type": "Point", "coordinates": [-122.347393, 47.6183082]}}, {"type": "Feature", "properties": {"id": 374471012, "name": "Peace Garden", "category": "garden", "tags": ["garden"], "sources": ["osm"]}, "geometry": {"type": "Point", "coordinates": [-122.3497785, 47.6199056]}}, {"type": "Feature", "properties": {"id": 460084687, "name": "Growing Vine Street Headwaters Park", "category": "park", "tags": ["park"], "sources": ["osm"], "stations": [{"stopCode": 50, "lines": "1,2", "name": "Westlake Station", "walkingMeters": 1084, "walkingSeconds": 784, "band": 15}]}, "geometry": {"type": "Point", "coordinates": [-122.3462022, 47.6182471]}}, {"type": "Feature", "properties": {"id": 460084962, "name": "Bell Street Park", "category": "park", "tags": ["park"], "sources": ["osm"], "stations": [{"stopCode": 50, "lines": "1,2", "name": "Westlake Station", "walkingMeters": 814, "walkingSeconds": 591, "band": 10}, {"stopCode": 51, "lines": "1,2", "name": "Symphony Station", "walkingMeters": 1023, "walkingSeconds": 752, "band": 15}]}, "geometry": {"type": "Point", "coordinates": [-122.3448116, 47.6146962]}}, {"type": "Feature", "properties": {"id": "ed4bf153-f781-4cf9-9400-134c9a2d07ca", "name": "Kubota Gardens", "category": "park", "tags": ["park"], "sources": ["overture"], "website": "Kubota.org", "address": "305 Harrison St", "stations": [{"stopCode": 50, "lines": "1,2", "name": "Westlake Station", "walkingMeters": 1315, "walkingSeconds": 981, "band": 15}]}, "geometry": {"type": "Point", "coordinates": [-122.3449402, 47.6187897]}}, {"type": "Feature", "properties": {"id": "efb468cd-d70d-4bdd-adb4-16fa3737c960", "name": "Rooftop Garden", "category": "park", "tags": ["park"], "sources": ["overture"], "website": "www.seattle.gov/parks/find/parks/japanese-garden", "phone": "+18187568166", "address": "100 Dexter Ave N", "stations": [{"stopCode": 50, "lines": "1,2", "name": "Westlake Station", "walkingMeters": 1111, "walkingSeconds": 801, "band": 15}]}, "geometry": {"type": "Point", "coordinates": [-122.3418503, 47.6191788]}}, {"type": "Feature", "properties": {"id": "1195ed96-3265-431a-be17-bf9061d3835d", "name": "N8 park", "category": "park", "tags": ["park"], "sources": ["overture"], "address": "Western and Virginia Streets", "stations": [{"stopCode": 50, "lines": "1,2", "name": "Westlake Station", "walkingMeters": 685, "walkingSeconds": 511, "band": 10}, {"stopCode": 51, "lines": "1,2", "name": "Symphony Station", "walkingMeters": 809, "walkingSeconds": 604, "band": 10}]}, "geometry": {"type": "Point", "coordinates": [-122.3434753, 47.6102676]}}, {"type": "Feature", "properties": {"id": "3fb82b37-6ea1-4b7c-b13e-abbaea990a27", "name": "Native Park Downtown Seattle", "category": "park", "tags": ["park"], "sources": ["overture"], "website": "https://www.downtownseattle.com/downtown-parking", "stations": [{"stopCode": 50, "lines": "1,2", "name": "Westlake Station", "walkingMeters": 627, "walkingSeconds": 459, "band": 10}, {"stopCode": 51, "lines": "1,2", "name": "Symphony Station", "walkingMeters": 794, "walkingSeconds": 571, "band": 10}]}, "geometry": {"type": "Point", "coordinates": [-122.3435822, 47.6103325]}}, {"type": "Feature", "properties": {"id": "842b136b-2b81-4ac5-8099-076024f724c7", "name": "Pier 66 Rooftop Park", "category": "park", "tags": ["park"], "sources": ["overture"], "website": "http://www.portseattle.org", "address": "2225 Alaskan Way", "stations": [{"stopCode": 50, "lines": "1,2", "name": "Westlake Station", "walkingMeters": 1229, "walkingSeconds": 890, "band": 15}, {"stopCode": 51, "lines": "1,2", "name": "Symphony Station", "walkingMeters": 1298, "walkingSeconds": 936, "band": 15}]}, "geometry": {"type": "Point", "coordinates": [-122.3485489, 47.6110077]}}, {"type": "Feature", "properties": {"id": "b06af31b-fb6f-4a1e-900b-6d1f06e9a6a9", "name": "Bell Street Park Boulevard", "category": "park", "tags": ["park"], "sources": ["overture"], "address": "Bell St between 1st & 5th Ave", "stations": [{"stopCode": 50, "lines": "1,2", "name": "Westlake Station", "walkingMeters": 964, "walkingSeconds": 719, "band": 15}, {"stopCode": 51, "lines": "1,2", "name": "Symphony Station", "walkingMeters": 1300, "walkingSeconds": 970, "band": 15}]}, "geometry": {"type": "Point", "coordinates": [-122.3460999, 47.6136971]}}, {"type": "Feature", "properties": {"id": "60caa633-8d01-4201-b260-224d819ce4d5", "name": "Mayfair Park", "category": "park", "tags": ["park"], "sources": ["overture"], "website": "http://seattle.gov/parks/park_detail.asp?ID=321", "phone": "(206) 684-4075", "address": "2600 2nd Ave. N", "stations": [{"stopCode": 50, "lines": "1,2", "name": "Westlake Station", "walkingMeters": 1216, "walkingSeconds": 878, "band": 15}]}, "geometry": {"type": "Point", "coordinates": [-122.3490295, 47.6164665]}}, {"type": "Feature", "properties": {"id": "c1e635a9-99ee-4b22-a2ed-8b89bba8bdc6", "name": "Regrade Park", "category": "park", "tags": ["park", "dog"], "sources": ["overture"], "website": "http://www.seattle.gov/parks/park_detail.asp?ID=336", "phone": "+12066844075", "address": "2251 3rd Ave", "stations": [{"stopCode": 50, "lines": "1,2", "name": "Westlake Station", "walkingMeters": 806, "walkingSeconds": 580, "band": 10}, {"stopCode": 51, "lines": "1,2", "name": "Symphony Station", "walkingMeters": 1017, "walkingSeconds": 734, "band": 15}]}, "geometry": {"type": "Point", "coordinates": [-122.3447189, 47.6145363]}}, {"type": "Feature", "properties": {"id": "b7231325-5875-437f-b869-9c759a52a817", "name": "Amazon - Nitro Dog Park", "category": "park", "tags": ["park", "dog"], "sources": ["overture"], "website": "https://www.aboutamazon.com", "address": "2250 7th Ave", "stations": [{"stopCode": 50, "lines": "1,2", "name": "Westlake Station", "walkingMeters": 900, "walkingSeconds": 672, "band": 10}, {"stopCode": 51, "lines": "1,2", "name": "Symphony Station", "walkingMeters": 1432, "walkingSeconds": 1069, "band": 15}]}, "geometry": {"type": "Point", "coordinates": [-122.3405457, 47.6172371]}}, {"type": "Feature", "properties": {"id": 1999277634, "name": "Moore Hotel", "category": "hotel", "tags": ["hotel"], "sources": ["osm", "overture"], "website": "http://www.moorehotel.com/", "phone": "+12064484851", "address": "1926 2nd Ave", "stations": [{"stopCode": 50, "lines": "1,2", "name": "Westlake Station", "walkingMeters": 439, "walkingSeconds": 320, "band": 10}, {"stopCode": 51, "lines": "1,2", "name": "Symphony Station", "walkingMeters": 645, "walkingSeconds": 466, "band": 10}]}, "geometry": {"type": "Point", "coordinates": [-122.3411383, 47.6115679]}}, {"type": "Feature", "properties": {"id": 2169291695, "name": "Pensione Nichols B&B", "category": "guest_house", "tags": ["guest-house"], "sources": ["osm"], "website": "https://www.pensionenichols.com/", "phone": "+1-206-441-7125", "stations": [{"stopCode": 50, "lines": "1,2", "name": "Westlake Station", "walkingMeters": 517, "walkingSeconds": 375, "band": 10}, {"stopCode": 51, "lines": "1,2", "name": "Symphony Station", "walkingMeters": 718, "walkingSeconds": 517, "band": 10}]}, "geometry": {"type": "Point", "coordinates": [-122.3423272, 47.6105944]}}, {"type": "Feature", "properties": {"id": 2327659201, "name": "Belltown Inn", "category": "hotel", "tags": ["hotel", "wheelchair-accessible", "smoking", "wifi"], "sources": ["osm", "overture"], "website": "http://www.belltown-inn.com", "phone": "+12065293700", "address": "2301 3rd Ave", "stations": [{"stopCode": 50, "lines": "1,2", "name": "Westlake Station", "walkingMeters": 842, "walkingSeconds": 606, "band": 10}, {"stopCode": 51, "lines": "1,2", "name": "Symphony Station", "walkingMeters": 1053, "walkingSeconds": 760, "band": 15}]}, "geometry": {"type": "Point", "coordinates": [-122.3451331, 47.6146675]}}, {"type": "Feature", "properties": {"id": 5916804202, "name": "The Charter Hotel Seattle", "category": "hotel", "tags": ["hotel"], "sources": ["osm", "overture"], "website": "http://www.thecharterseattle.com/", "phone": "+12062567500", "address": "1610 2nd Ave", "stations": [{"stopCode": 50, "lines": "1,2", "name": "Westlake Station", "walkingMeters": 333, "walkingSeconds": 244, "band": 5}, {"stopCode": 51, "lines": "1,2", "name": "Symphony Station", "walkingMeters": 539, "walkingSeconds": 390, "band": 10}]}, "geometry": {"type": "Point", "coordinates": [-122.3401156, 47.6109352]}}, {"type": "Feature", "properties": {"id": 6277471970, "name": "The Sound Hotel Seattle Belltown", "category": "hotel", "tags": ["hotel", "wheelchair-accessible", "wifi"], "sources": ["osm", "overture"], "website": "https://thesoundhotelseattle.com/", "phone": "+12064417456", "address": "2120 4th Ave", "stations": [{"stopCode": 50, "lines": "1,2", "name": "Westlake Station", "walkingMeters": 544, "walkingSeconds": 392, "band": 10}, {"stopCode": 51, "lines": "1,2", "name": "Symphony Station", "walkingMeters": 949, "walkingSeconds": 683, "band": 15}]}, "geometry": {"type": "Point", "coordinates": [-122.341884, 47.6143781]}}, {"type": "Feature", "properties": {"id": 12790172987, "name": "Hostel Fish", "category": "hostel", "tags": ["hostel"], "sources": ["osm"], "address": "2327 2nd Avenue", "stations": [{"stopCode": 50, "lines": "1,2", "name": "Westlake Station", "walkingMeters": 989, "walkingSeconds": 715, "band": 15}, {"stopCode": 51, "lines": "1,2", "name": "Symphony Station", "walkingMeters": 1194, "walkingSeconds": 861, "band": 15}]}, "geometry": {"type": "Point", "coordinates": [-122.3467253, 47.6144671]}}, {"type": "Feature", "properties": {"id": 41842296, "name": "Hotel Andra", "category": "hotel", "tags": ["hotel", "resort"], "sources": ["osm", "overture"], "website": "https://www.hotelandra.com/", "phone": "2064488600", "address": "2000 4th Ave", "stations": [{"stopCode": 50, "lines": "1,2", "name": "Westlake Station", "walkingMeters": 368, "walkingSeconds": 265, "band": 5}, {"stopCode": 51, "lines": "1,2", "name": "Symphony Station", "walkingMeters": 777, "walkingSeconds": 559, "band": 10}]}, "geometry": {"type": "Point", "coordinates": [-122.3400579, 47.6134324]}}, {"type": "Feature", "properties": {"id": 185786800, "name": "Warwick Seattle Hotel", "category": "hotel", "tags": ["hotel", "wheelchair-accessible", "wifi"], "sources": ["osm"], "website": "https://warwickhotels.com/seattle/", "phone": "+1-206-443-4300", "address": "2030 4th Avenue", "stations": [{"stopCode": 50, "lines": "1,2", "name": "Westlake Station", "walkingMeters": 483, "walkingSeconds": 348, "band": 10}, {"stopCode": 51, "lines": "1,2", "name": "Symphony Station", "walkingMeters": 889, "walkingSeconds": 640, "band": 10}]}, "geometry": {"type": "Point", "coordinates": [-122.3408928, 47.6139175]}}, {"type": "Feature", "properties": {"id": 206883222, "name": "Thompson Seattle", "category": "hotel", "tags": ["hotel"], "sources": ["osm", "overture"], "website": "https://www.hyatt.com/hotel/washington/thompson-seattle/seath", "phone": "+12066234600", "address": "110 Stewart St", "stations": [{"stopCode": 50, "lines": "1,2", "name": "Westlake Station", "walkingMeters": 429, "walkingSeconds": 313, "band": 10}, {"stopCode": 51, "lines": "1,2", "name": "Symphony Station", "walkingMeters": 631, "walkingSeconds": 454, "band": 10}]}, "geometry": {"type": "Point", "coordinates": [-122.3413283, 47.610625]}}, {"type": "Feature", "properties": {"id": 223926962, "name": "Hotel Five", "category": "hotel", "tags": ["hotel", "wheelchair-accessible"], "sources": ["osm"], "website": "http://www.hotelfiveseattle.com/", "phone": "+1-866-866-7977", "address": "2200 5th Avenue", "stations": [{"stopCode": 50, "lines": "1,2", "name": "Westlake Station", "walkingMeters": 623, "walkingSeconds": 452, "band": 10}, {"stopCode": 51, "lines": "1,2", "name": "Symphony Station", "walkingMeters": 1134, "walkingSeconds": 816, "band": 15}]}, "geometry": {"type": "Point", "coordinates": [-122.3418576, 47.6156178]}}, {"type": "Feature", "properties": {"id": 223927903, "name": "Seattle Marriott Waterfront", "category": "hotel", "tags": ["hotel", "smoking", "air-conditioned", "wifi"], "sources": ["osm", "overture"], "website": "https://www.marriott.com/en-us/hotels/seawf-seattle-marriott-waterfront/overview/?scid=d2406702-e8ea-4b45-bb9b-69cddaaef03d", "phone": "+12064435000", "address": "2100 Alaskan Way", "stations": [{"stopCode": 50, "lines": "1,2", "name": "Westlake Station", "walkingMeters": 1005, "walkingSeconds": 727, "band": 15}, {"stopCode": 51, "lines": "1,2", "name": "Symphony Station", "walkingMeters": 1124, "walkingSeconds": 808, "band": 15}]}, "geometry": {"type": "Point", "coordinates": [-122.346593, 47.6106918]}}, {"type": "Feature", "properties": {"id": 223927920, "name": "Kings Inn", "category": "hotel", "tags": ["hotel", "motel"], "sources": ["osm", "overture"], "website": "http://www.kingsinnseattle.com", "phone": "(206) 441-8833", "address": "2106 5th Ave", "stations": [{"stopCode": 50, "lines": "1,2", "name": "Westlake Station", "walkingMeters": 544, "walkingSeconds": 395, "band": 10}, {"stopCode": 51, "lines": "1,2", "name": "Symphony Station", "walkingMeters": 1058, "walkingSeconds": 761, "band": 15}]}, "geometry": {"type": "Point", "coordinates": [-122.3406811, 47.6149793]}}, {"type": "Feature", "properties": {"id": 358272089, "name": "Kimpton Palladian Hotel", "category": "hotel", "tags": ["hotel"], "sources": ["osm", "overture"], "website": "https://www.palladianhotel.com/", "phone": "+12064481111", "address": "2000 2nd Ave", "stations": [{"stopCode": 50, "lines": "1,2", "name": "Westlake Station", "walkingMeters": 487, "walkingSeconds": 354, "band": 10}, {"stopCode": 51, "lines": "1,2", "name": "Symphony Station", "walkingMeters": 693, "walkingSeconds": 501, "band": 10}]}, "geometry": {"type": "Point", "coordinates": [-122.3416898, 47.6120537]}}, {"type": "Feature", "properties": {"id": 359894111, "name": "Hyatt Place Seattle/Downtown", "category": "hotel", "tags": ["hotel", "wifi"], "sources": ["osm", "overture"], "website": "https://seattledowntown.place.hyatt.com/en/hotel/home.html", "phone": "+12064416041", "address": "110 6th Ave N", "stations": [{"stopCode": 50, "lines": "1,2", "name": "Westlake Station", "walkingMeters": 1128, "walkingSeconds": 814, "band": 15}]}, "geometry": {"type": "Point", "coordinates": [-122.3446053, 47.6188458]}}, {"type": "Feature", "properties": {"id": "1ce2b16a-7877-4b63-b078-90ad69fa2553", "name": "Warwick Seattle", "category": "hotel", "tags": ["hotel"], "sources": ["overture"], "website": "https://www.warwickhotels.com/warwick-seattle", "phone": "+12064434300", "address": "401 Lenora St", "stations": [{"stopCode": 50, "lines": "1,2", "name": "Westlake Station", "walkingMeters": 438, "walkingSeconds": 315, "band": 10}, {"stopCode": 51, "lines": "1,2", "name": "Symphony Station", "walkingMeters": 846, "walkingSeconds": 608, "band": 10}]}, "geometry": {"type": "Point", "coordinates": [-122.3408813, 47.6137199]}}, {"type": "Feature", "properties": {"id": "25813648-41e8-4d6a-b9e5-9edc13b3a2fc", "name": "Northwest Lodging International Usa", "category": "hotel", "tags": ["hotel"], "sources": ["overture"], "website": "https://www.northwestlodging.com", "phone": "2064433550", "address": "2101 4th Ave  Ste 1020", "stations": [{"stopCode": 50, "lines": "1,2", "name": "Westlake Station", "walkingMeters": 645, "walkingSeconds": 481, "band": 10}, {"stopCode": 51, "lines": "1,2", "name": "Symphony Station", "walkingMeters": 1083, "walkingSeconds": 808, "band": 15}]}, "geometry": {"type": "Point", "coordinates": [-122.3422623, 47.6140099]}}, {"type": "Feature", "properties": {"id": "d7f26af4-cc52-4587-8f96-db682d6742e5", "name": "Oxford Hotel Seattle", "category": "hotel", "tags": ["hotel"], "sources": ["overture"], "website": "http://www.oxford-apartments.com/", "phone": "+12066539937", "address": "1920 1st Ave", "stations": [{"stopCode": 50, "lines": "1,2", "name": "Westlake Station", "walkingMeters": 502, "walkingSeconds": 367, "band": 10}, {"stopCode": 51, "lines": "1,2", "name": "Symphony Station", "walkingMeters": 704, "walkingSeconds": 508, "band": 10}]}, "geometry": {"type": "Point", "coordinates": [-122.341713, 47.6109695]}}, {"type": "Feature", "properties": {"id": "117256a0-ee5d-4876-bb73-de1b8213e6b5", "name": "Scargo Hotel", "category": "hotel", "tags": ["hotel"], "sources": ["overture"], "phone": "+12067289927", "address": "2205 1st Ave", "stations": [{"stopCode": 50, "lines": "1,2", "name": "Westlake Station", "walkingMeters": 854, "walkingSeconds": 618, "band": 15}, {"stopCode": 51, "lines": "1,2", "name": "Symphony Station", "walkingMeters": 1056, "walkingSeconds": 760, "band": 15}]}, "geometry": {"type": "Point", "coordinates": [-122.3457718, 47.6126938]}}, {"type": "Feature", "properties": {"id": "27212ad1-b931-48f9-a88b-ffd7130dde11", "name": "Ace Hotel Seattle", "category": "hotel", "tags": ["hotel"], "sources": ["overture"], "website": "http://www.acehotel.com/seattle", "phone": "+12064484721", "address": "2423 1st Ave", "stations": [{"stopCode": 50, "lines": "1,2", "name": "Westlake Station", "walkingMeters": 1204, "walkingSeconds": 870, "band": 15}]}, "geometry": {"type": "Point", "coordinates": [-122.3488388, 47.6143684]}}, {"type": "Feature", "properties": {"id": "565a29c0-832b-49c7-ab41-1e128cfa70ca", "name": "The Squeeze Inn - Seattle", "category": "guest_house", "tags": ["guest-house", "bed", "breakfast"], "sources": ["overture"], "address": "2414 1st Ave", "stations": [{"stopCode": 50, "lines": "1,2", "name": "Westlake Station", "walkingMeters": 1089, "walkingSeconds": 788, "band": 15}]}, "geometry": {"type": "Point", "coordinates": [-122.3479919, 47.6146088]}}, {"type": "Feature", "properties": {"id": "0375fb84-88fa-4f0d-8638-9cd2cb4f9457", "name": "Belltown Court II", "category": "hotel", "tags": ["hotel"], "sources": ["overture"], "website": "https://www.sound.health", "phone": "+12064613649", "address": "2329 4th Ave", "stations": [{"stopCode": 50, "lines": "1,2", "name": "Westlake Station", "walkingMeters": 1173, "walkingSeconds": 875, "band": 15}]}, "geometry": {"type": "Point", "coordinates": [-122.347702, 47.6149025]}}, {"type": "Feature", "properties": {"id": "8e25ca39-9fd1-4b7d-8f45-3c59132ed268", "name": "WhyHotel Seattle Belltown Wall St.", "category": "hotel", "tags": ["hotel", "resort"], "sources": ["overture"], "website": "https://whyhotel.com/hotels/seattle-belltown/", "phone": "2065962424", "address": "210 Wall St", "stations": [{"stopCode": 50, "lines": "1,2", "name": "Westlake Station", "walkingMeters": 1077, "walkingSeconds": 779, "band": 15}, {"stopCode": 51, "lines": "1,2", "name": "Symphony Station", "walkingMeters": 1283, "walkingSeconds": 925, "band": 15}]}, "geometry": {"type": "Point", "coordinates": [-122.3474197, 47.6153564]}}, {"type": "Feature", "properties": {"id": "ed31439d-d50e-4e5b-bce8-778aa7453a6e", "name": "Hostel Seattle", "category": "hostel", "tags": ["hostel"], "sources": ["overture"], "website": "http://www.hostelseattle.com/", "phone": "2067063255", "address": "2327 2nd Ave", "stations": [{"stopCode": 50, "lines": "1,2", "name": "Westlake Station", "walkingMeters": 992, "walkingSeconds": 717, "band": 15}, {"stopCode": 51, "lines": "1,2", "name": "Symphony Station", "walkingMeters": 1198, "walkingSeconds": 863, "band": 15}]}, "geometry": {"type": "Point", "coordinates": [-122.3466187, 47.6145935]}}, {"type": "Feature", "properties": {"id": "69d9a280-c88d-4c72-84af-4c9415e0177d", "name": "Hotel FIVE - A Staypineapple Hotel", "category": "hotel", "tags": ["hotel"], "sources": ["overture"], "website": "https://www.staypineapple.com/hotel-five-seattle-wa", "phone": "+12064419785", "address": "2200 5th Ave", "stations": [{"stopCode": 50, "lines": "1,2", "name": "Westlake Station", "walkingMeters": 765, "walkingSeconds": 571, "band": 10}, {"stopCode": 51, "lines": "1,2", "name": "Symphony Station", "walkingMeters": 1258, "walkingSeconds": 939, "band": 15}]}, "geometry": {"type": "Point", "coordinates": [-122.3418655, 47.6155701]}}, {"type": "Feature", "properties": {"id": "81c9a627-7625-4521-aca1-47613135c0e7", "name": "Ramada Inn Downtown", "category": "hotel", "tags": ["hotel"], "sources": ["overture"], "website": "http://www.the.ramada.com/00015", "phone": "(206) 441-9785", "address": "2200 5th Ave", "stations": [{"stopCode": 50, "lines": "1,2", "name": "Westlake Station", "walkingMeters": 621, "walkingSeconds": 451, "band": 10}, {"stopCode": 51, "lines": "1,2", "name": "Symphony Station", "walkingMeters": 1133, "walkingSeconds": 815, "band": 15}]}, "geometry": {"type": "Point", "coordinates": [-122.3418579, 47.6155968]}}, {"type": "Feature", "properties": {"id": "851f9237-c055-4260-aa6e-3b4c1c19c0d3", "name": "Days Inn Seattle-Town Center", "category": "hotel", "tags": ["hotel"], "sources": ["overture"], "website": "http://www.daysinn.com/", "phone": "+12064483434", "stations": [{"stopCode": 50, "lines": "1,2", "name": "Westlake Station", "walkingMeters": 713, "walkingSeconds": 515, "band": 10}, {"stopCode": 51, "lines": "1,2", "name": "Symphony Station", "walkingMeters": 1228, "walkingSeconds": 886, "band": 15}]}, "geometry": {"type": "Point", "coordinates": [-122.3404617, 47.6166878]}}, {"type": "Feature", "properties": {"id": "a50a3125-334a-4bbb-bf60-e058eb983742", "name": "Vermont Inn", "category": "guest_house", "tags": ["guest-house", "inn"], "sources": ["overture"], "website": "http://www.vermont-inn.com/", "phone": "+12064410101", "address": "2721 4th Ave"}, "geometry": {"type": "Point", "coordinates": [-122.348999, 47.6181068]}}, {"type": "Feature", "properties": {"id": "e3876cae-881a-4c3b-a80e-503186cbb8bf", "name": "Four Seasons Hotel Seattle", "category": "hotel", "tags": ["hotel"], "sources": ["overture"], "website": "http://fourseasons.com", "phone": "+12062391807", "address": "2223 Alaskan Way", "stations": [{"stopCode": 50, "lines": "1,2", "name": "Westlake Station", "walkingMeters": 1271, "walkingSeconds": 918, "band": 15}]}, "geometry": {"type": "Point", "coordinates": [-122.349472, 47.6113625]}}, {"type": "Feature", "properties": {"id": "c98db9c7-23d0-4a75-9068-48a5cd30f687", "name": "Reside Seattle Downtown, a Wyndham Residence", "category": "hotel", "tags": ["hotel"], "sources": ["overture"], "website": "https://www.wyndhamhotels.com/wyndham/seattle-washington/reside-seattle-downtown-a-wyndham-residence/overview", "phone": "+14253904909", "address": "104 Pine St", "stations": [{"stopCode": 50, "lines": "1,2", "name": "Westlake Station", "walkingMeters": 353, "walkingSeconds": 258, "band": 5}, {"stopCode": 51, "lines": "1,2", "name": "Symphony Station", "walkingMeters": 555, "walkingSeconds": 399, "band": 10}]}, "geometry": {"type": "Point", "coordinates": [-122.3407593, 47.6100464]}}, {"type": "Feature", "properties": {"id": "972fc9eb-d551-46c3-b347-8626f7fed43c", "name": "Mint House Seattle \u2013 Downtown", "category": "hotel", "tags": ["hotel", "resort"], "sources": ["overture"], "website": "https://minthouse.com/seattle/downtown/?utm_source=local-listings&utm_medium=organic&utm_campaign=local-listings", "phone": "8559729090", "address": "104 Pine St", "stations": [{"stopCode": 50, "lines": "1,2", "name": "Westlake Station", "walkingMeters": 358, "walkingSeconds": 262, "band": 5}, {"stopCode": 51, "lines": "1,2", "name": "Symphony Station", "walkingMeters": 560, "walkingSeconds": 403, "band": 10}]}, "geometry": {"type": "Point", "coordinates": [-122.3408203, 47.6100807]}}, {"type": "Feature", "properties": {"id": "f3a781ff-3c35-4204-a740-b840a4d8f95b", "name": "Kitchen & Market", "category": "supermarket", "tags": ["supermarket"], "sources": ["overture"], "website": "kitchenandmarket.com", "phone": "12064415747", "address": "1926 Pike Pl", "stations": [{"stopCode": 50, "lines": "1,2", "name": "Westlake Station", "walkingMeters": 622, "walkingSeconds": 464, "band": 10}, {"stopCode": 51, "lines": "1,2", "name": "Symphony Station", "walkingMeters": 761, "walkingSeconds": 568, "band": 10}]}, "geometry": {"type": "Point", "coordinates": [-122.3428497, 47.6103668]}}, {"type": "Feature", "properties": {"id": 231714828, "name": "7-Eleven", "category": "convenience", "tags": ["convenience"], "sources": ["osm", "overture"], "website": "https://www.7-eleven.com/", "phone": "+12064430711", "address": "362 Denny Way"}, "geometry": {"type": "Point", "coordinates": [-122.3493921, 47.618759]}}, {"type": "Feature", "properties": {"id": 2968333233, "name": "Mud Bay", "category": "pet", "tags": ["pet"], "sources": ["osm", "overture"], "website": "https://www.mudbay.com/on/demandware.store/Sites-MudBay-Site/default/Stores-StoreDetails?storeID=025", "phone": "+12067282405", "address": "2119 1st Ave", "stations": [{"stopCode": 50, "lines": "1,2", "name": "Westlake Station", "walkingMeters": 760, "walkingSeconds": 550, "band": 10}, {"stopCode": 51, "lines": "1,2", "name": "Symphony Station", "walkingMeters": 962, "walkingSeconds": 692, "band": 15}]}, "geometry": {"type": "Point", "coordinates": [-122.3446315, 47.6120696]}}, {"type": "Feature", "properties": {"id": "d5ba401f-b85e-425d-86cb-31b018cf8f3d", "name": "Free People", "category": "clothes", "tags": ["clothes", "womens"], "sources": ["overture"], "website": "https://www.freepeople.com", "phone": "12064413659", "address": "101 Stewart St", "stations": [{"stopCode": 50, "lines": "1,2", "name": "Westlake Station", "walkingMeters": 414, "walkingSeconds": 302, "band": 5}, {"stopCode": 51, "lines": "1,2", "name": "Symphony Station", "walkingMeters": 616, "walkingSeconds": 444, "band": 10}]}, "geometry": {"type": "Point", "coordinates": [-122.340889, 47.610321]}}, {"type": "Feature", "properties": {"id": 1953267840, "name": "Patagonia", "category": "clothes", "tags": ["clothes"], "sources": ["osm"], "website": "https://www.patagonia.com/", "phone": "+1-206-622-9700", "address": "2100 1st Avenue", "hours": "Mo-Sa 10:00-19:00; Su 10:00-18:00", "stations": [{"stopCode": 50, "lines": "1,2", "name": "Westlake Station", "walkingMeters": 697, "walkingSeconds": 506, "band": 10}, {"stopCode": 51, "lines": "1,2", "name": "Symphony Station", "walkingMeters": 899, "walkingSeconds": 647, "band": 15}]}, "geometry": {"type": "Point", "coordinates": [-122.343901, 47.6120336]}}, {"type": "Feature", "properties": {"id": 1964712416, "name": "City Foods", "category": "supermarket", "tags": ["supermarket"], "sources": ["osm", "overture"], "website": "http://www.seattle.gov/light/aboutus", "phone": "+12067282275", "address": "2522 5th Ave", "hours": "Mo-Fr 07:00-24:00; Sa-Su 08:00-24:00", "stations": [{"stopCode": 50, "lines": "1,2", "name": "Westlake Station", "walkingMeters": 1024, "walkingSeconds": 741, "band": 15}]}, "geometry": {"type": "Point", "coordinates": [-122.345931, 47.6179284]}}, {"type": "Feature", "properties": {"id": 2169291688, "name": "Maggie's Shoes", "category": "shoes", "tags": ["shoes", "shoe"], "sources": ["osm", "overture"], "website": "http://www.maggiesshoes.net/", "phone": "+12067285837", "address": "1927 1st Ave", "hours": "Mo-Sa 10:00-18:00", "stations": [{"stopCode": 50, "lines": "1,2", "name": "Westlake Station", "walkingMeters": 528, "walkingSeconds": 384, "band": 10}, {"stopCode": 51, "lines": "1,2", "name": "Symphony Station", "walkingMeters": 730, "walkingSeconds": 525, "band": 10}]}, "geometry": {"type": "Point", "coordinates": [-122.3423498, 47.610732]}}, {"type": "Feature", "properties": {"id": 2169291696, "name": "Pike & Western Wine Shop", "category": "deli", "tags": ["deli"], "sources": ["osm"], "website": "https://www.pikeandwestern.com/", "phone": "+1-206-441-1307", "address": "1934 Pike Place", "hours": "Mo-Fr 10:00-18:20; Sa 09:30-18:00; Su 12:00-17:00", "stations": [{"stopCode": 50, "lines": "1,2", "name": "Westlake Station", "walkingMeters": 602, "walkingSeconds": 437, "band": 10}, {"stopCode": 51, "lines": "1,2", "name": "Symphony Station", "walkingMeters": 764, "walkingSeconds": 549, "band": 10}]}, "geometry": {"type": "Point", "coordinates": [-122.343231, 47.6104018]}}, {"type": "Feature", "properties": {"id": 2169291734, "name": "Zebraclub Stores", "category": "clothes", "tags": ["clothes"], "sources": ["osm"], "website": "https://shop.zebraclub.com/", "phone": "+1-206-448-7452", "hours": "Mo-Sa 10:00-19:00; Su 11:00-18:00", "stations": [{"stopCode": 50, "lines": "1,2", "name": "Westlake Station", "walkingMeters": 459, "walkingSeconds": 334, "band": 10}, {"stopCode": 51, "lines": "1,2", "name": "Symphony Station", "walkingMeters": 660, "walkingSeconds": 475, "band": 10}]}, "geometry": {"type": "Point", "coordinates": [-122.3416588, 47.6103145]}}, {"type": "Feature", "properties": {"id": 6781330674, "name": "H Mart", "category": "supermarket", "tags": ["supermarket", "asian"], "sources": ["osm", "overture"], "website": "https://nj.hmart.com/", "phone": "+12068299296", "address": "1601 2nd Ave", "hours": "Mo-Sa 08:00-21:30; Su 08:00-21:00", "stations": [{"stopCode": 50, "lines": "1,2", "name": "Westlake Station", "walkingMeters": 308, "walkingSeconds": 226, "band": 5}, {"stopCode": 51, "lines": "1,2", "name": "Symphony Station", "walkingMeters": 510, "walkingSeconds": 369, "band": 10}]}, "geometry": {"type": "Point", "coordinates": [-122.3402469, 47.6103093]}}, {"type": "Feature", "properties": {"id": 2326560211, "name": "Winston W\u00e4chter Fine Art", "category": "art", "tags": ["art", "gallery"], "sources": ["osm", "overture"], "website": "http://www.winstonwachter.com", "phone": "+12066525855", "address": "203 Dexter Ave N", "hours": "10:00-17:00", "stations": [{"stopCode": 50, "lines": "1,2", "name": "Westlake Station", "walkingMeters": 1150, "walkingSeconds": 829, "band": 15}]}, "geometry": {"type": "Point", "coordinates": [-122.3426499, 47.6198957]}}, {"type": "Feature", "properties": {"id": 2327596780, "name": "Christinna's Bridal", "category": "clothes", "tags": ["clothes"], "sources": ["osm"], "address": "2617 5th Avenue", "stations": [{"stopCode": 50, "lines": "1,2", "name": "Westlake Station", "walkingMeters": 1098, "walkingSeconds": 790, "band": 15}]}, "geometry": {"type": "Point", "coordinates": [-122.3469969, 47.6181342]}}, {"type": "Feature", "properties": {"id": 2327596965, "name": "Zik Seattle Smoke", "category": "tobacco", "tags": ["tobacco"], "sources": ["osm", "overture"], "website": "http://ziksmokeshopseattle.com/", "phone": "+12064292749", "address": "419 Cedar St", "hours": "Mo-Th,Su 09:30-21:30; Fr-Sa 09:30-22:30", "stations": [{"stopCode": 50, "lines": "1,2", "name": "Westlake Station", "walkingMeters": 1140, "walkingSeconds": 820, "band": 15}]}, "geometry": {"type": "Point", "coordinates": [-122.347274, 47.6181923]}}, {"type": "Feature", "properties": {"id": 2327625172, "name": "Lux", "category": "cannabis", "tags": ["cannabis"], "sources": ["osm"], "address": "114 Vine Street", "stations": [{"stopCode": 50, "lines": "1,2", "name": "Westlake Station", "walkingMeters": 1251, "walkingSeconds": 903, "band": 15}]}, "geometry": {"type": "Point", "coordinates": [-122.349281, 47.6157264]}}, {"type": "Feature", "properties": {"id": 2327625256, "name": "Floral Masters", "category": "florist", "tags": ["florist"], "sources": ["osm", "overture"], "website": "https://www.floralmasters.net", "phone": "12064411122", "address": "2601 2nd Ave", "stations": [{"stopCode": 50, "lines": "1,2", "name": "Westlake Station", "walkingMeters": 1231, "walkingSeconds": 889, "band": 15}]}, "geometry": {"type": "Point", "coordinates": [-122.3491763, 47.6158971]}}, {"type": "Feature", "properties": {"id": 2327652032, "name": "Belltown Market", "category": "convenience", "tags": ["convenience", "supermarket"], "sources": ["osm", "overture"], "website": "https://belltowncourtresidents.buildinglink.com/v2/global/login/login.aspx?&ReturnUrl=&ts=637095464748029302", "phone": "+12064439433", "address": "2424 1st Ave", "hours": "Mo-We,Su 07:00-24:00; Th-Sa 07:00-02:00", "stations": [{"stopCode": 50, "lines": "1,2", "name": "Westlake Station", "walkingMeters": 1158, "walkingSeconds": 837, "band": 15}]}, "geometry": {"type": "Point", "coordinates": [-122.3483956, 47.6147246]}}, {"type": "Feature", "properties": {"id": 2327652067, "name": "Vine Street Foods", "category": "alcohol", "tags": ["alcohol"], "sources": ["osm"], "address": "2519 5th Avenue", "stations": [{"stopCode": 50, "lines": "1,2", "name": "Westlake Station", "walkingMeters": 1012, "walkingSeconds": 728, "band": 15}]}, "geometry": {"type": "Point", "coordinates": [-122.3461923, 47.617663]}}, {"type": "Feature", "properties": {"id": 2327716493, "name": "Belltown Tobacco", "category": "tobacco", "tags": ["tobacco"], "sources": ["osm"], "address": "2200 1st Avenue", "stations": [{"stopCode": 50, "lines": "1,2", "name": "Westlake Station", "walkingMeters": 829, "walkingSeconds": 600, "band": 10}, {"stopCode": 51, "lines": "1,2", "name": "Symphony Station", "walkingMeters": 1031, "walkingSeconds": 742, "band": 15}]}, "geometry": {"type": "Point", "coordinates": [-122.345208, 47.6127852]}}, {"type": "Feature", "properties": {"id": 2327716563, "name": "Urban Jungle", "category": "florist", "tags": ["florist"], "sources": ["osm"], "website": "https://urbanjungleplantshop.com/", "address": "2224 1st Avenue", "stations": [{"stopCode": 50, "lines": "1,2", "name": "Westlake Station", "walkingMeters": 899, "walkingSeconds": 651, "band": 15}, {"stopCode": 51, "lines": "1,2", "name": "Symphony Station", "walkingMeters": 1101, "walkingSeconds": 792, "band": 15}]}, "geometry": {"type": "Point", "coordinates": [-122.3458748, 47.6131913]}}, {"type": "Feature", "properties": {"id": 2327716589, "name": "Karan Dannenberg", "category": "clothes", "tags": ["clothes"], "sources": ["osm"], "address": "2232 1st Avenue", "stations": [{"stopCode": 50, "lines": "1,2", "name": "Westlake Station", "walkingMeters": 923, "walkingSeconds": 668, "band": 15}, {"stopCode": 51, "lines": "1,2", "name": "Symphony Station", "walkingMeters": 1125, "walkingSeconds": 809, "band": 15}]}, "geometry": {"type": "Point", "coordinates": [-122.346113, 47.6133323]}}, {"type": "Feature", "properties": {"id": 2327716623, "name": "2nd Avenue Grocery", "category": "convenience", "tags": ["convenience", "supermarket"], "sources": ["osm", "overture"], "phone": "+12067282268", "address": "2237 2nd Ave", "stations": [{"stopCode": 50, "lines": "1,2", "name": "Westlake Station", "walkingMeters": 882, "walkingSeconds": 638, "band": 15}, {"stopCode": 51, "lines": "1,2", "name": "Symphony Station", "walkingMeters": 1087, "walkingSeconds": 784, "band": 15}]}, "geometry": {"type": "Point", "coordinates": [-122.34564, 47.613843]}}, {"type": "Feature", "properties": {"id": 2327722996, "name": "Have a Heart", "category": "cannabis", "tags": ["cannabis", "clinic"], "sources": ["osm", "overture"], "website": "http://haveaheartcc.com/belltown", "phone": "+12065882436", "address": "115 Blanchard St", "stations": [{"stopCode": 50, "lines": "1,2", "name": "Westlake Station", "walkingMeters": 784, "walkingSeconds": 568, "band": 10}, {"stopCode": 51, "lines": "1,2", "name": "Symphony Station", "walkingMeters": 989, "walkingSeconds": 713, "band": 15}]}, "geometry": {"type": "Point", "coordinates": [-122.3445203, 47.6129454]}}, {"type": "Feature", "properties": {"id": 2327723046, "name": "Gallery Mack", "category": "art", "tags": ["art", "gallery"], "sources": ["osm", "overture"], "website": "http://www.gallerymack.com/", "phone": "+12064481616", "address": "2100 Western Ave", "stations": [{"stopCode": 50, "lines": "1,2", "name": "Westlake Station", "walkingMeters": 764, "walkingSeconds": 554, "band": 10}, {"stopCode": 51, "lines": "1,2", "name": "Symphony Station", "walkingMeters": 926, "walkingSeconds": 666, "band": 15}]}, "geometry": {"type": "Point", "coordinates": [-122.344784, 47.6113199]}}, {"type": "Feature", "properties": {"id": 2327723051, "name": "Urban Hardwoods", "category": "furniture", "tags": ["furniture"], "sources": ["osm"], "address": "2101 1st Avenue", "stations": [{"stopCode": 50, "lines": "1,2", "name": "Westlake Station", "walkingMeters": 717, "walkingSeconds": 520, "band": 10}, {"stopCode": 51, "lines": "1,2", "name": "Symphony Station", "walkingMeters": 919, "walkingSeconds": 661, "band": 15}]}, "geometry": {"type": "Point", "coordinates": [-122.3441808, 47.61181]}}, {"type": "Feature", "properties": {"id": 2327723124, "name": "Northwest Woodworkers Gallery", "category": "furniture", "tags": ["furniture"], "sources": ["osm"], "website": "nwwoodgallery.com", "address": "2105 1st Avenue", "stations": [{"stopCode": 50, "lines": "1,2", "name": "Westlake Station", "walkingMeters": 726, "walkingSeconds": 526, "band": 10}, {"stopCode": 51, "lines": "1,2", "name": "Symphony Station", "walkingMeters": 927, "walkingSeconds": 667, "band": 15}]}, "geometry": {"type": "Point", "coordinates": [-122.3442854, 47.6118689]}}, {"type": "Feature", "properties": {"id": 2327723205, "name": "Federal Army & Navy Surplus", "category": "outdoor", "tags": ["outdoor"], "sources": ["osm"], "website": "https://www.gr8gear.com/", "phone": "+1-206-443-1818", "address": "2112 1st Avenue", "hours": "Mo-Sa 09:30-18:00; Su 11:00-17:00; PH off", "stations": [{"stopCode": 50, "lines": "1,2", "name": "Westlake Station", "walkingMeters": 745, "walkingSeconds": 540, "band": 10}, {"stopCode": 51, "lines": "1,2", "name": "Symphony Station", "walkingMeters": 947, "walkingSeconds": 681, "band": 15}]}, "geometry": {"type": "Point", "coordinates": [-122.344339, 47.6122902]}}, {"type": "Feature", "properties": {"id": 2327723392, "name": "Alhambra", "category": "clothes", "tags": ["clothes"], "sources": ["osm"], "website": "https://www.alhambrastyle.com", "address": "2127 1st Avenue", "stations": [{"stopCode": 50, "lines": "1,2", "name": "Westlake Station", "walkingMeters": 815, "walkingSeconds": 590, "band": 10}, {"stopCode": 51, "lines": "1,2", "name": "Symphony Station", "walkingMeters": 1017, "walkingSeconds": 731, "band": 15}]}, "geometry": {"type": "Point", "coordinates": [-122.3451985, 47.612383]}}, {"type": "Feature", "properties": {"id": 2327732012, "name": "Lino Tagliapietra Inc", "category": "art", "tags": ["art", "gallery"], "sources": ["osm", "overture"], "website": "https://linotagliapietra.com", "phone": "12064204867", "address": "2006 2nd Ave", "stations": [{"stopCode": 50, "lines": "1,2", "name": "Westlake Station", "walkingMeters": 526, "walkingSeconds": 383, "band": 10}, {"stopCode": 51, "lines": "1,2", "name": "Symphony Station", "walkingMeters": 732, "walkingSeconds": 529, "band": 10}]}, "geometry": {"type": "Point", "coordinates": [-122.341968, 47.6120869]}}, {"type": "Feature", "properties": {"id": 2397446912, "name": "Market Grocery & Deli", "category": "convenience", "tags": ["convenience", "supermarket"], "sources": ["osm", "overture"], "website": "https://www.marketgrocery.com", "phone": "(206) 441-6086", "address": "2003 1st Ave", "stations": [{"stopCode": 50, "lines": "1,2", "name": "Westlake Station", "walkingMeters": 590, "walkingSeconds": 428, "band": 10}, {"stopCode": 51, "lines": "1,2", "name": "Symphony Station", "walkingMeters": 792, "walkingSeconds": 569, "band": 10}]}, "geometry": {"type": "Point", "coordinates": [-122.342946, 47.6110795]}}, {"type": "Feature", "properties": {"id": 2397446939, "name": "Happy Days & Funny Nights", "category": "gift", "tags": ["gift"], "sources": ["osm"], "address": "98 Virginia Street", "stations": [{"stopCode": 50, "lines": "1,2", "name": "Westlake Station", "walkingMeters": 590, "walkingSeconds": 428, "band": 10}, {"stopCode": 51, "lines": "1,2", "name": "Symphony Station", "walkingMeters": 791, "walkingSeconds": 569, "band": 10}]}, "geometry": {"type": "Point", "coordinates": [-122.3429223, 47.6110114]}}, {"type": "Feature", "properties": {"id": 2397461002, "name": "Post Alley Kids", "category": "clothes", "tags": ["clothes", "childrens"], "sources": ["osm", "overture"], "website": "http://www.ferrytaleskids.com", "phone": "+12066340580", "address": "1902 Post Alley", "stations": [{"stopCode": 50, "lines": "1,2", "name": "Westlake Station", "walkingMeters": 487, "walkingSeconds": 354, "band": 10}, {"stopCode": 51, "lines": "1,2", "name": "Symphony Station", "walkingMeters": 670, "walkingSeconds": 482, "band": 10}]}, "geometry": {"type": "Point", "coordinates": [-122.3418708, 47.6100982]}}, {"type": "Feature", "properties": {"id": 2397461015, "name": "Experience Craft Beer & Tobacco", "category": "tobacco", "tags": ["tobacco"], "sources": ["osm", "overture"], "phone": "+12064417919", "address": "1911 1st Ave", "stations": [{"stopCode": 50, "lines": "1,2", "name": "Westlake Station", "walkingMeters": 480, "walkingSeconds": 349, "band": 10}, {"stopCode": 51, "lines": "1,2", "name": "Symphony Station", "walkingMeters": 681, "walkingSeconds": 490, "band": 10}]}, "geometry": {"type": "Point", "coordinates": [-122.3418598, 47.610448]}}, {"type": "Feature", "properties": {"id": 2397461021, "name": "Harris/Harvey Gallery", "category": "art", "tags": ["art", "gallery"], "sources": ["osm", "overture"], "website": "http://www.harrisharveygallery.com/", "phone": "+12064433315", "address": "1915 1st Ave", "stations": [{"stopCode": 50, "lines": "1,2", "name": "Westlake Station", "walkingMeters": 488, "walkingSeconds": 355, "band": 10}, {"stopCode": 51, "lines": "1,2", "name": "Symphony Station", "walkingMeters": 690, "walkingSeconds": 496, "band": 10}]}, "geometry": {"type": "Point", "coordinates": [-122.3419567, 47.6104922]}}, {"type": "Feature", "properties": {"id": 2397481341, "name": "Design Within Reach", "category": "furniture", "tags": ["furniture"], "sources": ["osm", "overture"], "website": "https://www.dwr.com/store?StoreId=33&lang=en_US", "phone": "+12064439900", "address": "1918 1st Ave", "hours": "Mo-Sa 10:00-18:00; Su 11:00-17:00", "stations": [{"stopCode": 50, "lines": "1,2", "name": "Westlake Station", "walkingMeters": 496, "walkingSeconds": 361, "band": 10}, {"stopCode": 51, "lines": "1,2", "name": "Symphony Station", "walkingMeters": 698, "walkingSeconds": 502, "band": 10}]}, "geometry": {"type": "Point", "coordinates": [-122.3418715, 47.610818]}}, {"type": "Feature", "properties": {"id": 2397481355, "name": "Herman Miller", "category": "furniture", "tags": ["furniture"], "sources": ["osm"], "address": "1924 1st Avenue", "stations": [{"stopCode": 50, "lines": "1,2", "name": "Westlake Station", "walkingMeters": 516, "walkingSeconds": 375, "band": 10}, {"stopCode": 51, "lines": "1,2", "name": "Symphony Station", "walkingMeters": 717, "walkingSeconds": 516, "band": 10}]}, "geometry": {"type": "Point", "coordinates": [-122.3420672, 47.610932]}}, {"type": "Feature", "properties": {"id": 2397481360, "name": "Jackstraw", "category": "clothes", "tags": ["clothes"], "sources": ["osm"], "address": "1930 1st Avenue", "stations": [{"stopCode": 50, "lines": "1,2", "name": "Westlake Station", "walkingMeters": 522, "walkingSeconds": 380, "band": 10}, {"stopCode": 51, "lines": "1,2", "name": "Symphony Station", "walkingMeters": 724, "walkingSeconds": 521, "band": 10}]}, "geometry": {"type": "Point", "coordinates": [-122.3421334, 47.6109709]}}, {"type": "Feature", "properties": {"id": 2397481383, "name": "Natural Home", "category": "clothes", "tags": ["clothes"], "sources": ["osm"], "address": "1936 1st Avenue", "stations": [{"stopCode": 50, "lines": "1,2", "name": "Westlake Station", "walkingMeters": 540, "walkingSeconds": 392, "band": 10}, {"stopCode": 51, "lines": "1,2", "name": "Symphony Station", "walkingMeters": 742, "walkingSeconds": 534, "band": 10}]}, "geometry": {"type": "Point", "coordinates": [-122.3423079, 47.6110813]}}, {"type": "Feature", "properties": {"id": 2397485929, "name": "MUTO", "category": "gift", "tags": ["gift"], "sources": ["osm"], "website": "https://muto.shop", "address": "1610 1st Avenue", "stations": [{"stopCode": 50, "lines": "1,2", "name": "Westlake Station", "walkingMeters": 402, "walkingSeconds": 293, "band": 5}, {"stopCode": 51, "lines": "1,2", "name": "Symphony Station", "walkingMeters": 604, "walkingSeconds": 435, "band": 10}]}, "geometry": {"type": "Point", "coordinates": [-122.3410632, 47.6102104]}}, {"type": "Feature", "properties": {"id": 217604438, "name": "Stadium Market", "category": "convenience", "tags": ["convenience"], "sources": ["osm"], "address": "620 Denny Way", "stations": [{"stopCode": 50, "lines": "1,2", "name": "Westlake Station", "walkingMeters": 1101, "walkingSeconds": 794, "band": 15}]}, "geometry": {"type": "Point", "coordinates": [-122.3440642, 47.6189111]}}, {"type": "Feature", "properties": {"id": 2636174819, "name": "Mello Fellos Bike Shop", "category": "bicycle", "tags": ["bicycle"], "sources": ["osm"], "website": "https://mellofellos.com", "address": "2151 6th Avenue", "hours": "Mo-Fr 10:00-18:00; Sa 10:00-17:00; Su 12:00-17:00", "stations": [{"stopCode": 50, "lines": "1,2", "name": "Westlake Station", "walkingMeters": 626, "walkingSeconds": 453, "band": 10}, {"stopCode": 51, "lines": "1,2", "name": "Symphony Station", "walkingMeters": 1141, "walkingSeconds": 823, "band": 15}]}, "geometry": {"type": "Point", "coordinates": [-122.340924, 47.6157111]}}, {"type": "Feature", "properties": {"id": 2788555886, "name": "The Cheese Cellar", "category": "deli", "tags": ["deli"], "sources": ["osm"]}, "geometry": {"type": "Point", "coordinates": [-122.3487496, 47.6189415]}}, {"type": "Feature", "properties": {"id": 2968324137, "name": "Scott Chreist Gallery", "category": "art", "tags": ["art"], "sources": ["osm"], "stations": [{"stopCode": 50, "lines": "1,2", "name": "Westlake Station", "walkingMeters": 574, "walkingSeconds": 417, "band": 10}, {"stopCode": 51, "lines": "1,2", "name": "Symphony Station", "walkingMeters": 776, "walkingSeconds": 558, "band": 10}]}, "geometry": {"type": "Point", "coordinates": [-122.3426437, 47.611267]}}, {"type": "Feature", "properties": {"id": 2968333035, "name": "Tune", "category": "electronics", "tags": ["electronics"], "sources": ["osm"], "hours": "We-Sa 11:00-18:00", "stations": [{"stopCode": 50, "lines": "1,2", "name": "Westlake Station", "walkingMeters": 782, "walkingSeconds": 566, "band": 10}, {"stopCode": 51, "lines": "1,2", "name": "Symphony Station", "walkingMeters": 984, "walkingSeconds": 708, "band": 15}]}, "geometry": {"type": "Point", "coordinates": [-122.3448595, 47.6121954]}}, {"type": "Feature", "properties": {"id": 3462244646, "name": "Abyssinia Market", "category": "convenience", "tags": ["convenience", "wheelchair-accessible", "supermarket"], "sources": ["osm", "overture"], "website": "http://www.agr.wa.gov", "phone": "+12068560686", "address": "2225 4th Ave", "hours": "Mo-Th 06:30-24:00; Fr 06:30-02:00; Sa 07:00-02:00; Su 07:00-24:00", "stations": [{"stopCode": 50, "lines": "1,2", "name": "Westlake Station", "walkingMeters": 748, "walkingSeconds": 538, "band": 10}, {"stopCode": 51, "lines": "1,2", "name": "Symphony Station", "walkingMeters": 1106, "walkingSeconds": 795, "band": 15}]}, "geometry": {"type": "Point", "coordinates": [-122.3439579, 47.6151537]}}, {"type": "Feature", "properties": {"id": 4287062129, "name": "The Souk Mid East Grocery & Gifts", "category": "convenience", "tags": ["convenience"], "sources": ["osm"], "hours": "Mo-Su 10:00-18:00", "stations": [{"stopCode": 50, "lines": "1,2", "name": "Westlake Station", "walkingMeters": 548, "walkingSeconds": 398, "band": 10}, {"stopCode": 51, "lines": "1,2", "name": "Symphony Station", "walkingMeters": 710, "walkingSeconds": 510, "band": 10}]}, "geometry": {"type": "Point", "coordinates": [-122.342658, 47.6101084]}}, {"type": "Feature", "properties": {"id": 4439632890, "name": "Site 17 Grocery & Deli", "category": "convenience", "tags": ["convenience", "deli", "delicatessen"], "sources": ["osm", "overture"], "website": "http://site17.com/main.html?www.associationvoice.com=", "phone": "(206) 441-5484", "address": "2500 Western Ave", "hours": "08:00-24:00", "stations": [{"stopCode": 50, "lines": "1,2", "name": "Westlake Station", "walkingMeters": 1252, "walkingSeconds": 905, "band": 15}]}, "geometry": {"type": "Point", "coordinates": [-122.349649, 47.6142021]}}, {"type": "Feature", "properties": {"id": 4639109923, "name": "Steinbrueck Native Gallery", "category": "art", "tags": ["art", "gallery"], "sources": ["osm", "overture"], "website": "http://www.steinbruecknativegallery.com", "phone": "+12064413821", "address": "2030 Western Ave", "stations": [{"stopCode": 50, "lines": "1,2", "name": "Westlake Station", "walkingMeters": 736, "walkingSeconds": 534, "band": 10}, {"stopCode": 51, "lines": "1,2", "name": "Symphony Station", "walkingMeters": 898, "walkingSeconds": 646, "band": 15}]}, "geometry": {"type": "Point", "coordinates": [-122.3445234, 47.6111628]}}, {"type": "Feature", "properties": {"id": 4919957821, "name": "The Tasting Room", "category": "wine", "tags": ["wine"], "sources": ["osm"], "website": "http://www.tastingroomseattle.com", "phone": "+1-206-770-9463", "address": "1924 Post Alley", "stations": [{"stopCode": 50, "lines": "1,2", "name": "Westlake Station", "walkingMeters": 549, "walkingSeconds": 399, "band": 10}, {"stopCode": 51, "lines": "1,2", "name": "Symphony Station", "walkingMeters": 732, "walkingSeconds": 526, "band": 10}]}, "geometry": {"type": "Point", "coordinates": [-122.3424401, 47.6104974]}}, {"type": "Feature", "properties": {"id": 5599447924, "name": "Singles Going Steady", "category": "music", "tags": ["music"], "sources": ["osm"], "phone": "+1-206-441-7396", "address": "2219 2nd Avenue", "stations": [{"stopCode": 50, "lines": "1,2", "name": "Westlake Station", "walkingMeters": 842, "walkingSeconds": 609, "band": 15}, {"stopCode": 51, "lines": "1,2", "name": "Symphony Station", "walkingMeters": 1047, "walkingSeconds": 755, "band": 15}]}, "geometry": {"type": "Point", "coordinates": [-122.3452309, 47.6136182]}}, {"type": "Feature", "properties": {"id": 10606680297, "name": "Likelihood", "category": "shoes", "tags": ["shoes", "wheelchair-accessible"], "sources": ["osm"], "website": "https://www.likelihood.us/", "phone": "+1-206-257-0577", "address": "2201 7th Avenue", "hours": "Mo-Sa 10:00-18:00; Su 11:00-18:00", "stations": [{"stopCode": 50, "lines": "1,2", "name": "Westlake Station", "walkingMeters": 710, "walkingSeconds": 513, "band": 10}, {"stopCode": 51, "lines": "1,2", "name": "Symphony Station", "walkingMeters": 1225, "walkingSeconds": 883, "band": 15}]}, "geometry": {"type": "Point", "coordinates": [-122.3405142, 47.6166035]}}, {"type": "Feature", "properties": {"id": 11770580994, "name": "Base Camp Studios", "category": "art", "tags": ["art", "gallery"], "sources": ["osm", "overture"], "address": "2407 1st Ave", "stations": [{"stopCode": 50, "lines": "1,2", "name": "Westlake Station", "walkingMeters": 1138, "walkingSeconds": 822, "band": 15}]}, "geometry": {"type": "Point", "coordinates": [-122.3483523, 47.6142771]}}, {"type": "Feature", "properties": {"id": 11870262414, "name": "Rabecca Onassis Boutique", "category": "clothes", "tags": ["clothes", "womens"], "sources": ["osm", "overture"], "website": "http://rabeccaonassisboutique.com/", "phone": "+12067754318", "address": "2134 Western Ave UNIT 118", "stations": [{"stopCode": 50, "lines": "1,2", "name": "Westlake Station", "walkingMeters": 832, "walkingSeconds": 602, "band": 10}, {"stopCode": 51, "lines": "1,2", "name": "Symphony Station", "walkingMeters": 994, "walkingSeconds": 714, "band": 15}]}, "geometry": {"type": "Point", "coordinates": [-122.3454515, 47.6117454]}}, {"type": "Feature", "properties": {"id": 11890175940, "name": "Tower 12", "category": "deli", "tags": ["deli"], "sources": ["osm"], "address": "2001 2nd Avenue", "hours": "Mo-Fr 07:00-21:00; Sa,Su 08:30-21:00", "stations": [{"stopCode": 50, "lines": "1,2", "name": "Westlake Station", "walkingMeters": 522, "walkingSeconds": 379, "band": 10}, {"stopCode": 51, "lines": "1,2", "name": "Symphony Station", "walkingMeters": 727, "walkingSeconds": 525, "band": 10}]}, "geometry": {"type": "Point", "coordinates": [-122.3421049, 47.6117102]}}, {"type": "Feature", "properties": {"id": 11890389239, "name": "Ghosts", "category": "clothes", "tags": ["clothes", "second-hand"], "sources": ["osm"], "address": "2505 3rd Avenue", "stations": [{"stopCode": 50, "lines": "1,2", "name": "Westlake Station", "walkingMeters": 1077, "walkingSeconds": 774, "band": 15}]}, "geometry": {"type": "Point", "coordinates": [-122.3474691, 47.6160409]}}, {"type": "Feature", "properties": {"id": 11959406112, "name": "Mixed Pantry", "category": "convenience", "tags": ["convenience", "supermarket"], "sources": ["osm", "overture"], "website": "http://mixedpantry.market/", "phone": "+12067452206", "address": "2233 1st Ave", "hours": "We-Sa 11:00-19:00; Su 11:00-16:00", "stations": [{"stopCode": 50, "lines": "1,2", "name": "Westlake Station", "walkingMeters": 950, "walkingSeconds": 687, "band": 15}, {"stopCode": 51, "lines": "1,2", "name": "Symphony Station", "walkingMeters": 1151, "walkingSeconds": 828, "band": 15}]}, "geometry": {"type": "Point", "coordinates": [-122.3465257, 47.6131764]}}, {"type": "Feature", "properties": {"id": 331422721, "name": "Dan's Belltown Grocery", "category": "supermarket", "tags": ["supermarket", "wheelchair-accessible"], "sources": ["osm", "overture"], "website": "http://www.dansbelltown.com", "phone": "(206) 441-0220", "address": "2221 3rd Ave", "hours": "Mo-Th 06:30-24:00; Fr-Sa 06:30-02:00; Su 06:30-24:00", "stations": [{"stopCode": 50, "lines": "1,2", "name": "Westlake Station", "walkingMeters": 792, "walkingSeconds": 573, "band": 10}, {"stopCode": 51, "lines": "1,2", "name": "Symphony Station", "walkingMeters": 998, "walkingSeconds": 720, "band": 15}]}, "geometry": {"type": "Point", "coordinates": [-122.3445015, 47.6141695]}}, {"type": "Feature", "properties": {"id": 332200721, "name": "Black Market Skateboards", "category": "sports", "tags": ["sports", "wheelchair-accessible"], "sources": ["osm"], "address": "2404 7th Avenue", "hours": "closed", "stations": [{"stopCode": 50, "lines": "1,2", "name": "Westlake Station", "walkingMeters": 980, "walkingSeconds": 708, "band": 15}]}, "geometry": {"type": "Point", "coordinates": [-122.3427204, 47.6184064]}}, {"type": "Feature", "properties": {"id": "4de9a04a-25a6-4df5-b351-2d135abe0fc1", "name": "H Market", "category": "convenience", "tags": ["convenience"], "sources": ["overture"], "phone": "+12067271234", "address": "201 5th Ave N"}, "geometry": {"type": "Point", "coordinates": [-122.3479996, 47.6199112]}}, {"type": "Feature", "properties": {"id": "a6d8884f-1a12-4031-98b7-316a7614f9de", "name": "Ralph's Grocery & Deli", "category": "supermarket", "tags": ["supermarket"], "sources": ["overture"], "phone": "2064410700", "address": "2035 4th Ave", "stations": [{"stopCode": 50, "lines": "1,2", "name": "Westlake Station", "walkingMeters": 536, "walkingSeconds": 400, "band": 10}, {"stopCode": 51, "lines": "1,2", "name": "Symphony Station", "walkingMeters": 977, "walkingSeconds": 729, "band": 10}]}, "geometry": {"type": "Point", "coordinates": [-122.3414078, 47.6135063]}}, {"type": "Feature", "properties": {"id": "604888ab-e3ef-45e0-8b7c-1607bc780310", "name": "Master Hoodies", "category": "clothes", "tags": ["clothes", "mens"], "sources": ["overture"], "address": "300 Lenora St PMB 798", "stations": [{"stopCode": 50, "lines": "1,2", "name": "Westlake Station", "walkingMeters": 607, "walkingSeconds": 453, "band": 10}, {"stopCode": 51, "lines": "1,2", "name": "Symphony Station", "walkingMeters": 1025, "walkingSeconds": 765, "band": 10}]}, "geometry": {"type": "Point", "coordinates": [-122.3422241, 47.613533]}}, {"type": "Feature", "properties": {"id": "0ed70640-e013-4a76-acaf-630a7f297bd5", "name": "1Love CBD", "category": "cannabis", "tags": ["cannabis", "clinic"], "sources": ["overture"], "website": "http://www.canavana.us/", "phone": "+12066596311", "stations": [{"stopCode": 50, "lines": "1,2", "name": "Westlake Station", "walkingMeters": 562, "walkingSeconds": 419, "band": 10}, {"stopCode": 51, "lines": "1,2", "name": "Symphony Station", "walkingMeters": 957, "walkingSeconds": 714, "band": 10}]}, "geometry": {"type": "Point", "coordinates": [-122.3420639, 47.6130257]}}, {"type": "Feature", "properties": {"id": "65b6da93-8086-4fcf-8d5c-7f94c0771ba4", "name": "Gem Center Northwest", "category": "jewelry", "tags": ["jewelry"], "sources": ["overture"], "website": "http://gemeast.com", "phone": "(206) 448-1800", "address": "2124 2nd Ave Ste 100", "stations": [{"stopCode": 50, "lines": "1,2", "name": "Westlake Station", "walkingMeters": 723, "walkingSeconds": 524, "band": 10}, {"stopCode": 51, "lines": "1,2", "name": "Symphony Station", "walkingMeters": 929, "walkingSeconds": 670, "band": 15}]}, "geometry": {"type": "Point", "coordinates": [-122.3439331, 47.6132469]}}, {"type": "Feature", "properties": {"id": "86286f89-a7d5-4163-a33e-a5c637e29404", "name": "Shop Seattle", "category": "gift", "tags": ["gift"], "sources": ["overture"], "website": "http://shopseattle.org", "phone": "(206) 419-0645", "address": "1919 3rd Ave", "stations": [{"stopCode": 50, "lines": "1,2", "name": "Westlake Station", "walkingMeters": 375, "walkingSeconds": 270, "band": 5}, {"stopCode": 51, "lines": "1,2", "name": "Symphony Station", "walkingMeters": 585, "walkingSeconds": 424, "band": 10}]}, "geometry": {"type": "Point", "coordinates": [-122.3405609, 47.6118774]}}, {"type": "Feature", "properties": {"id": "f40b4f46-dc17-4690-a949-9660619dfc5d", "name": "Orcas Paley", "category": "gift", "tags": ["gift"], "sources": ["overture"], "website": "http://orcaspaley.com", "phone": "12066796834", "address": "1914 2nd Ave", "stations": [{"stopCode": 50, "lines": "1,2", "name": "Westlake Station", "walkingMeters": 409, "walkingSeconds": 305, "band": 10}, {"stopCode": 51, "lines": "1,2", "name": "Symphony Station", "walkingMeters": 728, "walkingSeconds": 543, "band": 10}]}, "geometry": {"type": "Point", "coordinates": [-122.3409119, 47.6116142]}}, {"type": "Feature", "properties": {"id": "59c19e79-ba19-424a-9fad-d1cdec196b37", "name": "Royal Robbins", "category": "clothes", "tags": ["clothes"], "sources": ["overture"], "website": "https://www.royalrobbins.com", "phone": "12064660826", "address": "1601 2nd Ave", "stations": [{"stopCode": 50, "lines": "1,2", "name": "Westlake Station", "walkingMeters": 305, "walkingSeconds": 224, "band": 5}, {"stopCode": 51, "lines": "1,2", "name": "Symphony Station", "walkingMeters": 508, "walkingSeconds": 367, "band": 10}]}, "geometry": {"type": "Point", "coordinates": [-122.3403625, 47.6103592]}}, {"type": "Feature", "properties": {"id": "4a7cc6b8-a13b-4e85-a5f4-abf782118f8e", "name": "Great Jones Home", "category": "furniture", "tags": ["furniture"], "sources": ["overture"], "website": "http://www.greatjoneshome.com", "phone": "(206) 448-9405", "address": "1921 2nd Ave", "stations": [{"stopCode": 50, "lines": "1,2", "name": "Westlake Station", "walkingMeters": 447, "walkingSeconds": 325, "band": 10}, {"stopCode": 51, "lines": "1,2", "name": "Symphony Station", "walkingMeters": 652, "walkingSeconds": 471, "band": 10}]}, "geometry": {"type": "Point", "coordinates": [-122.3413925, 47.611248]}}, {"type": "Feature", "properties": {"id": "cbabeaec-5e27-48cb-8c37-63d7166ef39d", "name": "Baby & Company", "category": "clothes", "tags": ["clothes", "womens"], "sources": ["overture"], "website": "http://babyandco.us/", "phone": "2064484077", "address": "1936 1st Ave", "stations": [{"stopCode": 50, "lines": "1,2", "name": "Westlake Station", "walkingMeters": 575, "walkingSeconds": 429, "band": 10}, {"stopCode": 51, "lines": "1,2", "name": "Symphony Station", "walkingMeters": 792, "walkingSeconds": 591, "band": 10}]}, "geometry": {"type": "Point", "coordinates": [-122.3425674, 47.6110535]}}, {"type": "Feature", "properties": {"id": "227fa682-e83c-4ba2-9fce-fe30f12da7b5", "name": "The Futon Shop", "category": "furniture", "tags": ["furniture"], "sources": ["overture"], "website": "https://www.thefutonshop.com/the-futon-shop-seattle/", "phone": "+14254704001", "address": "1932 1st Ave", "stations": [{"stopCode": 50, "lines": "1,2", "name": "Westlake Station", "walkingMeters": 544, "walkingSeconds": 395, "band": 10}, {"stopCode": 51, "lines": "1,2", "name": "Symphony Station", "walkingMeters": 746, "walkingSeconds": 536, "band": 10}]}, "geometry": {"type": "Point", "coordinates": [-122.3423691, 47.611084]}}, {"type": "Feature", "properties": {"id": "593243d7-6591-4c7c-b187-c875ac1c99e5", "name": "Curran", "category": "furniture", "tags": ["furniture"], "sources": ["overture"], "website": "http://www.curranonline.com", "phone": "12064412721", "address": "1932 1st Ave  Ste 800", "stations": [{"stopCode": 50, "lines": "1,2", "name": "Westlake Station", "walkingMeters": 538, "walkingSeconds": 401, "band": 10}, {"stopCode": 51, "lines": "1,2", "name": "Symphony Station", "walkingMeters": 765, "walkingSeconds": 571, "band": 10}]}, "geometry": {"type": "Point", "coordinates": [-122.3421936, 47.6110764]}}, {"type": "Feature", "properties": {"id": "d1eab3e2-7d9f-47db-bc5d-8211ef423b2e", "name": "Peter Miller - Architectural & Design Books and Supplies", "category": "books", "tags": ["books"], "sources": ["overture"], "website": "http://www.petermiller.com", "phone": "(206) 441-4114", "address": "2326 2nd Ave", "stations": [{"stopCode": 50, "lines": "1,2", "name": "Westlake Station", "walkingMeters": 533, "walkingSeconds": 388, "band": 10}, {"stopCode": 51, "lines": "1,2", "name": "Symphony Station", "walkingMeters": 735, "walkingSeconds": 529, "band": 10}]}, "geometry": {"type": "Point", "coordinates": [-122.3422546, 47.6110268]}}, {"type": "Feature", "properties": {"id": "fa22d2c5-2119-46a0-abc8-723ad33a07f6", "name": "Herman Miller Retail Store", "category": "furniture", "tags": ["furniture"], "sources": ["overture"], "website": "https://www.hermanmiller.com", "phone": "12065800214", "address": "1924 1st Ave  Ste 100", "stations": [{"stopCode": 50, "lines": "1,2", "name": "Westlake Station", "walkingMeters": 530, "walkingSeconds": 396, "band": 10}, {"stopCode": 51, "lines": "1,2", "name": "Symphony Station", "walkingMeters": 744, "walkingSeconds": 555, "band": 10}]}, "geometry": {"type": "Point", "coordinates": [-122.3420792, 47.6109467]}}, {"type": "Feature", "properties": {"id": "08fc145e-53a2-4428-a31c-c58934a762eb", "name": "Jack Straw Clothing", "category": "clothes", "tags": ["clothes"], "sources": ["overture"], "website": "http://jstraw.com/", "phone": "+12064626236", "address": "1930 1st Ave", "stations": [{"stopCode": 50, "lines": "1,2", "name": "Westlake Station", "walkingMeters": 521, "walkingSeconds": 379, "band": 10}, {"stopCode": 51, "lines": "1,2", "name": "Symphony Station", "walkingMeters": 723, "walkingSeconds": 520, "band": 10}]}, "geometry": {"type": "Point", "coordinates": [-122.3421555, 47.6109505]}}, {"type": "Feature", "properties": {"id": "6522627b-de63-4a05-8938-4fe1b48e54f7", "name": "Zebraclub", "category": "clothes", "tags": ["clothes"], "sources": ["overture"], "website": "http://www.zebraclub.com", "phone": "+12064487452", "address": "1901 1st Ave", "stations": [{"stopCode": 50, "lines": "1,2", "name": "Westlake Station", "walkingMeters": 454, "walkingSeconds": 330, "band": 10}, {"stopCode": 51, "lines": "1,2", "name": "Symphony Station", "walkingMeters": 656, "walkingSeconds": 472, "band": 10}]}, "geometry": {"type": "Point", "coordinates": [-122.3416061, 47.6102982]}}, {"type": "Feature", "properties": {"id": "e09e9295-bc1a-495d-bbcf-e0e44f70e2d0", "name": "Pike and Western Wine Shop", "category": "supermarket", "tags": ["supermarket"], "sources": ["overture"], "website": "http://www.pikeandwestern.com", "phone": "+12064411307", "address": "1934 Pike Pl", "stations": [{"stopCode": 50, "lines": "1,2", "name": "Westlake Station", "walkingMeters": 603, "walkingSeconds": 438, "band": 10}, {"stopCode": 51, "lines": "1,2", "name": "Symphony Station", "walkingMeters": 765, "walkingSeconds": 550, "band": 10}]}, "geometry": {"type": "Point", "coordinates": [-122.3432922, 47.6103706]}}, {"type": "Feature", "properties": {"id": "2b49f424-e6c8-44e2-b2ca-3923cea8954b", "name": "Aqua Star Usa Corp", "category": "supermarket", "tags": ["supermarket"], "sources": ["overture"], "address": "2025 1st Ave", "stations": [{"stopCode": 50, "lines": "1,2", "name": "Westlake Station", "walkingMeters": 687, "walkingSeconds": 513, "band": 10}, {"stopCode": 51, "lines": "1,2", "name": "Symphony Station", "walkingMeters": 925, "walkingSeconds": 690, "band": 15}]}, "geometry": {"type": "Point", "coordinates": [-122.3437653, 47.6115112]}}, {"type": "Feature", "properties": {"id": "deec0ad1-8668-4d80-be64-affbbe212853", "name": "Gian DeCaro Sartoria Custom Tailors & Shirtmakers", "category": "clothes", "tags": ["clothes"], "sources": ["overture"], "website": "http://www.giandecaro.com", "phone": "+12064482812", "address": "2025 1st Ave", "stations": [{"stopCode": 50, "lines": "1,2", "name": "Westlake Station", "walkingMeters": 698, "walkingSeconds": 521, "band": 10}, {"stopCode": 51, "lines": "1,2", "name": "Symphony Station", "walkingMeters": 940, "walkingSeconds": 701, "band": 15}]}, "geometry": {"type": "Point", "coordinates": [-122.3438797, 47.6115799]}}, {"type": "Feature", "properties": {"id": "a3149458-c32b-4fc5-8fd2-d9712dd5d7ae", "name": "Tully Coffee", "category": "supermarket", "tags": ["supermarket"], "sources": ["overture"], "website": "https://www.tullyscoffeeshops.com", "address": "2000 1st Ave", "stations": [{"stopCode": 50, "lines": "1,2", "name": "Westlake Station", "walkingMeters": 583, "walkingSeconds": 435, "band": 10}, {"stopCode": 51, "lines": "1,2", "name": "Symphony Station", "walkingMeters": 838, "walkingSeconds": 625, "band": 10}]}, "geometry": {"type": "Point", "coordinates": [-122.3426971, 47.6114616]}}, {"type": "Feature", "properties": {"id": "1f6f1afb-4194-4a00-b3d4-31a60113e03e", "name": "Tower 12 Cafe & Deli", "category": "deli", "tags": ["deli", "delicatessen"], "sources": ["overture"], "phone": "12064204515", "address": "2001 2nd Ave", "stations": [{"stopCode": 50, "lines": "1,2", "name": "Westlake Station", "walkingMeters": 537, "walkingSeconds": 390, "band": 10}, {"stopCode": 51, "lines": "1,2", "name": "Symphony Station", "walkingMeters": 742, "walkingSeconds": 536, "band": 10}]}, "geometry": {"type": "Point", "coordinates": [-122.3423004, 47.6116982]}}, {"type": "Feature", "properties": {"id": "6542c641-488f-445c-995c-609a505cd6bb", "name": "Continental Furniture", "category": "furniture", "tags": ["furniture"], "sources": ["overture"], "address": "2111 1st Ave", "stations": [{"stopCode": 50, "lines": "1,2", "name": "Westlake Station", "walkingMeters": 758, "walkingSeconds": 566, "band": 10}, {"stopCode": 51, "lines": "1,2", "name": "Symphony Station", "walkingMeters": 1017, "walkingSeconds": 759, "band": 15}]}, "geometry": {"type": "Point", "coordinates": [-122.3444748, 47.6119385]}}, {"type": "Feature", "properties": {"id": "45ad7f30-73f0-4388-9929-fb5096b772c0", "name": "Bang Office Interiors", "category": "furniture", "tags": ["furniture"], "sources": ["overture"], "website": "https://www.banginteriors.com", "phone": "2063882599", "address": "2125 Western Ave  Ste 488", "stations": [{"stopCode": 50, "lines": "1,2", "name": "Westlake Station", "walkingMeters": 858, "walkingSeconds": 640, "band": 10}, {"stopCode": 51, "lines": "1,2", "name": "Symphony Station", "walkingMeters": 1068, "walkingSeconds": 797, "band": 15}]}, "geometry": {"type": "Point", "coordinates": [-122.3455276, 47.6114807]}}, {"type": "Feature", "properties": {"id": "8a0a9a00-7801-454a-afc4-5375d5b66cbe", "name": "Orvis", "category": "clothes", "tags": ["clothes"], "sources": ["overture"], "website": "https://www.orvis.com", "phone": "12067170015", "address": "2101 1st Ave", "stations": [{"stopCode": 50, "lines": "1,2", "name": "Westlake Station", "walkingMeters": 724, "walkingSeconds": 525, "band": 10}, {"stopCode": 51, "lines": "1,2", "name": "Symphony Station", "walkingMeters": 926, "walkingSeconds": 666, "band": 15}]}, "geometry": {"type": "Point", "coordinates": [-122.3444595, 47.6117973]}}, {"type": "Feature", "properties": {"id": "034ab8bf-a3c2-40d9-a9d7-35307da30aa6", "name": "Cost Plus World Market", "category": "furniture", "tags": ["furniture"], "sources": ["overture"], "website": "https://www.worldmarket.com/stores/store?id=CP72", "phone": "+12064431055", "address": "2103 Western Ave", "stations": [{"stopCode": 50, "lines": "1,2", "name": "Westlake Station", "walkingMeters": 787, "walkingSeconds": 570, "band": 10}, {"stopCode": 51, "lines": "1,2", "name": "Symphony Station", "walkingMeters": 949, "walkingSeconds": 682, "band": 15}]}, "geometry": {"type": "Point", "coordinates": [-122.3451462, 47.6111565]}}, {"type": "Feature", "properties": {"id": "2dbdd825-5c3a-4bd3-8d6e-53938f981b70", "name": "Pacific Gem", "category": "jewelry", "tags": ["jewelry"], "sources": ["overture"], "website": "https://www.pacificgeminc.com", "phone": "+12064487700", "address": "2107 Elliott Ave Ste 209", "stations": [{"stopCode": 50, "lines": "1,2", "name": "Westlake Station", "walkingMeters": 864, "walkingSeconds": 645, "band": 10}, {"stopCode": 51, "lines": "1,2", "name": "Symphony Station", "walkingMeters": 1046, "walkingSeconds": 781, "band": 15}]}, "geometry": {"type": "Point", "coordinates": [-122.3455582, 47.6111336]}}, {"type": "Feature", "properties": {"id": "ca85f710-575c-46e0-b3d9-19194963ce5c", "name": "Sarah Jayne Jewelry", "category": "jewelry", "tags": ["jewelry"], "sources": ["overture"], "website": "https://sarahjaynejewelry.com", "address": "2107 Elliott Ave Ste 209", "stations": [{"stopCode": 50, "lines": "1,2", "name": "Westlake Station", "walkingMeters": 864, "walkingSeconds": 645, "band": 10}, {"stopCode": 51, "lines": "1,2", "name": "Symphony Station", "walkingMeters": 1046, "walkingSeconds": 781, "band": 15}]}, "geometry": {"type": "Point", "coordinates": [-122.3455582, 47.6111336]}}, {"type": "Feature", "properties": {"id": "6d0e1815-08ad-45cd-beaa-b1f617f3fa31", "name": "Buffalo Deli", "category": "deli", "tags": ["deli", "delicatessen"], "sources": ["overture"], "website": "http://www.thebuffalodeli.com/index.html", "phone": "(206) 728-8759", "address": "2123 1st Ave", "stations": [{"stopCode": 50, "lines": "1,2", "name": "Westlake Station", "walkingMeters": 785, "walkingSeconds": 586, "band": 10}, {"stopCode": 51, "lines": "1,2", "name": "Symphony Station", "walkingMeters": 1073, "walkingSeconds": 801, "band": 15}]}, "geometry": {"type": "Point", "coordinates": [-122.3446808, 47.6123924]}}, {"type": "Feature", "properties": {"id": "495f7a53-65b6-4298-8ca1-df58e1a9ae67", "name": "Wally's Grocery", "category": "supermarket", "tags": ["supermarket"], "sources": ["overture"], "phone": "+12067281366", "address": "2129 2nd Ave", "stations": [{"stopCode": 50, "lines": "1,2", "name": "Westlake Station", "walkingMeters": 820, "walkingSeconds": 593, "band": 10}, {"stopCode": 51, "lines": "1,2", "name": "Symphony Station", "walkingMeters": 1025, "walkingSeconds": 739, "band": 15}]}, "geometry": {"type": "Point", "coordinates": [-122.3442459, 47.6128464]}}, {"type": "Feature", "properties": {"id": "cbe1db48-6179-4ec7-b151-ea51d3a682f0", "name": "Robbins Brothers Fine Jewelers", "category": "jewelry", "tags": ["jewelry"], "sources": ["overture"], "website": "https://www.robbinsbrothers.com/seattle", "phone": "2068267464", "address": "2200 First Avenue", "stations": [{"stopCode": 50, "lines": "1,2", "name": "Westlake Station", "walkingMeters": 834, "walkingSeconds": 604, "band": 10}, {"stopCode": 51, "lines": "1,2", "name": "Symphony Station", "walkingMeters": 1036, "walkingSeconds": 745, "band": 15}]}, "geometry": {"type": "Point", "coordinates": [-122.345253, 47.6127853]}}, {"type": "Feature", "properties": {"id": "7d71de1d-6efa-43e1-b5d6-fb7f245f08e2", "name": "Cookies Sf Seattle", "category": "clothes", "tags": ["clothes", "mens"], "sources": ["overture"], "website": "cookies.store", "phone": "+12064533835", "address": "113 Blanchard St", "stations": [{"stopCode": 50, "lines": "1,2", "name": "Westlake Station", "walkingMeters": 795, "walkingSeconds": 593, "band": 10}, {"stopCode": 51, "lines": "1,2", "name": "Symphony Station", "walkingMeters": 1117, "walkingSeconds": 834, "band": 15}]}, "geometry": {"type": "Point", "coordinates": [-122.344635, 47.6129036]}}, {"type": "Feature", "properties": {"id": "4c0aac2f-cf47-4fed-9878-a0adc75ddea2", "name": "Piece Of Mind Belltown", "category": "tobacco", "tags": ["tobacco"], "sources": ["overture"], "website": "https://www.pieceofmind.net", "phone": "12064533835", "address": "113 Blanchard St", "stations": [{"stopCode": 50, "lines": "1,2", "name": "Westlake Station", "walkingMeters": 795, "walkingSeconds": 593, "band": 10}, {"stopCode": 51, "lines": "1,2", "name": "Symphony Station", "walkingMeters": 1117, "walkingSeconds": 834, "band": 15}]}, "geometry": {"type": "Point", "coordinates": [-122.344635, 47.6129036]}}, {"type": "Feature", "properties": {"id": "b5fb7f09-da75-4cdb-9640-e1a1b7c8f86e", "name": "Universal Standard", "category": "clothes", "tags": ["clothes", "womens"], "sources": ["overture"], "website": "http://www.universalstandard.com/", "phone": "2064031818", "address": "2228 1st Ave Ste 220", "stations": [{"stopCode": 50, "lines": "1,2", "name": "Westlake Station", "walkingMeters": 931, "walkingSeconds": 674, "band": 15}, {"stopCode": 51, "lines": "1,2", "name": "Symphony Station", "walkingMeters": 1133, "walkingSeconds": 815, "band": 15}]}, "geometry": {"type": "Point", "coordinates": [-122.3462753, 47.6132164]}}, {"type": "Feature", "properties": {"id": "cb3db5d4-1cdb-4943-acbb-0d1e3050e933", "name": "The Bear and the Bee", "category": "deli", "tags": ["deli", "delicatessen"], "sources": ["overture"], "website": "http://bearandthebeeseattle.com", "phone": "(206) 441-7255", "address": "2211 2nd Ave", "stations": [{"stopCode": 50, "lines": "1,2", "name": "Westlake Station", "walkingMeters": 871, "walkingSeconds": 650, "band": 15}, {"stopCode": 51, "lines": "1,2", "name": "Symphony Station", "walkingMeters": 1210, "walkingSeconds": 903, "band": 15}]}, "geometry": {"type": "Point", "coordinates": [-122.3452225, 47.6134262]}}, {"type": "Feature", "properties": {"id": "512f5722-d201-41e2-8ad3-85113eda76e4", "name": "L & G Venture Corporation", "category": "supermarket", "tags": ["supermarket"], "sources": ["overture"], "address": "2221 3rd Ave", "stations": [{"stopCode": 50, "lines": "1,2", "name": "Westlake Station", "walkingMeters": 847, "walkingSeconds": 632, "band": 10}, {"stopCode": 51, "lines": "1,2", "name": "Symphony Station", "walkingMeters": 1237, "walkingSeconds": 923, "band": 15}]}, "geometry": {"type": "Point", "coordinates": [-122.3445129, 47.6141701]}}, {"type": "Feature", "properties": {"id": "2b30ba72-f7c1-44f9-b80e-dfcedec660bd", "name": "Cascadia Restaurant", "category": "supermarket", "tags": ["supermarket"], "sources": ["overture"], "website": "https://www.cascadiarestaurant.com", "address": "2328 1st Ave", "stations": [{"stopCode": 50, "lines": "1,2", "name": "Westlake Station", "walkingMeters": 1096, "walkingSeconds": 818, "band": 15}, {"stopCode": 51, "lines": "1,2", "name": "Symphony Station", "walkingMeters": 1425, "walkingSeconds": 1063, "band": 15}]}, "geometry": {"type": "Point", "coordinates": [-122.3473511, 47.6140442]}}, {"type": "Feature", "properties": {"id": "57ee97c5-1087-42b6-9dea-6be4e778e1cd", "name": "Kuhlman", "category": "clothes", "tags": ["clothes"], "sources": ["overture"], "website": "http://kuhlmanseattle.com/", "phone": "+12064411999", "address": "2419 1st Ave", "stations": [{"stopCode": 50, "lines": "1,2", "name": "Westlake Station", "walkingMeters": 1162, "walkingSeconds": 840, "band": 15}]}, "geometry": {"type": "Point", "coordinates": [-122.3485413, 47.6143608]}}, {"type": "Feature", "properties": {"id": "12db7d0a-3108-42db-85e1-74ea347599dd", "name": "Hans International Llc", "category": "supermarket", "tags": ["supermarket"], "sources": ["overture"], "website": "http://www.hansinternational.com", "address": "2424 1st Ave", "stations": [{"stopCode": 50, "lines": "1,2", "name": "Westlake Station", "walkingMeters": 1231, "walkingSeconds": 919, "band": 15}]}, "geometry": {"type": "Point", "coordinates": [-122.3484497, 47.6147385]}}, {"type": "Feature", "properties": {"id": "954ddf16-e409-4b58-b55b-7e98d775830c", "name": "Lux Pot Shop Belltown", "category": "convenience", "tags": ["convenience"], "sources": ["overture"], "website": "https://luxpotshop.com/?utm_source=GMBlisting_belltown&utm_medium=organic", "phone": "2064417036", "address": "114 Vine St", "stations": [{"stopCode": 50, "lines": "1,2", "name": "Westlake Station", "walkingMeters": 1248, "walkingSeconds": 901, "band": 15}]}, "geometry": {"type": "Point", "coordinates": [-122.3491287, 47.6156883]}}, {"type": "Feature", "properties": {"id": "df2176dc-e8e6-4432-9587-0dab269b80fa", "name": "ExOfficio - Downtown Seattle", "category": "clothes", "tags": ["clothes"], "sources": ["overture"], "website": "http://www.exofficio.com", "phone": "(206) 283-4746", "address": "114 Vine St", "stations": [{"stopCode": 50, "lines": "1,2", "name": "Westlake Station", "walkingMeters": 1256, "walkingSeconds": 907, "band": 15}]}, "geometry": {"type": "Point", "coordinates": [-122.3493729, 47.6158142]}}, {"type": "Feature", "properties": {"id": "30f220da-368a-49af-9230-e7ef22898eff", "name": "No Boundaries Books", "category": "books", "tags": ["books"], "sources": ["overture"], "website": "https://www.noboundariesbooks.com", "phone": "2068502211", "address": "2608 2nd Ave", "stations": [{"stopCode": 50, "lines": "1,2", "name": "Westlake Station", "walkingMeters": 1381, "walkingSeconds": 1031, "band": 15}]}, "geometry": {"type": "Point", "coordinates": [-122.3490524, 47.6162758]}}, {"type": "Feature", "properties": {"id": "3f580f63-c4b8-4c30-9786-2570d44ed65c", "name": "Nw Furniture Resource", "category": "furniture", "tags": ["furniture"], "sources": ["overture"], "website": "nwfurnitureresource.com", "phone": "+12067689900", "address": "2606 2nd Ave PMB 325", "stations": [{"stopCode": 50, "lines": "1,2", "name": "Westlake Station", "walkingMeters": 1379, "walkingSeconds": 1029, "band": 15}]}, "geometry": {"type": "Point", "coordinates": [-122.3490524, 47.6162529]}}, {"type": "Feature", "properties": {"id": "7cd675a2-9bcb-4230-9c4e-c9919b375d88", "name": "The Baker\u00e9\u00e9", "category": "cannabis", "tags": ["cannabis", "clinic"], "sources": ["overture"], "website": "http://thebakereeseattle.com/", "phone": "+12064662936", "address": "222 Wall St", "stations": [{"stopCode": 50, "lines": "1,2", "name": "Westlake Station", "walkingMeters": 1084, "walkingSeconds": 780, "band": 15}]}, "geometry": {"type": "Point", "coordinates": [-122.3474503, 47.6158485]}}, {"type": "Feature", "properties": {"id": "8b165bd1-fdae-46e7-b31a-e257a341779e", "name": "Arbor Deli", "category": "deli", "tags": ["deli", "delicatessen"], "sources": ["overture"], "website": "http://arbordeli.com", "phone": "(206) 728-1960", "address": "2505 2nd Ave", "stations": [{"stopCode": 50, "lines": "1,2", "name": "Westlake Station", "walkingMeters": 1248, "walkingSeconds": 931, "band": 15}]}, "geometry": {"type": "Point", "coordinates": [-122.348053, 47.6156006]}}, {"type": "Feature", "properties": {"id": "cc0d74ed-9237-4d11-ad9b-04aa5b004e82", "name": "Seattle Custom Framing Llc", "category": "furniture", "tags": ["furniture"], "sources": ["overture"], "website": "http://www.seattle-customframing.com/", "phone": "+12062045449", "address": "2330 3rd Ave", "stations": [{"stopCode": 50, "lines": "1,2", "name": "Westlake Station", "walkingMeters": 922, "walkingSeconds": 663, "band": 15}, {"stopCode": 51, "lines": "1,2", "name": "Symphony Station", "walkingMeters": 1147, "walkingSeconds": 835, "band": 15}]}, "geometry": {"type": "Point", "coordinates": [-122.3457413, 47.6155052]}}, {"type": "Feature", "properties": {"id": "bd0a172d-5e8f-4a7b-8f84-3031ade91e53", "name": "Zinnia Garden Bench", "category": "florist", "tags": ["florist"], "sources": ["overture"], "website": "http://www.zinniabench.com", "phone": "(206) 812-8407", "address": "2121 6th Ave", "stations": [{"stopCode": 50, "lines": "1,2", "name": "Westlake Station", "walkingMeters": 657, "walkingSeconds": 490, "band": 10}, {"stopCode": 51, "lines": "1,2", "name": "Symphony Station", "walkingMeters": 1171, "walkingSeconds": 874, "band": 15}]}, "geometry": {"type": "Point", "coordinates": [-122.3405685, 47.6153069]}}, {"type": "Feature", "properties": {"id": "47b52ede-a95c-4cbf-8f8c-00b8b6e46af1", "name": "Home Remedy", "category": "convenience", "tags": ["convenience"], "sources": ["overture"], "website": "http://tdhomeremedy.com/", "phone": "2068128407", "address": "2121 6th Ave", "stations": [{"stopCode": 50, "lines": "1,2", "name": "Westlake Station", "walkingMeters": 596, "walkingSeconds": 431, "band": 10}, {"stopCode": 51, "lines": "1,2", "name": "Symphony Station", "walkingMeters": 1110, "walkingSeconds": 801, "band": 15}]}, "geometry": {"type": "Point", "coordinates": [-122.3405914, 47.615551]}}, {"type": "Feature", "properties": {"id": "ceb6c372-cfef-4c3e-a1d2-60f70d035d90", "name": "Denny Deli & Cafe", "category": "deli", "tags": ["deli", "delicatessen"], "sources": ["overture"], "website": "http://star.com", "phone": "(206) 728-4240", "address": "2200 6th Ave", "stations": [{"stopCode": 50, "lines": "1,2", "name": "Westlake Station", "walkingMeters": 822, "walkingSeconds": 613, "band": 10}, {"stopCode": 51, "lines": "1,2", "name": "Symphony Station", "walkingMeters": 1339, "walkingSeconds": 999, "band": 15}]}, "geometry": {"type": "Point", "coordinates": [-122.3411942, 47.616394]}}, {"type": "Feature", "properties": {"id": "c69aaafb-572d-4c2d-9d96-16b1b300f4c3", "name": "LuxuryandSports", "category": "clothes", "tags": ["clothes"], "sources": ["overture"], "website": "https://stormsshirts.com/", "phone": "+13606686534", "address": "2200 6th Ave", "stations": [{"stopCode": 50, "lines": "1,2", "name": "Westlake Station", "walkingMeters": 835, "walkingSeconds": 623, "band": 10}, {"stopCode": 51, "lines": "1,2", "name": "Symphony Station", "walkingMeters": 1350, "walkingSeconds": 1007, "band": 15}]}, "geometry": {"type": "Point", "coordinates": [-122.3414001, 47.6164131]}}, {"type": "Feature", "properties": {"id": "48eb8040-546f-40c2-9d6a-4bc8ec05d2c9", "name": "Global Food Garden", "category": "supermarket", "tags": ["supermarket"], "sources": ["overture"], "website": "http://geogychacko.com", "phone": "(206) 770-6007", "address": "2301 5th Ave Ste 101", "stations": [{"stopCode": 50, "lines": "1,2", "name": "Westlake Station", "walkingMeters": 743, "walkingSeconds": 535, "band": 10}, {"stopCode": 51, "lines": "1,2", "name": "Symphony Station", "walkingMeters": 1242, "walkingSeconds": 893, "band": 15}]}, "geometry": {"type": "Point", "coordinates": [-122.3435669, 47.6160622]}}, {"type": "Feature", "properties": {"id": "9975a7fa-07d8-4c07-8c6c-7fc384b09056", "name": "Insidesource PNW", "category": "furniture", "tags": ["furniture"], "sources": ["overture"], "website": "https://www.insidesource.com/pnw/", "phone": "+12064487333", "address": "300 Elliott Ave W", "stations": [{"stopCode": 50, "lines": "1,2", "name": "Westlake Station", "walkingMeters": 1373, "walkingSeconds": 1025, "band": 15}]}, "geometry": {"type": "Point", "coordinates": [-122.3479233, 47.6173325]}}, {"type": "Feature", "properties": {"id": "4a1dfa0d-780a-4c18-8beb-c2f80eba6605", "name": "Cauli Market", "category": "supermarket", "tags": ["supermarket"], "sources": ["overture"], "website": "http://www.caulimarket.com", "phone": "2064551533", "address": "2519 4th Ave", "stations": [{"stopCode": 50, "lines": "1,2", "name": "Westlake Station", "walkingMeters": 1261, "walkingSeconds": 941, "band": 15}]}, "geometry": {"type": "Point", "coordinates": [-122.3469391, 47.6169243]}}, {"type": "Feature", "properties": {"id": "cdb28946-e526-46f7-aa1b-ff2cd7657f4a", "name": "Chartreuse Modern", "category": "furniture", "tags": ["furniture"], "sources": ["overture"], "website": "http://chartreusemodern.com", "phone": "(877) 328-4844", "address": "2609 1st Ave", "stations": [{"stopCode": 50, "lines": "1,2", "name": "Westlake Station", "walkingMeters": 1296, "walkingSeconds": 936, "band": 15}]}, "geometry": {"type": "Point", "coordinates": [-122.349762, 47.6155167]}}, {"type": "Feature", "properties": {"id": "ba522e8e-3109-4563-8c5c-48e9a35697f4", "name": "Pear Delicatessen & Shoppe", "category": "deli", "tags": ["deli", "delicatessen"], "sources": ["overture"], "website": "http://www.pearatpikeplace.com", "phone": "(206) 443-1926", "address": "1926 Pike Pl", "stations": [{"stopCode": 50, "lines": "1,2", "name": "Westlake Station", "walkingMeters": 652, "walkingSeconds": 487, "band": 10}, {"stopCode": 51, "lines": "1,2", "name": "Symphony Station", "walkingMeters": 768, "walkingSeconds": 573, "band": 10}]}, "geometry": {"type": "Point", "coordinates": [-122.3430786, 47.6101646]}}, {"type": "Feature", "properties": {"id": "480aea5a-04a2-45e1-a346-7955735873fa", "name": "Market Fresh Fruit - Eat Healthy At Work", "category": "supermarket", "tags": ["supermarket"], "sources": ["overture"], "website": "http://www.marketfreshfruit.com/", "phone": "+12063042464", "address": "1916 Pike Pl", "stations": [{"stopCode": 50, "lines": "1,2", "name": "Westlake Station", "walkingMeters": 547, "walkingSeconds": 397, "band": 10}, {"stopCode": 51, "lines": "1,2", "name": "Symphony Station", "walkingMeters": 709, "walkingSeconds": 510, "band": 10}]}, "geometry": {"type": "Point", "coordinates": [-122.3425751, 47.6100883]}}, {"type": "Feature", "properties": {"id": "ec7533b4-3b94-4a06-ae31-c81c3fcb6bac", "name": "Mexican Grocery", "category": "supermarket", "tags": ["supermarket"], "sources": ["overture"], "address": "1914 Pike Pl", "stations": [{"stopCode": 50, "lines": "1,2", "name": "Westlake Station", "walkingMeters": 550, "walkingSeconds": 400, "band": 10}, {"stopCode": 51, "lines": "1,2", "name": "Symphony Station", "walkingMeters": 733, "walkingSeconds": 527, "band": 10}]}, "geometry": {"type": "Point", "coordinates": [-122.342659, 47.6101036]}}, {"type": "Feature", "properties": {"id": "7b486a24-a6f7-4ffb-9edf-b8a88bcc4563", "name": "Bavarian Meats", "category": "deli", "tags": ["deli", "delicatessen"], "sources": ["overture"], "website": "http://bavarianmeats.com/", "phone": "+12064410942", "address": "1920 Pike Pl", "stations": [{"stopCode": 50, "lines": "1,2", "name": "Westlake Station", "walkingMeters": 560, "walkingSeconds": 407, "band": 10}, {"stopCode": 51, "lines": "1,2", "name": "Symphony Station", "walkingMeters": 722, "walkingSeconds": 519, "band": 10}]}, "geometry": {"type": "Point", "coordinates": [-122.3427811, 47.6101837]}}, {"type": "Feature", "properties": {"id": "eed43e9b-8622-4626-855f-4e4c649162b8", "name": "Seattle Raindrop Jewelry By Ofner & Co.", "category": "jewelry", "tags": ["jewelry"], "sources": ["overture"], "website": "http://seattleraindrop.com", "address": "1916 Pike Pl", "stations": [{"stopCode": 50, "lines": "1,2", "name": "Westlake Station", "walkingMeters": 578, "walkingSeconds": 431, "band": 10}, {"stopCode": 51, "lines": "1,2", "name": "Symphony Station", "walkingMeters": 686, "walkingSeconds": 512, "band": 10}]}, "geometry": {"type": "Point", "coordinates": [-122.3422089, 47.6100655]}}, {"type": "Feature", "properties": {"id": "a06827c9-35b8-4592-9996-893376c73b37", "name": "94 Stewart Restaurant", "category": "supermarket", "tags": ["supermarket"], "sources": ["overture"], "website": "https://www.94stewart.com", "address": "94 Stewart St", "stations": [{"stopCode": 50, "lines": "1,2", "name": "Westlake Station", "walkingMeters": 525, "walkingSeconds": 392, "band": 10}, {"stopCode": 51, "lines": "1,2", "name": "Symphony Station", "walkingMeters": 649, "walkingSeconds": 484, "band": 10}]}, "geometry": {"type": "Point", "coordinates": [-122.3416901, 47.6101685]}}, {"type": "Feature", "properties": {"id": "86154be8-0626-4783-add3-e5ddc141a31f", "name": "Boston Street Children's Shop", "category": "clothes", "tags": ["clothes", "childrens"], "sources": ["overture"], "phone": "(206) 634-0580", "address": "1902 Post Alley", "stations": [{"stopCode": 50, "lines": "1,2", "name": "Westlake Station", "walkingMeters": 486, "walkingSeconds": 353, "band": 10}, {"stopCode": 51, "lines": "1,2", "name": "Symphony Station", "walkingMeters": 669, "walkingSeconds": 481, "band": 10}]}, "geometry": {"type": "Point", "coordinates": [-122.3418427, 47.6100998]}}, {"type": "Feature", "properties": {"id": "553974db-bcbf-4367-ad49-77de7cfd6cba", "name": "Cvs Pharmacy", "category": "pharmacy", "tags": ["pharmacy"], "sources": ["overture"], "website": "https://www.cvs.com", "phone": "18007467287", "address": "2035 4th Ave", "stations": [{"stopCode": 50, "lines": "1,2", "name": "Westlake Station", "walkingMeters": 536, "walkingSeconds": 400, "band": 10}, {"stopCode": 51, "lines": "1,2", "name": "Symphony Station", "walkingMeters": 977, "walkingSeconds": 729, "band": 10}]}, "geometry": {"type": "Point", "coordinates": [-122.3414078, 47.6135063]}}, {"type": "Feature", "properties": {"id": 2778695976, "name": "ZoomCare", "category": "clinic", "tags": ["clinic"], "sources": ["osm"], "address": "2301 2nd Avenue", "stations": [{"stopCode": 50, "lines": "1,2", "name": "Westlake Station", "walkingMeters": 914, "walkingSeconds": 661, "band": 15}, {"stopCode": 51, "lines": "1,2", "name": "Symphony Station", "walkingMeters": 1119, "walkingSeconds": 807, "band": 15}]}, "geometry": {"type": "Point", "coordinates": [-122.345981, 47.6140073]}}, {"type": "Feature", "properties": {"id": "da2d7331-b597-4bf1-a421-775f9fecba3a", "name": "Rite Aid", "category": "pharmacy", "tags": ["pharmacy"], "sources": ["overture"], "phone": "2064418790", "address": "2603 3rd Ave", "stations": [{"stopCode": 50, "lines": "1,2", "name": "Westlake Station", "walkingMeters": 1144, "walkingSeconds": 823, "band": 15}]}, "geometry": {"type": "Point", "coordinates": [-122.3481903, 47.6166992]}}, {"type": "Feature", "properties": {"id": 231664573, "name": "Walgreens", "category": "pharmacy", "tags": ["pharmacy"], "sources": ["osm"], "website": "https://www.walgreens.com/locator/walgreens-566+denny+way-seattle-wa-98109/id=11856", "address": "566 Denny Way", "stations": [{"stopCode": 50, "lines": "1,2", "name": "Westlake Station", "walkingMeters": 1164, "walkingSeconds": 839, "band": 15}]}, "geometry": {"type": "Point", "coordinates": [-122.3455048, 47.6188399]}}, {"type": "Feature", "properties": {"id": 4639109916, "name": "Pike Market Medical Clinic", "category": "clinic", "tags": ["clinic"], "sources": ["osm"], "stations": [{"stopCode": 50, "lines": "1,2", "name": "Westlake Station", "walkingMeters": 582, "walkingSeconds": 423, "band": 10}, {"stopCode": 51, "lines": "1,2", "name": "Symphony Station", "walkingMeters": 765, "walkingSeconds": 551, "band": 10}]}, "geometry": {"type": "Point", "coordinates": [-122.3428229, 47.6106589]}}, {"type": "Feature", "properties": {"id": "8ac8ddcf-180e-47e4-9ddb-ba4455ebe3de", "name": "Bartell Drugs", "category": "pharmacy", "tags": ["pharmacy"], "sources": ["overture"], "phone": "12064261464", "address": "2506 2nd Ave", "stations": [{"stopCode": 50, "lines": "1,2", "name": "Westlake Station", "walkingMeters": 1261, "walkingSeconds": 941, "band": 15}]}, "geometry": {"type": "Point", "coordinates": [-122.3481216, 47.6157036]}}, {"type": "Feature", "properties": {"id": "25a73b84-517b-43bc-9fd2-eb4c5f2d2621", "name": "UW Medicine", "category": "clinic", "tags": ["clinic", "medical"], "sources": ["overture"], "website": "https://www.uwmedicine.org/locations/third-avenue-center", "phone": "+12065211231", "address": "2028 3rd Ave", "stations": [{"stopCode": 50, "lines": "1,2", "name": "Westlake Station", "walkingMeters": 514, "walkingSeconds": 370, "band": 10}, {"stopCode": 51, "lines": "1,2", "name": "Symphony Station", "walkingMeters": 739, "walkingSeconds": 542, "band": 10}]}, "geometry": {"type": "Point", "coordinates": [-122.3417587, 47.6130753]}}, {"type": "Feature", "properties": {"id": "2202fb06-2bc9-41c5-8337-02193b282ec2", "name": "UW Medicine", "category": "clinic", "tags": ["clinic", "medical"], "sources": ["overture"], "website": "https://www.uwmedicine.org/locations/primary-care-belltown", "phone": "+12064430400", "address": "2505 2nd Ave", "stations": [{"stopCode": 50, "lines": "1,2", "name": "Westlake Station", "walkingMeters": 1265, "walkingSeconds": 944, "band": 15}]}, "geometry": {"type": "Point", "coordinates": [-122.3483582, 47.6154442]}}, {"type": "Feature", "properties": {"id": "c5226b72-8124-408c-bf2f-0a6c5e321fe1", "name": "Walgreens Pharmacy", "category": "pharmacy", "tags": ["pharmacy"], "sources": ["overture"], "website": "https://www.walgreens.com", "phone": "+12062041982", "address": "566 Denny Way", "stations": [{"stopCode": 50, "lines": "1,2", "name": "Westlake Station", "walkingMeters": 1131, "walkingSeconds": 815, "band": 15}]}, "geometry": {"type": "Point", "coordinates": [-122.3454208, 47.6187668]}}, {"type": "Feature", "properties": {"id": "062d3760-a5bf-42fb-b92c-5ab8431500c0", "name": "Grey Sloan Memorial Hospital", "category": "hospital", "tags": ["hospital"], "sources": ["overture"], "website": "http://Greysloanmemorial.hospital.com/", "address": "140 4th Ave N"}, "geometry": {"type": "Point", "coordinates": [-122.3485718, 47.6191483]}}, {"type": "Feature", "properties": {"id": "f675ab8a-2ceb-4ec2-89ef-0525e3114a20", "name": "Columbia Hospitality", "category": "hospital", "tags": ["hospital"], "sources": ["overture"], "website": "http://www.columbiahospitality.com/", "phone": "2062391800", "address": "2200 Alaskan Way Ste 200", "stations": [{"stopCode": 50, "lines": "1,2", "name": "Westlake Station", "walkingMeters": 1126, "walkingSeconds": 814, "band": 15}, {"stopCode": 51, "lines": "1,2", "name": "Symphony Station", "walkingMeters": 1215, "walkingSeconds": 875, "band": 15}]}, "geometry": {"type": "Point", "coordinates": [-122.347908, 47.6109772]}}, {"type": "Feature", "properties": {"id": "7274c7f8-497c-424f-be51-9ba66f1a8648", "name": "Seattle Greys Anatomy Hospital", "category": "hospital", "tags": ["hospital"], "sources": ["overture"], "stations": [{"stopCode": 50, "lines": "1,2", "name": "Westlake Station", "walkingMeters": 901, "walkingSeconds": 650, "band": 15}]}, "geometry": {"type": "Point", "coordinates": [-122.3432465, 47.6174622]}}, {"type": "Feature", "properties": {"id": 2968389834, "name": "KeyBank", "category": "bank", "tags": ["bank", "wheelchair-accessible"], "sources": ["osm"], "address": "2500 1st Avenue", "hours": "Mo-Th 09:00-17:00; Fr 09:00-16:00; Sa-Su 10:00-13:30", "stations": [{"stopCode": 50, "lines": "1,2", "name": "Westlake Station", "walkingMeters": 1180, "walkingSeconds": 853, "band": 15}]}, "geometry": {"type": "Point", "coordinates": [-122.348729, 47.6148886]}}, {"type": "Feature", "properties": {"id": 4277731919, "name": "U.S. Bank", "category": "bank", "tags": ["bank", "credit", "union"], "sources": ["osm", "overture"], "website": "https://www.usbank.com/wealth-management/find-an-advisor/wa/seattle.html", "phone": "2064410518", "address": "504 Bell St", "hours": "Mo-Fr 10:00-18:00", "stations": [{"stopCode": 50, "lines": "1,2", "name": "Westlake Station", "walkingMeters": 742, "walkingSeconds": 537, "band": 10}, {"stopCode": 51, "lines": "1,2", "name": "Symphony Station", "walkingMeters": 1253, "walkingSeconds": 901, "band": 15}]}, "geometry": {"type": "Point", "coordinates": [-122.3430879, 47.6162842]}}, {"type": "Feature", "properties": {"id": 4717607355, "name": "Wells Fargo", "category": "bank", "tags": ["bank"], "sources": ["osm"]}, "geometry": {"type": "Point", "coordinates": [-122.348691, 47.6187366]}}, {"type": "Feature", "properties": {"id": 2327596766, "name": "Belltown Home Office", "category": "post_office", "tags": ["post-office"], "sources": ["osm"], "website": "http://belltownhomeoffice.com/", "phone": "+1-206-448-8677", "address": "2606 2nd Avenue", "stations": [{"stopCode": 50, "lines": "1,2", "name": "Westlake Station", "walkingMeters": 1227, "walkingSeconds": 887, "band": 15}]}, "geometry": {"type": "Point", "coordinates": [-122.3489424, 47.6162011]}}, {"type": "Feature", "properties": {"id": 2327652056, "name": "US Post Office Station #111", "category": "post_office", "tags": ["post-office"], "sources": ["osm"], "address": "2512 5th Avenue", "hours": "Mo,We,Fr 10:30-16:30; Tu,Th,Sa-Su off", "stations": [{"stopCode": 50, "lines": "1,2", "name": "Westlake Station", "walkingMeters": 998, "walkingSeconds": 722, "band": 15}]}, "geometry": {"type": "Point", "coordinates": [-122.345667, 47.6177773]}}, {"type": "Feature", "properties": {"id": 2327723433, "name": "The Mailbox & Gifts", "category": "post_office", "tags": ["post-office"], "sources": ["osm"], "website": "http://www.fromseattle.net/", "phone": "+1-206-728-1228", "address": "300 Lenora Street", "stations": [{"stopCode": 50, "lines": "1,2", "name": "Westlake Station", "walkingMeters": 558, "walkingSeconds": 401, "band": 10}, {"stopCode": 51, "lines": "1,2", "name": "Symphony Station", "walkingMeters": 793, "walkingSeconds": 581, "band": 10}]}, "geometry": {"type": "Point", "coordinates": [-122.3421371, 47.6134204]}}, {"type": "Feature", "properties": {"id": 4484374414, "name": "Wanderers' Mail Service", "category": "post_office", "tags": ["post-office", "wheelchair-accessible"], "sources": ["osm"], "address": "1916 Pike Place", "stations": [{"stopCode": 50, "lines": "1,2", "name": "Westlake Station", "walkingMeters": 548, "walkingSeconds": 398, "band": 10}, {"stopCode": 51, "lines": "1,2", "name": "Symphony Station", "walkingMeters": 710, "walkingSeconds": 511, "band": 10}]}, "geometry": {"type": "Point", "coordinates": [-122.3425988, 47.6101603]}}, {"type": "Feature", "properties": {"id": 5152707470, "name": "Sound Community Bank", "category": "bank", "tags": ["bank", "credit", "union"], "sources": ["osm", "overture"], "website": "http://www.soundcb.com/", "phone": "+12064363150", "address": "2400 3rd Ave suite 100", "hours": "Mo-Fr 11:00-17:30", "stations": [{"stopCode": 50, "lines": "1,2", "name": "Westlake Station", "walkingMeters": 960, "walkingSeconds": 690, "band": 15}, {"stopCode": 51, "lines": "1,2", "name": "Symphony Station", "walkingMeters": 1185, "walkingSeconds": 862, "band": 15}]}, "geometry": {"type": "Point", "coordinates": [-122.346105, 47.6157236]}}, {"type": "Feature", "properties": {"id": 5599441826, "name": "Alaska USA Federal Credit Union", "category": "bank", "tags": ["bank"], "sources": ["osm"], "stations": [{"stopCode": 50, "lines": "1,2", "name": "Westlake Station", "walkingMeters": 976, "walkingSeconds": 702, "band": 15}, {"stopCode": 51, "lines": "1,2", "name": "Symphony Station", "walkingMeters": 1276, "walkingSeconds": 917, "band": 15}]}, "geometry": {"type": "Point", "coordinates": [-122.3461338, 47.6163075]}}, {"type": "Feature", "properties": {"id": "0bc61604-4a9a-45d6-b5e8-cfd28e0ab266", "name": "Bank of America ATM", "category": "bank", "tags": ["bank", "credit", "union"], "sources": ["overture"], "website": "https://locators.bankofamerica.com/wa/seattle/atm-seattle-110670.html", "phone": "8444018500", "address": "2517 1st Ave Ste 112", "stations": [{"stopCode": 50, "lines": "1,2", "name": "Westlake Station", "walkingMeters": 1249, "walkingSeconds": 902, "band": 15}]}, "geometry": {"type": "Point", "coordinates": [-122.3493729, 47.6150627]}}, {"type": "Feature", "properties": {"id": "7088907f-4e29-482c-a30c-0dbd82647126", "name": "Wells Fargo Bank", "category": "bank", "tags": ["bank", "credit", "union"], "sources": ["overture"], "website": "http://www.wellsfargo.com", "phone": "+12063360278", "address": "100 4th Ave N Ste 130"}, "geometry": {"type": "Point", "coordinates": [-122.3495865, 47.6182747]}}, {"type": "Feature", "properties": {"id": "2d428ff3-5384-4799-a8db-e55b8be86316", "name": "U.S. Bank ATM", "category": "bank", "tags": ["bank", "credit", "union"], "sources": ["overture"], "website": "https://www.usbank.com/locations/washington/seattle/504-bell-st-bank-atm/?utm_source=facebook&utm_medium=organic&utm_campaign=facebook_listing", "phone": "+18008722657", "address": "504 Bell St", "stations": [{"stopCode": 50, "lines": "1,2", "name": "Westlake Station", "walkingMeters": 718, "walkingSeconds": 516, "band": 10}, {"stopCode": 51, "lines": "1,2", "name": "Symphony Station", "walkingMeters": 1216, "walkingSeconds": 875, "band": 15}]}, "geometry": {"type": "Point", "coordinates": [-122.343132, 47.6162338]}}, {"type": "Feature", "properties": {"id": "a54e516c-265d-4ab9-ae8b-70a02762bd07", "name": "Wells Fargo ATM", "category": "bank", "tags": ["bank", "credit", "union"], "sources": ["overture"], "website": "https://www.wellsfargo.com/locator/bank/2514__4TH__AVENUE_SEATTLE_WA_98121/", "phone": "8008693557", "address": "2514 4th Avenue", "stations": [{"stopCode": 50, "lines": "1,2", "name": "Westlake Station", "walkingMeters": 1025, "walkingSeconds": 737, "band": 15}]}, "geometry": {"type": "Point", "coordinates": [-122.3466644, 47.6171646]}}, {"type": "Feature", "properties": {"id": "c56775c1-aab6-4f40-9f9c-b89699ebc07d", "name": "UPS Drop Box", "category": "post_office", "tags": ["post-office", "office"], "sources": ["overture"], "website": "http://www.fedex.com", "address": "2601 4th Ave", "stations": [{"stopCode": 50, "lines": "1,2", "name": "Westlake Station", "walkingMeters": 1152, "walkingSeconds": 829, "band": 15}]}, "geometry": {"type": "Point", "coordinates": [-122.3479233, 47.6173325]}}, {"type": "Feature", "properties": {"id": 4813783744, "name": "Orangetheory Fitness", "category": "fitness_centre", "tags": ["fitness-centre", "gym"], "sources": ["osm", "overture"], "website": "https://www.orangetheory.com/en-us/locations/seattle-washington-0580?utm_medium=seo&utm_source=fb&utm_term=corporate&utm_campaign=soci", "phone": "+12068555089", "address": "2310 5th Ave #3", "stations": [{"stopCode": 50, "lines": "1,2", "name": "Westlake Station", "walkingMeters": 771, "walkingSeconds": 558, "band": 10}, {"stopCode": 51, "lines": "1,2", "name": "Symphony Station", "walkingMeters": 1282, "walkingSeconds": 922, "band": 15}]}, "geometry": {"type": "Point", "coordinates": [-122.3433836, 47.6164528]}}, {"type": "Feature", "properties": {"id": 2327625174, "name": "Northwest Strong", "category": "fitness_centre", "tags": ["fitness-centre", "gym"], "sources": ["osm", "overture"], "website": "https://nwstrong.com/", "phone": "12065907278", "address": "116 Vine St", "stations": [{"stopCode": 50, "lines": "1,2", "name": "Westlake Station", "walkingMeters": 1243, "walkingSeconds": 898, "band": 15}]}, "geometry": {"type": "Point", "coordinates": [-122.3492097, 47.6157824]}}, {"type": "Feature", "properties": {"id": 2327652064, "name": "Transform 180 Training", "category": "fitness_centre", "tags": ["fitness-centre"], "sources": ["osm"], "address": "2517 6th Avenue", "stations": [{"stopCode": 50, "lines": "1,2", "name": "Westlake Station", "walkingMeters": 1060, "walkingSeconds": 764, "band": 15}]}, "geometry": {"type": "Point", "coordinates": [-122.3451569, 47.6182378]}}, {"type": "Feature", "properties": {"id": "b6f6ea23-687d-42f4-997b-3156fabbf82a", "name": "Transform 180 Training", "category": "fitness_centre", "tags": ["fitness-centre", "gym"], "sources": ["overture"], "website": "http://www.transform180training.com/", "phone": "+12067555004", "address": "2517 6th Ave"}, "geometry": {"type": "Point", "coordinates": [-122.3481674, 47.6194534]}}, {"type": "Feature", "properties": {"id": 2327652070, "name": "Demco Fitness", "category": "fitness_centre", "tags": ["fitness-centre", "gym"], "sources": ["osm", "overture"], "website": "https://www.demcofitness.com/", "phone": "+12069197490", "address": "2521 4th Ave", "stations": [{"stopCode": 50, "lines": "1,2", "name": "Westlake Station", "walkingMeters": 1041, "walkingSeconds": 749, "band": 15}]}, "geometry": {"type": "Point", "coordinates": [-122.3469791, 47.6169599]}}, {"type": "Feature", "properties": {"id": 2968389935, "name": "Atlas Pilates", "category": "fitness_centre", "tags": ["fitness-centre", "fitness", "pilates", "studio"], "sources": ["osm", "overture"], "website": "https://atlaspilates.com", "phone": "12062832884", "address": "2612 3rd Ave", "stations": [{"stopCode": 50, "lines": "1,2", "name": "Westlake Station", "walkingMeters": 1198, "walkingSeconds": 861, "band": 15}]}, "geometry": {"type": "Point", "coordinates": [-122.3484709, 47.6171087]}}, {"type": "Feature", "properties": {"id": 3068644632, "name": "Elliott Bay CrossFit", "category": "fitness_centre", "tags": ["fitness-centre"], "sources": ["osm"], "stations": [{"stopCode": 50, "lines": "1,2", "name": "Westlake Station", "walkingMeters": 849, "walkingSeconds": 615, "band": 10}, {"stopCode": 51, "lines": "1,2", "name": "Symphony Station", "walkingMeters": 1055, "walkingSeconds": 761, "band": 15}]}, "geometry": {"type": "Point", "coordinates": [-122.3451518, 47.614231]}}, {"type": "Feature", "properties": {"id": 4639109919, "name": "Seattle Athletic Club", "category": "fitness_centre", "tags": ["fitness-centre", "gym"], "sources": ["osm", "overture"], "website": "http://www.sacdt.com/", "phone": "+12064431111", "address": "2020 Western Ave", "stations": [{"stopCode": 50, "lines": "1,2", "name": "Westlake Station", "walkingMeters": 690, "walkingSeconds": 500, "band": 10}, {"stopCode": 51, "lines": "1,2", "name": "Symphony Station", "walkingMeters": 852, "walkingSeconds": 612, "band": 10}]}, "geometry": {"type": "Point", "coordinates": [-122.3439871, 47.6108595]}}, {"type": "Feature", "properties": {"id": 13325042096, "name": "Transform 180", "category": "fitness_centre", "tags": ["fitness-centre"], "sources": ["osm"], "website": "https://transform180training.com/?", "phone": "+1 206-755-5004", "hours": "24/7", "stations": [{"stopCode": 50, "lines": "1,2", "name": "Westlake Station", "walkingMeters": 1224, "walkingSeconds": 885, "band": 15}]}, "geometry": {"type": "Point", "coordinates": [-122.3480548, 47.618861]}}, {"type": "Feature", "properties": {"id": 5599290821, "name": "Emerald City Pilates", "category": "fitness_centre", "tags": ["fitness-centre", "pilates", "studio"], "sources": ["osm", "overture"], "website": "http://www.emeraldcitypilates.com/", "phone": "+12069924814", "address": "2517 5th Ave", "stations": [{"stopCode": 50, "lines": "1,2", "name": "Westlake Station", "walkingMeters": 1004, "walkingSeconds": 723, "band": 15}]}, "geometry": {"type": "Point", "coordinates": [-122.3461055, 47.6176196]}}, {"type": "Feature", "properties": {"id": 5599440522, "name": "Ideal U Fitness", "category": "fitness_centre", "tags": ["fitness-centre"], "sources": ["osm"]}, "geometry": {"type": "Point", "coordinates": [-122.3482305, 47.6191695]}}, {"type": "Feature", "properties": {"id": "2faea4dc-01da-425f-9490-5e6197d868f8", "name": "Breathe Hot Yoga", "category": "fitness_centre", "tags": ["fitness-centre", "yoga", "studio"], "sources": ["overture"], "website": "http://www.breathehotyoga.com", "phone": "+12066822949", "address": "2230 8th Ave", "stations": [{"stopCode": 50, "lines": "1,2", "name": "Westlake Station", "walkingMeters": 841, "walkingSeconds": 607, "band": 10}]}, "geometry": {"type": "Point", "coordinates": [-122.340065, 47.6181183]}}, {"type": "Feature", "properties": {"id": "d3eaf58e-d7a5-459d-99b6-793cbf2f43eb", "name": "Breathe Hot Yoga", "category": "fitness_centre", "tags": ["fitness-centre", "yoga", "studio"], "sources": ["overture"], "website": "http://www.breathehotyoga.com/", "phone": "+12066822949", "address": "2720 4th Ave", "stations": [{"stopCode": 50, "lines": "1,2", "name": "Westlake Station", "walkingMeters": 1222, "walkingSeconds": 879, "band": 15}]}, "geometry": {"type": "Point", "coordinates": [-122.3485336, 47.6183434]}}, {"type": "Feature", "properties": {"id": 10978233485, "name": "Breathe", "category": "fitness_centre", "tags": ["fitness-centre", "yoga"], "sources": ["osm"], "stations": [{"stopCode": 50, "lines": "1,2", "name": "Westlake Station", "walkingMeters": 1226, "walkingSeconds": 882, "band": 15}]}, "geometry": {"type": "Point", "coordinates": [-122.3486066, 47.618381]}}, {"type": "Feature", "properties": {"id": "348316ab-d86e-4c1b-8d27-2d0cedafd15d", "name": "Taylor 28 Apartments", "category": "fitness_centre", "tags": ["fitness-centre", "gym"], "sources": ["overture"], "website": "https://www.essexapartmenthomes.com/apartments/seattle/taylor-28", "phone": "2065576028", "address": "100 Taylor Ave N", "stations": [{"stopCode": 50, "lines": "1,2", "name": "Westlake Station", "walkingMeters": 1193, "walkingSeconds": 862, "band": 15}]}, "geometry": {"type": "Point", "coordinates": [-122.3461914, 47.6191978]}}, {"type": "Feature", "properties": {"id": "f525e442-aa9a-4c08-821b-11557bae7fbe", "name": "Belltown Strength & Conditioning", "category": "fitness_centre", "tags": ["fitness-centre", "gym"], "sources": ["overture"], "website": "http://www.belltownstrength.com", "phone": "+12066077556", "address": "2315 Western Ave", "stations": [{"stopCode": 50, "lines": "1,2", "name": "Westlake Station", "walkingMeters": 1117, "walkingSeconds": 808, "band": 15}, {"stopCode": 51, "lines": "1,2", "name": "Symphony Station", "walkingMeters": 1279, "walkingSeconds": 920, "band": 15}]}, "geometry": {"type": "Point", "coordinates": [-122.3482742, 47.6129341]}}, {"type": "Feature", "properties": {"id": "b1e6ba3e-f8ea-4539-8522-72a14646eca3", "name": "J4 Personal Training", "category": "fitness_centre", "tags": ["fitness-centre", "gym"], "sources": ["overture"], "website": "https://www.j4personaltraining.com", "address": "1618 Bellevue Ave, Seattle, WA 98122, United States", "stations": [{"stopCode": 50, "lines": "1,2", "name": "Westlake Station", "walkingMeters": 1098, "walkingSeconds": 794, "band": 15}]}, "geometry": {"type": "Point", "coordinates": [-122.3479233, 47.6142807]}}, {"type": "Feature", "properties": {"id": "95192b31-d5a7-4d08-966a-d85b4eff915c", "name": "Fountain Court Apartments", "category": "fitness_centre", "tags": ["fitness-centre", "gym"], "sources": ["overture"], "website": "https://www.essexapartmenthomes.com/apartments/seattle/fountain-court", "phone": "2063958971", "address": "2400 4th Ave", "stations": [{"stopCode": 50, "lines": "1,2", "name": "Westlake Station", "walkingMeters": 880, "walkingSeconds": 633, "band": 15}, {"stopCode": 51, "lines": "1,2", "name": "Symphony Station", "walkingMeters": 1282, "walkingSeconds": 922, "band": 15}]}, "geometry": {"type": "Point", "coordinates": [-122.3452759, 47.6162987]}}, {"type": "Feature", "properties": {"id": "0aa66acb-c4ad-44f8-8a4b-9603fb74c18e", "name": "Felix Athletics", "category": "fitness_centre", "tags": ["fitness-centre", "gym"], "sources": ["overture"], "website": "http://www.crossfitfelix.com/", "address": "2211 5th Ave", "stations": [{"stopCode": 50, "lines": "1,2", "name": "Westlake Station", "walkingMeters": 771, "walkingSeconds": 575, "band": 10}, {"stopCode": 51, "lines": "1,2", "name": "Symphony Station", "walkingMeters": 1251, "walkingSeconds": 934, "band": 15}]}, "geometry": {"type": "Point", "coordinates": [-122.342308, 47.6153526]}}, {"type": "Feature", "properties": {"id": "d93f4940-c065-4f43-a130-72c738d18e79", "name": "[solidcore] Slu", "category": "fitness_centre", "tags": ["fitness-centre", "pilates", "studio"], "sources": ["overture"], "website": "https://www.solidcore.co", "phone": "12065943782", "address": "2139 6th Ave", "stations": [{"stopCode": 50, "lines": "1,2", "name": "Westlake Station", "walkingMeters": 687, "walkingSeconds": 513, "band": 10}, {"stopCode": 51, "lines": "1,2", "name": "Symphony Station", "walkingMeters": 1202, "walkingSeconds": 897, "band": 15}]}, "geometry": {"type": "Point", "coordinates": [-122.3406601, 47.6155128]}}, {"type": "Feature", "properties": {"id": "b8dc3e65-bc02-4d30-928f-9badcb01260a", "name": "CorePower Yoga - Belltown", "category": "fitness_centre", "tags": ["fitness-centre", "yoga", "studio"], "sources": ["overture"], "website": "https://www.corepoweryoga.com/yoga-studios/wa/seattle/belltown", "phone": "+18334482561", "address": "2301 5th Ave", "stations": [{"stopCode": 50, "lines": "1,2", "name": "Westlake Station", "walkingMeters": 812, "walkingSeconds": 584, "band": 10}, {"stopCode": 51, "lines": "1,2", "name": "Symphony Station", "walkingMeters": 1244, "walkingSeconds": 894, "band": 15}]}, "geometry": {"type": "Point", "coordinates": [-122.3440704, 47.6162033]}}, {"type": "Feature", "properties": {"id": "bb52c832-4c7b-4874-93d6-a060aeac6163", "name": "Fit By Tahys", "category": "fitness_centre", "tags": ["fitness-centre", "fitness", "trainer"], "sources": ["overture"], "website": "https://www.getfitbytahys.com", "phone": "+12066566288", "address": "2521 4th Ave", "stations": [{"stopCode": 50, "lines": "1,2", "name": "Westlake Station", "walkingMeters": 1251, "walkingSeconds": 934, "band": 15}]}, "geometry": {"type": "Point", "coordinates": [-122.3469772, 47.6167793]}}]}