{"type": "FeatureCollection", "features": [{"type": "Feature", "properties": {"id": 3026093444, "name": "Subway", "category": "fast_food", "tags": ["fast-food", "sandwich", "takeaway", "vegetarian", "vegan", "restaurant"], "sources": ["osm", "overture"], "website": "https://www.subway.com", "phone": "12065457851", "address": "4336 Roosevelt Way NE", "hours": "24/7", "stations": [{"stopCode": 47, "lines": "1,2", "name": "U District Station", "walkingMeters": 380, "walkingSeconds": 273, "band": 5}]}, "geometry": {"type": "Point", "coordinates": [-122.3172987, 47.6610606]}}, {"type": "Feature", "properties": {"id": 7037785356, "name": "Domino's", "category": "fast_food", "tags": ["fast-food", "pizza", "takeaway", "delivery"], "sources": ["osm"], "website": "https://pizza.dominos.com/washington/seattle/4715-brooklyn-ave", "phone": "+1-206-525-9551", "address": "4715 Brooklyn Avenue Northeast", "hours": "Mo-Th 10:00-01:00; Fr-Sa 10:00-02:00; Su 10:00-24:00", "stations": [{"stopCode": 47, "lines": "1,2", "name": "U District Station", "walkingMeters": 387, "walkingSeconds": 281, "band": 5}]}, "geometry": {"type": "Point", "coordinates": [-122.314401, 47.6636726]}}, {"type": "Feature", "properties": {"id": "96d6a15c-1977-4f80-8efa-402081be9ca1", "name": "Starbucks", "category": "cafe", "tags": ["cafe", "coffee"], "sources": ["overture"], "phone": "2066341390", "address": "4555 University Way NE University Way", "stations": [{"stopCode": 47, "lines": "1,2", "name": "U District Station", "walkingMeters": 360, "walkingSeconds": 259, "band": 5}]}, "geometry": {"type": "Point", "coordinates": [-122.313118, 47.6628647]}}, {"type": "Feature", "properties": {"id": 9871365362, "name": "Just Pok\u00e9", "category": "restaurant", "tags": ["restaurant", "seafood", "takeaway", "vegetarian", "vegan", "poke"], "sources": ["osm", "overture"], "website": "https://justpoke.com/locations/udistrict/", "phone": "(206) 566-6156", "address": "4339 University Way NE", "stations": [{"stopCode": 47, "lines": "1,2", "name": "U District Station", "walkingMeters": 198, "walkingSeconds": 142, "band": 5}]}, "geometry": {"type": "Point", "coordinates": [-122.3133195, 47.6609428]}}, {"type": "Feature", "properties": {"id": "14af92db-2c2c-4973-8b62-9aa5ebbf60d5", "name": "Pagliacci Pizza", "category": "restaurant", "tags": ["restaurant", "pizza"], "sources": ["overture"], "website": "http://www.pagliacci.com/", "phone": "(206) 726-1717", "address": "4529 University Way NE", "stations": [{"stopCode": 47, "lines": "1,2", "name": "U District Station", "walkingMeters": 269, "walkingSeconds": 194, "band": 5}]}, "geometry": {"type": "Point", "coordinates": [-122.3133163, 47.6621208]}}, {"type": "Feature", "properties": {"id": 1099460851, "name": "Chuan House", "category": "restaurant", "tags": ["restaurant", "chinese"], "sources": ["osm", "overture"], "website": "https://www.chuanhouseuw.com", "phone": "12064202489", "address": "4509 University Way NE", "stations": [{"stopCode": 47, "lines": "1,2", "name": "U District Station", "walkingMeters": 215, "walkingSeconds": 155, "band": 5}]}, "geometry": {"type": "Point", "coordinates": [-122.313298, 47.6616396]}}, {"type": "Feature", "properties": {"id": 1099460998, "name": "Taste of Xi'an", "category": "restaurant", "tags": ["restaurant", "chinese", "barbecue"], "sources": ["osm", "overture"], "website": "http://www.tasteofxianusa.com/", "phone": "2062319999", "address": "4523 University Way NE", "hours": "Mo-Fr 11:00-15:30, 17:00-21:30; Sa-Su 11:00-21:30", "stations": [{"stopCode": 47, "lines": "1,2", "name": "U District Station", "walkingMeters": 254, "walkingSeconds": 183, "band": 5}]}, "geometry": {"type": "Point", "coordinates": [-122.3132932, 47.6619755]}}, {"type": "Feature", "properties": {"id": 1158397930, "name": "Costa's", "category": "restaurant", "tags": ["restaurant", "greek", "takeaway"], "sources": ["osm"], "website": "http://www.costasontheave.com/", "phone": "+1-206-633-2751", "address": "4559 University Way Northeast", "stations": [{"stopCode": 47, "lines": "1,2", "name": "U District Station", "walkingMeters": 366, "walkingSeconds": 264, "band": 5}]}, "geometry": {"type": "Point", "coordinates": [-122.3132789, 47.6629612]}}, {"type": "Feature", "properties": {"id": 1158397939, "name": "Bobalust", "category": "cafe", "tags": ["cafe", "bubble-tea", "vegetarian"], "sources": ["osm"], "website": "https://bobalustteahouse.com/", "phone": "+1-425-361-1997", "address": "4553 University Way Northeast", "hours": "Su-Th 13:00-22:00; Fr,Sa 13:00-23:00", "stations": [{"stopCode": 47, "lines": "1,2", "name": "U District Station", "walkingMeters": 352, "walkingSeconds": 254, "band": 5}]}, "geometry": {"type": "Point", "coordinates": [-122.313281, 47.662833]}}, {"type": "Feature", "properties": {"id": 1158399177, "name": "Pizza Twist / Taco Twist", "category": "restaurant", "tags": ["restaurant", "vegetarian", "vegan"], "sources": ["osm"], "address": "4549 University Way Northeast", "stations": [{"stopCode": 47, "lines": "1,2", "name": "U District Station", "walkingMeters": 338, "walkingSeconds": 244, "band": 5}]}, "geometry": {"type": "Point", "coordinates": [-122.3132823, 47.6627239]}}, {"type": "Feature", "properties": {"id": 1158402196, "name": "Chuanzong Red Pepper", "category": "restaurant", "tags": ["restaurant", "chinese"], "sources": ["osm"], "phone": "+1-206-906-9679", "address": "4545 University Way Northeast", "hours": "Mo-Su 11:00-22:00", "stations": [{"stopCode": 47, "lines": "1,2", "name": "U District Station", "walkingMeters": 325, "walkingSeconds": 234, "band": 5}]}, "geometry": {"type": "Point", "coordinates": [-122.3132839, 47.6626144]}}, {"type": "Feature", "properties": {"id": 1158403590, "name": "Thai Tom", "category": "restaurant", "tags": ["restaurant", "thai", "vegetarian", "asian"], "sources": ["osm", "overture"], "website": "http://thaitomyum.com/", "phone": "+12065486989", "address": "4543 University Wy NE", "hours": "Mo-Sa 11:30-21:00; Su 12:00-21:00", "stations": [{"stopCode": 47, "lines": "1,2", "name": "U District Station", "walkingMeters": 315, "walkingSeconds": 227, "band": 5}]}, "geometry": {"type": "Point", "coordinates": [-122.3132854, 47.662514]}}, {"type": "Feature", "properties": {"id": 1158405161, "name": "Aladdin Falafel", "category": "restaurant", "tags": ["restaurant", "vegetarian", "vegan"], "sources": ["osm"], "address": "4541 University Way Northeast", "hours": "Mo-Th 10:30-01:30, Fr 10:30-03:00, Sa 11:00-03:00, Su 11:00-01:30", "stations": [{"stopCode": 47, "lines": "1,2", "name": "U District Station", "walkingMeters": 309, "walkingSeconds": 222, "band": 5}]}, "geometry": {"type": "Point", "coordinates": [-122.3132863, 47.6624501]}}, {"type": "Feature", "properties": {"id": 1158405907, "name": "Time Bistro", "category": "restaurant", "tags": ["restaurant", "asian", "chicken", "diner", "tea", "vietnamese", "vegetarian", "vegan"], "sources": ["osm", "overture"], "website": "http://www.timebistro.us/", "phone": "+12064208826", "address": "4537B University Wy NE", "hours": "We-Mo 11:00-22:00", "stations": [{"stopCode": 47, "lines": "1,2", "name": "U District Station", "walkingMeters": 303, "walkingSeconds": 218, "band": 5}]}, "geometry": {"type": "Point", "coordinates": [-122.3132872, 47.6623862]}}, {"type": "Feature", "properties": {"id": 1158415808, "name": "Just Burgers", "category": "restaurant", "tags": ["restaurant", "indoor-seating", "vegetarian", "burger", "american"], "sources": ["osm", "overture"], "website": "http://justburgersco.com/", "phone": "+14252761824", "address": "4510 University Wy NE", "hours": "Mo-Su 11:00-23:00", "stations": [{"stopCode": 47, "lines": "1,2", "name": "U District Station", "walkingMeters": 234, "walkingSeconds": 169, "band": 5}]}, "geometry": {"type": "Point", "coordinates": [-122.3129247, 47.6616455]}}, {"type": "Feature", "properties": {"id": 1158416710, "name": "Panda Noodle Bar", "category": "restaurant", "tags": ["restaurant", "chinese", "indoor-seating", "air-conditioned", "asian", "noodles"], "sources": ["osm", "overture"], "website": "https://www.pandanoodlebarseattle.com", "phone": "+12065472445", "address": "4508 University Wy NE", "hours": "Mo-Su 11:00-21:00", "stations": [{"stopCode": 47, "lines": "1,2", "name": "U District Station", "walkingMeters": 224, "walkingSeconds": 161, "band": 5}]}, "geometry": {"type": "Point", "coordinates": [-122.312966, 47.661549]}}, {"type": "Feature", "properties": {"id": 1159430106, "name": "Seattle Best Tea Co.", "category": "cafe", "tags": ["cafe", "bubble-tea"], "sources": ["osm"], "address": "4505 University Way Northeast", "hours": "Tu,We,Su 11:00-20:00; Fr,Sa 11:00-21:00; Mo,Th off", "stations": [{"stopCode": 47, "lines": "1,2", "name": "U District Station", "walkingMeters": 200, "walkingSeconds": 144, "band": 5}]}, "geometry": {"type": "Point", "coordinates": [-122.3133007, 47.661458]}}, {"type": "Feature", "properties": {"id": 1178319387, "name": "Herkimer Coffee - Ravenna", "category": "cafe", "tags": ["cafe", "coffee-shop", "outdoor-seating", "takeaway", "wifi"], "sources": ["osm"], "website": "https://herkimercoffee.com/", "phone": "+1-206-525-5070", "address": "5611 University Way Northeast", "hours": "Mo-Su 07:00-14:00", "stations": [{"stopCode": 46, "lines": "1,2", "name": "Roosevelt Station", "walkingMeters": 903, "walkingSeconds": 650, "band": 15}, {"stopCode": 47, "lines": "1,2", "name": "U District Station", "walkingMeters": 1128, "walkingSeconds": 812, "band": 15}]}, "geometry": {"type": "Point", "coordinates": [-122.3132234, 47.669801]}}, {"type": "Feature", "properties": {"id": 2120255297, "name": "Cedar's", "category": "restaurant", "tags": ["restaurant", "indian", "mediterranean"], "sources": ["osm", "overture"], "website": "http://cedarsseattle.com", "phone": "+12065274000", "address": "4759 Brooklyn Ave NE", "stations": [{"stopCode": 47, "lines": "1,2", "name": "U District Station", "walkingMeters": 511, "walkingSeconds": 370, "band": 10}]}, "geometry": {"type": "Point", "coordinates": [-122.3144998, 47.6647206]}}, {"type": "Feature", "properties": {"id": 2323789998, "name": "Leon Coffee House", "category": "cafe", "tags": ["cafe", "coffee-shop", "outdoor-seating", "wifi", "coffee"], "sources": ["osm", "overture"], "website": "http://www.leoncoffeehouse.com/", "phone": "+12065373660", "address": "1309 NE 45th St", "hours": "Mo-Fr 07:30-17:00; Sa,Su 08:30-17:00", "stations": [{"stopCode": 47, "lines": "1,2", "name": "U District Station", "walkingMeters": 128, "walkingSeconds": 92, "band": 5}]}, "geometry": {"type": "Point", "coordinates": [-122.3138179, 47.6611648]}}, {"type": "Feature", "properties": {"id": 2323790038, "name": "Shawarma King", "category": "fast_food", "tags": ["fast-food", "kebab", "outdoor-seating", "indoor-seating", "vegetarian", "vegan", "restaurant", "mediterranean"], "sources": ["osm", "overture"], "website": "http://www.shawarmakingus.com", "phone": "12064201484", "address": "4337 University Way NE", "hours": "Su-Th 11:00-02:00, Fr,Sa 23:00-03:00", "stations": [{"stopCode": 47, "lines": "1,2", "name": "U District Station", "walkingMeters": 202, "walkingSeconds": 146, "band": 5}]}, "geometry": {"type": "Point", "coordinates": [-122.3133202, 47.6609002]}}, {"type": "Feature", "properties": {"id": 2323846873, "name": "Shawarma King", "category": "restaurant", "tags": ["restaurant", "middle-eastern", "vegetarian", "vegan", "middle", "eastern"], "sources": ["osm", "overture"], "website": "http://Www.shawarmakingus.com/", "phone": "+12069132735", "address": "5241 University Wy NE", "hours": "Su-Th 11:00-02:00, Fr,Sa 11:00-03:00", "stations": [{"stopCode": 47, "lines": "1,2", "name": "U District Station", "walkingMeters": 882, "walkingSeconds": 635, "band": 15}, {"stopCode": 46, "lines": "1,2", "name": "Roosevelt Station", "walkingMeters": 1265, "walkingSeconds": 911, "band": 15}]}, "geometry": {"type": "Point", "coordinates": [-122.3132962, 47.6676256]}}, {"type": "Feature", "properties": {"id": "d8b571bb-ccf9-4737-877e-2f45f7ca2894", "name": "Shawarma King", "category": "restaurant", "tags": ["restaurant", "middle-eastern", "middle", "eastern"], "sources": ["overture"], "website": "http://www.shawarmakingus.com", "phone": "(206) 529-3223", "address": "5004 University Way NE", "stations": [{"stopCode": 47, "lines": "1,2", "name": "U District Station", "walkingMeters": 654, "walkingSeconds": 471, "band": 10}]}, "geometry": {"type": "Point", "coordinates": [-122.3127136, 47.6651497]}}, {"type": "Feature", "properties": {"id": 2323790042, "name": "Mee Sum Pastry", "category": "fast_food", "tags": ["fast-food", "chinese", "wheelchair-accessible", "vegetarian", "bakery"], "sources": ["osm", "overture"], "website": "http://www.meesumseattle.com/", "phone": "+12066327298", "address": "4343 University Wy NE", "hours": "Mo-Su 11:00-22:00", "stations": [{"stopCode": 47, "lines": "1,2", "name": "U District Station", "walkingMeters": 185, "walkingSeconds": 133, "band": 5}]}, "geometry": {"type": "Point", "coordinates": [-122.3133223, 47.6610608]}}, {"type": "Feature", "properties": {"id": 2323790043, "name": "My Favorite Deli", "category": "fast_food", "tags": ["fast-food", "sandwich", "deli", "delicatessen"], "sources": ["osm", "overture"], "website": "http://mattsfamouschilidogs.com", "phone": "(206) 545-4490", "address": "1301 NE 45th St", "hours": "Mo-Fr 06:00-14:30; Sa-Su off", "stations": [{"stopCode": 47, "lines": "1,2", "name": "U District Station", "walkingMeters": 104, "walkingSeconds": 75, "band": 5}]}, "geometry": {"type": "Point", "coordinates": [-122.3141296, 47.6611667]}}, {"type": "Feature", "properties": {"id": 2323794468, "name": "TP Tea", "category": "cafe", "tags": ["cafe", "bubble-tea", "tea", "room"], "sources": ["osm", "overture"], "phone": "+12063279811", "address": "1312 NE 45th St", "hours": "12:30-20:30", "stations": [{"stopCode": 47, "lines": "1,2", "name": "U District Station", "walkingMeters": 157, "walkingSeconds": 113, "band": 5}]}, "geometry": {"type": "Point", "coordinates": [-122.3136236, 47.6614081]}}, {"type": "Feature", "properties": {"id": 2323794471, "name": "George Coffee and Pastries", "category": "cafe", "tags": ["cafe", "coffee-shop", "wifi"], "sources": ["osm"], "address": "1317 Northeast 47th Street", "hours": "07:00-19:00", "stations": [{"stopCode": 47, "lines": "1,2", "name": "U District Station", "walkingMeters": 356, "walkingSeconds": 256, "band": 5}]}, "geometry": {"type": "Point", "coordinates": [-122.313417, 47.6629919]}}, {"type": "Feature", "properties": {"id": 2323794502, "name": "Korean Tofu House Express", "category": "restaurant", "tags": ["restaurant", "korean", "wheelchair-accessible", "vegetarian", "asian"], "sources": ["osm", "overture"], "website": "http://koreantofuhouseexpress.com/", "phone": "+12069223562", "address": "4520 University Way NE", "hours": "Mo-Th 10:00-21:00; Fr-Sa 10:00-22:30; Su 10:00-21:30", "stations": [{"stopCode": 47, "lines": "1,2", "name": "U District Station", "walkingMeters": 276, "walkingSeconds": 199, "band": 5}]}, "geometry": {"type": "Point", "coordinates": [-122.3129432, 47.6620217]}}, {"type": "Feature", "properties": {"id": 2323794557, "name": "Avole", "category": "cafe", "tags": ["cafe"], "sources": ["osm"], "address": "4555 University Way Northeast", "stations": [{"stopCode": 47, "lines": "1,2", "name": "U District Station", "walkingMeters": 355, "walkingSeconds": 256, "band": 5}]}, "geometry": {"type": "Point", "coordinates": [-122.3132802, 47.6628699]}}, {"type": "Feature", "properties": {"id": 2323840145, "name": "ROMA", "category": "restaurant", "tags": ["restaurant", "italian", "outdoor-seating"], "sources": ["osm"], "website": "https://romasea.com", "phone": "+1-206-845-1804", "address": "1405 Northeast 50th Street", "hours": "Mo-Th 11:00-21:00; Fr 11:00-22:00; Sa 16:00-22:00", "stations": [{"stopCode": 47, "lines": "1,2", "name": "U District Station", "walkingMeters": 608, "walkingSeconds": 438, "band": 10}]}, "geometry": {"type": "Point", "coordinates": [-122.3126925, 47.6647928]}}, {"type": "Feature", "properties": {"id": 2323840218, "name": "O Dessert", "category": "cafe", "tags": ["cafe"], "sources": ["osm"], "address": "4727 University Way Northeast", "stations": [{"stopCode": 47, "lines": "1,2", "name": "U District Station", "walkingMeters": 455, "walkingSeconds": 328, "band": 10}]}, "geometry": {"type": "Point", "coordinates": [-122.3133443, 47.663792]}}, {"type": "Feature", "properties": {"id": 2323840364, "name": "Mr Lu\u2019s Burgers And Seafood", "category": "restaurant", "tags": ["restaurant", "burger", "fish-and-chips", "takeaway"], "sources": ["osm"], "phone": "+1-206-525-0365", "address": "4752 University Way Northeast", "hours": "Mo-Sa 11:00-22:00; Su 12:00-22:00", "stations": [{"stopCode": 47, "lines": "1,2", "name": "U District Station", "walkingMeters": 564, "walkingSeconds": 407, "band": 10}]}, "geometry": {"type": "Point", "coordinates": [-122.3129392, 47.664635]}}, {"type": "Feature", "properties": {"id": 2323840372, "name": "Scorpio Cafe", "category": "cafe", "tags": ["cafe", "hawaiian"], "sources": ["osm"], "address": "4754 University Way Northeast", "hours": "Mo-Su 10:00-14:00", "stations": [{"stopCode": 47, "lines": "1,2", "name": "U District Station", "walkingMeters": 569, "walkingSeconds": 410, "band": 10}]}, "geometry": {"type": "Point", "coordinates": [-122.3129388, 47.6646779]}}, {"type": "Feature", "properties": {"id": 2323841616, "name": "Muddy Waters", "category": "cafe", "tags": ["cafe", "coffee-shop"], "sources": ["osm"], "address": "1116 Northeast 47th Street", "stations": [{"stopCode": 47, "lines": "1,2", "name": "U District Station", "walkingMeters": 433, "walkingSeconds": 312, "band": 5}]}, "geometry": {"type": "Point", "coordinates": [-122.3156568, 47.6632259]}}, {"type": "Feature", "properties": {"id": 2323841665, "name": "Lin Dumpling and Noodles", "category": "restaurant", "tags": ["restaurant", "noodles", "chinese"], "sources": ["osm"], "address": "4757 12th Avenue Northeast", "stations": [{"stopCode": 47, "lines": "1,2", "name": "U District Station", "walkingMeters": 591, "walkingSeconds": 426, "band": 10}]}, "geometry": {"type": "Point", "coordinates": [-122.3154104, 47.6648079]}}, {"type": "Feature", "properties": {"id": 2323842648, "name": "Timeless Tea", "category": "cafe", "tags": ["cafe", "tea"], "sources": ["osm"], "website": "https://www.timelessteaseattle.com/", "address": "1000 Northeast 50th Street", "stations": [{"stopCode": 47, "lines": "1,2", "name": "U District Station", "walkingMeters": 781, "walkingSeconds": 562, "band": 10}]}, "geometry": {"type": "Point", "coordinates": [-122.3171865, 47.6652711]}}, {"type": "Feature", "properties": {"id": 2323842649, "name": "Mei Mei Cafe", "category": "restaurant", "tags": ["restaurant", "asian", "wheelchair-accessible", "vegetarian", "cafe", "chinese"], "sources": ["osm", "overture"], "website": "http://www.meimeicafeseattle.com", "phone": "+12067292218", "address": "1004 NE 50th St", "hours": "We-Mo 11:00-20:00", "stations": [{"stopCode": 47, "lines": "1,2", "name": "U District Station", "walkingMeters": 751, "walkingSeconds": 540, "band": 10}]}, "geometry": {"type": "Point", "coordinates": [-122.3170658, 47.6652711]}}, {"type": "Feature", "properties": {"id": 2323846819, "name": "Ku Sushi and Izakaya", "category": "restaurant", "tags": ["restaurant", "japanese", "sushi", "takeaway"], "sources": ["osm", "overture"], "website": "https://www.kusushiizakaya.com", "phone": "12065246101", "address": "5210 University Way NE", "hours": "Su closed; Mo-Sa 17:00-01:00", "stations": [{"stopCode": 47, "lines": "1,2", "name": "U District Station", "walkingMeters": 803, "walkingSeconds": 578, "band": 10}, {"stopCode": 46, "lines": "1,2", "name": "Roosevelt Station", "walkingMeters": 1255, "walkingSeconds": 904, "band": 15}]}, "geometry": {"type": "Point", "coordinates": [-122.3128292, 47.6667674]}}, {"type": "Feature", "properties": {"id": 2323846820, "name": "Village Sushi", "category": "restaurant", "tags": ["restaurant", "japanese", "takeaway", "reservations", "sushi", "asian"], "sources": ["osm", "overture"], "website": "http://www.villagesushiseattle.com/", "phone": "+12069856870", "address": "5211 University Wy NE", "hours": "Tu-Su 05:00-22:00", "stations": [{"stopCode": 47, "lines": "1,2", "name": "U District Station", "walkingMeters": 795, "walkingSeconds": 572, "band": 10}, {"stopCode": 46, "lines": "1,2", "name": "Roosevelt Station", "walkingMeters": 1250, "walkingSeconds": 900, "band": 15}]}, "geometry": {"type": "Point", "coordinates": [-122.3132577, 47.6668432]}}, {"type": "Feature", "properties": {"id": 2323851976, "name": "Pizza Pi Vegan Pizzeria", "category": "restaurant", "tags": ["restaurant", "pizza", "takeaway", "delivery", "vegetarian", "vegan"], "sources": ["osm"], "website": "https://www.pizzapivegan.com/", "phone": "+1-206-343-1415", "address": "5301 Roosevelt Way Northeast", "hours": "Su-Th 12:00-22:00; Fr-Sa 12:00-23:00", "stations": [{"stopCode": 47, "lines": "1,2", "name": "U District Station", "walkingMeters": 1012, "walkingSeconds": 728, "band": 15}, {"stopCode": 46, "lines": "1,2", "name": "Roosevelt Station", "walkingMeters": 1148, "walkingSeconds": 827, "band": 15}]}, "geometry": {"type": "Point", "coordinates": [-122.317558, 47.6672295]}}, {"type": "Feature", "properties": {"id": 2323851978, "name": "The Monkey Pub", "category": "bar", "tags": ["bar", "smoking"], "sources": ["osm"], "website": "https://themonkeypub.com/", "address": "5305 Roosevelt Way Northeast", "hours": "Mo-Su 17:00-01:45", "stations": [{"stopCode": 47, "lines": "1,2", "name": "U District Station", "walkingMeters": 1024, "walkingSeconds": 737, "band": 15}, {"stopCode": 46, "lines": "1,2", "name": "Roosevelt Station", "walkingMeters": 1137, "walkingSeconds": 818, "band": 15}]}, "geometry": {"type": "Point", "coordinates": [-122.3175596, 47.6673198]}}, {"type": "Feature", "properties": {"id": 13332657306, "name": "TOASTED. Bagels & Coffee", "category": "cafe", "tags": ["cafe", "coffee"], "sources": ["osm"], "website": "https://toastedseattle.com/", "address": "4756 15th Avenue Northeast", "hours": "Mo-Su 07:00-16:00", "stations": [{"stopCode": 47, "lines": "1,2", "name": "U District Station", "walkingMeters": 657, "walkingSeconds": 473, "band": 10}]}, "geometry": {"type": "Point", "coordinates": [-122.311771, 47.6647086]}}, {"type": "Feature", "properties": {"id": 5222613108, "name": "A-Pizza Mart", "category": "restaurant", "tags": ["restaurant", "pizza", "takeaway", "delivery", "vegetarian"], "sources": ["osm"], "address": "5240 University Way Northeast", "stations": [{"stopCode": 47, "lines": "1,2", "name": "U District Station", "walkingMeters": 923, "walkingSeconds": 665, "band": 15}, {"stopCode": 46, "lines": "1,2", "name": "Roosevelt Station", "walkingMeters": 1135, "walkingSeconds": 817, "band": 15}]}, "geometry": {"type": "Point", "coordinates": [-122.3128098, 47.6678482]}}, {"type": "Feature", "properties": {"id": 5908595013, "name": "Nasai Teriyaki", "category": "restaurant", "tags": ["restaurant", "vegetarian", "vegan", "japanese", "asian"], "sources": ["osm", "overture"], "website": "http://nasaiteriyaki.com", "phone": "+12063071007", "address": "4305 University Wy NE", "stations": [{"stopCode": 47, "lines": "1,2", "name": "U District Station", "walkingMeters": 139, "walkingSeconds": 100, "band": 5}]}, "geometry": {"type": "Point", "coordinates": [-122.3133353, 47.6600453]}}, {"type": "Feature", "properties": {"id": 2464037794, "name": "Don't Yell At Me", "category": "cafe", "tags": ["cafe", "bubble-tea"], "sources": ["osm"], "phone": "+1-206-588-0719", "address": "4511 University Way Northeast", "hours": "Mo-Su 12:00-22:00", "stations": [{"stopCode": 47, "lines": "1,2", "name": "U District Station", "walkingMeters": 223, "walkingSeconds": 160, "band": 5}]}, "geometry": {"type": "Point", "coordinates": [-122.3132973, 47.6616898]}}, {"type": "Feature", "properties": {"id": 2464037881, "name": "U:Don", "category": "restaurant", "tags": ["restaurant", "japanese", "vegetarian", "vegan", "asian"], "sources": ["osm", "overture"], "website": "https://freshudon.com/", "phone": "+12064533788", "address": "4515 University Wy NE", "stations": [{"stopCode": 47, "lines": "1,2", "name": "U District Station", "walkingMeters": 231, "walkingSeconds": 166, "band": 5}]}, "geometry": {"type": "Point", "coordinates": [-122.3132959, 47.6617852]}}, {"type": "Feature", "properties": {"id": 2464038040, "name": "Tea Republik", "category": "cafe", "tags": ["cafe", "tea", "room"], "sources": ["osm", "overture"], "website": "https://tearepublik.square.site/", "phone": "+12064852314", "address": "4527 University Wy NE", "stations": [{"stopCode": 47, "lines": "1,2", "name": "U District Station", "walkingMeters": 270, "walkingSeconds": 194, "band": 5}]}, "geometry": {"type": "Point", "coordinates": [-122.3132913, 47.6621033]}}, {"type": "Feature", "properties": {"id": 2464038952, "name": "Ding Tea", "category": "cafe", "tags": ["cafe", "bubble-tea", "takeaway"], "sources": ["osm"], "address": "4725 University Way Northeast", "hours": "Mo-Su 11:00-22:00", "stations": [{"stopCode": 47, "lines": "1,2", "name": "U District Station", "walkingMeters": 461, "walkingSeconds": 332, "band": 10}]}, "geometry": {"type": "Point", "coordinates": [-122.3133253, 47.6638406]}}, {"type": "Feature", "properties": {"id": 2464039348, "name": "Burritos California", "category": "restaurant", "tags": ["restaurant", "mexican", "takeaway", "vegetarian", "vegan", "taco", "texmex"], "sources": ["osm", "overture"], "website": "https://burritocali.com/", "phone": "+12067295071", "address": "4743 University Wy NE", "stations": [{"stopCode": 47, "lines": "1,2", "name": "U District Station", "walkingMeters": 515, "walkingSeconds": 371, "band": 10}]}, "geometry": {"type": "Point", "coordinates": [-122.3132533, 47.664331]}}, {"type": "Feature", "properties": {"id": 2464040320, "name": "Persepolis Grill", "category": "restaurant", "tags": ["restaurant", "mediterranean", "persian-iranian", "persian", "iranian"], "sources": ["osm", "overture"], "website": "http://www.persepolis-grill.com/", "phone": "12065243434", "address": "5517 University Way NE", "hours": "Su-Th 11:00-21:00; Fr-Sa 11:00-13:00", "stations": [{"stopCode": 46, "lines": "1,2", "name": "Roosevelt Station", "walkingMeters": 981, "walkingSeconds": 707, "band": 15}, {"stopCode": 47, "lines": "1,2", "name": "U District Station", "walkingMeters": 1051, "walkingSeconds": 756, "band": 15}]}, "geometry": {"type": "Point", "coordinates": [-122.313247, 47.6690921]}}, {"type": "Feature", "properties": {"id": "0b7ae313-0fb5-4280-88fb-ea7ef8bc3302", "name": "Herkimer Coffee", "category": "restaurant", "tags": ["restaurant"], "sources": ["overture"], "website": "https://herkimercoffee.com", "phone": "+12065255070", "address": "5611 University Way NE", "stations": [{"stopCode": 46, "lines": "1,2", "name": "Roosevelt Station", "walkingMeters": 895, "walkingSeconds": 644, "band": 15}, {"stopCode": 47, "lines": "1,2", "name": "U District Station", "walkingMeters": 1135, "walkingSeconds": 817, "band": 15}]}, "geometry": {"type": "Point", "coordinates": [-122.3133926, 47.6698341]}}, {"type": "Feature", "properties": {"id": 6522294485, "name": "Yi Fang Tea", "category": "cafe", "tags": ["cafe", "bubble-tea", "takeaway"], "sources": ["osm"], "hours": "Mo-Su 12:00-22:00", "stations": [{"stopCode": 47, "lines": "1,2", "name": "U District Station", "walkingMeters": 638, "walkingSeconds": 460, "band": 10}]}, "geometry": {"type": "Point", "coordinates": [-122.312876, 47.6652906]}}, {"type": "Feature", "properties": {"id": 1260408764, "name": "Gyro Sababa", "category": "restaurant", "tags": ["restaurant", "mediterranean", "vegetarian", "vegan"], "sources": ["osm"], "address": "4701 Roosevelt Way Northeast", "stations": [{"stopCode": 47, "lines": "1,2", "name": "U District Station", "walkingMeters": 588, "walkingSeconds": 423, "band": 10}]}, "geometry": {"type": "Point", "coordinates": [-122.3176464, 47.6633694]}}, {"type": "Feature", "properties": {"id": 3155451769, "name": "Taste of India", "category": "restaurant", "tags": ["restaurant", "indian", "south-east-asian", "wheelchair-accessible", "asian"], "sources": ["osm", "overture"], "website": "http://www.tasteofindiaseattle.com/home/index.html", "phone": "+12065281575", "address": "5517 Roosevelt Way NE", "hours": "Mo-Sa 11:30-22:00; Su 11:00-21:00", "stations": [{"stopCode": 46, "lines": "1,2", "name": "Roosevelt Station", "walkingMeters": 947, "walkingSeconds": 682, "band": 15}, {"stopCode": 47, "lines": "1,2", "name": "U District Station", "walkingMeters": 1212, "walkingSeconds": 872, "band": 15}]}, "geometry": {"type": "Point", "coordinates": [-122.3175783, 47.6690385]}}, {"type": "Feature", "properties": {"id": 5908771503, "name": "Kitanda", "category": "cafe", "tags": ["cafe", "coffee-shop", "takeaway", "wheelchair-accessible"], "sources": ["osm"], "website": "https://www.kitanda.com/universitydistrict", "phone": "+1-206-866-4158", "hours": "Mo-Sa 08:00-17:00; Su 08:00-16:00", "stations": [{"stopCode": 47, "lines": "1,2", "name": "U District Station", "walkingMeters": 217, "walkingSeconds": 156, "band": 5}]}, "geometry": {"type": "Point", "coordinates": [-122.3158201, 47.6611687]}}, {"type": "Feature", "properties": {"id": 3461919193, "name": "Master Bing", "category": "cafe", "tags": ["cafe", "vegetarian"], "sources": ["osm"], "address": "4537 University Way Northeast", "hours": "Mo-Su 08:30-22:00", "stations": [{"stopCode": 47, "lines": "1,2", "name": "U District Station", "walkingMeters": 295, "walkingSeconds": 213, "band": 5}]}, "geometry": {"type": "Point", "coordinates": [-122.3132881, 47.6623223]}}, {"type": "Feature", "properties": {"id": "f83994fc-b19c-4b6f-8987-535bd3460769", "name": "Xi'an Noodles", "category": "restaurant", "tags": ["restaurant", "noodles", "chinese", "asian"], "sources": ["overture"], "website": "http://www.xiannoodles.com/", "phone": "+12065228888", "address": "5259 University Wy NE", "stations": [{"stopCode": 47, "lines": "1,2", "name": "U District Station", "walkingMeters": 1017, "walkingSeconds": 732, "band": 15}, {"stopCode": 46, "lines": "1,2", "name": "Roosevelt Station", "walkingMeters": 1089, "walkingSeconds": 784, "band": 15}]}, "geometry": {"type": "Point", "coordinates": [-122.3132172, 47.6681213]}}, {"type": "Feature", "properties": {"id": 5502253231, "name": "Araya's Place", "category": "restaurant", "tags": ["restaurant", "thai", "takeaway", "delivery", "vegan", "vegetarian", "asian"], "sources": ["osm", "overture"], "website": "http://arayasplace.com/", "phone": "+12065244332", "address": "5240 University Wy NE", "hours": "Mo-Su 11:30-15:00,16:30-21:00", "stations": [{"stopCode": 47, "lines": "1,2", "name": "U District Station", "walkingMeters": 902, "walkingSeconds": 650, "band": 15}, {"stopCode": 46, "lines": "1,2", "name": "Roosevelt Station", "walkingMeters": 1156, "walkingSeconds": 833, "band": 15}]}, "geometry": {"type": "Point", "coordinates": [-122.312813, 47.6676581]}}, {"type": "Feature", "properties": {"id": 5593749620, "name": "Arepa Venezuelan Kitchen", "category": "restaurant", "tags": ["restaurant", "venezuelan", "latin-american"], "sources": ["osm", "overture"], "website": "https://arepavenezuelakitchen.com/", "phone": "+12065564879", "address": "4500 9th Ave NE", "stations": [{"stopCode": 47, "lines": "1,2", "name": "U District Station", "walkingMeters": 456, "walkingSeconds": 328, "band": 5}]}, "geometry": {"type": "Point", "coordinates": [-122.3181692, 47.6616761]}}, {"type": "Feature", "properties": {"id": 4726559509, "name": "Westman's Bagel and Coffee", "category": "fast_food", "tags": ["fast-food", "bagel"], "sources": ["osm"], "address": "5201 University Way Northeast", "hours": "Fr-Su 08:00-14:00", "stations": [{"stopCode": 47, "lines": "1,2", "name": "U District Station", "walkingMeters": 753, "walkingSeconds": 542, "band": 10}, {"stopCode": 46, "lines": "1,2", "name": "Roosevelt Station", "walkingMeters": 1226, "walkingSeconds": 883, "band": 15}]}, "geometry": {"type": "Point", "coordinates": [-122.3135223, 47.6666898]}}, {"type": "Feature", "properties": {"id": 4583135599, "name": "Macu Tea", "category": "cafe", "tags": ["cafe", "bubble-tea", "takeaway", "wheelchair-accessible", "vegetarian"], "sources": ["osm"], "address": "1100 Northeast 45th Street", "stations": [{"stopCode": 47, "lines": "1,2", "name": "U District Station", "walkingMeters": 266, "walkingSeconds": 192, "band": 5}]}, "geometry": {"type": "Point", "coordinates": [-122.316175, 47.6614131]}}, {"type": "Feature", "properties": {"id": "ae02a0a9-6c98-435c-9764-0b73fa2be5d7", "name": "India House", "category": "restaurant", "tags": ["restaurant", "indian"], "sources": ["overture"], "website": "http://www.bombaygrillofseattle.com/default.asp", "phone": "(206) 632-5072", "address": "4737 Roosevelt Way NE", "stations": [{"stopCode": 47, "lines": "1,2", "name": "U District Station", "walkingMeters": 690, "walkingSeconds": 496, "band": 10}]}, "geometry": {"type": "Point", "coordinates": [-122.3176041, 47.6643105]}}, {"type": "Feature", "properties": {"id": 4726559507, "name": "Late Night Kitchen", "category": "restaurant", "tags": ["restaurant", "korean"], "sources": ["osm"], "address": "5201 University Way Northeast", "hours": "Mo-Su 17:00-03:00", "stations": [{"stopCode": 47, "lines": "1,2", "name": "U District Station", "walkingMeters": 785, "walkingSeconds": 565, "band": 10}, {"stopCode": 46, "lines": "1,2", "name": "Roosevelt Station", "walkingMeters": 1260, "walkingSeconds": 907, "band": 15}]}, "geometry": {"type": "Point", "coordinates": [-122.3132529, 47.6667544]}}, {"type": "Feature", "properties": {"id": 4797835837, "name": "Hiroshi's Poke", "category": "fast_food", "tags": ["fast-food", "japanese", "takeaway", "wheelchair-accessible", "vegetarian", "vegan", "restaurant", "poke"], "sources": ["osm", "overture"], "website": "http://www.hiroshis.com", "phone": "(206) 588-0908", "address": "4712 11th Ave NE", "hours": "Mo-Sa 11:00-20:00", "stations": [{"stopCode": 47, "lines": "1,2", "name": "U District Station", "walkingMeters": 517, "walkingSeconds": 372, "band": 10}]}, "geometry": {"type": "Point", "coordinates": [-122.3161747, 47.6635702]}}, {"type": "Feature", "properties": {"id": 4797835838, "name": "Kiki Bakery & Cafe", "category": "cafe", "tags": ["cafe", "asian", "takeaway", "wheelchair-accessible", "vegetarian"], "sources": ["osm"], "address": "4708 11th Avenue Northeast", "hours": "Mo-Fr 08:00-20:00; Sa-Su 10:00-20:00", "stations": [{"stopCode": 47, "lines": "1,2", "name": "U District Station", "walkingMeters": 517, "walkingSeconds": 372, "band": 10}]}, "geometry": {"type": "Point", "coordinates": [-122.3161723, 47.6634934]}}, {"type": "Feature", "properties": {"id": 5238761507, "name": "Amazing Thai Cuisine", "category": "restaurant", "tags": ["restaurant", "thai", "vegetarian", "vegan", "asian"], "sources": ["osm", "overture"], "website": "https://amazing-thai-cuisine.business.site/", "phone": "+12065280102", "address": "5210 Roosevelt Way NE", "stations": [{"stopCode": 47, "lines": "1,2", "name": "U District Station", "walkingMeters": 953, "walkingSeconds": 686, "band": 15}, {"stopCode": 46, "lines": "1,2", "name": "Roosevelt Station", "walkingMeters": 1178, "walkingSeconds": 848, "band": 15}]}, "geometry": {"type": "Point", "coordinates": [-122.3171951, 47.6668189]}}, {"type": "Feature", "properties": {"id": 5238761508, "name": "Mina's Matcha", "category": "cafe", "tags": ["cafe"], "sources": ["osm"], "address": "5200 Roosevelt Way Northeast", "stations": [{"stopCode": 47, "lines": "1,2", "name": "U District Station", "walkingMeters": 926, "walkingSeconds": 667, "band": 15}, {"stopCode": 46, "lines": "1,2", "name": "Roosevelt Station", "walkingMeters": 1204, "walkingSeconds": 866, "band": 15}]}, "geometry": {"type": "Point", "coordinates": [-122.3172011, 47.6665841]}}, {"type": "Feature", "properties": {"id": 5348536354, "name": "Jewel of India", "category": "restaurant", "tags": ["restaurant", "indian", "takeaway", "delivery", "vegetarian", "wifi"], "sources": ["osm"], "website": "https://www.jewelofindiacuisine.com/", "phone": "+1-206-523-5275", "address": "4735 University Way Northeast", "hours": "Mo-Su 11:00-22:00", "stations": [{"stopCode": 47, "lines": "1,2", "name": "U District Station", "walkingMeters": 493, "walkingSeconds": 355, "band": 10}]}, "geometry": {"type": "Point", "coordinates": [-122.3132488, 47.6641324]}}, {"type": "Feature", "properties": {"id": 5610368274, "name": "Morsel", "category": "restaurant", "tags": ["restaurant", "breakfast", "coffee", "cafe"], "sources": ["osm", "overture"], "website": "http://morselseattle.com/", "phone": "+12062680154", "address": "5000 University Wy NE Ste d", "hours": "Mo-Su 08:00-15:00", "stations": [{"stopCode": 47, "lines": "1,2", "name": "U District Station", "walkingMeters": 647, "walkingSeconds": 466, "band": 10}]}, "geometry": {"type": "Point", "coordinates": [-122.3128674, 47.6653712]}}, {"type": "Feature", "properties": {"id": 5696841076, "name": "Donut Factory", "category": "cafe", "tags": ["cafe", "donut"], "sources": ["osm"], "website": "https://donutfactoryinc.com/", "address": "4336 Roosevelt Way Northeast", "hours": "24/7", "stations": [{"stopCode": 47, "lines": "1,2", "name": "U District Station", "walkingMeters": 375, "walkingSeconds": 269, "band": 5}]}, "geometry": {"type": "Point", "coordinates": [-122.3173657, 47.6610614]}}, {"type": "Feature", "properties": {"id": 5908479380, "name": "YGF MalaTang", "category": "restaurant", "tags": ["restaurant", "chinese", "takeaway", "vegetarian", "vegan"], "sources": ["osm"], "address": "4730 University Way Northeast", "stations": [{"stopCode": 47, "lines": "1,2", "name": "U District Station", "walkingMeters": 461, "walkingSeconds": 332, "band": 10}]}, "geometry": {"type": "Point", "coordinates": [-122.3129525, 47.6636997]}}, {"type": "Feature", "properties": {"id": 5908479382, "name": "CANUC", "category": "cafe", "tags": ["cafe"], "sources": ["osm"], "address": "4730 University Way Northeast", "stations": [{"stopCode": 47, "lines": "1,2", "name": "U District Station", "walkingMeters": 472, "walkingSeconds": 340, "band": 10}]}, "geometry": {"type": "Point", "coordinates": [-122.3129509, 47.6638017]}}, {"type": "Feature", "properties": {"id": 5908517116, "name": "Solo Noodle", "category": "restaurant", "tags": ["restaurant", "japanese"], "sources": ["osm"], "website": "https://solonoodle.com", "address": "1409 Northeast 45th Street", "stations": [{"stopCode": 47, "lines": "1,2", "name": "U District Station", "walkingMeters": 212, "walkingSeconds": 153, "band": 5}]}, "geometry": {"type": "Point", "coordinates": [-122.3127199, 47.6611456]}}, {"type": "Feature", "properties": {"id": 5908590031, "name": "Egg Street", "category": "cafe", "tags": ["cafe", "korean"], "sources": ["osm"], "address": "4507 University Way Northeast", "stations": [{"stopCode": 47, "lines": "1,2", "name": "U District Station", "walkingMeters": 204, "walkingSeconds": 147, "band": 5}]}, "geometry": {"type": "Point", "coordinates": [-122.3133, 47.6615018]}}, {"type": "Feature", "properties": {"id": 5908598837, "name": "Unity Museum", "category": "cafe", "tags": ["cafe", "museum"], "sources": ["osm"], "website": "https://unitymuseum.org/", "address": "4341 University Way Northeast", "hours": "Fr-Su 15:00-24:00", "stations": [{"stopCode": 47, "lines": "1,2", "name": "U District Station", "walkingMeters": 155, "walkingSeconds": 111, "band": 5}]}, "geometry": {"type": "Point", "coordinates": [-122.3133224, 47.6610046]}}, {"type": "Feature", "properties": {"id": 6056281491, "name": "Sinners Pizza", "category": "restaurant", "tags": ["restaurant", "pizza"], "sources": ["osm"], "address": "4529 University Way Northeast", "stations": [{"stopCode": 47, "lines": "1,2", "name": "U District Station", "walkingMeters": 274, "walkingSeconds": 197, "band": 5}]}, "geometry": {"type": "Point", "coordinates": [-122.3132904, 47.6621672]}}, {"type": "Feature", "properties": {"id": 6230992085, "name": "Poindexter", "category": "cafe", "tags": ["cafe", "coffee-shop"], "sources": ["osm"], "website": "https://www.graduatehotels.com/seattle/restaurant/poindexter/", "phone": "+1-206-634-2000", "address": "4507 Brooklyn Avenue Northeast", "hours": "Mo-Su 06:30-18:00; We-Sa 06:30-20:00", "stations": [{"stopCode": 47, "lines": "1,2", "name": "U District Station", "walkingMeters": 143, "walkingSeconds": 103, "band": 5}]}, "geometry": {"type": "Point", "coordinates": [-122.3144657, 47.6614305]}}, {"type": "Feature", "properties": {"id": 6230992086, "name": "Genghis Cohen", "category": "restaurant", "tags": ["restaurant", "chinese"], "sources": ["osm"], "stations": [{"stopCode": 47, "lines": "1,2", "name": "U District Station", "walkingMeters": 147, "walkingSeconds": 106, "band": 5}]}, "geometry": {"type": "Point", "coordinates": [-122.3146389, 47.6614307]}}, {"type": "Feature", "properties": {"id": 6230992185, "name": "The Mountaineering Club", "category": "bar", "tags": ["bar", "outdoor-seating", "wifi"], "sources": ["osm"], "website": "https://www.graduatehotels.com/seattle/restaurant/mountaineering-club/", "phone": "+1-206-634-2000", "address": "4507 Brooklyn Avenue Northeast", "hours": "Mo-Th 15:00-24:00; Fr 00:00-02:00,15:00-24:00; Sa,Su 00:00-02:00,12:00-24:00", "stations": [{"stopCode": 47, "lines": "1,2", "name": "U District Station", "walkingMeters": 157, "walkingSeconds": 113, "band": 5}]}, "geometry": {"type": "Point", "coordinates": [-122.3146422, 47.6615147]}}, {"type": "Feature", "properties": {"id": 6854825973, "name": "Tig Kitchen and Bar", "category": "bar", "tags": ["bar", "restaurant", "korean"], "sources": ["osm", "overture"], "phone": "+12065224274", "address": "5240 University Wy NE", "hours": "Mo-Su 18:00-26:00", "stations": [{"stopCode": 47, "lines": "1,2", "name": "U District Station", "walkingMeters": 912, "walkingSeconds": 657, "band": 15}, {"stopCode": 46, "lines": "1,2", "name": "Roosevelt Station", "walkingMeters": 1145, "walkingSeconds": 825, "band": 15}]}, "geometry": {"type": "Point", "coordinates": [-122.3128116, 47.6677591]}}, {"type": "Feature", "properties": {"id": 6854825974, "name": "Cold Plate Dessert", "category": "ice_cream", "tags": ["ice-cream"], "sources": ["osm"], "address": "5240 University Way Northeast", "stations": [{"stopCode": 47, "lines": "1,2", "name": "U District Station", "walkingMeters": 908, "walkingSeconds": 654, "band": 15}, {"stopCode": 46, "lines": "1,2", "name": "Roosevelt Station", "walkingMeters": 1150, "walkingSeconds": 829, "band": 15}]}, "geometry": {"type": "Point", "coordinates": [-122.3128126, 47.6677094]}}, {"type": "Feature", "properties": {"id": 6908409985, "name": "Off the Rez Cafe", "category": "cafe", "tags": ["cafe", "american", "outdoor-seating", "restaurant", "taco"], "sources": ["osm", "overture"], "website": "http://offthereztruck.com/", "phone": "+12064148226", "address": "4300 15th Ave NE", "hours": "Tu-Su 10:00-17:00", "stations": [{"stopCode": 47, "lines": "1,2", "name": "U District Station", "walkingMeters": 352, "walkingSeconds": 253, "band": 5}]}, "geometry": {"type": "Point", "coordinates": [-122.311331, 47.66019]}}, {"type": "Feature", "properties": {"id": 8098300673, "name": "Sip House", "category": "cafe", "tags": ["cafe", "coffee-shop", "wifi", "coffee"], "sources": ["osm", "overture"], "website": "http://siphousewa.com/", "phone": "+12064685358", "address": "5001 Brooklyn Ave NE", "stations": [{"stopCode": 47, "lines": "1,2", "name": "U District Station", "walkingMeters": 538, "walkingSeconds": 390, "band": 10}]}, "geometry": {"type": "Point", "coordinates": [-122.314412, 47.665029]}}, {"type": "Feature", "properties": {"id": 9828748238, "name": "Qing Shu", "category": "restaurant", "tags": ["restaurant", "chinese", "vegetarian", "vegan"], "sources": ["osm"], "phone": "+1-206-773-6813", "address": "4311 University Way Northeast", "stations": [{"stopCode": 47, "lines": "1,2", "name": "U District Station", "walkingMeters": 155, "walkingSeconds": 111, "band": 5}]}, "geometry": {"type": "Point", "coordinates": [-122.3133323, 47.6601888]}}, {"type": "Feature", "properties": {"id": 10104474337, "name": "Sunright Tea Studio", "category": "cafe", "tags": ["cafe", "bubble-tea"], "sources": ["osm"], "website": "https://www.snrtea.com", "phone": "+1-206-545-3877", "address": "545 Roosevelt Way Northeast", "stations": [{"stopCode": 47, "lines": "1,2", "name": "U District Station", "walkingMeters": 492, "walkingSeconds": 354, "band": 10}]}, "geometry": {"type": "Point", "coordinates": [-122.3176421, 47.6624814]}}, {"type": "Feature", "properties": {"id": 11839323538, "name": "Ice Monster", "category": "restaurant", "tags": ["restaurant"], "sources": ["osm"], "stations": [{"stopCode": 47, "lines": "1,2", "name": "U District Station", "walkingMeters": 256, "walkingSeconds": 184, "band": 5}]}, "geometry": {"type": "Point", "coordinates": [-122.3159648, 47.6614308]}}, {"type": "Feature", "properties": {"id": "ee59fa94-e7b3-4127-8409-bc6b702a5e17", "name": "Arosa Cafe", "category": "cafe", "tags": ["cafe", "coffee"], "sources": ["overture"], "website": "http://www.arosacafe.com/", "phone": "2066789399", "address": "5600 Roosevelt Way NE", "stations": [{"stopCode": 46, "lines": "1,2", "name": "Roosevelt Station", "walkingMeters": 880, "walkingSeconds": 638, "band": 10}, {"stopCode": 47, "lines": "1,2", "name": "U District Station", "walkingMeters": 1270, "walkingSeconds": 914, "band": 15}]}, "geometry": {"type": "Point", "coordinates": [-122.3173828, 47.6696091]}}, {"type": "Feature", "properties": {"id": 12396686599, "name": "CoCo Fresh Tea & Juice", "category": "cafe", "tags": ["cafe", "bubble-tea", "takeaway", "air-conditioned"], "sources": ["osm"], "address": "4700 Brooklyn Avenue Northeast", "stations": [{"stopCode": 47, "lines": "1,2", "name": "U District Station", "walkingMeters": 349, "walkingSeconds": 251, "band": 5}]}, "geometry": {"type": "Point", "coordinates": [-122.3137956, 47.6632]}}, {"type": "Feature", "properties": {"id": 12423137377, "name": "Naan Stop", "category": "restaurant", "tags": ["restaurant", "indian"], "sources": ["osm"], "website": "https://www.naanstopeat.com/", "phone": "+1-206-814-9098", "address": "4549 University Way Northeast", "stations": [{"stopCode": 47, "lines": "1,2", "name": "U District Station", "walkingMeters": 342, "walkingSeconds": 246, "band": 5}]}, "geometry": {"type": "Point", "coordinates": [-122.3132818, 47.6627604]}}, {"type": "Feature", "properties": {"id": 12634598501, "name": "Snowy Village", "category": "ice_cream", "tags": ["ice-cream", "wifi"], "sources": ["osm"], "website": "https://snowy-village.wa-cafe.com/", "phone": "+1-206-708-1111", "address": "5264 University Way Northeast", "hours": "Su-Th 13:00-21:45; Fr-Sa 13:00-22:45", "stations": [{"stopCode": 47, "lines": "1,2", "name": "U District Station", "walkingMeters": 975, "walkingSeconds": 702, "band": 15}, {"stopCode": 46, "lines": "1,2", "name": "Roosevelt Station", "walkingMeters": 1083, "walkingSeconds": 780, "band": 15}]}, "geometry": {"type": "Point", "coordinates": [-122.312828, 47.6683152]}}, {"type": "Feature", "properties": {"id": 12656994490, "name": "Chifa", "category": "cafe", "tags": ["cafe"], "sources": ["osm"], "stations": [{"stopCode": 47, "lines": "1,2", "name": "U District Station", "walkingMeters": 232, "walkingSeconds": 167, "band": 5}]}, "geometry": {"type": "Point", "coordinates": [-122.3129768, 47.6607709]}}, {"type": "Feature", "properties": {"id": 13323283501, "name": "Sumo Sushi & Grill AYCE", "category": "restaurant", "tags": ["restaurant", "japanese"], "sources": ["osm"], "address": "5000 University Way Northeast", "hours": "Mo-Su 11:00-21:45", "stations": [{"stopCode": 47, "lines": "1,2", "name": "U District Station", "walkingMeters": 670, "walkingSeconds": 483, "band": 10}]}, "geometry": {"type": "Point", "coordinates": [-122.312851, 47.6655779]}}, {"type": "Feature", "properties": {"id": 13323577005, "name": "Earl's on the Ave", "category": "bar", "tags": ["bar", "sports", "bar-and-grill"], "sources": ["osm", "overture"], "website": "http://www.earlsontheave.com/", "phone": "+12065254493", "address": "4333 University Way NE", "stations": [{"stopCode": 47, "lines": "1,2", "name": "U District Station", "walkingMeters": 212, "walkingSeconds": 152, "band": 5}]}, "geometry": {"type": "Point", "coordinates": [-122.31331, 47.6608156]}}, {"type": "Feature", "properties": {"id": 13461804001, "name": "CM Chicken", "category": "restaurant", "tags": ["restaurant", "korean"], "sources": ["osm"], "address": "5266 University Way Northeast", "stations": [{"stopCode": 47, "lines": "1,2", "name": "U District Station", "walkingMeters": 971, "walkingSeconds": 700, "band": 15}, {"stopCode": 46, "lines": "1,2", "name": "Roosevelt Station", "walkingMeters": 1087, "walkingSeconds": 783, "band": 15}]}, "geometry": {"type": "Point", "coordinates": [-122.3128555, 47.6682821]}}, {"type": "Feature", "properties": {"id": 13852271825, "name": "Wing Xscape by Hot Potato 1.2.3. Express", "category": "restaurant", "tags": ["restaurant", "takeaway", "delivery"], "sources": ["osm"], "website": "https://www.hotpotato123express.com/", "address": "5600 Roosevelt Way Northeast", "hours": "Fr 11:00-22:00; Sa-Th 11:00-21:00", "stations": [{"stopCode": 46, "lines": "1,2", "name": "Roosevelt Station", "walkingMeters": 868, "walkingSeconds": 625, "band": 10}, {"stopCode": 47, "lines": "1,2", "name": "U District Station", "walkingMeters": 1241, "walkingSeconds": 893, "band": 15}]}, "geometry": {"type": "Point", "coordinates": [-122.3170855, 47.669562]}}, {"type": "Feature", "properties": {"id": 13967946819, "name": "Cheba Hut \"Toasted\" Subs", "category": "restaurant", "tags": ["restaurant", "sandwich"], "sources": ["osm", "overture"], "website": "https://chebahut.com/locations/seattle-udistrict/?utm_source=bing&utm_medium=organic&utm_campaign=Seattle-U+District", "phone": "2062944380", "address": "4730 University Way NE Ste 108", "hours": "Mo-Th 11:00-22:00; Fr 11:00-00:00; Su 11:00-21:00", "stations": [{"stopCode": 47, "lines": "1,2", "name": "U District Station", "walkingMeters": 488, "walkingSeconds": 352, "band": 10}]}, "geometry": {"type": "Point", "coordinates": [-122.3129334, 47.6639612]}}, {"type": "Feature", "properties": {"id": "79793f26-8775-4df1-aabe-f87bf1b2baed", "name": "Jack in the Box", "category": "restaurant", "tags": ["restaurant", "taco", "burger", "fast-food", "mexican"], "sources": ["overture"], "website": "http://www.jackinthebox.com/locations/WA/Seattle/98105/8412?utm_source=bing&utm_medium=local&utm_campaign=localmaps&utm_content=5554ffb062ed9b10e8e80fb5", "phone": "2065255599", "address": "4749 University Way NE", "stations": [{"stopCode": 47, "lines": "1,2", "name": "U District Station", "walkingMeters": 567, "walkingSeconds": 408, "band": 10}]}, "geometry": {"type": "Point", "coordinates": [-122.3133392, 47.6647301]}}, {"type": "Feature", "properties": {"id": "b88b5e89-2403-485d-88c8-ea0284ef7d67", "name": "Seoul Tofu House", "category": "restaurant", "tags": ["restaurant", "korean"], "sources": ["overture"], "website": "http://www.uwseoultofuhouse.com", "phone": "(206) 633-9993", "address": "4538 University Way NE", "stations": [{"stopCode": 47, "lines": "1,2", "name": "U District Station", "walkingMeters": 363, "walkingSeconds": 262, "band": 5}]}, "geometry": {"type": "Point", "coordinates": [-122.3127823, 47.6624718]}}, {"type": "Feature", "properties": {"id": 98531490, "name": "Raising Cane's", "category": "fast_food", "tags": ["fast-food", "chicken", "takeaway"], "sources": ["osm"], "website": "https://locations.raisingcanes.com/wa/seattle/4345-university-way-ne", "address": "4345 University Way Northeast", "stations": [{"stopCode": 47, "lines": "1,2", "name": "U District Station", "walkingMeters": 154, "walkingSeconds": 111, "band": 5}]}, "geometry": {"type": "Point", "coordinates": [-122.3134637, 47.6611373]}}, {"type": "Feature", "properties": {"id": 223484895, "name": "Slurp Station Aburasoba - UW", "category": "restaurant", "tags": ["restaurant", "ramen", "vegetarian", "vegan"], "sources": ["osm"], "address": "4701 Brooklyn Avenue Northeast", "stations": [{"stopCode": 47, "lines": "1,2", "name": "U District Station", "walkingMeters": 375, "walkingSeconds": 270, "band": 5}]}, "geometry": {"type": "Point", "coordinates": [-122.3145645, 47.6632874]}}, {"type": "Feature", "properties": {"id": 223484905, "name": "Itadakimasu", "category": "restaurant", "tags": ["restaurant", "asian", "fusion"], "sources": ["osm", "overture"], "website": "http://www.itadakimasu-restaurant.com", "phone": "12066590722", "address": "4743 Brooklyn Ave NE", "stations": [{"stopCode": 47, "lines": "1,2", "name": "U District Station", "walkingMeters": 461, "walkingSeconds": 334, "band": 10}]}, "geometry": {"type": "Point", "coordinates": [-122.3144604, 47.6643402]}}, {"type": "Feature", "properties": {"id": 223485013, "name": "Manager's Pizza", "category": "restaurant", "tags": ["restaurant", "pizza", "italian"], "sources": ["osm", "overture"], "website": "http://Managerspizza.online/", "phone": "+12064135548", "address": "4741 12th Ave NE", "stations": [{"stopCode": 47, "lines": "1,2", "name": "U District Station", "walkingMeters": 535, "walkingSeconds": 385, "band": 10}]}, "geometry": {"type": "Point", "coordinates": [-122.3155577, 47.6643055]}}, {"type": "Feature", "properties": {"id": 467115614, "name": "Ladd & Lass Brewing", "category": "pub", "tags": ["pub", "brewery", "microbrew", "air-conditioned", "wifi", "bar"], "sources": ["osm", "overture"], "website": "http://www.floatingbridgebrewing.com/", "phone": "+12062570132", "address": "722 NE 45th St", "hours": "Mo-Fr 15:00-22:00; Sa 12:00-22:00; Su 12:00-20:00", "stations": [{"stopCode": 47, "lines": "1,2", "name": "U District Station", "walkingMeters": 542, "walkingSeconds": 389, "band": 10}]}, "geometry": {"type": "Point", "coordinates": [-122.3198121, 47.6615039]}}, {"type": "Feature", "properties": {"id": "f718b40f-d11e-4631-b8be-c51ee816b914", "name": "ZENSHI Handcrafted Sushi", "category": "restaurant", "tags": ["restaurant", "sushi", "japanese"], "sources": ["overture"], "website": "https://www.zenshisushi.com/", "phone": "+12065224565", "address": "4732 Brooklyn Ave NE", "stations": [{"stopCode": 47, "lines": "1,2", "name": "U District Station", "walkingMeters": 564, "walkingSeconds": 421, "band": 10}]}, "geometry": {"type": "Point", "coordinates": [-122.3138885, 47.6641998]}}, {"type": "Feature", "properties": {"id": "3f2a5f68-6198-4fce-b795-e3bc2d684052", "name": "Potbelly Sandwich Shop", "category": "restaurant", "tags": ["restaurant", "sandwich"], "sources": ["overture"], "website": "http://www.potbelly.com/TheAve", "phone": "(206) 204-6999", "address": "4520 University Ave.", "stations": [{"stopCode": 47, "lines": "1,2", "name": "U District Station", "walkingMeters": 279, "walkingSeconds": 200, "band": 5}]}, "geometry": {"type": "Point", "coordinates": [-122.3128891, 47.6620598]}}, {"type": "Feature", "properties": {"id": "3dc0a6ed-e7bd-4ca4-a8bd-319a8ddba83a", "name": "Tully's Coffee", "category": "cafe", "tags": ["cafe", "coffee"], "sources": ["overture"], "website": "http://www.tullys.com/", "phone": "2065272373", "address": "4507 Brooklyn Ave NE", "stations": [{"stopCode": 47, "lines": "1,2", "name": "U District Station", "walkingMeters": 145, "walkingSeconds": 106, "band": 5}]}, "geometry": {"type": "Point", "coordinates": [-122.3142853, 47.6615562]}}, {"type": "Feature", "properties": {"id": "d2d79844-2e7a-4d8c-b124-32c5802a736b", "name": "QDOBA Mexican Eats", "category": "fast_food", "tags": ["fast-food", "fast", "food", "mexican"], "sources": ["overture"], "website": "https://locations.qdoba.com/us/wa/seattle/1200-ne-45th-st.html?utm_source=Listings", "phone": "2065470803", "address": "1200 NE 45th St", "stations": [{"stopCode": 47, "lines": "1,2", "name": "U District Station", "walkingMeters": 190, "walkingSeconds": 137, "band": 5}]}, "geometry": {"type": "Point", "coordinates": [-122.3152313, 47.6614609]}}, {"type": "Feature", "properties": {"id": "e98d0e24-36da-4267-9f33-acdd2a4c1693", "name": "GABA sushi", "category": "restaurant", "tags": ["restaurant", "sushi"], "sources": ["overture"], "website": "http://www.gabasushi.com", "phone": "(206) 556-8961", "address": "4507 University Way NE", "stations": [{"stopCode": 47, "lines": "1,2", "name": "U District Station", "walkingMeters": 174, "walkingSeconds": 125, "band": 5}]}, "geometry": {"type": "Point", "coordinates": [-122.3134003, 47.6613998]}}, {"type": "Feature", "properties": {"id": "5d0a805a-f389-482d-b502-a029087f3c67", "name": "Qdoba Mexican Grill", "category": "restaurant", "tags": ["restaurant", "mexican"], "sources": ["overture"], "website": "https://locations.qdoba.com/us/wa/seattle/1200-ne-45th-st.html", "phone": "(206) 547-0803", "address": "1200 NE 45th St", "stations": [{"stopCode": 47, "lines": "1,2", "name": "U District Station", "walkingMeters": 190, "walkingSeconds": 137, "band": 5}]}, "geometry": {"type": "Point", "coordinates": [-122.3152313, 47.6614609]}}, {"type": "Feature", "properties": {"id": "c7fbb8ba-cceb-4a2d-b3ec-65608b7917ec", "name": "Raising Cane's Chicken Fingers", "category": "fast_food", "tags": ["fast-food", "fast", "food"], "sources": ["overture"], "website": "https://locations.raisingcanes.com/wa/seattle/4345-university-way-ne", "address": "4345 University Way NE", "stations": [{"stopCode": 47, "lines": "1,2", "name": "U District Station", "walkingMeters": 154, "walkingSeconds": 111, "band": 5}]}, "geometry": {"type": "Point", "coordinates": [-122.3134537, 47.6611366]}}, {"type": "Feature", "properties": {"id": "75389e64-0531-4720-8cc9-05fef0ed7954", "name": "U District Food Truck Corner", "category": "fast_food", "tags": ["fast-food", "food", "truck"], "sources": ["overture"], "website": "https://www.laddandlassbrewing.com/food", "phone": "+12062570132", "address": "722 NE 45th St", "stations": [{"stopCode": 47, "lines": "1,2", "name": "U District Station", "walkingMeters": 545, "walkingSeconds": 391, "band": 10}]}, "geometry": {"type": "Point", "coordinates": [-122.3198166, 47.6615067]}}, {"type": "Feature", "properties": {"id": "2ac2235c-218d-4ae9-bc65-0b171191e902", "name": "Floating Bridge Brewing", "category": "bar", "tags": ["bar", "brewery"], "sources": ["overture"], "website": "https://www.floatingbridgebrewing.com", "phone": "2064664784", "address": "722 NE 45th St", "stations": [{"stopCode": 47, "lines": "1,2", "name": "U District Station", "walkingMeters": 540, "walkingSeconds": 388, "band": 10}]}, "geometry": {"type": "Point", "coordinates": [-122.3198471, 47.6614838]}}, {"type": "Feature", "properties": {"id": "d3a77593-48d0-4fa1-ba04-abbb4dc93f1c", "name": "Rainbow Bar & Grill", "category": "restaurant", "tags": ["restaurant"], "sources": ["overture"], "website": "https://therainbowlive.com", "address": "722 NE 45th St", "stations": [{"stopCode": 47, "lines": "1,2", "name": "U District Station", "walkingMeters": 582, "walkingSeconds": 434, "band": 10}]}, "geometry": {"type": "Point", "coordinates": [-122.3198471, 47.6614838]}}, {"type": "Feature", "properties": {"id": "d33f72a6-033e-44f5-8687-bb88ed730450", "name": "Three Fools Inc", "category": "restaurant", "tags": ["restaurant"], "sources": ["overture"], "website": "https://www.thebluemoonseattle.com", "address": "712 NE 45th St", "stations": [{"stopCode": 47, "lines": "1,2", "name": "U District Station", "walkingMeters": 587, "walkingSeconds": 438, "band": 10}]}, "geometry": {"type": "Point", "coordinates": [-122.3199005, 47.6614914]}}, {"type": "Feature", "properties": {"id": "2938b52d-110f-45ae-bd46-cbbe3c1c3179", "name": "Pi Vegan Pizzeria", "category": "restaurant", "tags": ["restaurant", "pizza", "vegetarian", "italian"], "sources": ["overture"], "website": "http://www.pizzapivegan.com/", "phone": "+12063431415", "address": "5301 Roosevelt Way NE", "stations": [{"stopCode": 47, "lines": "1,2", "name": "U District Station", "walkingMeters": 1020, "walkingSeconds": 734, "band": 15}, {"stopCode": 46, "lines": "1,2", "name": "Roosevelt Station", "walkingMeters": 1164, "walkingSeconds": 838, "band": 15}]}, "geometry": {"type": "Point", "coordinates": [-122.3176498, 47.6671944]}}, {"type": "Feature", "properties": {"id": "00b230c7-ed7f-4a78-948a-f7d36cd216d6", "name": "Monkey Pub", "category": "pub", "tags": ["pub"], "sources": ["overture"], "website": "http://www.myspace.com/monkeypub", "phone": "+12067086134", "address": "5305 Roosevelt Way NE", "stations": [{"stopCode": 47, "lines": "1,2", "name": "U District Station", "walkingMeters": 1063, "walkingSeconds": 793, "band": 15}, {"stopCode": 46, "lines": "1,2", "name": "Roosevelt Station", "walkingMeters": 1355, "walkingSeconds": 1011, "band": 15}]}, "geometry": {"type": "Point", "coordinates": [-122.3175507, 47.6672821]}}, {"type": "Feature", "properties": {"id": "66636c20-208a-4a93-baea-e229cc8f6a8b", "name": "Dante's", "category": "bar", "tags": ["bar", "sports"], "sources": ["overture"], "website": "http://dantesseattle.com", "phone": "(206) 525-1300", "address": "5300 Roosevelt Way NE", "stations": [{"stopCode": 47, "lines": "1,2", "name": "U District Station", "walkingMeters": 1001, "walkingSeconds": 720, "band": 15}, {"stopCode": 46, "lines": "1,2", "name": "Roosevelt Station", "walkingMeters": 1129, "walkingSeconds": 813, "band": 15}]}, "geometry": {"type": "Point", "coordinates": [-122.3171234, 47.6672516]}}, {"type": "Feature", "properties": {"id": "0b3e3316-c98d-4993-b34b-c9bde4ff4948", "name": "Thai Noodle", "category": "restaurant", "tags": ["restaurant"], "sources": ["overture"], "website": "https://thainoodleetc.com", "address": "5210 Roosevelt Way NE", "stations": [{"stopCode": 47, "lines": "1,2", "name": "U District Station", "walkingMeters": 981, "walkingSeconds": 732, "band": 15}, {"stopCode": 46, "lines": "1,2", "name": "Roosevelt Station", "walkingMeters": 1421, "walkingSeconds": 1060, "band": 15}]}, "geometry": {"type": "Point", "coordinates": [-122.3170853, 47.66679]}}, {"type": "Feature", "properties": {"id": "3ad2888c-d914-4df5-b63d-a9f4ef8fd059", "name": "Chef Cai Cafe", "category": "restaurant", "tags": ["restaurant", "chinese"], "sources": ["overture"], "website": "http://www.chefcaicafe.redpassionmenu.com", "phone": "(206) 922-2189", "address": "1004 NE 50th St", "stations": [{"stopCode": 47, "lines": "1,2", "name": "U District Station", "walkingMeters": 754, "walkingSeconds": 542, "band": 10}]}, "geometry": {"type": "Point", "coordinates": [-122.3170471, 47.6652985]}}, {"type": "Feature", "properties": {"id": "c70a856a-f63a-4d00-9c14-3c6759032718", "name": "In Pizza We Crust", "category": "restaurant", "tags": ["restaurant", "pizza"], "sources": ["overture"], "website": "https://www.inpizzawecrust.net", "phone": "12067143176", "address": "5600 Roosevelt Way NE", "stations": [{"stopCode": 46, "lines": "1,2", "name": "Roosevelt Station", "walkingMeters": 1016, "walkingSeconds": 758, "band": 10}, {"stopCode": 47, "lines": "1,2", "name": "U District Station", "walkingMeters": 1374, "walkingSeconds": 1025, "band": 15}]}, "geometry": {"type": "Point", "coordinates": [-122.3170624, 47.6696014]}}, {"type": "Feature", "properties": {"id": "23aae3a1-bc30-4c51-adb9-95b909133f4f", "name": "The Biryani Wars", "category": "restaurant", "tags": ["restaurant", "indian", "pakistani"], "sources": ["overture"], "website": "https://www.thebiryaniwars.com/", "phone": "+12065869699", "address": "5600 Roosevelt Way NE", "stations": [{"stopCode": 46, "lines": "1,2", "name": "Roosevelt Station", "walkingMeters": 868, "walkingSeconds": 625, "band": 10}, {"stopCode": 47, "lines": "1,2", "name": "U District Station", "walkingMeters": 1240, "walkingSeconds": 893, "band": 15}]}, "geometry": {"type": "Point", "coordinates": [-122.3170853, 47.6695976]}}, {"type": "Feature", "properties": {"id": "b8e9b624-b906-46b7-9c37-97b28805b4da", "name": "District 4 Cafe", "category": "restaurant", "tags": ["restaurant", "vietnamese"], "sources": ["overture"], "website": "http://fomocafe.getbento.com", "phone": "(510) 962-0363", "address": "5600 Roosevelt Way NE", "stations": [{"stopCode": 46, "lines": "1,2", "name": "Roosevelt Station", "walkingMeters": 1023, "walkingSeconds": 763, "band": 10}, {"stopCode": 47, "lines": "1,2", "name": "U District Station", "walkingMeters": 1372, "walkingSeconds": 1024, "band": 15}]}, "geometry": {"type": "Point", "coordinates": [-122.3172073, 47.6695671]}}, {"type": "Feature", "properties": {"id": "035077d6-e9d9-45bb-8df0-c637210a931b", "name": "Punjabi Kitchen", "category": "restaurant", "tags": ["restaurant"], "sources": ["overture"], "website": "https://www.punjabikitchenwa.com/?utm_source=bing&utm_medium=websiteurl&utm_campaign=search", "phone": "2066985064", "address": "5600 Roosevelt Way NE", "stations": [{"stopCode": 46, "lines": "1,2", "name": "Roosevelt Station", "walkingMeters": 886, "walkingSeconds": 638, "band": 10}, {"stopCode": 47, "lines": "1,2", "name": "U District Station", "walkingMeters": 1256, "walkingSeconds": 904, "band": 15}]}, "geometry": {"type": "Point", "coordinates": [-122.3172531, 47.669548]}}, {"type": "Feature", "properties": {"id": "b0251f3e-a52f-4888-aa64-046052df5c3c", "name": "Yeti House", "category": "restaurant", "tags": ["restaurant"], "sources": ["overture"], "website": "https://www.orderyetihousewa.com/?utm_source=bing&utm_medium=websiteurl&utm_campaign=search", "phone": "2066596739", "address": "5600 Roosevelt Way NE", "stations": [{"stopCode": 46, "lines": "1,2", "name": "Roosevelt Station", "walkingMeters": 886, "walkingSeconds": 638, "band": 10}, {"stopCode": 47, "lines": "1,2", "name": "U District Station", "walkingMeters": 1256, "walkingSeconds": 904, "band": 15}]}, "geometry": {"type": "Point", "coordinates": [-122.3172531, 47.669548]}}, {"type": "Feature", "properties": {"id": "36beb63a-8b13-4d13-89e0-7546a7003a20", "name": "Halal Smash BRGR - U District", "category": "restaurant", "tags": ["restaurant", "burger", "halal", "american"], "sources": ["overture"], "website": "https://udistricteats.com/s/halal-smash-brgr-u-district/5600-roosevelt-way-ne-seattle/9ec119c2-abd1-4bd5-9204-00f373f7958f", "phone": "+12062499902", "address": "5600 Roosevelt Way NE", "stations": [{"stopCode": 46, "lines": "1,2", "name": "Roosevelt Station", "walkingMeters": 1027, "walkingSeconds": 766, "band": 10}, {"stopCode": 47, "lines": "1,2", "name": "U District Station", "walkingMeters": 1370, "walkingSeconds": 1022, "band": 15}]}, "geometry": {"type": "Point", "coordinates": [-122.3172531, 47.6695442]}}, {"type": "Feature", "properties": {"id": "3839ab9d-4645-4075-8dc7-6f7842f10493", "name": "Rotana Bites", "category": "restaurant", "tags": ["restaurant", "burger", "american"], "sources": ["overture"], "website": "http://rotanabites.com/", "phone": "+14254004678", "address": "5600 Roosevelt Way NE", "stations": [{"stopCode": 46, "lines": "1,2", "name": "Roosevelt Station", "walkingMeters": 1017, "walkingSeconds": 759, "band": 10}, {"stopCode": 47, "lines": "1,2", "name": "U District Station", "walkingMeters": 1380, "walkingSeconds": 1030, "band": 15}]}, "geometry": {"type": "Point", "coordinates": [-122.3172455, 47.6696129]}}, {"type": "Feature", "properties": {"id": "820a7152-8757-42e4-832f-210d607d05f3", "name": "The Deccan Kitchen - Seattle", "category": "restaurant", "tags": ["restaurant", "indian", "asian"], "sources": ["overture"], "website": "http://www.thedeccankitchen.com/", "phone": "+12065869699", "address": "5600 Roosevelt Way NE", "stations": [{"stopCode": 46, "lines": "1,2", "name": "Roosevelt Station", "walkingMeters": 887, "walkingSeconds": 638, "band": 10}, {"stopCode": 47, "lines": "1,2", "name": "U District Station", "walkingMeters": 1256, "walkingSeconds": 904, "band": 15}]}, "geometry": {"type": "Point", "coordinates": [-122.3172607, 47.6695518]}}, {"type": "Feature", "properties": {"id": "161ce1dc-3262-4829-8c27-c900b42c4ba0", "name": "FOMO Cafe", "category": "cafe", "tags": ["cafe", "breakfast-and-brunch"], "sources": ["overture"], "website": "https://linktr.ee/fomocafe", "phone": "+15109620363", "address": "5600 Roosevelt Way NE #101", "stations": [{"stopCode": 46, "lines": "1,2", "name": "Roosevelt Station", "walkingMeters": 886, "walkingSeconds": 638, "band": 10}, {"stopCode": 47, "lines": "1,2", "name": "U District Station", "walkingMeters": 1255, "walkingSeconds": 903, "band": 15}]}, "geometry": {"type": "Point", "coordinates": [-122.3172607, 47.6695442]}}, {"type": "Feature", "properties": {"id": "e6e16d76-8abe-4256-9ac0-ba2f9cfe833e", "name": "U District Eats", "category": "restaurant", "tags": ["restaurant"], "sources": ["overture"], "website": "http://udistricteats.com/", "phone": "+12068999569", "address": "5600 Roosevelt Way NE", "stations": [{"stopCode": 46, "lines": "1,2", "name": "Roosevelt Station", "walkingMeters": 887, "walkingSeconds": 642, "band": 10}, {"stopCode": 47, "lines": "1,2", "name": "U District Station", "walkingMeters": 1263, "walkingSeconds": 909, "band": 15}]}, "geometry": {"type": "Point", "coordinates": [-122.3173218, 47.669548]}}, {"type": "Feature", "properties": {"id": "00e58aa2-b60b-4368-a539-f2cb51f24665", "name": "Bai Tong Thai Restaurant - U District", "category": "restaurant", "tags": ["restaurant", "thai"], "sources": ["overture"], "website": "https://baitongthaitogo.com/baitongudistrict", "phone": "2065515557", "address": "5600 Roosevelt Way NE Ste 109", "stations": [{"stopCode": 46, "lines": "1,2", "name": "Roosevelt Station", "walkingMeters": 880, "walkingSeconds": 638, "band": 10}, {"stopCode": 47, "lines": "1,2", "name": "U District Station", "walkingMeters": 1270, "walkingSeconds": 914, "band": 15}]}, "geometry": {"type": "Point", "coordinates": [-122.3173828, 47.6696091]}}, {"type": "Feature", "properties": {"id": "735544f7-5d09-42f0-8632-38ed4b974e37", "name": "The Rat and Raven", "category": "pub", "tags": ["pub"], "sources": ["overture"], "website": "http://ratandraven.com", "phone": "(206) 524-3166", "address": "5260 University Way NE", "stations": [{"stopCode": 47, "lines": "1,2", "name": "U District Station", "walkingMeters": 956, "walkingSeconds": 689, "band": 15}, {"stopCode": 46, "lines": "1,2", "name": "Roosevelt Station", "walkingMeters": 1101, "walkingSeconds": 793, "band": 15}]}, "geometry": {"type": "Point", "coordinates": [-122.3128662, 47.6681557]}}, {"type": "Feature", "properties": {"id": "558744f0-6ebb-46a4-bead-1241885012f8", "name": "A Pizza Mart - University Way", "category": "bar", "tags": ["bar", "dive", "fast-food", "pizza"], "sources": ["overture"], "website": "https://www.apizzamartuniversity.com/?utm_source=organic_bing&utm_medium=bing_pw", "phone": "2065174000", "address": "5240 University Way NE", "stations": [{"stopCode": 47, "lines": "1,2", "name": "U District Station", "walkingMeters": 900, "walkingSeconds": 648, "band": 15}, {"stopCode": 46, "lines": "1,2", "name": "Roosevelt Station", "walkingMeters": 1157, "walkingSeconds": 834, "band": 15}]}, "geometry": {"type": "Point", "coordinates": [-122.3127136, 47.6676483]}}, {"type": "Feature", "properties": {"id": "3f0da62c-23fb-451f-ba90-b299b0f6e92d", "name": "Atlantic Street Pizza & Breakfast Club", "category": "restaurant", "tags": ["restaurant", "pizza"], "sources": ["overture"], "website": "http://www.atlanticstreetpizza.com", "phone": "(206) 524-4432", "address": "5253 University Way NE", "stations": [{"stopCode": 47, "lines": "1,2", "name": "U District Station", "walkingMeters": 783, "walkingSeconds": 564, "band": 10}]}, "geometry": {"type": "Point", "coordinates": [-122.3129501, 47.6666031]}}, {"type": "Feature", "properties": {"id": "0097e11a-d5a8-4c90-a89c-237f04e51bc4", "name": "Pizza Ragazzi", "category": "restaurant", "tags": ["restaurant", "pizza"], "sources": ["overture"], "website": "http://www.pizzaragazzi.com/", "phone": "(206) 525-1700", "address": "5201 University Way NE", "stations": [{"stopCode": 47, "lines": "1,2", "name": "U District Station", "walkingMeters": 782, "walkingSeconds": 563, "band": 10}, {"stopCode": 46, "lines": "1,2", "name": "Roosevelt Station", "walkingMeters": 1264, "walkingSeconds": 910, "band": 15}]}, "geometry": {"type": "Point", "coordinates": [-122.3132248, 47.6667213]}}, {"type": "Feature", "properties": {"id": "8ce46712-6ed2-4016-bb36-d39041ef41e0", "name": "Teriyaki 1st", "category": "restaurant", "tags": ["restaurant", "japanese"], "sources": ["overture"], "website": "http://www.pizzaragazzi.com", "phone": "(206) 526-1661", "address": "5201 University Way NE", "stations": [{"stopCode": 47, "lines": "1,2", "name": "U District Station", "walkingMeters": 758, "walkingSeconds": 545, "band": 10}, {"stopCode": 46, "lines": "1,2", "name": "Roosevelt Station", "walkingMeters": 1222, "walkingSeconds": 880, "band": 15}]}, "geometry": {"type": "Point", "coordinates": [-122.3134766, 47.666729]}}, {"type": "Feature", "properties": {"id": "cc9debef-58b0-4d47-9978-d704527b0cdf", "name": "Bok A Bok Fried Chicken", "category": "restaurant", "tags": ["restaurant", "chicken"], "sources": ["overture"], "phone": "+12066695976", "address": "5201 University Way NE", "stations": [{"stopCode": 47, "lines": "1,2", "name": "U District Station", "walkingMeters": 758, "walkingSeconds": 545, "band": 10}, {"stopCode": 46, "lines": "1,2", "name": "Roosevelt Station", "walkingMeters": 1222, "walkingSeconds": 880, "band": 15}]}, "geometry": {"type": "Point", "coordinates": [-122.3134003, 47.6667061]}}, {"type": "Feature", "properties": {"id": "db7ea6b4-893a-4059-a370-de2daa71ecee", "name": "Westman's Bagel And Coffee - Udistrict", "category": "bakery", "tags": ["bakery", "bagel"], "sources": ["overture"], "website": "https://www.westmansbagel.com", "phone": "14255532768", "address": "5201 University Way Ne  Ste B", "stations": [{"stopCode": 47, "lines": "1,2", "name": "U District Station", "walkingMeters": 929, "walkingSeconds": 693, "band": 10}, {"stopCode": 46, "lines": "1,2", "name": "Roosevelt Station", "walkingMeters": 1451, "walkingSeconds": 1083, "band": 15}]}, "geometry": {"type": "Point", "coordinates": [-122.3134003, 47.6667061]}}, {"type": "Feature", "properties": {"id": "deca65bb-1ce5-4764-b154-03279f82ece5", "name": "Jie Bakery & Tea", "category": "bakery", "tags": ["bakery"], "sources": ["overture"], "website": "http://jiebakerytea.com", "phone": "(206) 866-8653", "address": "5201 University Way NE", "stations": [{"stopCode": 47, "lines": "1,2", "name": "U District Station", "walkingMeters": 765, "walkingSeconds": 551, "band": 10}, {"stopCode": 46, "lines": "1,2", "name": "Roosevelt Station", "walkingMeters": 1278, "walkingSeconds": 920, "band": 15}]}, "geometry": {"type": "Point", "coordinates": [-122.313385, 47.6667099]}}, {"type": "Feature", "properties": {"id": "affa0a9d-213e-402c-b26d-d5e9e354a616", "name": "Hawaii BBQ Restaurant", "category": "restaurant", "tags": ["restaurant", "barbecue"], "sources": ["overture"], "website": "http://www.hawaii-bbq.com", "phone": "(206) 522-7740", "address": "4549 University Way NE", "stations": [{"stopCode": 47, "lines": "1,2", "name": "U District Station", "walkingMeters": 647, "walkingSeconds": 466, "band": 10}]}, "geometry": {"type": "Point", "coordinates": [-122.3129044, 47.6653824]}}, {"type": "Feature", "properties": {"id": "c98127c2-e878-42fe-9fe5-3a5717dbaff9", "name": "Mandarin Chef", "category": "restaurant", "tags": ["restaurant", "chinese"], "sources": ["overture"], "website": "http://mandarinchef.com/", "phone": "(206) 528-7596", "address": "5022 University Way NE", "stations": [{"stopCode": 47, "lines": "1,2", "name": "U District Station", "walkingMeters": 681, "walkingSeconds": 490, "band": 10}]}, "geometry": {"type": "Point", "coordinates": [-122.3127518, 47.6656799]}}, {"type": "Feature", "properties": {"id": "dac930a4-9f57-4c00-b0dd-c200d337d5e9", "name": "Tandoor", "category": "restaurant", "tags": ["restaurant", "indian"], "sources": ["overture"], "website": "http://www.tandoor-india.com/", "phone": "(206) 523-7477", "address": "5024 University Way NE", "stations": [{"stopCode": 47, "lines": "1,2", "name": "U District Station", "walkingMeters": 655, "walkingSeconds": 472, "band": 10}]}, "geometry": {"type": "Point", "coordinates": [-122.3127365, 47.6654472]}}, {"type": "Feature", "properties": {"id": "a149fcc8-a129-471c-afc0-1dfe1d36a3d9", "name": "She Cafe Llc", "category": "restaurant", "tags": ["restaurant"], "sources": ["overture"], "address": "5000 University Way Ne Ste C", "stations": [{"stopCode": 47, "lines": "1,2", "name": "U District Station", "walkingMeters": 698, "walkingSeconds": 521, "band": 10}]}, "geometry": {"type": "Point", "coordinates": [-122.3128052, 47.6650429]}}, {"type": "Feature", "properties": {"id": "932b2907-bd1e-45ed-96f5-dd57772dc11f", "name": "Toasted Bagels and Coffee", "category": "bakery", "tags": ["bakery", "bagel"], "sources": ["overture"], "website": "http://toastedseattle.com/", "phone": "+18664218505", "address": "4756 15th Ave NE", "stations": [{"stopCode": 47, "lines": "1,2", "name": "U District Station", "walkingMeters": 660, "walkingSeconds": 475, "band": 10}]}, "geometry": {"type": "Point", "coordinates": [-122.311821, 47.6647568]}}, {"type": "Feature", "properties": {"id": "f14e917d-40ee-4733-9c6b-fc6d849b8000", "name": "Grean Matcha", "category": "cafe", "tags": ["cafe", "tea", "room"], "sources": ["overture"], "website": "http://drinkgrean.com", "address": "4524 University Way NE", "stations": [{"stopCode": 47, "lines": "1,2", "name": "U District Station", "walkingMeters": 306, "walkingSeconds": 220, "band": 5}]}, "geometry": {"type": "Point", "coordinates": [-122.3127823, 47.661953]}}, {"type": "Feature", "properties": {"id": "332d9582-3c9c-403c-833f-afad12caaf04", "name": "Ancient Gate Coffee", "category": "cafe", "tags": ["cafe", "coffee"], "sources": ["overture"], "website": "http://www.ancientgatecoffee.com/", "phone": "+18592295770", "address": "4530 University Wy NE", "stations": [{"stopCode": 47, "lines": "1,2", "name": "U District Station", "walkingMeters": 296, "walkingSeconds": 213, "band": 5}]}, "geometry": {"type": "Point", "coordinates": [-122.3130341, 47.66222]}}, {"type": "Feature", "properties": {"id": "f3bcb8c7-84ca-4890-82a7-1b97dbd51e15", "name": "Zen Noodle & Cafe", "category": "restaurant", "tags": ["restaurant", "taiwanese", "asian", "noodles"], "sources": ["overture"], "website": "https://zennoodlecafewa.com/", "phone": "2066327792", "address": "4537 University Way Northeast A", "stations": [{"stopCode": 47, "lines": "1,2", "name": "U District Station", "walkingMeters": 300, "walkingSeconds": 216, "band": 5}]}, "geometry": {"type": "Point", "coordinates": [-122.3132858, 47.6623993]}}, {"type": "Feature", "properties": {"id": "441acf01-a34b-46b9-b3a6-6f74e249c71a", "name": "Master Bing (uw) \u714e\u997c\u5e08\u5085", "category": "restaurant", "tags": ["restaurant", "chinese"], "sources": ["overture"], "website": "https://order.toasttab.com/online/wengers", "phone": "12064208284", "address": "4537A University Way NE", "stations": [{"stopCode": 47, "lines": "1,2", "name": "U District Station", "walkingMeters": 315, "walkingSeconds": 235, "band": 5}]}, "geometry": {"type": "Point", "coordinates": [-122.3133545, 47.6624184]}}, {"type": "Feature", "properties": {"id": "1216c95e-16bf-4154-9664-2d915af2a5ab", "name": "Ok Noodles", "category": "restaurant", "tags": ["restaurant"], "sources": ["overture"], "address": "4537 University Way NE", "stations": [{"stopCode": 47, "lines": "1,2", "name": "U District Station", "walkingMeters": 315, "walkingSeconds": 235, "band": 5}]}, "geometry": {"type": "Point", "coordinates": [-122.3133545, 47.6624184]}}, {"type": "Feature", "properties": {"id": "12ede5de-1d50-4269-a198-c183ccbb6cc6", "name": "Wing Central On The Ave", "category": "restaurant", "tags": ["restaurant", "bar-and-grill", "bar", "grill"], "sources": ["overture"], "website": "wingcentral.net", "phone": "2066349464", "address": "4524 University Way Ne  # 4522", "stations": [{"stopCode": 47, "lines": "1,2", "name": "U District Station", "walkingMeters": 283, "walkingSeconds": 211, "band": 5}]}, "geometry": {"type": "Point", "coordinates": [-122.3128281, 47.6620483]}}, {"type": "Feature", "properties": {"id": "a25f7d2f-81c8-4c0c-b23a-3d18d8bb5580", "name": "CaliBurger Seattle", "category": "restaurant", "tags": ["restaurant", "burger"], "sources": ["overture"], "website": "http://www.caliburger.com/seattle", "phone": "(206) 420-8199", "address": "4509 University Way", "stations": [{"stopCode": 47, "lines": "1,2", "name": "U District Station", "walkingMeters": 212, "walkingSeconds": 153, "band": 5}]}, "geometry": {"type": "Point", "coordinates": [-122.3132095, 47.6616135]}}, {"type": "Feature", "properties": {"id": "dc074605-cf3e-4e75-92ed-df238d43eff3", "name": "I see food", "category": "restaurant", "tags": ["restaurant", "cajun-and-creole", "cajun", "creole"], "sources": ["overture"], "phone": "2065471111", "address": "4311 University Way NE", "stations": [{"stopCode": 47, "lines": "1,2", "name": "U District Station", "walkingMeters": 154, "walkingSeconds": 111, "band": 5}]}, "geometry": {"type": "Point", "coordinates": [-122.3132172, 47.6601181]}}, {"type": "Feature", "properties": {"id": "58f8ff95-97f0-49ba-9b37-d45c21491d8a", "name": "Beetle Cafe", "category": "restaurant", "tags": ["restaurant", "asian", "fusion"], "sources": ["overture"], "phone": "+12065470977", "address": "4334 University Way NE", "stations": [{"stopCode": 47, "lines": "1,2", "name": "U District Station", "walkingMeters": 268, "walkingSeconds": 193, "band": 5}]}, "geometry": {"type": "Point", "coordinates": [-122.3128357, 47.6608047]}}, {"type": "Feature", "properties": {"id": "b435d44b-8259-401d-bba0-fbc11547280a", "name": "Monarch Coffee", "category": "restaurant", "tags": ["restaurant"], "sources": ["overture"], "address": "4334 University Way NE", "stations": [{"stopCode": 47, "lines": "1,2", "name": "U District Station", "walkingMeters": 146, "walkingSeconds": 109, "band": 5}]}, "geometry": {"type": "Point", "coordinates": [-122.3128357, 47.6608047]}}, {"type": "Feature", "properties": {"id": "9ebb7dc4-c8fe-46e0-9d01-4a604aae9c70", "name": "JustPok\u00e9 UW", "category": "fast_food", "tags": ["fast-food", "fast", "food", "hawaiian"], "sources": ["overture"], "website": "https://www.justpoke.com/", "phone": "+12065666156", "address": "4339 University Way NE", "stations": [{"stopCode": 47, "lines": "1,2", "name": "U District Station", "walkingMeters": 116, "walkingSeconds": 87, "band": 5}]}, "geometry": {"type": "Point", "coordinates": [-122.3134232, 47.6609497]}}, {"type": "Feature", "properties": {"id": "dbdefd88-da29-41f9-b218-dceb4e145da4", "name": "4339 Ave Llc", "category": "restaurant", "tags": ["restaurant"], "sources": ["overture"], "website": "shadesonpoint.com", "address": "4339 University Way NE", "stations": [{"stopCode": 47, "lines": "1,2", "name": "U District Station", "walkingMeters": 109, "walkingSeconds": 81, "band": 5}]}, "geometry": {"type": "Point", "coordinates": [-122.3134842, 47.6609154]}}, {"type": "Feature", "properties": {"id": "1c6e13b9-b16b-44ab-89ff-5691acfaa30d", "name": "Gossip Espresso & Tea", "category": "restaurant", "tags": ["restaurant"], "sources": ["overture"], "address": "4343 University Way NE", "stations": [{"stopCode": 47, "lines": "1,2", "name": "U District Station", "walkingMeters": 123, "walkingSeconds": 92, "band": 5}]}, "geometry": {"type": "Point", "coordinates": [-122.3134918, 47.6610336]}}, {"type": "Feature", "properties": {"id": "df7085b9-9481-4d1c-9e3c-9425cd67e5f3", "name": "Trabant Coffee & Chai", "category": "cafe", "tags": ["cafe", "coffee"], "sources": ["overture"], "website": "https://www.trabantcoffee.com", "address": "1309 NE 45th St", "stations": [{"stopCode": 47, "lines": "1,2", "name": "U District Station", "walkingMeters": 138, "walkingSeconds": 99, "band": 5}]}, "geometry": {"type": "Point", "coordinates": [-122.3137817, 47.6611404]}}, {"type": "Feature", "properties": {"id": "05db9664-c41d-4fa5-b2c6-a8c0866b8594", "name": "Paul's Italian Kitchen", "category": "restaurant", "tags": ["restaurant", "pizza"], "sources": ["overture"], "website": "http://www.paulsitaliankitchen.com", "phone": "+12065254493", "address": "4333 University Way NE", "stations": [{"stopCode": 47, "lines": "1,2", "name": "U District Station", "walkingMeters": 210, "walkingSeconds": 151, "band": 5}]}, "geometry": {"type": "Point", "coordinates": [-122.3134842, 47.6608124]}}, {"type": "Feature", "properties": {"id": "48933a77-d16c-4e1f-9c57-690c0a3efbb2", "name": "Mr. Bian Dumpling \u8001\u8fb9\u997a\u5b50\u9986", "category": "restaurant", "tags": ["restaurant"], "sources": ["overture"], "phone": "2065456823", "address": "4311 University Way NE", "stations": [{"stopCode": 47, "lines": "1,2", "name": "U District Station", "walkingMeters": 124, "walkingSeconds": 89, "band": 5}]}, "geometry": {"type": "Point", "coordinates": [-122.313446, 47.660183]}}, {"type": "Feature", "properties": {"id": "b05833db-5185-4142-a981-7dfe96dc17bf", "name": "My Restaurant One", "category": "restaurant", "tags": ["restaurant", "breakfast-and-brunch", "breakfast", "brunch"], "sources": ["overture"], "website": "http://mattsfamouschilidogs.com/", "phone": "+12065454490", "address": "1301 NE 45th St", "stations": [{"stopCode": 47, "lines": "1,2", "name": "U District Station", "walkingMeters": 154, "walkingSeconds": 111, "band": 5}]}, "geometry": {"type": "Point", "coordinates": [-122.313942, 47.6610184]}}, {"type": "Feature", "properties": {"id": "5691155e-b379-4b63-af62-df55b4a154e5", "name": "Poindexter Coffee", "category": "cafe", "tags": ["cafe", "coffee"], "sources": ["overture"], "website": "https://www.graduatehotels.com/seattle/restaurant/poindexter/", "phone": "+12066342000", "address": "4507 Brooklyn Ave NE", "stations": [{"stopCode": 47, "lines": "1,2", "name": "U District Station", "walkingMeters": 144, "walkingSeconds": 103, "band": 5}]}, "geometry": {"type": "Point", "coordinates": [-122.3143768, 47.6614761]}}, {"type": "Feature", "properties": {"id": "ca6a94de-831d-473c-9804-a24319653ac9", "name": "Hunan Chinese Kitchen", "category": "restaurant", "tags": ["restaurant", "chinese"], "sources": ["overture"], "website": "http://www.seattlechinesecuisine.com", "phone": "(206) 588-0740", "address": "4507 University Way NE, Seattle, WA 98105", "stations": [{"stopCode": 47, "lines": "1,2", "name": "U District Station", "walkingMeters": 167, "walkingSeconds": 120, "band": 5}]}, "geometry": {"type": "Point", "coordinates": [-122.3134842, 47.6614265]}}, {"type": "Feature", "properties": {"id": "ccc74413-7720-4238-9a06-ea551d846b3e", "name": "Capsule Cafe", "category": "restaurant", "tags": ["restaurant", "taiwanese", "asian"], "sources": ["overture"], "website": "http://www.eggstreet.net/", "phone": "5642004300", "address": "4507 University Way NE", "stations": [{"stopCode": 47, "lines": "1,2", "name": "U District Station", "walkingMeters": 167, "walkingSeconds": 120, "band": 5}]}, "geometry": {"type": "Point", "coordinates": [-122.3134995, 47.6615143]}}, {"type": "Feature", "properties": {"id": "2ecffd62-ad25-43d1-a11e-f97232da0764", "name": "Fortune Restaurant Investments Inc", "category": "restaurant", "tags": ["restaurant"], "sources": ["overture"], "website": "https://www.fortuneinvest.com", "address": "4509 University Way NE", "stations": [{"stopCode": 47, "lines": "1,2", "name": "U District Station", "walkingMeters": 206, "walkingSeconds": 154, "band": 5}]}, "geometry": {"type": "Point", "coordinates": [-122.3134689, 47.6616554]}}, {"type": "Feature", "properties": {"id": "48516a3e-4958-499a-a457-51365127e41b", "name": "Tasty Pot \u5473\u9f0e", "category": "restaurant", "tags": ["restaurant", "taiwanese"], "sources": ["overture"], "website": "https://www.tastypotusa.com", "phone": "(206) 397-3746", "address": "4509 University Way NE", "stations": [{"stopCode": 47, "lines": "1,2", "name": "U District Station", "walkingMeters": 218, "walkingSeconds": 157, "band": 5}]}, "geometry": {"type": "Point", "coordinates": [-122.3134537, 47.6616631]}}, {"type": "Feature", "properties": {"id": "c909856f-c5f7-448d-ba0c-f3a3c0944c83", "name": "BBQ Chicken", "category": "restaurant", "tags": ["restaurant", "barbecue", "korean", "chicken"], "sources": ["overture"], "website": "http://www.bbqchickenusa.com/", "phone": "+12065475151", "address": "4525 University Way NE", "stations": [{"stopCode": 47, "lines": "1,2", "name": "U District Station", "walkingMeters": 264, "walkingSeconds": 190, "band": 5}]}, "geometry": {"type": "Point", "coordinates": [-122.3133621, 47.6619644]}}, {"type": "Feature", "properties": {"id": "d493d04a-0366-4d39-8c90-252cef858bc1", "name": "Chi Mac - Seattle", "category": "restaurant", "tags": ["restaurant", "wings", "chicken"], "sources": ["overture"], "website": "insurance4assurance.com", "phone": "12066008803", "address": "4525 University Way NE", "stations": [{"stopCode": 47, "lines": "1,2", "name": "U District Station", "walkingMeters": 264, "walkingSeconds": 190, "band": 5}]}, "geometry": {"type": "Point", "coordinates": [-122.3134613, 47.6620789]}}, {"type": "Feature", "properties": {"id": "c6ca0191-f444-4bc2-aa7b-1d86fad9f17b", "name": "Fju Corporation", "category": "restaurant", "tags": ["restaurant"], "sources": ["overture"], "website": "https://www.chimacseattle.com", "address": "4525 University Way NE", "stations": [{"stopCode": 47, "lines": "1,2", "name": "U District Station", "walkingMeters": 265, "walkingSeconds": 198, "band": 5}]}, "geometry": {"type": "Point", "coordinates": [-122.3134613, 47.6620789]}}, {"type": "Feature", "properties": {"id": "eedd48ea-ef22-4755-ba84-5aabf4159139", "name": "Supreme", "category": "restaurant", "tags": ["restaurant", "pizza"], "sources": ["overture"], "website": "http://www.supreme.bar", "phone": "12064533076", "address": "4529 University Way NE", "stations": [{"stopCode": 47, "lines": "1,2", "name": "U District Station", "walkingMeters": 280, "walkingSeconds": 202, "band": 5}]}, "geometry": {"type": "Point", "coordinates": [-122.3134613, 47.6621552]}}, {"type": "Feature", "properties": {"id": "4efcbb68-8b9e-462e-9841-7c279c93daab", "name": "What Da Phad", "category": "restaurant", "tags": ["restaurant", "thai"], "sources": ["overture"], "website": "http://www.whatdaphad.com", "phone": "(206) 547-6500", "address": "4537 University Way NE Ste A", "stations": [{"stopCode": 47, "lines": "1,2", "name": "U District Station", "walkingMeters": 277, "walkingSeconds": 199, "band": 5}]}, "geometry": {"type": "Point", "coordinates": [-122.3133774, 47.6621933]}}, {"type": "Feature", "properties": {"id": "c0735628-b5a9-4543-930d-ba4470f32e95", "name": "Aloha Kitchen", "category": "restaurant", "tags": ["restaurant"], "sources": ["overture"], "website": "http://www.alohakitchenlv.com", "phone": "(206) 632-2999", "address": "4537 University Way NE Ste B", "stations": [{"stopCode": 47, "lines": "1,2", "name": "U District Station", "walkingMeters": 297, "walkingSeconds": 214, "band": 5}]}, "geometry": {"type": "Point", "coordinates": [-122.3133926, 47.6623726]}}, {"type": "Feature", "properties": {"id": "36ca1648-fb8e-4a8b-8c83-df87c6b91053", "name": "Garam Masala", "category": "restaurant", "tags": ["restaurant", "halal", "pakistani"], "sources": ["overture"], "website": "http://garammasalawa.com/", "phone": "2066321900", "address": "4537 University Way NE", "stations": [{"stopCode": 47, "lines": "1,2", "name": "U District Station", "walkingMeters": 295, "walkingSeconds": 212, "band": 5}]}, "geometry": {"type": "Point", "coordinates": [-122.3134308, 47.6623535]}}, {"type": "Feature", "properties": {"id": "60d819bb-da20-48ae-b43a-bc2236bb2c28", "name": "Hawaii Barbecue", "category": "restaurant", "tags": ["restaurant", "barbecue"], "sources": ["overture"], "website": "http://www.hawaiibbqrestaurant-uw.com", "phone": "(206) 535-6990", "address": "4549 University Way NE", "stations": [{"stopCode": 47, "lines": "1,2", "name": "U District Station", "walkingMeters": 350, "walkingSeconds": 252, "band": 5}]}, "geometry": {"type": "Point", "coordinates": [-122.3134232, 47.662838]}}, {"type": "Feature", "properties": {"id": "26e30514-1499-4525-98fc-b607f98993ae", "name": "Taco Twist", "category": "restaurant", "tags": ["restaurant"], "sources": ["overture"], "website": "https://www.tacotwistseattle.com/?utm_source=bing&utm_medium=websiteurl&utm_campaign=search", "phone": "2062378001", "address": "4549 University Way NE A", "stations": [{"stopCode": 47, "lines": "1,2", "name": "U District Station", "walkingMeters": 338, "walkingSeconds": 243, "band": 5}]}, "geometry": {"type": "Point", "coordinates": [-122.3134232, 47.6627426]}}, {"type": "Feature", "properties": {"id": "b9b67719-403d-418a-8705-6d816f3d11ca", "name": "Aladdin Falafel Corner", "category": "restaurant", "tags": ["restaurant", "mediterranean", "middle-eastern", "fast-food"], "sources": ["overture"], "website": "http://aladdinfalafelcorner.bite2go.com/", "phone": "+12065489539", "address": "4541 University Wy NE", "stations": [{"stopCode": 47, "lines": "1,2", "name": "U District Station", "walkingMeters": 308, "walkingSeconds": 222, "band": 5}]}, "geometry": {"type": "Point", "coordinates": [-122.3132019, 47.662468]}}, {"type": "Feature", "properties": {"id": "2a897f02-f296-4b93-b467-bcc9be23f8d8", "name": "Red Pepper", "category": "restaurant", "tags": ["restaurant", "chinese", "asian"], "sources": ["overture"], "website": "http://www.redpepperusa.com/", "phone": "+12069069679", "address": "4545 University Wy NE", "stations": [{"stopCode": 47, "lines": "1,2", "name": "U District Station", "walkingMeters": 325, "walkingSeconds": 234, "band": 5}]}, "geometry": {"type": "Point", "coordinates": [-122.3132324, 47.6626282]}}, {"type": "Feature", "properties": {"id": "11cb9ba1-d44d-4bbc-862d-eb4741a8f08c", "name": "Costas Restaurant", "category": "restaurant", "tags": ["restaurant", "greek", "american"], "sources": ["overture"], "website": "https://www.costasseattle.com/menus", "phone": "+12066332751", "address": "4559 University Way NE", "stations": [{"stopCode": 47, "lines": "1,2", "name": "U District Station", "walkingMeters": 363, "walkingSeconds": 262, "band": 5}]}, "geometry": {"type": "Point", "coordinates": [-122.3132401, 47.6629677]}}, {"type": "Feature", "properties": {"id": "2d41dab4-1672-4f4b-9d8e-edfabb184b55", "name": "Palmi Korean BBQ", "category": "restaurant", "tags": ["restaurant", "korean"], "sources": ["overture"], "website": "https://uwkoreanbbq.com", "phone": "(206) 633-9993", "address": "4538 University Way NE", "stations": [{"stopCode": 47, "lines": "1,2", "name": "U District Station", "walkingMeters": 334, "walkingSeconds": 249, "band": 5}]}, "geometry": {"type": "Point", "coordinates": [-122.312851, 47.6624451]}}, {"type": "Feature", "properties": {"id": "d5ffd95b-e3bc-4b78-ad73-a841e74528a7", "name": "Mori Inc", "category": "restaurant", "tags": ["restaurant"], "sources": ["overture"], "address": "4538 University Way NE", "stations": [{"stopCode": 47, "lines": "1,2", "name": "U District Station", "walkingMeters": 341, "walkingSeconds": 254, "band": 5}]}, "geometry": {"type": "Point", "coordinates": [-122.3127823, 47.6624794]}}, {"type": "Feature", "properties": {"id": "84318371-233d-48c9-b553-51ffe7d92ee0", "name": "Maggie Points Restaurant", "category": "restaurant", "tags": ["restaurant", "asian", "chinese"], "sources": ["overture"], "website": "https://www.hakkapoint.com/", "phone": "+12065246339", "address": "4736 University Way NE", "stations": [{"stopCode": 47, "lines": "1,2", "name": "U District Station", "walkingMeters": 517, "walkingSeconds": 372, "band": 10}]}, "geometry": {"type": "Point", "coordinates": [-122.3126907, 47.6636467]}}, {"type": "Feature", "properties": {"id": "664140f5-3440-47c3-b106-b3043107a45e", "name": "Which Wich? Superior Sandwiches", "category": "restaurant", "tags": ["restaurant", "sandwich"], "sources": ["overture"], "website": "http://www.whichwich.com", "phone": "(206) 588-0471", "address": "4730 University Way NE Ste 102", "stations": [{"stopCode": 47, "lines": "1,2", "name": "U District Station", "walkingMeters": 460, "walkingSeconds": 331, "band": 10}]}, "geometry": {"type": "Point", "coordinates": [-122.3131256, 47.6637611]}}, {"type": "Feature", "properties": {"id": "754a62ab-c358-401b-8983-7441ffebcaa2", "name": "Jewel of India - Seattle", "category": "restaurant", "tags": ["restaurant", "indian"], "sources": ["overture"], "website": "https://www.jewelofindiawa.com/", "phone": "+12065235275", "address": "4735 University Wy NE", "stations": [{"stopCode": 47, "lines": "1,2", "name": "U District Station", "walkingMeters": 492, "walkingSeconds": 355, "band": 10}]}, "geometry": {"type": "Point", "coordinates": [-122.3132706, 47.664135]}}, {"type": "Feature", "properties": {"id": "40bcb514-9298-408d-ad9b-546c15c195b2", "name": "Seattle U-District Cheba Fam", "category": "restaurant", "tags": ["restaurant", "sandwich", "american"], "sources": ["overture"], "website": "https://chebahut.com/locations/seattle-udistrict/", "phone": "+12062944380", "address": "4730 University Way NE", "stations": [{"stopCode": 47, "lines": "1,2", "name": "U District Station", "walkingMeters": 480, "walkingSeconds": 345, "band": 10}]}, "geometry": {"type": "Point", "coordinates": [-122.3129425, 47.6638832]}}, {"type": "Feature", "properties": {"id": "683be403-10af-4d42-a2af-862a5ebae0cd", "name": "Yangguofu Ygf Malatang", "category": "restaurant", "tags": ["restaurant"], "sources": ["overture"], "website": "http://ygfmalatangwa.com", "phone": "12069223496", "address": "4730 University Way Ne  Ste 103", "stations": [{"stopCode": 47, "lines": "1,2", "name": "U District Station", "walkingMeters": 532, "walkingSeconds": 397, "band": 10}]}, "geometry": {"type": "Point", "coordinates": [-122.3127747, 47.6638641]}}, {"type": "Feature", "properties": {"id": "02e9d7a9-caf4-4842-a297-e51f603c79f8", "name": "Poke Lover", "category": "restaurant", "tags": ["restaurant", "poke"], "sources": ["overture"], "website": "http://www.pokeloverseattle.com", "phone": "(206) 708-6019", "address": "4730 University Way NE #107", "stations": [{"stopCode": 47, "lines": "1,2", "name": "U District Station", "walkingMeters": 538, "walkingSeconds": 401, "band": 10}]}, "geometry": {"type": "Point", "coordinates": [-122.3127975, 47.6639137]}}, {"type": "Feature", "properties": {"id": "504c2884-6faa-4a2f-b525-7459c307934c", "name": "Sunney's Bar", "category": "bar", "tags": ["bar", "korean"], "sources": ["overture"], "website": "http://www.sunneys.com/", "phone": "+12065223500", "address": "4736 University Way NE", "stations": [{"stopCode": 47, "lines": "1,2", "name": "U District Station", "walkingMeters": 548, "walkingSeconds": 395, "band": 10}]}, "geometry": {"type": "Point", "coordinates": [-122.3127365, 47.6641884]}}, {"type": "Feature", "properties": {"id": "7eab599d-ef28-437e-a695-e748d7de8091", "name": "Dubai Choco Shawarma Seattle WA", "category": "cafe", "tags": ["cafe"], "sources": ["overture"], "phone": "+12062124916", "address": "4738 University Way NE", "stations": [{"stopCode": 47, "lines": "1,2", "name": "U District Station", "walkingMeters": 550, "walkingSeconds": 396, "band": 10}]}, "geometry": {"type": "Point", "coordinates": [-122.3127518, 47.6642036]}}, {"type": "Feature", "properties": {"id": "a680fbcf-7ea0-44b9-9fa4-f17b05aec709", "name": "Somtam Thai", "category": "restaurant", "tags": ["restaurant"], "sources": ["overture"], "address": "4736 University Way NE", "stations": [{"stopCode": 47, "lines": "1,2", "name": "U District Station", "walkingMeters": 580, "walkingSeconds": 433, "band": 10}]}, "geometry": {"type": "Point", "coordinates": [-122.312767, 47.6642075]}}, {"type": "Feature", "properties": {"id": "9e066c26-e3a3-4897-893b-ff0aed247ec9", "name": "Honeybee Fried Chicken", "category": "restaurant", "tags": ["restaurant", "chicken", "american"], "sources": ["overture"], "phone": "+12068886087", "address": "4744 University Wy NE Ste A", "stations": [{"stopCode": 47, "lines": "1,2", "name": "U District Station", "walkingMeters": 576, "walkingSeconds": 415, "band": 10}]}, "geometry": {"type": "Point", "coordinates": [-122.3127594, 47.6644402]}}, {"type": "Feature", "properties": {"id": "db1c95ce-014c-49b0-8e1c-c2577edb11ad", "name": "Mr. Lu's Seafood & Burgers", "category": "restaurant", "tags": ["restaurant", "seafood", "burger", "american"], "sources": ["overture"], "website": "http://www.mrlus.com/", "phone": "+12065250365", "address": "4752 University Wy NE", "stations": [{"stopCode": 47, "lines": "1,2", "name": "U District Station", "walkingMeters": 559, "walkingSeconds": 402, "band": 10}]}, "geometry": {"type": "Point", "coordinates": [-122.312973, 47.6645927]}}, {"type": "Feature", "properties": {"id": "b52e3b03-7c6b-445b-af40-d154792a16e3", "name": "Memo's Mexican Food Restaurant", "category": "restaurant", "tags": ["restaurant", "mexican"], "sources": ["overture"], "website": "https://memosmexicanrestaurant.net", "phone": "(206) 729-5071", "address": "4743 University Way NE", "stations": [{"stopCode": 47, "lines": "1,2", "name": "U District Station", "walkingMeters": 509, "walkingSeconds": 367, "band": 10}]}, "geometry": {"type": "Point", "coordinates": [-122.3132095, 47.6642876]}}, {"type": "Feature", "properties": {"id": "0007fb53-514a-47a5-a08c-745d559d7b53", "name": "B S N Enterprises Inc", "category": "restaurant", "tags": ["restaurant"], "sources": ["overture"], "address": "4735 University Way NE", "stations": [{"stopCode": 47, "lines": "1,2", "name": "U District Station", "walkingMeters": 555, "walkingSeconds": 414, "band": 10}]}, "geometry": {"type": "Point", "coordinates": [-122.3134308, 47.6641083]}}, {"type": "Feature", "properties": {"id": "eeb0d9e3-3fc3-422c-ae45-25df1ed71b6f", "name": "Saitown Vietnamese Eatery", "category": "restaurant", "tags": ["restaurant", "vietnamese"], "sources": ["overture"], "website": "http://saitownseattle.com", "phone": "(206) 456-7192", "address": "4725 University Way NE", "stations": [{"stopCode": 47, "lines": "1,2", "name": "U District Station", "walkingMeters": 462, "walkingSeconds": 333, "band": 10}]}, "geometry": {"type": "Point", "coordinates": [-122.3134308, 47.6638641]}}, {"type": "Feature", "properties": {"id": "20b6fd86-1376-499f-b54a-a3aff592942e", "name": "B\u00e1nh M\u00ec Unwrapped", "category": "restaurant", "tags": ["restaurant", "vietnamese"], "sources": ["overture"], "website": "http://banhmiunwrapped.net", "phone": "(206) 456-7191", "address": "4725 University Way NE", "stations": [{"stopCode": 47, "lines": "1,2", "name": "U District Station", "walkingMeters": 462, "walkingSeconds": 332, "band": 5}]}, "geometry": {"type": "Point", "coordinates": [-122.3134918, 47.6637688]}}, {"type": "Feature", "properties": {"id": "e7c5aa2f-a21c-4dcc-900e-f615fa66ea4f", "name": "Cafe O Dessert", "category": "cafe", "tags": ["cafe", "coffee"], "sources": ["overture"], "website": "https://cafeodessert.com/", "phone": "2065225266", "address": "4727 University Way NE", "stations": [{"stopCode": 47, "lines": "1,2", "name": "U District Station", "walkingMeters": 459, "walkingSeconds": 331, "band": 5}]}, "geometry": {"type": "Point", "coordinates": [-122.3134613, 47.6638107]}}, {"type": "Feature", "properties": {"id": "f8286387-5e8c-4fad-af08-97d41b0d7f0f", "name": "Maliks Restaurant", "category": "restaurant", "tags": ["restaurant"], "sources": ["overture"], "website": "https://cedarsseattle.com", "phone": "+14257539894", "address": "4759 Brooklyn Ave NE", "stations": [{"stopCode": 47, "lines": "1,2", "name": "U District Station", "walkingMeters": 644, "walkingSeconds": 481, "band": 10}]}, "geometry": {"type": "Point", "coordinates": [-122.3145294, 47.6647491]}}, {"type": "Feature", "properties": {"id": "206af422-1ac9-4219-9a1c-d38aaefecce8", "name": "Calgary Sweets Llc", "category": "restaurant", "tags": ["restaurant"], "sources": ["overture"], "website": "http://www.calgarysweet.com", "address": "4759 Brooklyn Ave NE", "stations": [{"stopCode": 47, "lines": "1,2", "name": "U District Station", "walkingMeters": 644, "walkingSeconds": 481, "band": 10}]}, "geometry": {"type": "Point", "coordinates": [-122.3145294, 47.6647491]}}, {"type": "Feature", "properties": {"id": "14728d31-fbc1-4aaf-8391-6084ac1004e5", "name": "Sichuan Hot Pot", "category": "restaurant", "tags": ["restaurant"], "sources": ["overture"], "website": "https://www.sichuanhotpotseattle.com/?utm_source=bing&utm_medium=websiteurl&utm_campaign=search", "phone": "2064207167", "address": "4741 12th Ave NE", "stations": [{"stopCode": 47, "lines": "1,2", "name": "U District Station", "walkingMeters": 536, "walkingSeconds": 386, "band": 10}]}, "geometry": {"type": "Point", "coordinates": [-122.3154373, 47.6642914]}}, {"type": "Feature", "properties": {"id": "f552bcd3-0491-4807-9857-fa058b45d6e1", "name": "Jake's Coffee", "category": "cafe", "tags": ["cafe"], "sources": ["overture"], "website": "https://jakescoffeeshop.com", "phone": "15154940889", "address": "1116 NE 47th St", "stations": [{"stopCode": 47, "lines": "1,2", "name": "U District Station", "walkingMeters": 430, "walkingSeconds": 309, "band": 5}]}, "geometry": {"type": "Point", "coordinates": [-122.3156738, 47.6632538]}}, {"type": "Feature", "properties": {"id": "81247dc6-9cc9-4a3a-b426-4daa768cbb7b", "name": "Poke Dondon", "category": "restaurant", "tags": ["restaurant", "sushi", "japanese", "poke"], "sources": ["overture"], "website": "https://hiroshis-poke.weeblyte.com", "phone": "+12064661083", "address": "4712 11th Ave NE", "stations": [{"stopCode": 47, "lines": "1,2", "name": "U District Station", "walkingMeters": 517, "walkingSeconds": 372, "band": 10}]}, "geometry": {"type": "Point", "coordinates": [-122.3160934, 47.6635895]}}, {"type": "Feature", "properties": {"id": "920094b4-2baa-4be8-9eb9-59a8d2146018", "name": "OH! Bear Cafe & Teahouse", "category": "cafe", "tags": ["cafe"], "sources": ["overture"], "website": "http://kikibakery.com/", "phone": "+12067053383", "address": "4708 11th Ave NE", "stations": [{"stopCode": 47, "lines": "1,2", "name": "U District Station", "walkingMeters": 510, "walkingSeconds": 381, "band": 10}]}, "geometry": {"type": "Point", "coordinates": [-122.3162766, 47.663517]}}, {"type": "Feature", "properties": {"id": "a98db6fc-f6f9-4d65-9631-75078cf8cc91", "name": "Broadfork Cafe", "category": "cafe", "tags": ["cafe"], "sources": ["overture"], "website": "http://broadforkcafe.com", "phone": "(206) 522-6966", "address": "4757 12th Ave NE", "stations": [{"stopCode": 47, "lines": "1,2", "name": "U District Station", "walkingMeters": 576, "walkingSeconds": 415, "band": 10}]}, "geometry": {"type": "Point", "coordinates": [-122.3155518, 47.6646729]}}, {"type": "Feature", "properties": {"id": "773cd83e-bbc5-498e-a135-9d23f92fab44", "name": "Chaco Canyon Cafe", "category": "restaurant", "tags": ["restaurant"], "sources": ["overture"], "website": "https://chacocanyoncafe.com", "address": "4757 12th Ave NE", "stations": [{"stopCode": 47, "lines": "1,2", "name": "U District Station", "walkingMeters": 604, "walkingSeconds": 435, "band": 10}]}, "geometry": {"type": "Point", "coordinates": [-122.3155594, 47.6647415]}}, {"type": "Feature", "properties": {"id": "c5bb2e59-ba4e-4256-9cee-b79fd42ade67", "name": "Mamma Melina Ristorante", "category": "restaurant", "tags": ["restaurant", "italian"], "sources": ["overture"], "website": "http://www.mammamelina.com", "phone": "(206) 632-2271", "address": "4759 Roosevelt Way NE", "stations": [{"stopCode": 47, "lines": "1,2", "name": "U District Station", "walkingMeters": 771, "walkingSeconds": 555, "band": 10}]}, "geometry": {"type": "Point", "coordinates": [-122.3177948, 47.6647682]}}, {"type": "Feature", "properties": {"id": "481a7c57-2110-4987-b39e-bde28ffc2657", "name": "Bombay Grill", "category": "restaurant", "tags": ["restaurant", "indian"], "sources": ["overture"], "website": "http://bombaygrillofseattle.com/", "phone": "+12066325072", "address": "4737 Roosevelt Way NE", "stations": [{"stopCode": 47, "lines": "1,2", "name": "U District Station", "walkingMeters": 681, "walkingSeconds": 490, "band": 10}]}, "geometry": {"type": "Point", "coordinates": [-122.3177567, 47.664238]}}, {"type": "Feature", "properties": {"id": "eb19b859-65fc-49cf-a5c0-49a4e13b3f51", "name": "Apollo Gyro's & Pizza", "category": "restaurant", "tags": ["restaurant", "pizza"], "sources": ["overture"], "website": "http://www.apollosgyrosandpizzaseattle.com", "phone": "(206) 858-8548", "address": "4737 Roosevelt Way NE", "stations": [{"stopCode": 47, "lines": "1,2", "name": "U District Station", "walkingMeters": 681, "walkingSeconds": 490, "band": 10}]}, "geometry": {"type": "Point", "coordinates": [-122.3177567, 47.664238]}}, {"type": "Feature", "properties": {"id": "f299954f-dd54-4ce5-b344-944738ddd477", "name": "Shawarma Time", "category": "restaurant", "tags": ["restaurant", "mediterranean"], "sources": ["overture"], "phone": "12067086702", "address": "4701 Roosevelt Way Ne  Unit A", "stations": [{"stopCode": 47, "lines": "1,2", "name": "U District Station", "walkingMeters": 581, "walkingSeconds": 418, "band": 10}]}, "geometry": {"type": "Point", "coordinates": [-122.3177261, 47.6632996]}}, {"type": "Feature", "properties": {"id": "bef3a740-e062-40fe-b156-f4a83d18cf57", "name": "Seattle Hookah Lounge", "category": "bar", "tags": ["bar", "hookah"], "sources": ["overture"], "phone": "2064535287", "address": "4701 Roosevelt Way NE", "stations": [{"stopCode": 47, "lines": "1,2", "name": "U District Station", "walkingMeters": 581, "walkingSeconds": 418, "band": 10}]}, "geometry": {"type": "Point", "coordinates": [-122.3177261, 47.6632996]}}, {"type": "Feature", "properties": {"id": "1e0857ad-24a7-429a-8dd9-035494bead12", "name": "Yinzi's Kitchen", "category": "restaurant", "tags": ["restaurant", "chinese"], "sources": ["overture"], "website": "http://www.yinziskitchen.com", "phone": "(206) 432-9058", "address": "4500 9th Ave NE", "stations": [{"stopCode": 47, "lines": "1,2", "name": "U District Station", "walkingMeters": 465, "walkingSeconds": 335, "band": 5}]}, "geometry": {"type": "Point", "coordinates": [-122.3180695, 47.6617584]}}, {"type": "Feature", "properties": {"id": "8370d177-c692-4f53-b133-a8975d4b4709", "name": "La Flora", "category": "restaurant", "tags": ["restaurant", "mexican"], "sources": ["overture"], "website": "http://www.laflorarestaurant.com", "phone": "(206) 632-7135", "address": "4500 9th Ave NE", "stations": [{"stopCode": 47, "lines": "1,2", "name": "U District Station", "walkingMeters": 465, "walkingSeconds": 335, "band": 5}]}, "geometry": {"type": "Point", "coordinates": [-122.3180695, 47.6617584]}}, {"type": "Feature", "properties": {"id": "2d26303d-2123-4a25-a9c7-aa6b88dd2ca8", "name": "Tian Fu Old Town", "category": "restaurant", "tags": ["restaurant", "chinese"], "sources": ["overture"], "website": "https://www.ordertogo.com/yummiteriyaki", "phone": "12064203129", "address": "4500 9th Ave NE", "stations": [{"stopCode": 47, "lines": "1,2", "name": "U District Station", "walkingMeters": 437, "walkingSeconds": 326, "band": 5}]}, "geometry": {"type": "Point", "coordinates": [-122.3180847, 47.6617355]}}, {"type": "Feature", "properties": {"id": "a38919b0-1119-4bc4-9266-195fdcb4b5ce", "name": "Panda Master", "category": "restaurant", "tags": ["restaurant", "chinese"], "sources": ["overture"], "website": "https://www.pandamasterseattle.com", "phone": "(206) 566-6639", "address": "4500 9th Ave NE #200", "stations": [{"stopCode": 47, "lines": "1,2", "name": "U District Station", "walkingMeters": 458, "walkingSeconds": 330, "band": 5}]}, "geometry": {"type": "Point", "coordinates": [-122.3180542, 47.6616936]}}, {"type": "Feature", "properties": {"id": "67300a39-38ce-408f-8cba-0acd7f8e004b", "name": "Big Tuna", "category": "restaurant", "tags": ["restaurant", "sushi"], "sources": ["overture"], "website": "https://orderbigtuna.com", "phone": "(206) 633-0378", "address": "4336 Roosevelt Way NE", "stations": [{"stopCode": 47, "lines": "1,2", "name": "U District Station", "walkingMeters": 374, "walkingSeconds": 269, "band": 5}]}, "geometry": {"type": "Point", "coordinates": [-122.3173752, 47.6609993]}}, {"type": "Feature", "properties": {"id": "70f629c7-ab5b-4f58-a6ff-4fe829506394", "name": "Sanakllc", "category": "restaurant", "tags": ["restaurant"], "sources": ["overture"], "address": "4336 Roosevelt Way NE", "stations": [{"stopCode": 47, "lines": "1,2", "name": "U District Station", "walkingMeters": 335, "walkingSeconds": 250, "band": 5}]}, "geometry": {"type": "Point", "coordinates": [-122.3173828, 47.6610565]}}, {"type": "Feature", "properties": {"id": "4a97fabd-02f0-424a-b920-c27367249b58", "name": "Araya's", "category": "restaurant", "tags": ["restaurant", "thai"], "sources": ["overture"], "website": "http://arayasplace.com/", "phone": "(206) 524-4332", "address": "1121 NE 45th St", "stations": [{"stopCode": 47, "lines": "1,2", "name": "U District Station", "walkingMeters": 252, "walkingSeconds": 181, "band": 5}]}, "geometry": {"type": "Point", "coordinates": [-122.3158646, 47.6610374]}}, {"type": "Feature", "properties": {"id": "1b34546e-3827-4ef0-a049-d82d19f1e9df", "name": "Angkor Wok", "category": "restaurant", "tags": ["restaurant", "cambodian", "asian"], "sources": ["overture"], "website": "http://angkorwok.net/", "phone": "+12064208951", "address": "1100 NE 45th St", "stations": [{"stopCode": 47, "lines": "1,2", "name": "U District Station", "walkingMeters": 275, "walkingSeconds": 205, "band": 5}]}, "geometry": {"type": "Point", "coordinates": [-122.3162384, 47.6615715]}}, {"type": "Feature", "properties": {"id": "5b2fe964-df29-4d85-81de-7fb3af12581d", "name": "Kitanda Espresso and Acai", "category": "cafe", "tags": ["cafe", "coffee", "latin-american"], "sources": ["overture"], "website": "https://www.kitanda.com", "phone": "+14258204381", "address": "1121 NE 45th St", "stations": [{"stopCode": 47, "lines": "1,2", "name": "U District Station", "walkingMeters": 212, "walkingSeconds": 152, "band": 5}]}, "geometry": {"type": "Point", "coordinates": [-122.3157578, 47.6612129]}}, {"type": "Feature", "properties": {"id": "862b1d39-c63c-4cb4-ba02-583b5627ab24", "name": "T12 Social House", "category": "restaurant", "tags": ["restaurant", "american"], "sources": ["overture"], "website": "https://www.t12socialhouse.com", "phone": "(206) 535-6055", "address": "4501 12th Ave NE", "stations": [{"stopCode": 47, "lines": "1,2", "name": "U District Station", "walkingMeters": 192, "walkingSeconds": 138, "band": 5}]}, "geometry": {"type": "Point", "coordinates": [-122.315239, 47.6614494]}}, {"type": "Feature", "properties": {"id": "9e8866f2-2ce7-4b27-b72f-d9daffa70ce9", "name": "Mountaineering Club", "category": "bar", "tags": ["bar", "cocktail"], "sources": ["overture"], "website": "https://www.themountaineeringclub.com/", "phone": "+12066342000", "address": "4507 Brooklyn Ave NE", "stations": [{"stopCode": 47, "lines": "1,2", "name": "U District Station", "walkingMeters": 221, "walkingSeconds": 159, "band": 5}]}, "geometry": {"type": "Point", "coordinates": [-122.3145447, 47.6616478]}}, {"type": "Feature", "properties": {"id": "5d22e0ba-1bc4-4001-95ea-41eedbabb32e", "name": "UW: Tower Caf\u00e9", "category": "cafe", "tags": ["cafe", "coffee"], "sources": ["overture"], "website": "https://www.hfs.washington.edu/espresso", "phone": "(206) 616-5328", "address": "4333 Brooklyn Ave NE", "stations": [{"stopCode": 47, "lines": "1,2", "name": "U District Station", "walkingMeters": 80, "walkingSeconds": 57, "band": 5}]}, "geometry": {"type": "Point", "coordinates": [-122.3147659, 47.6602325]}}, {"type": "Feature", "properties": {"id": 3211770268, "name": "Sasquatch Pushing Over a House", "category": "artwork", "tags": ["artwork"], "sources": ["osm"], "stations": [{"stopCode": 47, "lines": "1,2", "name": "U District Station", "walkingMeters": 884, "walkingSeconds": 636, "band": 15}]}, "geometry": {"type": "Point", "coordinates": [-122.3196738, 47.6643136]}}, {"type": "Feature", "properties": {"id": 3211770272, "name": "Firefighter Silhouettes", "category": "artwork", "tags": ["artwork"], "sources": ["osm"], "stations": [{"stopCode": 47, "lines": "1,2", "name": "U District Station", "walkingMeters": 751, "walkingSeconds": 540, "band": 10}]}, "geometry": {"type": "Point", "coordinates": [-122.3168411, 47.6652724]}}, {"type": "Feature", "properties": {"id": 3957697648, "name": "Sparky", "category": "artwork", "tags": ["artwork"], "sources": ["osm"], "stations": [{"stopCode": 47, "lines": "1,2", "name": "U District Station", "walkingMeters": 436, "walkingSeconds": 314, "band": 5}]}, "geometry": {"type": "Point", "coordinates": [-122.3165579, 47.66263]}}, {"type": "Feature", "properties": {"id": 5908497561, "name": "Stereotype", "category": "artwork", "tags": ["artwork"], "sources": ["osm"], "stations": [{"stopCode": 47, "lines": "1,2", "name": "U District Station", "walkingMeters": 487, "walkingSeconds": 351, "band": 10}]}, "geometry": {"type": "Point", "coordinates": [-122.3131255, 47.6639959]}}, {"type": "Feature", "properties": {"id": 9451623064, "name": "Untitled #961", "category": "artwork", "tags": ["artwork"], "sources": ["osm"], "stations": [{"stopCode": 47, "lines": "1,2", "name": "U District Station", "walkingMeters": 110, "walkingSeconds": 79, "band": 5}]}, "geometry": {"type": "Point", "coordinates": [-122.3145506, 47.6611178]}}, {"type": "Feature", "properties": {"id": 11262676843, "name": "Fragment Brooklyn", "category": "artwork", "tags": ["artwork"], "sources": ["osm"], "stations": [{"stopCode": 47, "lines": "1,2", "name": "U District Station", "walkingMeters": 153, "walkingSeconds": 110, "band": 5}]}, "geometry": {"type": "Point", "coordinates": [-122.3139454, 47.6604901]}}, {"type": "Feature", "properties": {"id": 13323577004, "name": "Build Me Up", "category": "artwork", "tags": ["artwork"], "sources": ["osm"], "stations": [{"stopCode": 47, "lines": "1,2", "name": "U District Station", "walkingMeters": 196, "walkingSeconds": 141, "band": 5}]}, "geometry": {"type": "Point", "coordinates": [-122.3132539, 47.6605599]}}, {"type": "Feature", "properties": {"id": 160545994, "name": "Burke Museum of Natural History and Culture", "category": "museum", "tags": ["museum"], "sources": ["osm"], "website": "https://www.burkemuseum.org/", "phone": "+1-206-221-7083", "address": "4303 Memorial Way Northeast", "hours": "Tu-Su 10:00-17:00; Mo off", "stations": [{"stopCode": 47, "lines": "1,2", "name": "U District Station", "walkingMeters": 291, "walkingSeconds": 210, "band": 5}]}, "geometry": {"type": "Point", "coordinates": [-122.3115327, 47.6604219]}}, {"type": "Feature", "properties": {"id": "9567e8ee-8710-47c4-be69-d006e5a276d3", "name": "Lightbox", "category": "attraction", "tags": ["attraction", "landmark", "historical", "building"], "sources": ["overture"], "website": "http://www.udr.com/", "phone": "+14254742694", "address": "4545 8th Ave NE", "stations": [{"stopCode": 47, "lines": "1,2", "name": "U District Station", "walkingMeters": 636, "walkingSeconds": 457, "band": 10}]}, "geometry": {"type": "Point", "coordinates": [-122.3196793, 47.6623497]}}, {"type": "Feature", "properties": {"id": "411cb268-3032-4ad9-90b7-e802c452db80", "name": "Kirsten Gallery", "category": "gallery", "tags": ["gallery", "art"], "sources": ["overture"], "website": "http://www.kirstengallery.com", "phone": "(206) 522-2011", "address": "5320 Roosevelt Way NE", "stations": [{"stopCode": 47, "lines": "1,2", "name": "U District Station", "walkingMeters": 1021, "walkingSeconds": 735, "band": 15}, {"stopCode": 46, "lines": "1,2", "name": "Roosevelt Station", "walkingMeters": 1051, "walkingSeconds": 757, "band": 15}]}, "geometry": {"type": "Point", "coordinates": [-122.3170624, 47.6676979]}}, {"type": "Feature", "properties": {"id": "a1718793-e1de-415a-a2a9-446ef1f8f655", "name": "Muriel's Landing", "category": "attraction", "tags": ["attraction", "landmark", "historical", "building"], "sources": ["overture"], "website": "https://murielslanding.com/", "phone": "+12069658025", "address": "5240 University Wy NE", "stations": [{"stopCode": 47, "lines": "1,2", "name": "U District Station", "walkingMeters": 922, "walkingSeconds": 664, "band": 15}, {"stopCode": 46, "lines": "1,2", "name": "Roosevelt Station", "walkingMeters": 1134, "walkingSeconds": 817, "band": 15}]}, "geometry": {"type": "Point", "coordinates": [-122.3128967, 47.6678543]}}, {"type": "Feature", "properties": {"id": "785e0b18-72ec-4aaf-a12b-fb16c8786421", "name": "Ori on the Ave", "category": "attraction", "tags": ["attraction", "landmark", "historical", "building"], "sources": ["overture"], "website": "http://www.oriseattle.com/", "phone": "+12065240260", "address": "5260 University Way NE", "stations": [{"stopCode": 47, "lines": "1,2", "name": "U District Station", "walkingMeters": 960, "walkingSeconds": 691, "band": 15}, {"stopCode": 46, "lines": "1,2", "name": "Roosevelt Station", "walkingMeters": 1097, "walkingSeconds": 790, "band": 15}]}, "geometry": {"type": "Point", "coordinates": [-122.3128052, 47.6681786]}}, {"type": "Feature", "properties": {"id": "2b78af07-9d54-424a-b637-5e53834d08c3", "name": "University Court", "category": "attraction", "tags": ["attraction", "landmark", "historical", "building"], "sources": ["overture"], "website": "http://www.drama.uw.edu/", "phone": "+12069720786", "address": "5219 Brooklyn Ave NE", "stations": [{"stopCode": 47, "lines": "1,2", "name": "U District Station", "walkingMeters": 756, "walkingSeconds": 548, "band": 10}, {"stopCode": 46, "lines": "1,2", "name": "Roosevelt Station", "walkingMeters": 1165, "walkingSeconds": 839, "band": 15}]}, "geometry": {"type": "Point", "coordinates": [-122.3143616, 47.6669922]}}, {"type": "Feature", "properties": {"id": "472d64a9-0753-4ad1-9ace-530d0dff29ef", "name": "Hub U District Seattle", "category": "attraction", "tags": ["attraction", "landmark", "historical", "building"], "sources": ["overture"], "website": "https://www.americancampus.com/student-apartments/wa/seattle/hub-u-district-seattle", "phone": "+12066392882", "address": "5000 University Way NE", "stations": [{"stopCode": 47, "lines": "1,2", "name": "U District Station", "walkingMeters": 640, "walkingSeconds": 461, "band": 10}]}, "geometry": {"type": "Point", "coordinates": [-122.3128967, 47.6653175]}}, {"type": "Feature", "properties": {"id": "e5b475ef-ec83-4a91-af65-fcf22e86cf7e", "name": "Artisan Studios", "category": "attraction", "tags": ["attraction", "landmark", "historical", "building"], "sources": ["overture"], "phone": "+12067351580", "address": "5006 15th Ave NE", "stations": [{"stopCode": 47, "lines": "1,2", "name": "U District Station", "walkingMeters": 740, "walkingSeconds": 552, "band": 10}]}, "geometry": {"type": "Point", "coordinates": [-122.3117828, 47.6651688]}}, {"type": "Feature", "properties": {"id": "a9e86d98-b065-4eb4-9939-c7f38d62cf49", "name": "Sanctuary Art Center", "category": "gallery", "tags": ["gallery", "art"], "sources": ["overture"], "website": "http://www.sanctuaryartcenter.org/", "phone": "+12065226256", "address": "1604 NE 50th St", "stations": [{"stopCode": 47, "lines": "1,2", "name": "U District Station", "walkingMeters": 805, "walkingSeconds": 580, "band": 10}]}, "geometry": {"type": "Point", "coordinates": [-122.3106232, 47.6653175]}}, {"type": "Feature", "properties": {"id": "b0fc16f3-f036-457f-8504-77576741b477", "name": "Wingate Apartments", "category": "attraction", "tags": ["attraction", "landmark", "historical", "building"], "sources": ["overture"], "phone": "+12069408920", "address": "1600 NE 47th St", "stations": [{"stopCode": 47, "lines": "1,2", "name": "U District Station", "walkingMeters": 547, "walkingSeconds": 408, "band": 10}]}, "geometry": {"type": "Point", "coordinates": [-122.3105087, 47.6631966]}}, {"type": "Feature", "properties": {"id": "c6078fcc-07d0-4d0f-b399-003262d04371", "name": "Burke Museum", "category": "museum", "tags": ["museum", "history"], "sources": ["overture"], "website": "https://www.burkemuseum.org/", "phone": "+12065437907", "address": "4303 Memorial Way NE", "stations": [{"stopCode": 47, "lines": "1,2", "name": "U District Station", "walkingMeters": 285, "walkingSeconds": 205, "band": 5}]}, "geometry": {"type": "Point", "coordinates": [-122.3116226, 47.6603622]}}, {"type": "Feature", "properties": {"id": "d60b5ed0-9229-48bc-99d4-a75088dd9d8b", "name": "The M Seattle", "category": "attraction", "tags": ["attraction", "landmark", "historical", "building"], "sources": ["overture"], "website": "https://www.themseattle.com/", "phone": "+12062191581", "address": "4700 Brooklyn Ave NE", "stations": [{"stopCode": 47, "lines": "1,2", "name": "U District Station", "walkingMeters": 347, "walkingSeconds": 250, "band": 5}]}, "geometry": {"type": "Point", "coordinates": [-122.3140259, 47.6633911]}}, {"type": "Feature", "properties": {"id": "4a87e901-a33d-4904-9edf-e71da2667316", "name": "Yugo Seattle Wilsonian", "category": "attraction", "tags": ["attraction", "landmark", "historical", "building"], "sources": ["overture"], "website": "https://www.yugoseattlewilsonian.com/", "phone": "+12069712076", "address": "4710 University Wy NE", "stations": [{"stopCode": 47, "lines": "1,2", "name": "U District Station", "walkingMeters": 438, "walkingSeconds": 316, "band": 10}]}, "geometry": {"type": "Point", "coordinates": [-122.3127289, 47.6633835]}}, {"type": "Feature", "properties": {"id": "31592515-46b9-4408-8c69-f073485eb3cd", "name": "Upper Playground", "category": "gallery", "tags": ["gallery", "art"], "sources": ["overture"], "website": "http://www.upperplayground.com", "phone": "(206) 985-1000", "address": "4730 University Way NE", "stations": [{"stopCode": 47, "lines": "1,2", "name": "U District Station", "walkingMeters": 486, "walkingSeconds": 350, "band": 10}]}, "geometry": {"type": "Point", "coordinates": [-122.3133545, 47.6640739]}}, {"type": "Feature", "properties": {"id": "f49967fa-b0b3-4823-bc44-3d056c772b65", "name": "NOLAN Apartments", "category": "attraction", "tags": ["attraction", "landmark", "historical", "building"], "sources": ["overture"], "website": "https://liveatnolan.com/?switch_cls%5Bid%5D=98540", "phone": "+12067045373", "address": "4717 Brooklyn Ave NE", "stations": [{"stopCode": 47, "lines": "1,2", "name": "U District Station", "walkingMeters": 404, "walkingSeconds": 293, "band": 5}]}, "geometry": {"type": "Point", "coordinates": [-122.3143768, 47.6638298]}}, {"type": "Feature", "properties": {"id": "ff21059a-acaf-4ee2-84d2-6231d8aac927", "name": "Helix-Ellipse Apartments", "category": "attraction", "tags": ["attraction", "landmark", "historical", "building"], "sources": ["overture"], "website": "http://www.helixandellipse.com/", "phone": "+15642030103", "address": "4751 12th Ave NE", "stations": [{"stopCode": 47, "lines": "1,2", "name": "U District Station", "walkingMeters": 576, "walkingSeconds": 415, "band": 10}]}, "geometry": {"type": "Point", "coordinates": [-122.3153992, 47.6646729]}}, {"type": "Feature", "properties": {"id": "6d03e3ee-4966-4fa4-99ca-e52369dba118", "name": "Acacia Court Apartments", "category": "attraction", "tags": ["attraction", "landmark", "historical", "building"], "sources": ["overture"], "website": "http://www.acaciaseattle.com/", "phone": "+12066324884", "address": "4707 12th Ave NE", "stations": [{"stopCode": 47, "lines": "1,2", "name": "U District Station", "walkingMeters": 461, "walkingSeconds": 332, "band": 5}]}, "geometry": {"type": "Point", "coordinates": [-122.3156891, 47.6633339]}}, {"type": "Feature", "properties": {"id": "39a070f1-a353-4652-b256-82e7034c2323", "name": "TWELVE at U District", "category": "attraction", "tags": ["attraction", "landmark", "historical", "building"], "sources": ["overture"], "website": "https://www.americancampus.com/student-apartments/wa/seattle/TWELVE-at-u-district", "phone": "+12067297777", "address": "4535 12th Ave NE", "stations": [{"stopCode": 47, "lines": "1,2", "name": "U District Station", "walkingMeters": 393, "walkingSeconds": 282, "band": 5}]}, "geometry": {"type": "Point", "coordinates": [-122.3156281, 47.6626396]}}, {"type": "Feature", "properties": {"id": "2e66252c-0295-4627-abb8-3b9980f26fee", "name": "Savanna Apartments", "category": "attraction", "tags": ["attraction", "landmark", "historical", "building"], "sources": ["overture"], "website": "http://savannaseattle.com/", "phone": "+12068803681", "address": "4710 11th Ave NE", "stations": [{"stopCode": 47, "lines": "1,2", "name": "U District Station", "walkingMeters": 516, "walkingSeconds": 371, "band": 10}]}, "geometry": {"type": "Point", "coordinates": [-122.3162308, 47.6635246]}}, {"type": "Feature", "properties": {"id": "794f1be9-b4e5-4df1-8694-a0816d20b400", "name": "Prexy Apartments", "category": "attraction", "tags": ["attraction", "landmark", "historical", "building"], "sources": ["overture"], "website": "https://www.prexyseattle.com/", "phone": "+12066417732", "address": "4737 Roosevelt Way NE", "stations": [{"stopCode": 47, "lines": "1,2", "name": "U District Station", "walkingMeters": 690, "walkingSeconds": 496, "band": 10}]}, "geometry": {"type": "Point", "coordinates": [-122.3175964, 47.6643181]}}, {"type": "Feature", "properties": {"id": "7e72dd8c-5691-4a8d-94cd-2f46ea32cec8", "name": "Bridges at 11th", "category": "attraction", "tags": ["attraction", "landmark", "historical", "building"], "sources": ["overture"], "website": "https://www.americancampus.com/student-apartments/wa/seattle/bridges-at-11th", "phone": "+12065695416", "address": "4557 11th Ave NE", "stations": [{"stopCode": 47, "lines": "1,2", "name": "U District Station", "walkingMeters": 422, "walkingSeconds": 304, "band": 5}]}, "geometry": {"type": "Point", "coordinates": [-122.3166351, 47.6625137]}}, {"type": "Feature", "properties": {"id": "59d78265-be19-4448-a277-f937e0dee1d6", "name": "The Kennedy Building", "category": "attraction", "tags": ["attraction", "landmark", "historical", "building"], "sources": ["overture"], "website": "https://www.udr.com/seattle-apartments/downtown-seattle/the-kennedy-building", "phone": "+14255047456", "address": "903 NE 45th St", "stations": [{"stopCode": 47, "lines": "1,2", "name": "U District Station", "walkingMeters": 440, "walkingSeconds": 316, "band": 5}]}, "geometry": {"type": "Point", "coordinates": [-122.3187027, 47.6612053]}}, {"type": "Feature", "properties": {"id": "975c64c4-f6bc-4e43-a6dc-bd5ce9fd1fb7", "name": "Woodland Park", "category": "park", "tags": ["park"], "sources": ["overture"], "website": "https://www.seattle.gov", "phone": "12066844075", "address": "1000 NE 50th St", "stations": [{"stopCode": 47, "lines": "1,2", "name": "U District Station", "walkingMeters": 784, "walkingSeconds": 564, "band": 10}]}, "geometry": {"type": "Point", "coordinates": [-122.3170929, 47.6652069]}}, {"type": "Feature", "properties": {"id": 53615747, "name": "University Playground", "category": "park", "tags": ["park"], "sources": ["osm"], "website": "https://www.seattle.gov/parks/allparks/university-playground", "address": "4745 9th Avenue Northeast", "stations": [{"stopCode": 47, "lines": "1,2", "name": "U District Station", "walkingMeters": 855, "walkingSeconds": 615, "band": 15}]}, "geometry": {"type": "Point", "coordinates": [-122.3193127, 47.664433]}}, {"type": "Feature", "properties": {"id": 1150308482, "name": "Building Park", "category": "park", "tags": ["park"], "sources": ["osm"], "website": "https://www.buildudsb.com", "stations": [{"stopCode": 47, "lines": "1,2", "name": "U District Station", "walkingMeters": 82, "walkingSeconds": 59, "band": 5}]}, "geometry": {"type": "Point", "coordinates": [-122.3146994, 47.660011]}}, {"type": "Feature", "properties": {"id": "262581c1-6bf4-41d7-938b-ac92b8ed33f8", "name": "University Playground Park", "category": "playground", "tags": ["playground"], "sources": ["overture"], "website": "http://seattle.gov/parks/park_detail.asp?ID=435", "phone": "+12066844075", "address": "4745 9th Ave NE", "stations": [{"stopCode": 47, "lines": "1,2", "name": "U District Station", "walkingMeters": 882, "walkingSeconds": 634, "band": 10}]}, "geometry": {"type": "Point", "coordinates": [-122.3188782, 47.6644135]}}, {"type": "Feature", "properties": {"id": "f7bded8b-cc4e-4299-a619-64df09529767", "name": "J-Paw's Mountain", "category": "park", "tags": ["park"], "sources": ["overture"], "website": "https://www.paws.org", "address": "J - Paw", "stations": [{"stopCode": 47, "lines": "1,2", "name": "U District Station", "walkingMeters": 903, "walkingSeconds": 650, "band": 15}, {"stopCode": 46, "lines": "1,2", "name": "Roosevelt Station", "walkingMeters": 1197, "walkingSeconds": 862, "band": 15}]}, "geometry": {"type": "Point", "coordinates": [-122.3170471, 47.6666145]}}, {"type": "Feature", "properties": {"id": 1158397876, "name": "Adelaide Apartment", "category": "guest_house", "tags": ["guest-house"], "sources": ["osm"], "address": "1315 Northeast 47th Street", "stations": [{"stopCode": 47, "lines": "1,2", "name": "U District Station", "walkingMeters": 327, "walkingSeconds": 235, "band": 5}]}, "geometry": {"type": "Point", "coordinates": [-122.3135683, 47.6629378]}}, {"type": "Feature", "properties": {"id": 222834386, "name": "The Collegiana", "category": "hotel", "tags": ["hotel"], "sources": ["osm"], "website": "https://www.uwmedicine.org/patient-resources/lodging-options/the-collegiana", "phone": "+1-206-732-3200", "address": "4311 12th Avenue Northeast", "stations": [{"stopCode": 47, "lines": "1,2", "name": "U District Station", "walkingMeters": 188, "walkingSeconds": 135, "band": 5}]}, "geometry": {"type": "Point", "coordinates": [-122.3158145, 47.6602423]}}, {"type": "Feature", "properties": {"id": 223479986, "name": "Graduate by Hilton Seattle", "category": "hotel", "tags": ["hotel", "wheelchair-accessible", "wifi"], "sources": ["osm", "overture"], "website": "https://www.graduatehotels.com/seattle", "phone": "+12066342000", "address": "4507 Brooklyn Ave NE", "stations": [{"stopCode": 47, "lines": "1,2", "name": "U District Station", "walkingMeters": 206, "walkingSeconds": 149, "band": 5}]}, "geometry": {"type": "Point", "coordinates": [-122.3146153, 47.661613]}}, {"type": "Feature", "properties": {"id": "90d38d0e-cd9d-4fc1-a23f-72a80c2d505b", "name": "Residence Inn", "category": "hotel", "tags": ["hotel"], "sources": ["overture"], "website": "http://www.marriott.com/seaud", "phone": "+12063228887", "address": "4501 12th Avenue NE", "stations": [{"stopCode": 47, "lines": "1,2", "name": "U District Station", "walkingMeters": 240, "walkingSeconds": 173, "band": 5}]}, "geometry": {"type": "Point", "coordinates": [-122.3156586, 47.6617317]}}, {"type": "Feature", "properties": {"id": 449301236, "name": "Residence Inn Seattle University District", "category": "hotel", "tags": ["hotel"], "sources": ["osm"], "website": "https://www.marriott.com/seaud", "phone": "+1-206-322-8887", "address": "4501 12th Avenue Northeast", "stations": [{"stopCode": 47, "lines": "1,2", "name": "U District Station", "walkingMeters": 287, "walkingSeconds": 207, "band": 5}]}, "geometry": {"type": "Point", "coordinates": [-122.3157784, 47.6617121]}}, {"type": "Feature", "properties": {"id": "dc481f70-be3f-4e93-9ceb-54f84548f74b", "name": "The Palmer House", "category": "guest_house", "tags": ["guest-house", "bed", "breakfast"], "sources": ["overture"], "website": "https://theinnseattle.org/palmer-house/", "address": "4705 16th Ave NE", "stations": [{"stopCode": 47, "lines": "1,2", "name": "U District Station", "walkingMeters": 574, "walkingSeconds": 413, "band": 10}]}, "geometry": {"type": "Point", "coordinates": [-122.3109894, 47.6633377]}}, {"type": "Feature", "properties": {"id": "f0e5e9b0-a186-4fac-accf-3b600f3d4209", "name": "Yugo Seattle Lothlorien", "category": "hostel", "tags": ["hostel"], "sources": ["overture"], "website": "https://yugo.com/en-us/global/united-states-of-america/seattle-wa/yugo-seattle-lothlorien", "phone": "+12069712074", "address": "4730 University Wy NE", "stations": [{"stopCode": 47, "lines": "1,2", "name": "U District Station", "walkingMeters": 544, "walkingSeconds": 406, "band": 10}]}, "geometry": {"type": "Point", "coordinates": [-122.312767, 47.6639481]}}, {"type": "Feature", "properties": {"id": "2b927e52-739f-41ef-83bf-bcfa8628b496", "name": "University Tower", "category": "hotel", "tags": ["hotel"], "sources": ["overture"], "website": "http://www.hoteldeca.com/", "phone": "+12066342000", "address": "4507 Brooklyn Ave NE", "stations": [{"stopCode": 47, "lines": "1,2", "name": "U District Station", "walkingMeters": 97, "walkingSeconds": 70, "band": 5}]}, "geometry": {"type": "Point", "coordinates": [-122.3148651, 47.6602745]}}, {"type": "Feature", "properties": {"id": 2323840150, "name": "7-Eleven", "category": "convenience", "tags": ["convenience", "delivery"], "sources": ["osm", "overture"], "website": "https://www.7-eleven.com/", "phone": "+12064095327", "address": "4700 University Way NE", "stations": [{"stopCode": 47, "lines": "1,2", "name": "U District Station", "walkingMeters": 408, "walkingSeconds": 294, "band": 5}]}, "geometry": {"type": "Point", "coordinates": [-122.3129422, 47.6632041]}}, {"type": "Feature", "properties": {"id": 4969134020, "name": "7-Eleven", "category": "convenience", "tags": ["convenience", "delivery"], "sources": ["osm", "overture"], "website": "https://www.7-eleven.com/", "phone": "+12065479764", "address": "1105 NE 47th St", "hours": "24/7", "stations": [{"stopCode": 47, "lines": "1,2", "name": "U District Station", "walkingMeters": 451, "walkingSeconds": 324, "band": 5}]}, "geometry": {"type": "Point", "coordinates": [-122.316088, 47.6629954]}}, {"type": "Feature", "properties": {"id": 69520605, "name": "University Book Store", "category": "books", "tags": ["books"], "sources": ["osm", "overture"], "website": "https://www.ubookstore.com/", "phone": "+12066343400", "address": "4326 University Way NE", "hours": "Mo-Sa 10:00-18:00; Su 12:00-16:00", "stations": [{"stopCode": 47, "lines": "1,2", "name": "U District Station", "walkingMeters": 194, "walkingSeconds": 139, "band": 5}]}, "geometry": {"type": "Point", "coordinates": [-122.3129833, 47.6603988]}}, {"type": "Feature", "properties": {"id": 1726018710, "name": "Trader Joe's", "category": "supermarket", "tags": ["supermarket", "wheelchair-accessible"], "sources": ["osm", "overture"], "website": "https://locations.traderjoes.com/wa/seattle/137/", "phone": "+12065476299", "address": "4555 Roosevelt Way NE", "hours": "Mo-Su 09:00-21:00", "stations": [{"stopCode": 47, "lines": "1,2", "name": "U District Station", "walkingMeters": 510, "walkingSeconds": 367, "band": 10}]}, "geometry": {"type": "Point", "coordinates": [-122.317644, 47.6626473]}}, {"type": "Feature", "properties": {"id": 222834352, "name": "Food Mart", "category": "convenience", "tags": ["convenience"], "sources": ["osm"], "address": "4359 Roosevelt Way Northeast", "stations": [{"stopCode": 47, "lines": "1,2", "name": "U District Station", "walkingMeters": 404, "walkingSeconds": 290, "band": 5}]}, "geometry": {"type": "Point", "coordinates": [-122.3181162, 47.6609994]}}, {"type": "Feature", "properties": {"id": "68ecd091-84f5-4cde-a90a-c745b7d665fc", "name": "Barnes & Noble", "category": "books", "tags": ["books"], "sources": ["overture"], "website": "https://stores.barnesandnoble.com/store/3563", "phone": "+12067038915", "address": "4324 University Wy NE", "stations": [{"stopCode": 47, "lines": "1,2", "name": "U District Station", "walkingMeters": 131, "walkingSeconds": 98, "band": 5}]}, "geometry": {"type": "Point", "coordinates": [-122.3127899, 47.6602402]}}, {"type": "Feature", "properties": {"id": 1259509540, "name": "Tweedy and Popp", "category": "hardware", "tags": ["hardware"], "sources": ["osm"], "website": "https://www.acehardware.com/store-details/17725", "phone": "+1-206-659-9724", "address": "4731 University Way Northeast", "hours": "Mo-Sa 09:15-18:00; Su 10:00-17:00; PH closed", "stations": [{"stopCode": 47, "lines": "1,2", "name": "U District Station", "walkingMeters": 479, "walkingSeconds": 345, "band": 10}]}, "geometry": {"type": "Point", "coordinates": [-122.3134363, 47.6640036]}}, {"type": "Feature", "properties": {"id": "e0567f04-8a1b-4b2f-bd78-e07553ad9fcd", "name": "Target", "category": "department_store", "tags": ["department-store", "department"], "sources": ["overture"], "website": "https://www.target.com/sl/seattle-university-way/3286", "phone": "2064875051", "address": "4535 University Way NE", "stations": [{"stopCode": 47, "lines": "1,2", "name": "U District Station", "walkingMeters": 291, "walkingSeconds": 209, "band": 5}]}, "geometry": {"type": "Point", "coordinates": [-122.313118, 47.6622734]}}, {"type": "Feature", "properties": {"id": 1158400559, "name": "Al's Music & Games", "category": "electronics", "tags": ["electronics"], "sources": ["osm"], "address": "4547 University Way Northeast", "hours": "Mo-Su 11:00-21:00", "stations": [{"stopCode": 47, "lines": "1,2", "name": "U District Station", "walkingMeters": 330, "walkingSeconds": 238, "band": 5}]}, "geometry": {"type": "Point", "coordinates": [-122.3132834, 47.6626509]}}, {"type": "Feature", "properties": {"id": "ea29c0f9-1c48-4e0c-8b0f-aef1a7f05316", "name": "Just Food For Dogs", "category": "pet", "tags": ["pet"], "sources": ["overture"], "website": "https://justfoodfordogs.com", "address": "809 NE 45th St", "stations": [{"stopCode": 47, "lines": "1,2", "name": "U District Station", "walkingMeters": 544, "walkingSeconds": 391, "band": 10}]}, "geometry": {"type": "Point", "coordinates": [-122.3192596, 47.6609802]}}, {"type": "Feature", "properties": {"id": "fa449b91-f679-45fe-8c51-10ce4c957661", "name": "Petco", "category": "pet", "tags": ["pet"], "sources": ["overture"], "website": "https://www.petco.com", "phone": "12065481400", "address": "809 NE 45th St", "stations": [{"stopCode": 47, "lines": "1,2", "name": "U District Station", "walkingMeters": 543, "walkingSeconds": 390, "band": 10}]}, "geometry": {"type": "Point", "coordinates": [-122.3192596, 47.6609802]}}, {"type": "Feature", "properties": {"id": 5908772300, "name": "Circle K", "category": "convenience", "tags": ["convenience", "wheelchair-accessible"], "sources": ["osm", "overture"], "website": "https://www.circlek.com/", "phone": "+12066322297", "address": "1013 NE 45th", "hours": "24/7", "stations": [{"stopCode": 47, "lines": "1,2", "name": "U District Station", "walkingMeters": 330, "walkingSeconds": 238, "band": 5}]}, "geometry": {"type": "Point", "coordinates": [-122.3170625, 47.6609764]}}, {"type": "Feature", "properties": {"id": 11689059689, "name": "Safeway", "category": "supermarket", "tags": ["supermarket"], "sources": ["osm", "overture"], "website": "https://local.safeway.com/safeway/wa/seattle/4732-brooklyn-ave-ne.html", "phone": "+12069262620", "address": "4732 Brooklyn Ave NE", "hours": "Mo-Su 06:00-01:00", "stations": [{"stopCode": 47, "lines": "1,2", "name": "U District Station", "walkingMeters": 447, "walkingSeconds": 322, "band": 10}]}, "geometry": {"type": "Point", "coordinates": [-122.3140056, 47.6642137]}}, {"type": "Feature", "properties": {"id": "9c682785-5611-4fe9-b889-a3ca0824ad9a", "name": "Dollar Tree", "category": "variety_store", "tags": ["variety-store", "discount"], "sources": ["overture"], "website": "http://locations.dollartree.com/wa/seattle/4761/", "phone": "(206) 547-5680", "address": "4535 University Way NE", "stations": [{"stopCode": 47, "lines": "1,2", "name": "U District Station", "walkingMeters": 294, "walkingSeconds": 212, "band": 5}]}, "geometry": {"type": "Point", "coordinates": [-122.3133087, 47.6623497]}}, {"type": "Feature", "properties": {"id": 2323789997, "name": "Edge of the Circle Books", "category": "books", "tags": ["books", "wheelchair-accessible"], "sources": ["osm", "overture"], "website": "http://eotcnewsletter.blogspot.com/", "phone": "+12067261999", "address": "1307 NE 45th St", "hours": "Mo-Su 12:00-20:00", "stations": [{"stopCode": 47, "lines": "1,2", "name": "U District Station", "walkingMeters": 122, "walkingSeconds": 88, "band": 5}]}, "geometry": {"type": "Point", "coordinates": [-122.3138949, 47.6611653]}}, {"type": "Feature", "properties": {"id": 2323790011, "name": "Four Corners Art And Frame", "category": "art", "tags": ["art", "gallery"], "sources": ["osm", "overture"], "website": "http://stellaconsultingservices.com", "phone": "+12065475640", "address": "4305 University Wy NE", "stations": [{"stopCode": 47, "lines": "1,2", "name": "U District Station", "walkingMeters": 135, "walkingSeconds": 97, "band": 5}]}, "geometry": {"type": "Point", "coordinates": [-122.3133359, 47.6600106]}}, {"type": "Feature", "properties": {"id": 2323794534, "name": "Lucky Dog On the Ave", "category": "clothes", "tags": ["clothes"], "sources": ["osm"], "address": "4542 University Way Northeast", "stations": [{"stopCode": 47, "lines": "1,2", "name": "U District Station", "walkingMeters": 332, "walkingSeconds": 239, "band": 5}]}, "geometry": {"type": "Point", "coordinates": [-122.3129299, 47.6625318]}}, {"type": "Feature", "properties": {"id": 2323794537, "name": "HiFi LoFi", "category": "music", "tags": ["music", "gift"], "sources": ["osm", "overture"], "website": "http://hifilofi.shop/", "phone": "+12066952869", "address": "4544 University Wy NE", "stations": [{"stopCode": 47, "lines": "1,2", "name": "U District Station", "walkingMeters": 340, "walkingSeconds": 245, "band": 5}]}, "geometry": {"type": "Point", "coordinates": [-122.312939, 47.6626044]}}, {"type": "Feature", "properties": {"id": 2323794549, "name": "Gargoyles Statuary", "category": "gift", "tags": ["gift"], "sources": ["osm"], "website": "https://gargoylestatuary.com", "phone": "+1-206-632-4940", "address": "4550 University Way Northeast", "hours": "Mo-Sa 11:00-19:00; Su 12:00-19:00", "stations": [{"stopCode": 47, "lines": "1,2", "name": "U District Station", "walkingMeters": 357, "walkingSeconds": 257, "band": 5}]}, "geometry": {"type": "Point", "coordinates": [-122.3129292, 47.6627553]}}, {"type": "Feature", "properties": {"id": 2323794552, "name": "Late Night Vintage Mall", "category": "clothes", "tags": ["clothes"], "sources": ["osm"], "address": "4552 University Way Northeast", "hours": "12:00-24:00", "stations": [{"stopCode": 47, "lines": "1,2", "name": "U District Station", "walkingMeters": 366, "walkingSeconds": 264, "band": 5}]}, "geometry": {"type": "Point", "coordinates": [-122.3129252, 47.6628375]}}, {"type": "Feature", "properties": {"id": 2323794563, "name": "Red Light", "category": "clothes", "tags": ["clothes"], "sources": ["osm"], "website": "http://www.redlightvintage.com", "phone": "+1-206-545-4044", "address": "4560 University Way Northeast", "hours": "Mo-Sa 11:00-20:00; Su 11:00-19:00; Nov Th[4] closed; Dec 25 closed", "stations": [{"stopCode": 47, "lines": "1,2", "name": "U District Station", "walkingMeters": 380, "walkingSeconds": 274, "band": 5}]}, "geometry": {"type": "Point", "coordinates": [-122.3129114, 47.6629599]}}, {"type": "Feature", "properties": {"id": 2323840343, "name": "Valley Of Roses Boutique", "category": "clothes", "tags": ["clothes"], "sources": ["osm"], "phone": "+1-206-522-6887", "address": "4748 University Way Northeast", "hours": "Mo closed; Tu-Su 12:00-18:30", "stations": [{"stopCode": 47, "lines": "1,2", "name": "U District Station", "walkingMeters": 554, "walkingSeconds": 399, "band": 10}]}, "geometry": {"type": "Point", "coordinates": [-122.3129313, 47.6645456]}}, {"type": "Feature", "properties": {"id": 2323846845, "name": "Rusted Vase Floral Co.", "category": "florist", "tags": ["florist"], "sources": ["osm"], "website": "https://rustedvase.com/", "phone": "+1-425-280-8069", "address": "5228 University Way Northeast", "hours": "We 12:00-17:00; Th 14:00-18:00; Fr 10:00-17:00; Sa 10:00-15:00; Su-Tu off", "stations": [{"stopCode": 47, "lines": "1,2", "name": "U District Station", "walkingMeters": 864, "walkingSeconds": 622, "band": 15}, {"stopCode": 46, "lines": "1,2", "name": "Roosevelt Station", "walkingMeters": 1195, "walkingSeconds": 860, "band": 15}]}, "geometry": {"type": "Point", "coordinates": [-122.3127926, 47.6673124]}}, {"type": "Feature", "properties": {"id": 2323846911, "name": "Centerstage Dance Shop", "category": "clothes", "tags": ["clothes"], "sources": ["osm"], "website": "https://www.dance-wear.net/", "phone": "+1-206-527-4697", "address": "5267 University Way Northeast", "hours": "Mo-Su 11:00-17:00", "stations": [{"stopCode": 47, "lines": "1,2", "name": "U District Station", "walkingMeters": 985, "walkingSeconds": 709, "band": 15}, {"stopCode": 46, "lines": "1,2", "name": "Roosevelt Station", "walkingMeters": 1057, "walkingSeconds": 761, "band": 15}]}, "geometry": {"type": "Point", "coordinates": [-122.3131999, 47.668415]}}, {"type": "Feature", "properties": {"id": 2464037948, "name": "University Smoke Shop", "category": "tobacco", "tags": ["tobacco"], "sources": ["osm", "overture"], "website": "http://www.universitysmokeshopseattle.com/", "phone": "+12066328891", "address": "4519 University Wy NE", "stations": [{"stopCode": 47, "lines": "1,2", "name": "U District Station", "walkingMeters": 244, "walkingSeconds": 176, "band": 5}]}, "geometry": {"type": "Point", "coordinates": [-122.3132946, 47.6618756]}}, {"type": "Feature", "properties": {"id": 2464040295, "name": "U-District Grocery Shop", "category": "convenience", "tags": ["convenience"], "sources": ["osm"], "address": "5501 University Way Northeast", "hours": "Mo-Su 09:00-23:00", "stations": [{"stopCode": 47, "lines": "1,2", "name": "U District Station", "walkingMeters": 1002, "walkingSeconds": 721, "band": 15}, {"stopCode": 46, "lines": "1,2", "name": "Roosevelt Station", "walkingMeters": 1031, "walkingSeconds": 742, "band": 15}]}, "geometry": {"type": "Point", "coordinates": [-122.3132342, 47.6686475]}}, {"type": "Feature", "properties": {"id": 2464040322, "name": "Seattle Records", "category": "music", "tags": ["music"], "sources": ["osm"], "address": "5521 University Way Northeast", "stations": [{"stopCode": 46, "lines": "1,2", "name": "Roosevelt Station", "walkingMeters": 969, "walkingSeconds": 698, "band": 15}, {"stopCode": 47, "lines": "1,2", "name": "U District Station", "walkingMeters": 1063, "walkingSeconds": 765, "band": 15}]}, "geometry": {"type": "Point", "coordinates": [-122.3132539, 47.6692016]}}, {"type": "Feature", "properties": {"id": "fa2b0a97-fe69-404e-bf4f-47b8369f480a", "name": "Ace Hardware", "category": "hardware", "tags": ["hardware"], "sources": ["overture"], "website": "https://www.acehardware.com/store-details/17725", "phone": "+12066599724", "address": "4731 University Way North East", "stations": [{"stopCode": 47, "lines": "1,2", "name": "U District Station", "walkingMeters": 477, "walkingSeconds": 344, "band": 10}]}, "geometry": {"type": "Point", "coordinates": [-122.3134308, 47.6640015]}}, {"type": "Feature", "properties": {"id": 3026093445, "name": "The Joint", "category": "cannabis", "tags": ["cannabis"], "sources": ["osm"], "website": "https://thejointllc.com", "phone": "+1-206-283-3333", "address": "4336 Roosevelt Way Northeast", "stations": [{"stopCode": 47, "lines": "1,2", "name": "U District Station", "walkingMeters": 370, "walkingSeconds": 266, "band": 5}]}, "geometry": {"type": "Point", "coordinates": [-122.3174327, 47.6610622]}}, {"type": "Feature", "properties": {"id": 3026093446, "name": "Beer & Wine", "category": "convenience", "tags": ["convenience"], "sources": ["osm"], "address": "4336 Roosevelt Way Northeast", "stations": [{"stopCode": 47, "lines": "1,2", "name": "U District Station", "walkingMeters": 365, "walkingSeconds": 262, "band": 5}]}, "geometry": {"type": "Point", "coordinates": [-122.3174998, 47.6610629]}}, {"type": "Feature", "properties": {"id": 3407995745, "name": "Rax Vintage", "category": "clothes", "tags": ["clothes"], "sources": ["osm"], "address": "4341 1/2 University Way Northeast", "hours": "Mo-Fr 11:00-20:00; Sa,Su 11:00-24:00", "stations": [{"stopCode": 47, "lines": "1,2", "name": "U District Station", "walkingMeters": 192, "walkingSeconds": 138, "band": 5}]}, "geometry": {"type": "Point", "coordinates": [-122.3132605, 47.6610011]}}, {"type": "Feature", "properties": {"id": 5238761509, "name": "Paws Cat City Adoption Center", "category": "pet", "tags": ["pet"], "sources": ["osm"], "address": "5200 Roosevelt Way Northeast", "stations": [{"stopCode": 47, "lines": "1,2", "name": "U District Station", "walkingMeters": 939, "walkingSeconds": 676, "band": 15}, {"stopCode": 46, "lines": "1,2", "name": "Roosevelt Station", "walkingMeters": 1191, "walkingSeconds": 858, "band": 15}]}, "geometry": {"type": "Point", "coordinates": [-122.3171958, 47.6666956]}}, {"type": "Feature", "properties": {"id": 5238769298, "name": "Spotted Owl Berger Variety Shop", "category": "tobacco", "tags": ["tobacco", "wheelchair-accessible"], "sources": ["osm"], "address": "5524 Roosevelt Way Northeast", "stations": [{"stopCode": 46, "lines": "1,2", "name": "Roosevelt Station", "walkingMeters": 904, "walkingSeconds": 650, "band": 15}, {"stopCode": 47, "lines": "1,2", "name": "U District Station", "walkingMeters": 1226, "walkingSeconds": 882, "band": 15}]}, "geometry": {"type": "Point", "coordinates": [-122.3171938, 47.6692829]}}, {"type": "Feature", "properties": {"id": "87f823a8-795b-4bd1-b27c-72b6466d5217", "name": "Spotted Owl Berger Variety Shop", "category": "convenience", "tags": ["convenience"], "sources": ["overture"], "phone": "+12066321611", "address": "5502 University Way NE", "stations": [{"stopCode": 46, "lines": "1,2", "name": "Roosevelt Station", "walkingMeters": 1186, "walkingSeconds": 885, "band": 15}, {"stopCode": 47, "lines": "1,2", "name": "U District Station", "walkingMeters": 1216, "walkingSeconds": 907, "band": 15}]}, "geometry": {"type": "Point", "coordinates": [-122.3128357, 47.6686668]}}, {"type": "Feature", "properties": {"id": 5908479381, "name": "uBreakiFix", "category": "mobile_phone", "tags": ["mobile-phone"], "sources": ["osm"], "website": "https://www.ubreakifix.com/locations/seattle?utm_source=google&utm_medium=gmb&utm_campaign=seattle", "phone": "+1-206-457-4657", "address": "4730 University Way Northeast", "hours": "Mo-Sa 10:00-19:00", "stations": [{"stopCode": 47, "lines": "1,2", "name": "U District Station", "walkingMeters": 455, "walkingSeconds": 328, "band": 10}]}, "geometry": {"type": "Point", "coordinates": [-122.3129534, 47.6636489]}}, {"type": "Feature", "properties": {"id": 5908479384, "name": "Lucky Vintage", "category": "clothes", "tags": ["clothes", "wheelchair-accessible"], "sources": ["osm", "overture"], "website": "http://www.luckyvintageseattle.com", "phone": "12065236621", "address": "4742 University Way NE", "hours": "Mo-Sa 12:00-19:00; Su 11:00-18:00", "stations": [{"stopCode": 47, "lines": "1,2", "name": "U District Station", "walkingMeters": 531, "walkingSeconds": 382, "band": 10}]}, "geometry": {"type": "Point", "coordinates": [-122.3129398, 47.6643308]}}, {"type": "Feature", "properties": {"id": 5908771944, "name": "Neptune Music Co.", "category": "music", "tags": ["music"], "sources": ["osm"], "phone": "+1-206-632-0202", "address": "4344 Brooklyn Avenue Northeast", "hours": "Mo-Sa 11:00-19:30; Su 12:00-19:30", "stations": [{"stopCode": 47, "lines": "1,2", "name": "U District Station", "walkingMeters": 89, "walkingSeconds": 64, "band": 5}]}, "geometry": {"type": "Point", "coordinates": [-122.3141278, 47.6610993]}}, {"type": "Feature", "properties": {"id": "c11bddc2-a72c-4b52-88ed-cca94eae8970", "name": "The Phone Guys", "category": "mobile_phone", "tags": ["mobile-phone", "mobile"], "sources": ["overture"], "website": "http://www.phoneguysonline.com/", "phone": "+12063766519", "address": "4544 University Wy NE", "stations": [{"stopCode": 47, "lines": "1,2", "name": "U District Station", "walkingMeters": 357, "walkingSeconds": 266, "band": 5}]}, "geometry": {"type": "Point", "coordinates": [-122.3130722, 47.6626663]}}, {"type": "Feature", "properties": {"id": 13702501204, "name": "Slow Love Vintage", "category": "clothes", "tags": ["clothes"], "sources": ["osm"], "address": "4341 University Way Northeast", "hours": "Mo-Su 10:00-22:00", "stations": [{"stopCode": 47, "lines": "1,2", "name": "U District Station", "walkingMeters": 192, "walkingSeconds": 138, "band": 5}]}, "geometry": {"type": "Point", "coordinates": [-122.3133916, 47.6610271]}}, {"type": "Feature", "properties": {"id": 13967942682, "name": "Continent Books and Music", "category": "books", "tags": ["books"], "sources": ["osm", "overture"], "website": "http://scootergalleryseattle.com", "phone": "+12063963684", "address": "5218B University Wy NE", "hours": "Mo-Su 12:00-17:00", "stations": [{"stopCode": 47, "lines": "1,2", "name": "U District Station", "walkingMeters": 831, "walkingSeconds": 598, "band": 15}, {"stopCode": 46, "lines": "1,2", "name": "Roosevelt Station", "walkingMeters": 1226, "walkingSeconds": 883, "band": 15}]}, "geometry": {"type": "Point", "coordinates": [-122.3128076, 47.6670294]}}, {"type": "Feature", "properties": {"id": 1259509536, "name": "Joy Mini Mart", "category": "convenience", "tags": ["convenience"], "sources": ["osm", "overture"], "phone": "+1-206-527-1233", "address": "4747 University Way NE", "hours": "Mo-Th 07:00-22:30; Sa 08:00-23:30; Su 09:00-23:30", "stations": [{"stopCode": 47, "lines": "1,2", "name": "U District Station", "walkingMeters": 527, "walkingSeconds": 380, "band": 10}]}, "geometry": {"type": "Point", "coordinates": [-122.3133539, 47.6644389]}}, {"type": "Feature", "properties": {"id": "3169d896-72e0-4a00-b0f3-39282fb1a878", "name": "\u041a\u043d\u0438\u0436\u043d\u0430\u044f \u043b\u0430\u0432\u043a\u0430 \"\u041a\u043e\u043d\u0442\u0438\u043d\u0435\u043d\u0442\" - \u043c\u0430\u0433\u0430\u0437\u0438\u043d \u0440\u0443\u0441\u0441\u043a\u043e\u0439 \u043a\u043d\u0438\u0433\u0438 \u0432 \u0421\u0438\u044d\u0442\u043b\u0435", "category": "books", "tags": ["books"], "sources": ["overture"], "phone": "+12063963684", "address": "5218 University Way NE", "stations": [{"stopCode": 47, "lines": "1,2", "name": "U District Station", "walkingMeters": 847, "walkingSeconds": 610, "band": 15}, {"stopCode": 46, "lines": "1,2", "name": "Roosevelt Station", "walkingMeters": 1210, "walkingSeconds": 871, "band": 15}]}, "geometry": {"type": "Point", "coordinates": [-122.3128586, 47.6670799]}}, {"type": "Feature", "properties": {"id": "e3799418-c46c-4755-8258-496607aedd1d", "name": "American Apparel", "category": "clothes", "tags": ["clothes"], "sources": ["overture"], "website": "http://americanapparel.net", "phone": "(206) 547-0399", "address": "4345 University Way NE", "stations": [{"stopCode": 47, "lines": "1,2", "name": "U District Station", "walkingMeters": 158, "walkingSeconds": 114, "band": 5}]}, "geometry": {"type": "Point", "coordinates": [-122.3135071, 47.6612511]}}, {"type": "Feature", "properties": {"id": "6afd16b8-a40a-44da-b101-2bef2e78348e", "name": "Recess", "category": "clothes", "tags": ["clothes", "mens"], "sources": ["overture"], "website": "http://www.recesspieces.com", "phone": "(206) 729-5099", "address": "5235 University Way NE", "stations": [{"stopCode": 47, "lines": "1,2", "name": "U District Station", "walkingMeters": 1040, "walkingSeconds": 776, "band": 15}, {"stopCode": 46, "lines": "1,2", "name": "Roosevelt Station", "walkingMeters": 1344, "walkingSeconds": 1003, "band": 15}]}, "geometry": {"type": "Point", "coordinates": [-122.3132935, 47.6674728]}}, {"type": "Feature", "properties": {"id": "5f9d8ce5-8700-497a-9ae7-52dade3c8f0f", "name": "Sunfresh Market", "category": "supermarket", "tags": ["supermarket"], "sources": ["overture"], "address": "5501 Roosevelt Way NE", "stations": [{"stopCode": 46, "lines": "1,2", "name": "Roosevelt Station", "walkingMeters": 1147, "walkingSeconds": 856, "band": 15}, {"stopCode": 47, "lines": "1,2", "name": "U District Station", "walkingMeters": 1267, "walkingSeconds": 946, "band": 15}]}, "geometry": {"type": "Point", "coordinates": [-122.3176575, 47.6687393]}}, {"type": "Feature", "properties": {"id": "ce21df6d-b9c7-40e7-8feb-a9009a7a0292", "name": "Fat Ducks Deli & Bakery", "category": "deli", "tags": ["deli", "delicatessen"], "sources": ["overture"], "website": "http://fatducksdeli.com", "phone": "(206) 257-4798", "address": "5509 University Way NE", "stations": [{"stopCode": 46, "lines": "1,2", "name": "Roosevelt Station", "walkingMeters": 1149, "walkingSeconds": 857, "band": 15}, {"stopCode": 47, "lines": "1,2", "name": "U District Station", "walkingMeters": 1239, "walkingSeconds": 925, "band": 15}]}, "geometry": {"type": "Point", "coordinates": [-122.3133011, 47.6688538]}}, {"type": "Feature", "properties": {"id": "7f0ad30c-1faf-40c6-8ace-16ed30a95fa6", "name": "Multilingual Books", "category": "books", "tags": ["books"], "sources": ["overture"], "website": "http://shop.multilingualbooks.com/", "phone": "+12063843728", "address": "5519 University Wy NE", "stations": [{"stopCode": 46, "lines": "1,2", "name": "Roosevelt Station", "walkingMeters": 1114, "walkingSeconds": 831, "band": 15}, {"stopCode": 47, "lines": "1,2", "name": "U District Station", "walkingMeters": 1279, "walkingSeconds": 954, "band": 15}]}, "geometry": {"type": "Point", "coordinates": [-122.3131485, 47.6691246]}}, {"type": "Feature", "properties": {"id": "fd2c3500-01d8-4158-b871-fc704b690d32", "name": "R & M Grocery Video", "category": "supermarket", "tags": ["supermarket"], "sources": ["overture"], "website": "http://r-m-videos-music.yeeq.io", "phone": "(206) 526-1793", "address": "5510 University Way NE", "stations": [{"stopCode": 46, "lines": "1,2", "name": "Roosevelt Station", "walkingMeters": 1046, "walkingSeconds": 753, "band": 15}, {"stopCode": 47, "lines": "1,2", "name": "U District Station", "walkingMeters": 1054, "walkingSeconds": 759, "band": 15}]}, "geometry": {"type": "Point", "coordinates": [-122.313446, 47.6686592]}}, {"type": "Feature", "properties": {"id": "52b2cf9a-6fa2-4f93-bb08-07ce40579bd2", "name": "Cloudnine Convenience", "category": "convenience", "tags": ["convenience"], "sources": ["overture"], "phone": "4256979938", "address": "5501 University Way NE", "stations": [{"stopCode": 46, "lines": "1,2", "name": "Roosevelt Station", "walkingMeters": 1177, "walkingSeconds": 878, "band": 15}, {"stopCode": 47, "lines": "1,2", "name": "U District Station", "walkingMeters": 1208, "walkingSeconds": 901, "band": 15}]}, "geometry": {"type": "Point", "coordinates": [-122.313385, 47.668644]}}, {"type": "Feature", "properties": {"id": "2ae887ea-3544-4486-a805-7ad889d09ed7", "name": "Globe Bookstore", "category": "books", "tags": ["books"], "sources": ["overture"], "website": "https://pioneersquare.org", "phone": "2065272481", "address": "5220 University Way Ne  Ste B", "stations": [{"stopCode": 47, "lines": "1,2", "name": "U District Station", "walkingMeters": 1002, "walkingSeconds": 748, "band": 15}, {"stopCode": 46, "lines": "1,2", "name": "Roosevelt Station", "walkingMeters": 1396, "walkingSeconds": 1042, "band": 15}]}, "geometry": {"type": "Point", "coordinates": [-122.3128128, 47.6671753]}}, {"type": "Feature", "properties": {"id": "560eb149-3c1b-4d23-aa40-b6917d0b54ff", "name": "Junction U-district", "category": "supermarket", "tags": ["supermarket"], "sources": ["overture"], "website": "junction-bar.com", "address": "4524 University Way NE", "stations": [{"stopCode": 47, "lines": "1,2", "name": "U District Station", "walkingMeters": 285, "walkingSeconds": 205, "band": 5}]}, "geometry": {"type": "Point", "coordinates": [-122.312767, 47.6620102]}}, {"type": "Feature", "properties": {"id": "7b9e5786-3665-494b-b984-25aaad929140", "name": "Holla Back", "category": "clothes", "tags": ["clothes", "womens"], "sources": ["overture"], "address": "4536 University Way NE", "stations": [{"stopCode": 47, "lines": "1,2", "name": "U District Station", "walkingMeters": 324, "walkingSeconds": 242, "band": 5}]}, "geometry": {"type": "Point", "coordinates": [-122.3127899, 47.6623497]}}, {"type": "Feature", "properties": {"id": "090b1179-e8f5-43d2-9fe3-d68f7dded387", "name": "Crisp Harvest Market", "category": "supermarket", "tags": ["supermarket"], "sources": ["overture"], "website": "crispharvestmarket.com", "address": "4321 University Way NE", "stations": [{"stopCode": 47, "lines": "1,2", "name": "U District Station", "walkingMeters": 68, "walkingSeconds": 51, "band": 5}]}, "geometry": {"type": "Point", "coordinates": [-122.3134842, 47.6604843]}}, {"type": "Feature", "properties": {"id": "6a65588d-1e98-4047-9920-f20bf8c39002", "name": "Five Doors Up", "category": "shoes", "tags": ["shoes", "shoe"], "sources": ["overture"], "website": "http://www.5doorsup.com", "phone": "(206) 547-3192", "address": "4309 University Way NE", "stations": [{"stopCode": 47, "lines": "1,2", "name": "U District Station", "walkingMeters": 124, "walkingSeconds": 89, "band": 5}]}, "geometry": {"type": "Point", "coordinates": [-122.3134842, 47.6601639]}}, {"type": "Feature", "properties": {"id": "ae123de1-0642-40fa-a54a-1b4a8cd601c7", "name": "The Comic Stop", "category": "books", "tags": ["books"], "sources": ["overture"], "website": "http://www.comicstoponline.com", "phone": "(206) 632-0989", "address": "1307 NE 45th St", "stations": [{"stopCode": 47, "lines": "1,2", "name": "U District Station", "walkingMeters": 126, "walkingSeconds": 91, "band": 5}]}, "geometry": {"type": "Point", "coordinates": [-122.3139343, 47.6612473]}}, {"type": "Feature", "properties": {"id": "69c77196-1440-4ad3-b473-34b71a7b82cf", "name": "Wild West Trading Company", "category": "clothes", "tags": ["clothes", "womens"], "sources": ["overture"], "website": "redlightvintage.com", "phone": "+12065456887", "address": "4560 University Way NE", "stations": [{"stopCode": 47, "lines": "1,2", "name": "U District Station", "walkingMeters": 204, "walkingSeconds": 152, "band": 5}]}, "geometry": {"type": "Point", "coordinates": [-122.3134003, 47.6616249]}}, {"type": "Feature", "properties": {"id": "be547af6-a952-4d8b-86cb-a7d40b0362aa", "name": "Ruzhen Mongolian Grill", "category": "supermarket", "tags": ["supermarket"], "sources": ["overture"], "address": "4523 University Way NE", "stations": [{"stopCode": 47, "lines": "1,2", "name": "U District Station", "walkingMeters": 249, "walkingSeconds": 186, "band": 5}]}, "geometry": {"type": "Point", "coordinates": [-122.3134613, 47.6619644]}}, {"type": "Feature", "properties": {"id": "405d4b77-c2b4-4c09-a903-61b81ac26ff1", "name": "Buddha Jewelry", "category": "jewelry", "tags": ["jewelry"], "sources": ["overture"], "website": "http://www.buddhajewelryorganics.com", "phone": "+18886327201", "address": "4517 University Way NE", "stations": [{"stopCode": 47, "lines": "1,2", "name": "U District Station", "walkingMeters": 215, "walkingSeconds": 155, "band": 5}]}, "geometry": {"type": "Point", "coordinates": [-122.3134537, 47.6619873]}}, {"type": "Feature", "properties": {"id": "6d69fee1-9aef-437f-a42b-f5bad719fd38", "name": "University True Value", "category": "hardware", "tags": ["hardware"], "sources": ["overture"], "website": "http://www.truevalue.com/universitytruevalue", "phone": "+12065235353", "address": "4731 University Wy NE", "stations": [{"stopCode": 47, "lines": "1,2", "name": "U District Station", "walkingMeters": 480, "walkingSeconds": 346, "band": 10}]}, "geometry": {"type": "Point", "coordinates": [-122.3133011, 47.6640244]}}, {"type": "Feature", "properties": {"id": "5e3bf85c-dde6-4469-a8a7-25ac44eba468", "name": "Lines Up", "category": "clothes", "tags": ["clothes"], "sources": ["overture"], "website": "http://www.linesupus.com", "phone": "12065120820", "address": "4721 University Way NE", "stations": [{"stopCode": 47, "lines": "1,2", "name": "U District Station", "walkingMeters": 509, "walkingSeconds": 380, "band": 5}]}, "geometry": {"type": "Point", "coordinates": [-122.3133926, 47.6637878]}}, {"type": "Feature", "properties": {"id": "119d8a99-86f7-4c28-bac0-ee6936cfdce5", "name": "Comic Book Club", "category": "tobacco", "tags": ["tobacco"], "sources": ["overture"], "website": "http://rfiainsurance.com", "phone": "2065236895", "address": "1100 Ne 47th St  Ste 103", "stations": [{"stopCode": 47, "lines": "1,2", "name": "U District Station", "walkingMeters": 473, "walkingSeconds": 353, "band": 10}]}, "geometry": {"type": "Point", "coordinates": [-122.3160324, 47.663311]}}, {"type": "Feature", "properties": {"id": "c5220ac1-ed52-4bd5-a09a-4265bd72f447", "name": "cinema books", "category": "books", "tags": ["books"], "sources": ["overture"], "website": "http://www.cinemabooks.com", "phone": "(206) 547-7667", "address": "50th and roosevelt", "stations": [{"stopCode": 47, "lines": "1,2", "name": "U District Station", "walkingMeters": 766, "walkingSeconds": 551, "band": 10}]}, "geometry": {"type": "Point", "coordinates": [-122.3177261, 47.6647453]}}, {"type": "Feature", "properties": {"id": "5fe3c327-b73b-450b-ad10-b6dd6d53d7a9", "name": "U Smoke Vape & Glass", "category": "tobacco", "tags": ["tobacco"], "sources": ["overture"], "phone": "+12066320504", "address": "4336 Roosevelt Way NE", "stations": [{"stopCode": 47, "lines": "1,2", "name": "U District Station", "walkingMeters": 345, "walkingSeconds": 257, "band": 5}]}, "geometry": {"type": "Point", "coordinates": [-122.3175201, 47.6610031]}}, {"type": "Feature", "properties": {"id": "65f333f3-ce12-4a6e-87c9-860c3e5b7857", "name": "The Joint Recreational Marijuana Dispensary - Seattle University District", "category": "cannabis", "tags": ["cannabis"], "sources": ["overture"], "website": "http://www.thejointllc.com", "phone": "12062833333", "address": "4336 Roosevelt Way Ne  Ste C", "stations": [{"stopCode": 47, "lines": "1,2", "name": "U District Station", "walkingMeters": 376, "walkingSeconds": 271, "band": 5}]}, "geometry": {"type": "Point", "coordinates": [-122.3173828, 47.6610565]}}, {"type": "Feature", "properties": {"id": "f102d959-fbda-4197-81b5-ac795d56a6f2", "name": "Gt Kitchen And Bath", "category": "doityourself", "tags": ["doityourself", "building", "supply"], "sources": ["overture"], "website": "http://gtkitchenandbath.com", "phone": "2533489701", "address": "4534 11th Ave NE", "stations": [{"stopCode": 47, "lines": "1,2", "name": "U District Station", "walkingMeters": 402, "walkingSeconds": 289, "band": 5}]}, "geometry": {"type": "Point", "coordinates": [-122.3161697, 47.6622963]}}, {"type": "Feature", "properties": {"id": "588eb02f-9574-448f-b679-ccc6061f630a", "name": "Downtown Inn", "category": "supermarket", "tags": ["supermarket"], "sources": ["overture"], "website": "https://www.downtowninnwa.com", "address": "4507 Brooklyn Ave NE", "stations": [{"stopCode": 47, "lines": "1,2", "name": "U District Station", "walkingMeters": 186, "walkingSeconds": 139, "band": 5}]}, "geometry": {"type": "Point", "coordinates": [-122.3146439, 47.661541]}}, {"type": "Feature", "properties": {"id": "94479fac-40fe-48a2-b83a-361f2d612812", "name": "Walgreens", "category": "pharmacy", "tags": ["pharmacy"], "sources": ["overture"], "website": "https://www.walgreens.com/locator/walgreens-1205+ne+50th+st-seattle-wa-98105/id=7352", "phone": "(206) 204-0145", "address": "1205 NE 50th St", "stations": [{"stopCode": 47, "lines": "1,2", "name": "U District Station", "walkingMeters": 568, "walkingSeconds": 409, "band": 10}]}, "geometry": {"type": "Point", "coordinates": [-122.3149719, 47.664814]}}, {"type": "Feature", "properties": {"id": 5062683039, "name": "Planned Parenthood", "category": "clinic", "tags": ["clinic"], "sources": ["osm"], "website": "https://www.plannedparenthood.org/health-center/washington/seattle/98105/university-district-health-center-2532-91810", "phone": "+1 800 769 0045", "address": "5020 Roosevelt Way Northeast", "hours": "Mo 10:00-18:00; Tu-Th 09:00-17:00; Fr 08:30-16:30", "stations": [{"stopCode": 47, "lines": "1,2", "name": "U District Station", "walkingMeters": 822, "walkingSeconds": 591, "band": 10}]}, "geometry": {"type": "Point", "coordinates": [-122.317221, 47.665638]}}, {"type": "Feature", "properties": {"id": "7ddd00a9-9d5b-452c-bf9f-295dc78881cd", "name": "Bartell Drugs", "category": "pharmacy", "tags": ["pharmacy"], "sources": ["overture"], "phone": "12066323513", "address": "4344 University Way NE", "stations": [{"stopCode": 47, "lines": "1,2", "name": "U District Station", "walkingMeters": 192, "walkingSeconds": 139, "band": 5}]}, "geometry": {"type": "Point", "coordinates": [-122.3129807, 47.6610985]}}, {"type": "Feature", "properties": {"id": "970551b9-85f1-4699-ada6-b0fcc19f54c9", "name": "Urban Roots", "category": "pharmacy", "tags": ["pharmacy"], "sources": ["overture"], "website": "http://www.urbanrootsseattle.org", "phone": "(206) 552-3782", "address": "5228 University Way NE", "stations": [{"stopCode": 47, "lines": "1,2", "name": "U District Station", "walkingMeters": 864, "walkingSeconds": 622, "band": 15}, {"stopCode": 46, "lines": "1,2", "name": "Roosevelt Station", "walkingMeters": 1193, "walkingSeconds": 859, "band": 15}]}, "geometry": {"type": "Point", "coordinates": [-122.3127213, 47.6673241]}}, {"type": "Feature", "properties": {"id": "ab494387-b1dd-414d-85ae-614b9e6761b0", "name": "Alsac/St Jude Children's Research Hospital", "category": "hospital", "tags": ["hospital"], "sources": ["overture"], "website": "http://stjude.org", "phone": "+12065268900", "address": "4738 11th Ave NE", "stations": [{"stopCode": 47, "lines": "1,2", "name": "U District Station", "walkingMeters": 587, "walkingSeconds": 423, "band": 10}]}, "geometry": {"type": "Point", "coordinates": [-122.3160782, 47.6641808]}}, {"type": "Feature", "properties": {"id": 49533039, "name": "Bank of America", "category": "bank", "tags": ["bank", "credit", "union"], "sources": ["osm", "overture"], "website": "https://locators.bankofamerica.com/wa/seattle/financial-centers-seattle-11188.html", "phone": "+12063581959", "address": "4701 University Way NE", "hours": "Mo-Fr 09:00-17:00; Sa 10:00-14:00", "stations": [{"stopCode": 47, "lines": "1,2", "name": "U District Station", "walkingMeters": 414, "walkingSeconds": 298, "band": 5}]}, "geometry": {"type": "Point", "coordinates": [-122.3134266, 47.6634195]}}, {"type": "Feature", "properties": {"id": 8043344390, "name": "KeyBank", "category": "bank", "tags": ["bank", "credit", "union"], "sources": ["osm", "overture"], "website": "https://www.key.com/locations/WA/Seattle/BRCH47310202/4700-Brooklyn-Ave-Ne-Ste-B?ppc=cmpyxt", "phone": "+12067483802", "address": "4700 Brooklyn Ave NE Ste B", "hours": "Mo-Th 09:00-17:00; Fr 09:00-18:00; Sa-Su off", "stations": [{"stopCode": 47, "lines": "1,2", "name": "U District Station", "walkingMeters": 330, "walkingSeconds": 238, "band": 5}]}, "geometry": {"type": "Point", "coordinates": [-122.3140462, 47.6632258]}}, {"type": "Feature", "properties": {"id": "2720ba3a-c2c0-40f7-b3b0-e5a51c1da3b4", "name": "US Bank", "category": "bank", "tags": ["bank", "credit", "union"], "sources": ["overture"], "website": "http://www.usbank.com/", "phone": "2066321124", "address": "4326 University Way NE", "stations": [{"stopCode": 47, "lines": "1,2", "name": "U District Station", "walkingMeters": 191, "walkingSeconds": 137, "band": 5}]}, "geometry": {"type": "Point", "coordinates": [-122.3131714, 47.6604462]}}, {"type": "Feature", "properties": {"id": 2464037622, "name": "Chase", "category": "bank", "tags": ["bank"], "sources": ["osm"], "website": "https://locator.chase.com/wa/seattle/4501-university-way-ne", "phone": "+1-206-461-4625", "address": "4501 University Way Northeast", "hours": "Mo-Fr 09:00-18:00; Sa 09:00-13:00", "stations": [{"stopCode": 47, "lines": "1,2", "name": "U District Station", "walkingMeters": 177, "walkingSeconds": 128, "band": 5}]}, "geometry": {"type": "Point", "coordinates": [-122.3133013, 47.6614142]}}, {"type": "Feature", "properties": {"id": "1ba0e0cc-6c56-4165-b2e1-763ea0b66f81", "name": "WaFd Bank", "category": "bank", "tags": ["bank", "credit", "union"], "sources": ["overture"], "website": "https://www.wafdbank.com/locations/washington/seattle/u-district?utm_source=ExtNet&utm_medium=yext", "phone": "2066323322", "address": "1200 NE 45th", "stations": [{"stopCode": 47, "lines": "1,2", "name": "U District Station", "walkingMeters": 195, "walkingSeconds": 140, "band": 5}]}, "geometry": {"type": "Point", "coordinates": [-122.3152008, 47.6614838]}}, {"type": "Feature", "properties": {"id": 6859332701, "name": "Cathay Bank", "category": "bank", "tags": ["bank"], "sources": ["osm"], "website": "https://www.cathaybank.com/home", "phone": "+1-206-288-7829", "address": "5000 University Way Northeast", "hours": "Mo-Fr 09:30-17:00; Sa 10:00-13:00; Su off", "stations": [{"stopCode": 47, "lines": "1,2", "name": "U District Station", "walkingMeters": 633, "walkingSeconds": 456, "band": 10}]}, "geometry": {"type": "Point", "coordinates": [-122.312867, 47.6652428]}}, {"type": "Feature", "properties": {"id": "538ebf97-232a-4a16-bba2-3896fd8d85f2", "name": "Washington Federal", "category": "bank", "tags": ["bank", "credit", "union"], "sources": ["overture"], "website": "https://www.washingtonfederal.com/locations/washington/seattle-u-district/?utm_source=Bing&utm_medium=Listings", "phone": "2066323322", "address": "1200 NE 45th St", "stations": [{"stopCode": 47, "lines": "1,2", "name": "U District Station", "walkingMeters": 185, "walkingSeconds": 133, "band": 5}]}, "geometry": {"type": "Point", "coordinates": [-122.3152161, 47.6612854]}}, {"type": "Feature", "properties": {"id": 37058938, "name": "The Seattle Public Library - University Branch", "category": "library", "tags": ["library", "wheelchair-accessible"], "sources": ["osm"], "website": "https://www.spl.org/hours-and-locations/university-branch", "phone": "+1 206-684-4063", "address": "5009 Roosevelt Way Northeast", "hours": "closed", "stations": [{"stopCode": 47, "lines": "1,2", "name": "U District Station", "walkingMeters": 814, "walkingSeconds": 585, "band": 10}]}, "geometry": {"type": "Point", "coordinates": [-122.3179375, 47.6652479]}}, {"type": "Feature", "properties": {"id": 222834338, "name": "WSECU", "category": "bank", "tags": ["bank", "wheelchair-accessible"], "sources": ["osm"], "address": "1121 Northeast 45th Street", "stations": [{"stopCode": 47, "lines": "1,2", "name": "U District Station", "walkingMeters": 213, "walkingSeconds": 153, "band": 5}]}, "geometry": {"type": "Point", "coordinates": [-122.3157763, 47.6610481]}}, {"type": "Feature", "properties": {"id": "25fc0b34-352f-4584-91a6-67986d6b09d0", "name": "Chase Bank", "category": "bank", "tags": ["bank", "credit", "union"], "sources": ["overture"], "website": "https://www.chase.com/locator/banking/us/wa/seattle/4501-university-way-ne?jp_cmp=rb%2FLocalListings%2Faff%2Fbranch%2Fna&y_source=1_MjAzODIzMy00ODMtbG9jYXRpb24ud2Vic2l0ZQ%3D%3D", "phone": "2064614625", "address": "4501 University Way NE", "stations": [{"stopCode": 47, "lines": "1,2", "name": "U District Station", "walkingMeters": 169, "walkingSeconds": 122, "band": 5}]}, "geometry": {"type": "Point", "coordinates": [-122.3134766, 47.6614113]}}, {"type": "Feature", "properties": {"id": "348a6e3d-68ea-4a87-aabb-c4b71f0a5955", "name": "University Branch", "category": "library", "tags": ["library"], "sources": ["overture"], "website": "http://www.spl.org/locations/university-branch", "phone": "+12066844063", "address": "5009 Roosevelt Way NE", "stations": [{"stopCode": 47, "lines": "1,2", "name": "U District Station", "walkingMeters": 816, "walkingSeconds": 587, "band": 10}]}, "geometry": {"type": "Point", "coordinates": [-122.3177872, 47.6652222]}}, {"type": "Feature", "properties": {"id": 1081984002, "name": "Industrious", "category": "fitness_centre", "tags": ["fitness-centre"], "sources": ["osm"], "website": "https://udistrict.workhardlivefit.com/", "address": "4501 Roosevelt Way Northeast", "stations": [{"stopCode": 47, "lines": "1,2", "name": "U District Station", "walkingMeters": 380, "walkingSeconds": 274, "band": 5}]}, "geometry": {"type": "Point", "coordinates": [-122.3178014, 47.6614669]}}, {"type": "Feature", "properties": {"id": 2323794477, "name": "Seattle Bouldering Project", "category": "fitness_centre", "tags": ["fitness-centre", "climbing"], "sources": ["osm"], "address": "4502 University Way Northeast", "hours": "Mo-Fr 06:00-22:00; Sa,Su 07:00-22:00", "stations": [{"stopCode": 47, "lines": "1,2", "name": "U District Station", "walkingMeters": 214, "walkingSeconds": 154, "band": 5}]}, "geometry": {"type": "Point", "coordinates": [-122.3129642, 47.6614617]}}, {"type": "Feature", "properties": {"id": "8eae47df-4354-4ae9-b6d9-4964a66055ab", "name": "Pure Barre", "category": "fitness_centre", "tags": ["fitness-centre", "gym"], "sources": ["overture"], "website": "https://www.purebarre.com/location/seattle-university-wa", "phone": "(206) 935-7873", "address": "4552 11th Ave NE", "stations": [{"stopCode": 47, "lines": "1,2", "name": "U District Station", "walkingMeters": 413, "walkingSeconds": 297, "band": 5}]}, "geometry": {"type": "Point", "coordinates": [-122.3161316, 47.6627121]}}, {"type": "Feature", "properties": {"id": 13323577007, "name": "The Yoga Shala", "category": "fitness_centre", "tags": ["fitness-centre", "yoga", "studio"], "sources": ["osm", "overture"], "website": "https://www.theyogashalaseattle.com", "phone": "+12076042298", "address": "4556 University Way Ne Ste 203", "stations": [{"stopCode": 47, "lines": "1,2", "name": "U District Station", "walkingMeters": 372, "walkingSeconds": 268, "band": 5}]}, "geometry": {"type": "Point", "coordinates": [-122.3128617, 47.6628892]}}, {"type": "Feature", "properties": {"id": "4c52d5e6-2395-44cd-8ca2-397bcbfae531", "name": "Athletic Engineering", "category": "fitness_centre", "tags": ["fitness-centre", "fitness", "trainer"], "sources": ["overture"], "phone": "+12065457844", "address": "1107 Ne 45th St Ste 100", "stations": [{"stopCode": 47, "lines": "1,2", "name": "U District Station", "walkingMeters": 227, "walkingSeconds": 169, "band": 5}]}, "geometry": {"type": "Point", "coordinates": [-122.3162689, 47.6609306]}}, {"type": "Feature", "properties": {"id": "666431ea-fb2c-4840-971a-e4893ccafb89", "name": "Studio 910", "category": "fitness_centre", "tags": ["fitness-centre", "pilates", "studio"], "sources": ["overture"], "website": "http://www.studio910pilates.com", "phone": "(206) 526-8838", "address": "910 NE 53rd St", "stations": [{"stopCode": 47, "lines": "1,2", "name": "U District Station", "walkingMeters": 1028, "walkingSeconds": 740, "band": 15}, {"stopCode": 46, "lines": "1,2", "name": "Roosevelt Station", "walkingMeters": 1172, "walkingSeconds": 843, "band": 15}]}, "geometry": {"type": "Point", "coordinates": [-122.3177414, 47.6673203]}}, {"type": "Feature", "properties": {"id": "e753a86f-19a4-4e2a-a9ca-fcfc27bb97a1", "name": "Ten Kicks", "category": "fitness_centre", "tags": ["fitness-centre", "gym"], "sources": ["overture"], "website": "http://www.tenkicks.com", "phone": "+13608907845", "address": "5020 Roosevelt Way NE", "stations": [{"stopCode": 47, "lines": "1,2", "name": "U District Station", "walkingMeters": 850, "walkingSeconds": 612, "band": 10}]}, "geometry": {"type": "Point", "coordinates": [-122.3171005, 47.6656189]}}, {"type": "Feature", "properties": {"id": "de694388-d8fa-4620-8832-23e9dbbb3939", "name": "Ten Kicks Gym", "category": "fitness_centre", "tags": ["fitness-centre", "gym"], "sources": ["overture"], "website": "http://www.tenkicks.com/", "phone": "2064583840", "address": "13100 Stone Ave N", "stations": [{"stopCode": 47, "lines": "1,2", "name": "U District Station", "walkingMeters": 818, "walkingSeconds": 588, "band": 10}]}, "geometry": {"type": "Point", "coordinates": [-122.3172531, 47.6655998]}}, {"type": "Feature", "properties": {"id": "551e6069-9e01-4d24-b023-0028017ea9d4", "name": "University District Yoga", "category": "fitness_centre", "tags": ["fitness-centre", "yoga", "studio"], "sources": ["overture"], "website": "https://www.universitydistrictyoga.com", "phone": "12065281400", "address": "5220 12th Ave NE", "stations": [{"stopCode": 47, "lines": "1,2", "name": "U District Station", "walkingMeters": 984, "walkingSeconds": 734, "band": 10}, {"stopCode": 46, "lines": "1,2", "name": "Roosevelt Station", "walkingMeters": 1378, "walkingSeconds": 1028, "band": 15}]}, "geometry": {"type": "Point", "coordinates": [-122.314888, 47.6670914]}}, {"type": "Feature", "properties": {"id": "6e9318e9-d161-413b-aa2f-6154bc434a40", "name": "Haven: a house of yoga", "category": "fitness_centre", "tags": ["fitness-centre", "yoga", "studio"], "sources": ["overture"], "website": "http://www.havenhouseofyoga.com/", "phone": "+14258905135", "address": "5623 University Way NE", "stations": [{"stopCode": 46, "lines": "1,2", "name": "Roosevelt Station", "walkingMeters": 865, "walkingSeconds": 623, "band": 15}, {"stopCode": 47, "lines": "1,2", "name": "U District Station", "walkingMeters": 1165, "walkingSeconds": 839, "band": 15}]}, "geometry": {"type": "Point", "coordinates": [-122.3131866, 47.6699829]}}, {"type": "Feature", "properties": {"id": "8deb4612-8a6e-47d3-9e2f-d3e3f8c116c7", "name": "Hopelandic Yoga", "category": "fitness_centre", "tags": ["fitness-centre", "gym"], "sources": ["overture"], "website": "http://www.hopelandicyoga.com", "phone": "(661) 889-0812", "address": "4519 University Way NE", "stations": [{"stopCode": 47, "lines": "1,2", "name": "U District Station", "walkingMeters": 209, "walkingSeconds": 150, "band": 5}]}, "geometry": {"type": "Point", "coordinates": [-122.3132248, 47.6615791]}}, {"type": "Feature", "properties": {"id": "88cfdcd5-f5cd-4f2c-a254-fe4e1c1bd1dd", "name": "Hatha Yoga Center", "category": "fitness_centre", "tags": ["fitness-centre", "yoga", "studio"], "sources": ["overture"], "website": "http://hathayogacenter.com", "phone": "(206) 632-1443", "stations": [{"stopCode": 47, "lines": "1,2", "name": "U District Station", "walkingMeters": 363, "walkingSeconds": 262, "band": 5}]}, "geometry": {"type": "Point", "coordinates": [-122.3127975, 47.6628304]}}, {"type": "Feature", "properties": {"id": "2fc00213-41af-4255-877f-212d531d9b08", "name": "The Ballet Studio", "category": "fitness_centre", "tags": ["fitness-centre", "gym"], "sources": ["overture"], "website": "http://www.theballetstudio.com", "phone": "(206) 329-9166", "address": "4556 University Way NE", "stations": [{"stopCode": 47, "lines": "1,2", "name": "U District Station", "walkingMeters": 402, "walkingSeconds": 290, "band": 5}]}, "geometry": {"type": "Point", "coordinates": [-122.3127899, 47.6628876]}}, {"type": "Feature", "properties": {"id": "b5df91f4-fa08-4c72-aa40-0fed01c8b7eb", "name": "We Yoga Co", "category": "fitness_centre", "tags": ["fitness-centre", "yoga", "studio"], "sources": ["overture"], "website": "http://weyogaco.com", "phone": "(206) 829-9087", "address": "4511 Roosevelt Way NE", "stations": [{"stopCode": 47, "lines": "1,2", "name": "U District Station", "walkingMeters": 465, "walkingSeconds": 335, "band": 5}]}, "geometry": {"type": "Point", "coordinates": [-122.3180695, 47.6617584]}}, {"type": "Feature", "properties": {"id": "de6ccd16-6b60-4bb8-80a1-64d418ed5c0f", "name": "CorePower Yoga - University District", "category": "fitness_centre", "tags": ["fitness-centre", "yoga", "studio"], "sources": ["overture"], "website": "https://www.corepoweryoga.com/yoga-studios/wa/seattle/university-district", "phone": "+18334482561", "address": "4535 12th Ave NE Ste A", "stations": [{"stopCode": 47, "lines": "1,2", "name": "U District Station", "walkingMeters": 330, "walkingSeconds": 237, "band": 5}]}, "geometry": {"type": "Point", "coordinates": [-122.3157654, 47.6621704]}}]}