{"type": "FeatureCollection", "features": [{"type": "Feature", "properties": {"id": 3204079760, "name": "Subway", "category": "fast_food", "tags": ["fast-food", "sandwich", "takeaway", "fast", "food"], "sources": ["osm", "overture"], "website": "https://restaurants.subway.com/united-states/wa/bellevue/300-110th-ave-ne?utm_source=yxt-bing&utm_medium=local&utm_term=acq&utm_content=24777&utm_campaign=evergreen-2020&y_source=1_MTQ5MTU0MDctNDgzLWxvY2F0aW9uLndlYnNpdGU%3D", "phone": "4256881357", "address": "300 110th Ave NE, Unit B1-03", "hours": "Mo-Fr 08:00-21:30; Sa-Su 10:00-20:00", "stations": [{"stopCode": 58, "lines": "2", "name": "Bellevue Downtown Station", "walkingMeters": 435, "walkingSeconds": 313, "band": 5}, {"stopCode": 57, "lines": "2", "name": "East Main Station", "walkingMeters": 754, "walkingSeconds": 543, "band": 10}, {"stopCode": 59, "lines": "2", "name": "Wilburton Station", "walkingMeters": 1314, "walkingSeconds": 948, "band": 15}]}, "geometry": {"type": "Point", "coordinates": [-122.193012, 47.6135641]}}, {"type": "Feature", "properties": {"id": "a3d628ef-be5c-4323-bf08-ab678c99c791", "name": "Subway", "category": "restaurant", "tags": ["restaurant", "sandwich"], "sources": ["overture"], "phone": "+14254517447", "address": "11022 NE 8th St", "stations": [{"stopCode": 58, "lines": "2", "name": "Bellevue Downtown Station", "walkingMeters": 355, "walkingSeconds": 265, "band": 5}, {"stopCode": 59, "lines": "2", "name": "Wilburton Station", "walkingMeters": 887, "walkingSeconds": 662, "band": 10}]}, "geometry": {"type": "Point", "coordinates": [-122.1928482, 47.6176224]}}, {"type": "Feature", "properties": {"id": 471973082, "name": "Starbucks", "category": "cafe", "tags": ["cafe", "coffee-shop", "takeaway", "wifi", "coffee"], "sources": ["osm", "overture"], "website": "https://www.starbucks.com/store-locator/store/7421", "phone": "+14254525880", "address": "11010 NE 8th St", "stations": [{"stopCode": 58, "lines": "2", "name": "Bellevue Downtown Station", "walkingMeters": 531, "walkingSeconds": 382, "band": 5}, {"stopCode": 59, "lines": "2", "name": "Wilburton Station", "walkingMeters": 925, "walkingSeconds": 665, "band": 15}]}, "geometry": {"type": "Point", "coordinates": [-122.1933228, 47.6175489]}}, {"type": "Feature", "properties": {"id": 1132416993, "name": "Starbucks", "category": "cafe", "tags": ["cafe", "coffee-shop", "takeaway", "wifi", "coffee"], "sources": ["osm", "overture"], "website": "https://www.starbucks.com/store-locator/store/11106/", "phone": "+14256469602", "address": "601 108th Ave Ne", "stations": [{"stopCode": 58, "lines": "2", "name": "Bellevue Downtown Station", "walkingMeters": 546, "walkingSeconds": 394, "band": 10}, {"stopCode": 59, "lines": "2", "name": "Wilburton Station", "walkingMeters": 1348, "walkingSeconds": 970, "band": 15}]}, "geometry": {"type": "Point", "coordinates": [-122.1965739, 47.6158285]}}, {"type": "Feature", "properties": {"id": "ae8d9eda-259c-4684-98de-8a78125053c5", "name": "Starbucks", "category": "cafe", "tags": ["cafe", "coffee"], "sources": ["overture"], "website": "https://www.starbucks.com/store-locator/store/15230", "phone": "(425) 635-7494", "address": "453 106th Ave NE", "stations": [{"stopCode": 58, "lines": "2", "name": "Bellevue Downtown Station", "walkingMeters": 720, "walkingSeconds": 537, "band": 10}]}, "geometry": {"type": "Point", "coordinates": [-122.1992722, 47.6140823]}}, {"type": "Feature", "properties": {"id": "a046b595-ebf7-47b9-a71c-afccd1c73d39", "name": "Starbucks", "category": "cafe", "tags": ["cafe", "coffee"], "sources": ["overture"], "website": "http://www.starbucks.com/", "phone": "(425) 635-7494", "address": "626 106th Ave NE", "stations": [{"stopCode": 58, "lines": "2", "name": "Bellevue Downtown Station", "walkingMeters": 609, "walkingSeconds": 454, "band": 10}]}, "geometry": {"type": "Point", "coordinates": [-122.1980667, 47.6164513]}}, {"type": "Feature", "properties": {"id": "29db0da3-5f93-4c7c-8046-501a90744285", "name": "Starbucks", "category": "cafe", "tags": ["cafe", "coffee"], "sources": ["overture"], "phone": "4254675666", "address": "255 108th Ave NE", "stations": [{"stopCode": 58, "lines": "2", "name": "Bellevue Downtown Station", "walkingMeters": 756, "walkingSeconds": 546, "band": 10}, {"stopCode": 57, "lines": "2", "name": "East Main Station", "walkingMeters": 849, "walkingSeconds": 611, "band": 15}]}, "geometry": {"type": "Point", "coordinates": [-122.1962051, 47.612587]}}, {"type": "Feature", "properties": {"id": 395170771, "name": "Toshi's Teriyaki", "category": "restaurant", "tags": ["restaurant", "japanese"], "sources": ["osm", "overture"], "phone": "14254538719", "address": "10618 Main St", "stations": [{"stopCode": 57, "lines": "2", "name": "East Main Station", "walkingMeters": 771, "walkingSeconds": 554, "band": 10}, {"stopCode": 58, "lines": "2", "name": "Bellevue Downtown Station", "walkingMeters": 1163, "walkingSeconds": 836, "band": 15}]}, "geometry": {"type": "Point", "coordinates": [-122.1980371, 47.6104903]}}, {"type": "Feature", "properties": {"id": 461089857, "name": "Mercurys Coffee Co.", "category": "cafe", "tags": ["cafe", "coffee-shop", "takeaway", "coffee"], "sources": ["osm", "overture"], "website": "https://www.mercurys.com", "phone": "(425) 502-7283", "address": "500-108th Ave NE (NE 6th St) Bellevue, WA", "hours": "Mo-Fr 05:00-18:00; Sa-Su 06:00-18:00", "stations": [{"stopCode": 58, "lines": "2", "name": "Bellevue Downtown Station", "walkingMeters": 483, "walkingSeconds": 347, "band": 5}, {"stopCode": 57, "lines": "2", "name": "East Main Station", "walkingMeters": 1132, "walkingSeconds": 816, "band": 15}, {"stopCode": 59, "lines": "2", "name": "Wilburton Station", "walkingMeters": 1319, "walkingSeconds": 951, "band": 15}]}, "geometry": {"type": "Point", "coordinates": [-122.1959518, 47.6152961]}}, {"type": "Feature", "properties": {"id": 461089859, "name": "Bowl Gogi", "category": "fast_food", "tags": ["fast-food", "asian", "korean", "restaurant"], "sources": ["osm", "overture"], "website": "http://Bowl-gogi.com/", "phone": "+14254540568", "address": "500 108th Ave NE", "hours": "Mo-Fr 10:45-15:30", "stations": [{"stopCode": 58, "lines": "2", "name": "Bellevue Downtown Station", "walkingMeters": 457, "walkingSeconds": 328, "band": 5}, {"stopCode": 57, "lines": "2", "name": "East Main Station", "walkingMeters": 1106, "walkingSeconds": 798, "band": 15}, {"stopCode": 59, "lines": "2", "name": "Wilburton Station", "walkingMeters": 1293, "walkingSeconds": 932, "band": 15}]}, "geometry": {"type": "Point", "coordinates": [-122.1956074, 47.6152867]}}, {"type": "Feature", "properties": {"id": 471973083, "name": "Hummus Republic", "category": "fast_food", "tags": ["fast-food", "mediterranean", "takeaway", "restaurant", "middle-eastern"], "sources": ["osm", "overture"], "website": "https://www.thehummusrepublic.com/", "phone": "+14254296350", "address": "11022 NE 8th St", "stations": [{"stopCode": 58, "lines": "2", "name": "Bellevue Downtown Station", "walkingMeters": 512, "walkingSeconds": 368, "band": 5}, {"stopCode": 59, "lines": "2", "name": "Wilburton Station", "walkingMeters": 906, "walkingSeconds": 651, "band": 10}]}, "geometry": {"type": "Point", "coordinates": [-122.193073, 47.6175489]}}, {"type": "Feature", "properties": {"id": 471973084, "name": "Coco", "category": "cafe", "tags": ["cafe", "bubble-tea", "takeaway"], "sources": ["osm"], "website": "https://www.cocofreshtea.com/", "phone": "+1-425-362-6962", "address": "11028 Northeast 8th Street", "hours": "Mo-Th 12:00-21:00; Fr-Su 12:00-22:00", "stations": [{"stopCode": 58, "lines": "2", "name": "Bellevue Downtown Station", "walkingMeters": 494, "walkingSeconds": 355, "band": 5}, {"stopCode": 59, "lines": "2", "name": "Wilburton Station", "walkingMeters": 888, "walkingSeconds": 638, "band": 10}]}, "geometry": {"type": "Point", "coordinates": [-122.192833, 47.6175431]}}, {"type": "Feature", "properties": {"id": 5032591530, "name": "Just Poke!", "category": "cafe", "tags": ["cafe"], "sources": ["osm"], "website": "http://www.just-poke.com", "phone": "+1-425-502-7386", "address": "278 106th Avenue Northeast", "stations": [{"stopCode": 58, "lines": "2", "name": "Bellevue Downtown Station", "walkingMeters": 942, "walkingSeconds": 677, "band": 10}, {"stopCode": 57, "lines": "2", "name": "East Main Station", "walkingMeters": 1051, "walkingSeconds": 755, "band": 15}]}, "geometry": {"type": "Point", "coordinates": [-122.1986177, 47.612619]}}, {"type": "Feature", "properties": {"id": 563386659, "name": "Andiamo", "category": "restaurant", "tags": ["restaurant"], "sources": ["osm"], "website": "https://www.andiamobellevue.com/", "phone": "+1-425-452-9602", "address": "938 110th Avenue Northeast", "hours": "Mo-Sa 11:30-00:00; Su 17:00-00:00", "stations": [{"stopCode": 58, "lines": "2", "name": "Bellevue Downtown Station", "walkingMeters": 712, "walkingSeconds": 512, "band": 10}, {"stopCode": 59, "lines": "2", "name": "Wilburton Station", "walkingMeters": 865, "walkingSeconds": 621, "band": 15}]}, "geometry": {"type": "Point", "coordinates": [-122.1934498, 47.6191564]}}, {"type": "Feature", "properties": {"id": 3418556393, "name": "Pagliacci Pizza", "category": "restaurant", "tags": ["restaurant", "pizza", "takeaway"], "sources": ["osm", "overture"], "website": "https://www.pagliacci.com/location/bellevue-main-st", "phone": "4254531717", "address": "10600 Main St", "hours": "Mo-Su 11:00-22:00", "stations": [{"stopCode": 57, "lines": "2", "name": "East Main Station", "walkingMeters": 790, "walkingSeconds": 568, "band": 10}, {"stopCode": 58, "lines": "2", "name": "Bellevue Downtown Station", "walkingMeters": 1208, "walkingSeconds": 873, "band": 15}]}, "geometry": {"type": "Point", "coordinates": [-122.198407, 47.6103444]}}, {"type": "Feature", "properties": {"id": 1006125170, "name": "SeaStar", "category": "restaurant", "tags": ["restaurant"], "sources": ["osm"], "stations": [{"stopCode": 58, "lines": "2", "name": "Bellevue Downtown Station", "walkingMeters": 806, "walkingSeconds": 579, "band": 10}, {"stopCode": 57, "lines": "2", "name": "East Main Station", "walkingMeters": 823, "walkingSeconds": 592, "band": 15}]}, "geometry": {"type": "Point", "coordinates": [-122.1965119, 47.6122513]}}, {"type": "Feature", "properties": {"id": 1132416923, "name": "Jimmy John's", "category": "fast_food", "tags": ["fast-food", "sandwich", "indoor-seating", "takeaway", "restaurant"], "sources": ["osm", "overture"], "website": "https://locations.jimmyjohns.com/wa/bellevue/sandwiches-1136.html", "phone": "+14252131100", "address": "601 108th Ave NE", "hours": "Mo-Fr 11:00-18:00", "stations": [{"stopCode": 58, "lines": "2", "name": "Bellevue Downtown Station", "walkingMeters": 594, "walkingSeconds": 429, "band": 10}, {"stopCode": 59, "lines": "2", "name": "Wilburton Station", "walkingMeters": 1302, "walkingSeconds": 938, "band": 15}]}, "geometry": {"type": "Point", "coordinates": [-122.1965762, 47.616264]}}, {"type": "Feature", "properties": {"id": "9b3dcbe7-3977-4d1a-8fe4-b7fc58206976", "name": "Jimmy John's", "category": "restaurant", "tags": ["restaurant", "sandwich"], "sources": ["overture"], "website": "https://www.jimmyjohns.com", "phone": "4256469500", "address": "141 106th Ave NE", "stations": [{"stopCode": 58, "lines": "2", "name": "Bellevue Downtown Station", "walkingMeters": 937, "walkingSeconds": 699, "band": 15}, {"stopCode": 57, "lines": "2", "name": "East Main Station", "walkingMeters": 941, "walkingSeconds": 702, "band": 15}]}, "geometry": {"type": "Point", "coordinates": [-122.1996765, 47.6112442]}}, {"type": "Feature", "properties": {"id": 1132416966, "name": "City Soups", "category": "cafe", "tags": ["cafe", "american", "restaurant"], "sources": ["osm", "overture"], "website": "http://www.citysoups.com/", "phone": "+14254675705", "address": "601 108th Ave NE", "hours": "Mo-Fr 10:30-14:30", "stations": [{"stopCode": 58, "lines": "2", "name": "Bellevue Downtown Station", "walkingMeters": 588, "walkingSeconds": 425, "band": 10}, {"stopCode": 59, "lines": "2", "name": "Wilburton Station", "walkingMeters": 1307, "walkingSeconds": 942, "band": 15}]}, "geometry": {"type": "Point", "coordinates": [-122.1965797, 47.6162167]}}, {"type": "Feature", "properties": {"id": 1148149205, "name": "The French Bakery", "category": "cafe", "tags": ["cafe", "bakery"], "sources": ["osm", "overture"], "website": "http://www.thefrenchbakery.com", "phone": "+14255909640", "address": "909 112th Ave NE #106", "hours": "Mo-Fr 07:00-18:00; Sa-Su 08:00-18:00", "stations": [{"stopCode": 58, "lines": "2", "name": "Bellevue Downtown Station", "walkingMeters": 591, "walkingSeconds": 425, "band": 10}, {"stopCode": 59, "lines": "2", "name": "Wilburton Station", "walkingMeters": 874, "walkingSeconds": 628, "band": 10}]}, "geometry": {"type": "Point", "coordinates": [-122.1914737, 47.618489]}}, {"type": "Feature", "properties": {"id": 1152272191, "name": "Day Break Cafe", "category": "cafe", "tags": ["cafe"], "sources": ["osm"], "address": "10900 NE 8th St", "stations": [{"stopCode": 58, "lines": "2", "name": "Bellevue Downtown Station", "walkingMeters": 633, "walkingSeconds": 455, "band": 10}, {"stopCode": 59, "lines": "2", "name": "Wilburton Station", "walkingMeters": 1034, "walkingSeconds": 743, "band": 15}]}, "geometry": {"type": "Point", "coordinates": [-122.1941741, 47.6180684]}}, {"type": "Feature", "properties": {"id": 1152306298, "name": "Top Pot Doughnuts", "category": "cafe", "tags": ["cafe", "donut", "coffee-shop", "outdoor-seating"], "sources": ["osm"], "website": "https://www.toppotdoughnuts.com/", "phone": "+1-425-457-7440", "address": "10610 Northeast 9th Place", "hours": "Mo-Fr 06:00-17:30; Sa, Su 07:00-17:30", "stations": [{"stopCode": 58, "lines": "2", "name": "Bellevue Downtown Station", "walkingMeters": 1019, "walkingSeconds": 735, "band": 15}]}, "geometry": {"type": "Point", "coordinates": [-122.1988615, 47.618576]}}, {"type": "Feature", "properties": {"id": 1173911104, "name": "El Gaucho", "category": "restaurant", "tags": ["restaurant", "mexican"], "sources": ["osm"], "stations": [{"stopCode": 58, "lines": "2", "name": "Bellevue Downtown Station", "walkingMeters": 426, "walkingSeconds": 306, "band": 5}, {"stopCode": 57, "lines": "2", "name": "East Main Station", "walkingMeters": 1013, "walkingSeconds": 729, "band": 15}, {"stopCode": 59, "lines": "2", "name": "Wilburton Station", "walkingMeters": 1266, "walkingSeconds": 913, "band": 15}]}, "geometry": {"type": "Point", "coordinates": [-122.1943677, 47.6147299]}}, {"type": "Feature", "properties": {"id": "0dc2045d-b417-4f83-abd5-67ce9b146835", "name": "Ooba Tooba", "category": "restaurant", "tags": ["restaurant", "mexican"], "sources": ["overture"], "website": "http://oobas.com", "phone": "(425) 646-4500", "address": "555 108th Ave NE", "stations": [{"stopCode": 58, "lines": "2", "name": "Bellevue Downtown Station", "walkingMeters": 509, "walkingSeconds": 366, "band": 5}, {"stopCode": 59, "lines": "2", "name": "Wilburton Station", "walkingMeters": 1340, "walkingSeconds": 966, "band": 15}]}, "geometry": {"type": "Point", "coordinates": [-122.1964417, 47.6153717]}}, {"type": "Feature", "properties": {"id": "d9904574-6e54-4c4e-9126-a50a2afeb783", "name": "Wild Ginger", "category": "restaurant", "tags": ["restaurant", "asian"], "sources": ["overture"], "website": "http://www.wildginger.net", "phone": "(425) 495-8889", "address": "11020 NE 6th St #90", "stations": [{"stopCode": 58, "lines": "2", "name": "Bellevue Downtown Station", "walkingMeters": 328, "walkingSeconds": 235, "band": 5}, {"stopCode": 57, "lines": "2", "name": "East Main Station", "walkingMeters": 1024, "walkingSeconds": 737, "band": 15}, {"stopCode": 59, "lines": "2", "name": "Wilburton Station", "walkingMeters": 1089, "walkingSeconds": 783, "band": 15}]}, "geometry": {"type": "Point", "coordinates": [-122.1934814, 47.6157608]}}, {"type": "Feature", "properties": {"id": 1212280057, "name": "Chutneys", "category": "restaurant", "tags": ["restaurant", "indian"], "sources": ["osm"], "address": "850 110th Avenue Northeast", "stations": [{"stopCode": 58, "lines": "2", "name": "Bellevue Downtown Station", "walkingMeters": 622, "walkingSeconds": 447, "band": 10}, {"stopCode": 59, "lines": "2", "name": "Wilburton Station", "walkingMeters": 955, "walkingSeconds": 686, "band": 15}]}, "geometry": {"type": "Point", "coordinates": [-122.1934009, 47.6183123]}}, {"type": "Feature", "properties": {"id": 1212280181, "name": "Kobe", "category": "restaurant", "tags": ["restaurant", "japanese"], "sources": ["osm"], "phone": "+1-425-451-3888", "address": "850 110th Avenue Northeast", "stations": [{"stopCode": 58, "lines": "2", "name": "Bellevue Downtown Station", "walkingMeters": 589, "walkingSeconds": 423, "band": 10}, {"stopCode": 59, "lines": "2", "name": "Wilburton Station", "walkingMeters": 977, "walkingSeconds": 702, "band": 15}]}, "geometry": {"type": "Point", "coordinates": [-122.193417, 47.6180754]}}, {"type": "Feature", "properties": {"id": 3739420931, "name": "Caffe Ladro", "category": "cafe", "tags": ["cafe", "coffee-shop", "wifi"], "sources": ["osm"], "address": "333 108th Avenue Northeast", "hours": "Mo-Th 06:00-17:00; Fr 06:00-15:00", "stations": [{"stopCode": 58, "lines": "2", "name": "Bellevue Downtown Station", "walkingMeters": 670, "walkingSeconds": 482, "band": 10}, {"stopCode": 57, "lines": "2", "name": "East Main Station", "walkingMeters": 988, "walkingSeconds": 711, "band": 15}]}, "geometry": {"type": "Point", "coordinates": [-122.1966778, 47.6135088]}}, {"type": "Feature", "properties": {"id": 1271644809, "name": "Inchin", "category": "restaurant", "tags": ["restaurant", "chinese", "outdoor-seating", "indoor-seating"], "sources": ["osm"], "stations": [{"stopCode": 58, "lines": "2", "name": "Bellevue Downtown Station", "walkingMeters": 581, "walkingSeconds": 419, "band": 10}]}, "geometry": {"type": "Point", "coordinates": [-122.197117, 47.6157484]}}, {"type": "Feature", "properties": {"id": 1492966695, "name": "Chipotle", "category": "fast_food", "tags": ["fast-food", "mexican", "takeaway", "wheelchair-accessible"], "sources": ["osm"], "website": "https://locations.chipotle.com/wa/bellevue/10503-ne-4th-st", "phone": "+1-425-467-0660", "address": "10503 Northeast 4th Street", "stations": [{"stopCode": 58, "lines": "2", "name": "Bellevue Downtown Station", "walkingMeters": 919, "walkingSeconds": 663, "band": 10}]}, "geometry": {"type": "Point", "coordinates": [-122.1998673, 47.6135929]}}, {"type": "Feature", "properties": {"id": 1954142524, "name": "Evergreens", "category": "fast_food", "tags": ["fast-food", "salad", "takeaway", "wheelchair-accessible", "vegetarian"], "sources": ["osm"], "address": "10503 Northeast 4th Street", "hours": "Mo-Su 10:00-20:00", "stations": [{"stopCode": 58, "lines": "2", "name": "Bellevue Downtown Station", "walkingMeters": 927, "walkingSeconds": 668, "band": 10}]}, "geometry": {"type": "Point", "coordinates": [-122.199677, 47.6135841]}}, {"type": "Feature", "properties": {"id": "e4ef95f0-4d3e-4b87-92b2-3b0b361b39a5", "name": "Inchin's Bamboo Garden", "category": "restaurant", "tags": ["restaurant", "asian", "fusion", "chinese"], "sources": ["overture"], "website": "http://bamboo-gardens.com/", "phone": "+14254541884", "address": "601 108th Ave NE Keycenter Building #120", "stations": [{"stopCode": 58, "lines": "2", "name": "Bellevue Downtown Station", "walkingMeters": 568, "walkingSeconds": 410, "band": 10}, {"stopCode": 59, "lines": "2", "name": "Wilburton Station", "walkingMeters": 1370, "walkingSeconds": 986, "band": 15}]}, "geometry": {"type": "Point", "coordinates": [-122.1969452, 47.6157913]}}, {"type": "Feature", "properties": {"id": 1759230167, "name": "The Melting Pot", "category": "restaurant", "tags": ["restaurant", "fondue"], "sources": ["osm", "overture"], "website": "https://www.meltingpot.com/bellevue-wa/", "phone": "4256462744", "address": "302 108th Ave NE", "hours": "Mo-Fr 16:00-21:00; Sa 12:00-22:00; Su 12:00-21:00", "stations": [{"stopCode": 58, "lines": "2", "name": "Bellevue Downtown Station", "walkingMeters": 758, "walkingSeconds": 547, "band": 10}, {"stopCode": 57, "lines": "2", "name": "East Main Station", "walkingMeters": 823, "walkingSeconds": 594, "band": 15}]}, "geometry": {"type": "Point", "coordinates": [-122.1959537, 47.6125886]}}, {"type": "Feature", "properties": {"id": 4053640837, "name": "Potbelly", "category": "fast_food", "tags": ["fast-food", "sandwich", "takeaway", "wifi", "restaurant"], "sources": ["osm", "overture"], "website": "https://www.potbelly.com/locations/washington/bellevue", "phone": "+14252140099", "address": "10650 NE 4th St", "hours": "Mo-Fr 07:00-17:30; Sa-Su 11:00-15:30", "stations": [{"stopCode": 58, "lines": "2", "name": "Bellevue Downtown Station", "walkingMeters": 730, "walkingSeconds": 525, "band": 10}, {"stopCode": 57, "lines": "2", "name": "East Main Station", "walkingMeters": 1121, "walkingSeconds": 807, "band": 15}]}, "geometry": {"type": "Point", "coordinates": [-122.1979259, 47.6140434]}}, {"type": "Feature", "properties": {"id": 13368295496, "name": "Toasted. Bagels & Coffee", "category": "cafe", "tags": ["cafe", "bagel"], "sources": ["osm"], "address": "278 106th Avenue Northeast", "hours": "Mo-Su 08:00-15:00", "stations": [{"stopCode": 58, "lines": "2", "name": "Bellevue Downtown Station", "walkingMeters": 937, "walkingSeconds": 674, "band": 10}, {"stopCode": 57, "lines": "2", "name": "East Main Station", "walkingMeters": 1046, "walkingSeconds": 752, "band": 15}]}, "geometry": {"type": "Point", "coordinates": [-122.19865, 47.612669]}}, {"type": "Feature", "properties": {"id": 9333153667, "name": "FOB Poke Bar", "category": "restaurant", "tags": ["restaurant", "seafood", "sushi", "self-service"], "sources": ["osm"], "website": "https://fobpokebar.com", "address": "333 108th Avenue Northeast", "hours": "Mo-Su 11:00-20:00", "stations": [{"stopCode": 58, "lines": "2", "name": "Bellevue Downtown Station", "walkingMeters": 669, "walkingSeconds": 481, "band": 10}, {"stopCode": 57, "lines": "2", "name": "East Main Station", "walkingMeters": 1009, "walkingSeconds": 726, "band": 15}]}, "geometry": {"type": "Point", "coordinates": [-122.19678, 47.6136097]}}, {"type": "Feature", "properties": {"id": 6653511249, "name": "Sam\u2019s Tavern", "category": "bar", "tags": ["bar"], "sources": ["osm"], "address": "931 108th Avenue Northeast", "stations": [{"stopCode": 58, "lines": "2", "name": "Bellevue Downtown Station", "walkingMeters": 822, "walkingSeconds": 591, "band": 10}, {"stopCode": 59, "lines": "2", "name": "Wilburton Station", "walkingMeters": 1192, "walkingSeconds": 857, "band": 15}]}, "geometry": {"type": "Point", "coordinates": [-122.1965685, 47.6182699]}}, {"type": "Feature", "properties": {"id": 470483924, "name": "Don\u2019t Yell At Me", "category": "cafe", "tags": ["cafe", "bubble-tea"], "sources": ["osm"], "phone": "+1-206-288-3592", "address": "550 106th Avenue Northeast", "stations": [{"stopCode": 58, "lines": "2", "name": "Bellevue Downtown Station", "walkingMeters": 724, "walkingSeconds": 522, "band": 10}]}, "geometry": {"type": "Point", "coordinates": [-122.1986456, 47.615378]}}, {"type": "Feature", "properties": {"id": 2899309454, "name": "What's Up Dog", "category": "fast_food", "tags": ["fast-food", "hot-dog"], "sources": ["osm"], "address": "10630 Main Street", "stations": [{"stopCode": 57, "lines": "2", "name": "East Main Station", "walkingMeters": 737, "walkingSeconds": 530, "band": 10}, {"stopCode": 58, "lines": "2", "name": "Bellevue Downtown Station", "walkingMeters": 1109, "walkingSeconds": 798, "band": 15}]}, "geometry": {"type": "Point", "coordinates": [-122.1977207, 47.6104848]}}, {"type": "Feature", "properties": {"id": "962bdd8b-27ec-4039-8f1c-3046360ddeed", "name": "Quiznos", "category": "restaurant", "tags": ["restaurant", "sandwich"], "sources": ["overture"], "website": "http://restaurants.quiznos.com/wa/bellevue/citycenterbellevue-98004", "phone": "(425) 709-6847", "address": "500 108th Ave NE", "stations": [{"stopCode": 58, "lines": "2", "name": "Bellevue Downtown Station", "walkingMeters": 540, "walkingSeconds": 388, "band": 5}, {"stopCode": 57, "lines": "2", "name": "East Main Station", "walkingMeters": 1098, "walkingSeconds": 790, "band": 15}, {"stopCode": 59, "lines": "2", "name": "Wilburton Station", "walkingMeters": 1376, "walkingSeconds": 992, "band": 15}]}, "geometry": {"type": "Point", "coordinates": [-122.1957474, 47.6148834]}}, {"type": "Feature", "properties": {"id": 2985009878, "name": "Desi Takada Indian Grill", "category": "restaurant", "tags": ["restaurant", "indian"], "sources": ["osm"], "website": "https://desitadkabellevue.com", "phone": "+1-425-679-6868", "address": "304 105th Avenue Northeast", "hours": "Fr-Su 09:00-22:00; Mo-Tu 11:30-15:00,16:30-21:30; We-Th 11:30-21:30", "stations": [{"stopCode": 58, "lines": "2", "name": "Bellevue Downtown Station", "walkingMeters": 1023, "walkingSeconds": 737, "band": 10}, {"stopCode": 57, "lines": "2", "name": "East Main Station", "walkingMeters": 1166, "walkingSeconds": 840, "band": 15}]}, "geometry": {"type": "Point", "coordinates": [-122.1997964, 47.6128035]}}, {"type": "Feature", "properties": {"id": 3059988615, "name": "Caf\u00e9 Cesura", "category": "cafe", "tags": ["cafe", "coffee"], "sources": ["osm", "overture"], "website": "https://cafecesura.com", "phone": "14256332362", "address": "1015 108th Ave NE", "stations": [{"stopCode": 58, "lines": "2", "name": "Bellevue Downtown Station", "walkingMeters": 948, "walkingSeconds": 682, "band": 15}, {"stopCode": 59, "lines": "2", "name": "Wilburton Station", "walkingMeters": 1108, "walkingSeconds": 798, "band": 15}]}, "geometry": {"type": "Point", "coordinates": [-122.196556, 47.6194585]}}, {"type": "Feature", "properties": {"id": 4240847206, "name": "Fonte Coffee", "category": "cafe", "tags": ["cafe", "coffee-shop"], "sources": ["osm"], "stations": [{"stopCode": 58, "lines": "2", "name": "Bellevue Downtown Station", "walkingMeters": 827, "walkingSeconds": 595, "band": 10}, {"stopCode": 57, "lines": "2", "name": "East Main Station", "walkingMeters": 893, "walkingSeconds": 642, "band": 15}]}, "geometry": {"type": "Point", "coordinates": [-122.196671, 47.6127195]}}, {"type": "Feature", "properties": {"id": 3357259436, "name": "Sushi Kudasai IV", "category": "cafe", "tags": ["cafe", "sushi"], "sources": ["osm"], "phone": "+1-425-455-6255", "stations": [{"stopCode": 58, "lines": "2", "name": "Bellevue Downtown Station", "walkingMeters": 441, "walkingSeconds": 317, "band": 5}, {"stopCode": 57, "lines": "2", "name": "East Main Station", "walkingMeters": 966, "walkingSeconds": 695, "band": 15}, {"stopCode": 59, "lines": "2", "name": "Wilburton Station", "walkingMeters": 1309, "walkingSeconds": 944, "band": 15}]}, "geometry": {"type": "Point", "coordinates": [-122.1943865, 47.6142157]}}, {"type": "Feature", "properties": {"id": "81a4fc88-eba7-415b-b619-b5f1f84c49be", "name": "Anchorhead Coffee", "category": "cafe", "tags": ["cafe", "coffee"], "sources": ["overture"], "website": "https://www.anchorheadcoffee.com", "phone": "12062222295", "address": "555 110th Ave Ne  Ste 101", "stations": [{"stopCode": 58, "lines": "2", "name": "Bellevue Downtown Station", "walkingMeters": 209, "walkingSeconds": 156, "band": 5}, {"stopCode": 57, "lines": "2", "name": "East Main Station", "walkingMeters": 1013, "walkingSeconds": 756, "band": 15}, {"stopCode": 59, "lines": "2", "name": "Wilburton Station", "walkingMeters": 1107, "walkingSeconds": 826, "band": 15}]}, "geometry": {"type": "Point", "coordinates": [-122.1941681, 47.6148949]}}, {"type": "Feature", "properties": {"id": "962c2e7b-d014-4ef7-bd29-342f8c378afa", "name": "Sushi Kudasai", "category": "restaurant", "tags": ["restaurant", "sushi", "japanese", "asian"], "sources": ["overture"], "website": "http://www.sushikudasaiseattle.com/", "phone": "+14254556255", "address": "10900 NE 4th St", "stations": [{"stopCode": 58, "lines": "2", "name": "Bellevue Downtown Station", "walkingMeters": 441, "walkingSeconds": 317, "band": 5}, {"stopCode": 57, "lines": "2", "name": "East Main Station", "walkingMeters": 966, "walkingSeconds": 695, "band": 15}, {"stopCode": 59, "lines": "2", "name": "Wilburton Station", "walkingMeters": 1309, "walkingSeconds": 944, "band": 15}]}, "geometry": {"type": "Point", "coordinates": [-122.1944122, 47.6142159]}}, {"type": "Feature", "properties": {"id": 4642854115, "name": "Market Fresh", "category": "fast_food", "tags": ["fast-food", "salad", "takeaway"], "sources": ["osm"], "stations": [{"stopCode": 58, "lines": "2", "name": "Bellevue Downtown Station", "walkingMeters": 559, "walkingSeconds": 404, "band": 10}, {"stopCode": 59, "lines": "2", "name": "Wilburton Station", "walkingMeters": 1337, "walkingSeconds": 963, "band": 15}]}, "geometry": {"type": "Point", "coordinates": [-122.1965656, 47.6159522]}}, {"type": "Feature", "properties": {"id": 13597352865, "name": "Tanoor", "category": "restaurant", "tags": ["restaurant", "lebanese", "takeaway", "wheelchair-accessible"], "sources": ["osm"], "address": "989 112th Avenue Northeast", "stations": [{"stopCode": 58, "lines": "2", "name": "Bellevue Downtown Station", "walkingMeters": 572, "walkingSeconds": 411, "band": 10}, {"stopCode": 59, "lines": "2", "name": "Wilburton Station", "walkingMeters": 687, "walkingSeconds": 494, "band": 10}, {"stopCode": 60, "lines": "2", "name": "Spring District/120th Station", "walkingMeters": 1278, "walkingSeconds": 920, "band": 15}]}, "geometry": {"type": "Point", "coordinates": [-122.1913009, 47.6192057]}}, {"type": "Feature", "properties": {"id": 3928038756, "name": "Musashi\u2019s", "category": "restaurant", "tags": ["restaurant", "sushi"], "sources": ["osm"], "stations": [{"stopCode": 58, "lines": "2", "name": "Bellevue Downtown Station", "walkingMeters": 1005, "walkingSeconds": 724, "band": 15}, {"stopCode": 59, "lines": "2", "name": "Wilburton Station", "walkingMeters": 1326, "walkingSeconds": 952, "band": 15}]}, "geometry": {"type": "Point", "coordinates": [-122.1986318, 47.6185946]}}, {"type": "Feature", "properties": {"id": 3883819256, "name": "Shanghai Shanghai", "category": "restaurant", "tags": ["restaurant", "chinese", "takeaway", "wheelchair-accessible"], "sources": ["osm"], "website": "https://www.shanghaishanghaibellevue.com", "phone": "+1-425-531-7131", "address": "989 112th Avenue Northeast", "hours": "Mo-Su 10:00-22:00", "stations": [{"stopCode": 58, "lines": "2", "name": "Bellevue Downtown Station", "walkingMeters": 578, "walkingSeconds": 416, "band": 10}, {"stopCode": 59, "lines": "2", "name": "Wilburton Station", "walkingMeters": 693, "walkingSeconds": 498, "band": 10}, {"stopCode": 60, "lines": "2", "name": "Spring District/120th Station", "walkingMeters": 1284, "walkingSeconds": 925, "band": 15}]}, "geometry": {"type": "Point", "coordinates": [-122.1912725, 47.6190839]}}, {"type": "Feature", "properties": {"id": 3883822559, "name": "Cielo Mexican Cocina", "category": "restaurant", "tags": ["restaurant", "mexican"], "sources": ["osm"], "stations": [{"stopCode": 58, "lines": "2", "name": "Bellevue Downtown Station", "walkingMeters": 564, "walkingSeconds": 406, "band": 10}, {"stopCode": 59, "lines": "2", "name": "Wilburton Station", "walkingMeters": 846, "walkingSeconds": 608, "band": 10}]}, "geometry": {"type": "Point", "coordinates": [-122.1917774, 47.6184403]}}, {"type": "Feature", "properties": {"id": 3883822564, "name": "Tokyo Steak House", "category": "restaurant", "tags": ["restaurant", "japanese", "asian", "fusion", "sushi"], "sources": ["osm", "overture"], "website": "http://tokyosteakhousebellevue.com/", "phone": "4254498567", "address": "909 112th Ave NE", "stations": [{"stopCode": 58, "lines": "2", "name": "Bellevue Downtown Station", "walkingMeters": 590, "walkingSeconds": 424, "band": 10}, {"stopCode": 59, "lines": "2", "name": "Wilburton Station", "walkingMeters": 873, "walkingSeconds": 628, "band": 10}, {"stopCode": 57, "lines": "2", "name": "East Main Station", "walkingMeters": 1283, "walkingSeconds": 923, "band": 15}]}, "geometry": {"type": "Point", "coordinates": [-122.1914657, 47.6182486]}}, {"type": "Feature", "properties": {"id": 3888634157, "name": "John Howie Steak", "category": "restaurant", "tags": ["restaurant", "steak-house", "steakhouse", "american"], "sources": ["osm", "overture"], "website": "http://www.johnhowiesteak.com/", "phone": "+14254400880", "address": "11111 NE 8th St", "stations": [{"stopCode": 58, "lines": "2", "name": "Bellevue Downtown Station", "walkingMeters": 415, "walkingSeconds": 299, "band": 5}, {"stopCode": 59, "lines": "2", "name": "Wilburton Station", "walkingMeters": 868, "walkingSeconds": 624, "band": 10}, {"stopCode": 57, "lines": "2", "name": "East Main Station", "walkingMeters": 1108, "walkingSeconds": 798, "band": 15}]}, "geometry": {"type": "Point", "coordinates": [-122.1915157, 47.6168123]}}, {"type": "Feature", "properties": {"id": 3926527632, "name": "Suite", "category": "restaurant", "tags": ["restaurant", "reservations", "wheelchair-accessible"], "sources": ["osm"], "website": "https://suitebellevue.com", "phone": "+1-425-679-6951", "address": "10500 Northeast 8th Street", "hours": "Mo-We 16:00-22:00; Th 16:00-23:00; Fr-Sa 16:00-01:30", "stations": [{"stopCode": 58, "lines": "2", "name": "Bellevue Downtown Station", "walkingMeters": 1062, "walkingSeconds": 766, "band": 15}]}, "geometry": {"type": "Point", "coordinates": [-122.1999565, 47.6183473]}}, {"type": "Feature", "properties": {"id": 3938589095, "name": "Eques", "category": "restaurant", "tags": ["restaurant", "breakfast", "buffet", "reservations", "wheelchair-accessible", "breakfast-and-brunch", "brunch"], "sources": ["osm", "overture"], "website": "https://bellevue.regency.hyatt.com/en/hotel/dining/eques.html", "phone": "+14256984100", "address": "900 Bellevue Way NE", "hours": "Mo-Fr 06:30-10:00; Sa 07:00-12:00; Su 07:00-13:00", "stations": [{"stopCode": 58, "lines": "2", "name": "Bellevue Downtown Station", "walkingMeters": 1050, "walkingSeconds": 757, "band": 15}]}, "geometry": {"type": "Point", "coordinates": [-122.1999667, 47.6182444]}}, {"type": "Feature", "properties": {"id": 4053640841, "name": "Story Coffee", "category": "cafe", "tags": ["cafe", "coffee-shop", "coffee"], "sources": ["osm", "overture"], "website": "http://story-coffee.square.site/", "phone": "+14255982185", "address": "11011 NE 9th St", "stations": [{"stopCode": 58, "lines": "2", "name": "Bellevue Downtown Station", "walkingMeters": 484, "walkingSeconds": 348, "band": 10}, {"stopCode": 59, "lines": "2", "name": "Wilburton Station", "walkingMeters": 879, "walkingSeconds": 632, "band": 10}]}, "geometry": {"type": "Point", "coordinates": [-122.192197, 47.6178381]}}, {"type": "Feature", "properties": {"id": 4188513990, "name": "Pho Cyclo Cafe", "category": "cafe", "tags": ["cafe", "vietnamese", "restaurant", "asian"], "sources": ["osm", "overture"], "website": "http://www.phocyclocafe.com", "phone": "+14254535852", "address": "500 108th Ave NE", "hours": "Mo-Su 10:00-16:00", "stations": [{"stopCode": 58, "lines": "2", "name": "Bellevue Downtown Station", "walkingMeters": 563, "walkingSeconds": 405, "band": 5}, {"stopCode": 57, "lines": "2", "name": "East Main Station", "walkingMeters": 1074, "walkingSeconds": 772, "band": 15}]}, "geometry": {"type": "Point", "coordinates": [-122.1960235, 47.6146755]}}, {"type": "Feature", "properties": {"id": 4392967524, "name": "Bake's Place", "category": "restaurant", "tags": ["restaurant", "american", "bar-and-grill", "bar", "grill"], "sources": ["osm", "overture"], "website": "https://bakesplacebellevue.com/", "phone": "+14254542776", "address": "155 108th Ave NE Ste 110", "stations": [{"stopCode": 57, "lines": "2", "name": "East Main Station", "walkingMeters": 833, "walkingSeconds": 599, "band": 15}, {"stopCode": 58, "lines": "2", "name": "Bellevue Downtown Station", "walkingMeters": 899, "walkingSeconds": 646, "band": 10}]}, "geometry": {"type": "Point", "coordinates": [-122.196923, 47.6118079]}}, {"type": "Feature", "properties": {"id": "ea67d628-ffb0-4be3-842f-a2a4c1c1eaf7", "name": "What The Pho", "category": "restaurant", "tags": ["restaurant", "vietnamese"], "sources": ["overture"], "website": "http://www.whatthepho.net/", "phone": "+14254625600", "address": "10680 NE 8th St", "stations": [{"stopCode": 58, "lines": "2", "name": "Bellevue Downtown Station", "walkingMeters": 763, "walkingSeconds": 551, "band": 10}, {"stopCode": 59, "lines": "2", "name": "Wilburton Station", "walkingMeters": 1192, "walkingSeconds": 857, "band": 15}]}, "geometry": {"type": "Point", "coordinates": [-122.1968231, 47.617691]}}, {"type": "Feature", "properties": {"id": 4658727696, "name": "Minamoto", "category": "restaurant", "tags": ["restaurant", "japanese"], "sources": ["osm"], "phone": "+1-425-999-3338", "address": "11011 Northeast 9th Street", "stations": [{"stopCode": 58, "lines": "2", "name": "Bellevue Downtown Station", "walkingMeters": 501, "walkingSeconds": 360, "band": 10}, {"stopCode": 59, "lines": "2", "name": "Wilburton Station", "walkingMeters": 886, "walkingSeconds": 637, "band": 10}]}, "geometry": {"type": "Point", "coordinates": [-122.1921993, 47.617987]}}, {"type": "Feature", "properties": {"id": 5235488523, "name": "Sugar Factory", "category": "restaurant", "tags": ["restaurant", "diner"], "sources": ["osm"], "stations": [{"stopCode": 58, "lines": "2", "name": "Bellevue Downtown Station", "walkingMeters": 362, "walkingSeconds": 260, "band": 5}, {"stopCode": 59, "lines": "2", "name": "Wilburton Station", "walkingMeters": 814, "walkingSeconds": 586, "band": 10}, {"stopCode": 57, "lines": "2", "name": "East Main Station", "walkingMeters": 1055, "walkingSeconds": 760, "band": 15}]}, "geometry": {"type": "Point", "coordinates": [-122.1915544, 47.6170831]}}, {"type": "Feature", "properties": {"id": 5235488524, "name": "Chocolate Lounge", "category": "bar", "tags": ["bar"], "sources": ["osm"], "stations": [{"stopCode": 58, "lines": "2", "name": "Bellevue Downtown Station", "walkingMeters": 310, "walkingSeconds": 223, "band": 5}, {"stopCode": 59, "lines": "2", "name": "Wilburton Station", "walkingMeters": 804, "walkingSeconds": 578, "band": 10}, {"stopCode": 57, "lines": "2", "name": "East Main Station", "walkingMeters": 1003, "walkingSeconds": 722, "band": 15}]}, "geometry": {"type": "Point", "coordinates": [-122.1913425, 47.6169656]}}, {"type": "Feature", "properties": {"id": 5235497256, "name": "Mariposa", "category": "cafe", "tags": ["cafe"], "sources": ["osm"], "stations": [{"stopCode": 58, "lines": "2", "name": "Bellevue Downtown Station", "walkingMeters": 441, "walkingSeconds": 317, "band": 5}, {"stopCode": 59, "lines": "2", "name": "Wilburton Station", "walkingMeters": 989, "walkingSeconds": 712, "band": 15}, {"stopCode": 57, "lines": "2", "name": "East Main Station", "walkingMeters": 1137, "walkingSeconds": 818, "band": 15}]}, "geometry": {"type": "Point", "coordinates": [-122.19306, 47.6165116]}}, {"type": "Feature", "properties": {"id": 5310679702, "name": "Hui Lau Shan", "category": "cafe", "tags": ["cafe", "asian", "dessert", "takeaway", "wheelchair-accessible"], "sources": ["osm"], "website": "https://www.bellevuehls.com/", "phone": "+1-425-449-8183", "address": "298 106th Avenue Northeast", "stations": [{"stopCode": 58, "lines": "2", "name": "Bellevue Downtown Station", "walkingMeters": 925, "walkingSeconds": 665, "band": 10}, {"stopCode": 57, "lines": "2", "name": "East Main Station", "walkingMeters": 1038, "walkingSeconds": 747, "band": 15}]}, "geometry": {"type": "Point", "coordinates": [-122.1986772, 47.6127667]}}, {"type": "Feature", "properties": {"id": 5310679705, "name": "Lao Ma Tou Hotpot", "category": "restaurant", "tags": ["restaurant", "chinese", "reservations", "wheelchair-accessible", "asian"], "sources": ["osm", "overture"], "website": "https://www.laomatoubellevue.com/", "phone": "+14254293041", "address": "288 106th Ave NE #200", "stations": [{"stopCode": 58, "lines": "2", "name": "Bellevue Downtown Station", "walkingMeters": 936, "walkingSeconds": 673, "band": 10}, {"stopCode": 57, "lines": "2", "name": "East Main Station", "walkingMeters": 1045, "walkingSeconds": 751, "band": 15}]}, "geometry": {"type": "Point", "coordinates": [-122.1985393, 47.6126781]}}, {"type": "Feature", "properties": {"id": 5327686999, "name": "Chicha San Chen", "category": "cafe", "tags": ["cafe", "bubble-tea", "takeaway"], "sources": ["osm"], "website": "https://www.chichasanchen.com/en/", "phone": "+1-425-698-1933", "address": "308 105th Avenue Northeast", "hours": "Su-Th 12:00-20:30; Fr,Sa 12:00-21:30", "stations": [{"stopCode": 58, "lines": "2", "name": "Bellevue Downtown Station", "walkingMeters": 1014, "walkingSeconds": 731, "band": 10}, {"stopCode": 57, "lines": "2", "name": "East Main Station", "walkingMeters": 1175, "walkingSeconds": 847, "band": 15}]}, "geometry": {"type": "Point", "coordinates": [-122.1997978, 47.6129437]}}, {"type": "Feature", "properties": {"id": 14088495701, "name": "Mendocino Farms", "category": "restaurant", "tags": ["restaurant", "sandwich", "wifi"], "sources": ["osm"], "website": "https://www.mendocinofarms.com", "address": "10655 Northeast 4th Street", "hours": "Mo-Fr 10:00-19:30; Sa-Su 10:00-15:00", "stations": [{"stopCode": 58, "lines": "2", "name": "Bellevue Downtown Station", "walkingMeters": 746, "walkingSeconds": 537, "band": 10}, {"stopCode": 57, "lines": "2", "name": "East Main Station", "walkingMeters": 1091, "walkingSeconds": 785, "band": 15}]}, "geometry": {"type": "Point", "coordinates": [-122.1978605, 47.6137306]}}, {"type": "Feature", "properties": {"id": 5818837556, "name": "C\u00e9pa\u00e9 l\u2019Experience Paris", "category": "bar", "tags": ["bar"], "sources": ["osm"], "website": "https://www.cepae.com", "address": "258 106th Avenue Northeast", "stations": [{"stopCode": 57, "lines": "2", "name": "East Main Station", "walkingMeters": 973, "walkingSeconds": 699, "band": 15}, {"stopCode": 58, "lines": "2", "name": "Bellevue Downtown Station", "walkingMeters": 990, "walkingSeconds": 712, "band": 10}]}, "geometry": {"type": "Point", "coordinates": [-122.1986536, 47.6121772]}}, {"type": "Feature", "properties": {"id": 5833613059, "name": "Dumpling and Noodle", "category": "restaurant", "tags": ["restaurant", "chinese", "noodles", "asian"], "sources": ["osm", "overture"], "website": "https://www.dumplingnoodlewa.com", "phone": "+14255592909", "address": "11000 NE 10th St #B", "stations": [{"stopCode": 58, "lines": "2", "name": "Bellevue Downtown Station", "walkingMeters": 744, "walkingSeconds": 535, "band": 10}, {"stopCode": 59, "lines": "2", "name": "Wilburton Station", "walkingMeters": 865, "walkingSeconds": 621, "band": 15}]}, "geometry": {"type": "Point", "coordinates": [-122.1932663, 47.6194715]}}, {"type": "Feature", "properties": {"id": "29f19ffc-d250-4b5a-9166-a9ae729a2bf0", "name": "L'Experience Paris", "category": "restaurant", "tags": ["restaurant", "french", "european"], "sources": ["overture"], "website": "https://www.lexperienceparis.com/", "phone": "+14253405933", "address": "258 106th Ave NE", "stations": [{"stopCode": 57, "lines": "2", "name": "East Main Station", "walkingMeters": 959, "walkingSeconds": 690, "band": 15}, {"stopCode": 58, "lines": "2", "name": "Bellevue Downtown Station", "walkingMeters": 986, "walkingSeconds": 709, "band": 10}]}, "geometry": {"type": "Point", "coordinates": [-122.1985931, 47.6121483]}}, {"type": "Feature", "properties": {"id": 6187227085, "name": "Xiao Chi Jie", "category": "fast_food", "tags": ["fast-food", "chinese", "restaurant", "asian"], "sources": ["osm", "overture"], "website": "https://www.thexcj.com/collections/national", "phone": "+14255982184", "address": "278 106th Ave NE", "stations": [{"stopCode": 58, "lines": "2", "name": "Bellevue Downtown Station", "walkingMeters": 955, "walkingSeconds": 686, "band": 10}, {"stopCode": 57, "lines": "2", "name": "East Main Station", "walkingMeters": 1016, "walkingSeconds": 730, "band": 15}]}, "geometry": {"type": "Point", "coordinates": [-122.1985709, 47.6125917]}}, {"type": "Feature", "properties": {"id": 6313136385, "name": "Broiler Bay", "category": "fast_food", "tags": ["fast-food", "burger"], "sources": ["osm"], "phone": "+1-425-646-3474", "address": "10636 Main Street", "hours": "Mo-Su 11:00-20:00", "stations": [{"stopCode": 57, "lines": "2", "name": "East Main Station", "walkingMeters": 736, "walkingSeconds": 529, "band": 10}, {"stopCode": 58, "lines": "2", "name": "Bellevue Downtown Station", "walkingMeters": 1094, "walkingSeconds": 786, "band": 15}]}, "geometry": {"type": "Point", "coordinates": [-122.1976598, 47.6105218]}}, {"type": "Feature", "properties": {"id": 6653500019, "name": "Thai Food Reimagined", "category": "bar", "tags": ["bar"], "sources": ["osm"], "address": "1020 108th Avenue Northeast", "stations": [{"stopCode": 58, "lines": "2", "name": "Bellevue Downtown Station", "walkingMeters": 950, "walkingSeconds": 684, "band": 10}, {"stopCode": 59, "lines": "2", "name": "Wilburton Station", "walkingMeters": 1111, "walkingSeconds": 800, "band": 15}]}, "geometry": {"type": "Point", "coordinates": [-122.1961201, 47.6196974]}}, {"type": "Feature", "properties": {"id": 7027418785, "name": "The Dolar Shop", "category": "restaurant", "tags": ["restaurant", "chinese", "asian"], "sources": ["osm", "overture"], "website": "http://www.dolarshop.com/", "phone": "+14253908888", "address": "11020 NE 6th St #90", "hours": "Mo-Su 12:00-22:00", "stations": [{"stopCode": 58, "lines": "2", "name": "Bellevue Downtown Station", "walkingMeters": 328, "walkingSeconds": 236, "band": 5}, {"stopCode": 57, "lines": "2", "name": "East Main Station", "walkingMeters": 1024, "walkingSeconds": 737, "band": 15}, {"stopCode": 59, "lines": "2", "name": "Wilburton Station", "walkingMeters": 1088, "walkingSeconds": 783, "band": 15}]}, "geometry": {"type": "Point", "coordinates": [-122.1933221, 47.6157664]}}, {"type": "Feature", "properties": {"id": 9626930586, "name": "Cafe Hagen", "category": "cafe", "tags": ["cafe"], "sources": ["osm"], "website": "https://cafehagen.com", "address": "777 108th Avenue Northeast", "stations": [{"stopCode": 58, "lines": "2", "name": "Bellevue Downtown Station", "walkingMeters": 658, "walkingSeconds": 475, "band": 10}, {"stopCode": 59, "lines": "2", "name": "Wilburton Station", "walkingMeters": 1242, "walkingSeconds": 894, "band": 15}]}, "geometry": {"type": "Point", "coordinates": [-122.1965301, 47.6168421]}}, {"type": "Feature", "properties": {"id": 8004601131, "name": "Cafe Aloe", "category": "cafe", "tags": ["cafe"], "sources": ["osm", "overture"], "website": "http://www.cafealoe.com", "phone": "+14255056695", "address": "10961 NE 2nd Pl #100", "hours": "Th-Tu 09:00-17:00", "stations": [{"stopCode": 58, "lines": "2", "name": "Bellevue Downtown Station", "walkingMeters": 637, "walkingSeconds": 460, "band": 10}, {"stopCode": 57, "lines": "2", "name": "East Main Station", "walkingMeters": 676, "walkingSeconds": 486, "band": 10}]}, "geometry": {"type": "Point", "coordinates": [-122.194156, 47.612272]}}, {"type": "Feature", "properties": {"id": 8604340619, "name": "Nibbana Thai Restaurant", "category": "restaurant", "tags": ["restaurant", "thai", "takeaway"], "sources": ["osm", "overture"], "website": "https://nibbanarestaurant.com/bellevue/", "phone": "4256379499", "address": "300 110th Ave NE Ste 104", "hours": "12:00-21:00", "stations": [{"stopCode": 58, "lines": "2", "name": "Bellevue Downtown Station", "walkingMeters": 513, "walkingSeconds": 369, "band": 5}, {"stopCode": 57, "lines": "2", "name": "East Main Station", "walkingMeters": 725, "walkingSeconds": 522, "band": 10}, {"stopCode": 59, "lines": "2", "name": "Wilburton Station", "walkingMeters": 1397, "walkingSeconds": 1005, "band": 15}]}, "geometry": {"type": "Point", "coordinates": [-122.1933202, 47.6131395]}}, {"type": "Feature", "properties": {"id": 12074329191, "name": "Tapster", "category": "bar", "tags": ["bar"], "sources": ["osm"], "stations": [{"stopCode": 57, "lines": "2", "name": "East Main Station", "walkingMeters": 979, "walkingSeconds": 704, "band": 15}, {"stopCode": 58, "lines": "2", "name": "Bellevue Downtown Station", "walkingMeters": 1043, "walkingSeconds": 750, "band": 15}]}, "geometry": {"type": "Point", "coordinates": [-122.1991504, 47.6118362]}}, {"type": "Feature", "properties": {"id": 9188716392, "name": "Haidilao Hot Pot", "category": "restaurant", "tags": ["restaurant", "chinese", "hotpot"], "sources": ["osm"], "website": "https://www.haidilao.com/", "phone": "+1-425-679-6408", "address": "188 106th Avenue Northeast", "stations": [{"stopCode": 57, "lines": "2", "name": "East Main Station", "walkingMeters": 928, "walkingSeconds": 667, "band": 15}, {"stopCode": 58, "lines": "2", "name": "Bellevue Downtown Station", "walkingMeters": 1003, "walkingSeconds": 721, "band": 10}]}, "geometry": {"type": "Point", "coordinates": [-122.198458, 47.6117769]}}, {"type": "Feature", "properties": {"id": 9333153666, "name": "Southern Glazer's", "category": "bar", "tags": ["bar"], "sources": ["osm"], "stations": [{"stopCode": 58, "lines": "2", "name": "Bellevue Downtown Station", "walkingMeters": 753, "walkingSeconds": 541, "band": 10}, {"stopCode": 57, "lines": "2", "name": "East Main Station", "walkingMeters": 1144, "walkingSeconds": 823, "band": 15}]}, "geometry": {"type": "Point", "coordinates": [-122.1982291, 47.6142128]}}, {"type": "Feature", "properties": {"id": "10170d73-31fc-4408-b8b2-b427f3ae89ab", "name": "Cinnabon", "category": "restaurant", "tags": ["restaurant"], "sources": ["overture"], "website": "https://www.cinnabon.com/", "phone": "4254547035", "address": "1038 Bellevue Sq", "stations": [{"stopCode": 58, "lines": "2", "name": "Bellevue Downtown Station", "walkingMeters": 892, "walkingSeconds": 645, "band": 10}]}, "geometry": {"type": "Point", "coordinates": [-122.1990128, 47.6173935]}}, {"type": "Feature", "properties": {"id": 11521165108, "name": "Tous les Jours", "category": "cafe", "tags": ["cafe", "asian", "bakery"], "sources": ["osm", "overture"], "website": "http://www.tljus.com/locations/store-location/bellevue/", "phone": "+14254534300", "address": "100 108th Ave NE", "stations": [{"stopCode": 57, "lines": "2", "name": "East Main Station", "walkingMeters": 678, "walkingSeconds": 488, "band": 10}, {"stopCode": 58, "lines": "2", "name": "Bellevue Downtown Station", "walkingMeters": 912, "walkingSeconds": 660, "band": 10}]}, "geometry": {"type": "Point", "coordinates": [-122.1959829, 47.6111291]}}, {"type": "Feature", "properties": {"id": 10119591697, "name": "Amuse", "category": "restaurant", "tags": ["restaurant", "has-bar"], "sources": ["osm"], "stations": [{"stopCode": 58, "lines": "2", "name": "Bellevue Downtown Station", "walkingMeters": 540, "walkingSeconds": 388, "band": 5}, {"stopCode": 57, "lines": "2", "name": "East Main Station", "walkingMeters": 697, "walkingSeconds": 501, "band": 10}, {"stopCode": 59, "lines": "2", "name": "Wilburton Station", "walkingMeters": 1424, "walkingSeconds": 1025, "band": 15}]}, "geometry": {"type": "Point", "coordinates": [-122.1932751, 47.61289]}}, {"type": "Feature", "properties": {"id": 10231493929, "name": "Farine Bakery & Caf\u00e9", "category": "cafe", "tags": ["cafe", "bakery", "outdoor-seating", "air-conditioned", "wifi"], "sources": ["osm", "overture"], "website": "http://www.farinecafe.com", "phone": "(425) 502-7265", "address": "11194 NE 10th St", "hours": "Mo-Su 07:00-15:00", "stations": [{"stopCode": 58, "lines": "2", "name": "Bellevue Downtown Station", "walkingMeters": 611, "walkingSeconds": 440, "band": 10}, {"stopCode": 59, "lines": "2", "name": "Wilburton Station", "walkingMeters": 720, "walkingSeconds": 521, "band": 10}, {"stopCode": 60, "lines": "2", "name": "Spring District/120th Station", "walkingMeters": 1262, "walkingSeconds": 907, "band": 15}]}, "geometry": {"type": "Point", "coordinates": [-122.1913429, 47.6195371]}}, {"type": "Feature", "properties": {"id": 10877007080, "name": "Heytea", "category": "cafe", "tags": ["cafe", "bubble-tea", "takeaway", "wifi"], "sources": ["osm"], "website": "https://www.heytea.com", "phone": "+1-206-310-3718", "address": "11020 Northeast 6th Street", "hours": "11:00-21:00", "stations": [{"stopCode": 58, "lines": "2", "name": "Bellevue Downtown Station", "walkingMeters": 361, "walkingSeconds": 260, "band": 5}, {"stopCode": 59, "lines": "2", "name": "Wilburton Station", "walkingMeters": 1055, "walkingSeconds": 759, "band": 15}, {"stopCode": 57, "lines": "2", "name": "East Main Station", "walkingMeters": 1057, "walkingSeconds": 761, "band": 15}]}, "geometry": {"type": "Point", "coordinates": [-122.1932548, 47.6159251]}}, {"type": "Feature", "properties": {"id": 11300776570, "name": "New York Cafe Deli Market", "category": "restaurant", "tags": ["restaurant", "deli", "sandwich", "cafe"], "sources": ["osm", "overture"], "website": "http://www.nycdelimarket.com", "phone": "(425) 449-8385", "address": "333 108th Ave NE", "hours": "Mo-Fr 07:00-15:00", "stations": [{"stopCode": 58, "lines": "2", "name": "Bellevue Downtown Station", "walkingMeters": 688, "walkingSeconds": 494, "band": 10}, {"stopCode": 57, "lines": "2", "name": "East Main Station", "walkingMeters": 1028, "walkingSeconds": 739, "band": 15}]}, "geometry": {"type": "Point", "coordinates": [-122.1970275, 47.6136167]}}, {"type": "Feature", "properties": {"id": 11521165107, "name": "Summit Coffee", "category": "cafe", "tags": ["cafe"], "sources": ["osm"], "stations": [{"stopCode": 58, "lines": "2", "name": "Bellevue Downtown Station", "walkingMeters": 663, "walkingSeconds": 476, "band": 10}, {"stopCode": 57, "lines": "2", "name": "East Main Station", "walkingMeters": 930, "walkingSeconds": 671, "band": 15}]}, "geometry": {"type": "Point", "coordinates": [-122.1960019, 47.6133934]}}, {"type": "Feature", "properties": {"id": 12058105558, "name": "The Redd Dog", "category": "pub", "tags": ["pub"], "sources": ["osm"], "website": "https://www.theredddog.com/location/the-redd-dog-bellevue-wa/", "address": "10598 Northeast 10th Street", "hours": "Mo-Th, Su 11:30-21:00; Fr 11:30-23:00; Sa 11:30-22:00", "stations": [{"stopCode": 58, "lines": "2", "name": "Bellevue Downtown Station", "walkingMeters": 1132, "walkingSeconds": 818, "band": 15}]}, "geometry": {"type": "Point", "coordinates": [-122.1993858, 47.6194785]}}, {"type": "Feature", "properties": {"id": 12058105559, "name": "Sweet Alchemy", "category": "ice_cream", "tags": ["ice-cream"], "sources": ["osm"], "stations": [{"stopCode": 58, "lines": "2", "name": "Bellevue Downtown Station", "walkingMeters": 1023, "walkingSeconds": 738, "band": 15}]}, "geometry": {"type": "Point", "coordinates": [-122.1988743, 47.6186385]}}, {"type": "Feature", "properties": {"id": 12161964651, "name": "Cr\u00eaperito", "category": "restaurant", "tags": ["restaurant"], "sources": ["osm"], "stations": [{"stopCode": 58, "lines": "2", "name": "Bellevue Downtown Station", "walkingMeters": 665, "walkingSeconds": 478, "band": 10}, {"stopCode": 59, "lines": "2", "name": "Wilburton Station", "walkingMeters": 774, "walkingSeconds": 560, "band": 10}, {"stopCode": 60, "lines": "2", "name": "Spring District/120th Station", "walkingMeters": 1288, "walkingSeconds": 926, "band": 15}]}, "geometry": {"type": "Point", "coordinates": [-122.1918331, 47.6196274]}}, {"type": "Feature", "properties": {"id": 12297759083, "name": "La Mar Bellevue", "category": "restaurant", "tags": ["restaurant", "peruvian"], "sources": ["osm"], "stations": [{"stopCode": 57, "lines": "2", "name": "East Main Station", "walkingMeters": 862, "walkingSeconds": 620, "band": 15}, {"stopCode": 58, "lines": "2", "name": "Bellevue Downtown Station", "walkingMeters": 1266, "walkingSeconds": 910, "band": 15}]}, "geometry": {"type": "Point", "coordinates": [-122.1996223, 47.6103919]}}, {"type": "Feature", "properties": {"id": 12474348691, "name": "An'clair", "category": "cafe", "tags": ["cafe", "coffee-shop"], "sources": ["osm"], "stations": [{"stopCode": 58, "lines": "2", "name": "Bellevue Downtown Station", "walkingMeters": 482, "walkingSeconds": 347, "band": 5}, {"stopCode": 57, "lines": "2", "name": "East Main Station", "walkingMeters": 937, "walkingSeconds": 674, "band": 15}, {"stopCode": 59, "lines": "2", "name": "Wilburton Station", "walkingMeters": 1350, "walkingSeconds": 974, "band": 15}]}, "geometry": {"type": "Point", "coordinates": [-122.1944218, 47.6141411]}}, {"type": "Feature", "properties": {"id": 12736984191, "name": "Chay Concept", "category": "restaurant", "tags": ["restaurant", "vietnamese", "vegetarian", "asian"], "sources": ["osm", "overture"], "website": "http://chayconceptbellevue.com/", "phone": "+14253626181", "address": "10606 NE 2nd St", "stations": [{"stopCode": 58, "lines": "2", "name": "Bellevue Downtown Station", "walkingMeters": 978, "walkingSeconds": 703, "band": 10}, {"stopCode": 57, "lines": "2", "name": "East Main Station", "walkingMeters": 985, "walkingSeconds": 708, "band": 15}]}, "geometry": {"type": "Point", "coordinates": [-122.1986206, 47.612288]}}, {"type": "Feature", "properties": {"id": 14118155249, "name": "Letao", "category": "restaurant", "tags": ["restaurant", "cafe"], "sources": ["osm"], "address": "500 Bellevue Way NE", "stations": [{"stopCode": 58, "lines": "2", "name": "Bellevue Downtown Station", "walkingMeters": 376, "walkingSeconds": 270, "band": 5}, {"stopCode": 59, "lines": "2", "name": "Wilburton Station", "walkingMeters": 1049, "walkingSeconds": 757, "band": 15}, {"stopCode": 57, "lines": "2", "name": "East Main Station", "walkingMeters": 1068, "walkingSeconds": 770, "band": 15}]}, "geometry": {"type": "Point", "coordinates": [-122.1931316, 47.6159813]}}, {"type": "Feature", "properties": {"id": 31119962, "name": "Marinepolis Sushi Land", "category": "restaurant", "tags": ["restaurant", "sushi"], "sources": ["osm", "overture"], "website": "http://sushilandusa.com", "phone": "(425) 455-2793", "address": "138 107th Ave NE", "hours": "Mo-Su 11:00-21:00", "stations": [{"stopCode": 57, "lines": "2", "name": "East Main Station", "walkingMeters": 840, "walkingSeconds": 604, "band": 15}, {"stopCode": 58, "lines": "2", "name": "Bellevue Downtown Station", "walkingMeters": 1004, "walkingSeconds": 721, "band": 10}]}, "geometry": {"type": "Point", "coordinates": [-122.1970031, 47.611414]}}, {"type": "Feature", "properties": {"id": "84ea6665-8884-4cce-9642-90181e74a6c6", "name": "Duke\u2019s Seafood", "category": "bar", "tags": ["bar", "seafood"], "sources": ["overture"], "website": "http://www.dukesseafood.com/", "phone": "4255052247", "address": "500 Bellevue Way NE Ste 212", "stations": [{"stopCode": 58, "lines": "2", "name": "Bellevue Downtown Station", "walkingMeters": 680, "walkingSeconds": 491, "band": 10}, {"stopCode": 59, "lines": "2", "name": "Wilburton Station", "walkingMeters": 1220, "walkingSeconds": 878, "band": 15}]}, "geometry": {"type": "Point", "coordinates": [-122.19664, 47.6170387]}}, {"type": "Feature", "properties": {"id": 358932210, "name": "Tendon Kohaku", "category": "restaurant", "tags": ["restaurant", "japanese", "asian"], "sources": ["osm", "overture"], "website": "http://www.tendonkohakuusa.com/", "phone": "+14253577179", "address": "233 106th Ave NE", "stations": [{"stopCode": 58, "lines": "2", "name": "Bellevue Downtown Station", "walkingMeters": 926, "walkingSeconds": 666, "band": 10}, {"stopCode": 57, "lines": "2", "name": "East Main Station", "walkingMeters": 1122, "walkingSeconds": 806, "band": 15}]}, "geometry": {"type": "Point", "coordinates": [-122.1993321, 47.6129913]}}, {"type": "Feature", "properties": {"id": "addd1e3e-ded8-4edd-bcb6-5a4307119520", "name": "Dilettante Mocha Caf\u00e9", "category": "cafe", "tags": ["cafe"], "sources": ["overture"], "website": "https://www.dilettantemochacafe.com/pages/locations-contact-plaza-center", "phone": "+14252791223", "address": "10900 NE 8th St Ste 120", "stations": [{"stopCode": 58, "lines": "2", "name": "Bellevue Downtown Station", "walkingMeters": 626, "walkingSeconds": 450, "band": 10}, {"stopCode": 59, "lines": "2", "name": "Wilburton Station", "walkingMeters": 1041, "walkingSeconds": 748, "band": 15}]}, "geometry": {"type": "Point", "coordinates": [-122.1941605, 47.6180038]}}, {"type": "Feature", "properties": {"id": "004d20c0-d784-47ef-8390-706a4baf713a", "name": "Specialty's Cafe & Bakery", "category": "cafe", "tags": ["cafe"], "sources": ["overture"], "website": "http://www.specialtys.com/", "phone": "8775022837", "address": "500 108th Ave NE", "stations": [{"stopCode": 58, "lines": "2", "name": "Bellevue Downtown Station", "walkingMeters": 451, "walkingSeconds": 324, "band": 5}, {"stopCode": 57, "lines": "2", "name": "East Main Station", "walkingMeters": 1068, "walkingSeconds": 768, "band": 15}, {"stopCode": 59, "lines": "2", "name": "Wilburton Station", "walkingMeters": 1292, "walkingSeconds": 932, "band": 15}]}, "geometry": {"type": "Point", "coordinates": [-122.1956711, 47.6149826]}}, {"type": "Feature", "properties": {"id": "b3906c85-51dd-4c26-8422-fe8933fd7b5c", "name": "Chipotle Mexican Grill", "category": "restaurant", "tags": ["restaurant", "mexican", "taco", "texmex"], "sources": ["overture"], "website": "https://locations.chipotle.com/wa/bellevue/10503-ne-4th-st?utm_source=facebook&utm_medium=yext&utm_campaign=yext_listings%3Frestaurant%3D469", "phone": "+14254670660", "address": "10503 NE 4th St Ste 200", "stations": [{"stopCode": 58, "lines": "2", "name": "Bellevue Downtown Station", "walkingMeters": 913, "walkingSeconds": 658, "band": 10}]}, "geometry": {"type": "Point", "coordinates": [-122.1999435, 47.6135597]}}, {"type": "Feature", "properties": {"id": "a4d99bb9-94b3-47ea-892c-ea15eb431504", "name": "Lunchbox Laboratory", "category": "bar", "tags": ["bar", "burger"], "sources": ["overture"], "website": "http://lunchboxlaboratory.com/bellevue/", "phone": "4255052676", "address": "989 112th Ave NE", "stations": [{"stopCode": 58, "lines": "2", "name": "Bellevue Downtown Station", "walkingMeters": 499, "walkingSeconds": 359, "band": 10}, {"stopCode": 59, "lines": "2", "name": "Wilburton Station", "walkingMeters": 766, "walkingSeconds": 550, "band": 10}]}, "geometry": {"type": "Point", "coordinates": [-122.1912613, 47.6189003]}}, {"type": "Feature", "properties": {"id": "56a68cd8-a9e5-4c18-a8c7-3fee80acdbd4", "name": "Seastar Restaurant & Raw Bar", "category": "restaurant", "tags": ["restaurant", "seafood", "sushi", "american"], "sources": ["overture"], "website": "http://www.seastarrestaurant.com/", "phone": "+14254560010", "address": "205 108th Ave NE", "stations": [{"stopCode": 58, "lines": "2", "name": "Bellevue Downtown Station", "walkingMeters": 792, "walkingSeconds": 569, "band": 10}, {"stopCode": 57, "lines": "2", "name": "East Main Station", "walkingMeters": 838, "walkingSeconds": 602, "band": 15}]}, "geometry": {"type": "Point", "coordinates": [-122.1963959, 47.6123772]}}, {"type": "Feature", "properties": {"id": "cf829cb5-f26c-45e1-bb36-3c4ccdd941f2", "name": "Tully's Coffee", "category": "cafe", "tags": ["cafe", "coffee"], "sources": ["overture"], "website": "http://tullyscoffeeshops.com", "phone": "(425) 646-3909", "address": "10812 Main St", "stations": [{"stopCode": 57, "lines": "2", "name": "East Main Station", "walkingMeters": 658, "walkingSeconds": 473, "band": 10}, {"stopCode": 58, "lines": "2", "name": "Bellevue Downtown Station", "walkingMeters": 1001, "walkingSeconds": 724, "band": 10}]}, "geometry": {"type": "Point", "coordinates": [-122.1959534, 47.6103325]}}, {"type": "Feature", "properties": {"id": "148fd7d2-7f8c-4bab-b720-94a90e181d1b", "name": "Yumbit Food Truck", "category": "fast_food", "tags": ["fast-food", "food", "truck"], "sources": ["overture"], "website": "http://www.yumbitfoodtruck.com", "phone": "+16073795656", "address": "10827 NE 8th St", "stations": [{"stopCode": 58, "lines": "2", "name": "Bellevue Downtown Station", "walkingMeters": 583, "walkingSeconds": 435, "band": 10}, {"stopCode": 59, "lines": "2", "name": "Wilburton Station", "walkingMeters": 1196, "walkingSeconds": 893, "band": 15}]}, "geometry": {"type": "Point", "coordinates": [-122.1960297, 47.6182518]}}, {"type": "Feature", "properties": {"id": "91ae6dc2-534b-40fc-a1b7-8b55d5712377", "name": "Paris Baguette", "category": "bakery", "tags": ["bakery", "flatbread"], "sources": ["overture"], "website": "https://parisbaguette.com/locations/wa/bellevue/931-108th-ave-ne/", "address": "931 108th Ave NE", "stations": [{"stopCode": 58, "lines": "2", "name": "Bellevue Downtown Station", "walkingMeters": 650, "walkingSeconds": 485, "band": 10}, {"stopCode": 59, "lines": "2", "name": "Wilburton Station", "walkingMeters": 1287, "walkingSeconds": 960, "band": 15}]}, "geometry": {"type": "Point", "coordinates": [-122.1969604, 47.6182938]}}, {"type": "Feature", "properties": {"id": "c77cade0-a70e-4690-a322-291a42624aa9", "name": "California Pizza Kitchen", "category": "restaurant", "tags": ["restaurant", "pizza"], "sources": ["overture"], "website": "http://www.cpk.com/Location/Details/Bellevue", "phone": "4254542545", "address": "595 106th Ave NE", "stations": [{"stopCode": 58, "lines": "2", "name": "Bellevue Downtown Station", "walkingMeters": 866, "walkingSeconds": 624, "band": 10}]}, "geometry": {"type": "Point", "coordinates": [-122.1993637, 47.6153297]}}, {"type": "Feature", "properties": {"id": "d27bd376-6f95-49da-abb0-d110649d8643", "name": "Pogacha Restaurant", "category": "restaurant", "tags": ["restaurant"], "sources": ["overture"], "address": "119 106th Ave NE", "stations": [{"stopCode": 57, "lines": "2", "name": "East Main Station", "walkingMeters": 854, "walkingSeconds": 614, "band": 15}, {"stopCode": 58, "lines": "2", "name": "Bellevue Downtown Station", "walkingMeters": 1171, "walkingSeconds": 842, "band": 15}]}, "geometry": {"type": "Point", "coordinates": [-122.1993637, 47.6108093]}}, {"type": "Feature", "properties": {"id": "52cb1ac1-fc1b-4f8a-983b-1b57df0f4de9", "name": "Where Ya At Matt", "category": "restaurant", "tags": ["restaurant", "american", "fast-food"], "sources": ["overture"], "address": "620 106th Ave NE", "stations": [{"stopCode": 58, "lines": "2", "name": "Bellevue Downtown Station", "walkingMeters": 720, "walkingSeconds": 519, "band": 10}]}, "geometry": {"type": "Point", "coordinates": [-122.1979141, 47.6160126]}}, {"type": "Feature", "properties": {"id": "ea936639-0eb7-468f-9bff-826f942c54d5", "name": "Gia Enterprises Inc", "category": "restaurant", "tags": ["restaurant"], "sources": ["overture"], "website": "mcgia.com", "phone": "4254543663", "address": "10575 NE 4th St", "stations": [{"stopCode": 58, "lines": "2", "name": "Bellevue Downtown Station", "walkingMeters": 731, "walkingSeconds": 546, "band": 10}, {"stopCode": 57, "lines": "2", "name": "East Main Station", "walkingMeters": 1100, "walkingSeconds": 821, "band": 15}]}, "geometry": {"type": "Point", "coordinates": [-122.1991653, 47.6135483]}}, {"type": "Feature", "properties": {"id": "5b6cae7b-59fa-476b-b7ae-2e3fb0a37d54", "name": "Sano Bellevue", "category": "restaurant", "tags": ["restaurant", "health-food", "health", "food", "vegetarian"], "sources": ["overture"], "website": "https://meetsano.com/", "phone": "+14255909020", "address": "453 106th Ave NE", "stations": [{"stopCode": 58, "lines": "2", "name": "Bellevue Downtown Station", "walkingMeters": 698, "walkingSeconds": 521, "band": 10}]}, "geometry": {"type": "Point", "coordinates": [-122.1991196, 47.6143265]}}, {"type": "Feature", "properties": {"id": "96845ec6-2165-4289-81ca-273be25ffd1f", "name": "Lot No. 3", "category": "bar", "tags": ["bar", "cocktail"], "sources": ["overture"], "website": "http://www.lotno3.com", "phone": "(425) 440-0025", "address": "460 106th Ave NE", "stations": [{"stopCode": 58, "lines": "2", "name": "Bellevue Downtown Station", "walkingMeters": 828, "walkingSeconds": 596, "band": 10}]}, "geometry": {"type": "Point", "coordinates": [-122.1986694, 47.6143036]}}, {"type": "Feature", "properties": {"id": "c354c08d-98ba-4649-a11d-587ce5c298f4", "name": "Purple Cafe & Wine Bar", "category": "bar", "tags": ["bar", "wine"], "sources": ["overture"], "website": "http://www.purplecafe.com", "phone": "(425) 502-6292", "address": "430 106th Ave NE", "stations": [{"stopCode": 58, "lines": "2", "name": "Bellevue Downtown Station", "walkingMeters": 802, "walkingSeconds": 577, "band": 10}, {"stopCode": 57, "lines": "2", "name": "East Main Station", "walkingMeters": 1187, "walkingSeconds": 854, "band": 15}]}, "geometry": {"type": "Point", "coordinates": [-122.1988678, 47.6140099]}}, {"type": "Feature", "properties": {"id": "13ca0a33-f9ce-4aad-b015-6b1e89fb8d81", "name": "Homegrown Sustainable Sandwich Shop", "category": "restaurant", "tags": ["restaurant", "sandwich"], "sources": ["overture"], "website": "http://eathomegrown.com", "address": "550 106th Ave NE", "stations": [{"stopCode": 58, "lines": "2", "name": "Bellevue Downtown Station", "walkingMeters": 724, "walkingSeconds": 522, "band": 10}]}, "geometry": {"type": "Point", "coordinates": [-122.1986465, 47.6153641]}}, {"type": "Feature", "properties": {"id": "f6956ed4-d311-4d95-b6b4-d47ae4502991", "name": "Sea Crab House - Bellevue", "category": "restaurant", "tags": ["restaurant", "seafood"], "sources": ["overture"], "website": "https://seacrabhouse.com", "address": "460 106th Ave NE", "stations": [{"stopCode": 58, "lines": "2", "name": "Bellevue Downtown Station", "walkingMeters": 650, "walkingSeconds": 485, "band": 10}]}, "geometry": {"type": "Point", "coordinates": [-122.1986771, 47.6145325]}}, {"type": "Feature", "properties": {"id": "006e102e-6d8c-4e80-9bdc-7dbb62dd5332", "name": "BA Bakehouse", "category": "bakery", "tags": ["bakery"], "sources": ["overture"], "phone": "+14259196563", "address": "550 106th Ave NE Ste 102", "stations": [{"stopCode": 58, "lines": "2", "name": "Bellevue Downtown Station", "walkingMeters": 597, "walkingSeconds": 446, "band": 10}]}, "geometry": {"type": "Point", "coordinates": [-122.1982117, 47.6151237]}}, {"type": "Feature", "properties": {"id": "d20471ed-ccc2-44cc-ab29-101d3bbcad9d", "name": "Rascals Public House", "category": "restaurant", "tags": ["restaurant", "american"], "sources": ["overture"], "website": "http://www.rascalspublichouse.com/", "phone": "+14255909820", "address": "10608 NE 4th St", "stations": [{"stopCode": 58, "lines": "2", "name": "Bellevue Downtown Station", "walkingMeters": 635, "walkingSeconds": 474, "band": 10}, {"stopCode": 57, "lines": "2", "name": "East Main Station", "walkingMeters": 1091, "walkingSeconds": 814, "band": 15}]}, "geometry": {"type": "Point", "coordinates": [-122.1983337, 47.6139755]}}, {"type": "Feature", "properties": {"id": "889a7d9d-f84c-49db-a681-af16bf62df6e", "name": "Itadaki Yakiniku", "category": "restaurant", "tags": ["restaurant", "japanese", "asian"], "sources": ["overture"], "website": "http://itadaki.us/", "phone": "+14259003983", "address": "550 106th Ave NE #101", "stations": [{"stopCode": 58, "lines": "2", "name": "Bellevue Downtown Station", "walkingMeters": 757, "walkingSeconds": 546, "band": 10}]}, "geometry": {"type": "Point", "coordinates": [-122.1977158, 47.6148605]}}, {"type": "Feature", "properties": {"id": "6f7425b4-5f6f-48d5-a481-9a2604be5c62", "name": "Cwcj International, Inc", "category": "restaurant", "tags": ["restaurant"], "sources": ["overture"], "address": "550 106th Ave Ne Ste 101", "stations": [{"stopCode": 58, "lines": "2", "name": "Bellevue Downtown Station", "walkingMeters": 579, "walkingSeconds": 432, "band": 10}]}, "geometry": {"type": "Point", "coordinates": [-122.1980286, 47.6151352]}}, {"type": "Feature", "properties": {"id": "21cb141b-1aa8-401a-bcec-f2968328432f", "name": "Bellevue Food Trucks", "category": "fast_food", "tags": ["fast-food", "food", "court"], "sources": ["overture"], "website": "https://www.bellevue.com", "address": "600 106th Ave Ne  # 632", "stations": [{"stopCode": 58, "lines": "2", "name": "Bellevue Downtown Station", "walkingMeters": 577, "walkingSeconds": 431, "band": 10}]}, "geometry": {"type": "Point", "coordinates": [-122.1978836, 47.6160126]}}, {"type": "Feature", "properties": {"id": "df83545c-6656-451a-80bc-80b66ab8ec33", "name": "Topolino's Pizza", "category": "restaurant", "tags": ["restaurant", "pizza"], "sources": ["overture"], "website": "https://www.topolinosbellevue.com/?utm_source=organic_bing&utm_medium=bing_pw", "phone": "4256377770", "address": "10621 NE 8th St", "stations": [{"stopCode": 58, "lines": "2", "name": "Bellevue Downtown Station", "walkingMeters": 812, "walkingSeconds": 586, "band": 10}, {"stopCode": 59, "lines": "2", "name": "Wilburton Station", "walkingMeters": 1587, "walkingSeconds": 1140, "band": 15}]}, "geometry": {"type": "Point", "coordinates": [-122.1982193, 47.6170654]}}, {"type": "Feature", "properties": {"id": "07447922-be9d-423b-bcee-9d9c3051850b", "name": "Mushashi Roll House & Yeti Bento", "category": "restaurant", "tags": ["restaurant", "korean"], "sources": ["overture"], "website": "https://www.bellevuekoreanfood.com/contact", "phone": "(425) 590-9904", "address": "10602 NE 9th Pl", "stations": [{"stopCode": 58, "lines": "2", "name": "Bellevue Downtown Station", "walkingMeters": 1002, "walkingSeconds": 722, "band": 15}, {"stopCode": 59, "lines": "2", "name": "Wilburton Station", "walkingMeters": 1322, "walkingSeconds": 950, "band": 15}]}, "geometry": {"type": "Point", "coordinates": [-122.1985855, 47.6185875]}}, {"type": "Feature", "properties": {"id": "e4bf206d-4f32-4fc0-8134-2a51e5641a8f", "name": "Jujubeet", "category": "cafe", "tags": ["cafe", "coffee", "vegetarian"], "sources": ["overture"], "website": "https://jujubeet.com/", "phone": "4254550696", "address": "10602 NE 9th Pl", "stations": [{"stopCode": 58, "lines": "2", "name": "Bellevue Downtown Station", "walkingMeters": 1004, "walkingSeconds": 724, "band": 15}, {"stopCode": 59, "lines": "2", "name": "Wilburton Station", "walkingMeters": 1325, "walkingSeconds": 952, "band": 15}]}, "geometry": {"type": "Point", "coordinates": [-122.1987152, 47.6185684]}}, {"type": "Feature", "properties": {"id": "db6bc176-eb84-43d3-a2b7-d3b608765df2", "name": "Ishoni", "category": "restaurant", "tags": ["restaurant", "japanese", "barbecue"], "sources": ["overture"], "website": "http://www.ishoniyakiniku.com", "phone": "+14254550898", "address": "10630 NE 8th St", "stations": [{"stopCode": 58, "lines": "2", "name": "Bellevue Downtown Station", "walkingMeters": 881, "walkingSeconds": 636, "band": 10}, {"stopCode": 59, "lines": "2", "name": "Wilburton Station", "walkingMeters": 1310, "walkingSeconds": 942, "band": 15}]}, "geometry": {"type": "Point", "coordinates": [-122.1980286, 47.6177979]}}, {"type": "Feature", "properties": {"id": "a39c783b-c8a1-491d-b7d9-70270040862c", "name": "Seattle Zenith Design & Consulting Llc", "category": "restaurant", "tags": ["restaurant"], "sources": ["overture"], "address": "845 106th Ave Ne Ste 101", "stations": [{"stopCode": 58, "lines": "2", "name": "Bellevue Downtown Station", "walkingMeters": 887, "walkingSeconds": 662, "band": 15}]}, "geometry": {"type": "Point", "coordinates": [-122.1996613, 47.6186218]}}, {"type": "Feature", "properties": {"id": "a6d79e01-5678-4b07-a749-223cedfc1f7c", "name": "Mayuri", "category": "restaurant", "tags": ["restaurant"], "sources": ["overture"], "website": "http://mayuriseattle.com", "phone": "(425) 269-6100", "address": "925 110th Ave NE Ste C", "stations": [{"stopCode": 58, "lines": "2", "name": "Bellevue Downtown Station", "walkingMeters": 684, "walkingSeconds": 492, "band": 10}, {"stopCode": 59, "lines": "2", "name": "Wilburton Station", "walkingMeters": 983, "walkingSeconds": 706, "band": 15}]}, "geometry": {"type": "Point", "coordinates": [-122.1940231, 47.6185799]}}, {"type": "Feature", "properties": {"id": "8edce2bb-3a15-4e55-ba1a-3d45a756d733", "name": "47 North Bar + Bistro", "category": "restaurant", "tags": ["restaurant", "bar-and-grill", "bar", "grill"], "sources": ["overture"], "website": "http://Seattlebellevuedowntown.hgi.com/", "phone": "+14256372084", "address": "10777 NE 10th St", "stations": [{"stopCode": 58, "lines": "2", "name": "Bellevue Downtown Station", "walkingMeters": 892, "walkingSeconds": 642, "band": 10}, {"stopCode": 59, "lines": "2", "name": "Wilburton Station", "walkingMeters": 1121, "walkingSeconds": 805, "band": 15}]}, "geometry": {"type": "Point", "coordinates": [-122.19664, 47.6189041]}}, {"type": "Feature", "properties": {"id": "2abb4eb4-282f-4093-8df2-20467e907278", "name": "Tem Sib Eatery and Bar", "category": "restaurant", "tags": ["restaurant", "thai", "asian"], "sources": ["overture"], "website": "http://www.temsibbellevue.com/", "phone": "+14253326564", "address": "1020 108th Ave NE #100", "stations": [{"stopCode": 58, "lines": "2", "name": "Bellevue Downtown Station", "walkingMeters": 953, "walkingSeconds": 686, "band": 15}, {"stopCode": 59, "lines": "2", "name": "Wilburton Station", "walkingMeters": 1114, "walkingSeconds": 802, "band": 15}]}, "geometry": {"type": "Point", "coordinates": [-122.1961823, 47.6197243]}}, {"type": "Feature", "properties": {"id": "c361363b-c26e-4c27-a1f0-61b8386af11c", "name": "Grand Cru Wine Shop", "category": "bar", "tags": ["bar", "wine"], "sources": ["overture"], "website": "http://www.grandcru-wineshop.com/", "phone": "4254554363", "address": "1020 108th Ave NE Ste 120", "stations": [{"stopCode": 58, "lines": "2", "name": "Bellevue Downtown Station", "walkingMeters": 920, "walkingSeconds": 662, "band": 10}, {"stopCode": 59, "lines": "2", "name": "Wilburton Station", "walkingMeters": 1081, "walkingSeconds": 779, "band": 15}]}, "geometry": {"type": "Point", "coordinates": [-122.1961212, 47.619442]}}, {"type": "Feature", "properties": {"id": "c882f95f-30cd-4e17-b617-fde7210996c1", "name": "Antonina's Artisan Bakery", "category": "bakery", "tags": ["bakery"], "sources": ["overture"], "website": "http://www.antoninasbakery.com", "phone": "(425) 637-3357", "address": "846 108th Ave NE Ste 203", "stations": [{"stopCode": 58, "lines": "2", "name": "Bellevue Downtown Station", "walkingMeters": 828, "walkingSeconds": 595, "band": 10}, {"stopCode": 59, "lines": "2", "name": "Wilburton Station", "walkingMeters": 1147, "walkingSeconds": 824, "band": 15}]}, "geometry": {"type": "Point", "coordinates": [-122.1960144, 47.6184959]}}, {"type": "Feature", "properties": {"id": "fbd25509-8345-429d-92ad-da11f4bb3509", "name": "Bean Co", "category": "restaurant", "tags": ["restaurant"], "sources": ["overture"], "website": "hillsboronhhouses.com", "address": "777 108th Ave NE", "stations": [{"stopCode": 58, "lines": "2", "name": "Bellevue Downtown Station", "walkingMeters": 526, "walkingSeconds": 393, "band": 10}, {"stopCode": 59, "lines": "2", "name": "Wilburton Station", "walkingMeters": 1287, "walkingSeconds": 960, "band": 15}]}, "geometry": {"type": "Point", "coordinates": [-122.1968765, 47.6169052]}}, {"type": "Feature", "properties": {"id": "c7c350f3-aff2-4fb7-863a-a0c706fb89b0", "name": "Chantanee Thai Restaurant & Bar", "category": "restaurant", "tags": ["restaurant"], "sources": ["overture"], "address": "601 108th Ave NE", "stations": [{"stopCode": 58, "lines": "2", "name": "Bellevue Downtown Station", "walkingMeters": 596, "walkingSeconds": 430, "band": 10}, {"stopCode": 59, "lines": "2", "name": "Wilburton Station", "walkingMeters": 1315, "walkingSeconds": 981, "band": 15}]}, "geometry": {"type": "Point", "coordinates": [-122.1968842, 47.6158447]}}, {"type": "Feature", "properties": {"id": "016a1432-2cd3-4191-a947-79e9542caea9", "name": "Blank Space Cafe", "category": "cafe", "tags": ["cafe"], "sources": ["overture"], "website": "http://www.blankspacecafe.com", "phone": "(425) 451-8140", "address": "555 108th Ave NE", "stations": [{"stopCode": 58, "lines": "2", "name": "Bellevue Downtown Station", "walkingMeters": 532, "walkingSeconds": 382, "band": 5}, {"stopCode": 59, "lines": "2", "name": "Wilburton Station", "walkingMeters": 1350, "walkingSeconds": 971, "band": 15}]}, "geometry": {"type": "Point", "coordinates": [-122.1965866, 47.6154404]}}, {"type": "Feature", "properties": {"id": "5340499d-fc55-4cf3-bd3e-1b8fc2fee66e", "name": "Oodles Noodles Bar & Grill", "category": "restaurant", "tags": ["restaurant"], "sources": ["overture"], "website": "oodlesnoodlebar.com", "address": "437 108th Ave NE", "stations": [{"stopCode": 58, "lines": "2", "name": "Bellevue Downtown Station", "walkingMeters": 468, "walkingSeconds": 349, "band": 10}, {"stopCode": 57, "lines": "2", "name": "East Main Station", "walkingMeters": 1111, "walkingSeconds": 829, "band": 15}]}, "geometry": {"type": "Point", "coordinates": [-122.1968536, 47.6148415]}}, {"type": "Feature", "properties": {"id": "a7b7eb08-da2c-43f8-9f2a-7af97f3f6d5d", "name": "Sazon Mexican Kitchen", "category": "restaurant", "tags": ["restaurant", "mexican"], "sources": ["overture"], "phone": "4254622530", "address": "437 108th Ave NE", "stations": [{"stopCode": 58, "lines": "2", "name": "Bellevue Downtown Station", "walkingMeters": 631, "walkingSeconds": 453, "band": 10}, {"stopCode": 57, "lines": "2", "name": "East Main Station", "walkingMeters": 1164, "walkingSeconds": 838, "band": 15}]}, "geometry": {"type": "Point", "coordinates": [-122.1968384, 47.6148376]}}, {"type": "Feature", "properties": {"id": "2e2dcd52-1c63-4a60-a46b-faa71cd97b37", "name": "Fob Poke & Sushi Bar", "category": "restaurant", "tags": ["restaurant", "poke"], "sources": ["overture"], "website": "https://www.fobpokebar.com", "phone": "14255289888", "address": "333 108th Ave NE", "stations": [{"stopCode": 58, "lines": "2", "name": "Bellevue Downtown Station", "walkingMeters": 544, "walkingSeconds": 406, "band": 10}, {"stopCode": 57, "lines": "2", "name": "East Main Station", "walkingMeters": 947, "walkingSeconds": 707, "band": 15}]}, "geometry": {"type": "Point", "coordinates": [-122.196991, 47.6134262]}}, {"type": "Feature", "properties": {"id": "d9a420a6-e148-484d-ba0c-ca34faf0a1cc", "name": "Tangerine Thai Cuisine", "category": "restaurant", "tags": ["restaurant", "thai"], "sources": ["overture"], "website": "http://tangerinethaicuisine.com", "phone": "(425) 637-8822", "address": "333 108th Ave NE", "stations": [{"stopCode": 58, "lines": "2", "name": "Bellevue Downtown Station", "walkingMeters": 676, "walkingSeconds": 486, "band": 10}, {"stopCode": 57, "lines": "2", "name": "East Main Station", "walkingMeters": 1016, "walkingSeconds": 731, "band": 15}]}, "geometry": {"type": "Point", "coordinates": [-122.1968613, 47.6137695]}}, {"type": "Feature", "properties": {"id": "a8f570b1-b73c-4f37-8fe6-b9c422418a31", "name": "Caffe Ladro - Bellevue", "category": "cafe", "tags": ["cafe", "coffee"], "sources": ["overture"], "website": "http://CaffeLadro.com/", "phone": "+14254675562", "address": "333 108th Ave NE", "stations": [{"stopCode": 58, "lines": "2", "name": "Bellevue Downtown Station", "walkingMeters": 514, "walkingSeconds": 384, "band": 10}, {"stopCode": 57, "lines": "2", "name": "East Main Station", "walkingMeters": 942, "walkingSeconds": 703, "band": 15}]}, "geometry": {"type": "Point", "coordinates": [-122.1967087, 47.6135139]}}, {"type": "Feature", "properties": {"id": "5b9e8e4d-ec25-42b9-91c7-0af22be7e19d", "name": "Himalayan Coffee", "category": "cafe", "tags": ["cafe", "coffee"], "sources": ["overture"], "website": "http://himalayancoffee.us", "phone": "(206) 430-1214", "address": "411 108th Ave NE", "stations": [{"stopCode": 58, "lines": "2", "name": "Bellevue Downtown Station", "walkingMeters": 630, "walkingSeconds": 453, "band": 10}, {"stopCode": 57, "lines": "2", "name": "East Main Station", "walkingMeters": 1036, "walkingSeconds": 745, "band": 15}]}, "geometry": {"type": "Point", "coordinates": [-122.1966095, 47.6140709]}}, {"type": "Feature", "properties": {"id": "c8914e04-03bc-44ea-bb5d-70da51d9d0dc", "name": "The Cafe", "category": "cafe", "tags": ["cafe"], "sources": ["overture"], "website": "http://thecorpdeli.com", "phone": "(425) 453-8607", "address": "600 108th Ave NE Ste 100", "stations": [{"stopCode": 58, "lines": "2", "name": "Bellevue Downtown Station", "walkingMeters": 461, "walkingSeconds": 333, "band": 5}, {"stopCode": 59, "lines": "2", "name": "Wilburton Station", "walkingMeters": 1257, "walkingSeconds": 904, "band": 15}]}, "geometry": {"type": "Point", "coordinates": [-122.1955795, 47.6159286]}}, {"type": "Feature", "properties": {"id": "1f4253c4-615e-47a5-8bcc-a55ad194937d", "name": "Fez on Wheels", "category": "fast_food", "tags": ["fast-food", "food", "truck"], "sources": ["overture"], "website": "https://fezonwheels.com", "phone": "(206) 432-0415", "stations": [{"stopCode": 58, "lines": "2", "name": "Bellevue Downtown Station", "walkingMeters": 364, "walkingSeconds": 262, "band": 5}, {"stopCode": 57, "lines": "2", "name": "East Main Station", "walkingMeters": 923, "walkingSeconds": 666, "band": 15}, {"stopCode": 59, "lines": "2", "name": "Wilburton Station", "walkingMeters": 1217, "walkingSeconds": 878, "band": 15}]}, "geometry": {"type": "Point", "coordinates": [-122.1940765, 47.6148262]}}, {"type": "Feature", "properties": {"id": "a95299f5-dc0c-4452-bfd3-790a64deaa4d", "name": "El Gaucho Bellevue", "category": "restaurant", "tags": ["restaurant", "steakhouse", "american"], "sources": ["overture"], "website": "https://elgaucho.com/elgauchobellevue/", "phone": "+14254552715", "address": "450 108th Ave NE", "stations": [{"stopCode": 58, "lines": "2", "name": "Bellevue Downtown Station", "walkingMeters": 561, "walkingSeconds": 403, "band": 5}, {"stopCode": 57, "lines": "2", "name": "East Main Station", "walkingMeters": 1038, "walkingSeconds": 746, "band": 15}, {"stopCode": 59, "lines": "2", "name": "Wilburton Station", "walkingMeters": 1141, "walkingSeconds": 851, "band": 15}]}, "geometry": {"type": "Point", "coordinates": [-122.1945038, 47.6148262]}}, {"type": "Feature", "properties": {"id": "a260a94c-b3cf-41a1-a3c0-5243e5d9230f", "name": "Pho'nomenal Foods", "category": "restaurant", "tags": ["restaurant", "vietnamese", "noodles", "japanese"], "sources": ["overture"], "website": "http://www.phonomenalfoods.com/", "phone": "+12067692012", "address": "10900 NE 4th St", "stations": [{"stopCode": 58, "lines": "2", "name": "Bellevue Downtown Station", "walkingMeters": 288, "walkingSeconds": 215, "band": 5}, {"stopCode": 57, "lines": "2", "name": "East Main Station", "walkingMeters": 917, "walkingSeconds": 684, "band": 15}, {"stopCode": 59, "lines": "2", "name": "Wilburton Station", "walkingMeters": 1189, "walkingSeconds": 887, "band": 15}]}, "geometry": {"type": "Point", "coordinates": [-122.1945343, 47.6141052]}}, {"type": "Feature", "properties": {"id": "fd4b8b0c-2df2-4484-9b7c-ee16ace64074", "name": "Tat's East Coast Steaks And Subs Truck", "category": "fast_food", "tags": ["fast-food", "food", "truck"], "sources": ["overture"], "website": "https://www.tatsdeli.com/tats-truck", "phone": "(206) 373-1657", "address": "Skyline Tower", "stations": [{"stopCode": 58, "lines": "2", "name": "Bellevue Downtown Station", "walkingMeters": 506, "walkingSeconds": 364, "band": 5}, {"stopCode": 57, "lines": "2", "name": "East Main Station", "walkingMeters": 874, "walkingSeconds": 629, "band": 15}, {"stopCode": 59, "lines": "2", "name": "Wilburton Station", "walkingMeters": 1378, "walkingSeconds": 994, "band": 15}]}, "geometry": {"type": "Point", "coordinates": [-122.1945572, 47.6138725]}}, {"type": "Feature", "properties": {"id": "4ed8ebce-bb2a-4217-941f-77a914c46154", "name": "Skyline Cafe", "category": "cafe", "tags": ["cafe"], "sources": ["overture"], "website": "http://www.mychargepoint.net", "phone": "(425) 454-0126", "address": "10900 NE 4th St", "stations": [{"stopCode": 58, "lines": "2", "name": "Bellevue Downtown Station", "walkingMeters": 482, "walkingSeconds": 347, "band": 5}, {"stopCode": 57, "lines": "2", "name": "East Main Station", "walkingMeters": 937, "walkingSeconds": 674, "band": 15}, {"stopCode": 59, "lines": "2", "name": "Wilburton Station", "walkingMeters": 1350, "walkingSeconds": 974, "band": 15}]}, "geometry": {"type": "Point", "coordinates": [-122.1943283, 47.6140442]}}, {"type": "Feature", "properties": {"id": "a0014474-dab6-4f35-b24d-5bfb3874cb74", "name": "Feng Studio, Llc", "category": "restaurant", "tags": ["restaurant"], "sources": ["overture"], "address": "10822 NE 2nd Pl", "stations": [{"stopCode": 58, "lines": "2", "name": "Bellevue Downtown Station", "walkingMeters": 445, "walkingSeconds": 332, "band": 10}, {"stopCode": 57, "lines": "2", "name": "East Main Station", "walkingMeters": 742, "walkingSeconds": 554, "band": 10}]}, "geometry": {"type": "Point", "coordinates": [-122.1947403, 47.6127167]}}, {"type": "Feature", "properties": {"id": "2f6222a3-fa59-4f02-ad67-715fd09c5ff6", "name": "Caf\u00e9 Pogacha", "category": "cafe", "tags": ["cafe", "breakfast-and-brunch"], "sources": ["overture"], "website": "http://www.pogachacafe.com/", "phone": "+14254500333", "address": "10885 Northeast 4th Street 110 Lobby Summit 2 Bldg", "stations": [{"stopCode": 58, "lines": "2", "name": "Bellevue Downtown Station", "walkingMeters": 407, "walkingSeconds": 304, "band": 10}, {"stopCode": 57, "lines": "2", "name": "East Main Station", "walkingMeters": 832, "walkingSeconds": 621, "band": 15}]}, "geometry": {"type": "Point", "coordinates": [-122.1951141, 47.6132851]}}, {"type": "Feature", "properties": {"id": "d6e9f322-75ef-43cb-9b7e-69e95fb82325", "name": "Bambu Bellevue", "category": "cafe", "tags": ["cafe"], "sources": ["overture"], "website": "https://www.fivestars.com/business/WA/Bellevue/Coffee-Tea/Bambu-Bellevue/44623f0b716144759994801d3cfd9f8c/", "phone": "+14258181993", "address": "111 108th Ave SE", "stations": [{"stopCode": 57, "lines": "2", "name": "East Main Station", "walkingMeters": 646, "walkingSeconds": 464, "band": 10}, {"stopCode": 58, "lines": "2", "name": "Bellevue Downtown Station", "walkingMeters": 988, "walkingSeconds": 715, "band": 10}]}, "geometry": {"type": "Point", "coordinates": [-122.1965027, 47.6105728]}}, {"type": "Feature", "properties": {"id": "57d5d7c6-82ed-4627-beaf-edf2bc3fafc3", "name": "Melting Pot", "category": "restaurant", "tags": ["restaurant", "fondue", "theme"], "sources": ["overture"], "website": "http://www.meltingpot.com", "phone": "+14256462744", "address": "302 108th Ave NE", "stations": [{"stopCode": 58, "lines": "2", "name": "Bellevue Downtown Station", "walkingMeters": 519, "walkingSeconds": 387, "band": 10}, {"stopCode": 57, "lines": "2", "name": "East Main Station", "walkingMeters": 804, "walkingSeconds": 600, "band": 15}]}, "geometry": {"type": "Point", "coordinates": [-122.1959152, 47.6127243]}}, {"type": "Feature", "properties": {"id": "37abec33-9b20-4a91-912f-bdba7861572a", "name": "South Sound Fondue Llc", "category": "restaurant", "tags": ["restaurant"], "sources": ["overture"], "address": "302 108th Ave NE", "stations": [{"stopCode": 58, "lines": "2", "name": "Bellevue Downtown Station", "walkingMeters": 533, "walkingSeconds": 398, "band": 10}, {"stopCode": 57, "lines": "2", "name": "East Main Station", "walkingMeters": 789, "walkingSeconds": 589, "band": 15}]}, "geometry": {"type": "Point", "coordinates": [-122.1959229, 47.6125984]}}, {"type": "Feature", "properties": {"id": "f5375fb4-d8ad-4359-a07e-4733166834dd", "name": "Font\u00e9 Coffee Roaster", "category": "cafe", "tags": ["cafe"], "sources": ["overture"], "website": "https://www.fontecafe.com/coffeebellevue-1", "phone": "(425) 436-5746", "address": "225 108th Ave NE Ste N120", "stations": [{"stopCode": 58, "lines": "2", "name": "Bellevue Downtown Station", "walkingMeters": 817, "walkingSeconds": 587, "band": 10}, {"stopCode": 57, "lines": "2", "name": "East Main Station", "walkingMeters": 883, "walkingSeconds": 635, "band": 15}]}, "geometry": {"type": "Point", "coordinates": [-122.1966476, 47.6126556]}}, {"type": "Feature", "properties": {"id": "80b28e06-8e2c-4a9d-a89d-2e6c3c97edb0", "name": "Pineapple Restaurant Group Boston, Llc", "category": "restaurant", "tags": ["restaurant"], "sources": ["overture"], "address": "155 108th Ave Ne Ste 500", "stations": [{"stopCode": 58, "lines": "2", "name": "Bellevue Downtown Station", "walkingMeters": 694, "walkingSeconds": 518, "band": 10}, {"stopCode": 57, "lines": "2", "name": "East Main Station", "walkingMeters": 756, "walkingSeconds": 564, "band": 15}]}, "geometry": {"type": "Point", "coordinates": [-122.196907, 47.6116905]}}, {"type": "Feature", "properties": {"id": "77e6e2cd-fac8-43cd-8f07-ffcb079ab5fb", "name": "B And F Enterprises Nw Llc", "category": "restaurant", "tags": ["restaurant"], "sources": ["overture"], "address": "155 108th Ave Ne Ste 110", "stations": [{"stopCode": 58, "lines": "2", "name": "Bellevue Downtown Station", "walkingMeters": 694, "walkingSeconds": 518, "band": 10}, {"stopCode": 57, "lines": "2", "name": "East Main Station", "walkingMeters": 756, "walkingSeconds": 564, "band": 15}]}, "geometry": {"type": "Point", "coordinates": [-122.196907, 47.6116905]}}, {"type": "Feature", "properties": {"id": "5c3e396a-d76a-4472-9a5f-d68fc4e7fe9f", "name": "Broiler Bay Hamburgers", "category": "restaurant", "tags": ["restaurant", "burger", "american"], "sources": ["overture"], "website": "http://broilerbay.com", "phone": "+14256463474", "address": "10636 Main St", "stations": [{"stopCode": 57, "lines": "2", "name": "East Main Station", "walkingMeters": 730, "walkingSeconds": 524, "band": 10}, {"stopCode": 58, "lines": "2", "name": "Bellevue Downtown Station", "walkingMeters": 1100, "walkingSeconds": 791, "band": 15}]}, "geometry": {"type": "Point", "coordinates": [-122.1976471, 47.6104622]}}, {"type": "Feature", "properties": {"id": "0d667bda-68c5-4bc6-aab9-372d15f16494", "name": "Cepae Tasting Room", "category": "restaurant", "tags": ["restaurant", "french"], "sources": ["overture"], "website": "http://www.cepae.com/", "phone": "+14253405933", "address": "258 106th Ave NE", "stations": [{"stopCode": 58, "lines": "2", "name": "Bellevue Downtown Station", "walkingMeters": 981, "walkingSeconds": 705, "band": 10}, {"stopCode": 57, "lines": "2", "name": "East Main Station", "walkingMeters": 982, "walkingSeconds": 706, "band": 15}]}, "geometry": {"type": "Point", "coordinates": [-122.1987305, 47.6122589]}}, {"type": "Feature", "properties": {"id": "938afa69-652f-4771-be6a-a3b9d8960165", "name": "Haidilao Hot Pot Bellevue", "category": "restaurant", "tags": ["restaurant", "chinese", "asian"], "sources": ["overture"], "website": "https://www.haidilao-inc.com/us", "phone": "+14256796408", "address": "188 106th Ave NE", "stations": [{"stopCode": 58, "lines": "2", "name": "Bellevue Downtown Station", "walkingMeters": 803, "walkingSeconds": 599, "band": 10}, {"stopCode": 57, "lines": "2", "name": "East Main Station", "walkingMeters": 901, "walkingSeconds": 672, "band": 15}]}, "geometry": {"type": "Point", "coordinates": [-122.1986313, 47.6118507]}}, {"type": "Feature", "properties": {"id": "891758ea-3210-4405-8d3e-925834f9f914", "name": "Royal Bakehouse", "category": "cafe", "tags": ["cafe"], "sources": ["overture"], "website": "https://royalbakehouse.com", "phone": "+14253261184", "address": "162 106th Ave NE", "stations": [{"stopCode": 57, "lines": "2", "name": "East Main Station", "walkingMeters": 903, "walkingSeconds": 649, "band": 15}, {"stopCode": 58, "lines": "2", "name": "Bellevue Downtown Station", "walkingMeters": 1084, "walkingSeconds": 780, "band": 15}]}, "geometry": {"type": "Point", "coordinates": [-122.1986618, 47.6112938]}}, {"type": "Feature", "properties": {"id": "b4cc5c68-1ab7-4fd6-8d1c-cb5db17319c0", "name": "C\u00e9pa\u00e9 Wine Bar", "category": "restaurant", "tags": ["restaurant", "french"], "sources": ["overture"], "website": "https://www.lexperienceparis.com", "phone": "14253405933", "address": "258 106th Ave NE", "stations": [{"stopCode": 58, "lines": "2", "name": "Bellevue Downtown Station", "walkingMeters": 753, "walkingSeconds": 562, "band": 10}, {"stopCode": 57, "lines": "2", "name": "East Main Station", "walkingMeters": 928, "walkingSeconds": 693, "band": 15}]}, "geometry": {"type": "Point", "coordinates": [-122.1984711, 47.6122932]}}, {"type": "Feature", "properties": {"id": "3e6b3960-95d3-49c7-94bd-5526a87ada7a", "name": "La Bu La", "category": "restaurant", "tags": ["restaurant", "asian", "pan"], "sources": ["overture"], "website": "http://www.labulabellevue.com/", "phone": "4256887991", "address": "288 106th Ave NE", "stations": [{"stopCode": 58, "lines": "2", "name": "Bellevue Downtown Station", "walkingMeters": 887, "walkingSeconds": 638, "band": 10}, {"stopCode": 57, "lines": "2", "name": "East Main Station", "walkingMeters": 1002, "walkingSeconds": 720, "band": 15}]}, "geometry": {"type": "Point", "coordinates": [-122.1984558, 47.6127472]}}, {"type": "Feature", "properties": {"id": "959be5a6-2cc0-4829-84be-538fcf032873", "name": "Eat.MiLa", "category": "restaurant", "tags": ["restaurant", "chinese", "asian"], "sources": ["overture"], "website": "https://eatmila.com/", "phone": "+12064956244", "stations": [{"stopCode": 58, "lines": "2", "name": "Bellevue Downtown Station", "walkingMeters": 941, "walkingSeconds": 676, "band": 10}, {"stopCode": 57, "lines": "2", "name": "East Main Station", "walkingMeters": 1049, "walkingSeconds": 754, "band": 15}]}, "geometry": {"type": "Point", "coordinates": [-122.1985016, 47.6125984]}}, {"type": "Feature", "properties": {"id": "bacb03e4-5ba1-4f60-a748-18a688d509ac", "name": "Thai Grill Restaurant", "category": "restaurant", "tags": ["restaurant", "thai", "asian"], "sources": ["overture"], "phone": "+14255027487", "address": "260 106th Ave NE", "stations": [{"stopCode": 58, "lines": "2", "name": "Bellevue Downtown Station", "walkingMeters": 962, "walkingSeconds": 692, "band": 10}, {"stopCode": 57, "lines": "2", "name": "East Main Station", "walkingMeters": 1001, "walkingSeconds": 720, "band": 15}]}, "geometry": {"type": "Point", "coordinates": [-122.1986084, 47.6124573]}}, {"type": "Feature", "properties": {"id": "f27d3f12-6421-4aba-89a2-d6c7271693bc", "name": "Just Poke Bellevue", "category": "restaurant", "tags": ["restaurant", "poke", "hawaiian"], "sources": ["overture"], "website": "https://justpoke.com/", "phone": "+14255027386", "address": "278 106th Ave NE", "stations": [{"stopCode": 58, "lines": "2", "name": "Bellevue Downtown Station", "walkingMeters": 937, "walkingSeconds": 674, "band": 10}, {"stopCode": 57, "lines": "2", "name": "East Main Station", "walkingMeters": 1026, "walkingSeconds": 738, "band": 15}]}, "geometry": {"type": "Point", "coordinates": [-122.1987534, 47.6126518]}}, {"type": "Feature", "properties": {"id": "3997a452-282a-4a54-a21b-a4fd9e469b99", "name": "Joi's Seafood Restaurant", "category": "restaurant", "tags": ["restaurant", "chinese"], "sources": ["overture"], "website": "http://joisseafood.com", "phone": "(425) 637-1389", "address": "200 106th Ave NE", "stations": [{"stopCode": 58, "lines": "2", "name": "Bellevue Downtown Station", "walkingMeters": 973, "walkingSeconds": 700, "band": 10}, {"stopCode": 57, "lines": "2", "name": "East Main Station", "walkingMeters": 995, "walkingSeconds": 715, "band": 15}]}, "geometry": {"type": "Point", "coordinates": [-122.1986923, 47.6123581]}}, {"type": "Feature", "properties": {"id": "ae9efb2d-4c01-4876-8e0e-3d7ddf4464cd", "name": "Fika House Kaf\u00e9", "category": "cafe", "tags": ["cafe", "coffee"], "sources": ["overture"], "website": "http://www.fikahousekafe.com", "phone": "(425) 457-1980", "address": "298 106th Ave NE", "stations": [{"stopCode": 58, "lines": "2", "name": "Bellevue Downtown Station", "walkingMeters": 914, "walkingSeconds": 657, "band": 10}, {"stopCode": 57, "lines": "2", "name": "East Main Station", "walkingMeters": 1090, "walkingSeconds": 785, "band": 15}]}, "geometry": {"type": "Point", "coordinates": [-122.199028, 47.6130066]}}, {"type": "Feature", "properties": {"id": "e8502fed-5212-4937-8caf-c297efb1b416", "name": "Zhang Liang Malatang \u5f20\u4eae\u9ebb\u8fa3\u70eb - Seattle", "category": "restaurant", "tags": ["restaurant", "chinese", "asian"], "sources": ["overture"], "website": "http://zlmlt.com/", "phone": "+14255052168", "address": "304 105th Ave NE", "stations": [{"stopCode": 58, "lines": "2", "name": "Bellevue Downtown Station", "walkingMeters": 980, "walkingSeconds": 704, "band": 10}, {"stopCode": 57, "lines": "2", "name": "East Main Station", "walkingMeters": 1104, "walkingSeconds": 796, "band": 15}]}, "geometry": {"type": "Point", "coordinates": [-122.1997223, 47.6127892]}}, {"type": "Feature", "properties": {"id": "39994a10-9568-4d27-b002-d46d38906942", "name": "Desi Tadka Indian Grill", "category": "restaurant", "tags": ["restaurant", "indian"], "sources": ["overture"], "website": "http://www.desitadkabellevue.com/", "phone": "+12064305557", "address": "304 105th Ave NE", "stations": [{"stopCode": 58, "lines": "2", "name": "Bellevue Downtown Station", "walkingMeters": 1023, "walkingSeconds": 737, "band": 10}, {"stopCode": 57, "lines": "2", "name": "East Main Station", "walkingMeters": 1166, "walkingSeconds": 840, "band": 15}]}, "geometry": {"type": "Point", "coordinates": [-122.1997604, 47.6128502]}}, {"type": "Feature", "properties": {"id": "3e253287-b1d3-4023-9be8-0ca6d363eae5", "name": "Pho All Day Vietnamese Cuisine", "category": "restaurant", "tags": ["restaurant", "vietnamese"], "sources": ["overture"], "website": "http://phoallday.com", "phone": "(425) 467-8408", "address": "150 105th Ave NE", "stations": [{"stopCode": 57, "lines": "2", "name": "East Main Station", "walkingMeters": 1022, "walkingSeconds": 735, "band": 15}, {"stopCode": 58, "lines": "2", "name": "Bellevue Downtown Station", "walkingMeters": 1155, "walkingSeconds": 831, "band": 15}]}, "geometry": {"type": "Point", "coordinates": [-122.1997528, 47.6114922]}}, {"type": "Feature", "properties": {"id": "298c94c8-d097-47a0-a976-fe6f9c2dedbe", "name": "La Mar Cocina Peruana Bellevue", "category": "restaurant", "tags": ["restaurant", "peruvian", "latin-american"], "sources": ["overture"], "website": "http://www.lamarbellevue.com/", "phone": "+14256750301", "address": "10508 Main St", "stations": [{"stopCode": 57, "lines": "2", "name": "East Main Station", "walkingMeters": 858, "walkingSeconds": 617, "band": 15}, {"stopCode": 58, "lines": "2", "name": "Bellevue Downtown Station", "walkingMeters": 1262, "walkingSeconds": 907, "band": 15}]}, "geometry": {"type": "Point", "coordinates": [-122.1995697, 47.6102943]}}, {"type": "Feature", "properties": {"id": "2356a4df-58ed-4e45-84f0-9397200bb989", "name": "Toy's Cafe & Bakery", "category": "restaurant", "tags": ["restaurant", "chinese"], "sources": ["overture"], "website": "http://toyscafebellevue.com", "phone": "(425) 454-8815", "address": "129 106th Ave NE", "stations": [{"stopCode": 57, "lines": "2", "name": "East Main Station", "walkingMeters": 968, "walkingSeconds": 696, "band": 15}, {"stopCode": 58, "lines": "2", "name": "Bellevue Downtown Station", "walkingMeters": 1209, "walkingSeconds": 869, "band": 15}]}, "geometry": {"type": "Point", "coordinates": [-122.1996841, 47.6110573]}}, {"type": "Feature", "properties": {"id": "8cba017a-acda-4d08-9e83-1921de3d14b5", "name": "Pin Hsiao & Associates", "category": "bakery", "tags": ["bakery"], "sources": ["overture"], "phone": "+12068180155", "address": "11061 Ne 2nd St Ste 240", "stations": [{"stopCode": 57, "lines": "2", "name": "East Main Station", "walkingMeters": 466, "walkingSeconds": 348, "band": 10}, {"stopCode": 58, "lines": "2", "name": "Bellevue Downtown Station", "walkingMeters": 566, "walkingSeconds": 422, "band": 10}]}, "geometry": {"type": "Point", "coordinates": [-122.1923141, 47.6113129]}}, {"type": "Feature", "properties": {"id": "d5a7753e-e327-444d-b398-f4968d862ab0", "name": "North of Main Cafe", "category": "cafe", "tags": ["cafe"], "sources": ["overture"], "website": "https://www.watermarkcommunities.com/our-communities/washington/bellevue/the-watermark-at-bellevue/dining/", "phone": "+14255048001", "address": "115 112th Ave NE", "stations": [{"stopCode": 57, "lines": "2", "name": "East Main Station", "walkingMeters": 400, "walkingSeconds": 299, "band": 5}, {"stopCode": 58, "lines": "2", "name": "Bellevue Downtown Station", "walkingMeters": 622, "walkingSeconds": 464, "band": 10}]}, "geometry": {"type": "Point", "coordinates": [-122.1913223, 47.6109505]}}, {"type": "Feature", "properties": {"id": "54eb7864-c7d9-41ca-8643-7dd633eccfdb", "name": "Bellevue Food Truck Pod", "category": "fast_food", "tags": ["fast-food", "food", "truck"], "sources": ["overture"], "website": "http://www.seattlefoodtruck.com", "phone": "(206) 799-0095", "address": "600 106th Ave NE", "stations": [{"stopCode": 57, "lines": "2", "name": "East Main Station", "walkingMeters": 513, "walkingSeconds": 369, "band": 10}, {"stopCode": 58, "lines": "2", "name": "Bellevue Downtown Station", "walkingMeters": 757, "walkingSeconds": 548, "band": 10}]}, "geometry": {"type": "Point", "coordinates": [-122.1938705, 47.6110611]}}, {"type": "Feature", "properties": {"id": "38789792-2ce4-44a8-97a4-b5c923be2175", "name": "Off The Rez Truck", "category": "fast_food", "tags": ["fast-food", "food", "truck"], "sources": ["overture"], "website": "http://www.offthereztruck.com", "phone": "(206) 414-8226", "address": "1009 E Pike St", "stations": [{"stopCode": 57, "lines": "2", "name": "East Main Station", "walkingMeters": 526, "walkingSeconds": 378, "band": 10}, {"stopCode": 58, "lines": "2", "name": "Bellevue Downtown Station", "walkingMeters": 753, "walkingSeconds": 546, "band": 10}]}, "geometry": {"type": "Point", "coordinates": [-122.193779, 47.6112251]}}, {"type": "Feature", "properties": {"id": "6a876caf-c583-43be-8c12-ef724cdfd28a", "name": "Cafe Trophy - Trophy Cupcakes", "category": "cafe", "tags": ["cafe"], "sources": ["overture"], "phone": "+12066327020", "address": "700 110th Ave Ne Ste 195", "stations": [{"stopCode": 57, "lines": "2", "name": "East Main Station", "walkingMeters": 499, "walkingSeconds": 372, "band": 10}, {"stopCode": 58, "lines": "2", "name": "Bellevue Downtown Station", "walkingMeters": 568, "walkingSeconds": 424, "band": 10}]}, "geometry": {"type": "Point", "coordinates": [-122.193161, 47.6113625]}}, {"type": "Feature", "properties": {"id": "027fbb06-400c-4103-ac48-a6036578d536", "name": "Amuse Bar + Restaurant", "category": "restaurant", "tags": ["restaurant", "bar-and-grill", "bar", "grill"], "sources": ["overture"], "website": "https://www.opentable.com/restref/client/?restref=1363387&lang=en-US&ot_source=Restaurant+website&corrid=d0ae3712-faec-4a6f-9490-1fcbbd66609f", "phone": "+14252147600", "address": "200 110th Ave NE", "stations": [{"stopCode": 58, "lines": "2", "name": "Bellevue Downtown Station", "walkingMeters": 498, "walkingSeconds": 358, "band": 5}, {"stopCode": 57, "lines": "2", "name": "East Main Station", "walkingMeters": 674, "walkingSeconds": 485, "band": 10}, {"stopCode": 59, "lines": "2", "name": "Wilburton Station", "walkingMeters": 1378, "walkingSeconds": 994, "band": 15}]}, "geometry": {"type": "Point", "coordinates": [-122.1927795, 47.6126328]}}, {"type": "Feature", "properties": {"id": "ee402019-509a-4409-b6d5-e4f3bb2a1f98", "name": "Sushiya", "category": "restaurant", "tags": ["restaurant", "sushi"], "sources": ["overture"], "website": "http://www.sushiyabellevue.com", "phone": "(425) 467-1453", "address": "300 110th Ave NE #104", "stations": [{"stopCode": 58, "lines": "2", "name": "Bellevue Downtown Station", "walkingMeters": 516, "walkingSeconds": 373, "band": 5}, {"stopCode": 57, "lines": "2", "name": "East Main Station", "walkingMeters": 726, "walkingSeconds": 522, "band": 10}, {"stopCode": 59, "lines": "2", "name": "Wilburton Station", "walkingMeters": 1391, "walkingSeconds": 1005, "band": 15}]}, "geometry": {"type": "Point", "coordinates": [-122.1936035, 47.6131363]}}, {"type": "Feature", "properties": {"id": "66fb2f61-16bc-4cb5-8b59-8ae400c1a091", "name": "Vovito Caff\u00e9 & Gelato", "category": "cafe", "tags": ["cafe"], "sources": ["overture"], "website": "http://www.vovito.com", "phone": "(425) 502-7522", "address": "700 110th Ave NE Ste 195", "stations": [{"stopCode": 58, "lines": "2", "name": "Bellevue Downtown Station", "walkingMeters": 402, "walkingSeconds": 291, "band": 5}, {"stopCode": 57, "lines": "2", "name": "East Main Station", "walkingMeters": 1082, "walkingSeconds": 781, "band": 15}, {"stopCode": 59, "lines": "2", "name": "Wilburton Station", "walkingMeters": 1108, "walkingSeconds": 797, "band": 15}]}, "geometry": {"type": "Point", "coordinates": [-122.1938705, 47.6162376]}}, {"type": "Feature", "properties": {"id": "99421912-e490-4195-9648-45d6c9eeda67", "name": "Mangia Me", "category": "fast_food", "tags": ["fast-food", "food", "truck"], "sources": ["overture"], "website": "http://www.mangiamefood.com", "phone": "(425) 610-9561", "address": "10855 NE 8th St", "stations": [{"stopCode": 58, "lines": "2", "name": "Bellevue Downtown Station", "walkingMeters": 520, "walkingSeconds": 374, "band": 5}, {"stopCode": 59, "lines": "2", "name": "Wilburton Station", "walkingMeters": 1028, "walkingSeconds": 740, "band": 15}]}, "geometry": {"type": "Point", "coordinates": [-122.1939774, 47.6169701]}}, {"type": "Feature", "properties": {"id": "87cff1e3-2488-4118-bea3-f0cf1848abf0", "name": "Blue Martini", "category": "bar", "tags": ["bar", "cocktail"], "sources": ["overture"], "website": "http://bluemartinilounge.com", "phone": "(425) 451-2583", "address": "700 110th Ave NE", "stations": [{"stopCode": 58, "lines": "2", "name": "Bellevue Downtown Station", "walkingMeters": 391, "walkingSeconds": 281, "band": 5}, {"stopCode": 59, "lines": "2", "name": "Wilburton Station", "walkingMeters": 1035, "walkingSeconds": 745, "band": 15}, {"stopCode": 57, "lines": "2", "name": "East Main Station", "walkingMeters": 1087, "walkingSeconds": 782, "band": 15}]}, "geometry": {"type": "Point", "coordinates": [-122.1932373, 47.6161232]}}, {"type": "Feature", "properties": {"id": "247cb2e3-acf8-4d3a-936d-6ad75a535298", "name": "Yoda's coffee shop", "category": "cafe", "tags": ["cafe"], "sources": ["overture"], "phone": "+14252463608", "address": "11155 NE 8th St", "stations": [{"stopCode": 58, "lines": "2", "name": "Bellevue Downtown Station", "walkingMeters": 388, "walkingSeconds": 279, "band": 5}, {"stopCode": 59, "lines": "2", "name": "Wilburton Station", "walkingMeters": 840, "walkingSeconds": 605, "band": 10}, {"stopCode": 57, "lines": "2", "name": "East Main Station", "walkingMeters": 1081, "walkingSeconds": 778, "band": 15}]}, "geometry": {"type": "Point", "coordinates": [-122.1917419, 47.6171532]}}, {"type": "Feature", "properties": {"id": "bc191eb2-65df-4968-a434-c6dbc451c86f", "name": "Sport Seattle", "category": "restaurant", "tags": ["restaurant"], "sources": ["overture"], "phone": "+14254400878", "address": "11111 Ne 8th St Ste 125", "stations": [{"stopCode": 58, "lines": "2", "name": "Bellevue Downtown Station", "walkingMeters": 179, "walkingSeconds": 134, "band": 5}, {"stopCode": 59, "lines": "2", "name": "Wilburton Station", "walkingMeters": 813, "walkingSeconds": 607, "band": 10}, {"stopCode": 57, "lines": "2", "name": "East Main Station", "walkingMeters": 1196, "walkingSeconds": 893, "band": 15}]}, "geometry": {"type": "Point", "coordinates": [-122.1917953, 47.6164474]}}, {"type": "Feature", "properties": {"id": "98b0776a-c1a0-4939-9ac0-eccb06071bb8", "name": "Seastar Restaurant And Raw Bar (bellevue)", "category": "restaurant", "tags": ["restaurant"], "sources": ["overture"], "phone": "+14254400878", "address": "11111 Ne 8th St Ste 125", "stations": [{"stopCode": 58, "lines": "2", "name": "Bellevue Downtown Station", "walkingMeters": 179, "walkingSeconds": 134, "band": 5}, {"stopCode": 59, "lines": "2", "name": "Wilburton Station", "walkingMeters": 813, "walkingSeconds": 607, "band": 10}, {"stopCode": 57, "lines": "2", "name": "East Main Station", "walkingMeters": 1196, "walkingSeconds": 893, "band": 15}]}, "geometry": {"type": "Point", "coordinates": [-122.1917953, 47.6164474]}}, {"type": "Feature", "properties": {"id": "709b7f89-e004-4b02-8b65-506c8925593e", "name": "Minamoto Japanese Restaurant", "category": "restaurant", "tags": ["restaurant", "sushi", "japanese"], "sources": ["overture"], "website": "http://www.minamotowa.com", "phone": "+14259993338", "address": "11011 NE 9th St", "stations": [{"stopCode": 58, "lines": "2", "name": "Bellevue Downtown Station", "walkingMeters": 526, "walkingSeconds": 378, "band": 10}, {"stopCode": 59, "lines": "2", "name": "Wilburton Station", "walkingMeters": 874, "walkingSeconds": 628, "band": 10}]}, "geometry": {"type": "Point", "coordinates": [-122.1922531, 47.6181145]}}, {"type": "Feature", "properties": {"id": "34f7c18a-e89c-4e2a-863e-a9129b44945c", "name": "Facing East Time - Downtown Bellevue", "category": "restaurant", "tags": ["restaurant", "taiwanese", "asian"], "sources": ["overture"], "website": "https://order.toasttab.com/online/facing-east-downtown-bellevue-11102-ne-10th-st-101", "phone": "+14255590297", "address": "11102 NE 10th St", "stations": [{"stopCode": 58, "lines": "2", "name": "Bellevue Downtown Station", "walkingMeters": 645, "walkingSeconds": 464, "band": 10}, {"stopCode": 59, "lines": "2", "name": "Wilburton Station", "walkingMeters": 754, "walkingSeconds": 545, "band": 10}, {"stopCode": 60, "lines": "2", "name": "Spring District/120th Station", "walkingMeters": 1280, "walkingSeconds": 919, "band": 15}]}, "geometry": {"type": "Point", "coordinates": [-122.1917725, 47.6196136]}}, {"type": "Feature", "properties": {"id": "c008989d-4f7c-4d79-aa0f-b4893a5e6a4c", "name": "Banquet Hall & Event Lab In Bellevue", "category": "restaurant", "tags": ["restaurant"], "sources": ["overture"], "website": "http://lunchboxlaboratory.com", "phone": "14252959243", "address": "989 112th Ave Ne  Ste 103", "stations": [{"stopCode": 58, "lines": "2", "name": "Bellevue Downtown Station", "walkingMeters": 563, "walkingSeconds": 420, "band": 10}, {"stopCode": 59, "lines": "2", "name": "Wilburton Station", "walkingMeters": 787, "walkingSeconds": 587, "band": 10}, {"stopCode": 60, "lines": "2", "name": "Spring District/120th Station", "walkingMeters": 1442, "walkingSeconds": 1076, "band": 15}]}, "geometry": {"type": "Point", "coordinates": [-122.191658, 47.6191063]}}, {"type": "Feature", "properties": {"id": "60d42b23-67b4-44a5-afb1-dd2156e280e4", "name": "Scotty Browns", "category": "bar", "tags": ["bar"], "sources": ["overture"], "website": "http://brownsrestaurantgroup.com/scottybrowns/", "phone": "(425) 449-8869", "address": "958 111th Ave NE Ste 101", "stations": [{"stopCode": 58, "lines": "2", "name": "Bellevue Downtown Station", "walkingMeters": 578, "walkingSeconds": 416, "band": 10}, {"stopCode": 59, "lines": "2", "name": "Wilburton Station", "walkingMeters": 862, "walkingSeconds": 619, "band": 10}]}, "geometry": {"type": "Point", "coordinates": [-122.1917267, 47.6184349]}}, {"type": "Feature", "properties": {"id": "5caccab9-c632-47a7-87ac-ac08383aaf36", "name": "Great Wine, Inc.", "category": "bar", "tags": ["bar", "wine"], "sources": ["overture"], "address": "958 111th Ave Ne  Ste 103", "stations": [{"stopCode": 58, "lines": "2", "name": "Bellevue Downtown Station", "walkingMeters": 489, "walkingSeconds": 365, "band": 10}, {"stopCode": 59, "lines": "2", "name": "Wilburton Station", "walkingMeters": 790, "walkingSeconds": 590, "band": 10}]}, "geometry": {"type": "Point", "coordinates": [-122.1918106, 47.6185989]}}, {"type": "Feature", "properties": {"id": "78137112-86f4-4091-ad9c-05a37aa74495", "name": "Cielo Cocina Mexicana", "category": "restaurant", "tags": ["restaurant", "mexican", "taco", "texmex"], "sources": ["overture"], "website": "https://www.cielobellevue.com", "phone": "+14254498869", "address": "958 111th Ave NE #101", "stations": [{"stopCode": 58, "lines": "2", "name": "Bellevue Downtown Station", "walkingMeters": 563, "walkingSeconds": 405, "band": 10}, {"stopCode": 59, "lines": "2", "name": "Wilburton Station", "walkingMeters": 839, "walkingSeconds": 603, "band": 10}]}, "geometry": {"type": "Point", "coordinates": [-122.1919098, 47.6183357]}}, {"type": "Feature", "properties": {"id": "98445fd3-a3d3-48fb-9bf3-475b22bd0cc1", "name": "Wild Wasabi Signature", "category": "restaurant", "tags": ["restaurant", "japanese", "sushi", "asian"], "sources": ["overture"], "website": "https://www.wildwasabisignature.com/", "phone": "+14254498567", "address": "909 112th Ave NE", "stations": [{"stopCode": 58, "lines": "2", "name": "Bellevue Downtown Station", "walkingMeters": 455, "walkingSeconds": 328, "band": 10}, {"stopCode": 59, "lines": "2", "name": "Wilburton Station", "walkingMeters": 793, "walkingSeconds": 570, "band": 10}, {"stopCode": 57, "lines": "2", "name": "East Main Station", "walkingMeters": 1148, "walkingSeconds": 827, "band": 15}]}, "geometry": {"type": "Point", "coordinates": [-122.191246, 47.6182251]}}, {"type": "Feature", "properties": {"id": "b00706b1-6951-4cb7-9a96-33179ff0cc4f", "name": "Woobling Korean BBQ", "category": "restaurant", "tags": ["restaurant", "korean", "barbecue", "asian"], "sources": ["overture"], "website": "http://woobling.com/", "phone": "+14255909298", "address": "989 112th Ave NE #205", "stations": [{"stopCode": 58, "lines": "2", "name": "Bellevue Downtown Station", "walkingMeters": 576, "walkingSeconds": 414, "band": 10}, {"stopCode": 59, "lines": "2", "name": "Wilburton Station", "walkingMeters": 691, "walkingSeconds": 496, "band": 10}, {"stopCode": 60, "lines": "2", "name": "Spring District/120th Station", "walkingMeters": 1279, "walkingSeconds": 919, "band": 15}]}, "geometry": {"type": "Point", "coordinates": [-122.1912689, 47.6192474]}}, {"type": "Feature", "properties": {"id": "9ec7ea09-3d2d-4483-a122-7ae1818a4d45", "name": "Restaurant Shanghai", "category": "restaurant", "tags": ["restaurant", "chinese"], "sources": ["overture"], "website": "http://www.shanghaishanghaichineserestaurant.com/", "phone": "+14252091096", "address": "989 112th Ave NE", "stations": [{"stopCode": 58, "lines": "2", "name": "Bellevue Downtown Station", "walkingMeters": 522, "walkingSeconds": 390, "band": 10}, {"stopCode": 59, "lines": "2", "name": "Wilburton Station", "walkingMeters": 756, "walkingSeconds": 564, "band": 10}]}, "geometry": {"type": "Point", "coordinates": [-122.1914215, 47.6188087]}}, {"type": "Feature", "properties": {"id": "f13c33e8-9441-453a-8213-e7c36c12c970", "name": "Musashi Roll House", "category": "restaurant", "tags": ["restaurant", "sushi"], "sources": ["overture"], "phone": "+12068491239", "address": "989 112th Ave NE", "stations": [{"stopCode": 58, "lines": "2", "name": "Bellevue Downtown Station", "walkingMeters": 579, "walkingSeconds": 416, "band": 10}, {"stopCode": 59, "lines": "2", "name": "Wilburton Station", "walkingMeters": 778, "walkingSeconds": 559, "band": 10}, {"stopCode": 60, "lines": "2", "name": "Spring District/120th Station", "walkingMeters": 1369, "walkingSeconds": 986, "band": 15}]}, "geometry": {"type": "Point", "coordinates": [-122.1915054, 47.619091]}}, {"type": "Feature", "properties": {"id": "1cb645ea-cd2a-43d3-ae11-9da83468ac8a", "name": "Danube Bistro", "category": "restaurant", "tags": ["restaurant"], "sources": ["overture"], "address": "11000 NE 10th St", "stations": [{"stopCode": 58, "lines": "2", "name": "Bellevue Downtown Station", "walkingMeters": 714, "walkingSeconds": 514, "band": 10}, {"stopCode": 59, "lines": "2", "name": "Wilburton Station", "walkingMeters": 835, "walkingSeconds": 600, "band": 15}]}, "geometry": {"type": "Point", "coordinates": [-122.1928787, 47.6196938]}}, {"type": "Feature", "properties": {"id": "aab43a18-0a58-42ae-8e60-8250f1ad5f0c", "name": "Andiamo Italian Ristorante", "category": "restaurant", "tags": ["restaurant", "italian"], "sources": ["overture"], "website": "http://www.andiamobellevue.com/", "phone": "+14256750248", "address": "938 110th Ave NE #1", "stations": [{"stopCode": 58, "lines": "2", "name": "Bellevue Downtown Station", "walkingMeters": 715, "walkingSeconds": 514, "band": 10}, {"stopCode": 59, "lines": "2", "name": "Wilburton Station", "walkingMeters": 865, "walkingSeconds": 622, "band": 15}]}, "geometry": {"type": "Point", "coordinates": [-122.1935349, 47.619194]}}, {"type": "Feature", "properties": {"id": "b58a836d-245b-48e1-a991-e1f2d42bebcb", "name": "Kobe Bellevue Restaurant", "category": "restaurant", "tags": ["restaurant", "asian", "fusion", "japanese"], "sources": ["overture"], "website": "http://kobebellevue.us/", "phone": "+14254513888", "address": "850 110th Ave NE #5147", "stations": [{"stopCode": 58, "lines": "2", "name": "Bellevue Downtown Station", "walkingMeters": 607, "walkingSeconds": 436, "band": 10}, {"stopCode": 59, "lines": "2", "name": "Wilburton Station", "walkingMeters": 959, "walkingSeconds": 689, "band": 15}]}, "geometry": {"type": "Point", "coordinates": [-122.1933746, 47.6181374]}}, {"type": "Feature", "properties": {"id": "9102d494-2d62-4a7e-aaff-576e95ec445c", "name": "Chutneys Bellevue", "category": "restaurant", "tags": ["restaurant", "indian"], "sources": ["overture"], "website": "http://www.twitter.com/chutneysdining", "phone": "+14254670867", "address": "938 110th Ave NE", "stations": [{"stopCode": 58, "lines": "2", "name": "Bellevue Downtown Station", "walkingMeters": 638, "walkingSeconds": 459, "band": 10}, {"stopCode": 59, "lines": "2", "name": "Wilburton Station", "walkingMeters": 938, "walkingSeconds": 674, "band": 15}]}, "geometry": {"type": "Point", "coordinates": [-122.1935196, 47.6184959]}}, {"type": "Feature", "properties": {"id": "72624081-09d7-46b1-952a-db99f9d286b1", "name": "Thai 65 Express  ; Thai Halal Food", "category": "fast_food", "tags": ["fast-food", "food", "truck"], "sources": ["overture"], "address": "Bellevue Dental Care, 10900 NE 8th St", "stations": [{"stopCode": 58, "lines": "2", "name": "Bellevue Downtown Station", "walkingMeters": 446, "walkingSeconds": 333, "band": 10}, {"stopCode": 59, "lines": "2", "name": "Wilburton Station", "walkingMeters": 975, "walkingSeconds": 728, "band": 15}]}, "geometry": {"type": "Point", "coordinates": [-122.1937714, 47.6180916]}}, {"type": "Feature", "properties": {"id": 1704038803, "name": "Double Inquiry", "category": "artwork", "tags": ["artwork"], "sources": ["osm"], "stations": [{"stopCode": 58, "lines": "2", "name": "Bellevue Downtown Station", "walkingMeters": 774, "walkingSeconds": 563, "band": 10}, {"stopCode": 59, "lines": "2", "name": "Wilburton Station", "walkingMeters": 922, "walkingSeconds": 663, "band": 15}]}, "geometry": {"type": "Point", "coordinates": [-122.1939753, 47.6194942]}}, {"type": "Feature", "properties": {"id": 3579614493, "name": "The Story Of Reynard", "category": "artwork", "tags": ["artwork"], "sources": ["osm"], "stations": [{"stopCode": 58, "lines": "2", "name": "Bellevue Downtown Station", "walkingMeters": 817, "walkingSeconds": 594, "band": 10}, {"stopCode": 59, "lines": "2", "name": "Wilburton Station", "walkingMeters": 965, "walkingSeconds": 694, "band": 15}]}, "geometry": {"type": "Point", "coordinates": [-122.1939905, 47.6199261]}}, {"type": "Feature", "properties": {"id": 4741271672, "name": "Compass", "category": "artwork", "tags": ["artwork"], "sources": ["osm"], "stations": [{"stopCode": 58, "lines": "2", "name": "Bellevue Downtown Station", "walkingMeters": 305, "walkingSeconds": 220, "band": 5}, {"stopCode": 57, "lines": "2", "name": "East Main Station", "walkingMeters": 696, "walkingSeconds": 501, "band": 10}, {"stopCode": 59, "lines": "2", "name": "Wilburton Station", "walkingMeters": 1185, "walkingSeconds": 855, "band": 15}]}, "geometry": {"type": "Point", "coordinates": [-122.1918287, 47.6138991]}}, {"type": "Feature", "properties": {"id": 4741271673, "name": "Longboat Reed Rookery", "category": "artwork", "tags": ["artwork"], "sources": ["osm"], "stations": [{"stopCode": 58, "lines": "2", "name": "Bellevue Downtown Station", "walkingMeters": 341, "walkingSeconds": 245, "band": 5}, {"stopCode": 57, "lines": "2", "name": "East Main Station", "walkingMeters": 929, "walkingSeconds": 669, "band": 15}, {"stopCode": 59, "lines": "2", "name": "Wilburton Station", "walkingMeters": 1220, "walkingSeconds": 880, "band": 15}]}, "geometry": {"type": "Point", "coordinates": [-122.1926309, 47.6145718]}}, {"type": "Feature", "properties": {"id": 6175672732, "name": "Howell Memorial", "category": "artwork", "tags": ["artwork"], "sources": ["osm"], "stations": [{"stopCode": 58, "lines": "2", "name": "Bellevue Downtown Station", "walkingMeters": 809, "walkingSeconds": 588, "band": 10}, {"stopCode": 59, "lines": "2", "name": "Wilburton Station", "walkingMeters": 958, "walkingSeconds": 688, "band": 15}]}, "geometry": {"type": "Point", "coordinates": [-122.1938724, 47.619839]}}, {"type": "Feature", "properties": {"id": 10115398949, "name": "Guan Yin", "category": "artwork", "tags": ["artwork"], "sources": ["osm"], "stations": [{"stopCode": 58, "lines": "2", "name": "Bellevue Downtown Station", "walkingMeters": 334, "walkingSeconds": 240, "band": 5}, {"stopCode": 57, "lines": "2", "name": "East Main Station", "walkingMeters": 933, "walkingSeconds": 672, "band": 15}, {"stopCode": 59, "lines": "2", "name": "Wilburton Station", "walkingMeters": 1220, "walkingSeconds": 878, "band": 15}]}, "geometry": {"type": "Point", "coordinates": [-122.1933245, 47.6146419]}}, {"type": "Feature", "properties": {"id": 11862631648, "name": "Root", "category": "artwork", "tags": ["artwork"], "sources": ["osm"], "website": "http://dancorson.com/root", "stations": [{"stopCode": 58, "lines": "2", "name": "Bellevue Downtown Station", "walkingMeters": 304, "walkingSeconds": 218, "band": 5}, {"stopCode": 57, "lines": "2", "name": "East Main Station", "walkingMeters": 948, "walkingSeconds": 682, "band": 15}, {"stopCode": 59, "lines": "2", "name": "Wilburton Station", "walkingMeters": 1214, "walkingSeconds": 873, "band": 15}]}, "geometry": {"type": "Point", "coordinates": [-122.1930149, 47.6148208]}}, {"type": "Feature", "properties": {"id": 12160288160, "name": "Heronious One", "category": "artwork", "tags": ["artwork"], "sources": ["osm"], "stations": [{"stopCode": 58, "lines": "2", "name": "Bellevue Downtown Station", "walkingMeters": 561, "walkingSeconds": 405, "band": 10}]}, "geometry": {"type": "Point", "coordinates": [-122.1968993, 47.6155453]}}, {"type": "Feature", "properties": {"id": 13238424478, "name": "A Tutti Frutti Crossing", "category": "artwork", "tags": ["artwork"], "sources": ["osm"], "website": "https://static1.squarespace.com/static/63efe450f3d28b27294f0ff8/t/645e8f411c6d7774c49cde4f/1683918663093/COBUtilityBoxWrapsProgram2022.pdf", "stations": [{"stopCode": 58, "lines": "2", "name": "Bellevue Downtown Station", "walkingMeters": 908, "walkingSeconds": 653, "band": 10}, {"stopCode": 59, "lines": "2", "name": "Wilburton Station", "walkingMeters": 1105, "walkingSeconds": 794, "band": 15}]}, "geometry": {"type": "Point", "coordinates": [-122.1965284, 47.6190367]}}, {"type": "Feature", "properties": {"id": 13238424482, "name": "All Day Long the Earth Sings, The Sun Beckons", "category": "artwork", "tags": ["artwork"], "sources": ["osm"], "website": "https://static1.squarespace.com/static/63efe450f3d28b27294f0ff8/t/645e8f411c6d7774c49cde4f/1683918663093/COBUtilityBoxWrapsProgram2022.pdf", "stations": [{"stopCode": 58, "lines": "2", "name": "Bellevue Downtown Station", "walkingMeters": 827, "walkingSeconds": 594, "band": 10}]}, "geometry": {"type": "Point", "coordinates": [-122.1991754, 47.6139411]}}, {"type": "Feature", "properties": {"id": 13238424483, "name": "Three Brown Trout", "category": "artwork", "tags": ["artwork"], "sources": ["osm"], "website": "https://static1.squarespace.com/static/63efe450f3d28b27294f0ff8/t/645e8f411c6d7774c49cde4f/1683918663093/COBUtilityBoxWrapsProgram2022.pdf", "stations": [{"stopCode": 58, "lines": "2", "name": "Bellevue Downtown Station", "walkingMeters": 662, "walkingSeconds": 476, "band": 10}, {"stopCode": 57, "lines": "2", "name": "East Main Station", "walkingMeters": 965, "walkingSeconds": 694, "band": 15}]}, "geometry": {"type": "Point", "coordinates": [-122.1964014, 47.6135379]}}, {"type": "Feature", "properties": {"id": 13797309890, "name": "#BVUE", "category": "artwork", "tags": ["artwork"], "sources": ["osm"], "stations": [{"stopCode": 58, "lines": "2", "name": "Bellevue Downtown Station", "walkingMeters": 440, "walkingSeconds": 316, "band": 5}, {"stopCode": 57, "lines": "2", "name": "East Main Station", "walkingMeters": 963, "walkingSeconds": 693, "band": 15}, {"stopCode": 59, "lines": "2", "name": "Wilburton Station", "walkingMeters": 1319, "walkingSeconds": 951, "band": 15}]}, "geometry": {"type": "Point", "coordinates": [-122.1929528, 47.6149201]}}, {"type": "Feature", "properties": {"id": "fc713f0e-443e-4e4d-b430-1f1db500c54b", "name": "CopalBellevue", "category": "attraction", "tags": ["attraction", "landmark", "historical", "building"], "sources": ["overture"], "phone": "+18446297584", "address": "13166 NE 15th Street", "stations": [{"stopCode": 58, "lines": "2", "name": "Bellevue Downtown Station", "walkingMeters": 894, "walkingSeconds": 644, "band": 10}]}, "geometry": {"type": "Point", "coordinates": [-122.1990128, 47.6171989]}}, {"type": "Feature", "properties": {"id": "1575fdff-8106-4082-a071-d2610f8f96bf", "name": "Bellevue Towers", "category": "attraction", "tags": ["attraction", "landmark", "historical", "building"], "sources": ["overture"], "website": "http://www.bellevuetowers.com/", "phone": "+14257326180", "address": "500 106th Ave NE", "stations": [{"stopCode": 58, "lines": "2", "name": "Bellevue Downtown Station", "walkingMeters": 827, "walkingSeconds": 594, "band": 10}, {"stopCode": 57, "lines": "2", "name": "East Main Station", "walkingMeters": 1211, "walkingSeconds": 871, "band": 15}]}, "geometry": {"type": "Point", "coordinates": [-122.1980743, 47.6142616]}}, {"type": "Feature", "properties": {"id": "b54af138-0732-4187-97ad-835d893a07b3", "name": "Washington Square Tower", "category": "attraction", "tags": ["attraction", "landmark", "historical", "building"], "sources": ["overture"], "website": "http://washingtonsquareliving.com", "phone": "+14254624747", "address": "10610 NE 9th Pl", "stations": [{"stopCode": 58, "lines": "2", "name": "Bellevue Downtown Station", "walkingMeters": 1075, "walkingSeconds": 775, "band": 15}, {"stopCode": 59, "lines": "2", "name": "Wilburton Station", "walkingMeters": 1262, "walkingSeconds": 907, "band": 15}]}, "geometry": {"type": "Point", "coordinates": [-122.198494, 47.6188431]}}, {"type": "Feature", "properties": {"id": "8aacb2fc-14a1-4b7c-bd4b-b0c4deee8650", "name": "Ashton Bellevue", "category": "attraction", "tags": ["attraction", "landmark", "historical", "building"], "sources": ["overture"], "website": "http://www.udr.com/seattle-apartments/bellevue/ashton-bellevue/", "phone": "+14252648491", "address": "10710 NE 10th St", "stations": [{"stopCode": 58, "lines": "2", "name": "Bellevue Downtown Station", "walkingMeters": 992, "walkingSeconds": 715, "band": 15}, {"stopCode": 59, "lines": "2", "name": "Wilburton Station", "walkingMeters": 1159, "walkingSeconds": 835, "band": 15}]}, "geometry": {"type": "Point", "coordinates": [-122.196991, 47.6195183]}}, {"type": "Feature", "properties": {"id": "f09a6b63-6b53-4613-91e3-c104e640dfbc", "name": "888 Bellevue", "category": "attraction", "tags": ["attraction", "landmark", "historical", "building"], "sources": ["overture"], "website": "http://www.888bellevue.com/", "phone": "+14254508880", "address": "888 108th Ave NE", "stations": [{"stopCode": 58, "lines": "2", "name": "Bellevue Downtown Station", "walkingMeters": 831, "walkingSeconds": 598, "band": 10}, {"stopCode": 59, "lines": "2", "name": "Wilburton Station", "walkingMeters": 1143, "walkingSeconds": 822, "band": 15}]}, "geometry": {"type": "Point", "coordinates": [-122.1961441, 47.6185265]}}, {"type": "Feature", "properties": {"id": "0bd22402-15d8-4bb9-a2d9-31d597c96f56", "name": "Limestone Court Apartments", "category": "attraction", "tags": ["attraction", "landmark", "historical", "building"], "sources": ["overture"], "website": "https://prometheusapartments.com/seattle-apartments/seattle-bellevue-kirkland/limestone-court", "phone": "+12062850243", "address": "900 108th Ave NE", "stations": [{"stopCode": 58, "lines": "2", "name": "Bellevue Downtown Station", "walkingMeters": 882, "walkingSeconds": 634, "band": 10}, {"stopCode": 59, "lines": "2", "name": "Wilburton Station", "walkingMeters": 1093, "walkingSeconds": 785, "band": 15}]}, "geometry": {"type": "Point", "coordinates": [-122.196167, 47.6189842]}}, {"type": "Feature", "properties": {"id": "bd9453c5-127d-4718-8459-4f226bb4cff2", "name": "Seattle Wasa International Art Center", "category": "museum", "tags": ["museum"], "sources": ["overture"], "phone": "4256889999", "address": "500 108th Ave NE", "stations": [{"stopCode": 58, "lines": "2", "name": "Bellevue Downtown Station", "walkingMeters": 362, "walkingSeconds": 270, "band": 5}, {"stopCode": 57, "lines": "2", "name": "East Main Station", "walkingMeters": 1068, "walkingSeconds": 797, "band": 15}, {"stopCode": 59, "lines": "2", "name": "Wilburton Station", "walkingMeters": 1251, "walkingSeconds": 934, "band": 15}]}, "geometry": {"type": "Point", "coordinates": [-122.1957626, 47.6148872]}}, {"type": "Feature", "properties": {"id": "c5d8d142-a687-4f04-9473-a26bc938b951", "name": "Stokely Apartments - Bellevue, WA", "category": "attraction", "tags": ["attraction", "landmark", "historical", "building"], "sources": ["overture"], "website": "http://www.livestokely.com/", "phone": "+14253727288", "address": "10961 NE 2nd Pl", "stations": [{"stopCode": 58, "lines": "2", "name": "Bellevue Downtown Station", "walkingMeters": 482, "walkingSeconds": 360, "band": 10}, {"stopCode": 57, "lines": "2", "name": "East Main Station", "walkingMeters": 669, "walkingSeconds": 499, "band": 10}]}, "geometry": {"type": "Point", "coordinates": [-122.1943893, 47.6122704]}}, {"type": "Feature", "properties": {"id": "fcfbe17c-e530-41d6-a191-fa65b49587f8", "name": "Bellevue Pacific Tower", "category": "attraction", "tags": ["attraction", "landmark", "historical", "building"], "sources": ["overture"], "website": "http://www.bellevuepacifictower.com", "phone": "+14254620025", "address": "177 107th Ave NE", "stations": [{"stopCode": 57, "lines": "2", "name": "East Main Station", "walkingMeters": 903, "walkingSeconds": 650, "band": 15}, {"stopCode": 58, "lines": "2", "name": "Bellevue Downtown Station", "walkingMeters": 978, "walkingSeconds": 703, "band": 10}]}, "geometry": {"type": "Point", "coordinates": [-122.1976929, 47.611599]}}, {"type": "Feature", "properties": {"id": "13c363cf-58c3-44d8-b34d-f87447dab583", "name": "Soma Towers", "category": "attraction", "tags": ["attraction", "landmark", "historical", "building"], "sources": ["overture"], "website": "https://www.instagram.com/everlyon401/", "phone": "+14254670288", "address": "288 106th Ave NE", "stations": [{"stopCode": 58, "lines": "2", "name": "Bellevue Downtown Station", "walkingMeters": 937, "walkingSeconds": 674, "band": 10}, {"stopCode": 57, "lines": "2", "name": "East Main Station", "walkingMeters": 1046, "walkingSeconds": 752, "band": 15}]}, "geometry": {"type": "Point", "coordinates": [-122.1984711, 47.6126747]}}, {"type": "Feature", "properties": {"id": "3fbd8078-3d53-4217-ba28-31dd55c70ad9", "name": "Pacific Inn Apartments", "category": "attraction", "tags": ["attraction", "landmark", "historical", "building"], "sources": ["overture"], "website": "https://www.pacific-inn.com/#contact_section", "phone": "+14256888001", "address": "225 112th Ave NE", "stations": [{"stopCode": 58, "lines": "2", "name": "Bellevue Downtown Station", "walkingMeters": 397, "walkingSeconds": 286, "band": 5}, {"stopCode": 57, "lines": "2", "name": "East Main Station", "walkingMeters": 520, "walkingSeconds": 375, "band": 10}, {"stopCode": 59, "lines": "2", "name": "Wilburton Station", "walkingMeters": 1277, "walkingSeconds": 921, "band": 15}]}, "geometry": {"type": "Point", "coordinates": [-122.1910629, 47.6127167]}}, {"type": "Feature", "properties": {"id": "bd668520-dac4-4b7c-8630-e4975df8bb4b", "name": "Pacific Northwest Art Laboratory", "category": "gallery", "tags": ["gallery", "art"], "sources": ["overture"], "website": "http://pnw-art-lab.com/", "phone": "+14254547247", "address": "123 112th Ave NE", "stations": [{"stopCode": 57, "lines": "2", "name": "East Main Station", "walkingMeters": 473, "walkingSeconds": 353, "band": 5}, {"stopCode": 58, "lines": "2", "name": "Bellevue Downtown Station", "walkingMeters": 551, "walkingSeconds": 411, "band": 10}]}, "geometry": {"type": "Point", "coordinates": [-122.191185, 47.6114578]}}, {"type": "Feature", "properties": {"id": "0a432a5d-4f7e-452d-81aa-2b8e4502ac35", "name": "Metro 112 Apartments", "category": "attraction", "tags": ["attraction", "landmark", "historical", "building"], "sources": ["overture"], "website": "https://www.rentmetro112.com/", "phone": "+14256576406", "address": "317 112th Ave NE, NE 4th St", "stations": [{"stopCode": 58, "lines": "2", "name": "Bellevue Downtown Station", "walkingMeters": 417, "walkingSeconds": 300, "band": 5}, {"stopCode": 57, "lines": "2", "name": "East Main Station", "walkingMeters": 589, "walkingSeconds": 424, "band": 10}, {"stopCode": 59, "lines": "2", "name": "Wilburton Station", "walkingMeters": 1296, "walkingSeconds": 935, "band": 15}]}, "geometry": {"type": "Point", "coordinates": [-122.191246, 47.6132774]}}, {"type": "Feature", "properties": {"id": "f6197370-72ae-4a8f-8557-dd234b524252", "name": "The Baxter", "category": "attraction", "tags": ["attraction", "landmark", "historical", "building"], "sources": ["overture"], "website": "http://www.liveatthebaxter.com/", "phone": "+14256573446", "address": "11115 NE 2nd St", "stations": [{"stopCode": 58, "lines": "2", "name": "Bellevue Downtown Station", "walkingMeters": 490, "walkingSeconds": 366, "band": 10}, {"stopCode": 57, "lines": "2", "name": "East Main Station", "walkingMeters": 531, "walkingSeconds": 396, "band": 10}, {"stopCode": 59, "lines": "2", "name": "Wilburton Station", "walkingMeters": 1176, "walkingSeconds": 878, "band": 15}]}, "geometry": {"type": "Point", "coordinates": [-122.1917038, 47.6118431]}}, {"type": "Feature", "properties": {"id": "e6415435-186e-4eb3-b12b-4e86709459d0", "name": "Abella Condos", "category": "attraction", "tags": ["attraction", "landmark", "historical", "building"], "sources": ["overture"], "website": "http://www.theabella.com/", "phone": "+14255295563", "address": "300 110th Ave NE", "stations": [{"stopCode": 58, "lines": "2", "name": "Bellevue Downtown Station", "walkingMeters": 488, "walkingSeconds": 351, "band": 5}, {"stopCode": 57, "lines": "2", "name": "East Main Station", "walkingMeters": 740, "walkingSeconds": 533, "band": 10}, {"stopCode": 59, "lines": "2", "name": "Wilburton Station", "walkingMeters": 1372, "walkingSeconds": 987, "band": 15}]}, "geometry": {"type": "Point", "coordinates": [-122.1933899, 47.6132813]}}, {"type": "Feature", "properties": {"id": "3a843bad-0fc4-49f1-9479-cd2e117229b1", "name": "Grace Collections", "category": "gallery", "tags": ["gallery", "art"], "sources": ["overture"], "website": "http://gcggalleries.com/", "phone": "+14256336253", "address": "11111 NE 8th St", "stations": [{"stopCode": 58, "lines": "2", "name": "Bellevue Downtown Station", "walkingMeters": 238, "walkingSeconds": 178, "band": 5}, {"stopCode": 59, "lines": "2", "name": "Wilburton Station", "walkingMeters": 856, "walkingSeconds": 639, "band": 10}, {"stopCode": 57, "lines": "2", "name": "East Main Station", "walkingMeters": 1259, "walkingSeconds": 940, "band": 15}]}, "geometry": {"type": "Point", "coordinates": [-122.1923904, 47.6168594]}}, {"type": "Feature", "properties": {"id": "7f307464-7e0b-4dc5-82a9-64b789481594", "name": "Alley 111 Apartments", "category": "attraction", "tags": ["attraction", "landmark", "historical", "building"], "sources": ["overture"], "website": "https://www.alley111.com/", "phone": "+18339382997", "address": "11011 NE 9th St", "stations": [{"stopCode": 58, "lines": "2", "name": "Bellevue Downtown Station", "walkingMeters": 466, "walkingSeconds": 335, "band": 10}, {"stopCode": 59, "lines": "2", "name": "Wilburton Station", "walkingMeters": 860, "walkingSeconds": 618, "band": 10}, {"stopCode": 57, "lines": "2", "name": "East Main Station", "walkingMeters": 1159, "walkingSeconds": 834, "band": 15}]}, "geometry": {"type": "Point", "coordinates": [-122.1923218, 47.6176796]}}, {"type": "Feature", "properties": {"id": "d4d785bf-767b-4887-9c58-d93946072e96", "name": "Elements Apartments", "category": "attraction", "tags": ["attraction", "landmark", "historical", "building"], "sources": ["overture"], "website": "http://www.udr.com/", "phone": "+14254742904", "address": "958 111th Ave NE", "stations": [{"stopCode": 58, "lines": "2", "name": "Bellevue Downtown Station", "walkingMeters": 538, "walkingSeconds": 387, "band": 10}, {"stopCode": 59, "lines": "2", "name": "Wilburton Station", "walkingMeters": 772, "walkingSeconds": 555, "band": 10}]}, "geometry": {"type": "Point", "coordinates": [-122.1915741, 47.6185341]}}, {"type": "Feature", "properties": {"id": "6205fc47-298e-4dc8-9de4-ecefda46d69f", "name": "Avalon Bellevue", "category": "attraction", "tags": ["attraction", "landmark", "historical", "building"], "sources": ["overture"], "website": "https://www.avaloncommunities.com/washington/bellevue-apartments/avalon-bellevue?utm_source=gmb&utm_medium=organic&utm_campaign=gmblist", "phone": "+14252140725", "address": "11000 NE 10th St", "stations": [{"stopCode": 58, "lines": "2", "name": "Bellevue Downtown Station", "walkingMeters": 763, "walkingSeconds": 549, "band": 10}, {"stopCode": 59, "lines": "2", "name": "Wilburton Station", "walkingMeters": 897, "walkingSeconds": 644, "band": 15}]}, "geometry": {"type": "Point", "coordinates": [-122.1928711, 47.6196899]}}, {"type": "Feature", "properties": {"id": "ece5fd27-5d18-4079-ae1d-84e8ed8e6e16", "name": "City Square Bellevue Apartments", "category": "attraction", "tags": ["attraction", "landmark", "historical", "building"], "sources": ["overture"], "website": "http://www.equityapartments.com/seattle/downtown-bellevue/city-square-bellevue-apartments", "phone": "+14252014600", "address": "938 110th Ave NE", "stations": [{"stopCode": 58, "lines": "2", "name": "Bellevue Downtown Station", "walkingMeters": 618, "walkingSeconds": 445, "band": 10}, {"stopCode": 59, "lines": "2", "name": "Wilburton Station", "walkingMeters": 939, "walkingSeconds": 675, "band": 15}]}, "geometry": {"type": "Point", "coordinates": [-122.193367, 47.6185188]}}, {"type": "Feature", "properties": {"id": "4c0a5de0-58fd-44c3-8066-0b46b3e23dca", "name": "Gis Plaza", "category": "attraction", "tags": ["attraction", "landmark", "historical", "building"], "sources": ["overture"], "website": "http://www.gisplaza.com/", "phone": "+12069198665", "address": "999 110th Ave NE", "stations": [{"stopCode": 58, "lines": "2", "name": "Bellevue Downtown Station", "walkingMeters": 744, "walkingSeconds": 540, "band": 10}, {"stopCode": 59, "lines": "2", "name": "Wilburton Station", "walkingMeters": 902, "walkingSeconds": 648, "band": 15}]}, "geometry": {"type": "Point", "coordinates": [-122.1940002, 47.619175]}}, {"type": "Feature", "properties": {"id": "38c82b77-1424-4967-b494-7afb5429c9c9", "name": "Ashwood Park", "category": "park", "tags": ["park"], "sources": ["overture"], "phone": "+14254526885", "address": "10820 NE 10th St", "stations": [{"stopCode": 58, "lines": "2", "name": "Bellevue Downtown Station", "walkingMeters": 885, "walkingSeconds": 637, "band": 10}, {"stopCode": 59, "lines": "2", "name": "Wilburton Station", "walkingMeters": 1039, "walkingSeconds": 749, "band": 15}]}, "geometry": {"type": "Point", "coordinates": [-122.1952591, 47.6199722]}}, {"type": "Feature", "properties": {"id": "650dffc6-7b17-4d79-877a-1152cfce5e50", "name": "La Push Second Beach", "category": "park", "tags": ["park"], "sources": ["overture"], "address": "La Push 2 Bch", "stations": [{"stopCode": 57, "lines": "2", "name": "East Main Station", "walkingMeters": 656, "walkingSeconds": 471, "band": 10}, {"stopCode": 58, "lines": "2", "name": "Bellevue Downtown Station", "walkingMeters": 1003, "walkingSeconds": 725, "band": 10}]}, "geometry": {"type": "Point", "coordinates": [-122.1959152, 47.6103287]}}, {"type": "Feature", "properties": {"id": "f3071653-1291-4795-8a7f-2d683634b3b7", "name": "Bellevue Parks & Community Service", "category": "park", "tags": ["park"], "sources": ["overture"], "website": "https://bellevuewa.gov/city-government/departments/parks/community-centers/crossroads", "phone": "(425) 452-6881", "address": "11511 Main St", "stations": [{"stopCode": 58, "lines": "2", "name": "Bellevue Downtown Station", "walkingMeters": 384, "walkingSeconds": 276, "band": 5}, {"stopCode": 57, "lines": "2", "name": "East Main Station", "walkingMeters": 874, "walkingSeconds": 629, "band": 15}, {"stopCode": 59, "lines": "2", "name": "Wilburton Station", "walkingMeters": 1268, "walkingSeconds": 912, "band": 15}]}, "geometry": {"type": "Point", "coordinates": [-122.193306, 47.6142159]}}, {"type": "Feature", "properties": {"id": 347030486, "name": "Seattle Marriott Bellevue", "category": "hotel", "tags": ["hotel", "has-bar", "air-conditioned", "wifi"], "sources": ["osm", "overture"], "website": "https://www.marriott.com/en-us/hotels/seamb-seattle-marriott-bellevue/overview/", "phone": "+14252147600", "address": "200 110th Ave NE", "stations": [{"stopCode": 58, "lines": "2", "name": "Bellevue Downtown Station", "walkingMeters": 503, "walkingSeconds": 362, "band": 5}, {"stopCode": 57, "lines": "2", "name": "East Main Station", "walkingMeters": 678, "walkingSeconds": 488, "band": 10}, {"stopCode": 59, "lines": "2", "name": "Wilburton Station", "walkingMeters": 1382, "walkingSeconds": 997, "band": 15}]}, "geometry": {"type": "Point", "coordinates": [-122.1929608, 47.6127147]}}, {"type": "Feature", "properties": {"id": 604028597, "name": "Hilton Garden Inn Seattle Bellevue Downtown", "category": "hotel", "tags": ["hotel", "has-bar", "pool", "gym"], "sources": ["osm", "overture"], "website": "http://www.seattlebellevuedowntown.hgi.com/", "phone": "+14254540070", "address": "10777 NE 10th St", "stations": [{"stopCode": 58, "lines": "2", "name": "Bellevue Downtown Station", "walkingMeters": 890, "walkingSeconds": 640, "band": 10}, {"stopCode": 59, "lines": "2", "name": "Wilburton Station", "walkingMeters": 1123, "walkingSeconds": 807, "band": 15}]}, "geometry": {"type": "Point", "coordinates": [-122.1968752, 47.6188833]}}, {"type": "Feature", "properties": {"id": 778809402, "name": "AC Hotel by Marriott Seattle Bellevue/Downtown", "category": "hotel", "tags": ["hotel", "wifi"], "sources": ["osm"], "website": "https://www.marriott.com/hotels/travel/seaar-ac-hotel-seattle-bellevue-downtown/", "phone": "+1-425-625-2450", "address": "208 106th Place Northeast", "stations": [{"stopCode": 58, "lines": "2", "name": "Bellevue Downtown Station", "walkingMeters": 933, "walkingSeconds": 671, "band": 10}, {"stopCode": 57, "lines": "2", "name": "East Main Station", "walkingMeters": 956, "walkingSeconds": 687, "band": 15}]}, "geometry": {"type": "Point", "coordinates": [-122.1979032, 47.612336]}}, {"type": "Feature", "properties": {"id": "38fb160d-178a-4783-b42b-94600dbc0d2d", "name": "Kasa Bellevue Seattle", "category": "hotel", "tags": ["hotel"], "sources": ["overture"], "website": "https://www.kasa.com/properties/kasa-bellevue-seattle?utm_source=Google&utm_medium=nonpaid&utm_campaign=GMB&utm_term=VisitHotelWebsiteButton&utm_content=LIM", "phone": "4252306606", "address": "900 108th Ave NE", "stations": [{"stopCode": 58, "lines": "2", "name": "Bellevue Downtown Station", "walkingMeters": 898, "walkingSeconds": 646, "band": 10}, {"stopCode": 59, "lines": "2", "name": "Wilburton Station", "walkingMeters": 1091, "walkingSeconds": 784, "band": 15}]}, "geometry": {"type": "Point", "coordinates": [-122.1963272, 47.619072]}}, {"type": "Feature", "properties": {"id": "ea2037de-cd6c-4f3a-87a0-798c5f49526d", "name": "Bellevue", "category": "hotel", "tags": ["hotel", "resort"], "sources": ["overture"], "website": "http://www.perkinscoie.com/en/offices/bellevue.html", "phone": "4256351400", "address": "10885 NE 4th St Ste 700", "stations": [{"stopCode": 58, "lines": "2", "name": "Bellevue Downtown Station", "walkingMeters": 540, "walkingSeconds": 388, "band": 5}, {"stopCode": 57, "lines": "2", "name": "East Main Station", "walkingMeters": 882, "walkingSeconds": 634, "band": 15}]}, "geometry": {"type": "Point", "coordinates": [-122.1948242, 47.6137314]}}, {"type": "Feature", "properties": {"id": "36f5720c-d1f3-4016-a219-b4d028a5ffb4", "name": "AC Hotel Seattle Bellevue/Downtown", "category": "hotel", "tags": ["hotel"], "sources": ["overture"], "website": "https://www.marriott.com/en-us/hotels/seaar-ac-hotel-seattle-bellevue-downtown/overview/?scid=d2406702-e8ea-4b45-bb9b-69cddaaef03d", "phone": "+14256252450", "address": "208 106th Pl NE", "stations": [{"stopCode": 58, "lines": "2", "name": "Bellevue Downtown Station", "walkingMeters": 691, "walkingSeconds": 516, "band": 10}, {"stopCode": 57, "lines": "2", "name": "East Main Station", "walkingMeters": 873, "walkingSeconds": 651, "band": 15}]}, "geometry": {"type": "Point", "coordinates": [-122.1977005, 47.6123085]}}, {"type": "Feature", "properties": {"id": "2b51cdcb-5b09-4bf6-b73c-c2547d22f22c", "name": "Courtyard by Marriott Seattle Bellevue/Downtown", "category": "hotel", "tags": ["hotel"], "sources": ["overture"], "website": "https://www.marriott.com/en-us/hotels/bvudt-courtyard-seattle-bellevue-downtown/overview/?scid=d2406702-e8ea-4b45-bb9b-69cddaaef03d", "phone": "+14254545888", "address": "11010 NE 8th St", "stations": [{"stopCode": 58, "lines": "2", "name": "Bellevue Downtown Station", "walkingMeters": 534, "walkingSeconds": 384, "band": 5}, {"stopCode": 59, "lines": "2", "name": "Wilburton Station", "walkingMeters": 943, "walkingSeconds": 678, "band": 15}]}, "geometry": {"type": "Point", "coordinates": [-122.1933594, 47.6176414]}}, {"type": "Feature", "properties": {"id": 395165929, "name": "IGSM Wireless", "category": "mobile_phone", "tags": ["mobile-phone"], "sources": ["osm"], "address": "10616 Main Street", "stations": [{"stopCode": 57, "lines": "2", "name": "East Main Station", "walkingMeters": 776, "walkingSeconds": 557, "band": 10}, {"stopCode": 58, "lines": "2", "name": "Bellevue Downtown Station", "walkingMeters": 1183, "walkingSeconds": 851, "band": 15}]}, "geometry": {"type": "Point", "coordinates": [-122.1981153, 47.6104874]}}, {"type": "Feature", "properties": {"id": "00fa2539-cc6c-4b42-81ec-d77dbcc2b242", "name": "Barnes & Noble", "category": "books", "tags": ["books"], "sources": ["overture"], "website": "http://bn.com", "phone": "(425) 451-8463", "address": "626 106th Ave NE", "stations": [{"stopCode": 58, "lines": "2", "name": "Bellevue Downtown Station", "walkingMeters": 781, "walkingSeconds": 563, "band": 10}]}, "geometry": {"type": "Point", "coordinates": [-122.1980057, 47.6165161]}}, {"type": "Feature", "properties": {"id": 1132416946, "name": "Sweet Serenity", "category": "florist", "tags": ["florist"], "sources": ["osm"], "website": "https://sweetserenity.store", "stations": [{"stopCode": 58, "lines": "2", "name": "Bellevue Downtown Station", "walkingMeters": 580, "walkingSeconds": 418, "band": 10}, {"stopCode": 59, "lines": "2", "name": "Wilburton Station", "walkingMeters": 1316, "walkingSeconds": 948, "band": 15}]}, "geometry": {"type": "Point", "coordinates": [-122.1965809, 47.616137]}}, {"type": "Feature", "properties": {"id": 1148149211, "name": "Lawrence the Florist", "category": "florist", "tags": ["florist"], "sources": ["osm"], "website": "https://www.lawrencetheflorist.com", "address": "989 112th Ave NE", "stations": [{"stopCode": 58, "lines": "2", "name": "Bellevue Downtown Station", "walkingMeters": 586, "walkingSeconds": 422, "band": 10}, {"stopCode": 59, "lines": "2", "name": "Wilburton Station", "walkingMeters": 779, "walkingSeconds": 560, "band": 10}]}, "geometry": {"type": "Point", "coordinates": [-122.1917921, 47.6190518]}}, {"type": "Feature", "properties": {"id": 5327687006, "name": "Lawrence the Florist", "category": "florist", "tags": ["florist"], "sources": ["osm", "overture"], "website": "http://www.lawrencetheflorist.com", "phone": "(425) 454-6622", "address": "224 105th Ave NE", "stations": [{"stopCode": 58, "lines": "2", "name": "Bellevue Downtown Station", "walkingMeters": 1032, "walkingSeconds": 744, "band": 15}, {"stopCode": 57, "lines": "2", "name": "East Main Station", "walkingMeters": 1136, "walkingSeconds": 819, "band": 15}]}, "geometry": {"type": "Point", "coordinates": [-122.1999133, 47.6127028]}}, {"type": "Feature", "properties": {"id": 1202398697, "name": "Herm\u00e8s", "category": "clothes", "tags": ["clothes"], "sources": ["osm"], "phone": "+1-425-467-0500", "address": "11111 Northeast 8th Street", "stations": [{"stopCode": 58, "lines": "2", "name": "Bellevue Downtown Station", "walkingMeters": 393, "walkingSeconds": 283, "band": 5}, {"stopCode": 59, "lines": "2", "name": "Wilburton Station", "walkingMeters": 846, "walkingSeconds": 608, "band": 10}, {"stopCode": 57, "lines": "2", "name": "East Main Station", "walkingMeters": 1086, "walkingSeconds": 782, "band": 15}]}, "geometry": {"type": "Point", "coordinates": [-122.1919712, 47.6170951]}}, {"type": "Feature", "properties": {"id": 1202398723, "name": "Louis Vuitton", "category": "clothes", "tags": ["clothes"], "sources": ["osm"], "stations": [{"stopCode": 58, "lines": "2", "name": "Bellevue Downtown Station", "walkingMeters": 448, "walkingSeconds": 322, "band": 5}, {"stopCode": 59, "lines": "2", "name": "Wilburton Station", "walkingMeters": 900, "walkingSeconds": 648, "band": 10}, {"stopCode": 57, "lines": "2", "name": "East Main Station", "walkingMeters": 1141, "walkingSeconds": 821, "band": 15}]}, "geometry": {"type": "Point", "coordinates": [-122.1921936, 47.6167947]}}, {"type": "Feature", "properties": {"id": "acb021e1-447c-4c3f-9c94-8a17a566cc0b", "name": "Tobacco Patch", "category": "tobacco", "tags": ["tobacco"], "sources": ["overture"], "website": "http://tobaccopatch.com", "phone": "+14254624427", "address": "10623 NE 8th St", "stations": [{"stopCode": 58, "lines": "2", "name": "Bellevue Downtown Station", "walkingMeters": 822, "walkingSeconds": 592, "band": 10}, {"stopCode": 59, "lines": "2", "name": "Wilburton Station", "walkingMeters": 1323, "walkingSeconds": 951, "band": 15}]}, "geometry": {"type": "Point", "coordinates": [-122.1983109, 47.6170349]}}, {"type": "Feature", "properties": {"id": 4919162857, "name": "H Mart", "category": "supermarket", "tags": ["supermarket", "asian"], "sources": ["osm"], "phone": "+1-425-990-8000", "stations": [{"stopCode": 57, "lines": "2", "name": "East Main Station", "walkingMeters": 703, "walkingSeconds": 505, "band": 10}, {"stopCode": 58, "lines": "2", "name": "Bellevue Downtown Station", "walkingMeters": 888, "walkingSeconds": 642, "band": 10}]}, "geometry": {"type": "Point", "coordinates": [-122.195852, 47.611351]}}, {"type": "Feature", "properties": {"id": 12074329194, "name": "Men's Wearhouse", "category": "clothes", "tags": ["clothes", "mens"], "sources": ["osm", "overture"], "website": "https://www.menswearhouse.com/store-locator/2684", "phone": "+14254536014", "address": "550 106th Ave NE", "stations": [{"stopCode": 58, "lines": "2", "name": "Bellevue Downtown Station", "walkingMeters": 812, "walkingSeconds": 585, "band": 10}]}, "geometry": {"type": "Point", "coordinates": [-122.1986307, 47.6148324]}}, {"type": "Feature", "properties": {"id": 5833613058, "name": "Diva Lani", "category": "clothes", "tags": ["clothes"], "sources": ["osm"], "website": "http://divalani.com", "address": "11000 Northeast 10th Street", "stations": [{"stopCode": 58, "lines": "2", "name": "Bellevue Downtown Station", "walkingMeters": 681, "walkingSeconds": 490, "band": 10}, {"stopCode": 59, "lines": "2", "name": "Wilburton Station", "walkingMeters": 801, "walkingSeconds": 576, "band": 10}]}, "geometry": {"type": "Point", "coordinates": [-122.1924254, 47.6195042]}}, {"type": "Feature", "properties": {"id": 3418556394, "name": "Tienda La Mexicana", "category": "convenience", "tags": ["convenience"], "sources": ["osm"], "address": "108 106th Avenue Northeast", "stations": [{"stopCode": 57, "lines": "2", "name": "East Main Station", "walkingMeters": 796, "walkingSeconds": 572, "band": 15}, {"stopCode": 58, "lines": "2", "name": "Bellevue Downtown Station", "walkingMeters": 1214, "walkingSeconds": 877, "band": 15}]}, "geometry": {"type": "Point", "coordinates": [-122.1984806, 47.6105055]}}, {"type": "Feature", "properties": {"id": 3579614693, "name": "The Corner Book Shop", "category": "books", "tags": ["books"], "sources": ["osm"], "stations": [{"stopCode": 58, "lines": "2", "name": "Bellevue Downtown Station", "walkingMeters": 818, "walkingSeconds": 594, "band": 10}, {"stopCode": 59, "lines": "2", "name": "Wilburton Station", "walkingMeters": 966, "walkingSeconds": 694, "band": 15}]}, "geometry": {"type": "Point", "coordinates": [-122.1938877, 47.619978]}}, {"type": "Feature", "properties": {"id": "cd0cfea2-cea5-4ce7-9644-a1adb86a62c1", "name": "Petsmart", "category": "pet", "tags": ["pet"], "sources": ["overture"], "website": "https://www.petsmart.com", "phone": "14254541054", "address": "100 108th Ave NE", "stations": [{"stopCode": 57, "lines": "2", "name": "East Main Station", "walkingMeters": 621, "walkingSeconds": 446, "band": 10}, {"stopCode": 58, "lines": "2", "name": "Bellevue Downtown Station", "walkingMeters": 902, "walkingSeconds": 653, "band": 10}]}, "geometry": {"type": "Point", "coordinates": [-122.195343, 47.6112938]}}, {"type": "Feature", "properties": {"id": 3888634158, "name": "Wolford", "category": "clothes", "tags": ["clothes"], "sources": ["osm"], "stations": [{"stopCode": 58, "lines": "2", "name": "Bellevue Downtown Station", "walkingMeters": 446, "walkingSeconds": 320, "band": 5}, {"stopCode": 59, "lines": "2", "name": "Wilburton Station", "walkingMeters": 984, "walkingSeconds": 708, "band": 15}, {"stopCode": 57, "lines": "2", "name": "East Main Station", "walkingMeters": 1142, "walkingSeconds": 822, "band": 15}]}, "geometry": {"type": "Point", "coordinates": [-122.1929494, 47.6165006]}}, {"type": "Feature", "properties": {"id": "8b3a7185-d953-45f8-89d7-85947c85c2bb", "name": "Wolford", "category": "clothes", "tags": ["clothes", "womens"], "sources": ["overture"], "phone": "+14256796855", "address": "700 110th Ave Ne Ste 162", "stations": [{"stopCode": 57, "lines": "2", "name": "East Main Station", "walkingMeters": 499, "walkingSeconds": 372, "band": 10}, {"stopCode": 58, "lines": "2", "name": "Bellevue Downtown Station", "walkingMeters": 568, "walkingSeconds": 424, "band": 10}]}, "geometry": {"type": "Point", "coordinates": [-122.193161, 47.6113625]}}, {"type": "Feature", "properties": {"id": 3888634161, "name": "Salvatore Ferragamo", "category": "shoes", "tags": ["shoes"], "sources": ["osm"], "stations": [{"stopCode": 58, "lines": "2", "name": "Bellevue Downtown Station", "walkingMeters": 422, "walkingSeconds": 304, "band": 5}, {"stopCode": 59, "lines": "2", "name": "Wilburton Station", "walkingMeters": 874, "walkingSeconds": 629, "band": 10}, {"stopCode": 57, "lines": "2", "name": "East Main Station", "walkingMeters": 1115, "walkingSeconds": 803, "band": 15}]}, "geometry": {"type": "Point", "coordinates": [-122.1918538, 47.6167907]}}, {"type": "Feature", "properties": {"id": 3888634162, "name": "Jimmy Choo", "category": "shoes", "tags": ["shoes", "shoe"], "sources": ["osm", "overture"], "website": "http://www.jimmychoo.com", "phone": "(425) 646-1111", "address": "11111 NE 8th St Ste 135", "stations": [{"stopCode": 58, "lines": "2", "name": "Bellevue Downtown Station", "walkingMeters": 434, "walkingSeconds": 312, "band": 5}, {"stopCode": 59, "lines": "2", "name": "Wilburton Station", "walkingMeters": 886, "walkingSeconds": 638, "band": 10}, {"stopCode": 57, "lines": "2", "name": "East Main Station", "walkingMeters": 1127, "walkingSeconds": 812, "band": 15}]}, "geometry": {"type": "Point", "coordinates": [-122.192012, 47.6167948]}}, {"type": "Feature", "properties": {"id": 3888634163, "name": "Holly Zhang", "category": "jewelry", "tags": ["jewelry"], "sources": ["osm"], "stations": [{"stopCode": 58, "lines": "2", "name": "Bellevue Downtown Station", "walkingMeters": 448, "walkingSeconds": 322, "band": 5}, {"stopCode": 59, "lines": "2", "name": "Wilburton Station", "walkingMeters": 968, "walkingSeconds": 696, "band": 15}, {"stopCode": 57, "lines": "2", "name": "East Main Station", "walkingMeters": 1144, "walkingSeconds": 824, "band": 15}]}, "geometry": {"type": "Point", "coordinates": [-122.1928152, 47.6165793]}}, {"type": "Feature", "properties": {"id": 3888634165, "name": "David Lawrence", "category": "clothes", "tags": ["clothes", "mens"], "sources": ["osm", "overture"], "website": "http://www.david-lawrence.com/", "phone": "4256881669", "address": "700 110th Ave NE Ste 155", "stations": [{"stopCode": 58, "lines": "2", "name": "Bellevue Downtown Station", "walkingMeters": 407, "walkingSeconds": 292, "band": 5}, {"stopCode": 59, "lines": "2", "name": "Wilburton Station", "walkingMeters": 1023, "walkingSeconds": 736, "band": 15}, {"stopCode": 57, "lines": "2", "name": "East Main Station", "walkingMeters": 1103, "walkingSeconds": 794, "band": 15}]}, "geometry": {"type": "Point", "coordinates": [-122.1928918, 47.6161705]}}, {"type": "Feature", "properties": {"id": "1f4ccb1a-bc59-4b6b-b658-bdab7efd6081", "name": "David Lawrence", "category": "clothes", "tags": ["clothes"], "sources": ["overture"], "website": "https://www.david-lawrence.com", "phone": "14256881669", "address": "700 110th Ave Ne  Ste 155", "stations": [{"stopCode": 57, "lines": "2", "name": "East Main Station", "walkingMeters": 499, "walkingSeconds": 372, "band": 10}, {"stopCode": 58, "lines": "2", "name": "Bellevue Downtown Station", "walkingMeters": 568, "walkingSeconds": 424, "band": 10}]}, "geometry": {"type": "Point", "coordinates": [-122.193161, 47.6113625]}}, {"type": "Feature", "properties": {"id": 3888634166, "name": "Tod's", "category": "shoes", "tags": ["shoes"], "sources": ["osm"], "stations": [{"stopCode": 58, "lines": "2", "name": "Bellevue Downtown Station", "walkingMeters": 393, "walkingSeconds": 282, "band": 5}, {"stopCode": 59, "lines": "2", "name": "Wilburton Station", "walkingMeters": 1038, "walkingSeconds": 747, "band": 15}, {"stopCode": 57, "lines": "2", "name": "East Main Station", "walkingMeters": 1089, "walkingSeconds": 783, "band": 15}]}, "geometry": {"type": "Point", "coordinates": [-122.192894, 47.6160421]}}, {"type": "Feature", "properties": {"id": 3888634167, "name": "Moncler", "category": "clothes", "tags": ["clothes"], "sources": ["osm", "overture"], "website": "https://www.moncler.com/en-us/storelocator/united-states-of-america/bellevue/700-110th-ave-ne", "phone": "+14256359012", "address": "700 110th Ave NE", "stations": [{"stopCode": 58, "lines": "2", "name": "Bellevue Downtown Station", "walkingMeters": 402, "walkingSeconds": 289, "band": 5}, {"stopCode": 59, "lines": "2", "name": "Wilburton Station", "walkingMeters": 1028, "walkingSeconds": 740, "band": 15}, {"stopCode": 57, "lines": "2", "name": "East Main Station", "walkingMeters": 1098, "walkingSeconds": 790, "band": 15}]}, "geometry": {"type": "Point", "coordinates": [-122.192894, 47.6161289]}}, {"type": "Feature", "properties": {"id": "9b41533e-50c1-4b33-950f-2b1842eea2c9", "name": "Moncler", "category": "clothes", "tags": ["clothes", "womens"], "sources": ["overture"], "phone": "+14256359012", "address": "700 110th Ave Ne Ste 5", "stations": [{"stopCode": 57, "lines": "2", "name": "East Main Station", "walkingMeters": 499, "walkingSeconds": 372, "band": 10}, {"stopCode": 58, "lines": "2", "name": "Bellevue Downtown Station", "walkingMeters": 568, "walkingSeconds": 424, "band": 10}]}, "geometry": {"type": "Point", "coordinates": [-122.193161, 47.6113625]}}, {"type": "Feature", "properties": {"id": 4190971185, "name": "Club Champion", "category": "sports", "tags": ["sports", "golf"], "sources": ["osm"], "address": "10622 Northeast 10th Street", "stations": [{"stopCode": 58, "lines": "2", "name": "Bellevue Downtown Station", "walkingMeters": 1100, "walkingSeconds": 793, "band": 15}]}, "geometry": {"type": "Point", "coordinates": [-122.198602, 47.6194333]}}, {"type": "Feature", "properties": {"id": "8f669d0b-4a6a-49b7-bb63-5651bcba884b", "name": "Amazon Go", "category": "convenience", "tags": ["convenience"], "sources": ["overture"], "website": "https://www.amazon.com/gostore?ref=ago_US_ACQ_ALL_ALL_PM_BFYBIN_AO_NP_IBF2", "phone": "8882804331", "address": "10819 4th St NE", "stations": [{"stopCode": 58, "lines": "2", "name": "Bellevue Downtown Station", "walkingMeters": 863, "walkingSeconds": 621, "band": 10}, {"stopCode": 57, "lines": "2", "name": "East Main Station", "walkingMeters": 1209, "walkingSeconds": 870, "band": 15}]}, "geometry": {"type": "Point", "coordinates": [-122.1972122, 47.6134338]}}, {"type": "Feature", "properties": {"id": 5235488526, "name": "Prada", "category": "clothes", "tags": ["clothes"], "sources": ["osm"], "stations": [{"stopCode": 58, "lines": "2", "name": "Bellevue Downtown Station", "walkingMeters": 476, "walkingSeconds": 342, "band": 5}, {"stopCode": 59, "lines": "2", "name": "Wilburton Station", "walkingMeters": 928, "walkingSeconds": 668, "band": 10}, {"stopCode": 57, "lines": "2", "name": "East Main Station", "walkingMeters": 1169, "walkingSeconds": 842, "band": 15}]}, "geometry": {"type": "Point", "coordinates": [-122.192467, 47.6167998]}}, {"type": "Feature", "properties": {"id": 5327686997, "name": "Vizanti Jewelry Design", "category": "jewelry", "tags": ["jewelry"], "sources": ["osm"], "stations": [{"stopCode": 58, "lines": "2", "name": "Bellevue Downtown Station", "walkingMeters": 945, "walkingSeconds": 679, "band": 10}, {"stopCode": 57, "lines": "2", "name": "East Main Station", "walkingMeters": 1138, "walkingSeconds": 820, "band": 15}]}, "geometry": {"type": "Point", "coordinates": [-122.1996752, 47.6131012]}}, {"type": "Feature", "properties": {"id": "14197ee7-2df1-4866-b171-2d4163267cae", "name": "Jnby", "category": "clothes", "tags": ["clothes", "womens"], "sources": ["overture"], "website": "https://www.jnby.us", "phone": "+14255982154", "address": "11111 Ne 8th St Ste 155", "stations": [{"stopCode": 58, "lines": "2", "name": "Bellevue Downtown Station", "walkingMeters": 179, "walkingSeconds": 134, "band": 5}, {"stopCode": 59, "lines": "2", "name": "Wilburton Station", "walkingMeters": 813, "walkingSeconds": 607, "band": 10}, {"stopCode": 57, "lines": "2", "name": "East Main Station", "walkingMeters": 1196, "walkingSeconds": 893, "band": 15}]}, "geometry": {"type": "Point", "coordinates": [-122.1917953, 47.6164474]}}, {"type": "Feature", "properties": {"id": 7658557693, "name": "Microsoft Store", "category": "electronics", "tags": ["electronics"], "sources": ["osm"], "address": "11025 Northeast 8th Street", "stations": [{"stopCode": 58, "lines": "2", "name": "Bellevue Downtown Station", "walkingMeters": 456, "walkingSeconds": 328, "band": 5}, {"stopCode": 59, "lines": "2", "name": "Wilburton Station", "walkingMeters": 909, "walkingSeconds": 654, "band": 10}, {"stopCode": 57, "lines": "2", "name": "East Main Station", "walkingMeters": 1149, "walkingSeconds": 828, "band": 15}]}, "geometry": {"type": "Point", "coordinates": [-122.1925997, 47.6170086]}}, {"type": "Feature", "properties": {"id": "6b772bf3-4f18-4a66-a9df-4c3a60fa5bd4", "name": "Max Mara", "category": "clothes", "tags": ["clothes", "womens"], "sources": ["overture"], "website": "maxmara.com", "phone": "14254540952", "address": "110 Bellevue Sq", "stations": [{"stopCode": 57, "lines": "2", "name": "East Main Station", "walkingMeters": 499, "walkingSeconds": 372, "band": 10}, {"stopCode": 58, "lines": "2", "name": "Bellevue Downtown Station", "walkingMeters": 568, "walkingSeconds": 424, "band": 10}]}, "geometry": {"type": "Point", "coordinates": [-122.193161, 47.6113625]}}, {"type": "Feature", "properties": {"id": "0cfc5b9b-9441-443b-bdef-139a8cef5d42", "name": "Lakeshore Learning Store", "category": "toys", "tags": ["toys"], "sources": ["overture"], "website": "http://lakeshorelearning.com", "phone": "(425) 462-8076", "address": "11027 NE 4th St", "stations": [{"stopCode": 58, "lines": "2", "name": "Bellevue Downtown Station", "walkingMeters": 423, "walkingSeconds": 304, "band": 5}, {"stopCode": 57, "lines": "2", "name": "East Main Station", "walkingMeters": 699, "walkingSeconds": 504, "band": 10}, {"stopCode": 59, "lines": "2", "name": "Wilburton Station", "walkingMeters": 1302, "walkingSeconds": 939, "band": 15}]}, "geometry": {"type": "Point", "coordinates": [-122.1926193, 47.6133957]}}, {"type": "Feature", "properties": {"id": "4a9b0564-4748-4c31-a32a-ad688265033e", "name": "Apm Monaco", "category": "jewelry", "tags": ["jewelry"], "sources": ["overture"], "phone": "+14254498515", "address": "700 110th Ave Ne Ste 152", "stations": [{"stopCode": 58, "lines": "2", "name": "Bellevue Downtown Station", "walkingMeters": 141, "walkingSeconds": 105, "band": 5}, {"stopCode": 59, "lines": "2", "name": "Wilburton Station", "walkingMeters": 926, "walkingSeconds": 691, "band": 15}, {"stopCode": 57, "lines": "2", "name": "East Main Station", "walkingMeters": 1150, "walkingSeconds": 858, "band": 15}]}, "geometry": {"type": "Point", "coordinates": [-122.1928329, 47.6160583]}}, {"type": "Feature", "properties": {"id": "255b973e-91eb-4590-8c64-a38bb4864224", "name": "Tuesday Morning", "category": "variety_store", "tags": ["variety-store", "discount"], "sources": ["overture"], "website": "http://shop.tuesdaymorning.com", "phone": "(425) 646-1081", "address": "127 106th Ave NE", "stations": [{"stopCode": 57, "lines": "2", "name": "East Main Station", "walkingMeters": 957, "walkingSeconds": 688, "band": 15}, {"stopCode": 58, "lines": "2", "name": "Bellevue Downtown Station", "walkingMeters": 1220, "walkingSeconds": 877, "band": 15}]}, "geometry": {"type": "Point", "coordinates": [-122.1996307, 47.6109123]}}, {"type": "Feature", "properties": {"id": "d2f84ca3-726b-4d6c-9bd6-b0b8b6cade87", "name": "PetSmart Dog Training", "category": "pet", "tags": ["pet"], "sources": ["overture"], "website": "https://www.petsmart.com/stores/us/wa/bellevue-store2055.html", "phone": "+14254541054", "address": "100 108th Ave NE", "stations": [{"stopCode": 57, "lines": "2", "name": "East Main Station", "walkingMeters": 621, "walkingSeconds": 446, "band": 10}, {"stopCode": 58, "lines": "2", "name": "Bellevue Downtown Station", "walkingMeters": 901, "walkingSeconds": 652, "band": 10}]}, "geometry": {"type": "Point", "coordinates": [-122.1954346, 47.6111488]}}, {"type": "Feature", "properties": {"id": "51c5d83e-e7d8-4d77-b811-e7fcff4d9105", "name": "Tempo'", "category": "clothes", "tags": ["clothes", "womens"], "sources": ["overture"], "website": "http://www.tempoclothing.com/", "phone": "+14254528501", "address": "10635 NE 8th St", "stations": [{"stopCode": 58, "lines": "2", "name": "Bellevue Downtown Station", "walkingMeters": 786, "walkingSeconds": 567, "band": 10}, {"stopCode": 59, "lines": "2", "name": "Wilburton Station", "walkingMeters": 1287, "walkingSeconds": 925, "band": 15}]}, "geometry": {"type": "Point", "coordinates": [-122.1977463, 47.6170311]}}, {"type": "Feature", "properties": {"id": "bb548425-774c-406b-aee9-aac95e1feca6", "name": "Kerryselect", "category": "supermarket", "tags": ["supermarket"], "sources": ["overture"], "website": "https://kerryselect.com", "address": "777 108th Ave Ne Ste 1750", "stations": [{"stopCode": 58, "lines": "2", "name": "Bellevue Downtown Station", "walkingMeters": 526, "walkingSeconds": 393, "band": 10}, {"stopCode": 59, "lines": "2", "name": "Wilburton Station", "walkingMeters": 1287, "walkingSeconds": 960, "band": 15}]}, "geometry": {"type": "Point", "coordinates": [-122.1968765, 47.6169052]}}, {"type": "Feature", "properties": {"id": "a8be6807-1106-42b1-895f-026aa1ff2492", "name": "Southern Wine & Spirits", "category": "alcohol", "tags": ["alcohol"], "sources": ["overture"], "website": "http://www.southernwine.com", "phone": "+14256292100", "address": "411 108th Ave NE Unit 1700", "stations": [{"stopCode": 58, "lines": "2", "name": "Bellevue Downtown Station", "walkingMeters": 644, "walkingSeconds": 463, "band": 10}, {"stopCode": 57, "lines": "2", "name": "East Main Station", "walkingMeters": 1046, "walkingSeconds": 753, "band": 15}]}, "geometry": {"type": "Point", "coordinates": [-122.1967468, 47.6140594]}}, {"type": "Feature", "properties": {"id": "f31589fd-6402-42d9-a59e-aa24ef685628", "name": "Wireless Ingenuity", "category": "mobile_phone", "tags": ["mobile-phone", "mobile"], "sources": ["overture"], "website": "wirelessingenuity.com", "phone": "14252135240", "address": "10900 Ne 4th St  # 825", "stations": [{"stopCode": 58, "lines": "2", "name": "Bellevue Downtown Station", "walkingMeters": 285, "walkingSeconds": 213, "band": 5}, {"stopCode": 57, "lines": "2", "name": "East Main Station", "walkingMeters": 915, "walkingSeconds": 683, "band": 15}, {"stopCode": 59, "lines": "2", "name": "Wilburton Station", "walkingMeters": 1185, "walkingSeconds": 884, "band": 15}]}, "geometry": {"type": "Point", "coordinates": [-122.1944885, 47.6141014]}}, {"type": "Feature", "properties": {"id": "35dea975-c5db-495d-9c5f-c7e89514b277", "name": "Lucky Elephant Foods", "category": "supermarket", "tags": ["supermarket"], "sources": ["overture"], "website": "http://www.luckyelephantfoods.com", "phone": "+14256335540", "address": "10900 Ne 4th St Ste 2300", "stations": [{"stopCode": 58, "lines": "2", "name": "Bellevue Downtown Station", "walkingMeters": 285, "walkingSeconds": 213, "band": 5}, {"stopCode": 57, "lines": "2", "name": "East Main Station", "walkingMeters": 915, "walkingSeconds": 683, "band": 15}, {"stopCode": 59, "lines": "2", "name": "Wilburton Station", "walkingMeters": 1185, "walkingSeconds": 884, "band": 15}]}, "geometry": {"type": "Point", "coordinates": [-122.1944885, 47.6141014]}}, {"type": "Feature", "properties": {"id": "dfc3a8c0-6f7e-4a6a-8e16-80d942dba186", "name": "Lori Broznowski, Interior Designer", "category": "furniture", "tags": ["furniture"], "sources": ["overture"], "website": "http://www.seldens.com/", "phone": "+14254509999", "address": "10708 Main St", "stations": [{"stopCode": 57, "lines": "2", "name": "East Main Station", "walkingMeters": 650, "walkingSeconds": 467, "band": 10}, {"stopCode": 58, "lines": "2", "name": "Bellevue Downtown Station", "walkingMeters": 1067, "walkingSeconds": 772, "band": 15}]}, "geometry": {"type": "Point", "coordinates": [-122.1970215, 47.6103172]}}, {"type": "Feature", "properties": {"id": "6d54bc77-7863-4c19-879c-953108df9d74", "name": "Gold & Silver Traders", "category": "jewelry", "tags": ["jewelry"], "sources": ["overture"], "website": "http://www.goldsilvertraders.com/", "phone": "4254558882", "address": "10825 NE 2nd St", "stations": [{"stopCode": 57, "lines": "2", "name": "East Main Station", "walkingMeters": 758, "walkingSeconds": 545, "band": 10}, {"stopCode": 58, "lines": "2", "name": "Bellevue Downtown Station", "walkingMeters": 813, "walkingSeconds": 589, "band": 10}]}, "geometry": {"type": "Point", "coordinates": [-122.1957092, 47.6117859]}}, {"type": "Feature", "properties": {"id": "c715134e-b889-4003-9cb5-3a69fdb9f818", "name": "Bender's Jewelers", "category": "jewelry", "tags": ["jewelry"], "sources": ["overture"], "website": "http://www.bendersjewelry.com/", "phone": "4254536115", "address": "10647 NE 2nd St", "stations": [{"stopCode": 57, "lines": "2", "name": "East Main Station", "walkingMeters": 892, "walkingSeconds": 641, "band": 15}, {"stopCode": 58, "lines": "2", "name": "Bellevue Downtown Station", "walkingMeters": 967, "walkingSeconds": 695, "band": 10}]}, "geometry": {"type": "Point", "coordinates": [-122.1979828, 47.6119461]}}, {"type": "Feature", "properties": {"id": "e0a4dca1-8c86-4844-a084-135a7190a0d6", "name": "Rogers Fine Timepieces", "category": "jewelry", "tags": ["jewelry"], "sources": ["overture"], "phone": "4254542023", "address": "140 105th Ave NE", "stations": [{"stopCode": 58, "lines": "2", "name": "Bellevue Downtown Station", "walkingMeters": 986, "walkingSeconds": 709, "band": 10}, {"stopCode": 57, "lines": "2", "name": "East Main Station", "walkingMeters": 1001, "walkingSeconds": 722, "band": 15}]}, "geometry": {"type": "Point", "coordinates": [-122.1988678, 47.6122971]}}, {"type": "Feature", "properties": {"id": "3241bb80-2dab-4535-86eb-467636b59f18", "name": "Vizanti Jewelry Design Studio", "category": "jewelry", "tags": ["jewelry"], "sources": ["overture"], "website": "http://vizanti.com/", "phone": "4254849421", "address": "310 105th Ave NE Ste B", "stations": [{"stopCode": 58, "lines": "2", "name": "Bellevue Downtown Station", "walkingMeters": 1000, "walkingSeconds": 721, "band": 10}, {"stopCode": 57, "lines": "2", "name": "East Main Station", "walkingMeters": 1205, "walkingSeconds": 869, "band": 15}]}, "geometry": {"type": "Point", "coordinates": [-122.1998596, 47.6130638]}}, {"type": "Feature", "properties": {"id": "223f24c8-f078-46e8-8f09-1f555cf503e2", "name": "Rainier Title Co.", "category": "doityourself", "tags": ["doityourself", "home", "improvement"], "sources": ["overture"], "website": "http://www.rainiertitle.com", "phone": "+14252831400", "address": "11040 Main St", "stations": [{"stopCode": 57, "lines": "2", "name": "East Main Station", "walkingMeters": 376, "walkingSeconds": 270, "band": 5}, {"stopCode": 58, "lines": "2", "name": "Bellevue Downtown Station", "walkingMeters": 826, "walkingSeconds": 595, "band": 10}]}, "geometry": {"type": "Point", "coordinates": [-122.1922531, 47.6106186]}}, {"type": "Feature", "properties": {"id": "93d55520-3587-4005-b026-983a3ed9904e", "name": "OMEGA Boutique", "category": "jewelry", "tags": ["jewelry"], "sources": ["overture"], "website": "http://www.omegawatches.com/", "phone": "+14254541242", "address": "700 110th Ave NE Ste 150", "stations": [{"stopCode": 58, "lines": "2", "name": "Bellevue Downtown Station", "walkingMeters": 488, "walkingSeconds": 351, "band": 5}, {"stopCode": 59, "lines": "2", "name": "Wilburton Station", "walkingMeters": 940, "walkingSeconds": 676, "band": 10}, {"stopCode": 57, "lines": "2", "name": "East Main Station", "walkingMeters": 1181, "walkingSeconds": 850, "band": 15}]}, "geometry": {"type": "Point", "coordinates": [-122.1925354, 47.6166954]}}, {"type": "Feature", "properties": {"id": "fbfdbb71-19a8-4378-ade4-9ef758903502", "name": "Holly Zhang Pearl Gallery", "category": "jewelry", "tags": ["jewelry"], "sources": ["overture"], "website": "https://www.hollyzhang.com/", "phone": "+14254498332", "address": "700 110th Ave NE", "stations": [{"stopCode": 58, "lines": "2", "name": "Bellevue Downtown Station", "walkingMeters": 466, "walkingSeconds": 335, "band": 5}, {"stopCode": 59, "lines": "2", "name": "Wilburton Station", "walkingMeters": 918, "walkingSeconds": 661, "band": 10}, {"stopCode": 57, "lines": "2", "name": "East Main Station", "walkingMeters": 1159, "walkingSeconds": 834, "band": 15}]}, "geometry": {"type": "Point", "coordinates": [-122.1924362, 47.616787]}}, {"type": "Feature", "properties": {"id": "0d57a5ac-511e-48fb-8591-7d699343eda4", "name": "Prada Bellevue", "category": "clothes", "tags": ["clothes"], "sources": ["overture"], "website": "https://www.facebook.com/Prada/", "phone": "+14256375820", "address": "11111 NE 8th St", "stations": [{"stopCode": 58, "lines": "2", "name": "Bellevue Downtown Station", "walkingMeters": 359, "walkingSeconds": 258, "band": 5}, {"stopCode": 59, "lines": "2", "name": "Wilburton Station", "walkingMeters": 956, "walkingSeconds": 688, "band": 10}, {"stopCode": 57, "lines": "2", "name": "East Main Station", "walkingMeters": 1052, "walkingSeconds": 758, "band": 15}]}, "geometry": {"type": "Point", "coordinates": [-122.1924438, 47.6167221]}}, {"type": "Feature", "properties": {"id": "d2a8005a-f28a-4a6c-b33b-09d59f676be0", "name": "Tory Burch, The Bravern", "category": "clothes", "tags": ["clothes", "womens"], "sources": ["overture"], "website": "http://www.youtube.com/toryburch", "phone": "+14254542255", "address": "700 110th Ave NE", "stations": [{"stopCode": 58, "lines": "2", "name": "Bellevue Downtown Station", "walkingMeters": 365, "walkingSeconds": 262, "band": 5}, {"stopCode": 59, "lines": "2", "name": "Wilburton Station", "walkingMeters": 962, "walkingSeconds": 692, "band": 15}, {"stopCode": 57, "lines": "2", "name": "East Main Station", "walkingMeters": 1058, "walkingSeconds": 762, "band": 15}]}, "geometry": {"type": "Point", "coordinates": [-122.1925812, 47.6165657]}}, {"type": "Feature", "properties": {"id": "f282c43f-9027-4d4c-9291-0203b2b8d37e", "name": "Emporio Armani Donna Bellevue Neiman Marcus", "category": "clothes", "tags": ["clothes"], "sources": ["overture"], "website": "https://www.armani.com/armanicom/unisex/emporio-armani/cross_section", "phone": "4254253300", "address": "11111 NE 8th St", "stations": [{"stopCode": 58, "lines": "2", "name": "Bellevue Downtown Station", "walkingMeters": 476, "walkingSeconds": 342, "band": 5}, {"stopCode": 59, "lines": "2", "name": "Wilburton Station", "walkingMeters": 954, "walkingSeconds": 687, "band": 15}, {"stopCode": 57, "lines": "2", "name": "East Main Station", "walkingMeters": 1172, "walkingSeconds": 843, "band": 15}]}, "geometry": {"type": "Point", "coordinates": [-122.1926651, 47.6166039]}}, {"type": "Feature", "properties": {"id": "d8e6de1e-e280-4f89-bbb7-7071d4a14b81", "name": "Herm\u00e8s Seattle", "category": "clothes", "tags": ["clothes"], "sources": ["overture"], "website": "https://www.hermes.com/us/en/find-store/united-states/bellevue/hermes-seattle-WML2ZS25/", "phone": "+14254670500", "address": "11111 NE 8th St", "stations": [{"stopCode": 58, "lines": "2", "name": "Bellevue Downtown Station", "walkingMeters": 262, "walkingSeconds": 196, "band": 5}, {"stopCode": 59, "lines": "2", "name": "Wilburton Station", "walkingMeters": 801, "walkingSeconds": 598, "band": 10}, {"stopCode": 57, "lines": "2", "name": "East Main Station", "walkingMeters": 1280, "walkingSeconds": 955, "band": 15}]}, "geometry": {"type": "Point", "coordinates": [-122.191864, 47.6170311]}}, {"type": "Feature", "properties": {"id": "98463aed-421e-433e-8c17-77ea61c78141", "name": "Van Cleef & Arpels", "category": "jewelry", "tags": ["jewelry"], "sources": ["overture"], "website": "https://www.vancleefarpels.com/en/boutique-detailed-page", "phone": "+14254523300", "address": "11111 NE 8th St", "stations": [{"stopCode": 58, "lines": "2", "name": "Bellevue Downtown Station", "walkingMeters": 366, "walkingSeconds": 264, "band": 5}, {"stopCode": 59, "lines": "2", "name": "Wilburton Station", "walkingMeters": 964, "walkingSeconds": 694, "band": 10}, {"stopCode": 57, "lines": "2", "name": "East Main Station", "walkingMeters": 1060, "walkingSeconds": 763, "band": 15}]}, "geometry": {"type": "Point", "coordinates": [-122.1917953, 47.6164474]}}, {"type": "Feature", "properties": {"id": "fabe6612-a7b8-4b45-a6f6-c3020b9f0324", "name": "Ashwood Urban Market", "category": "supermarket", "tags": ["supermarket"], "sources": ["overture"], "address": "989 112th Ave Ne Ste 107", "stations": [{"stopCode": 58, "lines": "2", "name": "Bellevue Downtown Station", "walkingMeters": 563, "walkingSeconds": 420, "band": 10}, {"stopCode": 59, "lines": "2", "name": "Wilburton Station", "walkingMeters": 787, "walkingSeconds": 587, "band": 10}, {"stopCode": 60, "lines": "2", "name": "Spring District/120th Station", "walkingMeters": 1442, "walkingSeconds": 1076, "band": 15}]}, "geometry": {"type": "Point", "coordinates": [-122.191658, 47.6191063]}}, {"type": "Feature", "properties": {"id": 7714652847, "name": "ZoomCare", "category": "clinic", "tags": ["clinic", "medical"], "sources": ["osm", "overture"], "website": "https://www.zoomcare.com/clinic/zoomcare-bellevue-4th", "phone": "+18449666777", "address": "10541 NE 4th St", "stations": [{"stopCode": 58, "lines": "2", "name": "Bellevue Downtown Station", "walkingMeters": 866, "walkingSeconds": 624, "band": 10}, {"stopCode": 57, "lines": "2", "name": "East Main Station", "walkingMeters": 1197, "walkingSeconds": 860, "band": 15}]}, "geometry": {"type": "Point", "coordinates": [-122.199415, 47.6136145]}}, {"type": "Feature", "properties": {"id": "c4fa2502-fd0f-4dcc-9c3d-19fe89f64ee5", "name": "Rite Aid", "category": "pharmacy", "tags": ["pharmacy"], "sources": ["overture"], "website": "https://www.riteaid.com/store-details?storeNumber=5176", "phone": "4254546513", "address": "120 106th Ave NE", "stations": [{"stopCode": 57, "lines": "2", "name": "East Main Station", "walkingMeters": 840, "walkingSeconds": 604, "band": 15}, {"stopCode": 58, "lines": "2", "name": "Bellevue Downtown Station", "walkingMeters": 1046, "walkingSeconds": 752, "band": 15}]}, "geometry": {"type": "Point", "coordinates": [-122.1980133, 47.6109924]}}, {"type": "Feature", "properties": {"id": 9333153665, "name": "Walgreens", "category": "pharmacy", "tags": ["pharmacy"], "sources": ["osm"], "stations": [{"stopCode": 58, "lines": "2", "name": "Bellevue Downtown Station", "walkingMeters": 756, "walkingSeconds": 543, "band": 10}, {"stopCode": 57, "lines": "2", "name": "East Main Station", "walkingMeters": 1216, "walkingSeconds": 874, "band": 15}]}, "geometry": {"type": "Point", "coordinates": [-122.1982272, 47.6143097]}}, {"type": "Feature", "properties": {"id": 11500556112, "name": "Zoom+ Super", "category": "clinic", "tags": ["clinic"], "sources": ["osm"], "address": "345 106th Avenue Northeast", "stations": [{"stopCode": 58, "lines": "2", "name": "Bellevue Downtown Station", "walkingMeters": 903, "walkingSeconds": 649, "band": 10}, {"stopCode": 57, "lines": "2", "name": "East Main Station", "walkingMeters": 1125, "walkingSeconds": 809, "band": 15}]}, "geometry": {"type": "Point", "coordinates": [-122.1992169, 47.6133343]}}, {"type": "Feature", "properties": {"id": "277a1e1d-2e1c-4aee-8ce4-254006b36fa7", "name": "Pacific Coast Health Care", "category": "clinic", "tags": ["clinic", "walk", "in"], "sources": ["overture"], "website": "http://pacificcoasthc.com", "address": "10900 Ne 4th St Ste 2300", "stations": [{"stopCode": 58, "lines": "2", "name": "Bellevue Downtown Station", "walkingMeters": 285, "walkingSeconds": 213, "band": 5}, {"stopCode": 57, "lines": "2", "name": "East Main Station", "walkingMeters": 915, "walkingSeconds": 683, "band": 15}, {"stopCode": 59, "lines": "2", "name": "Wilburton Station", "walkingMeters": 1185, "walkingSeconds": 884, "band": 15}]}, "geometry": {"type": "Point", "coordinates": [-122.1944885, 47.6141014]}}, {"type": "Feature", "properties": {"id": "c7d07be8-7845-4194-a3a0-9e96233f4005", "name": "Union Bank", "category": "bank", "tags": ["bank", "credit", "union"], "sources": ["overture"], "website": "https://www.unionbank.com/locations/washington/bellevue/10900-northeast-8th-street-suite-100-98004", "phone": "4254530302", "address": "10900 NE 8th St Ste 100", "stations": [{"stopCode": 58, "lines": "2", "name": "Bellevue Downtown Station", "walkingMeters": 552, "walkingSeconds": 397, "band": 5}, {"stopCode": 59, "lines": "2", "name": "Wilburton Station", "walkingMeters": 987, "walkingSeconds": 711, "band": 15}]}, "geometry": {"type": "Point", "coordinates": [-122.1940384, 47.6174393]}}, {"type": "Feature", "properties": {"id": 4849029097, "name": "Bank of America", "category": "bank", "tags": ["bank"], "sources": ["osm"], "website": "https://locators.bankofamerica.com/wa/bellevue/financial-centers-bellevue-16858.html", "hours": "Mo-Fr 09:00-16:00", "stations": [{"stopCode": 58, "lines": "2", "name": "Bellevue Downtown Station", "walkingMeters": 829, "walkingSeconds": 596, "band": 10}]}, "geometry": {"type": "Point", "coordinates": [-122.1992029, 47.6140361]}}, {"type": "Feature", "properties": {"id": 12075408303, "name": "Bank of America", "category": "bank", "tags": ["bank", "credit", "union"], "sources": ["osm", "overture"], "website": "https://locators.bankofamerica.com/wa/bellevue/financial-centers-bellevue-16763.html", "phone": "+18444018500", "address": "10833 NE 2nd St", "stations": [{"stopCode": 57, "lines": "2", "name": "East Main Station", "walkingMeters": 763, "walkingSeconds": 548, "band": 10}, {"stopCode": 58, "lines": "2", "name": "Bellevue Downtown Station", "walkingMeters": 818, "walkingSeconds": 592, "band": 10}]}, "geometry": {"type": "Point", "coordinates": [-122.1959666, 47.6118541]}}, {"type": "Feature", "properties": {"id": 563386666, "name": "Charles Schwab", "category": "bank", "tags": ["bank", "credit", "union"], "sources": ["osm", "overture"], "website": "http://www.schwab.com/bellevue?utm_source=bing&utm_medium=local&utm_campaign=localmaps&utm_content=1193", "phone": "4257097501", "address": "11100 NE 8th St Ste 250", "stations": [{"stopCode": 58, "lines": "2", "name": "Bellevue Downtown Station", "walkingMeters": 385, "walkingSeconds": 277, "band": 5}, {"stopCode": 59, "lines": "2", "name": "Wilburton Station", "walkingMeters": 779, "walkingSeconds": 560, "band": 10}, {"stopCode": 57, "lines": "2", "name": "East Main Station", "walkingMeters": 1078, "walkingSeconds": 776, "band": 15}]}, "geometry": {"type": "Point", "coordinates": [-122.191388, 47.6175422]}}, {"type": "Feature", "properties": {"id": 563386669, "name": "Umpqua Bank", "category": "bank", "tags": ["bank"], "sources": ["osm"], "stations": [{"stopCode": 58, "lines": "2", "name": "Bellevue Downtown Station", "walkingMeters": 385, "walkingSeconds": 277, "band": 5}, {"stopCode": 59, "lines": "2", "name": "Wilburton Station", "walkingMeters": 779, "walkingSeconds": 560, "band": 10}, {"stopCode": 57, "lines": "2", "name": "East Main Station", "walkingMeters": 1078, "walkingSeconds": 776, "band": 15}]}, "geometry": {"type": "Point", "coordinates": [-122.1913857, 47.6175944]}}, {"type": "Feature", "properties": {"id": "80ce9494-7956-459c-afa7-4ca80bb4c065", "name": "Umpqua Bank", "category": "bank", "tags": ["bank", "credit", "union"], "sources": ["overture"], "website": "http://umpquabank.com/locations/washington/bellevue/bellevue-4th-st/", "phone": "4252566550", "address": "10885 NE 4th St", "stations": [{"stopCode": 58, "lines": "2", "name": "Bellevue Downtown Station", "walkingMeters": 323, "walkingSeconds": 241, "band": 5}, {"stopCode": 57, "lines": "2", "name": "East Main Station", "walkingMeters": 866, "walkingSeconds": 646, "band": 15}]}, "geometry": {"type": "Point", "coordinates": [-122.1945419, 47.6137238]}}, {"type": "Feature", "properties": {"id": 5358076592, "name": "KeyBank", "category": "bank", "tags": ["bank"], "sources": ["osm"], "website": "https://www.key.com", "phone": "+1-800-539-2968", "address": "601 108th Avenue Northeast", "stations": [{"stopCode": 58, "lines": "2", "name": "Bellevue Downtown Station", "walkingMeters": 632, "walkingSeconds": 456, "band": 10}, {"stopCode": 59, "lines": "2", "name": "Wilburton Station", "walkingMeters": 1364, "walkingSeconds": 982, "band": 15}]}, "geometry": {"type": "Point", "coordinates": [-122.1967971, 47.6159538]}}, {"type": "Feature", "properties": {"id": "90ce92ee-edf6-47a1-8b6a-f7c748a56e0e", "name": "KeyBank", "category": "bank", "tags": ["bank", "credit", "union"], "sources": ["overture"], "website": "https://www.key.com/locations/WA/Bellevue/BRCH47310022/10655-Ne-4th-St?ppc=cmpyxt", "phone": "+14254541296", "address": "10655 NE 4th St", "stations": [{"stopCode": 58, "lines": "2", "name": "Bellevue Downtown Station", "walkingMeters": 771, "walkingSeconds": 554, "band": 10}, {"stopCode": 57, "lines": "2", "name": "East Main Station", "walkingMeters": 1117, "walkingSeconds": 803, "band": 15}]}, "geometry": {"type": "Point", "coordinates": [-122.197937, 47.6132927]}}, {"type": "Feature", "properties": {"id": 12202921031, "name": "EastWest Bank", "category": "bank", "tags": ["bank", "credit", "union"], "sources": ["osm", "overture"], "website": "https://www.eastwestbank.com/", "phone": "4256371188", "address": "10900 NE 4th St Ste 200", "stations": [{"stopCode": 58, "lines": "2", "name": "Bellevue Downtown Station", "walkingMeters": 485, "walkingSeconds": 349, "band": 5}, {"stopCode": 57, "lines": "2", "name": "East Main Station", "walkingMeters": 854, "walkingSeconds": 614, "band": 15}, {"stopCode": 59, "lines": "2", "name": "Wilburton Station", "walkingMeters": 1357, "walkingSeconds": 979, "band": 15}]}, "geometry": {"type": "Point", "coordinates": [-122.1942795, 47.6139311]}}, {"type": "Feature", "properties": {"id": 697212592, "name": "U.S. Bank", "category": "bank", "tags": ["bank"], "sources": ["osm"], "stations": [{"stopCode": 58, "lines": "2", "name": "Bellevue Downtown Station", "walkingMeters": 567, "walkingSeconds": 408, "band": 5}, {"stopCode": 59, "lines": "2", "name": "Wilburton Station", "walkingMeters": 985, "walkingSeconds": 708, "band": 15}]}, "geometry": {"type": "Point", "coordinates": [-122.193994, 47.6176379]}}, {"type": "Feature", "properties": {"id": 33725900, "name": "U.S. Bank", "category": "bank", "tags": ["bank", "credit", "union"], "sources": ["osm", "overture"], "website": "https://www.usbank.com/locations", "phone": "4256372500", "address": "10800 NE 8th St Ste 100", "stations": [{"stopCode": 58, "lines": "2", "name": "Bellevue Downtown Station", "walkingMeters": 712, "walkingSeconds": 512, "band": 10}, {"stopCode": 59, "lines": "2", "name": "Wilburton Station", "walkingMeters": 1132, "walkingSeconds": 813, "band": 15}]}, "geometry": {"type": "Point", "coordinates": [-122.1958385, 47.6178484]}}, {"type": "Feature", "properties": {"id": 2106208414, "name": "Wells Fargo", "category": "bank", "tags": ["bank"], "sources": ["osm"], "stations": [{"stopCode": 58, "lines": "2", "name": "Bellevue Downtown Station", "walkingMeters": 798, "walkingSeconds": 574, "band": 10}, {"stopCode": 57, "lines": "2", "name": "East Main Station", "walkingMeters": 864, "walkingSeconds": 621, "band": 15}]}, "geometry": {"type": "Point", "coordinates": [-122.1966923, 47.6123363]}}, {"type": "Feature", "properties": {"id": 12202921034, "name": "Chase", "category": "bank", "tags": ["bank"], "sources": ["osm"], "stations": [{"stopCode": 58, "lines": "2", "name": "Bellevue Downtown Station", "walkingMeters": 568, "walkingSeconds": 409, "band": 5}, {"stopCode": 57, "lines": "2", "name": "East Main Station", "walkingMeters": 879, "walkingSeconds": 632, "band": 15}]}, "geometry": {"type": "Point", "coordinates": [-122.1950083, 47.6135105]}}, {"type": "Feature", "properties": {"id": 33115668, "name": "Chase", "category": "bank", "tags": ["bank"], "sources": ["osm"], "website": "https://locator.chase.com/wa/bellevue/10550-ne-8th-st", "phone": "+1-425-590-4242", "address": "10550 Northeast 8th Street", "hours": "Mo-Fr 09:00-17:00; Sa 09:00-13:00; Su closed", "stations": [{"stopCode": 58, "lines": "2", "name": "Bellevue Downtown Station", "walkingMeters": 956, "walkingSeconds": 689, "band": 10}]}, "geometry": {"type": "Point", "coordinates": [-122.1995183, 47.6177116]}}, {"type": "Feature", "properties": {"id": "2c24cf7a-dda4-46b1-81da-2361d69bc607", "name": "HomeStreet Bank", "category": "bank", "tags": ["bank", "credit", "union"], "sources": ["overture"], "website": "https://www.homestreet.com/locations/bellevue", "phone": "4254537633", "address": "500 108th Ave NE Ste 1E1", "stations": [{"stopCode": 58, "lines": "2", "name": "Bellevue Downtown Station", "walkingMeters": 532, "walkingSeconds": 382, "band": 5}, {"stopCode": 57, "lines": "2", "name": "East Main Station", "walkingMeters": 1106, "walkingSeconds": 796, "band": 15}, {"stopCode": 59, "lines": "2", "name": "Wilburton Station", "walkingMeters": 1368, "walkingSeconds": 986, "band": 15}]}, "geometry": {"type": "Point", "coordinates": [-122.1957397, 47.6149559]}}, {"type": "Feature", "properties": {"id": 2095440139, "name": "WaFd Bank", "category": "bank", "tags": ["bank", "credit", "union"], "sources": ["osm", "overture"], "website": "https://www.wafdbank.com/locations/washington/bellevue/downtown?utm_source=ExtNet&utm_medium=yext", "phone": "4254532801", "address": "400 108th Ave NE", "stations": [{"stopCode": 58, "lines": "2", "name": "Bellevue Downtown Station", "walkingMeters": 574, "walkingSeconds": 413, "band": 5}, {"stopCode": 57, "lines": "2", "name": "East Main Station", "walkingMeters": 950, "walkingSeconds": 683, "band": 15}]}, "geometry": {"type": "Point", "coordinates": [-122.195536, 47.6139716]}}, {"type": "Feature", "properties": {"id": 183373056, "name": "WaFd Bank", "category": "bank", "tags": ["bank", "credit", "union"], "sources": ["osm", "overture"], "website": "https://www.wafdbank.com/locations/washington/bellevue/central", "phone": "4252890876", "address": "200 108th Ave NE", "stations": [{"stopCode": 58, "lines": "2", "name": "Bellevue Downtown Station", "walkingMeters": 762, "walkingSeconds": 550, "band": 10}, {"stopCode": 57, "lines": "2", "name": "East Main Station", "walkingMeters": 795, "walkingSeconds": 571, "band": 10}]}, "geometry": {"type": "Point", "coordinates": [-122.1957932, 47.6122198]}}, {"type": "Feature", "properties": {"id": 2106205083, "name": "Banner Bank", "category": "bank", "tags": ["bank"], "sources": ["osm"], "stations": [{"stopCode": 58, "lines": "2", "name": "Bellevue Downtown Station", "walkingMeters": 606, "walkingSeconds": 436, "band": 10}, {"stopCode": 57, "lines": "2", "name": "East Main Station", "walkingMeters": 1028, "walkingSeconds": 739, "band": 15}]}, "geometry": {"type": "Point", "coordinates": [-122.1964366, 47.614063]}}, {"type": "Feature", "properties": {"id": 5867076387, "name": "Banner Bank", "category": "bank", "tags": ["bank"], "sources": ["osm"], "stations": [{"stopCode": 58, "lines": "2", "name": "Bellevue Downtown Station", "walkingMeters": 288, "walkingSeconds": 207, "band": 5}, {"stopCode": 57, "lines": "2", "name": "East Main Station", "walkingMeters": 774, "walkingSeconds": 557, "band": 10}, {"stopCode": 59, "lines": "2", "name": "Wilburton Station", "walkingMeters": 1122, "walkingSeconds": 808, "band": 15}]}, "geometry": {"type": "Point", "coordinates": [-122.1901327, 47.6141958]}}, {"type": "Feature", "properties": {"id": 2106205084, "name": "Mechanics Bank", "category": "bank", "tags": ["bank"], "sources": ["osm"], "stations": [{"stopCode": 58, "lines": "2", "name": "Bellevue Downtown Station", "walkingMeters": 543, "walkingSeconds": 390, "band": 5}, {"stopCode": 57, "lines": "2", "name": "East Main Station", "walkingMeters": 1095, "walkingSeconds": 788, "band": 15}]}, "geometry": {"type": "Point", "coordinates": [-122.1960047, 47.614854]}}, {"type": "Feature", "properties": {"id": 3731215782, "name": "First Tech Federal Credit Union", "category": "bank", "tags": ["bank"], "sources": ["osm"], "stations": [{"stopCode": 58, "lines": "2", "name": "Bellevue Downtown Station", "walkingMeters": 579, "walkingSeconds": 416, "band": 10}, {"stopCode": 57, "lines": "2", "name": "East Main Station", "walkingMeters": 1103, "walkingSeconds": 795, "band": 15}]}, "geometry": {"type": "Point", "coordinates": [-122.1965657, 47.6147645]}}, {"type": "Feature", "properties": {"id": 4172372393, "name": "Heritage Bank", "category": "bank", "tags": ["bank", "credit", "union"], "sources": ["osm", "overture"], "website": "http://www.heritagebanknw.com/", "phone": "4254521543", "address": "520 112th Ave NE Ste 160", "stations": [{"stopCode": 58, "lines": "2", "name": "Bellevue Downtown Station", "walkingMeters": 283, "walkingSeconds": 204, "band": 5}, {"stopCode": 57, "lines": "2", "name": "East Main Station", "walkingMeters": 802, "walkingSeconds": 577, "band": 10}, {"stopCode": 59, "lines": "2", "name": "Wilburton Station", "walkingMeters": 1096, "walkingSeconds": 789, "band": 15}]}, "geometry": {"type": "Point", "coordinates": [-122.1902271, 47.6146232]}}, {"type": "Feature", "properties": {"id": 4658727716, "name": "Beal Bank", "category": "bank", "tags": ["bank"], "sources": ["osm"], "stations": [{"stopCode": 58, "lines": "2", "name": "Bellevue Downtown Station", "walkingMeters": 433, "walkingSeconds": 311, "band": 5}, {"stopCode": 57, "lines": "2", "name": "East Main Station", "walkingMeters": 849, "walkingSeconds": 611, "band": 15}, {"stopCode": 59, "lines": "2", "name": "Wilburton Station", "walkingMeters": 1303, "walkingSeconds": 940, "band": 15}]}, "geometry": {"type": "Point", "coordinates": [-122.1939134, 47.6140856]}}, {"type": "Feature", "properties": {"id": 5366985125, "name": "First Citizens Bank", "category": "bank", "tags": ["bank", "credit", "union"], "sources": ["osm", "overture"], "website": "https://locations.firstcitizens.com/wa/bellevue/300-110th-avenue-ne", "phone": "4256286440", "address": "300 110th Avenue NE, Suite 103", "stations": [{"stopCode": 58, "lines": "2", "name": "Bellevue Downtown Station", "walkingMeters": 457, "walkingSeconds": 328, "band": 5}, {"stopCode": 57, "lines": "2", "name": "East Main Station", "walkingMeters": 777, "walkingSeconds": 559, "band": 10}, {"stopCode": 59, "lines": "2", "name": "Wilburton Station", "walkingMeters": 1337, "walkingSeconds": 964, "band": 15}]}, "geometry": {"type": "Point", "coordinates": [-122.193313, 47.6135556]}}, {"type": "Feature", "properties": {"id": 11500556111, "name": "Pacific Premier Bank", "category": "bank", "tags": ["bank", "credit", "union"], "sources": ["osm", "overture"], "website": "https://www.ppbi.com/", "phone": "4254552300", "address": "188 106th Ave NE Ste 200", "stations": [{"stopCode": 57, "lines": "2", "name": "East Main Station", "walkingMeters": 958, "walkingSeconds": 689, "band": 15}, {"stopCode": 58, "lines": "2", "name": "Bellevue Downtown Station", "walkingMeters": 1029, "walkingSeconds": 740, "band": 10}]}, "geometry": {"type": "Point", "coordinates": [-122.1985646, 47.611797]}}, {"type": "Feature", "properties": {"id": "dc420b8c-47ac-4a40-85e7-d1402c9d9963", "name": "Sterling Bank", "category": "bank", "tags": ["bank", "credit", "union"], "sources": ["overture"], "website": "http://www.bankwithsterling.com/", "phone": "4255865000", "address": "10885 NE 4th St", "stations": [{"stopCode": 58, "lines": "2", "name": "Bellevue Downtown Station", "walkingMeters": 540, "walkingSeconds": 388, "band": 5}, {"stopCode": 57, "lines": "2", "name": "East Main Station", "walkingMeters": 882, "walkingSeconds": 634, "band": 15}]}, "geometry": {"type": "Point", "coordinates": [-122.1948242, 47.6137314]}}, {"type": "Feature", "properties": {"id": "3e9ac659-16c2-4ddc-91af-8bbf86569b28", "name": "Bank of America ATM", "category": "bank", "tags": ["bank", "credit", "union"], "sources": ["overture"], "website": "https://locators.bankofamerica.com/wa/bellevue/financial-centers-bellevue-16858.html", "phone": "8444018500", "address": "10572 NE 4th St", "stations": [{"stopCode": 58, "lines": "2", "name": "Bellevue Downtown Station", "walkingMeters": 841, "walkingSeconds": 604, "band": 10}]}, "geometry": {"type": "Point", "coordinates": [-122.1994247, 47.6138268]}}, {"type": "Feature", "properties": {"id": "7e159291-9a14-4da2-8225-08463b320d34", "name": "Oppenheimer & Co. Inc.", "category": "bank", "tags": ["bank", "credit", "union"], "sources": ["overture"], "website": "https://www.oppenheimer.com/branch/bellevue.aspx?utm_source=Google&utm_medium=GMB&utm_campaign=TrackingGMBTraffic", "phone": "4257090400", "address": "500 108th Ave NE Ste #2100", "stations": [{"stopCode": 58, "lines": "2", "name": "Bellevue Downtown Station", "walkingMeters": 548, "walkingSeconds": 394, "band": 5}, {"stopCode": 57, "lines": "2", "name": "East Main Station", "walkingMeters": 1112, "walkingSeconds": 802, "band": 15}]}, "geometry": {"type": "Point", "coordinates": [-122.1962891, 47.6149445]}}, {"type": "Feature", "properties": {"id": "4b61863a-d663-43e2-ad23-51f364616304", "name": "Bank of America Financial Center", "category": "bank", "tags": ["bank", "credit", "union"], "sources": ["overture"], "website": "https://locators.bankofamerica.com/wa/bellevue/financial-centers-bellevue-7556.html", "phone": "2063585112", "address": "10555 NE 8th St", "stations": [{"stopCode": 58, "lines": "2", "name": "Bellevue Downtown Station", "walkingMeters": 916, "walkingSeconds": 660, "band": 10}]}, "geometry": {"type": "Point", "coordinates": [-122.1993637, 47.6173592]}}, {"type": "Feature", "properties": {"id": "adb8d851-228e-4996-b6f3-3aa5882fc77a", "name": "Bank of America Financial Center", "category": "bank", "tags": ["bank", "credit", "union"], "sources": ["overture"], "website": "https://locators.bankofamerica.com/wa/bellevue/financial-centers-bellevue-16606.html", "phone": "4255775280", "address": "11060 NE 6th St Ste 80", "stations": [{"stopCode": 58, "lines": "2", "name": "Bellevue Downtown Station", "walkingMeters": 274, "walkingSeconds": 197, "band": 5}, {"stopCode": 57, "lines": "2", "name": "East Main Station", "walkingMeters": 963, "walkingSeconds": 693, "band": 15}, {"stopCode": 59, "lines": "2", "name": "Wilburton Station", "walkingMeters": 1073, "walkingSeconds": 772, "band": 15}]}, "geometry": {"type": "Point", "coordinates": [-122.1930008, 47.6156807]}}, {"type": "Feature", "properties": {"id": "a9780979-f6fd-4852-8d76-a09882d3e39c", "name": "TD Ameritrade", "category": "bank", "tags": ["bank", "credit", "union"], "sources": ["overture"], "website": "https://www.tdameritrade.com/locations/wa/bellevue.html?cid=LCLSTDAASEA92443", "phone": "4256465680", "address": "11100 NE 8th St Ste 250", "stations": [{"stopCode": 58, "lines": "2", "name": "Bellevue Downtown Station", "walkingMeters": 734, "walkingSeconds": 530, "band": 10}, {"stopCode": 59, "lines": "2", "name": "Wilburton Station", "walkingMeters": 1222, "walkingSeconds": 878, "band": 15}]}, "geometry": {"type": "Point", "coordinates": [-122.1967163, 47.6170502]}}, {"type": "Feature", "properties": {"id": "1bc09450-0ab1-431a-97a5-afb2ad76f1b2", "name": "Bank of America Mortgage", "category": "bank", "tags": ["bank", "credit", "union"], "sources": ["overture"], "website": "https://www.bankofamerica.com/mortgage/home-mortgage/", "phone": "4252566733", "address": "200 112th Ave NE", "stations": [{"stopCode": 57, "lines": "2", "name": "East Main Station", "walkingMeters": 516, "walkingSeconds": 371, "band": 10}, {"stopCode": 58, "lines": "2", "name": "Bellevue Downtown Station", "walkingMeters": 545, "walkingSeconds": 392, "band": 5}, {"stopCode": 59, "lines": "2", "name": "Wilburton Station", "walkingMeters": 1379, "walkingSeconds": 993, "band": 15}]}, "geometry": {"type": "Point", "coordinates": [-122.1900787, 47.612175]}}, {"type": "Feature", "properties": {"id": "43bf5b86-d675-42ec-9c3a-4c157bcb00ea", "name": "Bank of America Mortgage", "category": "bank", "tags": ["bank", "credit", "union"], "sources": ["overture"], "phone": "4252566738", "address": "200 112th Ave NE Ste 210", "stations": [{"stopCode": 58, "lines": "2", "name": "Bellevue Downtown Station", "walkingMeters": 712, "walkingSeconds": 517, "band": 10}, {"stopCode": 59, "lines": "2", "name": "Wilburton Station", "walkingMeters": 781, "walkingSeconds": 562, "band": 10}, {"stopCode": 60, "lines": "2", "name": "Spring District/120th Station", "walkingMeters": 1148, "walkingSeconds": 824, "band": 15}]}, "geometry": {"type": "Point", "coordinates": [-122.1900864, 47.6199226]}}, {"type": "Feature", "properties": {"id": "0a30b52a-9046-4083-a36b-e54109823af1", "name": "AmericanWest Bank", "category": "bank", "tags": ["bank", "credit", "union"], "sources": ["overture"], "website": "https://www.awbank.net/", "phone": "4254675900", "address": "155 108th Ave NE Ste 100", "stations": [{"stopCode": 57, "lines": "2", "name": "East Main Station", "walkingMeters": 787, "walkingSeconds": 566, "band": 15}, {"stopCode": 58, "lines": "2", "name": "Bellevue Downtown Station", "walkingMeters": 861, "walkingSeconds": 619, "band": 10}]}, "geometry": {"type": "Point", "coordinates": [-122.1967316, 47.6117554]}}, {"type": "Feature", "properties": {"id": "13bc121b-3804-4017-911b-708b06eaa473", "name": "Fortune Bank", "category": "bank", "tags": ["bank", "credit", "union"], "sources": ["overture"], "website": "http://www.fortunebankwa.com/", "phone": "4252234110", "address": "10655 NE 4th St Ste 800", "stations": [{"stopCode": 58, "lines": "2", "name": "Bellevue Downtown Station", "walkingMeters": 832, "walkingSeconds": 598, "band": 10}, {"stopCode": 57, "lines": "2", "name": "East Main Station", "walkingMeters": 1057, "walkingSeconds": 760, "band": 15}]}, "geometry": {"type": "Point", "coordinates": [-122.1979141, 47.6132469]}}, {"type": "Feature", "properties": {"id": "08f3de46-b4fe-40ee-8111-1d237dbe9651", "name": "Chase Bank", "category": "bank", "tags": ["bank", "credit", "union"], "sources": ["overture"], "website": "https://www.chase.com/locator/banking/us/wa/bellevue/10550-ne-8th-st?jp_cmp=rb%2FLocalListings%2Faff%2Fbranch%2Fna&y_source=1_MjAzOTk1Mi00ODMtbG9jYXRpb24ud2Vic2l0ZQ%3D%3D", "phone": "4255904242", "address": "10550 NE 8th St", "stations": [{"stopCode": 58, "lines": "2", "name": "Bellevue Downtown Station", "walkingMeters": 992, "walkingSeconds": 715, "band": 10}]}, "geometry": {"type": "Point", "coordinates": [-122.199501, 47.6177025]}}, {"type": "Feature", "properties": {"id": "97c60441-52b9-46e2-95fa-5f4c9ea7d06f", "name": "Wells Fargo Advisors", "category": "bank", "tags": ["bank", "credit", "union"], "sources": ["overture"], "website": "https://home.wellsfargoadvisors.com/001_79?excid=FA1500050253", "phone": "4254627017", "address": "777 108th Ave NE Ste 2500", "stations": [{"stopCode": 58, "lines": "2", "name": "Bellevue Downtown Station", "walkingMeters": 660, "walkingSeconds": 477, "band": 10}, {"stopCode": 59, "lines": "2", "name": "Wilburton Station", "walkingMeters": 1219, "walkingSeconds": 878, "band": 15}]}, "geometry": {"type": "Point", "coordinates": [-122.196312, 47.616909]}}, {"type": "Feature", "properties": {"id": "ce72735e-c9ed-4c31-9dcc-4b5cc3160141", "name": "Wells Fargo Advisors", "category": "bank", "tags": ["bank", "credit", "union"], "sources": ["overture"], "phone": "4254508041", "address": "205 108TH AVE NE", "stations": [{"stopCode": 57, "lines": "2", "name": "East Main Station", "walkingMeters": 841, "walkingSeconds": 604, "band": 15}, {"stopCode": 58, "lines": "2", "name": "Bellevue Downtown Station", "walkingMeters": 858, "walkingSeconds": 616, "band": 10}]}, "geometry": {"type": "Point", "coordinates": [-122.1968384, 47.6122742]}}, {"type": "Feature", "properties": {"id": "b387e81b-23bb-4ea3-b6c5-e46e66af63ff", "name": "TIAA Financial Services", "category": "bank", "tags": ["bank", "credit", "union"], "sources": ["overture"], "website": "https://locations.tiaa.org/wa/bellevue/929-108th-avenue-ne-suite-720?tc_mcid=so_yext021615", "phone": "8778422028", "address": "929 108th Avenue NE, Suite 720", "stations": [{"stopCode": 58, "lines": "2", "name": "Bellevue Downtown Station", "walkingMeters": 824, "walkingSeconds": 594, "band": 10}, {"stopCode": 59, "lines": "2", "name": "Wilburton Station", "walkingMeters": 1234, "walkingSeconds": 887, "band": 15}]}, "geometry": {"type": "Point", "coordinates": [-122.1968079, 47.6182518]}}, {"type": "Feature", "properties": {"id": "dadd5307-2b7d-4f63-901b-1e5a631c00ca", "name": "Portage Bank", "category": "bank", "tags": ["bank", "credit", "union"], "sources": ["overture"], "website": "https://portage.bank/", "phone": "+15076324242", "address": "880 108th Ave NE", "stations": [{"stopCode": 58, "lines": "2", "name": "Bellevue Downtown Station", "walkingMeters": 831, "walkingSeconds": 598, "band": 10}, {"stopCode": 59, "lines": "2", "name": "Wilburton Station", "walkingMeters": 1143, "walkingSeconds": 822, "band": 15}]}, "geometry": {"type": "Point", "coordinates": [-122.1961441, 47.6185265]}}, {"type": "Feature", "properties": {"id": "a79984dd-6b8c-43f7-a13b-c285950767ac", "name": "Key Private Bank", "category": "bank", "tags": ["bank", "credit", "union"], "sources": ["overture"], "website": "https://www.key.com/locations/WA/Bellevue/MCD47310260/601-108th-Ave-Ne-Ste-320?ppc=cmpyxt", "phone": "8776342968", "address": "601 108th Ave NE Ste 320", "stations": [{"stopCode": 58, "lines": "2", "name": "Bellevue Downtown Station", "walkingMeters": 560, "walkingSeconds": 405, "band": 10}, {"stopCode": 59, "lines": "2", "name": "Wilburton Station", "walkingMeters": 1320, "walkingSeconds": 951, "band": 15}]}, "geometry": {"type": "Point", "coordinates": [-122.1963043, 47.6160049]}}, {"type": "Feature", "properties": {"id": "81ffc7f7-e098-4d41-9bcc-4eca982bd25c", "name": "Pinnacle Private Wealth Advisors", "category": "bank", "tags": ["bank", "credit", "union"], "sources": ["overture"], "website": "https://www.fmgwebsites.com/4289b5d8-efbf-47ff-8db3-d191fbcfd4c9/", "phone": "4255368000", "address": "Skyline Tower 10900 NE 4th St Ste 2260", "stations": [{"stopCode": 58, "lines": "2", "name": "Bellevue Downtown Station", "walkingMeters": 517, "walkingSeconds": 372, "band": 5}, {"stopCode": 57, "lines": "2", "name": "East Main Station", "walkingMeters": 918, "walkingSeconds": 661, "band": 15}]}, "geometry": {"type": "Point", "coordinates": [-122.1948929, 47.6140327]}}, {"type": "Feature", "properties": {"id": "53408f90-ab3f-41a9-b974-90e512e733e7", "name": "Ascent Wealth Solutions", "category": "bank", "tags": ["bank", "credit", "union"], "sources": ["overture"], "website": "https://www.ascentwealthsolutions.com/", "phone": "4256580530", "address": "10900 NE 4th St Ste 2300", "stations": [{"stopCode": 58, "lines": "2", "name": "Bellevue Downtown Station", "walkingMeters": 482, "walkingSeconds": 347, "band": 5}, {"stopCode": 57, "lines": "2", "name": "East Main Station", "walkingMeters": 937, "walkingSeconds": 674, "band": 15}, {"stopCode": 59, "lines": "2", "name": "Wilburton Station", "walkingMeters": 1350, "walkingSeconds": 974, "band": 15}]}, "geometry": {"type": "Point", "coordinates": [-122.1943817, 47.6140938]}}, {"type": "Feature", "properties": {"id": "60e0840d-f8b2-429c-bc84-037d01969edd", "name": "David Dunn Wealth Advisor", "category": "bank", "tags": ["bank", "credit", "union"], "sources": ["overture"], "website": "https://www.daviddunn.com/", "phone": "4253213000", "address": "10900 NE 4th St Ste 2300", "stations": [{"stopCode": 58, "lines": "2", "name": "Bellevue Downtown Station", "walkingMeters": 482, "walkingSeconds": 347, "band": 5}, {"stopCode": 57, "lines": "2", "name": "East Main Station", "walkingMeters": 937, "walkingSeconds": 674, "band": 15}, {"stopCode": 59, "lines": "2", "name": "Wilburton Station", "walkingMeters": 1350, "walkingSeconds": 974, "band": 15}]}, "geometry": {"type": "Point", "coordinates": [-122.1943817, 47.6140938]}}, {"type": "Feature", "properties": {"id": "d702ccda-091b-41a3-b71f-2e6878f65131", "name": "Club Pilates", "category": "fitness_centre", "tags": ["fitness-centre", "yoga", "studio"], "sources": ["overture"], "website": "https://www.clubpilates.com/bellevue", "phone": "(425) 326-1926", "address": "143 106th Ave NE", "stations": [{"stopCode": 57, "lines": "2", "name": "East Main Station", "walkingMeters": 986, "walkingSeconds": 709, "band": 15}, {"stopCode": 58, "lines": "2", "name": "Bellevue Downtown Station", "walkingMeters": 1191, "walkingSeconds": 857, "band": 15}]}, "geometry": {"type": "Point", "coordinates": [-122.1997147, 47.6111679]}}, {"type": "Feature", "properties": {"id": 3306791362, "name": "LA Fitness", "category": "fitness_centre", "tags": ["fitness-centre", "gym"], "sources": ["osm", "overture"], "website": "https://www.lafitness.com/Pages/clubhome.aspx?clubid=314&utm_source=bing&utm_medium=bingmaps&utm_campaign=maps", "phone": "4256888700", "address": "550 106th Ave NE Ste 215", "stations": [{"stopCode": 58, "lines": "2", "name": "Bellevue Downtown Station", "walkingMeters": 703, "walkingSeconds": 507, "band": 10}]}, "geometry": {"type": "Point", "coordinates": [-122.1982816, 47.6152002]}}, {"type": "Feature", "properties": {"id": "8199cdb4-e4d5-4702-bf67-871b8abf137c", "name": "F45 Training", "category": "fitness_centre", "tags": ["fitness-centre", "gym"], "sources": ["overture"], "website": "https://www.f45training.com/bellevue", "address": "11130 NE 10th St", "stations": [{"stopCode": 58, "lines": "2", "name": "Bellevue Downtown Station", "walkingMeters": 618, "walkingSeconds": 445, "band": 10}, {"stopCode": 59, "lines": "2", "name": "Wilburton Station", "walkingMeters": 727, "walkingSeconds": 526, "band": 10}, {"stopCode": 60, "lines": "2", "name": "Spring District/120th Station", "walkingMeters": 1269, "walkingSeconds": 912, "band": 15}]}, "geometry": {"type": "Point", "coordinates": [-122.191452, 47.6196175]}}, {"type": "Feature", "properties": {"id": "ee5e0191-387f-4bff-80e8-c84e7b405f3f", "name": "24 Hour Fitness", "category": "fitness_centre", "tags": ["fitness-centre", "gym"], "sources": ["overture"], "website": "http://www.24hourfitness.com/FindClubDetail.do?clubid=399&cm_mmc=Bing-_-Local-_-clubpage-_-399", "phone": "4254676419", "address": "188 106th Ave NE Ste 500", "stations": [{"stopCode": 57, "lines": "2", "name": "East Main Station", "walkingMeters": 963, "walkingSeconds": 693, "band": 15}, {"stopCode": 58, "lines": "2", "name": "Bellevue Downtown Station", "walkingMeters": 1041, "walkingSeconds": 748, "band": 15}]}, "geometry": {"type": "Point", "coordinates": [-122.1988525, 47.6117668]}}, {"type": "Feature", "properties": {"id": 6059131001, "name": "Barre3", "category": "fitness_centre", "tags": ["fitness-centre", "barre", "gym"], "sources": ["osm", "overture"], "website": "http://barre3.com/studio-locations/bellevue", "phone": "+14254498271", "address": "1020 108th Ave NE", "stations": [{"stopCode": 58, "lines": "2", "name": "Bellevue Downtown Station", "walkingMeters": 916, "walkingSeconds": 659, "band": 10}, {"stopCode": 59, "lines": "2", "name": "Wilburton Station", "walkingMeters": 1070, "walkingSeconds": 771, "band": 15}]}, "geometry": {"type": "Point", "coordinates": [-122.195845, 47.6196692]}}, {"type": "Feature", "properties": {"id": 3883822560, "name": "Pure Barre", "category": "fitness_centre", "tags": ["fitness-centre", "pilates", "studio"], "sources": ["osm", "overture"], "website": "https://www.purebarre.com/location/bellevue-wa", "phone": "+14254627474", "address": "909 112th Ave NE", "stations": [{"stopCode": 58, "lines": "2", "name": "Bellevue Downtown Station", "walkingMeters": 588, "walkingSeconds": 422, "band": 10}, {"stopCode": 59, "lines": "2", "name": "Wilburton Station", "walkingMeters": 871, "walkingSeconds": 626, "band": 10}]}, "geometry": {"type": "Point", "coordinates": [-122.191468, 47.6184149]}}, {"type": "Feature", "properties": {"id": 3883822563, "name": "bStrong Personal Training", "category": "fitness_centre", "tags": ["fitness-centre"], "sources": ["osm"], "website": "https://www.bstrong.com/bellevue-elements", "phone": "+1-425-429-7470", "address": "989 112th Avenue Northeast", "hours": "Mo 06:00-12:00,15:30-20:30; Tu 05:30-13:00,16:00-20:30; We 06:00-12:00,15:30-20:30; Th 05:30-13:00,16:00-20:30; Fr 06:00-12:00,14:00-20:00; Sa 08:30-13:30; Su off", "stations": [{"stopCode": 58, "lines": "2", "name": "Bellevue Downtown Station", "walkingMeters": 606, "walkingSeconds": 436, "band": 10}, {"stopCode": 59, "lines": "2", "name": "Wilburton Station", "walkingMeters": 721, "walkingSeconds": 518, "band": 10}, {"stopCode": 60, "lines": "2", "name": "Spring District/120th Station", "walkingMeters": 1310, "walkingSeconds": 941, "band": 15}]}, "geometry": {"type": "Point", "coordinates": [-122.1916695, 47.6192032]}}, {"type": "Feature", "properties": {"id": 5397534321, "name": "The Ashram Yoga Bellevue", "category": "fitness_centre", "tags": ["fitness-centre", "yoga"], "sources": ["osm"], "website": "https://theashramyoga.com/", "phone": "+1-425-453-6776", "address": "958 111th Avenue Northeast", "hours": "Mo-Th 06:30-21:00; Fr 06:30-20:00; Sa 07:30-18:30; Su 07:30-20:15", "stations": [{"stopCode": 58, "lines": "2", "name": "Bellevue Downtown Station", "walkingMeters": 579, "walkingSeconds": 416, "band": 10}, {"stopCode": 59, "lines": "2", "name": "Wilburton Station", "walkingMeters": 808, "walkingSeconds": 580, "band": 10}]}, "geometry": {"type": "Point", "coordinates": [-122.1917963, 47.6186352]}}, {"type": "Feature", "properties": {"id": 5608446847, "name": "Infrared Yoga", "category": "fitness_centre", "tags": ["fitness-centre", "yoga", "studio"], "sources": ["osm", "overture"], "website": "https://www.infraredyogawa.com/", "phone": "+14253249681", "address": "1032 106th Ave NE #124B", "stations": [{"stopCode": 58, "lines": "2", "name": "Bellevue Downtown Station", "walkingMeters": 1156, "walkingSeconds": 833, "band": 15}]}, "geometry": {"type": "Point", "coordinates": [-122.1989402, 47.6197849]}}, {"type": "Feature", "properties": {"id": 5833613060, "name": "bStrong Bellevue", "category": "fitness_centre", "tags": ["fitness-centre"], "sources": ["osm"], "website": "https://bstrongbellevue.com/", "address": "11000 Northeast 10th Street", "stations": [{"stopCode": 58, "lines": "2", "name": "Bellevue Downtown Station", "walkingMeters": 745, "walkingSeconds": 536, "band": 10}, {"stopCode": 59, "lines": "2", "name": "Wilburton Station", "walkingMeters": 874, "walkingSeconds": 628, "band": 15}]}, "geometry": {"type": "Point", "coordinates": [-122.1933928, 47.619471]}}, {"type": "Feature", "properties": {"id": 6395008271, "name": "Elevate Fitlife", "category": "fitness_centre", "tags": ["fitness-centre", "gym"], "sources": ["osm", "overture"], "website": "https://linktr.ee/elevatefitnessbellevue", "phone": "+14252400410", "address": "258 106th Ave NE", "stations": [{"stopCode": 57, "lines": "2", "name": "East Main Station", "walkingMeters": 980, "walkingSeconds": 704, "band": 15}, {"stopCode": 58, "lines": "2", "name": "Bellevue Downtown Station", "walkingMeters": 983, "walkingSeconds": 707, "band": 10}]}, "geometry": {"type": "Point", "coordinates": [-122.1986565, 47.6122376]}}, {"type": "Feature", "properties": {"id": 11265802449, "name": "23FITCLUB", "category": "fitness_centre", "tags": ["fitness-centre", "fitness", "boxing", "wheelchair-accessible", "gym"], "sources": ["osm", "overture"], "website": "https://www.23fitclub.com/", "phone": "+14253935402", "address": "10604 NE 9th Pl", "hours": "Mo-Fr 05:00-21:00; Sa 07:00-18:00", "stations": [{"stopCode": 58, "lines": "2", "name": "Bellevue Downtown Station", "walkingMeters": 1036, "walkingSeconds": 747, "band": 15}]}, "geometry": {"type": "Point", "coordinates": [-122.1988856, 47.6187539]}}, {"type": "Feature", "properties": {"id": 11332286253, "name": "The Pursuit", "category": "fitness_centre", "tags": ["fitness-centre", "pilates", "studio"], "sources": ["osm", "overture"], "website": "http://www.thepursuitstudio.com/", "phone": "+14252409092", "address": "1039 106th Ave NE", "stations": [{"stopCode": 58, "lines": "2", "name": "Bellevue Downtown Station", "walkingMeters": 1151, "walkingSeconds": 832, "band": 15}]}, "geometry": {"type": "Point", "coordinates": [-122.1993476, 47.6196477]}}, {"type": "Feature", "properties": {"id": "ac57ef8d-d5eb-4afe-bbc1-652cd8a6416f", "name": "Shred415 Bellevue", "category": "fitness_centre", "tags": ["fitness-centre", "gym"], "sources": ["overture"], "website": "https://shred415.com/locations/bellevue/", "phone": "+14256796602", "address": "1032 106th Ave NE #124", "stations": [{"stopCode": 58, "lines": "2", "name": "Bellevue Downtown Station", "walkingMeters": 1150, "walkingSeconds": 829, "band": 15}]}, "geometry": {"type": "Point", "coordinates": [-122.1989746, 47.6197319]}}, {"type": "Feature", "properties": {"id": "afa882c6-6f75-4696-8c15-6e39c64ac10a", "name": "Extreme Fitness Inc", "category": "fitness_centre", "tags": ["fitness-centre", "gym"], "sources": ["overture"], "phone": "4252831971", "address": "777 108th Ave NE", "stations": [{"stopCode": 58, "lines": "2", "name": "Bellevue Downtown Station", "walkingMeters": 696, "walkingSeconds": 502, "band": 10}, {"stopCode": 59, "lines": "2", "name": "Wilburton Station", "walkingMeters": 1204, "walkingSeconds": 867, "band": 15}]}, "geometry": {"type": "Point", "coordinates": [-122.196434, 47.6171799]}}, {"type": "Feature", "properties": {"id": "28ed57c2-d3b5-4052-a769-ff2143a6dc9f", "name": "Bellevue fitness", "category": "fitness_centre", "tags": ["fitness-centre", "gym"], "sources": ["overture"], "phone": "(425) 298-6414", "address": "777 108th Ave NE", "stations": [{"stopCode": 58, "lines": "2", "name": "Bellevue Downtown Station", "walkingMeters": 698, "walkingSeconds": 504, "band": 10}, {"stopCode": 59, "lines": "2", "name": "Wilburton Station", "walkingMeters": 1304, "walkingSeconds": 937, "band": 15}]}, "geometry": {"type": "Point", "coordinates": [-122.1970062, 47.61689]}}, {"type": "Feature", "properties": {"id": "3ae02b26-cca8-4559-8516-162ca412d08b", "name": "Skyline Tower Fitness Center", "category": "fitness_centre", "tags": ["fitness-centre", "gym"], "sources": ["overture"], "website": "http://www.skylinetowerbellevue.com", "phone": "+14254622107", "address": "10900 NE 4th St", "stations": [{"stopCode": 58, "lines": "2", "name": "Bellevue Downtown Station", "walkingMeters": 482, "walkingSeconds": 347, "band": 5}, {"stopCode": 57, "lines": "2", "name": "East Main Station", "walkingMeters": 937, "walkingSeconds": 674, "band": 15}, {"stopCode": 59, "lines": "2", "name": "Wilburton Station", "walkingMeters": 1350, "walkingSeconds": 974, "band": 15}]}, "geometry": {"type": "Point", "coordinates": [-122.1943283, 47.6140442]}}, {"type": "Feature", "properties": {"id": "ec4329ab-8981-42ea-a6ef-cbe383989af9", "name": "Stretch 22", "category": "fitness_centre", "tags": ["fitness-centre", "yoga", "studio"], "sources": ["overture"], "website": "http://www.stretch22.com/", "phone": "+14255027727", "address": "10830 NE 2nd Pl", "stations": [{"stopCode": 58, "lines": "2", "name": "Bellevue Downtown Station", "walkingMeters": 617, "walkingSeconds": 446, "band": 5}, {"stopCode": 57, "lines": "2", "name": "East Main Station", "walkingMeters": 682, "walkingSeconds": 493, "band": 10}]}, "geometry": {"type": "Point", "coordinates": [-122.1940842, 47.6124725]}}, {"type": "Feature", "properties": {"id": "18854478-c662-4af4-92b2-a6375783fc68", "name": "Main Street Pilates", "category": "fitness_centre", "tags": ["fitness-centre", "pilates", "studio"], "sources": ["overture"], "website": "http://www.mainstreetpilates.com/", "phone": "+14255105505", "address": "10838 Main St Suite 100", "stations": [{"stopCode": 57, "lines": "2", "name": "East Main Station", "walkingMeters": 513, "walkingSeconds": 369, "band": 10}, {"stopCode": 58, "lines": "2", "name": "Bellevue Downtown Station", "walkingMeters": 909, "walkingSeconds": 658, "band": 10}]}, "geometry": {"type": "Point", "coordinates": [-122.1947708, 47.6102943]}}, {"type": "Feature", "properties": {"id": "1f8a4a9c-1319-4cab-9a2d-fbaf59929bae", "name": "Shawn Casey, Results Fitness", "category": "fitness_centre", "tags": ["fitness-centre", "gym"], "sources": ["overture"], "website": "http://www.bellevueresultsfitness.com/", "phone": "+14254518281", "address": "155 108th Ave NE", "stations": [{"stopCode": 57, "lines": "2", "name": "East Main Station", "walkingMeters": 810, "walkingSeconds": 583, "band": 15}, {"stopCode": 58, "lines": "2", "name": "Bellevue Downtown Station", "walkingMeters": 876, "walkingSeconds": 630, "band": 10}]}, "geometry": {"type": "Point", "coordinates": [-122.1967621, 47.6118279]}}, {"type": "Feature", "properties": {"id": "ff09588c-3e65-4dbb-851a-b5440732ba0f", "name": "Ac Hotel Fitness Center", "category": "fitness_centre", "tags": ["fitness-centre", "gym"], "sources": ["overture"], "address": "208 106th Pl NE", "stations": [{"stopCode": 57, "lines": "2", "name": "East Main Station", "walkingMeters": 923, "walkingSeconds": 664, "band": 15}, {"stopCode": 58, "lines": "2", "name": "Bellevue Downtown Station", "walkingMeters": 940, "walkingSeconds": 676, "band": 10}]}, "geometry": {"type": "Point", "coordinates": [-122.1979904, 47.6123924]}}, {"type": "Feature", "properties": {"id": "484953d1-4577-46df-9707-d2d6ee234f5c", "name": "Fitness Forward", "category": "fitness_centre", "tags": ["fitness-centre", "gym"], "sources": ["overture"], "website": "http://www.fitnessforwardstudio.com", "phone": "+14254663653", "address": "227 Bellevue Way NE", "stations": [{"stopCode": 57, "lines": "2", "name": "East Main Station", "walkingMeters": 928, "walkingSeconds": 667, "band": 15}, {"stopCode": 58, "lines": "2", "name": "Bellevue Downtown Station", "walkingMeters": 1249, "walkingSeconds": 898, "band": 15}]}, "geometry": {"type": "Point", "coordinates": [-122.1998901, 47.6106491]}}, {"type": "Feature", "properties": {"id": "7084ef26-58d2-4dff-b0a5-703a10ab57b6", "name": "Hot Yoga Center", "category": "fitness_centre", "tags": ["fitness-centre", "yoga", "studio"], "sources": ["overture"], "website": "http://hotyogainc.com/", "phone": "+14254510880", "address": "117 106th Ave NE", "stations": [{"stopCode": 57, "lines": "2", "name": "East Main Station", "walkingMeters": 841, "walkingSeconds": 605, "band": 15}, {"stopCode": 58, "lines": "2", "name": "Bellevue Downtown Station", "walkingMeters": 1183, "walkingSeconds": 851, "band": 15}]}, "geometry": {"type": "Point", "coordinates": [-122.1993103, 47.6105194]}}, {"type": "Feature", "properties": {"id": "c275fd23-9e25-4dce-95ee-5811f7da2f4d", "name": "David Barton Gym | Seattle | Bellevue", "category": "fitness_centre", "tags": ["fitness-centre", "gym"], "sources": ["overture"], "website": "http://www.davidbartongym.com/", "phone": "4254537887", "address": "11111 NE 8th St #201", "stations": [{"stopCode": 58, "lines": "2", "name": "Bellevue Downtown Station", "walkingMeters": 310, "walkingSeconds": 231, "band": 5}, {"stopCode": 59, "lines": "2", "name": "Wilburton Station", "walkingMeters": 789, "walkingSeconds": 589, "band": 10}, {"stopCode": 57, "lines": "2", "name": "East Main Station", "walkingMeters": 1327, "walkingSeconds": 990, "band": 15}]}, "geometry": {"type": "Point", "coordinates": [-122.1918106, 47.6173592]}}, {"type": "Feature", "properties": {"id": "35cf0d9b-0f9c-4d4d-9f68-8bb1a69efff6", "name": "Life Time", "category": "fitness_centre", "tags": ["fitness-centre", "gym"], "sources": ["overture"], "website": "https://www.lifetime.life/locations/wa/bellevue.html?utm_source=facebook&utm_medium=local&utm_campaign=facebook-local-club", "phone": "+12067127900", "address": "11111 NE 8th St", "stations": [{"stopCode": 58, "lines": "2", "name": "Bellevue Downtown Station", "walkingMeters": 440, "walkingSeconds": 317, "band": 5}, {"stopCode": 59, "lines": "2", "name": "Wilburton Station", "walkingMeters": 892, "walkingSeconds": 642, "band": 10}, {"stopCode": 57, "lines": "2", "name": "East Main Station", "walkingMeters": 1133, "walkingSeconds": 816, "band": 15}]}, "geometry": {"type": "Point", "coordinates": [-122.1920929, 47.6167831]}}, {"type": "Feature", "properties": {"id": "f2511092-aa34-4ed2-bda6-8b2f65b17850", "name": "The Ashram Yoga", "category": "fitness_centre", "tags": ["fitness-centre", "gym"], "sources": ["overture"], "website": "http://theashramyoga.com/", "phone": "4254536776", "address": "958 111th Ave NE", "stations": [{"stopCode": 58, "lines": "2", "name": "Bellevue Downtown Station", "walkingMeters": 596, "walkingSeconds": 429, "band": 10}, {"stopCode": 59, "lines": "2", "name": "Wilburton Station", "walkingMeters": 771, "walkingSeconds": 554, "band": 10}]}, "geometry": {"type": "Point", "coordinates": [-122.1919785, 47.6189995]}}, {"type": "Feature", "properties": {"id": "e02ec472-9e35-4392-8269-fe0d834a004e", "name": "Sweat Equity Gym", "category": "fitness_centre", "tags": ["fitness-centre", "gym"], "sources": ["overture"], "phone": "2063100988", "address": "989 112th Ave NE Ste 102", "stations": [{"stopCode": 58, "lines": "2", "name": "Bellevue Downtown Station", "walkingMeters": 575, "walkingSeconds": 414, "band": 10}, {"stopCode": 59, "lines": "2", "name": "Wilburton Station", "walkingMeters": 775, "walkingSeconds": 557, "band": 10}]}, "geometry": {"type": "Point", "coordinates": [-122.1917038, 47.618988]}}, {"type": "Feature", "properties": {"id": "d565b847-f893-45f2-89f0-7ce07ffe5a57", "name": "Fire Fitness & Conditioning", "category": "fitness_centre", "tags": ["fitness-centre", "gym"], "sources": ["overture"], "website": "http://www.fire-fitness.com/", "phone": "+12069793473", "address": "909 112th Ave NE", "stations": [{"stopCode": 58, "lines": "2", "name": "Bellevue Downtown Station", "walkingMeters": 579, "walkingSeconds": 416, "band": 10}, {"stopCode": 59, "lines": "2", "name": "Wilburton Station", "walkingMeters": 778, "walkingSeconds": 559, "band": 10}, {"stopCode": 57, "lines": "2", "name": "East Main Station", "walkingMeters": 1464, "walkingSeconds": 1093, "band": 15}]}, "geometry": {"type": "Point", "coordinates": [-122.1911697, 47.6183167]}}, {"type": "Feature", "properties": {"id": "7f17bf84-2647-447f-8229-880e8ac7d1b1", "name": "bStrong Personal Training - Bellevue", "category": "fitness_centre", "tags": ["fitness-centre", "gym"], "sources": ["overture"], "website": "https://www.bstrong.com", "phone": "+14254297470", "address": "989 112th Ave NE Ste 102", "stations": [{"stopCode": 58, "lines": "2", "name": "Bellevue Downtown Station", "walkingMeters": 564, "walkingSeconds": 421, "band": 10}, {"stopCode": 59, "lines": "2", "name": "Wilburton Station", "walkingMeters": 777, "walkingSeconds": 580, "band": 10}, {"stopCode": 60, "lines": "2", "name": "Spring District/120th Station", "walkingMeters": 1433, "walkingSeconds": 1069, "band": 15}]}, "geometry": {"type": "Point", "coordinates": [-122.1915512, 47.6191063]}}, {"type": "Feature", "properties": {"id": "97be98ec-7e7d-45f0-8f6c-06d881ab9a88", "name": "Bstrong", "category": "fitness_centre", "tags": ["fitness-centre", "gym"], "sources": ["overture"], "website": "http://www.bstrongbellevue.com", "phone": "(425) 429-6952", "address": "11000 NE 10th St", "stations": [{"stopCode": 58, "lines": "2", "name": "Bellevue Downtown Station", "walkingMeters": 777, "walkingSeconds": 558, "band": 10}, {"stopCode": 59, "lines": "2", "name": "Wilburton Station", "walkingMeters": 892, "walkingSeconds": 641, "band": 15}]}, "geometry": {"type": "Point", "coordinates": [-122.1928329, 47.6197968]}}, {"type": "Feature", "properties": {"id": "2c183eaa-f8b2-4cf9-9541-46d304ba16f7", "name": "bFit Bellevue", "category": "fitness_centre", "tags": ["fitness-centre", "gym"], "sources": ["overture"], "website": "http://www.bfitbellevue.com", "phone": "(206) 310-0988", "address": "11000 NE", "stations": [{"stopCode": 58, "lines": "2", "name": "Bellevue Downtown Station", "walkingMeters": 775, "walkingSeconds": 558, "band": 10}, {"stopCode": 59, "lines": "2", "name": "Wilburton Station", "walkingMeters": 891, "walkingSeconds": 640, "band": 15}]}, "geometry": {"type": "Point", "coordinates": [-122.1928177, 47.6197395]}}]}