{"type": "FeatureCollection", "features": [{"type": "Feature", "properties": {"id": "b07659b9-5708-4444-8004-cad59eb1d44c", "name": "Starbucks", "category": "cafe", "tags": ["cafe", "coffee"], "sources": ["overture"], "phone": "2069038010", "address": "102 Pike St (1st & Pike-Seattle)", "stations": [{"stopCode": 51, "lines": "1,2", "name": "Symphony Station", "walkingMeters": 442, "walkingSeconds": 318, "band": 5}, {"stopCode": 50, "lines": "1,2", "name": "Westlake Station", "walkingMeters": 468, "walkingSeconds": 337, "band": 10}, {"stopCode": 52, "lines": "1,2", "name": "Pioneer Square Station", "walkingMeters": 1136, "walkingSeconds": 817, "band": 15}]}, "geometry": {"type": "Point", "coordinates": [-122.3400574, 47.6088333]}}, {"type": "Feature", "properties": {"id": 1611112411, "name": "Maximilien", "category": "restaurant", "tags": ["restaurant", "french", "european"], "sources": ["osm", "overture"], "website": "https://www.maximilienrestaurant.com/", "phone": "+12066827270", "address": "81A Pike St", "hours": "Mo-Sa 11:30-22:00; Su 10:00-22:00", "stations": [{"stopCode": 51, "lines": "1,2", "name": "Symphony Station", "walkingMeters": 522, "walkingSeconds": 375, "band": 10}, {"stopCode": 50, "lines": "1,2", "name": "Westlake Station", "walkingMeters": 618, "walkingSeconds": 448, "band": 10}, {"stopCode": 52, "lines": "1,2", "name": "Pioneer Square Station", "walkingMeters": 1203, "walkingSeconds": 865, "band": 15}]}, "geometry": {"type": "Point", "coordinates": [-122.3408538, 47.6083167]}}, {"type": "Feature", "properties": {"id": 2169065711, "name": "Miss Cafe", "category": "restaurant", "tags": ["restaurant", "turkish", "middle-eastern"], "sources": ["osm", "overture"], "website": "https://www.misscaffe.com/menus", "phone": "+12064857044", "address": "1523 1st Ave", "hours": "Mo-Su 08:00-11:15; Mo-We 11:30-15:30; Th-Su 11:30-18:30", "stations": [{"stopCode": 50, "lines": "1,2", "name": "Westlake Station", "walkingMeters": 432, "walkingSeconds": 313, "band": 5}, {"stopCode": 51, "lines": "1,2", "name": "Symphony Station", "walkingMeters": 534, "walkingSeconds": 384, "band": 10}, {"stopCode": 52, "lines": "1,2", "name": "Pioneer Square Station", "walkingMeters": 1227, "walkingSeconds": 883, "band": 15}]}, "geometry": {"type": "Point", "coordinates": [-122.340759, 47.60938]}}, {"type": "Feature", "properties": {"id": 2169291690, "name": "Michou Deli", "category": "restaurant", "tags": ["restaurant"], "sources": ["osm"], "website": "https://www.michoudeli.com/", "phone": "+1-206-448-4758", "address": "1904 Pike Place", "hours": "Mo-Fr 09:00-17:00; Sa-Su 10:00-17:00", "stations": [{"stopCode": 50, "lines": "1,2", "name": "Westlake Station", "walkingMeters": 512, "walkingSeconds": 372, "band": 10}, {"stopCode": 51, "lines": "1,2", "name": "Symphony Station", "walkingMeters": 674, "walkingSeconds": 484, "band": 10}]}, "geometry": {"type": "Point", "coordinates": [-122.342338, 47.6098611]}}, {"type": "Feature", "properties": {"id": 2169291698, "name": "Piroshky Piroshky", "category": "restaurant", "tags": ["restaurant", "american", "takeaway", "bakery", "russian", "eastern-european"], "sources": ["osm", "overture"], "website": "http://www.piroshkybakery.com/", "phone": "+12067641000", "address": "1908 Pike Pl", "hours": "Mo-Su 08:00-19:00", "stations": [{"stopCode": 50, "lines": "1,2", "name": "Westlake Station", "walkingMeters": 524, "walkingSeconds": 381, "band": 10}, {"stopCode": 51, "lines": "1,2", "name": "Symphony Station", "walkingMeters": 686, "walkingSeconds": 493, "band": 10}]}, "geometry": {"type": "Point", "coordinates": [-122.3424581, 47.6099319]}}, {"type": "Feature", "properties": {"id": "e60ff14e-8911-4840-bcf1-38d48583c516", "name": "Mee Sum Pastry", "category": "restaurant", "tags": ["restaurant", "dim-sum", "dim", "sum", "taiwanese", "asian"], "sources": ["overture"], "website": "http://meesum.com", "phone": "+12066826780", "address": "1526 Pike Pl", "stations": [{"stopCode": 50, "lines": "1,2", "name": "Westlake Station", "walkingMeters": 474, "walkingSeconds": 342, "band": 10}, {"stopCode": 51, "lines": "1,2", "name": "Symphony Station", "walkingMeters": 574, "walkingSeconds": 412, "band": 10}]}, "geometry": {"type": "Point", "coordinates": [-122.3414001, 47.6092606]}}, {"type": "Feature", "properties": {"id": 2355135937, "name": "WingDome", "category": "restaurant", "tags": ["restaurant", "american", "chicken"], "sources": ["osm", "overture"], "website": "http://www.TheWingDome.com", "phone": "+12066232066", "address": "1201 Alaskan Wy Ste 101", "hours": "Mo-Th 11:00-20:00; Fr-Su 11:00-21:00", "stations": [{"stopCode": 51, "lines": "1,2", "name": "Symphony Station", "walkingMeters": 511, "walkingSeconds": 368, "band": 10}, {"stopCode": 52, "lines": "1,2", "name": "Pioneer Square Station", "walkingMeters": 954, "walkingSeconds": 686, "band": 15}, {"stopCode": 50, "lines": "1,2", "name": "Westlake Station", "walkingMeters": 1019, "walkingSeconds": 733, "band": 15}]}, "geometry": {"type": "Point", "coordinates": [-122.3402739, 47.6053456]}}, {"type": "Feature", "properties": {"id": 2397460917, "name": "Cobb's Popcorn", "category": "cafe", "tags": ["cafe", "popcorn"], "sources": ["osm"], "website": "https://www.cobbspopcorn.com/", "address": "1500 Western Avenue", "stations": [{"stopCode": 51, "lines": "1,2", "name": "Symphony Station", "walkingMeters": 539, "walkingSeconds": 387, "band": 10}, {"stopCode": 50, "lines": "1,2", "name": "Westlake Station", "walkingMeters": 605, "walkingSeconds": 439, "band": 10}, {"stopCode": 52, "lines": "1,2", "name": "Pioneer Square Station", "walkingMeters": 1220, "walkingSeconds": 878, "band": 15}]}, "geometry": {"type": "Point", "coordinates": [-122.3410359, 47.6084177]}}, {"type": "Feature", "properties": {"id": 2397460944, "name": "Lowell's", "category": "restaurant", "tags": ["restaurant"], "sources": ["osm"], "website": "http://eatatlowells.com", "phone": "+1-206-622-2036", "address": "1519 Pike Place", "hours": "Mo-Sa 07:00-21:00; Su 07:00-20:00", "stations": [{"stopCode": 51, "lines": "1,2", "name": "Symphony Station", "walkingMeters": 589, "walkingSeconds": 423, "band": 10}, {"stopCode": 50, "lines": "1,2", "name": "Westlake Station", "walkingMeters": 655, "walkingSeconds": 475, "band": 10}, {"stopCode": 52, "lines": "1,2", "name": "Pioneer Square Station", "walkingMeters": 1270, "walkingSeconds": 914, "band": 15}]}, "geometry": {"type": "Point", "coordinates": [-122.3413154, 47.6088303]}}, {"type": "Feature", "properties": {"id": 2397461052, "name": "Urara", "category": "restaurant", "tags": ["restaurant", "japanese"], "sources": ["osm"], "address": "82 Stewart Street", "stations": [{"stopCode": 50, "lines": "1,2", "name": "Westlake Station", "walkingMeters": 497, "walkingSeconds": 362, "band": 10}, {"stopCode": 51, "lines": "1,2", "name": "Symphony Station", "walkingMeters": 680, "walkingSeconds": 489, "band": 10}]}, "geometry": {"type": "Point", "coordinates": [-122.3420255, 47.6099229]}}, {"type": "Feature", "properties": {"id": 2397485860, "name": "Caf\u00e9 Campagne", "category": "restaurant", "tags": ["restaurant", "french", "wifi"], "sources": ["osm", "overture"], "website": "http://www.cafecampagne.com/", "phone": "+12067282233", "address": "1600 Post Alley", "hours": "We-Fr 09:00-21:00; Sa 08:00-21:00; Su 08:00-20:00", "stations": [{"stopCode": 50, "lines": "1,2", "name": "Westlake Station", "walkingMeters": 438, "walkingSeconds": 318, "band": 10}, {"stopCode": 51, "lines": "1,2", "name": "Symphony Station", "walkingMeters": 620, "walkingSeconds": 446, "band": 10}]}, "geometry": {"type": "Point", "coordinates": [-122.3415286, 47.6097117]}}, {"type": "Feature", "properties": {"id": 2397485961, "name": "Chan Seattle", "category": "restaurant", "tags": ["restaurant", "korean"], "sources": ["osm"], "website": "https://www.chanseattle.com/", "phone": "+1-206-443-5443", "address": "86 Pine Street", "stations": [{"stopCode": 50, "lines": "1,2", "name": "Westlake Station", "walkingMeters": 430, "walkingSeconds": 313, "band": 10}, {"stopCode": 51, "lines": "1,2", "name": "Symphony Station", "walkingMeters": 624, "walkingSeconds": 449, "band": 10}]}, "geometry": {"type": "Point", "coordinates": [-122.3413973, 47.6098861]}}, {"type": "Feature", "properties": {"id": 2397493411, "name": "The Hart and the Hunter", "category": "restaurant", "tags": ["restaurant", "regional", "diner", "american"], "sources": ["osm", "overture"], "website": "http://www.thehartandthehunter.com/", "phone": "+12065960700", "address": "111 Pine St", "stations": [{"stopCode": 50, "lines": "1,2", "name": "Westlake Station", "walkingMeters": 352, "walkingSeconds": 255, "band": 5}, {"stopCode": 51, "lines": "1,2", "name": "Symphony Station", "walkingMeters": 536, "walkingSeconds": 386, "band": 10}]}, "geometry": {"type": "Point", "coordinates": [-122.3405005, 47.6098441]}}, {"type": "Feature", "properties": {"id": 2397493560, "name": "Freya Bakery and Cafe", "category": "cafe", "tags": ["cafe"], "sources": ["osm"], "website": "https://www.freyabakery.com/", "address": "1426 Western Avenue", "stations": [{"stopCode": 51, "lines": "1,2", "name": "Symphony Station", "walkingMeters": 498, "walkingSeconds": 358, "band": 5}, {"stopCode": 50, "lines": "1,2", "name": "Westlake Station", "walkingMeters": 641, "walkingSeconds": 465, "band": 10}, {"stopCode": 52, "lines": "1,2", "name": "Pioneer Square Station", "walkingMeters": 1179, "walkingSeconds": 848, "band": 15}]}, "geometry": {"type": "Point", "coordinates": [-122.340713, 47.6081274]}}, {"type": "Feature", "properties": {"id": 2397493590, "name": "Mr Waffle", "category": "cafe", "tags": ["cafe"], "sources": ["osm", "overture"], "website": "http://Www.hashtagwaffles.us/", "phone": "+12069284602", "address": "1526 1st Ave", "stations": [{"stopCode": 50, "lines": "1,2", "name": "Westlake Station", "walkingMeters": 395, "walkingSeconds": 286, "band": 5}, {"stopCode": 51, "lines": "1,2", "name": "Symphony Station", "walkingMeters": 528, "walkingSeconds": 380, "band": 10}, {"stopCode": 52, "lines": "1,2", "name": "Pioneer Square Station", "walkingMeters": 1221, "walkingSeconds": 879, "band": 15}]}, "geometry": {"type": "Point", "coordinates": [-122.3404808, 47.6096516]}}, {"type": "Feature", "properties": {"id": 2397493604, "name": "Saffron Spice", "category": "restaurant", "tags": ["restaurant", "indian"], "sources": ["osm", "overture"], "website": "http://saffronspice.weebly.com", "phone": "(206) 682-2593", "address": "93 Pike St", "stations": [{"stopCode": 51, "lines": "1,2", "name": "Symphony Station", "walkingMeters": 462, "walkingSeconds": 332, "band": 5}, {"stopCode": 50, "lines": "1,2", "name": "Westlake Station", "walkingMeters": 506, "walkingSeconds": 368, "band": 10}, {"stopCode": 52, "lines": "1,2", "name": "Pioneer Square Station", "walkingMeters": 1155, "walkingSeconds": 831, "band": 15}]}, "geometry": {"type": "Point", "coordinates": [-122.3402705, 47.6085956]}}, {"type": "Feature", "properties": {"id": 2397497085, "name": "Aditi Chai", "category": "cafe", "tags": ["cafe", "chai", "tea", "room", "indian"], "sources": ["osm", "overture"], "website": "http://aditichai.com/", "phone": "+16508989580", "address": "1500 Pike Pl", "stations": [{"stopCode": 51, "lines": "1,2", "name": "Symphony Station", "walkingMeters": 494, "walkingSeconds": 355, "band": 10}, {"stopCode": 50, "lines": "1,2", "name": "Westlake Station", "walkingMeters": 520, "walkingSeconds": 374, "band": 10}, {"stopCode": 52, "lines": "1,2", "name": "Pioneer Square Station", "walkingMeters": 1187, "walkingSeconds": 854, "band": 15}]}, "geometry": {"type": "Point", "coordinates": [-122.3405704, 47.6088138]}}, {"type": "Feature", "properties": {"id": 2397497094, "name": "Falafel King", "category": "restaurant", "tags": ["restaurant", "mediterranean", "middle-eastern"], "sources": ["osm", "overture"], "website": "http://www.falafelkingseattle.com/", "phone": "+12063810857", "address": "1509 1st Ave", "stations": [{"stopCode": 50, "lines": "1,2", "name": "Westlake Station", "walkingMeters": 470, "walkingSeconds": 340, "band": 10}, {"stopCode": 51, "lines": "1,2", "name": "Symphony Station", "walkingMeters": 496, "walkingSeconds": 357, "band": 10}, {"stopCode": 52, "lines": "1,2", "name": "Pioneer Square Station", "walkingMeters": 1189, "walkingSeconds": 856, "band": 15}]}, "geometry": {"type": "Point", "coordinates": [-122.3404972, 47.6090915]}}, {"type": "Feature", "properties": {"id": 2397497100, "name": "Mr. D's Greek Delicacies", "category": "restaurant", "tags": ["restaurant", "greek", "mediterranean"], "sources": ["osm", "overture"], "website": "https://www.mrdsgreek.com/", "phone": "+12066224881", "address": "1518 Pike Pl", "hours": "We-Mo 18:30-23:00", "stations": [{"stopCode": 50, "lines": "1,2", "name": "Westlake Station", "walkingMeters": 487, "walkingSeconds": 352, "band": 10}, {"stopCode": 51, "lines": "1,2", "name": "Symphony Station", "walkingMeters": 560, "walkingSeconds": 403, "band": 10}]}, "geometry": {"type": "Point", "coordinates": [-122.3412217, 47.6092152]}}, {"type": "Feature", "properties": {"id": 2397497102, "name": "Copacabana", "category": "cafe", "tags": ["cafe"], "sources": ["osm"], "website": "https://www.pikeplacecopa.com/", "address": "1520 Pike Place", "stations": [{"stopCode": 50, "lines": "1,2", "name": "Westlake Station", "walkingMeters": 483, "walkingSeconds": 349, "band": 10}, {"stopCode": 51, "lines": "1,2", "name": "Symphony Station", "walkingMeters": 565, "walkingSeconds": 406, "band": 10}]}, "geometry": {"type": "Point", "coordinates": [-122.3412642, 47.6092405]}}, {"type": "Feature", "properties": {"id": 2397497104, "name": "El Borracho", "category": "restaurant", "tags": ["restaurant", "mexican", "outdoor-seating", "vegetarian", "vegan", "has-bar", "latin-american"], "sources": ["osm", "overture"], "website": "http://www.elborracho.co/", "phone": "+12065380144", "address": "1521 1st Ave", "hours": "Mo-Th 11:00-21:00; Fr-Sa 11:00-22:00; Su 11:00-20:00", "stations": [{"stopCode": 50, "lines": "1,2", "name": "Westlake Station", "walkingMeters": 442, "walkingSeconds": 319, "band": 5}, {"stopCode": 51, "lines": "1,2", "name": "Symphony Station", "walkingMeters": 524, "walkingSeconds": 377, "band": 10}, {"stopCode": 52, "lines": "1,2", "name": "Pioneer Square Station", "walkingMeters": 1218, "walkingSeconds": 876, "band": 15}]}, "geometry": {"type": "Point", "coordinates": [-122.340694, 47.6093089]}}, {"type": "Feature", "properties": {"id": 2397497108, "name": "Truffle Queen", "category": "cafe", "tags": ["cafe", "italian", "wifi"], "sources": ["osm"], "website": "https://trufflequeen.com", "address": "1524 Pike Place", "hours": "Mo-Su 10:00-18:00", "stations": [{"stopCode": 50, "lines": "1,2", "name": "Westlake Station", "walkingMeters": 475, "walkingSeconds": 344, "band": 10}, {"stopCode": 51, "lines": "1,2", "name": "Symphony Station", "walkingMeters": 572, "walkingSeconds": 411, "band": 10}]}, "geometry": {"type": "Point", "coordinates": [-122.341335, 47.6092872]}}, {"type": "Feature", "properties": {"id": 2397497111, "name": "The Juice Emporium", "category": "cafe", "tags": ["cafe"], "sources": ["osm"], "address": "1528 Pike Place", "stations": [{"stopCode": 50, "lines": "1,2", "name": "Westlake Station", "walkingMeters": 469, "walkingSeconds": 339, "band": 10}, {"stopCode": 51, "lines": "1,2", "name": "Symphony Station", "walkingMeters": 578, "walkingSeconds": 416, "band": 10}]}, "geometry": {"type": "Point", "coordinates": [-122.3413987, 47.6093252]}}, {"type": "Feature", "properties": {"id": 2397497113, "name": "Pike Place Chowder", "category": "cafe", "tags": ["cafe", "american", "outdoor-seating", "wheelchair-accessible", "restaurant", "seafood", "soup"], "sources": ["osm", "overture"], "website": "http://www.pikeplacechowder.com", "phone": "+12062672537", "address": "1530 Post Alley", "hours": "Mo-Su 11:00-17:00", "stations": [{"stopCode": 50, "lines": "1,2", "name": "Westlake Station", "walkingMeters": 450, "walkingSeconds": 326, "band": 10}, {"stopCode": 51, "lines": "1,2", "name": "Symphony Station", "walkingMeters": 579, "walkingSeconds": 417, "band": 10}]}, "geometry": {"type": "Point", "coordinates": [-122.34123, 47.6094025]}}, {"type": "Feature", "properties": {"id": 2397497114, "name": "The Tap Room at Pike Place", "category": "bar", "tags": ["bar", "restaurant", "pub"], "sources": ["osm", "overture"], "website": "http://www.taproomatpikeplace.com/", "phone": "+12068294800", "address": "1525 1st Ave #16", "stations": [{"stopCode": 50, "lines": "1,2", "name": "Westlake Station", "walkingMeters": 414, "walkingSeconds": 299, "band": 5}, {"stopCode": 51, "lines": "1,2", "name": "Symphony Station", "walkingMeters": 552, "walkingSeconds": 397, "band": 10}]}, "geometry": {"type": "Point", "coordinates": [-122.3408711, 47.6095283]}}, {"type": "Feature", "properties": {"id": 2397497115, "name": "Lands of Origin", "category": "cafe", "tags": ["cafe", "coffee-shop"], "sources": ["osm"], "website": "https://www.landsoforigin.com", "address": "1532 Pike Place", "stations": [{"stopCode": 50, "lines": "1,2", "name": "Westlake Station", "walkingMeters": 462, "walkingSeconds": 334, "band": 10}, {"stopCode": 51, "lines": "1,2", "name": "Symphony Station", "walkingMeters": 586, "walkingSeconds": 421, "band": 10}]}, "geometry": {"type": "Point", "coordinates": [-122.3414718, 47.6093678]}}, {"type": "Feature", "properties": {"id": 2397497123, "name": "Pike Place Bar & Grill", "category": "restaurant", "tags": ["restaurant", "bar-and-grill", "bar", "grill"], "sources": ["osm", "overture"], "website": "https://www.eatatpikeplace.com/", "phone": "+12066241365", "address": "90 Pike St", "hours": "09:00-22:00", "stations": [{"stopCode": 51, "lines": "1,2", "name": "Symphony Station", "walkingMeters": 513, "walkingSeconds": 369, "band": 10}, {"stopCode": 50, "lines": "1,2", "name": "Westlake Station", "walkingMeters": 517, "walkingSeconds": 374, "band": 10}, {"stopCode": 52, "lines": "1,2", "name": "Pioneer Square Station", "walkingMeters": 1206, "walkingSeconds": 868, "band": 15}]}, "geometry": {"type": "Point", "coordinates": [-122.3407242, 47.6089486]}}, {"type": "Feature", "properties": {"id": 2561809378, "name": "The Crumpet Shop", "category": "cafe", "tags": ["cafe", "crumpet", "bakery"], "sources": ["osm", "overture"], "website": "http://www.thecrumpetshop.com/", "phone": "+12066821598", "address": "1503 1st Ave", "hours": "Mo,We,Th 07:00-15:00; Fr-Su 07:00-16:00; PH off", "stations": [{"stopCode": 51, "lines": "1,2", "name": "Symphony Station", "walkingMeters": 480, "walkingSeconds": 345, "band": 5}, {"stopCode": 50, "lines": "1,2", "name": "Westlake Station", "walkingMeters": 486, "walkingSeconds": 351, "band": 10}, {"stopCode": 52, "lines": "1,2", "name": "Pioneer Square Station", "walkingMeters": 1174, "walkingSeconds": 844, "band": 15}]}, "geometry": {"type": "Point", "coordinates": [-122.3403898, 47.6089676]}}, {"type": "Feature", "properties": {"id": "b8493f70-2b11-45c8-93a1-d81a364534ee", "name": "Freya Bakery & Cafe", "category": "bakery", "tags": ["bakery"], "sources": ["overture"], "website": "http://barquebrontes.com/", "phone": "+12064025530", "address": "1426 Western Ave", "stations": [{"stopCode": 51, "lines": "1,2", "name": "Symphony Station", "walkingMeters": 500, "walkingSeconds": 359, "band": 5}, {"stopCode": 50, "lines": "1,2", "name": "Westlake Station", "walkingMeters": 639, "walkingSeconds": 464, "band": 10}, {"stopCode": 52, "lines": "1,2", "name": "Pioneer Square Station", "walkingMeters": 1181, "walkingSeconds": 850, "band": 15}]}, "geometry": {"type": "Point", "coordinates": [-122.3407593, 47.6081238]}}, {"type": "Feature", "properties": {"id": 4331174953, "name": "Storyville Coffee", "category": "cafe", "tags": ["cafe", "coffee-shop", "takeaway", "wheelchair-accessible", "air-conditioned", "wifi"], "sources": ["osm"], "website": "https://www.storyville.com", "phone": "+1-206-780-5777", "address": "94 Pike Street", "hours": "Mo,We,Th 07:59-18:00; Fr-Su 07:59-16:00", "stations": [{"stopCode": 51, "lines": "1,2", "name": "Symphony Station", "walkingMeters": 508, "walkingSeconds": 365, "band": 10}, {"stopCode": 50, "lines": "1,2", "name": "Westlake Station", "walkingMeters": 522, "walkingSeconds": 377, "band": 10}, {"stopCode": 52, "lines": "1,2", "name": "Pioneer Square Station", "walkingMeters": 1201, "walkingSeconds": 864, "band": 15}]}, "geometry": {"type": "Point", "coordinates": [-122.3406021, 47.6089737]}}, {"type": "Feature", "properties": {"id": 3599790535, "name": "Matt's in the Market", "category": "restaurant", "tags": ["restaurant", "american", "seafood"], "sources": ["osm", "overture"], "website": "http://www.mattsinthemarket.com", "phone": "+12064677909", "address": "94 Pike St", "hours": "Mo-Sa 11:30-14:30,17:30-22:00", "stations": [{"stopCode": 51, "lines": "1,2", "name": "Symphony Station", "walkingMeters": 497, "walkingSeconds": 357, "band": 10}, {"stopCode": 50, "lines": "1,2", "name": "Westlake Station", "walkingMeters": 522, "walkingSeconds": 376, "band": 10}, {"stopCode": 52, "lines": "1,2", "name": "Pioneer Square Station", "walkingMeters": 1190, "walkingSeconds": 856, "band": 15}]}, "geometry": {"type": "Point", "coordinates": [-122.3405657, 47.608856]}}, {"type": "Feature", "properties": {"id": 3599790536, "name": "Radiator Whiskey", "category": "restaurant", "tags": ["restaurant", "american", "wheelchair-accessible", "pub"], "sources": ["osm", "overture"], "website": "http://www.radiatorwhiskey.com/", "phone": "+12064674268", "address": "94 Pike St #30", "hours": "Mo-Sa 16:00-24:00; PH off", "stations": [{"stopCode": 51, "lines": "1,2", "name": "Symphony Station", "walkingMeters": 476, "walkingSeconds": 342, "band": 5}, {"stopCode": 50, "lines": "1,2", "name": "Westlake Station", "walkingMeters": 490, "walkingSeconds": 354, "band": 10}, {"stopCode": 52, "lines": "1,2", "name": "Pioneer Square Station", "walkingMeters": 1170, "walkingSeconds": 841, "band": 15}]}, "geometry": {"type": "Point", "coordinates": [-122.3403961, 47.608922]}}, {"type": "Feature", "properties": {"id": 3723805732, "name": "Jasmine Thai Restaurant", "category": "restaurant", "tags": ["restaurant", "thai", "asian"], "sources": ["osm", "overture"], "website": "http://jasminethaiseattle.com", "phone": "+12063829899", "address": "1530 Post Alley Unit 6", "stations": [{"stopCode": 50, "lines": "1,2", "name": "Westlake Station", "walkingMeters": 447, "walkingSeconds": 323, "band": 10}, {"stopCode": 51, "lines": "1,2", "name": "Symphony Station", "walkingMeters": 583, "walkingSeconds": 419, "band": 10}]}, "geometry": {"type": "Point", "coordinates": [-122.3411699, 47.6094671]}}, {"type": "Feature", "properties": {"id": 3735298725, "name": "Sound View Cafe", "category": "restaurant", "tags": ["restaurant", "seafood", "wheelchair-accessible", "cafe", "american"], "sources": ["osm", "overture"], "website": "http://www.soundviewatpike.com/", "phone": "+12066235700", "address": "1501 Pike Pl", "hours": "Su-Th 08:00-18:00; Fr-Sa 08:00-20:00", "stations": [{"stopCode": 51, "lines": "1,2", "name": "Symphony Station", "walkingMeters": 552, "walkingSeconds": 397, "band": 10}, {"stopCode": 50, "lines": "1,2", "name": "Westlake Station", "walkingMeters": 617, "walkingSeconds": 448, "band": 10}, {"stopCode": 52, "lines": "1,2", "name": "Pioneer Square Station", "walkingMeters": 1232, "walkingSeconds": 887, "band": 15}]}, "geometry": {"type": "Point", "coordinates": [-122.341126, 47.608515]}}, {"type": "Feature", "properties": {"id": 3874094358, "name": "Sushi Kashiba", "category": "restaurant", "tags": ["restaurant", "sushi", "japanese", "asian"], "sources": ["osm", "overture"], "website": "https://sushikashiba.com/", "phone": "+12064418844", "address": "86 Pine St", "hours": "17:00-22:30", "stations": [{"stopCode": 50, "lines": "1,2", "name": "Westlake Station", "walkingMeters": 420, "walkingSeconds": 306, "band": 10}, {"stopCode": 51, "lines": "1,2", "name": "Symphony Station", "walkingMeters": 615, "walkingSeconds": 442, "band": 10}]}, "geometry": {"type": "Point", "coordinates": [-122.341426, 47.6097739]}}, {"type": "Feature", "properties": {"id": 1256939013, "name": "Boon Boona Coffee", "category": "cafe", "tags": ["cafe", "coffee-shop", "coffee"], "sources": ["osm", "overture"], "website": "https://www.boonboonacoffee.com", "phone": "+1-206-328-5829", "address": "1515 Western Ave", "hours": "Mo-Su 08:00-18:00", "stations": [{"stopCode": 51, "lines": "1,2", "name": "Symphony Station", "walkingMeters": 721, "walkingSeconds": 518, "band": 10}, {"stopCode": 50, "lines": "1,2", "name": "Westlake Station", "walkingMeters": 790, "walkingSeconds": 572, "band": 10}]}, "geometry": {"type": "Point", "coordinates": [-122.3426511, 47.6088347]}}, {"type": "Feature", "properties": {"id": 4249290890, "name": "Rachel's Ginger Beer - Pike Place Market", "category": "bar", "tags": ["bar"], "sources": ["osm"], "website": "https://rachelsgingerbeer.com/pages/pike-place-market", "address": "1530 Post Alley", "hours": "Su-Th 10:00-20:00; Fr-Sa 10:00-22:00", "stations": [{"stopCode": 50, "lines": "1,2", "name": "Westlake Station", "walkingMeters": 436, "walkingSeconds": 315, "band": 10}, {"stopCode": 51, "lines": "1,2", "name": "Symphony Station", "walkingMeters": 594, "walkingSeconds": 427, "band": 10}]}, "geometry": {"type": "Point", "coordinates": [-122.3413569, 47.609505]}}, {"type": "Feature", "properties": {"id": 4331174952, "name": "Shy Giant Frozen Yogurt", "category": "ice_cream", "tags": ["ice-cream", "wheelchair-accessible"], "sources": ["osm"], "address": "1500 Pike Place", "hours": "Mo-Sa 10:00-18:00; Su 11:00-17:00", "stations": [{"stopCode": 51, "lines": "1,2", "name": "Symphony Station", "walkingMeters": 514, "walkingSeconds": 370, "band": 10}, {"stopCode": 50, "lines": "1,2", "name": "Westlake Station", "walkingMeters": 516, "walkingSeconds": 373, "band": 10}, {"stopCode": 52, "lines": "1,2", "name": "Pioneer Square Station", "walkingMeters": 1207, "walkingSeconds": 868, "band": 15}]}, "geometry": {"type": "Point", "coordinates": [-122.3406549, 47.6090142]}}, {"type": "Feature", "properties": {"id": 4371314197, "name": "Seattle Beer Company", "category": "bar", "tags": ["bar", "wifi"], "sources": ["osm"], "address": "1427 Western Avenue", "hours": "Su-Th 10:00-20:00; Fr-Sa 10:00-22:00", "stations": [{"stopCode": 51, "lines": "1,2", "name": "Symphony Station", "walkingMeters": 539, "walkingSeconds": 388, "band": 10}, {"stopCode": 50, "lines": "1,2", "name": "Westlake Station", "walkingMeters": 654, "walkingSeconds": 474, "band": 10}, {"stopCode": 52, "lines": "1,2", "name": "Pioneer Square Station", "walkingMeters": 1217, "walkingSeconds": 875, "band": 15}]}, "geometry": {"type": "Point", "coordinates": [-122.341186, 47.6082021]}}, {"type": "Feature", "properties": {"id": 4484433795, "name": "Zig Zag Caf\u00e9", "category": "restaurant", "tags": ["restaurant", "outdoor-seating", "cocktails", "live-music", "bar", "cocktail"], "sources": ["osm", "overture"], "website": "http://zigzagseattle.com/", "phone": "+12066251146", "address": "1501 Western Ave Ste 202", "hours": "17:00-24:00", "stations": [{"stopCode": 51, "lines": "1,2", "name": "Symphony Station", "walkingMeters": 580, "walkingSeconds": 417, "band": 10}, {"stopCode": 50, "lines": "1,2", "name": "Westlake Station", "walkingMeters": 650, "walkingSeconds": 472, "band": 10}, {"stopCode": 52, "lines": "1,2", "name": "Pioneer Square Station", "walkingMeters": 1258, "walkingSeconds": 905, "band": 15}]}, "geometry": {"type": "Point", "coordinates": [-122.3415334, 47.6083206]}}, {"type": "Feature", "properties": {"id": 4573564195, "name": "Il Bistro", "category": "restaurant", "tags": ["restaurant", "italian", "european"], "sources": ["osm", "overture"], "website": "http://www.ilbistro.net/", "phone": "+12066823049", "address": "93 Pike St A", "stations": [{"stopCode": 51, "lines": "1,2", "name": "Symphony Station", "walkingMeters": 455, "walkingSeconds": 327, "band": 5}, {"stopCode": 50, "lines": "1,2", "name": "Westlake Station", "walkingMeters": 500, "walkingSeconds": 363, "band": 10}, {"stopCode": 52, "lines": "1,2", "name": "Pioneer Square Station", "walkingMeters": 1148, "walkingSeconds": 826, "band": 15}]}, "geometry": {"type": "Point", "coordinates": [-122.340197, 47.6086273]}}, {"type": "Feature", "properties": {"id": 5027183937, "name": "Los Agaves", "category": "fast_food", "tags": ["fast-food", "mexican"], "sources": ["osm"], "website": "https://losagaves.net/", "stations": [{"stopCode": 50, "lines": "1,2", "name": "Westlake Station", "walkingMeters": 483, "walkingSeconds": 349, "band": 10}, {"stopCode": 51, "lines": "1,2", "name": "Symphony Station", "walkingMeters": 547, "walkingSeconds": 393, "band": 10}, {"stopCode": 52, "lines": "1,2", "name": "Pioneer Square Station", "walkingMeters": 1240, "walkingSeconds": 892, "band": 15}]}, "geometry": {"type": "Point", "coordinates": [-122.3408915, 47.6091638]}}, {"type": "Feature", "properties": {"id": 5148653622, "name": "Old Stove Brewing Co. Marketfront", "category": "pub", "tags": ["pub", "microbrew"], "sources": ["osm"], "website": "https://www.oldstove.com/", "address": "1901 Western Avenue", "stations": [{"stopCode": 51, "lines": "1,2", "name": "Symphony Station", "walkingMeters": 790, "walkingSeconds": 568, "band": 10}, {"stopCode": 50, "lines": "1,2", "name": "Westlake Station", "walkingMeters": 797, "walkingSeconds": 581, "band": 10}]}, "geometry": {"type": "Point", "coordinates": [-122.3428497, 47.6094952]}}, {"type": "Feature", "properties": {"id": 5150754654, "name": "Farvahar Cafe", "category": "cafe", "tags": ["cafe", "persian", "takeaway", "vegetarian"], "sources": ["osm"], "phone": "+1-206-467-4893", "stations": [{"stopCode": 50, "lines": "1,2", "name": "Westlake Station", "walkingMeters": 416, "walkingSeconds": 301, "band": 10}, {"stopCode": 51, "lines": "1,2", "name": "Symphony Station", "walkingMeters": 596, "walkingSeconds": 429, "band": 10}]}, "geometry": {"type": "Point", "coordinates": [-122.3411986, 47.6095087]}}, {"type": "Feature", "properties": {"id": 5236468223, "name": "The Rabbit Box", "category": "restaurant", "tags": ["restaurant", "american", "bar", "cocktail"], "sources": ["osm", "overture"], "website": "https://www.therabbitboxseattle.com/", "phone": "+1-206-623-3166", "address": "94 Pike St Ste 11", "stations": [{"stopCode": 51, "lines": "1,2", "name": "Symphony Station", "walkingMeters": 472, "walkingSeconds": 339, "band": 5}, {"stopCode": 50, "lines": "1,2", "name": "Westlake Station", "walkingMeters": 497, "walkingSeconds": 358, "band": 10}, {"stopCode": 52, "lines": "1,2", "name": "Pioneer Square Station", "walkingMeters": 1165, "walkingSeconds": 838, "band": 15}]}, "geometry": {"type": "Point", "coordinates": [-122.340354, 47.6088825]}}, {"type": "Feature", "properties": {"id": 5272454120, "name": "Alibi Room", "category": "bar", "tags": ["bar", "restaurant", "theme"], "sources": ["osm", "overture"], "website": "https://www.thealibiroom.com/", "phone": "+12066233180", "address": "85 Pike St #410", "stations": [{"stopCode": 51, "lines": "1,2", "name": "Symphony Station", "walkingMeters": 470, "walkingSeconds": 338, "band": 5}, {"stopCode": 50, "lines": "1,2", "name": "Westlake Station", "walkingMeters": 557, "walkingSeconds": 405, "band": 10}, {"stopCode": 52, "lines": "1,2", "name": "Pioneer Square Station", "walkingMeters": 1137, "walkingSeconds": 818, "band": 15}]}, "geometry": {"type": "Point", "coordinates": [-122.3403644, 47.6082567]}}, {"type": "Feature", "properties": {"id": 5681016321, "name": "Pasta Casalinga", "category": "restaurant", "tags": ["restaurant", "italian", "pasta"], "sources": ["osm", "overture"], "website": "https://pastacasalingaseattle.com", "phone": "12064452987", "address": "93 Pike St  Ste 201", "hours": "Mo-Su 11:00-16:45", "stations": [{"stopCode": 51, "lines": "1,2", "name": "Symphony Station", "walkingMeters": 462, "walkingSeconds": 333, "band": 5}, {"stopCode": 50, "lines": "1,2", "name": "Westlake Station", "walkingMeters": 507, "walkingSeconds": 368, "band": 10}, {"stopCode": 52, "lines": "1,2", "name": "Pioneer Square Station", "walkingMeters": 1156, "walkingSeconds": 831, "band": 15}]}, "geometry": {"type": "Point", "coordinates": [-122.3402323, 47.6085368]}}, {"type": "Feature", "properties": {"id": 6240206585, "name": "The Athenian Seafood Restaurant and Bar", "category": "restaurant", "tags": ["restaurant", "seafood", "greek"], "sources": ["osm", "overture"], "website": "http://www.athenianseattle.com/", "phone": "+12066247166", "address": "1517 Pike Pl", "hours": "Mo-Th 08:00-20:00; Fr-Sa 08:00-21:00; Su 09:00-16:00", "stations": [{"stopCode": 51, "lines": "1,2", "name": "Symphony Station", "walkingMeters": 587, "walkingSeconds": 422, "band": 10}, {"stopCode": 50, "lines": "1,2", "name": "Westlake Station", "walkingMeters": 653, "walkingSeconds": 473, "band": 10}, {"stopCode": 52, "lines": "1,2", "name": "Pioneer Square Station", "walkingMeters": 1268, "walkingSeconds": 912, "band": 15}]}, "geometry": {"type": "Point", "coordinates": [-122.3412989, 47.6088145]}}, {"type": "Feature", "properties": {"id": 7863103490, "name": "Seattle Aquarium Cafe", "category": "restaurant", "tags": ["restaurant", "american", "outdoor-seating", "vegetarian", "gluten-free", "wifi"], "sources": ["osm"], "website": "https://www.seattleaquarium.org/cafe", "address": "1483 Alaskan Way", "stations": [{"stopCode": 51, "lines": "1,2", "name": "Symphony Station", "walkingMeters": 635, "walkingSeconds": 459, "band": 10}, {"stopCode": 50, "lines": "1,2", "name": "Westlake Station", "walkingMeters": 860, "walkingSeconds": 622, "band": 15}, {"stopCode": 52, "lines": "1,2", "name": "Pioneer Square Station", "walkingMeters": 1244, "walkingSeconds": 895, "band": 15}]}, "geometry": {"type": "Point", "coordinates": [-122.3425574, 47.6073238]}}, {"type": "Feature", "properties": {"id": 8815044491, "name": "Can Can Culinary Cabaret", "category": "restaurant", "tags": ["restaurant"], "sources": ["osm"], "website": "https://www.thecancan.com", "address": "95 Pine Street", "stations": [{"stopCode": 50, "lines": "1,2", "name": "Westlake Station", "walkingMeters": 411, "walkingSeconds": 297, "band": 5}, {"stopCode": 51, "lines": "1,2", "name": "Symphony Station", "walkingMeters": 592, "walkingSeconds": 426, "band": 10}]}, "geometry": {"type": "Point", "coordinates": [-122.3411767, 47.6095721]}}, {"type": "Feature", "properties": {"id": 11660267688, "name": "Market Diner", "category": "restaurant", "tags": ["restaurant", "diner", "american"], "sources": ["osm", "overture"], "website": "https://grubhub.com/restaurant/Market-Diner-1514-Pike-Pl-Seattle/306386", "phone": "+12066241234", "address": "1514 Pike Pl", "stations": [{"stopCode": 50, "lines": "1,2", "name": "Westlake Station", "walkingMeters": 447, "walkingSeconds": 323, "band": 10}, {"stopCode": 51, "lines": "1,2", "name": "Symphony Station", "walkingMeters": 519, "walkingSeconds": 374, "band": 10}, {"stopCode": 52, "lines": "1,2", "name": "Pioneer Square Station", "walkingMeters": 1213, "walkingSeconds": 872, "band": 15}]}, "geometry": {"type": "Point", "coordinates": [-122.3408289, 47.6091977]}}, {"type": "Feature", "properties": {"id": 11891775871, "name": "Uli\u2019s Famous Sausage", "category": "fast_food", "tags": ["fast-food", "sausage"], "sources": ["osm"], "website": "https://ulisfamoussausage.com/", "phone": "+1-206-838-1712", "address": "1511 Pike Place", "hours": "10:00-18:00", "stations": [{"stopCode": 51, "lines": "1,2", "name": "Symphony Station", "walkingMeters": 526, "walkingSeconds": 381, "band": 10}, {"stopCode": 50, "lines": "1,2", "name": "Westlake Station", "walkingMeters": 528, "walkingSeconds": 381, "band": 10}, {"stopCode": 52, "lines": "1,2", "name": "Pioneer Square Station", "walkingMeters": 1219, "walkingSeconds": 879, "band": 15}]}, "geometry": {"type": "Point", "coordinates": [-122.3410705, 47.6087484]}}, {"type": "Feature", "properties": {"id": 13177437501, "name": "Pike Street Coffee", "category": "cafe", "tags": ["cafe", "coffee-shop", "coffee"], "sources": ["osm", "overture"], "website": "https://www.pikestreetcoffee.com", "phone": "12068299594", "address": "1501 Western Ave  Ste 300", "hours": "Mo-Su 07:30-17:30", "stations": [{"stopCode": 51, "lines": "1,2", "name": "Symphony Station", "walkingMeters": 582, "walkingSeconds": 418, "band": 10}, {"stopCode": 50, "lines": "1,2", "name": "Westlake Station", "walkingMeters": 652, "walkingSeconds": 472, "band": 10}, {"stopCode": 52, "lines": "1,2", "name": "Pioneer Square Station", "walkingMeters": 1260, "walkingSeconds": 906, "band": 15}]}, "geometry": {"type": "Point", "coordinates": [-122.3414495, 47.6083656]}}, {"type": "Feature", "properties": {"id": 13525122731, "name": "Pizza Pasta Bar", "category": "restaurant", "tags": ["restaurant", "italian"], "sources": ["osm"], "stations": [{"stopCode": 50, "lines": "1,2", "name": "Westlake Station", "walkingMeters": 453, "walkingSeconds": 328, "band": 10}, {"stopCode": 51, "lines": "1,2", "name": "Symphony Station", "walkingMeters": 577, "walkingSeconds": 415, "band": 10}]}, "geometry": {"type": "Point", "coordinates": [-122.3411298, 47.6094177]}}, {"type": "Feature", "properties": {"id": 13816803961, "name": "Cr\u00eape de France", "category": "cafe", "tags": ["cafe", "crepe", "coffee-shop"], "sources": ["osm"], "website": "https://www.crepedefranceseattle.com/", "address": "93 Pike Street", "hours": "Mo-Su 10:00-17:30", "stations": [{"stopCode": 51, "lines": "1,2", "name": "Symphony Station", "walkingMeters": 469, "walkingSeconds": 338, "band": 5}, {"stopCode": 50, "lines": "1,2", "name": "Westlake Station", "walkingMeters": 558, "walkingSeconds": 406, "band": 10}, {"stopCode": 52, "lines": "1,2", "name": "Pioneer Square Station", "walkingMeters": 1136, "walkingSeconds": 817, "band": 15}]}, "geometry": {"type": "Point", "coordinates": [-122.3400773, 47.6083642]}}, {"type": "Feature", "properties": {"id": 13849929293, "name": "Animated Cafe", "category": "cafe", "tags": ["cafe", "coffee-shop", "sandwich", "delivery", "coffee"], "sources": ["osm"], "website": "https://www.animatedseattle.com/", "phone": "+1-206-962-4953", "address": "1401 Alaskan Way", "hours": "Mo-We 11:00-19:00", "stations": [{"stopCode": 51, "lines": "1,2", "name": "Symphony Station", "walkingMeters": 529, "walkingSeconds": 382, "band": 10}, {"stopCode": 50, "lines": "1,2", "name": "Westlake Station", "walkingMeters": 817, "walkingSeconds": 594, "band": 10}, {"stopCode": 52, "lines": "1,2", "name": "Pioneer Square Station", "walkingMeters": 1159, "walkingSeconds": 837, "band": 15}]}, "geometry": {"type": "Point", "coordinates": [-122.3414043, 47.6070714]}}, {"type": "Feature", "properties": {"id": 396606872, "name": "The Crab Pot", "category": "restaurant", "tags": ["restaurant", "seafood", "theme"], "sources": ["osm", "overture"], "website": "http://www.thecrabpotseattle.com/our-menu", "phone": "+12066241890", "address": "1301 Alaskan Way Pier 57, 1305 Alaskan Wy", "hours": "Mo-Th 11:30-20:30; Fr 11:30-21:00; Sa-Su 11:00-21:00", "stations": [{"stopCode": 51, "lines": "1,2", "name": "Symphony Station", "walkingMeters": 472, "walkingSeconds": 342, "band": 10}, {"stopCode": 50, "lines": "1,2", "name": "Westlake Station", "walkingMeters": 973, "walkingSeconds": 702, "band": 15}, {"stopCode": 52, "lines": "1,2", "name": "Pioneer Square Station", "walkingMeters": 1054, "walkingSeconds": 758, "band": 15}]}, "geometry": {"type": "Point", "coordinates": [-122.3410818, 47.6060103]}}, {"type": "Feature", "properties": {"id": 396606866, "name": "Hoememade Ice Cream", "category": "ice_cream", "tags": ["ice-cream"], "sources": ["osm"], "stations": [{"stopCode": 51, "lines": "1,2", "name": "Symphony Station", "walkingMeters": 511, "walkingSeconds": 368, "band": 10}, {"stopCode": 50, "lines": "1,2", "name": "Westlake Station", "walkingMeters": 898, "walkingSeconds": 652, "band": 15}, {"stopCode": 52, "lines": "1,2", "name": "Pioneer Square Station", "walkingMeters": 1115, "walkingSeconds": 802, "band": 15}]}, "geometry": {"type": "Point", "coordinates": [-122.34164, 47.6061323]}}, {"type": "Feature", "properties": {"id": 396606867, "name": "Seattle Bay Creamery", "category": "ice_cream", "tags": ["ice-cream"], "sources": ["osm"], "address": "2 University Street", "hours": "Mo-Su 11:00-19:00", "stations": [{"stopCode": 51, "lines": "1,2", "name": "Symphony Station", "walkingMeters": 445, "walkingSeconds": 322, "band": 5}, {"stopCode": 50, "lines": "1,2", "name": "Westlake Station", "walkingMeters": 945, "walkingSeconds": 682, "band": 15}, {"stopCode": 52, "lines": "1,2", "name": "Pioneer Square Station", "walkingMeters": 1027, "walkingSeconds": 738, "band": 15}]}, "geometry": {"type": "Point", "coordinates": [-122.3407723, 47.6059143]}}, {"type": "Feature", "properties": {"id": 396606873, "name": "The Fisherman's Restaurant & Bar", "category": "restaurant", "tags": ["restaurant"], "sources": ["osm"], "website": "https://www.thefishermansrestaurant.com/", "phone": "+1-206-623-3500", "address": "1301 Alaskan Way", "stations": [{"stopCode": 51, "lines": "1,2", "name": "Symphony Station", "walkingMeters": 554, "walkingSeconds": 401, "band": 10}, {"stopCode": 50, "lines": "1,2", "name": "Westlake Station", "walkingMeters": 1055, "walkingSeconds": 761, "band": 15}, {"stopCode": 52, "lines": "1,2", "name": "Pioneer Square Station", "walkingMeters": 1136, "walkingSeconds": 817, "band": 15}]}, "geometry": {"type": "Point", "coordinates": [-122.342166, 47.6060389]}}, {"type": "Feature", "properties": {"id": 396606874, "name": "The Salmon Cooker", "category": "restaurant", "tags": ["restaurant", "seafood", "burger", "chicken", "fish", "american"], "sources": ["osm", "overture"], "website": "http://www.minerslanding.com", "phone": "+12066021811", "address": "1301 Alaskan Wy", "hours": "Mo-Su 11:00-21:00", "stations": [{"stopCode": 51, "lines": "1,2", "name": "Symphony Station", "walkingMeters": 491, "walkingSeconds": 353, "band": 5}, {"stopCode": 50, "lines": "1,2", "name": "Westlake Station", "walkingMeters": 910, "walkingSeconds": 660, "band": 15}, {"stopCode": 52, "lines": "1,2", "name": "Pioneer Square Station", "walkingMeters": 1032, "walkingSeconds": 742, "band": 15}]}, "geometry": {"type": "Point", "coordinates": [-122.3407528, 47.6060073]}}, {"type": "Feature", "properties": {"id": "10bb480d-da7f-466a-84f5-0786da9e7a49", "name": "Zaina", "category": "restaurant", "tags": ["restaurant", "falafel"], "sources": ["overture"], "website": "http://zainafood.com", "phone": "(206) 624-5687", "address": "109 Pine St", "stations": [{"stopCode": 50, "lines": "1,2", "name": "Westlake Station", "walkingMeters": 337, "walkingSeconds": 248, "band": 5}, {"stopCode": 51, "lines": "1,2", "name": "Symphony Station", "walkingMeters": 539, "walkingSeconds": 388, "band": 10}]}, "geometry": {"type": "Point", "coordinates": [-122.3405228, 47.6099663]}}, {"type": "Feature", "properties": {"id": 667512434, "name": "Fisherman's Bistro", "category": "restaurant", "tags": ["restaurant"], "sources": ["osm"], "stations": [{"stopCode": 51, "lines": "1,2", "name": "Symphony Station", "walkingMeters": 556, "walkingSeconds": 402, "band": 10}, {"stopCode": 50, "lines": "1,2", "name": "Westlake Station", "walkingMeters": 1057, "walkingSeconds": 762, "band": 15}, {"stopCode": 52, "lines": "1,2", "name": "Pioneer Square Station", "walkingMeters": 1138, "walkingSeconds": 818, "band": 15}]}, "geometry": {"type": "Point", "coordinates": [-122.3421896, 47.6060827]}}, {"type": "Feature", "properties": {"id": 667512435, "name": "Shucky Muckers", "category": "restaurant", "tags": ["restaurant", "seafood", "burger", "american"], "sources": ["osm", "overture"], "website": "http://shuckymuckersseattle.cafesplanet.com", "phone": "+12066233505", "address": "1301 Alaskan Way", "stations": [{"stopCode": 51, "lines": "1,2", "name": "Symphony Station", "walkingMeters": 534, "walkingSeconds": 384, "band": 10}, {"stopCode": 50, "lines": "1,2", "name": "Westlake Station", "walkingMeters": 921, "walkingSeconds": 668, "band": 15}, {"stopCode": 52, "lines": "1,2", "name": "Pioneer Square Station", "walkingMeters": 1137, "walkingSeconds": 818, "band": 15}]}, "geometry": {"type": "Point", "coordinates": [-122.3419373, 47.6061728]}}, {"type": "Feature", "properties": {"id": 667512436, "name": "Sourdough Pizza", "category": "restaurant", "tags": ["restaurant", "pizza"], "sources": ["osm"], "stations": [{"stopCode": 51, "lines": "1,2", "name": "Symphony Station", "walkingMeters": 543, "walkingSeconds": 392, "band": 10}, {"stopCode": 50, "lines": "1,2", "name": "Westlake Station", "walkingMeters": 1044, "walkingSeconds": 753, "band": 15}, {"stopCode": 52, "lines": "1,2", "name": "Pioneer Square Station", "walkingMeters": 1125, "walkingSeconds": 809, "band": 15}]}, "geometry": {"type": "Point", "coordinates": [-122.3420155, 47.605975]}}, {"type": "Feature", "properties": {"id": 667512437, "name": "Yukon Jack's BBQ", "category": "restaurant", "tags": ["restaurant", "barbecue"], "sources": ["osm"], "stations": [{"stopCode": 51, "lines": "1,2", "name": "Symphony Station", "walkingMeters": 536, "walkingSeconds": 388, "band": 10}, {"stopCode": 50, "lines": "1,2", "name": "Westlake Station", "walkingMeters": 1037, "walkingSeconds": 748, "band": 15}, {"stopCode": 52, "lines": "1,2", "name": "Pioneer Square Station", "walkingMeters": 1118, "walkingSeconds": 804, "band": 15}]}, "geometry": {"type": "Point", "coordinates": [-122.3419277, 47.605975]}}, {"type": "Feature", "properties": {"id": 667512438, "name": "Taqueria El Burro", "category": "restaurant", "tags": ["restaurant", "mexican"], "sources": ["osm"], "stations": [{"stopCode": 51, "lines": "1,2", "name": "Symphony Station", "walkingMeters": 530, "walkingSeconds": 383, "band": 10}, {"stopCode": 50, "lines": "1,2", "name": "Westlake Station", "walkingMeters": 1031, "walkingSeconds": 743, "band": 15}, {"stopCode": 52, "lines": "1,2", "name": "Pioneer Square Station", "walkingMeters": 1112, "walkingSeconds": 800, "band": 15}]}, "geometry": {"type": "Point", "coordinates": [-122.3418439, 47.6059747]}}, {"type": "Feature", "properties": {"id": "61655c8f-d802-48e0-b8b9-34f8b7a1283b", "name": "Elliott's Oyster House", "category": "restaurant", "tags": ["restaurant", "seafood", "american"], "sources": ["overture"], "website": "http://www.elliottsoysterhouse.com/", "phone": "+12066234340", "address": "1201 Alaskan Way", "stations": [{"stopCode": 51, "lines": "1,2", "name": "Symphony Station", "walkingMeters": 538, "walkingSeconds": 387, "band": 10}, {"stopCode": 52, "lines": "1,2", "name": "Pioneer Square Station", "walkingMeters": 981, "walkingSeconds": 705, "band": 15}, {"stopCode": 50, "lines": "1,2", "name": "Westlake Station", "walkingMeters": 1046, "walkingSeconds": 752, "band": 15}]}, "geometry": {"type": "Point", "coordinates": [-122.3405685, 47.6053658]}}, {"type": "Feature", "properties": {"id": "c7af10df-1cdb-49dc-86f7-32587fa97535", "name": "Cafe 56", "category": "cafe", "tags": ["cafe"], "sources": ["overture"], "website": "http://www.elliottsoysterhouse.com/cafe-56", "phone": "(206) 623-4340", "address": "1201 Alaskan Way", "stations": [{"stopCode": 51, "lines": "1,2", "name": "Symphony Station", "walkingMeters": 519, "walkingSeconds": 373, "band": 10}, {"stopCode": 52, "lines": "1,2", "name": "Pioneer Square Station", "walkingMeters": 946, "walkingSeconds": 680, "band": 15}, {"stopCode": 50, "lines": "1,2", "name": "Westlake Station", "walkingMeters": 1026, "walkingSeconds": 738, "band": 15}]}, "geometry": {"type": "Point", "coordinates": [-122.3402252, 47.6052322]}}, {"type": "Feature", "properties": {"id": "bda4f6c1-ad01-41ca-9af8-f2017549c21c", "name": "Steamer's Seafood", "category": "restaurant", "tags": ["restaurant", "seafood"], "sources": ["overture"], "website": "http://www.steamersseafoodcafe.com", "phone": "(206) 623-2066", "address": "1201 Alaskan Way", "stations": [{"stopCode": 51, "lines": "1,2", "name": "Symphony Station", "walkingMeters": 514, "walkingSeconds": 370, "band": 10}, {"stopCode": 52, "lines": "1,2", "name": "Pioneer Square Station", "walkingMeters": 941, "walkingSeconds": 676, "band": 15}, {"stopCode": 50, "lines": "1,2", "name": "Westlake Station", "walkingMeters": 1021, "walkingSeconds": 735, "band": 15}]}, "geometry": {"type": "Point", "coordinates": [-122.3401566, 47.6052399]}}, {"type": "Feature", "properties": {"id": "9de2e577-c830-499e-989c-b97c7bdb37cb", "name": "Pier Walk", "category": "restaurant", "tags": ["restaurant"], "sources": ["overture"], "website": "http://www.seattle.gov/parks/park_detail.asp?ID=274", "phone": "+12062818111", "address": "1301 Alaskan Wy", "stations": [{"stopCode": 51, "lines": "1,2", "name": "Symphony Station", "walkingMeters": 531, "walkingSeconds": 396, "band": 10}, {"stopCode": 50, "lines": "1,2", "name": "Westlake Station", "walkingMeters": 950, "walkingSeconds": 709, "band": 15}, {"stopCode": 52, "lines": "1,2", "name": "Pioneer Square Station", "walkingMeters": 965, "walkingSeconds": 720, "band": 15}]}, "geometry": {"type": "Point", "coordinates": [-122.3401642, 47.605423]}}, {"type": "Feature", "properties": {"id": "2a356b96-f621-456a-8169-35b226bd4802", "name": "Seafood Bar", "category": "restaurant", "tags": ["restaurant", "seafood"], "sources": ["overture"], "website": "http://www.TheBrooklyn.com/", "phone": "+13607666185", "address": "1212 2nd Ave", "stations": [{"stopCode": 51, "lines": "1,2", "name": "Symphony Station", "walkingMeters": 526, "walkingSeconds": 393, "band": 5}, {"stopCode": 50, "lines": "1,2", "name": "Westlake Station", "walkingMeters": 893, "walkingSeconds": 666, "band": 15}, {"stopCode": 52, "lines": "1,2", "name": "Pioneer Square Station", "walkingMeters": 1053, "walkingSeconds": 786, "band": 15}]}, "geometry": {"type": "Point", "coordinates": [-122.3407211, 47.6060181]}}, {"type": "Feature", "properties": {"id": "834a26bd-5924-42d7-8212-f1e2510b0df4", "name": "Hal Griffith Companies", "category": "restaurant", "tags": ["restaurant"], "sources": ["overture"], "phone": "+12066238600", "address": "1301 Alaskan Way", "stations": [{"stopCode": 51, "lines": "1,2", "name": "Symphony Station", "walkingMeters": 549, "walkingSeconds": 410, "band": 10}, {"stopCode": 50, "lines": "1,2", "name": "Westlake Station", "walkingMeters": 901, "walkingSeconds": 672, "band": 15}, {"stopCode": 52, "lines": "1,2", "name": "Pioneer Square Station", "walkingMeters": 1081, "walkingSeconds": 807, "band": 15}]}, "geometry": {"type": "Point", "coordinates": [-122.3410187, 47.6060524]}}, {"type": "Feature", "properties": {"id": "7fe95840-dd88-4413-b249-67bebcb9cfe4", "name": "Great Western Pacific Inc", "category": "restaurant", "tags": ["restaurant"], "sources": ["overture"], "address": "1301 Alaskan Way", "stations": [{"stopCode": 51, "lines": "1,2", "name": "Symphony Station", "walkingMeters": 479, "walkingSeconds": 347, "band": 10}, {"stopCode": 50, "lines": "1,2", "name": "Westlake Station", "walkingMeters": 980, "walkingSeconds": 707, "band": 15}, {"stopCode": 52, "lines": "1,2", "name": "Pioneer Square Station", "walkingMeters": 1061, "walkingSeconds": 763, "band": 15}]}, "geometry": {"type": "Point", "coordinates": [-122.3410187, 47.6060524]}}, {"type": "Feature", "properties": {"id": "b9cdcff0-4956-4f79-bc43-e1e82573d7db", "name": "Miner's Landing Food Court", "category": "fast_food", "tags": ["fast-food", "food", "court"], "sources": ["overture"], "website": "minerslanding.com", "phone": "12066238600", "address": "1301 Alaskan Way", "stations": [{"stopCode": 51, "lines": "1,2", "name": "Symphony Station", "walkingMeters": 474, "walkingSeconds": 341, "band": 10}, {"stopCode": 50, "lines": "1,2", "name": "Westlake Station", "walkingMeters": 892, "walkingSeconds": 648, "band": 15}, {"stopCode": 52, "lines": "1,2", "name": "Pioneer Square Station", "walkingMeters": 1049, "walkingSeconds": 754, "band": 15}]}, "geometry": {"type": "Point", "coordinates": [-122.3410187, 47.6060524]}}, {"type": "Feature", "properties": {"id": "ebed792b-9787-46bf-870e-20c9f8ea1c74", "name": "The Fisherman's Restaurant Seattle", "category": "restaurant", "tags": ["restaurant", "seafood", "theme", "bar-and-grill"], "sources": ["overture"], "website": "http://www.thefishermansrestaurant.com/", "phone": "+12066233500", "address": "1301 Alaskan Wy", "stations": [{"stopCode": 51, "lines": "1,2", "name": "Symphony Station", "walkingMeters": 481, "walkingSeconds": 348, "band": 10}, {"stopCode": 50, "lines": "1,2", "name": "Westlake Station", "walkingMeters": 982, "walkingSeconds": 708, "band": 15}, {"stopCode": 52, "lines": "1,2", "name": "Pioneer Square Station", "walkingMeters": 1063, "walkingSeconds": 764, "band": 15}]}, "geometry": {"type": "Point", "coordinates": [-122.3411942, 47.6059608]}}, {"type": "Feature", "properties": {"id": "3549ddb9-374e-4323-bb83-02e969df6d06", "name": "El Puerco Lloron", "category": "restaurant", "tags": ["restaurant"], "sources": ["overture"], "phone": "2066240541", "address": "1501 Western Ave  Ste 200", "stations": [{"stopCode": 51, "lines": "1,2", "name": "Symphony Station", "walkingMeters": 619, "walkingSeconds": 445, "band": 10}, {"stopCode": 50, "lines": "1,2", "name": "Westlake Station", "walkingMeters": 689, "walkingSeconds": 500, "band": 10}, {"stopCode": 52, "lines": "1,2", "name": "Pioneer Square Station", "walkingMeters": 1275, "walkingSeconds": 916, "band": 15}]}, "geometry": {"type": "Point", "coordinates": [-122.3416748, 47.6083298]}}, {"type": "Feature", "properties": {"id": "f82e50e3-ca8d-428b-9fc6-15d692c9c333", "name": "Lowell's Restaurant", "category": "restaurant", "tags": ["restaurant", "seafood"], "sources": ["overture"], "website": "http://eatatlowells.com", "phone": "+12066222036", "address": "1519 Pike Pl", "stations": [{"stopCode": 51, "lines": "1,2", "name": "Symphony Station", "walkingMeters": 620, "walkingSeconds": 446, "band": 10}, {"stopCode": 50, "lines": "1,2", "name": "Westlake Station", "walkingMeters": 686, "walkingSeconds": 497, "band": 10}]}, "geometry": {"type": "Point", "coordinates": [-122.3415756, 47.6090508]}}, {"type": "Feature", "properties": {"id": "1b5d4e2b-50fd-4790-ab20-1cc687adb9ea", "name": "Pike Place Chinese Cuisine", "category": "restaurant", "tags": ["restaurant", "chinese", "asian"], "sources": ["overture"], "website": "http://www.pikeplacechinesecuisine.com", "phone": "+12062230292", "address": "1533 Pike Pl", "stations": [{"stopCode": 51, "lines": "1,2", "name": "Symphony Station", "walkingMeters": 632, "walkingSeconds": 454, "band": 10}, {"stopCode": 50, "lines": "1,2", "name": "Westlake Station", "walkingMeters": 697, "walkingSeconds": 506, "band": 10}]}, "geometry": {"type": "Point", "coordinates": [-122.3416748, 47.6091232]}}, {"type": "Feature", "properties": {"id": "d8b6fcc2-e789-4f93-ab20-cd480323d209", "name": "El Mixteco Aguas frescas and More", "category": "restaurant", "tags": ["restaurant", "mexican", "latin-american"], "sources": ["overture"], "website": "https://www.elmixtecoaguasfrescas.com/", "phone": "+12062019072", "address": "MarketFront Deck, 1901 Western Ave", "stations": [{"stopCode": 51, "lines": "1,2", "name": "Symphony Station", "walkingMeters": 777, "walkingSeconds": 559, "band": 10}, {"stopCode": 50, "lines": "1,2", "name": "Westlake Station", "walkingMeters": 784, "walkingSeconds": 572, "band": 10}]}, "geometry": {"type": "Point", "coordinates": [-122.3428497, 47.6094589]}}, {"type": "Feature", "properties": {"id": "3716c569-41d5-4e09-96ce-04603560417c", "name": "Honest Biscuits", "category": "restaurant", "tags": ["restaurant", "breakfast-and-brunch", "breakfast", "brunch", "comfort-food", "southern"], "sources": ["overture"], "website": "http://www.honestbiscuits.com/", "phone": "+12066827179", "address": "1901 Western Ave", "stations": [{"stopCode": 50, "lines": "1,2", "name": "Westlake Station", "walkingMeters": 789, "walkingSeconds": 575, "band": 10}, {"stopCode": 51, "lines": "1,2", "name": "Symphony Station", "walkingMeters": 803, "walkingSeconds": 578, "band": 10}]}, "geometry": {"type": "Point", "coordinates": [-122.3428497, 47.6094971]}}, {"type": "Feature", "properties": {"id": "e93823ed-7108-4ef8-82e6-41dc24e12877", "name": "Le Panier", "category": "bakery", "tags": ["bakery", "french", "european"], "sources": ["overture"], "website": "http://www.lepanier.com/", "phone": "+12064413669", "address": "1902 Pike Pl", "stations": [{"stopCode": 50, "lines": "1,2", "name": "Westlake Station", "walkingMeters": 590, "walkingSeconds": 440, "band": 10}, {"stopCode": 51, "lines": "1,2", "name": "Symphony Station", "walkingMeters": 670, "walkingSeconds": 500, "band": 10}]}, "geometry": {"type": "Point", "coordinates": [-122.3422012, 47.6098442]}}, {"type": "Feature", "properties": {"id": "3d2e8ed9-6596-4387-acca-cc50d3e68898", "name": "Totem Smokehouse", "category": "restaurant", "tags": ["restaurant", "seafood"], "sources": ["overture"], "website": "http://www.totemsmokehouse.com/", "phone": "+12064431710", "address": "1906 Pike Pl", "stations": [{"stopCode": 50, "lines": "1,2", "name": "Westlake Station", "walkingMeters": 601, "walkingSeconds": 449, "band": 10}, {"stopCode": 51, "lines": "1,2", "name": "Symphony Station", "walkingMeters": 682, "walkingSeconds": 509, "band": 10}]}, "geometry": {"type": "Point", "coordinates": [-122.3423309, 47.6098518]}}, {"type": "Feature", "properties": {"id": "195d8e43-e734-4f3e-bf4a-290314b08c28", "name": "Genghis Khan Restaurant", "category": "restaurant", "tags": ["restaurant"], "sources": ["overture"], "website": "http://www.gkseattle.com", "phone": "(206) 350-5828", "address": "82 Stewart St", "stations": [{"stopCode": 50, "lines": "1,2", "name": "Westlake Station", "walkingMeters": 502, "walkingSeconds": 365, "band": 10}, {"stopCode": 51, "lines": "1,2", "name": "Symphony Station", "walkingMeters": 675, "walkingSeconds": 485, "band": 10}]}, "geometry": {"type": "Point", "coordinates": [-122.3422394, 47.6098824]}}, {"type": "Feature", "properties": {"id": "3eb5e929-cd7b-47d8-8ba6-acdf2b9dfdd2", "name": "Urara Japanese Cuisine", "category": "restaurant", "tags": ["restaurant", "japanese", "asian"], "sources": ["overture"], "website": "http://uraraseattle.com/", "phone": "+12064515914", "address": "82 Stewart St", "stations": [{"stopCode": 50, "lines": "1,2", "name": "Westlake Station", "walkingMeters": 501, "walkingSeconds": 365, "band": 10}, {"stopCode": 51, "lines": "1,2", "name": "Symphony Station", "walkingMeters": 676, "walkingSeconds": 486, "band": 10}]}, "geometry": {"type": "Point", "coordinates": [-122.3420486, 47.6098862]}}, {"type": "Feature", "properties": {"id": "f7873cbd-7da6-4137-8c53-17633178556d", "name": "Godzilla Hospitality", "category": "restaurant", "tags": ["restaurant"], "sources": ["overture"], "address": "82 Stewart St", "stations": [{"stopCode": 50, "lines": "1,2", "name": "Westlake Station", "walkingMeters": 582, "walkingSeconds": 434, "band": 10}, {"stopCode": 51, "lines": "1,2", "name": "Symphony Station", "walkingMeters": 664, "walkingSeconds": 496, "band": 10}]}, "geometry": {"type": "Point", "coordinates": [-122.3421249, 47.6098557]}}, {"type": "Feature", "properties": {"id": "a54838df-6c21-4a60-ae95-dac54689a155", "name": "Local Color", "category": "cafe", "tags": ["cafe", "coffee"], "sources": ["overture"], "website": "http://www.localcolorseattle.com", "phone": "(206) 728-1717", "address": "1606 Pike Pl", "stations": [{"stopCode": 50, "lines": "1,2", "name": "Westlake Station", "walkingMeters": 471, "walkingSeconds": 343, "band": 10}, {"stopCode": 51, "lines": "1,2", "name": "Symphony Station", "walkingMeters": 633, "walkingSeconds": 455, "band": 10}]}, "geometry": {"type": "Point", "coordinates": [-122.3419189, 47.6096458]}}, {"type": "Feature", "properties": {"id": "b6caa43c-3bf5-41bd-a288-77487e60e037", "name": "Holmquist Hazelnut Orchards", "category": "fast_food", "tags": ["fast-food", "food", "truck"], "sources": ["overture"], "website": "http://www.holmquisthazelnuts.com", "phone": "(360) 988-9240", "stations": [{"stopCode": 51, "lines": "1,2", "name": "Symphony Station", "walkingMeters": 710, "walkingSeconds": 511, "band": 10}, {"stopCode": 50, "lines": "1,2", "name": "Westlake Station", "walkingMeters": 734, "walkingSeconds": 535, "band": 10}]}, "geometry": {"type": "Point", "coordinates": [-122.3424606, 47.6096001]}}, {"type": "Feature", "properties": {"id": "908d4bf6-6fe3-436c-9f87-527ba0291126", "name": "Old Stove Brewing", "category": "bar", "tags": ["bar", "brewery"], "sources": ["overture"], "website": "http://www.oldstove.com/", "phone": "+12066026120", "address": "1901 Western Ave", "stations": [{"stopCode": 51, "lines": "1,2", "name": "Symphony Station", "walkingMeters": 790, "walkingSeconds": 568, "band": 10}, {"stopCode": 50, "lines": "1,2", "name": "Westlake Station", "walkingMeters": 796, "walkingSeconds": 581, "band": 10}]}, "geometry": {"type": "Point", "coordinates": [-122.3426895, 47.6094627]}}, {"type": "Feature", "properties": {"id": "f66cf777-4a46-4fc6-a84e-e1c0b6a2ce8a", "name": "Cinnamon Works", "category": "bakery", "tags": ["bakery"], "sources": ["overture"], "website": "http://www.cinnamonworks.com", "phone": "+12065830085", "address": "1536 Pike Pl", "stations": [{"stopCode": 50, "lines": "1,2", "name": "Westlake Station", "walkingMeters": 455, "walkingSeconds": 329, "band": 10}, {"stopCode": 51, "lines": "1,2", "name": "Symphony Station", "walkingMeters": 594, "walkingSeconds": 427, "band": 10}]}, "geometry": {"type": "Point", "coordinates": [-122.341568, 47.6094131]}}, {"type": "Feature", "properties": {"id": "d756f7cf-9664-4b35-a468-cf6efd6cd8ac", "name": "Chicken Valley", "category": "restaurant", "tags": ["restaurant", "chicken"], "sources": ["overture"], "address": "1507 Pike Pl", "stations": [{"stopCode": 51, "lines": "1,2", "name": "Symphony Station", "walkingMeters": 557, "walkingSeconds": 400, "band": 10}, {"stopCode": 50, "lines": "1,2", "name": "Westlake Station", "walkingMeters": 622, "walkingSeconds": 452, "band": 10}]}, "geometry": {"type": "Point", "coordinates": [-122.341362, 47.6093254]}}, {"type": "Feature", "properties": {"id": "8a9b53f2-7765-4ec8-9da2-2583a2886215", "name": "Copacabana Restaurant", "category": "restaurant", "tags": ["restaurant", "bolivian", "latin-american"], "sources": ["overture"], "website": "http://www.pikeplacecopa.com/", "phone": "+12066226359", "address": "1520 1/2 Pike Pl", "stations": [{"stopCode": 50, "lines": "1,2", "name": "Westlake Station", "walkingMeters": 473, "walkingSeconds": 342, "band": 10}, {"stopCode": 51, "lines": "1,2", "name": "Symphony Station", "walkingMeters": 575, "walkingSeconds": 413, "band": 10}]}, "geometry": {"type": "Point", "coordinates": [-122.3413773, 47.6092911]}}, {"type": "Feature", "properties": {"id": "8533f271-a969-4590-a06e-88ce3f08af29", "name": "The Confectional", "category": "bakery", "tags": ["bakery"], "sources": ["overture"], "website": "http://www.theconfectional.com", "phone": "12062824422", "address": "1530 Pike Pl", "stations": [{"stopCode": 50, "lines": "1,2", "name": "Westlake Station", "walkingMeters": 559, "walkingSeconds": 417, "band": 10}, {"stopCode": 51, "lines": "1,2", "name": "Symphony Station", "walkingMeters": 572, "walkingSeconds": 427, "band": 10}]}, "geometry": {"type": "Point", "coordinates": [-122.341423, 47.6093636]}}, {"type": "Feature", "properties": {"id": "a030ab86-f4b8-4975-b2d8-f9428453a02b", "name": "Rachel's Ginger Beer", "category": "bar", "tags": ["bar", "brewery"], "sources": ["overture"], "website": "http://www.rachelsgingerbeer.com/", "phone": "+12064674924", "address": "1530 Post Alley", "stations": [{"stopCode": 50, "lines": "1,2", "name": "Westlake Station", "walkingMeters": 443, "walkingSeconds": 320, "band": 10}, {"stopCode": 51, "lines": "1,2", "name": "Symphony Station", "walkingMeters": 594, "walkingSeconds": 427, "band": 10}]}, "geometry": {"type": "Point", "coordinates": [-122.3413925, 47.6094131]}}, {"type": "Feature", "properties": {"id": "19fa8a37-0ff7-40c3-a3a0-f23212d6c03c", "name": "Seattle Pizza Company Llc", "category": "restaurant", "tags": ["restaurant"], "sources": ["overture"], "address": "1530 Post Aly Ste 7", "stations": [{"stopCode": 50, "lines": "1,2", "name": "Westlake Station", "walkingMeters": 532, "walkingSeconds": 397, "band": 10}, {"stopCode": 51, "lines": "1,2", "name": "Symphony Station", "walkingMeters": 547, "walkingSeconds": 408, "band": 10}]}, "geometry": {"type": "Point", "coordinates": [-122.3411179, 47.6093903]}}, {"type": "Feature", "properties": {"id": "9207c1e0-d6fe-4b48-bbf7-7bad98e6693f", "name": "Paint Nite", "category": "bar", "tags": ["bar"], "sources": ["overture"], "website": "http://paintnite.com", "phone": "(617) 453-8590", "address": "1530 Post Aly", "stations": [{"stopCode": 50, "lines": "1,2", "name": "Westlake Station", "walkingMeters": 418, "walkingSeconds": 302, "band": 5}, {"stopCode": 51, "lines": "1,2", "name": "Symphony Station", "walkingMeters": 548, "walkingSeconds": 394, "band": 10}]}, "geometry": {"type": "Point", "coordinates": [-122.341011, 47.6094284]}}, {"type": "Feature", "properties": {"id": "43cfe5b4-4030-4ecc-a4b9-c4aaab9208aa", "name": "The Dressing Room", "category": "bar", "tags": ["bar", "french", "european"], "sources": ["overture"], "website": "http://cancansdressingroom.com/", "phone": "+12066520832", "address": "95 Pine St", "stations": [{"stopCode": 50, "lines": "1,2", "name": "Westlake Station", "walkingMeters": 473, "walkingSeconds": 342, "band": 10}, {"stopCode": 51, "lines": "1,2", "name": "Symphony Station", "walkingMeters": 556, "walkingSeconds": 400, "band": 10}]}, "geometry": {"type": "Point", "coordinates": [-122.3410187, 47.6092491]}}, {"type": "Feature", "properties": {"id": "6417787b-d426-4b06-9252-62fcf7754d7d", "name": "Bayou on 1st", "category": "restaurant", "tags": ["restaurant", "cajun-and-creole", "cajun", "creole"], "sources": ["overture"], "website": "http://bayouon1st.com", "phone": "(206) 624-2598", "address": "1523 1st Ave", "stations": [{"stopCode": 51, "lines": "1,2", "name": "Symphony Station", "walkingMeters": 506, "walkingSeconds": 378, "band": 10}, {"stopCode": 50, "lines": "1,2", "name": "Westlake Station", "walkingMeters": 518, "walkingSeconds": 387, "band": 10}, {"stopCode": 52, "lines": "1,2", "name": "Pioneer Square Station", "walkingMeters": 1341, "walkingSeconds": 1001, "band": 15}]}, "geometry": {"type": "Point", "coordinates": [-122.3407593, 47.6092453]}}, {"type": "Feature", "properties": {"id": "7fb2c62f-27b7-49be-9bd3-a7723b29fa1b", "name": "Lovage", "category": "restaurant", "tags": ["restaurant", "sandwich"], "sources": ["overture"], "website": "http://lovageseattle.net", "phone": "(206) 486-2160", "address": "1526 1st Ave", "stations": [{"stopCode": 50, "lines": "1,2", "name": "Westlake Station", "walkingMeters": 392, "walkingSeconds": 284, "band": 5}, {"stopCode": 51, "lines": "1,2", "name": "Symphony Station", "walkingMeters": 531, "walkingSeconds": 382, "band": 10}, {"stopCode": 52, "lines": "1,2", "name": "Pioneer Square Station", "walkingMeters": 1224, "walkingSeconds": 881, "band": 15}]}, "geometry": {"type": "Point", "coordinates": [-122.3404694, 47.6096878]}}, {"type": "Feature", "properties": {"id": "c13e2a04-d217-4e33-b62d-d7fe22dbd230", "name": "Farvahar Persian Cafe", "category": "restaurant", "tags": ["restaurant", "persian-iranian", "persian", "iranian", "middle-eastern"], "sources": ["overture"], "website": "http://www.farvaharpersiancafe.com/", "phone": "+12064674892", "address": "1530 Post Alley", "stations": [{"stopCode": 50, "lines": "1,2", "name": "Westlake Station", "walkingMeters": 451, "walkingSeconds": 326, "band": 5}, {"stopCode": 51, "lines": "1,2", "name": "Symphony Station", "walkingMeters": 579, "walkingSeconds": 416, "band": 10}]}, "geometry": {"type": "Point", "coordinates": [-122.3412247, 47.609581]}}, {"type": "Feature", "properties": {"id": "a66b8b12-0e82-4fe1-b0be-2bbbc4eb52f5", "name": "Pizza and Pasta Bar", "category": "restaurant", "tags": ["restaurant", "italian", "pizza"], "sources": ["overture"], "website": "https://www.pizzaandpastabar.com/", "phone": "+12066217545", "address": "1530 Post Aly", "stations": [{"stopCode": 50, "lines": "1,2", "name": "Westlake Station", "walkingMeters": 444, "walkingSeconds": 321, "band": 10}, {"stopCode": 51, "lines": "1,2", "name": "Symphony Station", "walkingMeters": 586, "walkingSeconds": 421, "band": 10}]}, "geometry": {"type": "Point", "coordinates": [-122.341217, 47.609478]}}, {"type": "Feature", "properties": {"id": "959b790e-08d6-4eb6-a81b-3ea83c004138", "name": "Steelhead Diner", "category": "restaurant", "tags": ["restaurant", "diner"], "sources": ["overture"], "phone": "2066250129", "address": "95 Pine St", "stations": [{"stopCode": 50, "lines": "1,2", "name": "Westlake Station", "walkingMeters": 414, "walkingSeconds": 306, "band": 10}, {"stopCode": 51, "lines": "1,2", "name": "Symphony Station", "walkingMeters": 612, "walkingSeconds": 440, "band": 10}]}, "geometry": {"type": "Point", "coordinates": [-122.3412933, 47.6095238]}}, {"type": "Feature", "properties": {"id": "fd6a495c-3588-4ce7-b7e7-158bade2d498", "name": "Sisters European Snacks", "category": "cafe", "tags": ["cafe", "european"], "sources": ["overture"], "website": "http://sisterseuropeancafe.com/", "phone": "+12066198556", "address": "1530 Post Alley", "stations": [{"stopCode": 50, "lines": "1,2", "name": "Westlake Station", "walkingMeters": 434, "walkingSeconds": 314, "band": 10}, {"stopCode": 51, "lines": "1,2", "name": "Symphony Station", "walkingMeters": 596, "walkingSeconds": 428, "band": 10}]}, "geometry": {"type": "Point", "coordinates": [-122.3413773, 47.6095123]}}, {"type": "Feature", "properties": {"id": "23de2e93-1c94-439c-bb49-e24909c540f9", "name": "March\u00e9", "category": "restaurant", "tags": ["restaurant", "french"], "sources": ["overture"], "website": "http://www.marcheseattle.com", "phone": "(206) 728-2800", "address": "86 Pine St", "stations": [{"stopCode": 50, "lines": "1,2", "name": "Westlake Station", "walkingMeters": 421, "walkingSeconds": 307, "band": 10}, {"stopCode": 51, "lines": "1,2", "name": "Symphony Station", "walkingMeters": 615, "walkingSeconds": 443, "band": 10}]}, "geometry": {"type": "Point", "coordinates": [-122.3414536, 47.6097679]}}, {"type": "Feature", "properties": {"id": "b90bcd74-e701-4269-a795-d639069aca0d", "name": "Chan", "category": "restaurant", "tags": ["restaurant", "korean"], "sources": ["overture"], "website": "http://chanseattle.com", "phone": "(206) 443-5443", "address": "86 Pine St", "stations": [{"stopCode": 50, "lines": "1,2", "name": "Westlake Station", "walkingMeters": 439, "walkingSeconds": 319, "band": 10}, {"stopCode": 51, "lines": "1,2", "name": "Symphony Station", "walkingMeters": 633, "walkingSeconds": 455, "band": 10}]}, "geometry": {"type": "Point", "coordinates": [-122.3414154, 47.6099701]}}, {"type": "Feature", "properties": {"id": "aa5fd7c2-5612-4681-ab36-af1f5e92bef8", "name": "Pan Africa Market", "category": "restaurant", "tags": ["restaurant", "african"], "sources": ["overture"], "website": "http://panafricamarket.com/", "phone": "(206) 652-2461", "address": "1521 1st Ave", "stations": [{"stopCode": 50, "lines": "1,2", "name": "Westlake Station", "walkingMeters": 399, "walkingSeconds": 289, "band": 5}, {"stopCode": 51, "lines": "1,2", "name": "Symphony Station", "walkingMeters": 488, "walkingSeconds": 351, "band": 10}, {"stopCode": 52, "lines": "1,2", "name": "Pioneer Square Station", "walkingMeters": 1181, "walkingSeconds": 850, "band": 15}]}, "geometry": {"type": "Point", "coordinates": [-122.3401947, 47.6095123]}}, {"type": "Feature", "properties": {"id": "5cf97163-14da-43af-b2e9-79321f30319d", "name": "Chez Shea", "category": "restaurant", "tags": ["restaurant", "french"], "sources": ["overture"], "website": "http://www.chezshea.com", "phone": "(206) 467-9990", "address": "94 Pike St", "stations": [{"stopCode": 50, "lines": "1,2", "name": "Westlake Station", "walkingMeters": 481, "walkingSeconds": 348, "band": 10}, {"stopCode": 51, "lines": "1,2", "name": "Symphony Station", "walkingMeters": 485, "walkingSeconds": 349, "band": 10}, {"stopCode": 52, "lines": "1,2", "name": "Pioneer Square Station", "walkingMeters": 1178, "walkingSeconds": 848, "band": 15}]}, "geometry": {"type": "Point", "coordinates": [-122.3405457, 47.6089554]}}, {"type": "Feature", "properties": {"id": "2d908284-521e-4c4d-83d7-fcb004c7c49a", "name": "Chatalas William B", "category": "restaurant", "tags": ["restaurant"], "sources": ["overture"], "address": "1519 Pike Pl", "stations": [{"stopCode": 51, "lines": "1,2", "name": "Symphony Station", "walkingMeters": 550, "walkingSeconds": 410, "band": 10}, {"stopCode": 50, "lines": "1,2", "name": "Westlake Station", "walkingMeters": 588, "walkingSeconds": 439, "band": 10}]}, "geometry": {"type": "Point", "coordinates": [-122.3413849, 47.6089897]}}, {"type": "Feature", "properties": {"id": "ddd6018a-c362-4a02-a100-9bb95085b4d4", "name": "Los Agaves At Pike", "category": "restaurant", "tags": ["restaurant", "mexican", "latin-american"], "sources": ["overture"], "website": "http://www.losagaves.net", "phone": "+12065040202", "address": "1514 Pike Pl #7", "stations": [{"stopCode": 50, "lines": "1,2", "name": "Westlake Station", "walkingMeters": 494, "walkingSeconds": 357, "band": 10}, {"stopCode": 51, "lines": "1,2", "name": "Symphony Station", "walkingMeters": 536, "walkingSeconds": 386, "band": 10}, {"stopCode": 52, "lines": "1,2", "name": "Pioneer Square Station", "walkingMeters": 1230, "walkingSeconds": 884, "band": 15}]}, "geometry": {"type": "Point", "coordinates": [-122.3409042, 47.6090393]}}, {"type": "Feature", "properties": {"id": "95a5efe8-f910-4f25-b0df-43b47422f449", "name": "Jack's Fish Spot", "category": "restaurant", "tags": ["restaurant", "seafood"], "sources": ["overture"], "website": "http://www.jacksfishspot.com/", "phone": "+12064670514", "address": "1514 Pike Pl", "stations": [{"stopCode": 50, "lines": "1,2", "name": "Westlake Station", "walkingMeters": 499, "walkingSeconds": 361, "band": 10}, {"stopCode": 51, "lines": "1,2", "name": "Symphony Station", "walkingMeters": 531, "walkingSeconds": 382, "band": 10}, {"stopCode": 52, "lines": "1,2", "name": "Pioneer Square Station", "walkingMeters": 1224, "walkingSeconds": 880, "band": 15}]}, "geometry": {"type": "Point", "coordinates": [-122.3409424, 47.6090279]}}, {"type": "Feature", "properties": {"id": "1b70d9eb-efa4-4022-b317-7f0c06f812a6", "name": "Three Girls Bakery", "category": "bakery", "tags": ["bakery"], "sources": ["overture"], "website": "http://www.threegirlsbakery.com", "phone": "+12066221045", "address": "1514 Pike Pl", "stations": [{"stopCode": 50, "lines": "1,2", "name": "Westlake Station", "walkingMeters": 506, "walkingSeconds": 366, "band": 10}, {"stopCode": 51, "lines": "1,2", "name": "Symphony Station", "walkingMeters": 524, "walkingSeconds": 377, "band": 10}, {"stopCode": 52, "lines": "1,2", "name": "Pioneer Square Station", "walkingMeters": 1218, "walkingSeconds": 876, "band": 15}]}, "geometry": {"type": "Point", "coordinates": [-122.3408813, 47.6089859]}}, {"type": "Feature", "properties": {"id": "65354d4c-6797-4f38-a146-43570f5e212b", "name": "The Bar Bazaar", "category": "bar", "tags": ["bar"], "sources": ["overture"], "website": "http://Www.thebarbazaarseattle.com/", "phone": "+14066044243", "address": "1516 Western Ave", "stations": [{"stopCode": 50, "lines": "1,2", "name": "Westlake Station", "walkingMeters": 508, "walkingSeconds": 367, "band": 10}, {"stopCode": 51, "lines": "1,2", "name": "Symphony Station", "walkingMeters": 546, "walkingSeconds": 395, "band": 10}, {"stopCode": 52, "lines": "1,2", "name": "Pioneer Square Station", "walkingMeters": 1239, "walkingSeconds": 894, "band": 15}]}, "geometry": {"type": "Point", "coordinates": [-122.3411407, 47.6088371]}}, {"type": "Feature", "properties": {"id": "7798808e-5edd-49ac-ac15-fe7afa892e9e", "name": "Northwest Tastings Wine Bar", "category": "bar", "tags": ["bar", "wine"], "sources": ["overture"], "website": "http://whiteheronwine.com/northwesttastings.html", "phone": "+15092899583", "address": "1501 Pike Pl", "stations": [{"stopCode": 51, "lines": "1,2", "name": "Symphony Station", "walkingMeters": 576, "walkingSeconds": 414, "band": 10}, {"stopCode": 50, "lines": "1,2", "name": "Westlake Station", "walkingMeters": 641, "walkingSeconds": 465, "band": 10}, {"stopCode": 52, "lines": "1,2", "name": "Pioneer Square Station", "walkingMeters": 1257, "walkingSeconds": 904, "band": 15}]}, "geometry": {"type": "Point", "coordinates": [-122.3412018, 47.6087379]}}, {"type": "Feature", "properties": {"id": "c3ef8783-54f6-4b08-abf1-f95792626fef", "name": "Catering Advisors Inc", "category": "restaurant", "tags": ["restaurant"], "sources": ["overture"], "address": "1517 Pike Pl", "stations": [{"stopCode": 51, "lines": "1,2", "name": "Symphony Station", "walkingMeters": 491, "walkingSeconds": 366, "band": 10}, {"stopCode": 50, "lines": "1,2", "name": "Westlake Station", "walkingMeters": 581, "walkingSeconds": 434, "band": 10}, {"stopCode": 52, "lines": "1,2", "name": "Pioneer Square Station", "walkingMeters": 1294, "walkingSeconds": 966, "band": 15}]}, "geometry": {"type": "Point", "coordinates": [-122.3408813, 47.608696]}}, {"type": "Feature", "properties": {"id": "e1c103e7-ca8c-48b9-bca3-faf4cd4cc7d8", "name": "Honey Bear Cafe", "category": "restaurant", "tags": ["restaurant"], "sources": ["overture"], "website": "http://www.honeybearbakery.com", "phone": "(206) 622-8587", "address": "1501 Pike Pl Ste 329", "stations": [{"stopCode": 51, "lines": "1,2", "name": "Symphony Station", "walkingMeters": 505, "walkingSeconds": 366, "band": 10}, {"stopCode": 50, "lines": "1,2", "name": "Westlake Station", "walkingMeters": 536, "walkingSeconds": 385, "band": 10}, {"stopCode": 52, "lines": "1,2", "name": "Pioneer Square Station", "walkingMeters": 1198, "walkingSeconds": 864, "band": 15}]}, "geometry": {"type": "Point", "coordinates": [-122.3407974, 47.6086922]}}, {"type": "Feature", "properties": {"id": "3ca5de07-4fb4-4a38-beb6-6ea72634854a", "name": "Oriental Mart Filipino Restaurant", "category": "restaurant", "tags": ["restaurant", "filipino", "asian"], "sources": ["overture"], "website": "http://www.orientalmart.feedback", "phone": "+12066228488", "address": "1506 Pike Pl", "stations": [{"stopCode": 51, "lines": "1,2", "name": "Symphony Station", "walkingMeters": 503, "walkingSeconds": 362, "band": 10}, {"stopCode": 50, "lines": "1,2", "name": "Westlake Station", "walkingMeters": 529, "walkingSeconds": 380, "band": 10}, {"stopCode": 52, "lines": "1,2", "name": "Pioneer Square Station", "walkingMeters": 1196, "walkingSeconds": 861, "band": 15}]}, "geometry": {"type": "Point", "coordinates": [-122.340683, 47.6088524]}}, {"type": "Feature", "properties": {"id": "e3582215-22ee-4f83-a2dc-2b06deb18383", "name": "Ellenos Real Greek Yogurt", "category": "fast_food", "tags": ["fast-food", "fast", "food"], "sources": ["overture"], "website": "http://www.ellenos.com", "phone": "(206) 625-5006", "address": "1500 Pike St, #12", "stations": [{"stopCode": 51, "lines": "1,2", "name": "Symphony Station", "walkingMeters": 459, "walkingSeconds": 343, "band": 5}, {"stopCode": 50, "lines": "1,2", "name": "Westlake Station", "walkingMeters": 538, "walkingSeconds": 401, "band": 10}, {"stopCode": 52, "lines": "1,2", "name": "Pioneer Square Station", "walkingMeters": 1280, "walkingSeconds": 955, "band": 15}]}, "geometry": {"type": "Point", "coordinates": [-122.340477, 47.6088409]}}, {"type": "Feature", "properties": {"id": "2fb5ea80-1070-4bc3-99e3-2ac0c3f0fa60", "name": "Wild Fish Poke", "category": "restaurant", "tags": ["restaurant", "poke", "seafood", "japanese"], "sources": ["overture"], "website": "http://wildfishpoke.com", "phone": "+12064674463", "address": "94 Pike St", "stations": [{"stopCode": 51, "lines": "1,2", "name": "Symphony Station", "walkingMeters": 476, "walkingSeconds": 342, "band": 5}, {"stopCode": 50, "lines": "1,2", "name": "Westlake Station", "walkingMeters": 502, "walkingSeconds": 361, "band": 10}, {"stopCode": 52, "lines": "1,2", "name": "Pioneer Square Station", "walkingMeters": 1169, "walkingSeconds": 841, "band": 15}]}, "geometry": {"type": "Point", "coordinates": [-122.3403778, 47.6088409]}}, {"type": "Feature", "properties": {"id": "613a8992-577e-497e-ad3b-e5102bb02a8d", "name": "Storyville Coffee Company", "category": "cafe", "tags": ["cafe", "coffee"], "sources": ["overture"], "website": "http://www.storyville.com/", "phone": "+12067805777", "address": "94 Pike St Top floor Suite 34", "stations": [{"stopCode": 51, "lines": "1,2", "name": "Symphony Station", "walkingMeters": 475, "walkingSeconds": 342, "band": 5}, {"stopCode": 50, "lines": "1,2", "name": "Westlake Station", "walkingMeters": 501, "walkingSeconds": 360, "band": 10}, {"stopCode": 52, "lines": "1,2", "name": "Pioneer Square Station", "walkingMeters": 1169, "walkingSeconds": 841, "band": 15}]}, "geometry": {"type": "Point", "coordinates": [-122.3404007, 47.6088753]}}, {"type": "Feature", "properties": {"id": "e24c0b46-db4b-487d-9609-45b26704ed43", "name": "Market Grill", "category": "restaurant", "tags": ["restaurant", "seafood"], "sources": ["overture"], "website": "http://www.marketgrillseattle.com", "phone": "12066822654", "address": "1509 Pike Pl  Ste 3", "stations": [{"stopCode": 50, "lines": "1,2", "name": "Westlake Station", "walkingMeters": 508, "walkingSeconds": 367, "band": 10}, {"stopCode": 51, "lines": "1,2", "name": "Symphony Station", "walkingMeters": 533, "walkingSeconds": 385, "band": 10}, {"stopCode": 52, "lines": "1,2", "name": "Pioneer Square Station", "walkingMeters": 1226, "walkingSeconds": 884, "band": 15}]}, "geometry": {"type": "Point", "coordinates": [-122.3404846, 47.6088829]}}, {"type": "Feature", "properties": {"id": "8689763f-d40b-4088-a6f0-69fb62d90278", "name": "Market Bagel", "category": "bakery", "tags": ["bakery", "bagel"], "sources": ["overture"], "website": "http://seattlebagel.com/pike-place-market-bagel", "phone": "+12063824297", "address": "1525 1st Ave", "stations": [{"stopCode": 51, "lines": "1,2", "name": "Symphony Station", "walkingMeters": 464, "walkingSeconds": 336, "band": 5}, {"stopCode": 50, "lines": "1,2", "name": "Westlake Station", "walkingMeters": 494, "walkingSeconds": 359, "band": 10}, {"stopCode": 52, "lines": "1,2", "name": "Pioneer Square Station", "walkingMeters": 1157, "walkingSeconds": 835, "band": 15}]}, "geometry": {"type": "Point", "coordinates": [-122.3402939, 47.6087646]}}, {"type": "Feature", "properties": {"id": "86a19f39-ab8b-4fe0-adda-3008dddb1805", "name": "Seattle Bagel Bakery", "category": "bakery", "tags": ["bakery", "bagel"], "sources": ["overture"], "website": "http://seattlebagel.com/pike-place-market-bagel", "phone": "(206) 624-8099", "address": "93 Pike St", "stations": [{"stopCode": 51, "lines": "1,2", "name": "Symphony Station", "walkingMeters": 463, "walkingSeconds": 335, "band": 5}, {"stopCode": 50, "lines": "1,2", "name": "Westlake Station", "walkingMeters": 493, "walkingSeconds": 359, "band": 10}, {"stopCode": 52, "lines": "1,2", "name": "Pioneer Square Station", "walkingMeters": 1156, "walkingSeconds": 834, "band": 15}]}, "geometry": {"type": "Point", "coordinates": [-122.3403168, 47.6088066]}}, {"type": "Feature", "properties": {"id": "e030acee-8010-49d1-84e4-3ec7fd1b7dc3", "name": "Bagelbop", "category": "bakery", "tags": ["bakery", "bagel"], "sources": ["overture"], "website": "https://www.bagelbop.com", "phone": "(425) 773-0296", "address": "93 Pike St", "stations": [{"stopCode": 51, "lines": "1,2", "name": "Symphony Station", "walkingMeters": 468, "walkingSeconds": 337, "band": 5}, {"stopCode": 50, "lines": "1,2", "name": "Westlake Station", "walkingMeters": 505, "walkingSeconds": 367, "band": 10}, {"stopCode": 52, "lines": "1,2", "name": "Pioneer Square Station", "walkingMeters": 1161, "walkingSeconds": 835, "band": 15}]}, "geometry": {"type": "Point", "coordinates": [-122.3403473, 47.6086426]}}, {"type": "Feature", "properties": {"id": "5b30d4e8-9979-47b7-b44b-c99cc57d3ae2", "name": "Mariscos Mexico", "category": "restaurant", "tags": ["restaurant", "taco", "seafood", "mexican"], "sources": ["overture"], "website": "http://mariscos-mexico-seattle.sites.tablehero.com/", "phone": "+12063408000", "address": "97 Pike St", "stations": [{"stopCode": 51, "lines": "1,2", "name": "Symphony Station", "walkingMeters": 479, "walkingSeconds": 344, "band": 5}, {"stopCode": 50, "lines": "1,2", "name": "Westlake Station", "walkingMeters": 515, "walkingSeconds": 375, "band": 10}, {"stopCode": 52, "lines": "1,2", "name": "Pioneer Square Station", "walkingMeters": 1172, "walkingSeconds": 843, "band": 15}]}, "geometry": {"type": "Point", "coordinates": [-122.3404465, 47.6086426]}}, {"type": "Feature", "properties": {"id": "39434c9f-97c3-4772-a677-bd7db9e118ad", "name": "Umai Sushi and Teriyaki", "category": "restaurant", "tags": ["restaurant", "sushi", "japanese", "asian"], "sources": ["overture"], "website": "https://umai-sushi-teriyaki.business.site", "phone": "+12066242511", "address": "91 Pike St", "stations": [{"stopCode": 51, "lines": "1,2", "name": "Symphony Station", "walkingMeters": 462, "walkingSeconds": 333, "band": 5}, {"stopCode": 50, "lines": "1,2", "name": "Westlake Station", "walkingMeters": 507, "walkingSeconds": 368, "band": 10}, {"stopCode": 52, "lines": "1,2", "name": "Pioneer Square Station", "walkingMeters": 1156, "walkingSeconds": 831, "band": 15}]}, "geometry": {"type": "Point", "coordinates": [-122.340271, 47.6085815]}}, {"type": "Feature", "properties": {"id": "8c607ecc-b338-4019-b2b0-943207a1df8f", "name": "Place Pigalle", "category": "restaurant", "tags": ["restaurant", "french", "european"], "sources": ["overture"], "website": "http://www.placepigalle-seattle.com/", "phone": "+12066241756", "address": "81 Pike St", "stations": [{"stopCode": 51, "lines": "1,2", "name": "Symphony Station", "walkingMeters": 502, "walkingSeconds": 361, "band": 10}, {"stopCode": 50, "lines": "1,2", "name": "Westlake Station", "walkingMeters": 545, "walkingSeconds": 396, "band": 10}, {"stopCode": 52, "lines": "1,2", "name": "Pioneer Square Station", "walkingMeters": 1190, "walkingSeconds": 856, "band": 15}]}, "geometry": {"type": "Point", "coordinates": [-122.3407135, 47.60849]}}, {"type": "Feature", "properties": {"id": "e5951091-de7d-4827-a62f-dbc65a463fd1", "name": "Deluxe Bar-B-Q", "category": "restaurant", "tags": ["restaurant", "barbecue"], "sources": ["overture"], "website": "http://deluxebarbq-pike.dinehere.us", "phone": "(206) 624-2511", "address": "91 Pike St # 2024", "stations": [{"stopCode": 51, "lines": "1,2", "name": "Symphony Station", "walkingMeters": 508, "walkingSeconds": 366, "band": 10}, {"stopCode": 50, "lines": "1,2", "name": "Westlake Station", "walkingMeters": 552, "walkingSeconds": 401, "band": 10}, {"stopCode": 52, "lines": "1,2", "name": "Pioneer Square Station", "walkingMeters": 1196, "walkingSeconds": 861, "band": 15}]}, "geometry": {"type": "Point", "coordinates": [-122.3407974, 47.6085167]}}, {"type": "Feature", "properties": {"id": "6742a349-c100-4b14-9a75-1b0f161b4c00", "name": "Lonely Siren", "category": "bar", "tags": ["bar", "bar-and-grill"], "sources": ["overture"], "website": "http://www.lonelysiren.com/", "phone": "+12065380260", "address": "1501 Pike Pl", "stations": [{"stopCode": 51, "lines": "1,2", "name": "Symphony Station", "walkingMeters": 506, "walkingSeconds": 364, "band": 10}, {"stopCode": 50, "lines": "1,2", "name": "Westlake Station", "walkingMeters": 550, "walkingSeconds": 399, "band": 10}, {"stopCode": 52, "lines": "1,2", "name": "Pioneer Square Station", "walkingMeters": 1195, "walkingSeconds": 860, "band": 15}]}, "geometry": {"type": "Point", "coordinates": [-122.3407593, 47.608551]}}, {"type": "Feature", "properties": {"id": "e0d99437-8010-4d83-af05-d7c3d12e1e1d", "name": "Ghost Alley Espresso", "category": "cafe", "tags": ["cafe", "coffee"], "sources": ["overture"], "website": "http://www.ghostalleyespresso.com/", "phone": "+12064517115", "address": "1499 Post Alley", "stations": [{"stopCode": 51, "lines": "1,2", "name": "Symphony Station", "walkingMeters": 491, "walkingSeconds": 355, "band": 5}, {"stopCode": 50, "lines": "1,2", "name": "Westlake Station", "walkingMeters": 521, "walkingSeconds": 378, "band": 10}, {"stopCode": 52, "lines": "1,2", "name": "Pioneer Square Station", "walkingMeters": 1184, "walkingSeconds": 854, "band": 15}]}, "geometry": {"type": "Point", "coordinates": [-122.3405838, 47.6086235]}}, {"type": "Feature", "properties": {"id": "bd5fdc12-ff34-4a56-8d7e-f90014efec08", "name": "Rc Popcorn Llc", "category": "restaurant", "tags": ["restaurant"], "sources": ["overture"], "address": "1500 Western Ave", "stations": [{"stopCode": 51, "lines": "1,2", "name": "Symphony Station", "walkingMeters": 501, "walkingSeconds": 374, "band": 10}, {"stopCode": 50, "lines": "1,2", "name": "Westlake Station", "walkingMeters": 603, "walkingSeconds": 450, "band": 10}, {"stopCode": 52, "lines": "1,2", "name": "Pioneer Square Station", "walkingMeters": 1293, "walkingSeconds": 965, "band": 15}]}, "geometry": {"type": "Point", "coordinates": [-122.3410339, 47.6085777]}}, {"type": "Feature", "properties": {"id": "242199c1-9cc1-4248-8a93-e5b90bd2ec3b", "name": "White Heron Cellars", "category": "bar", "tags": ["bar", "wine"], "sources": ["overture"], "phone": "+15413624834", "address": "1501 Pike Pl", "stations": [{"stopCode": 51, "lines": "1,2", "name": "Symphony Station", "walkingMeters": 564, "walkingSeconds": 406, "band": 10}, {"stopCode": 50, "lines": "1,2", "name": "Westlake Station", "walkingMeters": 630, "walkingSeconds": 457, "band": 10}, {"stopCode": 52, "lines": "1,2", "name": "Pioneer Square Station", "walkingMeters": 1245, "walkingSeconds": 896, "band": 15}]}, "geometry": {"type": "Point", "coordinates": [-122.3411713, 47.6085854]}}, {"type": "Feature", "properties": {"id": "b12ce0d5-817d-41b6-be04-d7337cc2ae7e", "name": "Coffee & A Specialty Bakery", "category": "bakery", "tags": ["bakery"], "sources": ["overture"], "website": "http://www.coffeeandpikeplace.com", "phone": "(206) 375-5296", "address": "1500 Western Ave", "stations": [{"stopCode": 51, "lines": "1,2", "name": "Symphony Station", "walkingMeters": 559, "walkingSeconds": 402, "band": 10}, {"stopCode": 50, "lines": "1,2", "name": "Westlake Station", "walkingMeters": 625, "walkingSeconds": 454, "band": 10}, {"stopCode": 52, "lines": "1,2", "name": "Pioneer Square Station", "walkingMeters": 1240, "walkingSeconds": 892, "band": 15}]}, "geometry": {"type": "Point", "coordinates": [-122.3411102, 47.6086044]}}, {"type": "Feature", "properties": {"id": "cae2310a-280f-495e-99f0-57cfaff89fb0", "name": "Pike Place Bakery", "category": "bakery", "tags": ["bakery"], "sources": ["overture"], "website": "http://www.pikeplacebakery.com/", "phone": "+12066822829", "address": "1501 Pike Pl", "stations": [{"stopCode": 51, "lines": "1,2", "name": "Symphony Station", "walkingMeters": 572, "walkingSeconds": 411, "band": 10}, {"stopCode": 50, "lines": "1,2", "name": "Westlake Station", "walkingMeters": 638, "walkingSeconds": 463, "band": 10}, {"stopCode": 52, "lines": "1,2", "name": "Pioneer Square Station", "walkingMeters": 1253, "walkingSeconds": 901, "band": 15}]}, "geometry": {"type": "Point", "coordinates": [-122.3410721, 47.6086693]}}, {"type": "Feature", "properties": {"id": "d8f44cce-ce8c-4906-89d9-4d6062844df7", "name": "Seattle Beer Co", "category": "bar", "tags": ["bar", "beer"], "sources": ["overture"], "website": "http://seattlebeerco.com/", "phone": "+12062499858", "address": "1427 Western Ave", "stations": [{"stopCode": 51, "lines": "1,2", "name": "Symphony Station", "walkingMeters": 539, "walkingSeconds": 387, "band": 10}, {"stopCode": 50, "lines": "1,2", "name": "Westlake Station", "walkingMeters": 654, "walkingSeconds": 475, "band": 10}, {"stopCode": 52, "lines": "1,2", "name": "Pioneer Square Station", "walkingMeters": 1217, "walkingSeconds": 875, "band": 15}]}, "geometry": {"type": "Point", "coordinates": [-122.3411484, 47.6082115]}}, {"type": "Feature", "properties": {"id": "c5c1e9bc-1f4c-4140-9926-17bf7f4ffaf4", "name": "Dianne's Delights", "category": "bakery", "tags": ["bakery"], "sources": ["overture"], "website": "https://diannesdelights.net", "phone": "4258799379", "address": "1426 Western Ave", "stations": [{"stopCode": 51, "lines": "1,2", "name": "Symphony Station", "walkingMeters": 499, "walkingSeconds": 358, "band": 5}, {"stopCode": 50, "lines": "1,2", "name": "Westlake Station", "walkingMeters": 641, "walkingSeconds": 465, "band": 10}, {"stopCode": 52, "lines": "1,2", "name": "Pioneer Square Station", "walkingMeters": 1180, "walkingSeconds": 849, "band": 15}]}, "geometry": {"type": "Point", "coordinates": [-122.3406067, 47.6082726]}}, {"type": "Feature", "properties": {"id": "837fb231-b4d4-47cc-84eb-88b73807afce", "name": "Rjm Post Alley Corp", "category": "restaurant", "tags": ["restaurant"], "sources": ["overture"], "website": "ryanminato.com", "address": "85 Pike St Ste 410", "stations": [{"stopCode": 51, "lines": "1,2", "name": "Symphony Station", "walkingMeters": 474, "walkingSeconds": 354, "band": 10}, {"stopCode": 50, "lines": "1,2", "name": "Westlake Station", "walkingMeters": 617, "walkingSeconds": 460, "band": 10}, {"stopCode": 52, "lines": "1,2", "name": "Pioneer Square Station", "walkingMeters": 1254, "walkingSeconds": 936, "band": 15}]}, "geometry": {"type": "Point", "coordinates": [-122.3408279, 47.6083221]}}, {"type": "Feature", "properties": {"id": "c29c4ef2-091a-4d55-89b2-6bad276837a0", "name": "Jarrbar", "category": "bar", "tags": ["bar"], "sources": ["overture"], "website": "https://jarrbar.com", "phone": "12062092239", "address": "1432 Western Ave", "stations": [{"stopCode": 51, "lines": "1,2", "name": "Symphony Station", "walkingMeters": 532, "walkingSeconds": 383, "band": 5}, {"stopCode": 50, "lines": "1,2", "name": "Westlake Station", "walkingMeters": 642, "walkingSeconds": 466, "band": 10}, {"stopCode": 52, "lines": "1,2", "name": "Pioneer Square Station", "walkingMeters": 1213, "walkingSeconds": 873, "band": 15}]}, "geometry": {"type": "Point", "coordinates": [-122.3404083, 47.6082764]}}, {"type": "Feature", "properties": {"id": "92185556-5436-49a9-91de-ac2a5b104abb", "name": "Aquarium Caf\u00e9", "category": "cafe", "tags": ["cafe"], "sources": ["overture"], "website": "http://www.seattleaquarium.org", "phone": "(206) 386-4348", "address": "1483 Alaskan Way Pier 59", "stations": [{"stopCode": 51, "lines": "1,2", "name": "Symphony Station", "walkingMeters": 626, "walkingSeconds": 452, "band": 10}, {"stopCode": 50, "lines": "1,2", "name": "Westlake Station", "walkingMeters": 851, "walkingSeconds": 616, "band": 15}, {"stopCode": 52, "lines": "1,2", "name": "Pioneer Square Station", "walkingMeters": 1235, "walkingSeconds": 888, "band": 15}]}, "geometry": {"type": "Point", "coordinates": [-122.3424377, 47.6073837]}}, {"type": "Feature", "properties": {"id": "9e8c3949-1bc3-45cd-854a-eaab1c4c3f64", "name": "Alaskan Sourdough Bakery", "category": "bakery", "tags": ["bakery", "american"], "sources": ["overture"], "website": "http://AlaskanSourdoughBakerySeattle.com/", "phone": "+12068385313", "address": "1301 Alaskan Way", "stations": [{"stopCode": 51, "lines": "1,2", "name": "Symphony Station", "walkingMeters": 531, "walkingSeconds": 396, "band": 5}, {"stopCode": 50, "lines": "1,2", "name": "Westlake Station", "walkingMeters": 880, "walkingSeconds": 657, "band": 10}, {"stopCode": 52, "lines": "1,2", "name": "Pioneer Square Station", "walkingMeters": 1079, "walkingSeconds": 805, "band": 15}]}, "geometry": {"type": "Point", "coordinates": [-122.3408966, 47.6061783]}}, {"type": "Feature", "properties": {"id": 1809238334, "name": "Seattle Great Wheel", "category": "attraction", "tags": ["attraction"], "sources": ["osm"], "website": "https://seattlegreatwheel.com/", "phone": "+1-206-623-8607", "address": "1301 Alaskan Way", "hours": "Mo-Th 11:00-21:00; Fr,Sa 10:00-22:00; Su 10:00-21:00", "stations": [{"stopCode": 51, "lines": "1,2", "name": "Symphony Station", "walkingMeters": 578, "walkingSeconds": 416, "band": 10}, {"stopCode": 50, "lines": "1,2", "name": "Westlake Station", "walkingMeters": 965, "walkingSeconds": 700, "band": 15}, {"stopCode": 52, "lines": "1,2", "name": "Pioneer Square Station", "walkingMeters": 1181, "walkingSeconds": 849, "band": 15}]}, "geometry": {"type": "Point", "coordinates": [-122.3424999, 47.6061669]}}, {"type": "Feature", "properties": {"id": 2397460936, "name": "Brooke Westlund Studio and Gallery", "category": "gallery", "tags": ["gallery", "art"], "sources": ["osm", "overture"], "website": "http://www.brookewestlund.com/", "phone": "+14256816037", "address": "1514 Western Ave", "stations": [{"stopCode": 51, "lines": "1,2", "name": "Symphony Station", "walkingMeters": 592, "walkingSeconds": 425, "band": 10}, {"stopCode": 50, "lines": "1,2", "name": "Westlake Station", "walkingMeters": 657, "walkingSeconds": 477, "band": 10}, {"stopCode": 52, "lines": "1,2", "name": "Pioneer Square Station", "walkingMeters": 1272, "walkingSeconds": 915, "band": 15}]}, "geometry": {"type": "Point", "coordinates": [-122.341386, 47.6088289]}}, {"type": "Feature", "properties": {"id": 2443738130, "name": "Gum Wall", "category": "artwork", "tags": ["artwork"], "sources": ["osm"], "address": "Post Alley", "hours": "24/7", "stations": [{"stopCode": 51, "lines": "1,2", "name": "Symphony Station", "walkingMeters": 486, "walkingSeconds": 350, "band": 5}, {"stopCode": 50, "lines": "1,2", "name": "Westlake Station", "walkingMeters": 541, "walkingSeconds": 393, "band": 10}, {"stopCode": 52, "lines": "1,2", "name": "Pioneer Square Station", "walkingMeters": 1153, "walkingSeconds": 829, "band": 15}]}, "geometry": {"type": "Point", "coordinates": [-122.340379, 47.6084169]}}, {"type": "Feature", "properties": {"id": 3211770156, "name": "Breaching Orca", "category": "artwork", "tags": ["artwork"], "sources": ["osm"], "stations": [{"stopCode": 51, "lines": "1,2", "name": "Symphony Station", "walkingMeters": 604, "walkingSeconds": 436, "band": 10}, {"stopCode": 50, "lines": "1,2", "name": "Westlake Station", "walkingMeters": 829, "walkingSeconds": 600, "band": 10}, {"stopCode": 52, "lines": "1,2", "name": "Pioneer Square Station", "walkingMeters": 1213, "walkingSeconds": 872, "band": 15}]}, "geometry": {"type": "Point", "coordinates": [-122.3421362, 47.607333]}}, {"type": "Feature", "properties": {"id": 3211770167, "name": "Farmer's Pole", "category": "artwork", "tags": ["artwork"], "sources": ["osm"], "stations": [{"stopCode": 50, "lines": "1,2", "name": "Westlake Station", "walkingMeters": 674, "walkingSeconds": 493, "band": 10}, {"stopCode": 51, "lines": "1,2", "name": "Symphony Station", "walkingMeters": 841, "walkingSeconds": 604, "band": 10}]}, "geometry": {"type": "Point", "coordinates": [-122.3438283, 47.6099633]}}, {"type": "Feature", "properties": {"id": 3211778886, "name": "Marine-Life Paintings", "category": "artwork", "tags": ["artwork"], "sources": ["osm"], "stations": [{"stopCode": 51, "lines": "1,2", "name": "Symphony Station", "walkingMeters": 608, "walkingSeconds": 439, "band": 10}, {"stopCode": 50, "lines": "1,2", "name": "Westlake Station", "walkingMeters": 833, "walkingSeconds": 603, "band": 10}, {"stopCode": 52, "lines": "1,2", "name": "Pioneer Square Station", "walkingMeters": 1217, "walkingSeconds": 875, "band": 15}]}, "geometry": {"type": "Point", "coordinates": [-122.3421956, 47.6073239]}}, {"type": "Feature", "properties": {"id": 3211778888, "name": "Sea Otter, Salmon, And Raven", "category": "artwork", "tags": ["artwork", "gallery", "art"], "sources": ["osm", "overture"], "website": "http://www.seattle.gov/arts/", "phone": "(206) 684-7171", "address": "1483 Alaskan Way", "stations": [{"stopCode": 51, "lines": "1,2", "name": "Symphony Station", "walkingMeters": 608, "walkingSeconds": 439, "band": 10}, {"stopCode": 50, "lines": "1,2", "name": "Westlake Station", "walkingMeters": 832, "walkingSeconds": 602, "band": 10}, {"stopCode": 52, "lines": "1,2", "name": "Pioneer Square Station", "walkingMeters": 1216, "walkingSeconds": 875, "band": 15}]}, "geometry": {"type": "Point", "coordinates": [-122.3421837, 47.6073442]}}, {"type": "Feature", "properties": {"id": 3211778889, "name": "Beyond The Reef", "category": "artwork", "tags": ["artwork"], "sources": ["osm"], "stations": [{"stopCode": 51, "lines": "1,2", "name": "Symphony Station", "walkingMeters": 611, "walkingSeconds": 441, "band": 10}, {"stopCode": 50, "lines": "1,2", "name": "Westlake Station", "walkingMeters": 831, "walkingSeconds": 602, "band": 10}, {"stopCode": 52, "lines": "1,2", "name": "Pioneer Square Station", "walkingMeters": 1220, "walkingSeconds": 877, "band": 15}]}, "geometry": {"type": "Point", "coordinates": [-122.3422384, 47.6073485]}}, {"type": "Feature", "properties": {"id": 3559896932, "name": "Rachel the Piggy Bank", "category": "artwork", "tags": ["artwork"], "sources": ["osm"], "stations": [{"stopCode": 51, "lines": "1,2", "name": "Symphony Station", "walkingMeters": 492, "walkingSeconds": 356, "band": 10}, {"stopCode": 50, "lines": "1,2", "name": "Westlake Station", "walkingMeters": 522, "walkingSeconds": 379, "band": 10}, {"stopCode": 52, "lines": "1,2", "name": "Pioneer Square Station", "walkingMeters": 1185, "walkingSeconds": 855, "band": 15}]}, "geometry": {"type": "Point", "coordinates": [-122.3406064, 47.6086279]}}, {"type": "Feature", "properties": {"id": 4217400413, "name": "Public Market Clock", "category": "attraction", "tags": ["attraction"], "sources": ["osm"], "stations": [{"stopCode": 51, "lines": "1,2", "name": "Symphony Station", "walkingMeters": 490, "walkingSeconds": 352, "band": 10}, {"stopCode": 50, "lines": "1,2", "name": "Westlake Station", "walkingMeters": 533, "walkingSeconds": 387, "band": 10}, {"stopCode": 52, "lines": "1,2", "name": "Pioneer Square Station", "walkingMeters": 1178, "walkingSeconds": 848, "band": 15}]}, "geometry": {"type": "Point", "coordinates": [-122.3406591, 47.6085383]}}, {"type": "Feature", "properties": {"id": 4217428597, "name": "Sanitary Market Building", "category": "attraction", "tags": ["attraction"], "sources": ["osm"], "stations": [{"stopCode": 50, "lines": "1,2", "name": "Westlake Station", "walkingMeters": 411, "walkingSeconds": 297, "band": 5}, {"stopCode": 51, "lines": "1,2", "name": "Symphony Station", "walkingMeters": 555, "walkingSeconds": 399, "band": 10}]}, "geometry": {"type": "Point", "coordinates": [-122.3409804, 47.6095107]}}, {"type": "Feature", "properties": {"id": 4622534789, "name": "Wings over Washington", "category": "attraction", "tags": ["attraction"], "sources": ["osm"], "website": "https://www.wingsoverwa.com/", "phone": "+1-206-602-1808", "stations": [{"stopCode": 51, "lines": "1,2", "name": "Symphony Station", "walkingMeters": 557, "walkingSeconds": 400, "band": 10}, {"stopCode": 50, "lines": "1,2", "name": "Westlake Station", "walkingMeters": 944, "walkingSeconds": 685, "band": 15}, {"stopCode": 52, "lines": "1,2", "name": "Pioneer Square Station", "walkingMeters": 1160, "walkingSeconds": 834, "band": 15}]}, "geometry": {"type": "Point", "coordinates": [-122.34216, 47.6061547]}}, {"type": "Feature", "properties": {"id": 5599138321, "name": "Trades of the Duwamish", "category": "artwork", "tags": ["artwork"], "sources": ["osm"], "stations": [{"stopCode": 51, "lines": "1,2", "name": "Symphony Station", "walkingMeters": 424, "walkingSeconds": 304, "band": 5}, {"stopCode": 50, "lines": "1,2", "name": "Westlake Station", "walkingMeters": 706, "walkingSeconds": 511, "band": 10}, {"stopCode": 52, "lines": "1,2", "name": "Pioneer Square Station", "walkingMeters": 1100, "walkingSeconds": 791, "band": 15}]}, "geometry": {"type": "Point", "coordinates": [-122.340332, 47.607327]}}, {"type": "Feature", "properties": {"id": 13199924631, "name": "V\u00e4rldskrydda", "category": "artwork", "tags": ["artwork"], "sources": ["osm"], "stations": [{"stopCode": 51, "lines": "1,2", "name": "Symphony Station", "walkingMeters": 593, "walkingSeconds": 426, "band": 10}, {"stopCode": 50, "lines": "1,2", "name": "Westlake Station", "walkingMeters": 662, "walkingSeconds": 480, "band": 10}, {"stopCode": 52, "lines": "1,2", "name": "Pioneer Square Station", "walkingMeters": 1271, "walkingSeconds": 914, "band": 15}]}, "geometry": {"type": "Point", "coordinates": [-122.3415331, 47.6086219]}}, {"type": "Feature", "properties": {"id": 234810726, "name": "Argosy Cruises", "category": "attraction", "tags": ["attraction"], "sources": ["osm"], "website": "https://www.argosycruises.com/", "phone": "+1-206-623-1445", "address": "1101 Alaskan Way", "stations": [{"stopCode": 51, "lines": "1,2", "name": "Symphony Station", "walkingMeters": 540, "walkingSeconds": 388, "band": 10}, {"stopCode": 52, "lines": "1,2", "name": "Pioneer Square Station", "walkingMeters": 950, "walkingSeconds": 683, "band": 15}, {"stopCode": 50, "lines": "1,2", "name": "Westlake Station", "walkingMeters": 1048, "walkingSeconds": 754, "band": 15}]}, "geometry": {"type": "Point", "coordinates": [-122.3403302, 47.6050575]}}, {"type": "Feature", "properties": {"id": 363400641, "name": "Pike Place Market", "category": "attraction", "tags": ["attraction"], "sources": ["osm"], "website": "https://www.pikeplacemarket.org/", "phone": "+1-206-682-7453", "address": "85 Pike Street", "hours": "Mo-Sa 09:00-18:00; Su 09:00-17:00; Nov Th[4] off; Dec 25 off", "stations": [{"stopCode": 50, "lines": "1,2", "name": "Westlake Station", "walkingMeters": 439, "walkingSeconds": 323, "band": 10}, {"stopCode": 51, "lines": "1,2", "name": "Symphony Station", "walkingMeters": 616, "walkingSeconds": 443, "band": 10}]}, "geometry": {"type": "Point", "coordinates": [-122.3416735, 47.6094862]}}, {"type": "Feature", "properties": {"id": 396606870, "name": "The Carousel", "category": "attraction", "tags": ["attraction"], "sources": ["osm"], "phone": "+1-206-623-8607", "stations": [{"stopCode": 51, "lines": "1,2", "name": "Symphony Station", "walkingMeters": 531, "walkingSeconds": 382, "band": 10}, {"stopCode": 50, "lines": "1,2", "name": "Westlake Station", "walkingMeters": 918, "walkingSeconds": 666, "band": 15}, {"stopCode": 52, "lines": "1,2", "name": "Pioneer Square Station", "walkingMeters": 1134, "walkingSeconds": 815, "band": 15}]}, "geometry": {"type": "Point", "coordinates": [-122.341896, 47.6061747]}}, {"type": "Feature", "properties": {"id": 1205283469, "name": "Harbour Cruise", "category": "attraction", "tags": ["attraction"], "sources": ["osm"]}, "geometry": {"type": "Point", "coordinates": [-122.3463254, 47.607237]}}, {"type": "Feature", "properties": {"id": "44387c54-f80a-44b1-b348-ea8bea3525f7", "name": "Waterfront Landings", "category": "attraction", "tags": ["attraction", "landmark", "historical", "building"], "sources": ["overture"], "website": "http://www.waterfrontlandings.com", "phone": "+12064430679", "address": "1950 Alaskan Wy", "stations": [{"stopCode": 51, "lines": "1,2", "name": "Symphony Station", "walkingMeters": 940, "walkingSeconds": 676, "band": 15}, {"stopCode": 50, "lines": "1,2", "name": "Westlake Station", "walkingMeters": 1026, "walkingSeconds": 742, "band": 15}]}, "geometry": {"type": "Point", "coordinates": [-122.3449936, 47.6094894]}}, {"type": "Feature", "properties": {"id": "35616051-3a16-4a88-834d-88fcfbc459b6", "name": "Stewart House", "category": "attraction", "tags": ["attraction", "landmark", "historical", "building"], "sources": ["overture"], "website": "http://pikeplacemarket.org/residential", "phone": "+12067745283", "address": "80 Stewart St", "stations": [{"stopCode": 50, "lines": "1,2", "name": "Westlake Station", "walkingMeters": 512, "walkingSeconds": 372, "band": 10}, {"stopCode": 51, "lines": "1,2", "name": "Symphony Station", "walkingMeters": 674, "walkingSeconds": 484, "band": 10}]}, "geometry": {"type": "Point", "coordinates": [-122.3423386, 47.6098595]}}, {"type": "Feature", "properties": {"id": "99395311-8146-4bad-91e4-bc5e3c032cc7", "name": "Public Market Tours", "category": "attraction", "tags": ["attraction", "landmark", "historical", "building"], "sources": ["overture"], "website": "http://www.publicmarkettours.com", "phone": "+12062095488", "address": "1916 Pike Pl", "stations": [{"stopCode": 50, "lines": "1,2", "name": "Westlake Station", "walkingMeters": 499, "walkingSeconds": 363, "band": 10}, {"stopCode": 51, "lines": "1,2", "name": "Symphony Station", "walkingMeters": 678, "walkingSeconds": 488, "band": 10}]}, "geometry": {"type": "Point", "coordinates": [-122.3420563, 47.6099243]}}, {"type": "Feature", "properties": {"id": "0072fbb8-efd1-45fe-a955-da0dbcbb95d7", "name": "Pike Place MarketFront", "category": "attraction", "tags": ["attraction", "landmark", "historical", "building"], "sources": ["overture"], "website": "http://pikeplacemarket.org/marketfront", "phone": "+12066827453", "address": "1901 Western Ave", "stations": [{"stopCode": 50, "lines": "1,2", "name": "Westlake Station", "walkingMeters": 635, "walkingSeconds": 474, "band": 10}, {"stopCode": 51, "lines": "1,2", "name": "Symphony Station", "walkingMeters": 648, "walkingSeconds": 484, "band": 10}]}, "geometry": {"type": "Point", "coordinates": [-122.3422928, 47.6092987]}}, {"type": "Feature", "properties": {"id": "8a629a6f-58c0-48a8-aeb5-3e646c277e5c", "name": "Twilight Artist Collective", "category": "gallery", "tags": ["gallery", "art"], "sources": ["overture"], "website": "https://twilightart.net", "phone": "+12069332444", "address": "1530 Post Aly Ste 4", "stations": [{"stopCode": 50, "lines": "1,2", "name": "Westlake Station", "walkingMeters": 532, "walkingSeconds": 397, "band": 10}, {"stopCode": 51, "lines": "1,2", "name": "Symphony Station", "walkingMeters": 547, "walkingSeconds": 408, "band": 10}]}, "geometry": {"type": "Point", "coordinates": [-122.3411179, 47.6093903]}}, {"type": "Feature", "properties": {"id": "b357d7ef-665f-4121-9887-5eff12f3ea81", "name": "Tom Hanks' Stool In \"Sleepless In Seattle\" (At Athenian)", "category": "attraction", "tags": ["attraction", "landmark", "historical", "building"], "sources": ["overture"], "website": "www.iamnotastalker.com/.../the-athenian-inn-from-sleepless-in-seattle", "address": "Pike Place Market.  Seattle WA", "stations": [{"stopCode": 51, "lines": "1,2", "name": "Symphony Station", "walkingMeters": 585, "walkingSeconds": 420, "band": 10}, {"stopCode": 50, "lines": "1,2", "name": "Westlake Station", "walkingMeters": 651, "walkingSeconds": 472, "band": 10}, {"stopCode": 52, "lines": "1,2", "name": "Pioneer Square Station", "walkingMeters": 1266, "walkingSeconds": 911, "band": 15}]}, "geometry": {"type": "Point", "coordinates": [-122.341362, 47.6087875]}}, {"type": "Feature", "properties": {"id": "114feaab-625a-4730-b787-133fce9cbdb3", "name": "Mutual Arts Collective", "category": "gallery", "tags": ["gallery", "art"], "sources": ["overture"], "website": "https://www.mutualartscollective.com/", "phone": "+14254170598", "address": "94 Pike St #36", "stations": [{"stopCode": 51, "lines": "1,2", "name": "Symphony Station", "walkingMeters": 475, "walkingSeconds": 342, "band": 5}, {"stopCode": 50, "lines": "1,2", "name": "Westlake Station", "walkingMeters": 501, "walkingSeconds": 360, "band": 10}, {"stopCode": 52, "lines": "1,2", "name": "Pioneer Square Station", "walkingMeters": 1169, "walkingSeconds": 841, "band": 15}]}, "geometry": {"type": "Point", "coordinates": [-122.3404083, 47.6088829]}}, {"type": "Feature", "properties": {"id": "ccf8ae4d-03e0-4f64-b119-36e4fb9de32f", "name": "World Famous Giant Shoe Museum", "category": "museum", "tags": ["museum"], "sources": ["overture"], "website": "http://www.highbeam.com/doc/1G1-111153367.html", "phone": "+12606232870", "address": "1501 Pike Pl #424", "stations": [{"stopCode": 51, "lines": "1,2", "name": "Symphony Station", "walkingMeters": 508, "walkingSeconds": 366, "band": 10}, {"stopCode": 50, "lines": "1,2", "name": "Westlake Station", "walkingMeters": 552, "walkingSeconds": 401, "band": 10}, {"stopCode": 52, "lines": "1,2", "name": "Pioneer Square Station", "walkingMeters": 1196, "walkingSeconds": 861, "band": 15}]}, "geometry": {"type": "Point", "coordinates": [-122.3408508, 47.6085777]}}, {"type": "Feature", "properties": {"id": "6b9e5869-4f1d-4021-8678-cff47c1c73af", "name": "Art Stall Gallery", "category": "gallery", "tags": ["gallery", "art"], "sources": ["overture"], "website": "http://ArtStallGallery.com/", "phone": "+12066237538", "address": "97 Pike Pl #2", "stations": [{"stopCode": 51, "lines": "1,2", "name": "Symphony Station", "walkingMeters": 491, "walkingSeconds": 355, "band": 10}, {"stopCode": 50, "lines": "1,2", "name": "Westlake Station", "walkingMeters": 520, "walkingSeconds": 378, "band": 10}, {"stopCode": 52, "lines": "1,2", "name": "Pioneer Square Station", "walkingMeters": 1184, "walkingSeconds": 854, "band": 15}]}, "geometry": {"type": "Point", "coordinates": [-122.3405991, 47.6086426]}}, {"type": "Feature", "properties": {"id": "e7a918bb-676d-412f-ae3e-ebc3c016b3c6", "name": "Gallery ERGO", "category": "gallery", "tags": ["gallery", "art"], "sources": ["overture"], "website": "http://www.michelleyangallery.com/", "phone": "+12069499303", "address": "1501 Pike Pl #314", "stations": [{"stopCode": 51, "lines": "1,2", "name": "Symphony Station", "walkingMeters": 492, "walkingSeconds": 367, "band": 10}, {"stopCode": 50, "lines": "1,2", "name": "Westlake Station", "walkingMeters": 604, "walkingSeconds": 451, "band": 10}, {"stopCode": 52, "lines": "1,2", "name": "Pioneer Square Station", "walkingMeters": 1282, "walkingSeconds": 957, "band": 15}]}, "geometry": {"type": "Point", "coordinates": [-122.3409576, 47.6085205]}}, {"type": "Feature", "properties": {"id": "4d873257-f4d3-41fb-b7f9-11fff0c996fc", "name": "Gradient Art Gallery", "category": "gallery", "tags": ["gallery", "art"], "sources": ["overture"], "website": "http://www.Gradientartgallery.com/", "phone": "+14257801622", "address": "1501 Pike Pl #324", "stations": [{"stopCode": 51, "lines": "1,2", "name": "Symphony Station", "walkingMeters": 528, "walkingSeconds": 380, "band": 10}, {"stopCode": 50, "lines": "1,2", "name": "Westlake Station", "walkingMeters": 571, "walkingSeconds": 415, "band": 10}, {"stopCode": 52, "lines": "1,2", "name": "Pioneer Square Station", "walkingMeters": 1216, "walkingSeconds": 875, "band": 15}]}, "geometry": {"type": "Point", "coordinates": [-122.3409653, 47.6085243]}}, {"type": "Feature", "properties": {"id": "584f19d5-a247-4e52-a7ef-e92f82a568e3", "name": "Studio Solstone", "category": "gallery", "tags": ["gallery", "art"], "sources": ["overture"], "website": "http://seattlewatercolors.com", "phone": "12066249102", "address": "93 Pike St  Ste 310", "stations": [{"stopCode": 51, "lines": "1,2", "name": "Symphony Station", "walkingMeters": 452, "walkingSeconds": 325, "band": 5}, {"stopCode": 50, "lines": "1,2", "name": "Westlake Station", "walkingMeters": 497, "walkingSeconds": 361, "band": 10}, {"stopCode": 52, "lines": "1,2", "name": "Pioneer Square Station", "walkingMeters": 1145, "walkingSeconds": 824, "band": 15}]}, "geometry": {"type": "Point", "coordinates": [-122.3401947, 47.6085968]}}, {"type": "Feature", "properties": {"id": "a955f859-a112-4ffe-bb45-58fdaf904044", "name": "Ed Newbold Wildlife Art Stall", "category": "gallery", "tags": ["gallery", "art"], "sources": ["overture"], "website": "ednewbold.com", "phone": "+12066525215", "address": "93 Pike St Ste 1", "stations": [{"stopCode": 51, "lines": "1,2", "name": "Symphony Station", "walkingMeters": 422, "walkingSeconds": 315, "band": 5}, {"stopCode": 50, "lines": "1,2", "name": "Westlake Station", "walkingMeters": 547, "walkingSeconds": 408, "band": 10}, {"stopCode": 52, "lines": "1,2", "name": "Pioneer Square Station", "walkingMeters": 1236, "walkingSeconds": 922, "band": 15}]}, "geometry": {"type": "Point", "coordinates": [-122.3401947, 47.6085968]}}, {"type": "Feature", "properties": {"id": "db9e21ca-306d-418e-809b-c26ba18b009e", "name": "Friends Of The Waterfront", "category": "museum", "tags": ["museum"], "sources": ["overture"], "website": "https://griffisresidential.com/property/seattle-waterfront", "phone": "+12065380855", "address": "1400 Western Ave", "stations": [{"stopCode": 51, "lines": "1,2", "name": "Symphony Station", "walkingMeters": 414, "walkingSeconds": 298, "band": 5}, {"stopCode": 50, "lines": "1,2", "name": "Westlake Station", "walkingMeters": 664, "walkingSeconds": 482, "band": 10}, {"stopCode": 52, "lines": "1,2", "name": "Pioneer Square Station", "walkingMeters": 1081, "walkingSeconds": 777, "band": 15}]}, "geometry": {"type": "Point", "coordinates": [-122.340477, 47.6074867]}}, {"type": "Feature", "properties": {"id": 12223598540, "name": "Play Slopes", "category": "playground", "tags": ["playground"], "sources": ["osm"], "stations": [{"stopCode": 51, "lines": "1,2", "name": "Symphony Station", "walkingMeters": 771, "walkingSeconds": 554, "band": 10}, {"stopCode": 50, "lines": "1,2", "name": "Westlake Station", "walkingMeters": 840, "walkingSeconds": 608, "band": 10}]}, "geometry": {"type": "Point", "coordinates": [-122.3430209, 47.6092103]}}, {"type": "Feature", "properties": {"id": 57391649, "name": "Pier 62", "category": "park", "tags": ["park"], "sources": ["osm"], "website": "https://www.seattle.gov/parks/allparks/pier-62", "address": "1951 Alaskan Way", "hours": "07:00-22:00", "stations": [{"stopCode": 51, "lines": "1,2", "name": "Symphony Station", "walkingMeters": 840, "walkingSeconds": 606, "band": 15}, {"stopCode": 50, "lines": "1,2", "name": "Westlake Station", "walkingMeters": 932, "walkingSeconds": 674, "band": 15}]}, "geometry": {"type": "Point", "coordinates": [-122.3448246, 47.6084999]}}, {"type": "Feature", "properties": {"id": 1334956995, "name": "Waterfront Park", "category": "park", "tags": ["park"], "sources": ["osm"], "website": "https://www.seattle.gov/parks/allparks/waterfront-park", "address": "1401 Alaskan Way", "hours": "07:00-22:00"}, "geometry": {"type": "Point", "coordinates": [-122.3406283, 47.6037458]}}, {"type": "Feature", "properties": {"id": "3b07107b-c7c9-4d7e-9ecb-0066173302e1", "name": "Waterfront Park", "category": "park", "tags": ["park"], "sources": ["overture"], "website": "http://www.waterfrontseattle.org/", "phone": "+12066844075", "address": "1401 Alaskan Wy", "stations": [{"stopCode": 51, "lines": "1,2", "name": "Symphony Station", "walkingMeters": 578, "walkingSeconds": 431, "band": 10}, {"stopCode": 50, "lines": "1,2", "name": "Westlake Station", "walkingMeters": 824, "walkingSeconds": 615, "band": 10}, {"stopCode": 52, "lines": "1,2", "name": "Pioneer Square Station", "walkingMeters": 1221, "walkingSeconds": 911, "band": 15}]}, "geometry": {"type": "Point", "coordinates": [-122.341835, 47.6070366]}}, {"type": "Feature", "properties": {"id": "ff00df1d-66f2-4ff4-a164-b5cbd91b398b", "name": "Elliott's Seattle Waterfront Park.", "category": "park", "tags": ["park"], "sources": ["overture"], "website": "http://www.seattle.gov/parks/park_detail.asp?ID=3973", "address": "1009 Western Ave", "stations": [{"stopCode": 51, "lines": "1,2", "name": "Symphony Station", "walkingMeters": 552, "walkingSeconds": 397, "band": 10}, {"stopCode": 52, "lines": "1,2", "name": "Pioneer Square Station", "walkingMeters": 856, "walkingSeconds": 615, "band": 15}, {"stopCode": 50, "lines": "1,2", "name": "Westlake Station", "walkingMeters": 1064, "walkingSeconds": 770, "band": 15}]}, "geometry": {"type": "Point", "coordinates": [-122.3409805, 47.6052399]}}, {"type": "Feature", "properties": {"id": "8b106c5b-6731-45b7-b34d-4c4268ba0543", "name": "Overlook Walk", "category": "park", "tags": ["park"], "sources": ["overture"], "website": "http://www.OverLookWalk.com/", "phone": "+12063637253", "address": "1401 Alaskan Way", "stations": [{"stopCode": 51, "lines": "1,2", "name": "Symphony Station", "walkingMeters": 774, "walkingSeconds": 557, "band": 10}, {"stopCode": 50, "lines": "1,2", "name": "Westlake Station", "walkingMeters": 811, "walkingSeconds": 591, "band": 10}, {"stopCode": 52, "lines": "1,2", "name": "Pioneer Square Station", "walkingMeters": 1170, "walkingSeconds": 873, "band": 15}]}, "geometry": {"type": "Point", "coordinates": [-122.3412552, 47.6069984]}}, {"type": "Feature", "properties": {"id": 3874094357, "name": "Inn at the Market", "category": "hotel", "tags": ["hotel"], "sources": ["osm", "overture"], "website": "https://www.innatthemarket.com/", "phone": "+12064433600", "address": "86 Pine St", "stations": [{"stopCode": 50, "lines": "1,2", "name": "Westlake Station", "walkingMeters": 440, "walkingSeconds": 320, "band": 10}, {"stopCode": 51, "lines": "1,2", "name": "Symphony Station", "walkingMeters": 634, "walkingSeconds": 456, "band": 10}]}, "geometry": {"type": "Point", "coordinates": [-122.3414556, 47.6099627]}}, {"type": "Feature", "properties": {"id": 409363106, "name": "Inn at the Market Building", "category": "hotel", "tags": ["hotel"], "sources": ["osm"], "website": "https://www.innatthemarket.com/", "address": "86 Pine Street", "stations": [{"stopCode": 50, "lines": "1,2", "name": "Westlake Station", "walkingMeters": 432, "walkingSeconds": 314, "band": 10}, {"stopCode": 51, "lines": "1,2", "name": "Symphony Station", "walkingMeters": 626, "walkingSeconds": 450, "band": 10}]}, "geometry": {"type": "Point", "coordinates": [-122.341414, 47.6098988]}}, {"type": "Feature", "properties": {"id": "1177640b-d5a5-4e84-91c6-56007fd58036", "name": "Seattle Waterfront... Red Robin Gourmet Burgers", "category": "hotel", "tags": ["hotel"], "sources": ["overture"], "stations": [{"stopCode": 51, "lines": "1,2", "name": "Symphony Station", "walkingMeters": 588, "walkingSeconds": 439, "band": 10}, {"stopCode": 52, "lines": "1,2", "name": "Pioneer Square Station", "walkingMeters": 964, "walkingSeconds": 719, "band": 15}, {"stopCode": 50, "lines": "1,2", "name": "Westlake Station", "walkingMeters": 1014, "walkingSeconds": 757, "band": 15}]}, "geometry": {"type": "Point", "coordinates": [-122.3404083, 47.6050148]}}, {"type": "Feature", "properties": {"id": "ce7b7571-3439-4e95-90d8-ec926e15ce98", "name": "Beecher's Loft", "category": "hotel", "tags": ["hotel"], "sources": ["overture"], "website": "http://www.beechersloft.com", "address": "1617 Post Aly", "stations": [{"stopCode": 50, "lines": "1,2", "name": "Westlake Station", "walkingMeters": 466, "walkingSeconds": 339, "band": 10}, {"stopCode": 51, "lines": "1,2", "name": "Symphony Station", "walkingMeters": 628, "walkingSeconds": 452, "band": 10}]}, "geometry": {"type": "Point", "coordinates": [-122.3416672, 47.6096649]}}, {"type": "Feature", "properties": {"id": "4e3884a7-cd97-4d97-afda-8ef5601366cc", "name": "Palihotel Seattle", "category": "hotel", "tags": ["hotel"], "sources": ["overture"], "website": "https://www.palisociety.com/hotels/seattle/", "phone": "+12065960600", "address": "107 Pine St", "stations": [{"stopCode": 50, "lines": "1,2", "name": "Westlake Station", "walkingMeters": 364, "walkingSeconds": 264, "band": 5}, {"stopCode": 51, "lines": "1,2", "name": "Symphony Station", "walkingMeters": 549, "walkingSeconds": 395, "band": 10}]}, "geometry": {"type": "Point", "coordinates": [-122.3406982, 47.6098404]}}, {"type": "Feature", "properties": {"id": 4137555552, "name": "Beyond Threads", "category": "clothes", "tags": ["clothes"], "sources": ["osm"], "website": "https://beyondthreads.com", "address": "1603 1st Avenue", "stations": [{"stopCode": 50, "lines": "1,2", "name": "Westlake Station", "walkingMeters": 398, "walkingSeconds": 290, "band": 5}, {"stopCode": 51, "lines": "1,2", "name": "Symphony Station", "walkingMeters": 599, "walkingSeconds": 431, "band": 10}]}, "geometry": {"type": "Point", "coordinates": [-122.3412173, 47.6098918]}}, {"type": "Feature", "properties": {"id": 2397460919, "name": "Merry Tails", "category": "pet", "tags": ["pet", "gift"], "sources": ["osm", "overture"], "website": "https://marystails.com", "phone": "12066234142", "address": "1501 Pike Pl", "stations": [{"stopCode": 51, "lines": "1,2", "name": "Symphony Station", "walkingMeters": 580, "walkingSeconds": 417, "band": 10}, {"stopCode": 50, "lines": "1,2", "name": "Westlake Station", "walkingMeters": 646, "walkingSeconds": 469, "band": 10}, {"stopCode": 52, "lines": "1,2", "name": "Pioneer Square Station", "walkingMeters": 1261, "walkingSeconds": 908, "band": 15}]}, "geometry": {"type": "Point", "coordinates": [-122.3411698, 47.6088025]}}, {"type": "Feature", "properties": {"id": 2397460942, "name": "Eclipse Hat Shop", "category": "clothes", "tags": ["clothes"], "sources": ["osm"], "website": "https://www.eclipsehatshop.com", "address": "1518 Western Avenue", "stations": [{"stopCode": 51, "lines": "1,2", "name": "Symphony Station", "walkingMeters": 600, "walkingSeconds": 431, "band": 10}, {"stopCode": 50, "lines": "1,2", "name": "Westlake Station", "walkingMeters": 665, "walkingSeconds": 482, "band": 10}]}, "geometry": {"type": "Point", "coordinates": [-122.341432, 47.608894]}}, {"type": "Feature", "properties": {"id": 2397485851, "name": "Simply Seattle", "category": "gift", "tags": ["gift"], "sources": ["osm"], "address": "1600 1st Avenue", "hours": "Su-Th 09:00-18:00; Fr,Sa 09:00-19:00", "stations": [{"stopCode": 50, "lines": "1,2", "name": "Westlake Station", "walkingMeters": 366, "walkingSeconds": 267, "band": 5}, {"stopCode": 51, "lines": "1,2", "name": "Symphony Station", "walkingMeters": 568, "walkingSeconds": 408, "band": 10}]}, "geometry": {"type": "Point", "coordinates": [-122.3408614, 47.609993]}}, {"type": "Feature", "properties": {"id": "3321ffaf-7fb0-4732-ac0f-476a24313ec1", "name": "Simply! Seattle", "category": "clothes", "tags": ["clothes", "mens"], "sources": ["overture"], "website": "http://www.simplyseattle.com", "phone": "+12066234340", "address": "1201 Alaskan Way", "stations": [{"stopCode": 51, "lines": "1,2", "name": "Symphony Station", "walkingMeters": 466, "walkingSeconds": 338, "band": 10}, {"stopCode": 50, "lines": "1,2", "name": "Westlake Station", "walkingMeters": 974, "walkingSeconds": 703, "band": 15}, {"stopCode": 52, "lines": "1,2", "name": "Pioneer Square Station", "walkingMeters": 990, "walkingSeconds": 712, "band": 15}]}, "geometry": {"type": "Point", "coordinates": [-122.3401566, 47.6052666]}}, {"type": "Feature", "properties": {"id": 2397493430, "name": "Pendleton", "category": "clothes", "tags": ["clothes"], "sources": ["osm", "overture"], "website": "https://www.pendleton-usa.com/", "phone": "+12064023441", "address": "117 Pine St", "hours": "Mo-Su 11:00-18:00", "stations": [{"stopCode": 50, "lines": "1,2", "name": "Westlake Station", "walkingMeters": 340, "walkingSeconds": 246, "band": 5}, {"stopCode": 51, "lines": "1,2", "name": "Symphony Station", "walkingMeters": 505, "walkingSeconds": 364, "band": 10}, {"stopCode": 52, "lines": "1,2", "name": "Pioneer Square Station", "walkingMeters": 1199, "walkingSeconds": 862, "band": 15}]}, "geometry": {"type": "Point", "coordinates": [-122.340156, 47.609959]}}, {"type": "Feature", "properties": {"id": 2397493573, "name": "DeLaurenti Specialty Food & Wine", "category": "deli", "tags": ["deli"], "sources": ["osm"], "address": "1435 1st Avenue", "stations": [{"stopCode": 51, "lines": "1,2", "name": "Symphony Station", "walkingMeters": 440, "walkingSeconds": 316, "band": 5}, {"stopCode": 50, "lines": "1,2", "name": "Westlake Station", "walkingMeters": 496, "walkingSeconds": 359, "band": 10}, {"stopCode": 52, "lines": "1,2", "name": "Pioneer Square Station", "walkingMeters": 1133, "walkingSeconds": 815, "band": 15}]}, "geometry": {"type": "Point", "coordinates": [-122.340082, 47.6086519]}}, {"type": "Feature", "properties": {"id": 2397497086, "name": "Pike Place Flowers", "category": "florist", "tags": ["florist"], "sources": ["osm"], "address": "1501 1st Avenue", "stations": [{"stopCode": 51, "lines": "1,2", "name": "Symphony Station", "walkingMeters": 474, "walkingSeconds": 341, "band": 5}, {"stopCode": 50, "lines": "1,2", "name": "Westlake Station", "walkingMeters": 491, "walkingSeconds": 355, "band": 10}, {"stopCode": 52, "lines": "1,2", "name": "Pioneer Square Station", "walkingMeters": 1168, "walkingSeconds": 840, "band": 15}]}, "geometry": {"type": "Point", "coordinates": [-122.3403532, 47.6089254]}}, {"type": "Feature", "properties": {"id": 2397497091, "name": "Oriental Mart", "category": "convenience", "tags": ["convenience"], "sources": ["osm"], "address": "1506 Pike Place", "stations": [{"stopCode": 51, "lines": "1,2", "name": "Symphony Station", "walkingMeters": 512, "walkingSeconds": 368, "band": 10}, {"stopCode": 50, "lines": "1,2", "name": "Westlake Station", "walkingMeters": 518, "walkingSeconds": 374, "band": 10}, {"stopCode": 52, "lines": "1,2", "name": "Pioneer Square Station", "walkingMeters": 1205, "walkingSeconds": 867, "band": 15}]}, "geometry": {"type": "Point", "coordinates": [-122.3407486, 47.6089213]}}, {"type": "Feature", "properties": {"id": 2397497095, "name": "Metsker Maps of Seattle", "category": "books", "tags": ["books"], "sources": ["osm", "overture"], "website": "http://www.metskermaps.com/", "phone": "+12066238747", "address": "1511 1st Ave", "hours": "Th, Fr 09:00-20:00; Sa, Su 10:00-18:00; Mo-We 09:00-18:00", "stations": [{"stopCode": 50, "lines": "1,2", "name": "Westlake Station", "walkingMeters": 465, "walkingSeconds": 336, "band": 10}, {"stopCode": 51, "lines": "1,2", "name": "Symphony Station", "walkingMeters": 501, "walkingSeconds": 361, "band": 10}, {"stopCode": 52, "lines": "1,2", "name": "Pioneer Square Station", "walkingMeters": 1195, "walkingSeconds": 860, "band": 15}]}, "geometry": {"type": "Point", "coordinates": [-122.3405314, 47.6091312]}}, {"type": "Feature", "properties": {"id": 2397497118, "name": "Robot vs Sloth", "category": "gift", "tags": ["gift", "gallery", "art"], "sources": ["osm", "overture"], "website": "http://robotvsloth.com/", "phone": "+12064857392", "address": "1535 1st Ave", "stations": [{"stopCode": 50, "lines": "1,2", "name": "Westlake Station", "walkingMeters": 397, "walkingSeconds": 287, "band": 5}, {"stopCode": 51, "lines": "1,2", "name": "Symphony Station", "walkingMeters": 569, "walkingSeconds": 409, "band": 10}]}, "geometry": {"type": "Point", "coordinates": [-122.3410185, 47.6096427]}}, {"type": "Feature", "properties": {"id": 2397497125, "name": "Left Bank Book Collective", "category": "books", "tags": ["books"], "sources": ["osm"], "website": "https://leftbankbooks.com", "phone": "+1-206-622-0195", "address": "92 Pike Street", "hours": "Mo-Sa 10:00-19:00; Su 11:00-18:00", "stations": [{"stopCode": 51, "lines": "1,2", "name": "Symphony Station", "walkingMeters": 476, "walkingSeconds": 343, "band": 5}, {"stopCode": 50, "lines": "1,2", "name": "Westlake Station", "walkingMeters": 502, "walkingSeconds": 361, "band": 10}, {"stopCode": 52, "lines": "1,2", "name": "Pioneer Square Station", "walkingMeters": 1170, "walkingSeconds": 842, "band": 15}]}, "geometry": {"type": "Point", "coordinates": [-122.340419, 47.6088778]}}, {"type": "Feature", "properties": {"id": 2485617525, "name": "Ye Olde Curiosity Shop", "category": "gift", "tags": ["gift", "souvenir"], "sources": ["osm", "overture"], "website": "http://www.yeoldecuriosityshop.com/", "phone": "+12066825844", "address": "Pier 54, 1001 Alaskan Wy", "hours": "Mo-Su 09:30-21:30", "stations": [{"stopCode": 51, "lines": "1,2", "name": "Symphony Station", "walkingMeters": 590, "walkingSeconds": 426, "band": 10}, {"stopCode": 52, "lines": "1,2", "name": "Pioneer Square Station", "walkingMeters": 847, "walkingSeconds": 609, "band": 15}, {"stopCode": 50, "lines": "1,2", "name": "Westlake Station", "walkingMeters": 1106, "walkingSeconds": 795, "band": 15}]}, "geometry": {"type": "Point", "coordinates": [-122.3400295, 47.6043151]}}, {"type": "Feature", "properties": {"id": 2744017290, "name": "The Seattle Shop at Pier 56", "category": "gift", "tags": ["gift"], "sources": ["osm"], "hours": "Mo-Th 09:00-21:00; Fr-Su 09:00-22:00", "stations": [{"stopCode": 51, "lines": "1,2", "name": "Symphony Station", "walkingMeters": 468, "walkingSeconds": 339, "band": 10}, {"stopCode": 52, "lines": "1,2", "name": "Pioneer Square Station", "walkingMeters": 966, "walkingSeconds": 694, "band": 15}, {"stopCode": 50, "lines": "1,2", "name": "Westlake Station", "walkingMeters": 976, "walkingSeconds": 704, "band": 15}]}, "geometry": {"type": "Point", "coordinates": [-122.340329, 47.6054916]}}, {"type": "Feature", "properties": {"id": 4137555555, "name": "Isadora's Antique Jewlery", "category": "jewelry", "tags": ["jewelry"], "sources": ["osm"], "website": "https://isadoras.com/", "address": "1601 1st Avenue", "stations": [{"stopCode": 50, "lines": "1,2", "name": "Westlake Station", "walkingMeters": 392, "walkingSeconds": 286, "band": 5}, {"stopCode": 51, "lines": "1,2", "name": "Symphony Station", "walkingMeters": 594, "walkingSeconds": 427, "band": 10}]}, "geometry": {"type": "Point", "coordinates": [-122.3411843, 47.6098522]}}, {"type": "Feature", "properties": {"id": 4137555559, "name": "Paris-Madrid Grocery", "category": "deli", "tags": ["deli"], "sources": ["osm"], "stations": [{"stopCode": 51, "lines": "1,2", "name": "Symphony Station", "walkingMeters": 469, "walkingSeconds": 337, "band": 5}, {"stopCode": 50, "lines": "1,2", "name": "Westlake Station", "walkingMeters": 670, "walkingSeconds": 486, "band": 10}, {"stopCode": 52, "lines": "1,2", "name": "Pioneer Square Station", "walkingMeters": 1150, "walkingSeconds": 827, "band": 15}]}, "geometry": {"type": "Point", "coordinates": [-122.340511, 47.6078996]}}, {"type": "Feature", "properties": {"id": 4137555564, "name": "Ugly Baby", "category": "gift", "tags": ["gift"], "sources": ["osm", "overture"], "website": "https://www.showerart.net", "phone": "12066960089", "address": "1430 Western Ave", "hours": "Mo-Th 11:00-17:00; Fr 11:00-18:00; Sa 10:00-18:00; Su 10:00-17:00", "stations": [{"stopCode": 51, "lines": "1,2", "name": "Symphony Station", "walkingMeters": 512, "walkingSeconds": 368, "band": 10}, {"stopCode": 50, "lines": "1,2", "name": "Westlake Station", "walkingMeters": 627, "walkingSeconds": 455, "band": 10}, {"stopCode": 52, "lines": "1,2", "name": "Pioneer Square Station", "walkingMeters": 1193, "walkingSeconds": 858, "band": 15}]}, "geometry": {"type": "Point", "coordinates": [-122.3408267, 47.6082259]}}, {"type": "Feature", "properties": {"id": 4287062122, "name": "El Mercado Latino", "category": "convenience", "tags": ["convenience"], "sources": ["osm"], "stations": [{"stopCode": 50, "lines": "1,2", "name": "Westlake Station", "walkingMeters": 475, "walkingSeconds": 343, "band": 10}, {"stopCode": 51, "lines": "1,2", "name": "Symphony Station", "walkingMeters": 555, "walkingSeconds": 399, "band": 10}]}, "geometry": {"type": "Point", "coordinates": [-122.3410742, 47.6092106]}}, {"type": "Feature", "properties": {"id": 4484463091, "name": "Kasala", "category": "furniture", "tags": ["furniture"], "sources": ["osm", "overture"], "website": "http://www.kasala.com", "phone": "(206) 623-7795", "address": "1505 Western Ave", "hours": "Th-Sa 11:00-18:00; Su 12:00-18:00", "stations": [{"stopCode": 51, "lines": "1,2", "name": "Symphony Station", "walkingMeters": 566, "walkingSeconds": 407, "band": 10}, {"stopCode": 50, "lines": "1,2", "name": "Westlake Station", "walkingMeters": 635, "walkingSeconds": 461, "band": 10}, {"stopCode": 52, "lines": "1,2", "name": "Pioneer Square Station", "walkingMeters": 1244, "walkingSeconds": 894, "band": 15}]}, "geometry": {"type": "Point", "coordinates": [-122.341364, 47.6084066]}}, {"type": "Feature", "properties": {"id": 4484481789, "name": "La Sirena Rosa", "category": "gift", "tags": ["gift"], "sources": ["osm"], "stations": [{"stopCode": 51, "lines": "1,2", "name": "Symphony Station", "walkingMeters": 587, "walkingSeconds": 422, "band": 10}, {"stopCode": 50, "lines": "1,2", "name": "Westlake Station", "walkingMeters": 657, "walkingSeconds": 477, "band": 10}, {"stopCode": 52, "lines": "1,2", "name": "Pioneer Square Station", "walkingMeters": 1265, "walkingSeconds": 910, "band": 15}]}, "geometry": {"type": "Point", "coordinates": [-122.3416099, 47.6082836]}}, {"type": "Feature", "properties": {"id": 11125983605, "name": "Made in Washington", "category": "gift", "tags": ["gift"], "sources": ["osm"], "website": "https://madeinwashington.com", "phone": "+1-206-467-0788", "address": "1530 Post Alley", "hours": "Mo-Sa 09:00-18:00; Su 09:00-17:00", "stations": [{"stopCode": 50, "lines": "1,2", "name": "Westlake Station", "walkingMeters": 461, "walkingSeconds": 333, "band": 10}, {"stopCode": 51, "lines": "1,2", "name": "Symphony Station", "walkingMeters": 569, "walkingSeconds": 409, "band": 10}]}, "geometry": {"type": "Point", "coordinates": [-122.3410597, 47.6093638]}}, {"type": "Feature", "properties": {"id": 5027183939, "name": "Earth Wind and Fire", "category": "clothes", "tags": ["clothes"], "sources": ["osm"], "stations": [{"stopCode": 50, "lines": "1,2", "name": "Westlake Station", "walkingMeters": 456, "walkingSeconds": 330, "band": 10}, {"stopCode": 51, "lines": "1,2", "name": "Symphony Station", "walkingMeters": 510, "walkingSeconds": 367, "band": 10}, {"stopCode": 52, "lines": "1,2", "name": "Pioneer Square Station", "walkingMeters": 1204, "walkingSeconds": 866, "band": 15}]}, "geometry": {"type": "Point", "coordinates": [-122.3406969, 47.609158]}}, {"type": "Feature", "properties": {"id": 5027183940, "name": "Lamplight Books", "category": "books", "tags": ["books"], "sources": ["osm", "overture"], "website": "http://www.lamplightbookspikeplacemarket.com", "phone": "+12066525554", "address": "1514 Pike Pl", "hours": "Mo-Su 10:00-17:00", "stations": [{"stopCode": 50, "lines": "1,2", "name": "Westlake Station", "walkingMeters": 461, "walkingSeconds": 333, "band": 10}, {"stopCode": 51, "lines": "1,2", "name": "Symphony Station", "walkingMeters": 505, "walkingSeconds": 363, "band": 10}, {"stopCode": 52, "lines": "1,2", "name": "Pioneer Square Station", "walkingMeters": 1198, "walkingSeconds": 862, "band": 15}]}, "geometry": {"type": "Point", "coordinates": [-122.3406586, 47.6091159]}}, {"type": "Feature", "properties": {"id": 12021390358, "name": "Kubode", "category": "florist", "tags": ["florist"], "sources": ["osm"], "website": "https://www.thekubode.com/", "phone": "+1-206-915-1529", "address": "1529 Western Avenue", "hours": "Mo-We off; Th-Su 13:00-17:00", "stations": [{"stopCode": 51, "lines": "1,2", "name": "Symphony Station", "walkingMeters": 643, "walkingSeconds": 463, "band": 10}, {"stopCode": 50, "lines": "1,2", "name": "Westlake Station", "walkingMeters": 713, "walkingSeconds": 517, "band": 10}]}, "geometry": {"type": "Point", "coordinates": [-122.3419398, 47.6089859]}}, {"type": "Feature", "properties": {"id": 396606865, "name": "Pirates Plunder", "category": "gift", "tags": ["gift"], "sources": ["osm"], "website": "https://www.piratesplunderseattle.com/", "phone": "+1-206-624-5673", "address": "1301 Alaskan Way", "hours": "Su-Th 09:30-20:00; Fr-Sa 09:30-20:30", "stations": [{"stopCode": 51, "lines": "1,2", "name": "Symphony Station", "walkingMeters": 467, "walkingSeconds": 336, "band": 10}, {"stopCode": 50, "lines": "1,2", "name": "Westlake Station", "walkingMeters": 885, "walkingSeconds": 643, "band": 10}, {"stopCode": 52, "lines": "1,2", "name": "Pioneer Square Station", "walkingMeters": 1056, "walkingSeconds": 759, "band": 15}]}, "geometry": {"type": "Point", "coordinates": [-122.3410323, 47.606148]}}, {"type": "Feature", "properties": {"id": 396606869, "name": "Sports Den", "category": "clothes", "tags": ["clothes"], "sources": ["osm"], "stations": [{"stopCode": 51, "lines": "1,2", "name": "Symphony Station", "walkingMeters": 498, "walkingSeconds": 360, "band": 10}, {"stopCode": 50, "lines": "1,2", "name": "Westlake Station", "walkingMeters": 999, "walkingSeconds": 721, "band": 15}, {"stopCode": 52, "lines": "1,2", "name": "Pioneer Square Station", "walkingMeters": 1080, "walkingSeconds": 777, "band": 15}]}, "geometry": {"type": "Point", "coordinates": [-122.3414221, 47.6060052]}}, {"type": "Feature", "properties": {"id": "6d8149c3-1082-4b9e-8a56-440600a09e0b", "name": "Pike Place Fisherman's Market", "category": "supermarket", "tags": ["supermarket"], "sources": ["overture"], "website": "http://www.pikeplacemarket.org/", "phone": "+12066827453", "address": "1301 Alaskan Way", "stations": [{"stopCode": 51, "lines": "1,2", "name": "Symphony Station", "walkingMeters": 553, "walkingSeconds": 413, "band": 10}, {"stopCode": 50, "lines": "1,2", "name": "Westlake Station", "walkingMeters": 902, "walkingSeconds": 673, "band": 15}, {"stopCode": 52, "lines": "1,2", "name": "Pioneer Square Station", "walkingMeters": 1084, "walkingSeconds": 809, "band": 15}]}, "geometry": {"type": "Point", "coordinates": [-122.3410568, 47.6060562]}}, {"type": "Feature", "properties": {"id": "5c3d5cf4-b3ed-4b86-9599-d4d27f42af07", "name": "Penn Cove Wine", "category": "wine", "tags": ["wine", "winery"], "sources": ["overture"], "website": "http://penncovewine.com/", "phone": "+12063214456", "address": "1950 Alaskan Wy #326", "stations": [{"stopCode": 51, "lines": "1,2", "name": "Symphony Station", "walkingMeters": 940, "walkingSeconds": 676, "band": 15}, {"stopCode": 50, "lines": "1,2", "name": "Westlake Station", "walkingMeters": 1026, "walkingSeconds": 742, "band": 15}]}, "geometry": {"type": "Point", "coordinates": [-122.3448639, 47.60952]}}, {"type": "Feature", "properties": {"id": "f5883c7e-0cbd-4190-8f00-2ae47a6604ff", "name": "Kasala Furniture", "category": "furniture", "tags": ["furniture"], "sources": ["overture"], "website": "kasala.com", "phone": "12066237795", "address": "1505 Western Ave  Ste 400", "stations": [{"stopCode": 51, "lines": "1,2", "name": "Symphony Station", "walkingMeters": 554, "walkingSeconds": 413, "band": 10}, {"stopCode": 50, "lines": "1,2", "name": "Westlake Station", "walkingMeters": 661, "walkingSeconds": 493, "band": 10}, {"stopCode": 52, "lines": "1,2", "name": "Pioneer Square Station", "walkingMeters": 1322, "walkingSeconds": 987, "band": 15}]}, "geometry": {"type": "Point", "coordinates": [-122.341629, 47.6084213]}}, {"type": "Feature", "properties": {"id": "19fd230e-d037-4a49-843d-518bc826fcb8", "name": "Michou", "category": "deli", "tags": ["deli", "delicatessen"], "sources": ["overture"], "website": "http://www.michoudeli.com", "phone": "(206) 448-4758", "address": "1904 Pike Pl", "stations": [{"stopCode": 50, "lines": "1,2", "name": "Westlake Station", "walkingMeters": 608, "walkingSeconds": 454, "band": 10}, {"stopCode": 51, "lines": "1,2", "name": "Symphony Station", "walkingMeters": 688, "walkingSeconds": 513, "band": 10}]}, "geometry": {"type": "Point", "coordinates": [-122.3424072, 47.6098404]}}, {"type": "Feature", "properties": {"id": "0a7e3f97-e4f9-4627-a227-f3a9a137ad0d", "name": "Pike Place Market Pda", "category": "supermarket", "tags": ["supermarket"], "sources": ["overture"], "website": "http://pikeplacemarket.org", "phone": "+12069569391", "address": "80 Stewart St", "stations": [{"stopCode": 50, "lines": "1,2", "name": "Westlake Station", "walkingMeters": 591, "walkingSeconds": 441, "band": 10}, {"stopCode": 51, "lines": "1,2", "name": "Symphony Station", "walkingMeters": 676, "walkingSeconds": 504, "band": 10}]}, "geometry": {"type": "Point", "coordinates": [-122.3422394, 47.6098824]}}, {"type": "Feature", "properties": {"id": "4dcaaa77-3d2e-4efc-8c3a-fa16d1037fc4", "name": "Market Tobacco Patch", "category": "tobacco", "tags": ["tobacco"], "sources": ["overture"], "website": "http://tobaccopatch.com", "phone": "+12067287291", "address": "1906 Pike Pl Unit 6", "stations": [{"stopCode": 50, "lines": "1,2", "name": "Westlake Station", "walkingMeters": 523, "walkingSeconds": 380, "band": 10}, {"stopCode": 51, "lines": "1,2", "name": "Symphony Station", "walkingMeters": 684, "walkingSeconds": 492, "band": 10}]}, "geometry": {"type": "Point", "coordinates": [-122.3424301, 47.6099358]}}, {"type": "Feature", "properties": {"id": "aac3e6b3-f108-4588-9187-9e1c6b9ae19d", "name": "Sunshine Jewelry", "category": "jewelry", "tags": ["jewelry"], "sources": ["overture"], "website": "http://www.sunshinejewelry.com", "phone": "+12065219900", "address": "1501 1st Ave", "stations": [{"stopCode": 50, "lines": "1,2", "name": "Westlake Station", "walkingMeters": 442, "walkingSeconds": 319, "band": 10}, {"stopCode": 51, "lines": "1,2", "name": "Symphony Station", "walkingMeters": 608, "walkingSeconds": 437, "band": 10}]}, "geometry": {"type": "Point", "coordinates": [-122.341568, 47.609478]}}, {"type": "Feature", "properties": {"id": "a3f58a53-643a-4b59-96ec-f74ee67b5ebe", "name": "Healthy Bodies Inc", "category": "deli", "tags": ["deli", "delicatessen"], "sources": ["overture"], "website": "http://www.healthybodiesquincy.com", "phone": "2066235383", "address": "1528 Pike Pl", "stations": [{"stopCode": 50, "lines": "1,2", "name": "Westlake Station", "walkingMeters": 556, "walkingSeconds": 415, "band": 10}, {"stopCode": 51, "lines": "1,2", "name": "Symphony Station", "walkingMeters": 560, "walkingSeconds": 418, "band": 10}]}, "geometry": {"type": "Point", "coordinates": [-122.3413239, 47.6092987]}}, {"type": "Feature", "properties": {"id": "16b2db14-924a-4726-97e4-7a1c1e1cfa02", "name": "Chicken Valley Llc", "category": "supermarket", "tags": ["supermarket"], "sources": ["overture"], "address": "1507 Pike Pl", "stations": [{"stopCode": 50, "lines": "1,2", "name": "Westlake Station", "walkingMeters": 557, "walkingSeconds": 416, "band": 10}, {"stopCode": 51, "lines": "1,2", "name": "Symphony Station", "walkingMeters": 565, "walkingSeconds": 422, "band": 10}]}, "geometry": {"type": "Point", "coordinates": [-122.341362, 47.6093254]}}, {"type": "Feature", "properties": {"id": "d220fcbc-c357-4567-bbbc-ee9dc45a407b", "name": "Fjallraven Seattle", "category": "clothes", "tags": ["clothes"], "sources": ["overture"], "website": "https://www.fjallraven.com/en-us", "phone": "+12063386469", "address": "101 Pine St", "stations": [{"stopCode": 50, "lines": "1,2", "name": "Westlake Station", "walkingMeters": 364, "walkingSeconds": 264, "band": 5}, {"stopCode": 51, "lines": "1,2", "name": "Symphony Station", "walkingMeters": 549, "walkingSeconds": 395, "band": 10}, {"stopCode": 52, "lines": "1,2", "name": "Pioneer Square Station", "walkingMeters": 1377, "walkingSeconds": 1028, "band": 15}]}, "geometry": {"type": "Point", "coordinates": [-122.3405762, 47.6096954]}}, {"type": "Feature", "properties": {"id": "ea41554e-a356-411a-b666-eddb620794aa", "name": "Fini", "category": "jewelry", "tags": ["jewelry"], "sources": ["overture"], "website": "http://ilovefini.com/", "phone": "+12064430563", "address": "86 Pine St", "stations": [{"stopCode": 50, "lines": "1,2", "name": "Westlake Station", "walkingMeters": 513, "walkingSeconds": 383, "band": 10}, {"stopCode": 51, "lines": "1,2", "name": "Symphony Station", "walkingMeters": 593, "walkingSeconds": 443, "band": 10}]}, "geometry": {"type": "Point", "coordinates": [-122.3413162, 47.6098366]}}, {"type": "Feature", "properties": {"id": "7571688f-7fd0-4fab-b6a1-930500f78ab0", "name": "Bobbie Medlin", "category": "clothes", "tags": ["clothes"], "sources": ["overture"], "website": "http://www.bobbiemedlin.com/", "phone": "+12067286564", "address": "1603 1st Ave", "stations": [{"stopCode": 50, "lines": "1,2", "name": "Westlake Station", "walkingMeters": 508, "walkingSeconds": 379, "band": 10}, {"stopCode": 51, "lines": "1,2", "name": "Symphony Station", "walkingMeters": 589, "walkingSeconds": 440, "band": 10}]}, "geometry": {"type": "Point", "coordinates": [-122.3412552, 47.6098442]}}, {"type": "Feature", "properties": {"id": "07bad15e-cfc2-4ff1-bdda-604b8adca84c", "name": "I Love New York Deli", "category": "deli", "tags": ["deli", "delicatessen"], "sources": ["overture"], "website": "http://www.ilovenewyorkdeli.net/", "phone": "(206) 381-3354", "address": "93 Pike St", "stations": [{"stopCode": 51, "lines": "1,2", "name": "Symphony Station", "walkingMeters": 435, "walkingSeconds": 325, "band": 5}, {"stopCode": 50, "lines": "1,2", "name": "Westlake Station", "walkingMeters": 506, "walkingSeconds": 378, "band": 10}, {"stopCode": 52, "lines": "1,2", "name": "Pioneer Square Station", "walkingMeters": 1269, "walkingSeconds": 947, "band": 15}]}, "geometry": {"type": "Point", "coordinates": [-122.3401489, 47.6089478]}}, {"type": "Feature", "properties": {"id": "64b063d7-c890-4f02-9d64-315549063d81", "name": "Dot's Butcher & Deli", "category": "deli", "tags": ["deli", "delicatessen"], "sources": ["overture"], "website": "http://www.dotsbutcher.com", "phone": "(206) 682-2828", "address": "94 Pike St", "stations": [{"stopCode": 51, "lines": "1,2", "name": "Symphony Station", "walkingMeters": 466, "walkingSeconds": 348, "band": 10}, {"stopCode": 50, "lines": "1,2", "name": "Westlake Station", "walkingMeters": 521, "walkingSeconds": 389, "band": 10}, {"stopCode": 52, "lines": "1,2", "name": "Pioneer Square Station", "walkingMeters": 1295, "walkingSeconds": 966, "band": 15}]}, "geometry": {"type": "Point", "coordinates": [-122.3404617, 47.6089973]}}, {"type": "Feature", "properties": {"id": "ae774bcb-6b9f-4ec7-966c-3c842794b7af", "name": "Earth Wind & Fire Boutique", "category": "clothes", "tags": ["clothes", "womens"], "sources": ["overture"], "website": "https://www.earthwindandfireboutique.com/", "phone": "+12064482529", "address": "1514 Pike Pl", "stations": [{"stopCode": 50, "lines": "1,2", "name": "Westlake Station", "walkingMeters": 484, "walkingSeconds": 350, "band": 10}, {"stopCode": 51, "lines": "1,2", "name": "Symphony Station", "walkingMeters": 546, "walkingSeconds": 392, "band": 10}]}, "geometry": {"type": "Point", "coordinates": [-122.341011, 47.6091728]}}, {"type": "Feature", "properties": {"id": "8546def3-3903-48df-b337-d0ccc4bffd7f", "name": "Lion Heart Book Store", "category": "books", "tags": ["books"], "sources": ["overture"], "website": "http://lionheartbookstore.placeweb.site", "phone": "+12069036511", "address": "1501 Pike Pl", "stations": [{"stopCode": 51, "lines": "1,2", "name": "Symphony Station", "walkingMeters": 637, "walkingSeconds": 458, "band": 10}, {"stopCode": 50, "lines": "1,2", "name": "Westlake Station", "walkingMeters": 702, "walkingSeconds": 509, "band": 10}]}, "geometry": {"type": "Point", "coordinates": [-122.3414307, 47.6089897]}}, {"type": "Feature", "properties": {"id": "aec1906c-d9e7-4f6c-9b37-f38acd2ff2e7", "name": "House of Jade", "category": "jewelry", "tags": ["jewelry"], "sources": ["overture"], "website": "https://www.marketoptical.com", "address": "Pike place market", "stations": [{"stopCode": 50, "lines": "1,2", "name": "Westlake Station", "walkingMeters": 508, "walkingSeconds": 367, "band": 10}, {"stopCode": 51, "lines": "1,2", "name": "Symphony Station", "walkingMeters": 546, "walkingSeconds": 395, "band": 10}, {"stopCode": 52, "lines": "1,2", "name": "Pioneer Square Station", "walkingMeters": 1239, "walkingSeconds": 894, "band": 15}]}, "geometry": {"type": "Point", "coordinates": [-122.3411407, 47.6088333]}}, {"type": "Feature", "properties": {"id": "965caf0e-d088-452a-bd93-e5f4a6f7c930", "name": "The Carrot Flower Company", "category": "florist", "tags": ["florist"], "sources": ["overture"], "website": "http://carrotflowercompany.com", "phone": "(814) 777-8059", "address": "1518 Western Ave", "stations": [{"stopCode": 51, "lines": "1,2", "name": "Symphony Station", "walkingMeters": 521, "walkingSeconds": 389, "band": 10}, {"stopCode": 50, "lines": "1,2", "name": "Westlake Station", "walkingMeters": 585, "walkingSeconds": 437, "band": 10}, {"stopCode": 52, "lines": "1,2", "name": "Pioneer Square Station", "walkingMeters": 1326, "walkingSeconds": 990, "band": 15}]}, "geometry": {"type": "Point", "coordinates": [-122.3411407, 47.6088333]}}, {"type": "Feature", "properties": {"id": "b4a3aa0b-5332-4867-b90c-6995041259da", "name": "Wilridge Pike Place Market Farm Table", "category": "wine", "tags": ["wine", "winery"], "sources": ["overture"], "website": "https://www.wilridgewinery.com", "phone": "12063253051", "address": "1537 Pike Pl", "stations": [{"stopCode": 51, "lines": "1,2", "name": "Symphony Station", "walkingMeters": 527, "walkingSeconds": 393, "band": 10}, {"stopCode": 50, "lines": "1,2", "name": "Westlake Station", "walkingMeters": 584, "walkingSeconds": 436, "band": 10}, {"stopCode": 52, "lines": "1,2", "name": "Pioneer Square Station", "walkingMeters": 1334, "walkingSeconds": 996, "band": 15}]}, "geometry": {"type": "Point", "coordinates": [-122.3411865, 47.6088791]}}, {"type": "Feature", "properties": {"id": "82f6038b-b515-481d-ad4c-2f6fc48c6a27", "name": "Pine Books", "category": "books", "tags": ["books"], "sources": ["overture"], "website": "http://www.pinebooks.com/", "phone": "+12064329649", "address": "1501 Pike Pl Apt 432", "stations": [{"stopCode": 51, "lines": "1,2", "name": "Symphony Station", "walkingMeters": 545, "walkingSeconds": 407, "band": 10}, {"stopCode": 50, "lines": "1,2", "name": "Westlake Station", "walkingMeters": 594, "walkingSeconds": 443, "band": 10}, {"stopCode": 52, "lines": "1,2", "name": "Pioneer Square Station", "walkingMeters": 1350, "walkingSeconds": 1007, "band": 15}]}, "geometry": {"type": "Point", "coordinates": [-122.341362, 47.6089134]}}, {"type": "Feature", "properties": {"id": "a02a5607-6297-4ca6-be97-1d910c804533", "name": "Rotary Grocery", "category": "convenience", "tags": ["convenience"], "sources": ["overture"], "website": "http://www.agr.wa.gov", "phone": "+12066225829", "address": "1503B Pike Pl", "stations": [{"stopCode": 51, "lines": "1,2", "name": "Symphony Station", "walkingMeters": 575, "walkingSeconds": 414, "band": 10}, {"stopCode": 50, "lines": "1,2", "name": "Westlake Station", "walkingMeters": 641, "walkingSeconds": 465, "band": 10}, {"stopCode": 52, "lines": "1,2", "name": "Pioneer Square Station", "walkingMeters": 1256, "walkingSeconds": 904, "band": 15}]}, "geometry": {"type": "Point", "coordinates": [-122.3412399, 47.6087189]}}, {"type": "Feature", "properties": {"id": "70e33da6-ba4f-4b77-82eb-ff75409227c4", "name": "Magpie Mouse Studios", "category": "jewelry", "tags": ["jewelry"], "sources": ["overture"], "website": "https://www.pikeplacemarket.org/vendor/magpie-mouse-studios/", "phone": "+12064306233", "address": "1516 Western Ave", "stations": [{"stopCode": 51, "lines": "1,2", "name": "Symphony Station", "walkingMeters": 572, "walkingSeconds": 411, "band": 10}, {"stopCode": 50, "lines": "1,2", "name": "Westlake Station", "walkingMeters": 638, "walkingSeconds": 463, "band": 10}, {"stopCode": 52, "lines": "1,2", "name": "Pioneer Square Station", "walkingMeters": 1253, "walkingSeconds": 901, "band": 15}]}, "geometry": {"type": "Point", "coordinates": [-122.341156, 47.6087341]}}, {"type": "Feature", "properties": {"id": "a9198cdd-e14a-4e0f-ab52-2dcbc8cd6c5c", "name": "Miniature Car Dealer", "category": "gift", "tags": ["gift"], "sources": ["overture"], "website": "http://www.dor.wa.gov", "phone": "+12066247799", "address": "1501 Pike Pl # 525", "stations": [{"stopCode": 51, "lines": "1,2", "name": "Symphony Station", "walkingMeters": 572, "walkingSeconds": 411, "band": 10}, {"stopCode": 50, "lines": "1,2", "name": "Westlake Station", "walkingMeters": 638, "walkingSeconds": 463, "band": 10}, {"stopCode": 52, "lines": "1,2", "name": "Pioneer Square Station", "walkingMeters": 1253, "walkingSeconds": 901, "band": 15}]}, "geometry": {"type": "Point", "coordinates": [-122.3411407, 47.6087799]}}, {"type": "Feature", "properties": {"id": "4ae1a320-9a4d-4432-91ff-8c10141ee417", "name": "Woodring @ Pike Place Market", "category": "supermarket", "tags": ["supermarket"], "sources": ["overture"], "website": "https://woodringnorthwest.com", "phone": "13607949778", "address": "1529 Pike Pl", "stations": [{"stopCode": 51, "lines": "1,2", "name": "Symphony Station", "walkingMeters": 629, "walkingSeconds": 452, "band": 10}, {"stopCode": 50, "lines": "1,2", "name": "Westlake Station", "walkingMeters": 695, "walkingSeconds": 504, "band": 10}, {"stopCode": 52, "lines": "1,2", "name": "Pioneer Square Station", "walkingMeters": 1317, "walkingSeconds": 983, "band": 15}]}, "geometry": {"type": "Point", "coordinates": [-122.3410797, 47.6087914]}}, {"type": "Feature", "properties": {"id": "61bd92ee-ac1a-4d78-84af-993f1e48a154", "name": "Farmhouse Kitchens", "category": "supermarket", "tags": ["supermarket"], "sources": ["overture"], "website": "https://woodringnorthwest.com", "address": "1529 Pike Pl", "stations": [{"stopCode": 51, "lines": "1,2", "name": "Symphony Station", "walkingMeters": 513, "walkingSeconds": 383, "band": 10}, {"stopCode": 50, "lines": "1,2", "name": "Westlake Station", "walkingMeters": 585, "walkingSeconds": 437, "band": 10}, {"stopCode": 52, "lines": "1,2", "name": "Pioneer Square Station", "walkingMeters": 1317, "walkingSeconds": 983, "band": 15}]}, "geometry": {"type": "Point", "coordinates": [-122.3410797, 47.6087914]}}, {"type": "Feature", "properties": {"id": "1ffe05ec-3ced-4201-9435-3dd6b6c65e4e", "name": "C Swanberg Co", "category": "gift", "tags": ["gift"], "sources": ["overture"], "phone": "12063820456", "address": "1525 Pike Pl", "stations": [{"stopCode": 51, "lines": "1,2", "name": "Symphony Station", "walkingMeters": 505, "walkingSeconds": 377, "band": 10}, {"stopCode": 50, "lines": "1,2", "name": "Westlake Station", "walkingMeters": 583, "walkingSeconds": 435, "band": 10}, {"stopCode": 52, "lines": "1,2", "name": "Pioneer Square Station", "walkingMeters": 1309, "walkingSeconds": 977, "band": 15}]}, "geometry": {"type": "Point", "coordinates": [-122.341011, 47.608757]}}, {"type": "Feature", "properties": {"id": "8e5498c8-2578-4eb0-9814-b33c7f9963ad", "name": "Pipe Palace", "category": "tobacco", "tags": ["tobacco"], "sources": ["overture"], "website": "http://www.yelp.com/biz/pipe-palace-seattle-2", "phone": "+12066232698", "address": "1501 Pike PL MKT #404 LL", "stations": [{"stopCode": 51, "lines": "1,2", "name": "Symphony Station", "walkingMeters": 510, "walkingSeconds": 369, "band": 10}, {"stopCode": 50, "lines": "1,2", "name": "Westlake Station", "walkingMeters": 532, "walkingSeconds": 384, "band": 10}, {"stopCode": 52, "lines": "1,2", "name": "Pioneer Square Station", "walkingMeters": 1202, "walkingSeconds": 867, "band": 15}]}, "geometry": {"type": "Point", "coordinates": [-122.3408737, 47.6087494]}}, {"type": "Feature", "properties": {"id": "85bef4f4-5f70-466d-83e4-0659643df055", "name": "3D Wood Puzzles", "category": "toys", "tags": ["toys"], "sources": ["overture"], "website": "http://www.3dwoodpuzzles.com/", "phone": "+12066251388", "address": "76 Pike St", "stations": [{"stopCode": 51, "lines": "1,2", "name": "Symphony Station", "walkingMeters": 505, "walkingSeconds": 363, "band": 10}, {"stopCode": 50, "lines": "1,2", "name": "Westlake Station", "walkingMeters": 525, "walkingSeconds": 379, "band": 10}, {"stopCode": 52, "lines": "1,2", "name": "Pioneer Square Station", "walkingMeters": 1198, "walkingSeconds": 862, "band": 15}]}, "geometry": {"type": "Point", "coordinates": [-122.3406677, 47.6088867]}}, {"type": "Feature", "properties": {"id": "8a1261e8-75e1-4758-8ad7-cb0242948821", "name": "Great Wind-up", "category": "toys", "tags": ["toys"], "sources": ["overture"], "phone": "12066219370", "address": "1506 Pike Pl  Ste 15", "stations": [{"stopCode": 51, "lines": "1,2", "name": "Symphony Station", "walkingMeters": 433, "walkingSeconds": 312, "band": 10}, {"stopCode": 50, "lines": "1,2", "name": "Westlake Station", "walkingMeters": 500, "walkingSeconds": 361, "band": 10}, {"stopCode": 52, "lines": "1,2", "name": "Pioneer Square Station", "walkingMeters": 1126, "walkingSeconds": 810, "band": 15}]}, "geometry": {"type": "Point", "coordinates": [-122.3406754, 47.6089172]}}, {"type": "Feature", "properties": {"id": "899244b5-94e4-409e-81a6-8b03ed0a58dc", "name": "Britt's Pickles", "category": "supermarket", "tags": ["supermarket"], "sources": ["overture"], "website": "https://brittsliveculturefoods.com", "address": "1500 Pike Pl Ste 15", "stations": [{"stopCode": 51, "lines": "1,2", "name": "Symphony Station", "walkingMeters": 471, "walkingSeconds": 351, "band": 10}, {"stopCode": 50, "lines": "1,2", "name": "Westlake Station", "walkingMeters": 542, "walkingSeconds": 404, "band": 10}, {"stopCode": 52, "lines": "1,2", "name": "Pioneer Square Station", "walkingMeters": 1291, "walkingSeconds": 963, "band": 15}]}, "geometry": {"type": "Point", "coordinates": [-122.3405838, 47.6088715]}}, {"type": "Feature", "properties": {"id": "e7ae6713-28dc-45ad-8c2a-0c23023aae13", "name": "Left Bank Books Collective", "category": "books", "tags": ["books"], "sources": ["overture"], "website": "http://www.leftbankbooks.com/", "phone": "+12066220195", "address": "92 Pike St", "stations": [{"stopCode": 51, "lines": "1,2", "name": "Symphony Station", "walkingMeters": 472, "walkingSeconds": 340, "band": 5}, {"stopCode": 50, "lines": "1,2", "name": "Westlake Station", "walkingMeters": 498, "walkingSeconds": 358, "band": 10}, {"stopCode": 52, "lines": "1,2", "name": "Pioneer Square Station", "walkingMeters": 1166, "walkingSeconds": 838, "band": 15}]}, "geometry": {"type": "Point", "coordinates": [-122.340416, 47.6088905]}}, {"type": "Feature", "properties": {"id": "f1e675a8-c3be-41aa-9831-84c8daa391e5", "name": "Rings N Things", "category": "jewelry", "tags": ["jewelry"], "sources": ["overture"], "website": "https://www.rings-things.com", "phone": "+12063437855", "address": "87 Pike St", "stations": [{"stopCode": 51, "lines": "1,2", "name": "Symphony Station", "walkingMeters": 443, "walkingSeconds": 331, "band": 5}, {"stopCode": 50, "lines": "1,2", "name": "Westlake Station", "walkingMeters": 580, "walkingSeconds": 433, "band": 10}, {"stopCode": 52, "lines": "1,2", "name": "Pioneer Square Station", "walkingMeters": 1240, "walkingSeconds": 925, "band": 15}]}, "geometry": {"type": "Point", "coordinates": [-122.3404617, 47.6084557]}}, {"type": "Feature", "properties": {"id": "2d620ae9-68d1-4aff-8f72-ce24d4448b18", "name": "Gem Heaven Spiritual Store", "category": "jewelry", "tags": ["jewelry"], "sources": ["overture"], "website": "http://www.gemheaven.net/", "phone": "+12063819302", "address": "1501 Pike Pl #408", "stations": [{"stopCode": 51, "lines": "1,2", "name": "Symphony Station", "walkingMeters": 554, "walkingSeconds": 398, "band": 10}, {"stopCode": 50, "lines": "1,2", "name": "Westlake Station", "walkingMeters": 620, "walkingSeconds": 450, "band": 10}, {"stopCode": 52, "lines": "1,2", "name": "Pioneer Square Station", "walkingMeters": 1235, "walkingSeconds": 888, "band": 15}]}, "geometry": {"type": "Point", "coordinates": [-122.3410645, 47.6085739]}}, {"type": "Feature", "properties": {"id": "2c1f0f25-899b-41c1-bcd4-ab106829d19a", "name": "Market Coins and Collectibles", "category": "gift", "tags": ["gift"], "sources": ["overture"], "website": "https://market-coins-collectibles.business.site", "phone": "+12066249681", "address": "1501 Pike Pl #422", "stations": [{"stopCode": 51, "lines": "1,2", "name": "Symphony Station", "walkingMeters": 515, "walkingSeconds": 384, "band": 10}, {"stopCode": 50, "lines": "1,2", "name": "Westlake Station", "walkingMeters": 609, "walkingSeconds": 454, "band": 10}, {"stopCode": 52, "lines": "1,2", "name": "Pioneer Square Station", "walkingMeters": 1306, "walkingSeconds": 975, "band": 15}]}, "geometry": {"type": "Point", "coordinates": [-122.3411636, 47.6086121]}}, {"type": "Feature", "properties": {"id": "e5fe9028-039d-4008-80e8-2a47425c7ce9", "name": "Conscious Wear", "category": "clothes", "tags": ["clothes", "womens"], "sources": ["overture"], "website": "https://pikeplacemarket.org", "phone": "12066821629", "address": "1501 Pike Pl", "stations": [{"stopCode": 51, "lines": "1,2", "name": "Symphony Station", "walkingMeters": 507, "walkingSeconds": 378, "band": 10}, {"stopCode": 50, "lines": "1,2", "name": "Westlake Station", "walkingMeters": 595, "walkingSeconds": 444, "band": 10}, {"stopCode": 52, "lines": "1,2", "name": "Pioneer Square Station", "walkingMeters": 1304, "walkingSeconds": 973, "band": 15}]}, "geometry": {"type": "Point", "coordinates": [-122.3410568, 47.6086769]}}, {"type": "Feature", "properties": {"id": "90abbaf0-a798-4d97-b1a9-473a23e681c9", "name": "Cintli Fine Mexican Jewelry", "category": "jewelry", "tags": ["jewelry"], "sources": ["overture"], "website": "http://www.cintli.com", "phone": "2062620794", "address": "1501 Pike Pl", "stations": [{"stopCode": 51, "lines": "1,2", "name": "Symphony Station", "walkingMeters": 507, "walkingSeconds": 378, "band": 10}, {"stopCode": 50, "lines": "1,2", "name": "Westlake Station", "walkingMeters": 595, "walkingSeconds": 444, "band": 10}, {"stopCode": 52, "lines": "1,2", "name": "Pioneer Square Station", "walkingMeters": 1304, "walkingSeconds": 973, "band": 15}]}, "geometry": {"type": "Point", "coordinates": [-122.3410568, 47.6086769]}}, {"type": "Feature", "properties": {"id": "b365d118-6939-42fe-a68c-e170cf2858bc", "name": "Chin Music Press Store", "category": "books", "tags": ["books"], "sources": ["overture"], "website": "https://chinmusicpress.com", "phone": "12063801947", "address": "1501 Pike Pl  Ste 329", "stations": [{"stopCode": 51, "lines": "1,2", "name": "Symphony Station", "walkingMeters": 507, "walkingSeconds": 378, "band": 10}, {"stopCode": 50, "lines": "1,2", "name": "Westlake Station", "walkingMeters": 595, "walkingSeconds": 444, "band": 10}, {"stopCode": 52, "lines": "1,2", "name": "Pioneer Square Station", "walkingMeters": 1304, "walkingSeconds": 973, "band": 15}]}, "geometry": {"type": "Point", "coordinates": [-122.3410568, 47.6086769]}}, {"type": "Feature", "properties": {"id": "c63ed80c-3d63-4a60-a766-d82a367d2e8a", "name": "Marninsaylor", "category": "toys", "tags": ["toys"], "sources": ["overture"], "website": "https://marninsaylor.com", "phone": "12064248624", "address": "1501 Pike Pl  Ste 425", "stations": [{"stopCode": 51, "lines": "1,2", "name": "Symphony Station", "walkingMeters": 589, "walkingSeconds": 423, "band": 10}, {"stopCode": 50, "lines": "1,2", "name": "Westlake Station", "walkingMeters": 655, "walkingSeconds": 475, "band": 10}, {"stopCode": 52, "lines": "1,2", "name": "Pioneer Square Station", "walkingMeters": 1270, "walkingSeconds": 914, "band": 15}]}, "geometry": {"type": "Point", "coordinates": [-122.3410568, 47.6086769]}}, {"type": "Feature", "properties": {"id": "f312ed28-0a3f-44d6-bf35-2367d6bd2e25", "name": "Ventures Marketplace", "category": "jewelry", "tags": ["jewelry"], "sources": ["overture"], "website": "http://www.venturesnonprofit.org/help-invest/experience/visit-our-incubators", "phone": "+12065081342", "address": "1501 Pike Pl #521", "stations": [{"stopCode": 51, "lines": "1,2", "name": "Symphony Station", "walkingMeters": 510, "walkingSeconds": 381, "band": 10}, {"stopCode": 50, "lines": "1,2", "name": "Westlake Station", "walkingMeters": 597, "walkingSeconds": 446, "band": 10}, {"stopCode": 52, "lines": "1,2", "name": "Pioneer Square Station", "walkingMeters": 1308, "walkingSeconds": 976, "band": 15}]}, "geometry": {"type": "Point", "coordinates": [-122.341095, 47.6086807]}}, {"type": "Feature", "properties": {"id": "8353332e-5a39-420e-a75c-a4aedce921f5", "name": "B L M F Literary Saloon", "category": "books", "tags": ["books"], "sources": ["overture"], "website": "https://www.nealumphred.com/blmf", "phone": "+12066217894", "address": "1501 Pike Pl #322", "stations": [{"stopCode": 51, "lines": "1,2", "name": "Symphony Station", "walkingMeters": 529, "walkingSeconds": 395, "band": 10}, {"stopCode": 50, "lines": "1,2", "name": "Westlake Station", "walkingMeters": 613, "walkingSeconds": 457, "band": 10}, {"stopCode": 52, "lines": "1,2", "name": "Pioneer Square Station", "walkingMeters": 1321, "walkingSeconds": 986, "band": 15}]}, "geometry": {"type": "Point", "coordinates": [-122.341301, 47.6086655]}}, {"type": "Feature", "properties": {"id": "0f4e01e8-0e35-4ede-b8ea-2cf4fd19906c", "name": "ChefSteps", "category": "doityourself", "tags": ["doityourself", "home", "improvement"], "sources": ["overture"], "website": "https://www.chefsteps.com/studiopass", "address": "1501 Western Ave", "stations": [{"stopCode": 51, "lines": "1,2", "name": "Symphony Station", "walkingMeters": 509, "walkingSeconds": 380, "band": 10}, {"stopCode": 50, "lines": "1,2", "name": "Westlake Station", "walkingMeters": 623, "walkingSeconds": 465, "band": 10}, {"stopCode": 52, "lines": "1,2", "name": "Pioneer Square Station", "walkingMeters": 1290, "walkingSeconds": 963, "band": 15}]}, "geometry": {"type": "Point", "coordinates": [-122.3411484, 47.6084633]}}, {"type": "Feature", "properties": {"id": "96027189-ca14-41d2-b934-e675d78baa47", "name": "Simply the Best", "category": "supermarket", "tags": ["supermarket"], "sources": ["overture"], "website": "http://www.esimplythebest.net", "phone": "+18776530601", "address": "88 Pike St", "stations": [{"stopCode": 51, "lines": "1,2", "name": "Symphony Station", "walkingMeters": 505, "walkingSeconds": 377, "band": 10}, {"stopCode": 50, "lines": "1,2", "name": "Westlake Station", "walkingMeters": 614, "walkingSeconds": 458, "band": 10}, {"stopCode": 52, "lines": "1,2", "name": "Pioneer Square Station", "walkingMeters": 1292, "walkingSeconds": 964, "band": 15}]}, "geometry": {"type": "Point", "coordinates": [-122.341095, 47.6085167]}}, {"type": "Feature", "properties": {"id": "d5cf049b-da1c-42d9-a912-237ed42f6e1b", "name": "Double DORJEE-Tibetan spiritual gift to the world", "category": "gift", "tags": ["gift", "souvenir"], "sources": ["overture"], "website": "http://www.doubledorjee.weebly.com/", "phone": "+12067798790", "address": "1501 Pike Pl market # 511", "stations": [{"stopCode": 51, "lines": "1,2", "name": "Symphony Station", "walkingMeters": 494, "walkingSeconds": 369, "band": 10}, {"stopCode": 50, "lines": "1,2", "name": "Westlake Station", "walkingMeters": 608, "walkingSeconds": 454, "band": 10}, {"stopCode": 52, "lines": "1,2", "name": "Pioneer Square Station", "walkingMeters": 1282, "walkingSeconds": 957, "band": 15}]}, "geometry": {"type": "Point", "coordinates": [-122.3409805, 47.6084976]}}, {"type": "Feature", "properties": {"id": "3184366a-81b6-4bd0-b2a1-c16ae13c6b60", "name": "Ruby's Gift Shop", "category": "jewelry", "tags": ["jewelry"], "sources": ["overture"], "phone": "+12066211610", "address": "1501 Pike Pl Social Work and Care Coordination", "stations": [{"stopCode": 51, "lines": "1,2", "name": "Symphony Station", "walkingMeters": 493, "walkingSeconds": 368, "band": 10}, {"stopCode": 50, "lines": "1,2", "name": "Westlake Station", "walkingMeters": 604, "walkingSeconds": 451, "band": 10}, {"stopCode": 52, "lines": "1,2", "name": "Pioneer Square Station", "walkingMeters": 1283, "walkingSeconds": 957, "band": 15}]}, "geometry": {"type": "Point", "coordinates": [-122.3409653, 47.6085243]}}, {"type": "Feature", "properties": {"id": "6caf8235-cb5f-4dbc-9c79-c52cdb345084", "name": "Chow Jewelry", "category": "jewelry", "tags": ["jewelry"], "sources": ["overture"], "website": "https://pikeplacemarket.org", "phone": "+14254866785", "address": "85 Pike St", "stations": [{"stopCode": 51, "lines": "1,2", "name": "Symphony Station", "walkingMeters": 474, "walkingSeconds": 354, "band": 10}, {"stopCode": 50, "lines": "1,2", "name": "Westlake Station", "walkingMeters": 617, "walkingSeconds": 460, "band": 10}, {"stopCode": 52, "lines": "1,2", "name": "Pioneer Square Station", "walkingMeters": 1254, "walkingSeconds": 936, "band": 15}]}, "geometry": {"type": "Point", "coordinates": [-122.3408279, 47.6083221]}}, {"type": "Feature", "properties": {"id": "f765a1f8-1433-44db-9357-e2d4f37a8a6a", "name": "Alm Hill Gardens", "category": "florist", "tags": ["florist"], "sources": ["overture"], "phone": "+13609664157", "address": "85 Pike St", "stations": [{"stopCode": 51, "lines": "1,2", "name": "Symphony Station", "walkingMeters": 474, "walkingSeconds": 354, "band": 10}, {"stopCode": 50, "lines": "1,2", "name": "Westlake Station", "walkingMeters": 617, "walkingSeconds": 460, "band": 10}, {"stopCode": 52, "lines": "1,2", "name": "Pioneer Square Station", "walkingMeters": 1254, "walkingSeconds": 936, "band": 15}]}, "geometry": {"type": "Point", "coordinates": [-122.3408279, 47.6083221]}}, {"type": "Feature", "properties": {"id": "aa94965f-feda-4056-aa11-c139b1e756c9", "name": "Sebastian's Farm", "category": "florist", "tags": ["florist"], "sources": ["overture"], "phone": "+12537358956", "address": "85 Pike St", "stations": [{"stopCode": 51, "lines": "1,2", "name": "Symphony Station", "walkingMeters": 474, "walkingSeconds": 354, "band": 10}, {"stopCode": 50, "lines": "1,2", "name": "Westlake Station", "walkingMeters": 617, "walkingSeconds": 460, "band": 10}, {"stopCode": 52, "lines": "1,2", "name": "Pioneer Square Station", "walkingMeters": 1254, "walkingSeconds": 936, "band": 15}]}, "geometry": {"type": "Point", "coordinates": [-122.3408279, 47.6083221]}}, {"type": "Feature", "properties": {"id": "cd0129c6-1ce4-4f39-9643-b966efcc6b75", "name": "Thai Tao Farm", "category": "florist", "tags": ["florist"], "sources": ["overture"], "website": "https://pikeplacemarket.org", "address": "85 Pike St", "stations": [{"stopCode": 51, "lines": "1,2", "name": "Symphony Station", "walkingMeters": 474, "walkingSeconds": 354, "band": 10}, {"stopCode": 50, "lines": "1,2", "name": "Westlake Station", "walkingMeters": 617, "walkingSeconds": 460, "band": 10}, {"stopCode": 52, "lines": "1,2", "name": "Pioneer Square Station", "walkingMeters": 1254, "walkingSeconds": 936, "band": 15}]}, "geometry": {"type": "Point", "coordinates": [-122.3408279, 47.6083221]}}, {"type": "Feature", "properties": {"id": "c638989c-1462-4850-a177-662d67e4d050", "name": "Hardwood Specialties Mfg Co.", "category": "hardware", "tags": ["hardware"], "sources": ["overture"], "website": "http://15-2.com", "phone": "12533351490", "address": "85 Pike St", "stations": [{"stopCode": 51, "lines": "1,2", "name": "Symphony Station", "walkingMeters": 474, "walkingSeconds": 354, "band": 10}, {"stopCode": 50, "lines": "1,2", "name": "Westlake Station", "walkingMeters": 617, "walkingSeconds": 460, "band": 10}, {"stopCode": 52, "lines": "1,2", "name": "Pioneer Square Station", "walkingMeters": 1254, "walkingSeconds": 936, "band": 15}]}, "geometry": {"type": "Point", "coordinates": [-122.3408279, 47.6083221]}}, {"type": "Feature", "properties": {"id": "916f93b6-317f-4109-9c9e-66cb13dbf5db", "name": "Galaxy Wear", "category": "clothes", "tags": ["clothes"], "sources": ["overture"], "address": "85 Pike St", "stations": [{"stopCode": 51, "lines": "1,2", "name": "Symphony Station", "walkingMeters": 474, "walkingSeconds": 354, "band": 10}, {"stopCode": 50, "lines": "1,2", "name": "Westlake Station", "walkingMeters": 617, "walkingSeconds": 460, "band": 10}, {"stopCode": 52, "lines": "1,2", "name": "Pioneer Square Station", "walkingMeters": 1254, "walkingSeconds": 936, "band": 15}]}, "geometry": {"type": "Point", "coordinates": [-122.3408279, 47.6083221]}}, {"type": "Feature", "properties": {"id": "0e7685ad-258b-4481-9d9b-cd38cb890edf", "name": "Catshy Crafts", "category": "gift", "tags": ["gift"], "sources": ["overture"], "website": "catshycrafts.com", "address": "85 Pike St", "stations": [{"stopCode": 51, "lines": "1,2", "name": "Symphony Station", "walkingMeters": 474, "walkingSeconds": 354, "band": 10}, {"stopCode": 50, "lines": "1,2", "name": "Westlake Station", "walkingMeters": 617, "walkingSeconds": 460, "band": 10}, {"stopCode": 52, "lines": "1,2", "name": "Pioneer Square Station", "walkingMeters": 1254, "walkingSeconds": 936, "band": 15}]}, "geometry": {"type": "Point", "coordinates": [-122.3408279, 47.6083221]}}, {"type": "Feature", "properties": {"id": "a4a54062-7f46-4be0-ab06-5cb94948acfc", "name": "MarketSpice", "category": "supermarket", "tags": ["supermarket"], "sources": ["overture"], "website": "http://www.marketspice.com/", "phone": "+12066226340", "address": "85 Pike St", "stations": [{"stopCode": 51, "lines": "1,2", "name": "Symphony Station", "walkingMeters": 473, "walkingSeconds": 353, "band": 10}, {"stopCode": 50, "lines": "1,2", "name": "Westlake Station", "walkingMeters": 606, "walkingSeconds": 452, "band": 10}, {"stopCode": 52, "lines": "1,2", "name": "Pioneer Square Station", "walkingMeters": 1258, "walkingSeconds": 939, "band": 15}]}, "geometry": {"type": "Point", "coordinates": [-122.3407898, 47.6083984]}}, {"type": "Feature", "properties": {"id": "b385199b-9689-4f04-93b2-3e0eff51f596", "name": "Ravens Nest Treasure", "category": "jewelry", "tags": ["jewelry"], "sources": ["overture"], "website": "http://ravenstreasure.com/", "phone": "+12066525800", "address": "85 B. Pike", "stations": [{"stopCode": 51, "lines": "1,2", "name": "Symphony Station", "walkingMeters": 470, "walkingSeconds": 351, "band": 10}, {"stopCode": 50, "lines": "1,2", "name": "Westlake Station", "walkingMeters": 603, "walkingSeconds": 450, "band": 10}, {"stopCode": 52, "lines": "1,2", "name": "Pioneer Square Station", "walkingMeters": 1257, "walkingSeconds": 938, "band": 15}]}, "geometry": {"type": "Point", "coordinates": [-122.3407593, 47.6084099]}}, {"type": "Feature", "properties": {"id": "1a9631ea-7490-4641-9894-f7fe2c789a1c", "name": "First & Pike News", "category": "books", "tags": ["books"], "sources": ["overture"], "website": "http://www.firstandpikenews.com", "phone": "+12066240140", "address": "93 Pike St", "stations": [{"stopCode": 51, "lines": "1,2", "name": "Symphony Station", "walkingMeters": 459, "walkingSeconds": 330, "band": 5}, {"stopCode": 50, "lines": "1,2", "name": "Westlake Station", "walkingMeters": 504, "walkingSeconds": 366, "band": 10}, {"stopCode": 52, "lines": "1,2", "name": "Pioneer Square Station", "walkingMeters": 1152, "walkingSeconds": 829, "band": 15}]}, "geometry": {"type": "Point", "coordinates": [-122.3401566, 47.6085091]}}, {"type": "Feature", "properties": {"id": "4ac89271-19c9-4553-822c-08897f8f4071", "name": "Seattle Design Works", "category": "furniture", "tags": ["furniture"], "sources": ["overture"], "website": "http://www.seattledesignworks.com/", "phone": "+12066596477", "address": "1400 Alaskan Wy", "stations": [{"stopCode": 51, "lines": "1,2", "name": "Symphony Station", "walkingMeters": 483, "walkingSeconds": 360, "band": 5}, {"stopCode": 50, "lines": "1,2", "name": "Westlake Station", "walkingMeters": 725, "walkingSeconds": 541, "band": 10}, {"stopCode": 52, "lines": "1,2", "name": "Pioneer Square Station", "walkingMeters": 1182, "walkingSeconds": 882, "band": 15}]}, "geometry": {"type": "Point", "coordinates": [-122.3409424, 47.6074409]}}, {"type": "Feature", "properties": {"id": "ab2e2ebc-44db-44bd-af44-1fad7ede13fd", "name": "Waterfront Market And Deli", "category": "supermarket", "tags": ["supermarket"], "sources": ["overture"], "website": "https://www.waterfrontmarketanddeli.com", "phone": "12065574980", "address": "1300 Alaskan Way", "stations": [{"stopCode": 51, "lines": "1,2", "name": "Symphony Station", "walkingMeters": 452, "walkingSeconds": 337, "band": 5}, {"stopCode": 50, "lines": "1,2", "name": "Westlake Station", "walkingMeters": 826, "walkingSeconds": 616, "band": 10}, {"stopCode": 52, "lines": "1,2", "name": "Pioneer Square Station", "walkingMeters": 1024, "walkingSeconds": 764, "band": 15}]}, "geometry": {"type": "Point", "coordinates": [-122.3401108, 47.6063347]}}, {"type": "Feature", "properties": {"id": 12021390360, "name": "Providence Heritage House at the Market", "category": "clinic", "tags": ["clinic"], "sources": ["osm"], "stations": [{"stopCode": 51, "lines": "1,2", "name": "Symphony Station", "walkingMeters": 669, "walkingSeconds": 481, "band": 10}, {"stopCode": 50, "lines": "1,2", "name": "Westlake Station", "walkingMeters": 735, "walkingSeconds": 533, "band": 10}]}, "geometry": {"type": "Point", "coordinates": [-122.3421412, 47.6089338]}}, {"type": "Feature", "properties": {"id": "62bcabb2-7738-4404-a820-4ffaa3afa085", "name": "Wells Fargo ATM", "category": "bank", "tags": ["bank", "credit", "union"], "sources": ["overture"], "website": "https://www.wellsfargo.com/locator/bank/1301__ALASKAN__WAY_SEATTLE_WA_98101/", "phone": "8008693557", "address": "1301 Alaskan Way", "stations": [{"stopCode": 51, "lines": "1,2", "name": "Symphony Station", "walkingMeters": 424, "walkingSeconds": 305, "band": 5}, {"stopCode": 50, "lines": "1,2", "name": "Westlake Station", "walkingMeters": 844, "walkingSeconds": 611, "band": 10}, {"stopCode": 52, "lines": "1,2", "name": "Pioneer Square Station", "walkingMeters": 1050, "walkingSeconds": 754, "band": 15}]}, "geometry": {"type": "Point", "coordinates": [-122.3404617, 47.6064491]}}]}