{"type": "FeatureCollection", "features": [{"type": "Feature", "properties": {"id": 2404255657, "name": "Von's 1000 Spirits", "category": "bar", "tags": ["bar", "regional", "outdoor-seating"], "sources": ["osm", "overture"], "website": "https://www.vons1000spirits.com/", "phone": "+12066218667", "address": "1225 1st Ave", "hours": "Su-Th 11:00-24:00, Fr,Sa 11:00-01:00", "stations": [{"stopCode": 51, "lines": "1,2", "name": "Symphony Station", "walkingMeters": 228, "walkingSeconds": 164, "band": 5}, {"stopCode": 50, "lines": "1,2", "name": "Westlake Station", "walkingMeters": 748, "walkingSeconds": 538, "band": 10}, {"stopCode": 52, "lines": "1,2", "name": "Pioneer Square Station", "walkingMeters": 869, "walkingSeconds": 625, "band": 10}]}, "geometry": {"type": "Point", "coordinates": [-122.3383038, 47.6066387]}}, {"type": "Feature", "properties": {"id": 2169065769, "name": "Subway", "category": "fast_food", "tags": ["fast-food", "sandwich", "takeaway", "restaurant"], "sources": ["osm", "overture"], "website": "http://www.subway.com", "phone": "(206) 682-0113", "address": "106 Pike St", "hours": "Mo-Su 09:00-21:00", "stations": [{"stopCode": 51, "lines": "1,2", "name": "Symphony Station", "walkingMeters": 419, "walkingSeconds": 302, "band": 5}, {"stopCode": 50, "lines": "1,2", "name": "Westlake Station", "walkingMeters": 444, "walkingSeconds": 320, "band": 5}, {"stopCode": 52, "lines": "1,2", "name": "Pioneer Square Station", "walkingMeters": 1112, "walkingSeconds": 800, "band": 15}]}, "geometry": {"type": "Point", "coordinates": [-122.3397971, 47.6091028]}}, {"type": "Feature", "properties": {"id": "941c950c-79a1-4ef1-8901-88c3e12b7477", "name": "SUBWAY", "category": "restaurant", "tags": ["restaurant", "sandwich"], "sources": ["overture"], "website": "http://subway.com/", "phone": "(206) 682-3577", "address": "1401 2nd Ave", "stations": [{"stopCode": 51, "lines": "1,2", "name": "Symphony Station", "walkingMeters": 302, "walkingSeconds": 217, "band": 5}, {"stopCode": 50, "lines": "1,2", "name": "Westlake Station", "walkingMeters": 514, "walkingSeconds": 372, "band": 10}, {"stopCode": 52, "lines": "1,2", "name": "Pioneer Square Station", "walkingMeters": 995, "walkingSeconds": 716, "band": 15}]}, "geometry": {"type": "Point", "coordinates": [-122.3386383, 47.6084366]}}, {"type": "Feature", "properties": {"id": "4c80e08d-2cc5-4900-b0b4-85a34eafe6e0", "name": "Subway", "category": "restaurant", "tags": ["restaurant", "sandwich"], "sources": ["overture"], "website": "https://www.subway.com", "phone": "2066218356", "address": "1414 3rd Ave", "stations": [{"stopCode": 51, "lines": "1,2", "name": "Symphony Station", "walkingMeters": 187, "walkingSeconds": 135, "band": 5}, {"stopCode": 50, "lines": "1,2", "name": "Westlake Station", "walkingMeters": 344, "walkingSeconds": 248, "band": 5}, {"stopCode": 52, "lines": "1,2", "name": "Pioneer Square Station", "walkingMeters": 884, "walkingSeconds": 636, "band": 15}]}, "geometry": {"type": "Point", "coordinates": [-122.3370514, 47.6092262]}}, {"type": "Feature", "properties": {"id": "820191d6-52f2-4944-8793-ca3a5a57bbf1", "name": "Subway", "category": "restaurant", "tags": ["restaurant", "sandwich"], "sources": ["overture"], "website": "https://www.subway.com", "phone": "2066246733", "address": "501 Seneca St", "stations": [{"stopCode": 51, "lines": "1,2", "name": "Symphony Station", "walkingMeters": 335, "walkingSeconds": 241, "band": 5}, {"stopCode": 50, "lines": "1,2", "name": "Westlake Station", "walkingMeters": 550, "walkingSeconds": 398, "band": 10}, {"stopCode": 52, "lines": "1,2", "name": "Pioneer Square Station", "walkingMeters": 803, "walkingSeconds": 578, "band": 15}]}, "geometry": {"type": "Point", "coordinates": [-122.3325348, 47.6080017]}}, {"type": "Feature", "properties": {"id": "f1c06032-7ad4-4f57-8a69-90cee0303210", "name": "Subway", "category": "restaurant", "tags": ["restaurant", "sandwich"], "sources": ["overture"], "website": "https://www.order.subway.com", "phone": "12066254342", "address": "806 3rd Ave", "stations": [{"stopCode": 52, "lines": "1,2", "name": "Pioneer Square Station", "walkingMeters": 261, "walkingSeconds": 188, "band": 5}, {"stopCode": 51, "lines": "1,2", "name": "Symphony Station", "walkingMeters": 452, "walkingSeconds": 325, "band": 10}, {"stopCode": 53, "lines": "1,2", "name": "International District Station", "walkingMeters": 895, "walkingSeconds": 645, "band": 15}, {"stopCode": 50, "lines": "1,2", "name": "Westlake Station", "walkingMeters": 966, "walkingSeconds": 695, "band": 15}]}, "geometry": {"type": "Point", "coordinates": [-122.3327179, 47.6045303]}}, {"type": "Feature", "properties": {"id": 2351695481, "name": "Domino's", "category": "fast_food", "tags": ["fast-food", "pizza", "takeaway"], "sources": ["osm"], "website": "https://pizza.dominos.com/washington/seattle/112-1st-ave-s", "phone": "+1-206-445-0999", "address": "112 1st Avenue South", "hours": "Su-Th 10:30-01:00, Fr,Sa 10:30-02:00", "stations": [{"stopCode": 52, "lines": "1,2", "name": "Pioneer Square Station", "walkingMeters": 319, "walkingSeconds": 230, "band": 5}, {"stopCode": 53, "lines": "1,2", "name": "International District Station", "walkingMeters": 714, "walkingSeconds": 516, "band": 10}, {"stopCode": 51, "lines": "1,2", "name": "Symphony Station", "walkingMeters": 899, "walkingSeconds": 647, "band": 10}]}, "geometry": {"type": "Point", "coordinates": [-122.3339606, 47.6012534]}}, {"type": "Feature", "properties": {"id": 2744017219, "name": "Starbucks", "category": "cafe", "tags": ["cafe", "coffee-shop", "takeaway", "wheelchair-accessible", "wifi"], "sources": ["osm", "overture"], "website": "https://www.starbucks.com/store-locator/store/16417/", "phone": "+12065547060", "address": "1101 Alaskan Way 102", "hours": "06:00-21:00", "stations": [{"stopCode": 51, "lines": "1,2", "name": "Symphony Station", "walkingMeters": 542, "walkingSeconds": 392, "band": 10}, {"stopCode": 52, "lines": "1,2", "name": "Pioneer Square Station", "walkingMeters": 881, "walkingSeconds": 633, "band": 15}, {"stopCode": 50, "lines": "1,2", "name": "Westlake Station", "walkingMeters": 1058, "walkingSeconds": 761, "band": 15}]}, "geometry": {"type": "Point", "coordinates": [-122.3397062, 47.6048458]}}, {"type": "Feature", "properties": {"id": 3996640128, "name": "Starbucks", "category": "cafe", "tags": ["cafe", "coffee-shop", "takeaway", "coffee"], "sources": ["osm", "overture"], "website": "https://www.starbucks.com/store-locator/store/89252/3rd-seneca-1201-3rd-ave-seattle-wa-981013029-us", "phone": "2064429645", "address": "1111 3rd Ave 2730 (1111", "stations": [{"stopCode": 51, "lines": "1,2", "name": "Symphony Station", "walkingMeters": 82, "walkingSeconds": 59, "band": 5}, {"stopCode": 50, "lines": "1,2", "name": "Westlake Station", "walkingMeters": 611, "walkingSeconds": 440, "band": 10}, {"stopCode": 52, "lines": "1,2", "name": "Pioneer Square Station", "walkingMeters": 633, "walkingSeconds": 456, "band": 10}]}, "geometry": {"type": "Point", "coordinates": [-122.3356883, 47.6071949]}}, {"type": "Feature", "properties": {"id": 4359597089, "name": "Starbucks", "category": "cafe", "tags": ["cafe", "coffee-shop", "takeaway", "coffee"], "sources": ["osm", "overture"], "website": "https://www.starbucks.com/store-locator/store/11311/", "phone": "2064479934", "address": "701 5th Ave", "hours": "Mo-Fr 05:00-18:00", "stations": [{"stopCode": 52, "lines": "1,2", "name": "Pioneer Square Station", "walkingMeters": 247, "walkingSeconds": 178, "band": 5}, {"stopCode": 51, "lines": "1,2", "name": "Symphony Station", "walkingMeters": 671, "walkingSeconds": 483, "band": 10}, {"stopCode": 53, "lines": "1,2", "name": "International District Station", "walkingMeters": 781, "walkingSeconds": 562, "band": 10}, {"stopCode": 50, "lines": "1,2", "name": "Westlake Station", "walkingMeters": 1007, "walkingSeconds": 725, "band": 15}]}, "geometry": {"type": "Point", "coordinates": [-122.3308208, 47.6041365]}}, {"type": "Feature", "properties": {"id": 9547938797, "name": "Starbucks", "category": "cafe", "tags": ["cafe", "coffee-shop", "takeaway", "coffee"], "sources": ["osm", "overture"], "website": "https://www.starbucks.com/store-locator/store/89776", "phone": "+12064943250", "address": "1401 2nd Ave", "stations": [{"stopCode": 51, "lines": "1,2", "name": "Symphony Station", "walkingMeters": 284, "walkingSeconds": 205, "band": 5}, {"stopCode": 50, "lines": "1,2", "name": "Westlake Station", "walkingMeters": 531, "walkingSeconds": 384, "band": 10}, {"stopCode": 52, "lines": "1,2", "name": "Pioneer Square Station", "walkingMeters": 977, "walkingSeconds": 703, "band": 15}]}, "geometry": {"type": "Point", "coordinates": [-122.3386109, 47.6082644]}}, {"type": "Feature", "properties": {"id": "367b7e39-198b-487e-9893-459b76aa194d", "name": "Starbucks", "category": "cafe", "tags": ["cafe", "coffee"], "sources": ["overture"], "website": "https://www.starbucks.com/store-locator/store/1030943/", "phone": "2066903434", "address": "1305 1st Ave", "stations": [{"stopCode": 51, "lines": "1,2", "name": "Symphony Station", "walkingMeters": 234, "walkingSeconds": 169, "band": 5}, {"stopCode": 50, "lines": "1,2", "name": "Westlake Station", "walkingMeters": 713, "walkingSeconds": 513, "band": 10}, {"stopCode": 52, "lines": "1,2", "name": "Pioneer Square Station", "walkingMeters": 912, "walkingSeconds": 656, "band": 15}]}, "geometry": {"type": "Point", "coordinates": [-122.3386459, 47.6069336]}}, {"type": "Feature", "properties": {"id": "8d93fd23-6c07-412a-a49e-3fc2d6fe3c4f", "name": "Starbucks", "category": "cafe", "tags": ["cafe", "coffee"], "sources": ["overture"], "phone": "2066528924", "address": "1191 2nd Ave (2nd & Seneca)", "stations": [{"stopCode": 51, "lines": "1,2", "name": "Symphony Station", "walkingMeters": 215, "walkingSeconds": 160, "band": 5}, {"stopCode": 52, "lines": "1,2", "name": "Pioneer Square Station", "walkingMeters": 732, "walkingSeconds": 546, "band": 10}, {"stopCode": 50, "lines": "1,2", "name": "Westlake Station", "walkingMeters": 759, "walkingSeconds": 566, "band": 10}, {"stopCode": 53, "lines": "1,2", "name": "International District Station", "walkingMeters": 1405, "walkingSeconds": 1049, "band": 15}]}, "geometry": {"type": "Point", "coordinates": [-122.3362274, 47.6063309]}}, {"type": "Feature", "properties": {"id": "990fb6e7-fd0f-4009-b5b6-3ebd97035a9f", "name": "Starbucks", "category": "cafe", "tags": ["cafe", "coffee"], "sources": ["overture"], "website": "https://www.starbucks.com", "phone": "(206) 467-3079", "address": "1125 4th Ave", "stations": [{"stopCode": 51, "lines": "1,2", "name": "Symphony Station", "walkingMeters": 186, "walkingSeconds": 139, "band": 5}, {"stopCode": 50, "lines": "1,2", "name": "Westlake Station", "walkingMeters": 658, "walkingSeconds": 491, "band": 10}, {"stopCode": 52, "lines": "1,2", "name": "Pioneer Square Station", "walkingMeters": 751, "walkingSeconds": 560, "band": 10}]}, "geometry": {"type": "Point", "coordinates": [-122.3342514, 47.6073341]}}, {"type": "Feature", "properties": {"id": "2492634f-8e74-4eef-b145-63856a9d62f4", "name": "Starbucks", "category": "cafe", "tags": ["cafe", "coffee"], "sources": ["overture"], "phone": "2066255177", "address": "221 Pike St (3rd And Pike)", "stations": [{"stopCode": 51, "lines": "1,2", "name": "Symphony Station", "walkingMeters": 276, "walkingSeconds": 200, "band": 5}, {"stopCode": 50, "lines": "1,2", "name": "Westlake Station", "walkingMeters": 296, "walkingSeconds": 213, "band": 5}, {"stopCode": 52, "lines": "1,2", "name": "Pioneer Square Station", "walkingMeters": 976, "walkingSeconds": 702, "band": 15}]}, "geometry": {"type": "Point", "coordinates": [-122.3380356, 47.6096649]}}, {"type": "Feature", "properties": {"id": "2934cf7a-865a-4f19-8b31-4833d13d1228", "name": "Starbucks", "category": "cafe", "tags": ["cafe", "coffee"], "sources": ["overture"], "website": "http://www.starbucks.com/", "phone": "(206) 682-1139", "address": "1318 4th Ave", "stations": [{"stopCode": 51, "lines": "1,2", "name": "Symphony Station", "walkingMeters": 233, "walkingSeconds": 168, "band": 5}, {"stopCode": 50, "lines": "1,2", "name": "Westlake Station", "walkingMeters": 332, "walkingSeconds": 239, "band": 5}, {"stopCode": 52, "lines": "1,2", "name": "Pioneer Square Station", "walkingMeters": 922, "walkingSeconds": 664, "band": 15}]}, "geometry": {"type": "Point", "coordinates": [-122.3353348, 47.609169]}}, {"type": "Feature", "properties": {"id": "722db926-451a-4a17-b10c-8f4ce56d4374", "name": "Starbucks", "category": "cafe", "tags": ["cafe", "coffee"], "sources": ["overture"], "website": "https://www.starbucks.com/store-locator/store/89253/", "phone": "2066233425", "address": "800 5th Ave", "stations": [{"stopCode": 52, "lines": "1,2", "name": "Pioneer Square Station", "walkingMeters": 497, "walkingSeconds": 371, "band": 10}, {"stopCode": 51, "lines": "1,2", "name": "Symphony Station", "walkingMeters": 609, "walkingSeconds": 454, "band": 10}, {"stopCode": 50, "lines": "1,2", "name": "Westlake Station", "walkingMeters": 1019, "walkingSeconds": 760, "band": 15}, {"stopCode": 53, "lines": "1,2", "name": "International District Station", "walkingMeters": 1123, "walkingSeconds": 838, "band": 15}]}, "geometry": {"type": "Point", "coordinates": [-122.3304062, 47.6059532]}}, {"type": "Feature", "properties": {"id": "7e0e94a7-e30e-4686-adbf-022c8a0cf5c1", "name": "Starbucks", "category": "cafe", "tags": ["cafe", "coffee"], "sources": ["overture"], "website": "https://www.starbucks.com/store-locator/store/11917/", "phone": "2067480058", "address": "999 3rd Avenue First Interstate Ctr", "stations": [{"stopCode": 51, "lines": "1,2", "name": "Symphony Station", "walkingMeters": 431, "walkingSeconds": 322, "band": 5}, {"stopCode": 52, "lines": "1,2", "name": "Pioneer Square Station", "walkingMeters": 464, "walkingSeconds": 346, "band": 5}, {"stopCode": 50, "lines": "1,2", "name": "Westlake Station", "walkingMeters": 966, "walkingSeconds": 721, "band": 15}, {"stopCode": 53, "lines": "1,2", "name": "International District Station", "walkingMeters": 1145, "walkingSeconds": 854, "band": 15}]}, "geometry": {"type": "Point", "coordinates": [-122.3340607, 47.6051369]}}, {"type": "Feature", "properties": {"id": "552c4c7a-6c01-486d-a58d-e117f61faf58", "name": "Starbucks", "category": "cafe", "tags": ["cafe", "coffee"], "sources": ["overture"], "phone": "2063821688", "address": "1000 2nd Ave Seattle Trust", "stations": [{"stopCode": 51, "lines": "1,2", "name": "Symphony Station", "walkingMeters": 318, "walkingSeconds": 237, "band": 5}, {"stopCode": 52, "lines": "1,2", "name": "Pioneer Square Station", "walkingMeters": 616, "walkingSeconds": 460, "band": 10}, {"stopCode": 50, "lines": "1,2", "name": "Westlake Station", "walkingMeters": 866, "walkingSeconds": 646, "band": 10}, {"stopCode": 53, "lines": "1,2", "name": "International District Station", "walkingMeters": 1286, "walkingSeconds": 960, "band": 15}]}, "geometry": {"type": "Point", "coordinates": [-122.3355942, 47.605629]}}, {"type": "Feature", "properties": {"id": "4cc02765-15d5-4368-90f7-4a2085f7e76e", "name": "Starbucks", "category": "cafe", "tags": ["cafe", "coffee"], "sources": ["overture"], "phone": "2063409184", "address": "823 1st Ave (1st & Marion)", "stations": [{"stopCode": 52, "lines": "1,2", "name": "Pioneer Square Station", "walkingMeters": 485, "walkingSeconds": 349, "band": 10}, {"stopCode": 51, "lines": "1,2", "name": "Symphony Station", "walkingMeters": 583, "walkingSeconds": 420, "band": 10}, {"stopCode": 53, "lines": "1,2", "name": "International District Station", "walkingMeters": 968, "walkingSeconds": 706, "band": 15}, {"stopCode": 50, "lines": "1,2", "name": "Westlake Station", "walkingMeters": 1109, "walkingSeconds": 798, "band": 15}]}, "geometry": {"type": "Point", "coordinates": [-122.3355255, 47.6038513]}}, {"type": "Feature", "properties": {"id": "fe6fb54b-eb4a-417d-9572-2e82568f2d1b", "name": "Starbucks", "category": "cafe", "tags": ["cafe", "coffee"], "sources": ["overture"], "website": "http://www.starbucks.com/", "phone": "(206) 682-7726", "address": "621 2nd Ave", "stations": [{"stopCode": 52, "lines": "1,2", "name": "Pioneer Square Station", "walkingMeters": 206, "walkingSeconds": 154, "band": 5}, {"stopCode": 51, "lines": "1,2", "name": "Symphony Station", "walkingMeters": 774, "walkingSeconds": 578, "band": 10}, {"stopCode": 53, "lines": "1,2", "name": "International District Station", "walkingMeters": 823, "walkingSeconds": 614, "band": 10}, {"stopCode": 50, "lines": "1,2", "name": "Westlake Station", "walkingMeters": 1314, "walkingSeconds": 981, "band": 15}]}, "geometry": {"type": "Point", "coordinates": [-122.3333054, 47.6027794]}}, {"type": "Feature", "properties": {"id": "37998331-6ed1-44f7-a729-b718975da3b4", "name": "Starbucks", "category": "cafe", "tags": ["cafe", "coffee"], "sources": ["overture"], "phone": "2063822656", "address": "102 S Pioneer Sq # 1st Ave", "stations": [{"stopCode": 52, "lines": "1,2", "name": "Pioneer Square Station", "walkingMeters": 305, "walkingSeconds": 220, "band": 5}, {"stopCode": 53, "lines": "1,2", "name": "International District Station", "walkingMeters": 738, "walkingSeconds": 533, "band": 10}, {"stopCode": 51, "lines": "1,2", "name": "Symphony Station", "walkingMeters": 883, "walkingSeconds": 636, "band": 10}]}, "geometry": {"type": "Point", "coordinates": [-122.3341217, 47.6014214]}}, {"type": "Feature", "properties": {"id": 3655991525, "name": "Mighty-O Donuts", "category": "cafe", "tags": ["cafe", "donut", "vegan"], "sources": ["osm"], "website": "https://mightyo.com", "phone": "+1-206-420-7118", "address": "1000 2nd Avenue", "hours": "Mo 07:00-12:00; Tu-Fr 07:00-13:00", "stations": [{"stopCode": 51, "lines": "1,2", "name": "Symphony Station", "walkingMeters": 352, "walkingSeconds": 254, "band": 5}, {"stopCode": 52, "lines": "1,2", "name": "Pioneer Square Station", "walkingMeters": 494, "walkingSeconds": 356, "band": 10}, {"stopCode": 50, "lines": "1,2", "name": "Westlake Station", "walkingMeters": 881, "walkingSeconds": 634, "band": 10}, {"stopCode": 53, "lines": "1,2", "name": "International District Station", "walkingMeters": 1052, "walkingSeconds": 759, "band": 15}]}, "geometry": {"type": "Point", "coordinates": [-122.3350154, 47.6053884]}}, {"type": "Feature", "properties": {"id": 12786236022, "name": "Molly Moon's Homemade Ice Cream", "category": "ice_cream", "tags": ["ice-cream", "outdoor-seating"], "sources": ["osm"], "website": "https://mollymoon.com", "address": "199 Alaskan Way South", "hours": "Su-Th 11:00-21:00; Fr,Sa 11:00-22:00", "stations": [{"stopCode": 52, "lines": "1,2", "name": "Pioneer Square Station", "walkingMeters": 527, "walkingSeconds": 381, "band": 10}, {"stopCode": 53, "lines": "1,2", "name": "International District Station", "walkingMeters": 856, "walkingSeconds": 619, "band": 10}, {"stopCode": 51, "lines": "1,2", "name": "Symphony Station", "walkingMeters": 1016, "walkingSeconds": 735, "band": 15}]}, "geometry": {"type": "Point", "coordinates": [-122.3362645, 47.600978]}}, {"type": "Feature", "properties": {"id": "b0bf560f-3adb-45e8-be95-10a0c9d97560", "name": "Taco Del Mar", "category": "restaurant", "tags": ["restaurant", "mexican"], "sources": ["overture"], "website": "http://www.tacodelmar.com", "phone": "(206) 467-4878", "address": "823 3rd Ave #100", "stations": [{"stopCode": 52, "lines": "1,2", "name": "Pioneer Square Station", "walkingMeters": 294, "walkingSeconds": 212, "band": 5}, {"stopCode": 51, "lines": "1,2", "name": "Symphony Station", "walkingMeters": 419, "walkingSeconds": 302, "band": 5}, {"stopCode": 53, "lines": "1,2", "name": "International District Station", "walkingMeters": 932, "walkingSeconds": 673, "band": 15}, {"stopCode": 50, "lines": "1,2", "name": "Westlake Station", "walkingMeters": 948, "walkingSeconds": 682, "band": 15}]}, "geometry": {"type": "Point", "coordinates": [-122.3334808, 47.6045876]}}, {"type": "Feature", "properties": {"id": 2351695454, "name": "Jimmy John's", "category": "fast_food", "tags": ["fast-food", "sandwich", "takeaway", "restaurant"], "sources": ["osm", "overture"], "website": "https://locations.jimmyjohns.com/wa/seattle/sandwiches-690.html", "phone": "+12066219500", "address": "102 1st Ave S", "hours": "Mo-Sa 11:00-19:00", "stations": [{"stopCode": 52, "lines": "1,2", "name": "Pioneer Square Station", "walkingMeters": 300, "walkingSeconds": 216, "band": 5}, {"stopCode": 53, "lines": "1,2", "name": "International District Station", "walkingMeters": 734, "walkingSeconds": 530, "band": 10}, {"stopCode": 51, "lines": "1,2", "name": "Symphony Station", "walkingMeters": 879, "walkingSeconds": 633, "band": 10}]}, "geometry": {"type": "Point", "coordinates": [-122.3339754, 47.6014276]}}, {"type": "Feature", "properties": {"id": 11961787090, "name": "Jimmy John's", "category": "fast_food", "tags": ["fast-food", "sandwich", "takeaway", "restaurant"], "sources": ["osm", "overture"], "website": "https://locations.jimmyjohns.com/wa/seattle/sandwiches-1346.html", "phone": "+12068055733", "address": "701 5th Ave Ste. 211", "hours": "Mo-Fr 11:00-15:00", "stations": [{"stopCode": 52, "lines": "1,2", "name": "Pioneer Square Station", "walkingMeters": 286, "walkingSeconds": 206, "band": 5}, {"stopCode": 51, "lines": "1,2", "name": "Symphony Station", "walkingMeters": 709, "walkingSeconds": 511, "band": 10}, {"stopCode": 53, "lines": "1,2", "name": "International District Station", "walkingMeters": 791, "walkingSeconds": 569, "band": 15}, {"stopCode": 50, "lines": "1,2", "name": "Westlake Station", "walkingMeters": 1012, "walkingSeconds": 728, "band": 15}]}, "geometry": {"type": "Point", "coordinates": [-122.3305363, 47.6044785]}}, {"type": "Feature", "properties": {"id": "e93847e8-2608-4efb-a57a-cd4d8575c7c6", "name": "Jimmy John's", "category": "fast_food", "tags": ["fast-food", "fast", "food"], "sources": ["overture"], "website": "https://locations.jimmyjohns.com/wa/seattle/sandwiches-691.html", "phone": "2066219501", "address": "1200 3rd Ave", "stations": [{"stopCode": 51, "lines": "1,2", "name": "Symphony Station", "walkingMeters": 78, "walkingSeconds": 56, "band": 5}, {"stopCode": 50, "lines": "1,2", "name": "Westlake Station", "walkingMeters": 591, "walkingSeconds": 425, "band": 10}, {"stopCode": 52, "lines": "1,2", "name": "Pioneer Square Station", "walkingMeters": 636, "walkingSeconds": 458, "band": 10}]}, "geometry": {"type": "Point", "coordinates": [-122.3352127, 47.6074181]}}, {"type": "Feature", "properties": {"id": 3079477710, "name": "Top Pot Doughnuts", "category": "cafe", "tags": ["cafe", "donut", "coffee-shop", "coffee"], "sources": ["osm", "overture"], "website": "http://www.toppotdoughnuts.com/", "phone": "2064661729", "address": "888 Western Ave E", "hours": "Mo-Fr 05:00-19:00; Sa-Su 07:00-18:00", "stations": [{"stopCode": 52, "lines": "1,2", "name": "Pioneer Square Station", "walkingMeters": 562, "walkingSeconds": 404, "band": 10}, {"stopCode": 51, "lines": "1,2", "name": "Symphony Station", "walkingMeters": 643, "walkingSeconds": 463, "band": 10}, {"stopCode": 53, "lines": "1,2", "name": "International District Station", "walkingMeters": 1046, "walkingSeconds": 758, "band": 15}, {"stopCode": 50, "lines": "1,2", "name": "Westlake Station", "walkingMeters": 1169, "walkingSeconds": 841, "band": 15}]}, "geometry": {"type": "Point", "coordinates": [-122.3363006, 47.6035183]}}, {"type": "Feature", "properties": {"id": 3475602294, "name": "Top Pot Doughnuts", "category": "cafe", "tags": ["cafe", "donut", "coffee-shop"], "sources": ["osm"], "website": "https://www.toppotdoughnuts.com/", "phone": "+1-206-454-3694", "address": "720 3rd Avenue", "hours": "Mo-Fr 07:00-17:30", "stations": [{"stopCode": 52, "lines": "1,2", "name": "Pioneer Square Station", "walkingMeters": 195, "walkingSeconds": 140, "band": 5}, {"stopCode": 51, "lines": "1,2", "name": "Symphony Station", "walkingMeters": 518, "walkingSeconds": 373, "band": 10}, {"stopCode": 53, "lines": "1,2", "name": "International District Station", "walkingMeters": 829, "walkingSeconds": 597, "band": 15}, {"stopCode": 50, "lines": "1,2", "name": "Westlake Station", "walkingMeters": 1032, "walkingSeconds": 743, "band": 15}]}, "geometry": {"type": "Point", "coordinates": [-122.3323, 47.6040466]}}, {"type": "Feature", "properties": {"id": 2351700807, "name": "Caffe Vita", "category": "cafe", "tags": ["cafe", "coffee-shop"], "sources": ["osm"], "website": "https://www.smithtower.com/caffe-vita/", "address": "500 2nd Avenue", "stations": [{"stopCode": 52, "lines": "1,2", "name": "Pioneer Square Station", "walkingMeters": 150, "walkingSeconds": 110, "band": 5}, {"stopCode": 53, "lines": "1,2", "name": "International District Station", "walkingMeters": 590, "walkingSeconds": 426, "band": 10}, {"stopCode": 51, "lines": "1,2", "name": "Symphony Station", "walkingMeters": 824, "walkingSeconds": 593, "band": 10}, {"stopCode": 50, "lines": "1,2", "name": "Westlake Station", "walkingMeters": 1352, "walkingSeconds": 973, "band": 15}]}, "geometry": {"type": "Point", "coordinates": [-122.3318479, 47.601841]}}, {"type": "Feature", "properties": {"id": 1216903483, "name": "Fusion Bistro", "category": "restaurant", "tags": ["restaurant", "indian,-fusion", "vegetarian", "vegan"], "sources": ["osm"], "website": "https://fusionbistroindiancuisine.com", "phone": "+1-206-596-7117", "address": "601 2nd Avenue", "stations": [{"stopCode": 52, "lines": "1,2", "name": "Pioneer Square Station", "walkingMeters": 154, "walkingSeconds": 111, "band": 5}, {"stopCode": 53, "lines": "1,2", "name": "International District Station", "walkingMeters": 668, "walkingSeconds": 488, "band": 10}, {"stopCode": 51, "lines": "1,2", "name": "Symphony Station", "walkingMeters": 765, "walkingSeconds": 550, "band": 10}, {"stopCode": 50, "lines": "1,2", "name": "Westlake Station", "walkingMeters": 1293, "walkingSeconds": 930, "band": 15}]}, "geometry": {"type": "Point", "coordinates": [-122.332846, 47.6023199]}}, {"type": "Feature", "properties": {"id": 1216904369, "name": "Chuck's Hole in the Wall Barbecue", "category": "restaurant", "tags": ["restaurant", "american", "barbecue"], "sources": ["osm"], "phone": "+1 206-622-8717", "address": "215 James Street", "hours": "Mo-Fr 11:00-14:30", "stations": [{"stopCode": 52, "lines": "1,2", "name": "Pioneer Square Station", "walkingMeters": 73, "walkingSeconds": 52, "band": 5}, {"stopCode": 53, "lines": "1,2", "name": "International District Station", "walkingMeters": 681, "walkingSeconds": 492, "band": 10}, {"stopCode": 51, "lines": "1,2", "name": "Symphony Station", "walkingMeters": 724, "walkingSeconds": 521, "band": 10}, {"stopCode": 50, "lines": "1,2", "name": "Westlake Station", "walkingMeters": 1252, "walkingSeconds": 901, "band": 15}]}, "geometry": {"type": "Point", "coordinates": [-122.3318467, 47.6024738]}}, {"type": "Feature", "properties": {"id": 1216905643, "name": "Rojo's Mexican Food", "category": "restaurant", "tags": ["restaurant", "mexican", "vegan", "vegetarian", "taco"], "sources": ["osm", "overture"], "website": "http://rojosmexicanfood.com/", "phone": "+85589817953", "address": "217 James St", "hours": "Mo-Th 11:00-16:00; Fr-Sa 11:00-19:00", "stations": [{"stopCode": 52, "lines": "1,2", "name": "Pioneer Square Station", "walkingMeters": 61, "walkingSeconds": 44, "band": 5}, {"stopCode": 53, "lines": "1,2", "name": "International District Station", "walkingMeters": 693, "walkingSeconds": 500, "band": 10}, {"stopCode": 51, "lines": "1,2", "name": "Symphony Station", "walkingMeters": 714, "walkingSeconds": 514, "band": 10}, {"stopCode": 50, "lines": "1,2", "name": "Westlake Station", "walkingMeters": 1242, "walkingSeconds": 894, "band": 15}]}, "geometry": {"type": "Point", "coordinates": [-122.3317903, 47.6024972]}}, {"type": "Feature", "properties": {"id": "f4973ac1-791b-49b8-885b-3072ac989b7b", "name": "Chocolati Caf\u00e9.", "category": "cafe", "tags": ["cafe"], "sources": ["overture"], "website": "https://chocolati.com", "phone": "8777845212", "address": "1000 4th Ave", "stations": [{"stopCode": 51, "lines": "1,2", "name": "Symphony Station", "walkingMeters": 365, "walkingSeconds": 272, "band": 5}, {"stopCode": 52, "lines": "1,2", "name": "Pioneer Square Station", "walkingMeters": 612, "walkingSeconds": 457, "band": 10}, {"stopCode": 50, "lines": "1,2", "name": "Westlake Station", "walkingMeters": 810, "walkingSeconds": 604, "band": 10}, {"stopCode": 53, "lines": "1,2", "name": "International District Station", "walkingMeters": 1287, "walkingSeconds": 960, "band": 15}]}, "geometry": {"type": "Point", "coordinates": [-122.3326645, 47.6066818]}}, {"type": "Feature", "properties": {"id": "b5293aa7-7138-426e-9df7-f245d80e653a", "name": "Fuel", "category": "bar", "tags": ["bar", "sports"], "sources": ["overture"], "website": "http://www.fuelseattle.com", "phone": "(206) 405-3835", "address": "164 S Washington St", "stations": [{"stopCode": 52, "lines": "1,2", "name": "Pioneer Square Station", "walkingMeters": 277, "walkingSeconds": 201, "band": 5}, {"stopCode": 53, "lines": "1,2", "name": "International District Station", "walkingMeters": 539, "walkingSeconds": 390, "band": 10}, {"stopCode": 51, "lines": "1,2", "name": "Symphony Station", "walkingMeters": 930, "walkingSeconds": 669, "band": 15}]}, "geometry": {"type": "Point", "coordinates": [-122.3321457, 47.6009331]}}, {"type": "Feature", "properties": {"id": 1398967880, "name": "Mediterranean Mix", "category": "cafe", "tags": ["cafe", "mediterranean", "restaurant"], "sources": ["osm", "overture"], "website": "http://mediterraneanmixseattle.mybistro.online", "phone": "12063419265", "address": "205 1st Ave S", "stations": [{"stopCode": 52, "lines": "1,2", "name": "Pioneer Square Station", "walkingMeters": 405, "walkingSeconds": 291, "band": 5}, {"stopCode": 53, "lines": "1,2", "name": "International District Station", "walkingMeters": 706, "walkingSeconds": 510, "band": 10}, {"stopCode": 51, "lines": "1,2", "name": "Symphony Station", "walkingMeters": 973, "walkingSeconds": 700, "band": 15}]}, "geometry": {"type": "Point", "coordinates": [-122.334398, 47.6006761]}}, {"type": "Feature", "properties": {"id": 1398968532, "name": "The Central Saloon", "category": "pub", "tags": ["pub"], "sources": ["osm"], "website": "https://www.centralsaloon.com/", "phone": "+1-206-622-0209", "address": "207 1st Avenue South", "stations": [{"stopCode": 52, "lines": "1,2", "name": "Pioneer Square Station", "walkingMeters": 413, "walkingSeconds": 297, "band": 5}, {"stopCode": 53, "lines": "1,2", "name": "International District Station", "walkingMeters": 701, "walkingSeconds": 506, "band": 10}, {"stopCode": 51, "lines": "1,2", "name": "Symphony Station", "walkingMeters": 981, "walkingSeconds": 706, "band": 15}]}, "geometry": {"type": "Point", "coordinates": [-122.3344038, 47.6006031]}}, {"type": "Feature", "properties": {"id": 1398968948, "name": "Pass D Jollof", "category": "restaurant", "tags": ["restaurant", "african"], "sources": ["osm"], "website": "https://passdjollof.com", "address": "209 1st Avenue South", "stations": [{"stopCode": 52, "lines": "1,2", "name": "Pioneer Square Station", "walkingMeters": 423, "walkingSeconds": 304, "band": 5}, {"stopCode": 53, "lines": "1,2", "name": "International District Station", "walkingMeters": 691, "walkingSeconds": 499, "band": 10}, {"stopCode": 51, "lines": "1,2", "name": "Symphony Station", "walkingMeters": 991, "walkingSeconds": 713, "band": 15}]}, "geometry": {"type": "Point", "coordinates": [-122.3343914, 47.600512]}}, {"type": "Feature", "properties": {"id": 2561809365, "name": "Chipotle", "category": "fast_food", "tags": ["fast-food", "mexican", "indoor-seating", "takeaway", "wheelchair-accessible", "vegetarian"], "sources": ["osm"], "website": "https://order.chipotle.com/Meal/Index/1363?showloc=1", "phone": "+1-206-204-0121", "address": "1501 4th Avenue", "hours": "Mo-Su 10:45-22:00", "stations": [{"stopCode": 50, "lines": "1,2", "name": "Westlake Station", "walkingMeters": 270, "walkingSeconds": 194, "band": 5}, {"stopCode": 51, "lines": "1,2", "name": "Symphony Station", "walkingMeters": 286, "walkingSeconds": 206, "band": 5}, {"stopCode": 52, "lines": "1,2", "name": "Pioneer Square Station", "walkingMeters": 982, "walkingSeconds": 707, "band": 15}]}, "geometry": {"type": "Point", "coordinates": [-122.3377212, 47.6099976]}}, {"type": "Feature", "properties": {"id": "84dde012-7464-419a-ba7d-4e7b2a0fc2ba", "name": "BB's Teriyaki Grill", "category": "restaurant", "tags": ["restaurant", "japanese"], "sources": ["overture"], "website": "http://bbsteriyaki.com", "phone": "(206) 876-9105", "address": "1111 3rd Ave", "stations": [{"stopCode": 51, "lines": "1,2", "name": "Symphony Station", "walkingMeters": 145, "walkingSeconds": 104, "band": 5}, {"stopCode": 52, "lines": "1,2", "name": "Pioneer Square Station", "walkingMeters": 568, "walkingSeconds": 409, "band": 10}, {"stopCode": 50, "lines": "1,2", "name": "Westlake Station", "walkingMeters": 674, "walkingSeconds": 485, "band": 10}, {"stopCode": 53, "lines": "1,2", "name": "International District Station", "walkingMeters": 1206, "walkingSeconds": 870, "band": 15}]}, "geometry": {"type": "Point", "coordinates": [-122.3354721, 47.6066055]}}, {"type": "Feature", "properties": {"id": 2351695460, "name": "Evergreens", "category": "fast_food", "tags": ["fast-food", "vegetarian"], "sources": ["osm"], "address": "106 1st Avenue South", "hours": "Mo-Th 10:30-15:00; Fr 10:30-14:00", "stations": [{"stopCode": 52, "lines": "1,2", "name": "Pioneer Square Station", "walkingMeters": 304, "walkingSeconds": 218, "band": 5}, {"stopCode": 53, "lines": "1,2", "name": "International District Station", "walkingMeters": 730, "walkingSeconds": 527, "band": 10}, {"stopCode": 51, "lines": "1,2", "name": "Symphony Station", "walkingMeters": 883, "walkingSeconds": 636, "band": 10}]}, "geometry": {"type": "Point", "coordinates": [-122.3339751, 47.6013937]}}, {"type": "Feature", "properties": {"id": 4027142314, "name": "Evergreens", "category": "fast_food", "tags": ["fast-food", "salad", "takeaway", "restaurant"], "sources": ["osm", "overture"], "website": "https://evergreens.com/", "phone": "12062680538", "address": "600 University St  Ste 114", "stations": [{"stopCode": 51, "lines": "1,2", "name": "Symphony Station", "walkingMeters": 356, "walkingSeconds": 256, "band": 5}, {"stopCode": 50, "lines": "1,2", "name": "Westlake Station", "walkingMeters": 457, "walkingSeconds": 329, "band": 10}, {"stopCode": 52, "lines": "1,2", "name": "Pioneer Square Station", "walkingMeters": 1017, "walkingSeconds": 734, "band": 15}]}, "geometry": {"type": "Point", "coordinates": [-122.332563, 47.6097282]}}, {"type": "Feature", "properties": {"id": 11663016261, "name": "Evergreens", "category": "fast_food", "tags": ["fast-food", "salad", "takeaway"], "sources": ["osm"], "stations": [{"stopCode": 51, "lines": "1,2", "name": "Symphony Station", "walkingMeters": 298, "walkingSeconds": 215, "band": 5}, {"stopCode": 50, "lines": "1,2", "name": "Westlake Station", "walkingMeters": 402, "walkingSeconds": 289, "band": 5}, {"stopCode": 52, "lines": "1,2", "name": "Pioneer Square Station", "walkingMeters": 992, "walkingSeconds": 714, "band": 15}]}, "geometry": {"type": "Point", "coordinates": [-122.3384165, 47.6091023]}}, {"type": "Feature", "properties": {"id": 13226884814, "name": "Evergreens", "category": "restaurant", "tags": ["restaurant"], "sources": ["osm"], "hours": "Mo-Th 10:30-15:00; Fr 10:30-14:00", "stations": [{"stopCode": 52, "lines": "1,2", "name": "Pioneer Square Station", "walkingMeters": 281, "walkingSeconds": 202, "band": 5}, {"stopCode": 51, "lines": "1,2", "name": "Symphony Station", "walkingMeters": 705, "walkingSeconds": 507, "band": 10}, {"stopCode": 53, "lines": "1,2", "name": "International District Station", "walkingMeters": 796, "walkingSeconds": 573, "band": 15}, {"stopCode": 50, "lines": "1,2", "name": "Westlake Station", "walkingMeters": 1017, "walkingSeconds": 732, "band": 15}]}, "geometry": {"type": "Point", "coordinates": [-122.330541, 47.6044052]}}, {"type": "Feature", "properties": {"id": 1774201700, "name": "Elephant and Castle", "category": "pub", "tags": ["pub"], "sources": ["osm"], "website": "https://elephantcastle.com/", "phone": "+1-206-624-9977", "address": "1415 5th Avenue", "hours": "Su-Th 11:30-00:00; Fr-Sa 11:30-02:00", "stations": [{"stopCode": 50, "lines": "1,2", "name": "Westlake Station", "walkingMeters": 247, "walkingSeconds": 178, "band": 5}, {"stopCode": 51, "lines": "1,2", "name": "Symphony Station", "walkingMeters": 318, "walkingSeconds": 229, "band": 5}, {"stopCode": 52, "lines": "1,2", "name": "Pioneer Square Station", "walkingMeters": 1007, "walkingSeconds": 725, "band": 15}]}, "geometry": {"type": "Point", "coordinates": [-122.3353594, 47.6099366]}}, {"type": "Feature", "properties": {"id": 1785487676, "name": "Bandol", "category": "restaurant", "tags": ["restaurant"], "sources": ["osm"], "website": "https://www.divaespresso.com/", "phone": "+1-206-624-0332", "address": "506 2nd Avenue", "stations": [{"stopCode": 52, "lines": "1,2", "name": "Pioneer Square Station", "walkingMeters": 164, "walkingSeconds": 118, "band": 5}, {"stopCode": 53, "lines": "1,2", "name": "International District Station", "walkingMeters": 596, "walkingSeconds": 430, "band": 10}, {"stopCode": 51, "lines": "1,2", "name": "Symphony Station", "walkingMeters": 809, "walkingSeconds": 582, "band": 10}, {"stopCode": 50, "lines": "1,2", "name": "Westlake Station", "walkingMeters": 1337, "walkingSeconds": 962, "band": 15}]}, "geometry": {"type": "Point", "coordinates": [-122.331839, 47.6019354]}}, {"type": "Feature", "properties": {"id": 1946858961, "name": "Numero Uno Pizza", "category": "fast_food", "tags": ["fast-food", "pizza", "restaurant"], "sources": ["osm", "overture"], "website": "https://www.ordernumerounopizzamenu.com", "phone": "+12066827979", "address": "103 1st Ave S", "hours": "Mo-We 11:00-23:00; Th 11:00-23:30; Fr-Sa 11:00-00:00; Su 12:00-22:00", "stations": [{"stopCode": 52, "lines": "1,2", "name": "Pioneer Square Station", "walkingMeters": 310, "walkingSeconds": 223, "band": 5}, {"stopCode": 53, "lines": "1,2", "name": "International District Station", "walkingMeters": 764, "walkingSeconds": 552, "band": 10}, {"stopCode": 51, "lines": "1,2", "name": "Symphony Station", "walkingMeters": 876, "walkingSeconds": 631, "band": 10}]}, "geometry": {"type": "Point", "coordinates": [-122.3343745, 47.6015299]}}, {"type": "Feature", "properties": {"id": 2053744078, "name": "Owl 'N Thistle", "category": "pub", "tags": ["pub", "brewery"], "sources": ["osm"], "website": "https://owlnthistle.com/", "phone": "+1-206-621-7777", "address": "808 Post Avenue", "hours": "Mo-Su 11:00-02:00", "stations": [{"stopCode": 52, "lines": "1,2", "name": "Pioneer Square Station", "walkingMeters": 488, "walkingSeconds": 351, "band": 10}, {"stopCode": 51, "lines": "1,2", "name": "Symphony Station", "walkingMeters": 670, "walkingSeconds": 482, "band": 10}, {"stopCode": 53, "lines": "1,2", "name": "International District Station", "walkingMeters": 972, "walkingSeconds": 705, "band": 15}, {"stopCode": 50, "lines": "1,2", "name": "Westlake Station", "walkingMeters": 1196, "walkingSeconds": 860, "band": 15}]}, "geometry": {"type": "Point", "coordinates": [-122.335675, 47.6033419]}}, {"type": "Feature", "properties": {"id": 2054069553, "name": "Cocoa Banana", "category": "fast_food", "tags": ["fast-food", "juice"], "sources": ["osm"], "address": "103 Cherry Street", "stations": [{"stopCode": 52, "lines": "1,2", "name": "Pioneer Square Station", "walkingMeters": 284, "walkingSeconds": 204, "band": 5}, {"stopCode": 51, "lines": "1,2", "name": "Symphony Station", "walkingMeters": 738, "walkingSeconds": 531, "band": 10}, {"stopCode": 53, "lines": "1,2", "name": "International District Station", "walkingMeters": 797, "walkingSeconds": 579, "band": 10}, {"stopCode": 50, "lines": "1,2", "name": "Westlake Station", "walkingMeters": 1263, "walkingSeconds": 909, "band": 15}]}, "geometry": {"type": "Point", "coordinates": [-122.3339216, 47.6025843]}}, {"type": "Feature", "properties": {"id": "fcfc64a8-20dc-4057-8f97-f5d5c67caeee", "name": "Flatstick Pub", "category": "pub", "tags": ["pub"], "sources": ["overture"], "website": "https://flatstickpub.com/pioneer-square/", "phone": "+12066820608", "address": "240 2nd Ave S", "stations": [{"stopCode": 52, "lines": "1,2", "name": "Pioneer Square Station", "walkingMeters": 361, "walkingSeconds": 262, "band": 5}, {"stopCode": 53, "lines": "1,2", "name": "International District Station", "walkingMeters": 406, "walkingSeconds": 294, "band": 5}, {"stopCode": 51, "lines": "1,2", "name": "Symphony Station", "walkingMeters": 1056, "walkingSeconds": 760, "band": 15}, {"stopCode": 54, "lines": "1", "name": "Stadium Station", "walkingMeters": 1221, "walkingSeconds": 885, "band": 15}]}, "geometry": {"type": "Point", "coordinates": [-122.3310242, 47.6001015]}}, {"type": "Feature", "properties": {"id": 14073728301, "name": "aroom", "category": "cafe", "tags": ["cafe", "coffee-shop", "vietnamese"], "sources": ["osm"], "website": "https://www.aroomers.com/?location=LGV43C6R29V41", "phone": "+1-206-960-9609", "address": "904 Western Avenue", "hours": "Mo-Su 08:00-17:00", "stations": [{"stopCode": 52, "lines": "1,2", "name": "Pioneer Square Station", "walkingMeters": 632, "walkingSeconds": 454, "band": 10}, {"stopCode": 51, "lines": "1,2", "name": "Symphony Station", "walkingMeters": 695, "walkingSeconds": 500, "band": 10}, {"stopCode": 53, "lines": "1,2", "name": "International District Station", "walkingMeters": 1102, "walkingSeconds": 798, "band": 15}, {"stopCode": 50, "lines": "1,2", "name": "Westlake Station", "walkingMeters": 1217, "walkingSeconds": 876, "band": 15}]}, "geometry": {"type": "Point", "coordinates": [-122.3373938, 47.6034812]}}, {"type": "Feature", "properties": {"id": "4e02da1f-8470-455d-bea6-53cb46aa7f00", "name": "206 Burger Company", "category": "restaurant", "tags": ["restaurant", "burger"], "sources": ["overture"], "website": "http://206burgercompany.com", "phone": "(206) 467-4450", "address": "823 3rd Ave Ste 106", "stations": [{"stopCode": 52, "lines": "1,2", "name": "Pioneer Square Station", "walkingMeters": 332, "walkingSeconds": 239, "band": 5}, {"stopCode": 51, "lines": "1,2", "name": "Symphony Station", "walkingMeters": 418, "walkingSeconds": 301, "band": 5}, {"stopCode": 50, "lines": "1,2", "name": "Westlake Station", "walkingMeters": 947, "walkingSeconds": 681, "band": 15}, {"stopCode": 53, "lines": "1,2", "name": "International District Station", "walkingMeters": 970, "walkingSeconds": 700, "band": 15}]}, "geometry": {"type": "Point", "coordinates": [-122.3335724, 47.6046028]}}, {"type": "Feature", "properties": {"id": 3645099207, "name": "Potbelly", "category": "fast_food", "tags": ["fast-food", "sandwich", "takeaway", "restaurant"], "sources": ["osm", "overture"], "website": "https://www.potbelly.com/locations/washington/3rd-spring", "phone": "+12062040079", "address": "1111 3rd Ave", "hours": "Mo-Fr 07:00-19:00", "stations": [{"stopCode": 51, "lines": "1,2", "name": "Symphony Station", "walkingMeters": 166, "walkingSeconds": 120, "band": 5}, {"stopCode": 52, "lines": "1,2", "name": "Pioneer Square Station", "walkingMeters": 547, "walkingSeconds": 394, "band": 10}, {"stopCode": 50, "lines": "1,2", "name": "Westlake Station", "walkingMeters": 696, "walkingSeconds": 501, "band": 10}, {"stopCode": 53, "lines": "1,2", "name": "International District Station", "walkingMeters": 1185, "walkingSeconds": 855, "band": 15}]}, "geometry": {"type": "Point", "coordinates": [-122.3351337, 47.6065224]}}, {"type": "Feature", "properties": {"id": "c95e87eb-7dd9-476d-87c4-0df94289877b", "name": "Potbelly", "category": "fast_food", "tags": ["fast-food", "fast", "food", "soup"], "sources": ["overture"], "website": "https://www.potbelly.com/", "phone": "2066230099", "address": "1429 4th Avenue 1429 4th Avenue", "stations": [{"stopCode": 50, "lines": "1,2", "name": "Westlake Station", "walkingMeters": 220, "walkingSeconds": 160, "band": 5}, {"stopCode": 51, "lines": "1,2", "name": "Symphony Station", "walkingMeters": 311, "walkingSeconds": 223, "band": 5}, {"stopCode": 52, "lines": "1,2", "name": "Pioneer Square Station", "walkingMeters": 1004, "walkingSeconds": 722, "band": 15}]}, "geometry": {"type": "Point", "coordinates": [-122.3366928, 47.6099091]}}, {"type": "Feature", "properties": {"id": 2169065768, "name": "Salt & Straw", "category": "ice_cream", "tags": ["ice-cream"], "sources": ["osm"], "website": "https://saltandstraw.com", "address": "102 Pike Street", "stations": [{"stopCode": 51, "lines": "1,2", "name": "Symphony Station", "walkingMeters": 433, "walkingSeconds": 311, "band": 5}, {"stopCode": 50, "lines": "1,2", "name": "Westlake Station", "walkingMeters": 458, "walkingSeconds": 330, "band": 5}, {"stopCode": 52, "lines": "1,2", "name": "Pioneer Square Station", "walkingMeters": 1126, "walkingSeconds": 810, "band": 15}]}, "geometry": {"type": "Point", "coordinates": [-122.339928, 47.609011]}}, {"type": "Feature", "properties": {"id": "bca77c9f-09d3-4bfb-99d9-681d836c4c5d", "name": "Piroshky Piroshky", "category": "restaurant", "tags": ["restaurant"], "sources": ["overture"], "phone": "+12064671319", "address": "701 5th Ave", "stations": [{"stopCode": 52, "lines": "1,2", "name": "Pioneer Square Station", "walkingMeters": 289, "walkingSeconds": 216, "band": 5}, {"stopCode": 51, "lines": "1,2", "name": "Symphony Station", "walkingMeters": 709, "walkingSeconds": 529, "band": 10}, {"stopCode": 53, "lines": "1,2", "name": "International District Station", "walkingMeters": 928, "walkingSeconds": 693, "band": 15}, {"stopCode": 50, "lines": "1,2", "name": "Westlake Station", "walkingMeters": 1179, "walkingSeconds": 880, "band": 15}]}, "geometry": {"type": "Point", "coordinates": [-122.3306274, 47.6045227]}}, {"type": "Feature", "properties": {"id": 4867291380, "name": "Einstein Bros. Bagels", "category": "fast_food", "tags": ["fast-food", "bagel", "takeaway", "bakery"], "sources": ["osm", "overture"], "website": "www.einsteinbros.com", "phone": "12062644817", "address": "600 4th Ave", "hours": "Mo-Fr 06:00-14:00", "stations": [{"stopCode": 52, "lines": "1,2", "name": "Pioneer Square Station", "walkingMeters": 231, "walkingSeconds": 166, "band": 5}, {"stopCode": 51, "lines": "1,2", "name": "Symphony Station", "walkingMeters": 689, "walkingSeconds": 496, "band": 10}, {"stopCode": 53, "lines": "1,2", "name": "International District Station", "walkingMeters": 764, "walkingSeconds": 550, "band": 10}, {"stopCode": 50, "lines": "1,2", "name": "Westlake Station", "walkingMeters": 1025, "walkingSeconds": 738, "band": 15}]}, "geometry": {"type": "Point", "coordinates": [-122.3306107, 47.6039435]}}, {"type": "Feature", "properties": {"id": 2320984410, "name": "Purple Cafe and Wine Bar - Seattle", "category": "restaurant", "tags": ["restaurant", "american"], "sources": ["osm"], "website": "https://www.purplecafe.com/purple-seattle/", "phone": "+1-206-829-2280", "address": "1225 4th Avenue", "hours": "Mo-Th 11:00-23:00; Fr 11:00-00:00; Sa 12:00-00:00; Su 12:00-23:00", "stations": [{"stopCode": 51, "lines": "1,2", "name": "Symphony Station", "walkingMeters": 114, "walkingSeconds": 82, "band": 5}, {"stopCode": 50, "lines": "1,2", "name": "Westlake Station", "walkingMeters": 478, "walkingSeconds": 346, "band": 10}, {"stopCode": 52, "lines": "1,2", "name": "Pioneer Square Station", "walkingMeters": 748, "walkingSeconds": 538, "band": 10}]}, "geometry": {"type": "Point", "coordinates": [-122.3349071, 47.6079644]}}, {"type": "Feature", "properties": {"id": 13368300844, "name": "Toasted. Bagels & Coffee", "category": "cafe", "tags": ["cafe", "bagel", "bakery"], "sources": ["osm", "overture"], "website": "http://toastedseattle.com", "address": "101 Yesler Wy #102A", "stations": [{"stopCode": 52, "lines": "1,2", "name": "Pioneer Square Station", "walkingMeters": 262, "walkingSeconds": 188, "band": 5}, {"stopCode": 53, "lines": "1,2", "name": "International District Station", "walkingMeters": 713, "walkingSeconds": 518, "band": 10}, {"stopCode": 51, "lines": "1,2", "name": "Symphony Station", "walkingMeters": 869, "walkingSeconds": 625, "band": 10}]}, "geometry": {"type": "Point", "coordinates": [-122.333957, 47.6015362]}}, {"type": "Feature", "properties": {"id": 13141165533, "name": "Monorail Espresso", "category": "cafe", "tags": ["cafe", "coffee-shop", "coffee"], "sources": ["osm", "overture"], "website": "http://www.monorailespresso.com", "phone": "(206) 442-4444", "address": "701 5th Ave", "hours": "Mo-Th 06:00-17:00; Fr 06:00-16:00", "stations": [{"stopCode": 52, "lines": "1,2", "name": "Pioneer Square Station", "walkingMeters": 343, "walkingSeconds": 247, "band": 5}, {"stopCode": 51, "lines": "1,2", "name": "Symphony Station", "walkingMeters": 618, "walkingSeconds": 444, "band": 10}, {"stopCode": 53, "lines": "1,2", "name": "International District Station", "walkingMeters": 882, "walkingSeconds": 634, "band": 15}, {"stopCode": 50, "lines": "1,2", "name": "Westlake Station", "walkingMeters": 952, "walkingSeconds": 685, "band": 15}]}, "geometry": {"type": "Point", "coordinates": [-122.3309008, 47.6046704]}}, {"type": "Feature", "properties": {"id": 2351695459, "name": "Falafel Fresh", "category": "restaurant", "tags": ["restaurant", "mediterranean"], "sources": ["osm", "overture"], "website": "https://yesler.falafelfresh.org/?utm_source=bing&utm_medium=websiteurl&utm_campaign=search", "phone": "2064226509", "address": "105 Yesler Way", "hours": "Mo-Su 09:00-22:00", "stations": [{"stopCode": 52, "lines": "1,2", "name": "Pioneer Square Station", "walkingMeters": 242, "walkingSeconds": 174, "band": 5}, {"stopCode": 53, "lines": "1,2", "name": "International District Station", "walkingMeters": 693, "walkingSeconds": 504, "band": 10}, {"stopCode": 51, "lines": "1,2", "name": "Symphony Station", "walkingMeters": 878, "walkingSeconds": 632, "band": 10}]}, "geometry": {"type": "Point", "coordinates": [-122.333616, 47.6015967]}}, {"type": "Feature", "properties": {"id": 2351695463, "name": "Lune Cafe", "category": "cafe", "tags": ["cafe", "coffee-shop", "sandwich"], "sources": ["osm"], "website": "https://lunesglow.com/", "address": "107 1st Avenue South", "stations": [{"stopCode": 52, "lines": "1,2", "name": "Pioneer Square Station", "walkingMeters": 322, "walkingSeconds": 232, "band": 5}, {"stopCode": 53, "lines": "1,2", "name": "International District Station", "walkingMeters": 752, "walkingSeconds": 543, "band": 10}, {"stopCode": 51, "lines": "1,2", "name": "Symphony Station", "walkingMeters": 889, "walkingSeconds": 640, "band": 10}]}, "geometry": {"type": "Point", "coordinates": [-122.3343862, 47.6014189]}}, {"type": "Feature", "properties": {"id": 2351695480, "name": "Chris's Chili Dogs", "category": "fast_food", "tags": ["fast-food", "hot-dog", "restaurant", "hot", "dog"], "sources": ["osm", "overture"], "website": "https://chrisschilidogs.com", "address": "111 Yesler St", "stations": [{"stopCode": 52, "lines": "1,2", "name": "Pioneer Square Station", "walkingMeters": 244, "walkingSeconds": 175, "band": 5}, {"stopCode": 53, "lines": "1,2", "name": "International District Station", "walkingMeters": 665, "walkingSeconds": 484, "band": 10}, {"stopCode": 51, "lines": "1,2", "name": "Symphony Station", "walkingMeters": 882, "walkingSeconds": 635, "band": 10}]}, "geometry": {"type": "Point", "coordinates": [-122.3332514, 47.6015963]}}, {"type": "Feature", "properties": {"id": 2351695490, "name": "Dead Line", "category": "bar", "tags": ["bar", "outdoor-seating", "cocktail"], "sources": ["osm", "overture"], "website": "http://www.deadlineseattle.com/", "phone": "+12065188029", "address": "114 1st Ave S", "hours": "Tu-Su 16:00-23:00", "stations": [{"stopCode": 52, "lines": "1,2", "name": "Pioneer Square Station", "walkingMeters": 330, "walkingSeconds": 238, "band": 5}, {"stopCode": 53, "lines": "1,2", "name": "International District Station", "walkingMeters": 704, "walkingSeconds": 508, "band": 10}, {"stopCode": 51, "lines": "1,2", "name": "Symphony Station", "walkingMeters": 910, "walkingSeconds": 655, "band": 15}]}, "geometry": {"type": "Point", "coordinates": [-122.3339605, 47.6011543]}}, {"type": "Feature", "properties": {"id": 2351695495, "name": "Suya Palace", "category": "restaurant", "tags": ["restaurant"], "sources": ["osm"], "address": "115 Occidental Avenue South", "stations": [{"stopCode": 52, "lines": "1,2", "name": "Pioneer Square Station", "walkingMeters": 303, "walkingSeconds": 218, "band": 5}, {"stopCode": 53, "lines": "1,2", "name": "International District Station", "walkingMeters": 629, "walkingSeconds": 454, "band": 10}, {"stopCode": 51, "lines": "1,2", "name": "Symphony Station", "walkingMeters": 946, "walkingSeconds": 680, "band": 10}]}, "geometry": {"type": "Point", "coordinates": [-122.333102, 47.6011844]}}, {"type": "Feature", "properties": {"id": 2351695496, "name": "Damn the Weather", "category": "pub", "tags": ["pub"], "sources": ["osm"], "website": "https://damntheweather.com/", "phone": "+1-206-946-1283", "address": "116 1st Avenue South", "hours": "Su 11:00-21:00; Mo-Th 11:00-22:00; Fr,Sa 11:00-23:00", "stations": [{"stopCode": 52, "lines": "1,2", "name": "Pioneer Square Station", "walkingMeters": 335, "walkingSeconds": 241, "band": 5}, {"stopCode": 53, "lines": "1,2", "name": "International District Station", "walkingMeters": 699, "walkingSeconds": 504, "band": 10}, {"stopCode": 51, "lines": "1,2", "name": "Symphony Station", "walkingMeters": 915, "walkingSeconds": 658, "band": 15}]}, "geometry": {"type": "Point", "coordinates": [-122.3339605, 47.6011107]}}, {"type": "Feature", "properties": {"id": 2351695507, "name": "Parlour Pioneer Square", "category": "cafe", "tags": ["cafe"], "sources": ["osm"], "address": "119 Yesler Way", "stations": [{"stopCode": 52, "lines": "1,2", "name": "Pioneer Square Station", "walkingMeters": 258, "walkingSeconds": 186, "band": 5}, {"stopCode": 53, "lines": "1,2", "name": "International District Station", "walkingMeters": 649, "walkingSeconds": 472, "band": 10}, {"stopCode": 51, "lines": "1,2", "name": "Symphony Station", "walkingMeters": 900, "walkingSeconds": 648, "band": 10}]}, "geometry": {"type": "Point", "coordinates": [-122.3330949, 47.6015895]}}, {"type": "Feature", "properties": {"id": 2351695512, "name": "The Meyer", "category": "bar", "tags": ["bar", "dive"], "sources": ["osm", "overture"], "website": "https://www.themeyerbar.com/", "phone": "+12064675447", "address": "118 S Washington St", "hours": "Mo-Su 14:00-02:00", "stations": [{"stopCode": 52, "lines": "1,2", "name": "Pioneer Square Station", "walkingMeters": 328, "walkingSeconds": 236, "band": 5}, {"stopCode": 53, "lines": "1,2", "name": "International District Station", "walkingMeters": 627, "walkingSeconds": 453, "band": 10}, {"stopCode": 51, "lines": "1,2", "name": "Symphony Station", "walkingMeters": 964, "walkingSeconds": 694, "band": 15}]}, "geometry": {"type": "Point", "coordinates": [-122.3333195, 47.6010056]}}, {"type": "Feature", "properties": {"id": 2351695513, "name": "Baba Yaga", "category": "bar", "tags": ["bar"], "sources": ["osm"], "website": "https://babayagaseattle.com/", "address": "124 South Washington Street", "stations": [{"stopCode": 52, "lines": "1,2", "name": "Pioneer Square Station", "walkingMeters": 337, "walkingSeconds": 242, "band": 5}, {"stopCode": 53, "lines": "1,2", "name": "International District Station", "walkingMeters": 614, "walkingSeconds": 444, "band": 10}, {"stopCode": 51, "lines": "1,2", "name": "Symphony Station", "walkingMeters": 977, "walkingSeconds": 703, "band": 15}]}, "geometry": {"type": "Point", "coordinates": [-122.3331484, 47.6010034]}}, {"type": "Feature", "properties": {"id": 2351695517, "name": "Tats Delicatessen", "category": "restaurant", "tags": ["restaurant", "sandwich"], "sources": ["osm"], "phone": "+1-206-264-8287", "address": "159 Yesler Way", "hours": "Mo-Fr 08:00-15:00; Sa 11:00-17:30", "stations": [{"stopCode": 52, "lines": "1,2", "name": "Pioneer Square Station", "walkingMeters": 203, "walkingSeconds": 148, "band": 5}, {"stopCode": 53, "lines": "1,2", "name": "International District Station", "walkingMeters": 593, "walkingSeconds": 432, "band": 10}, {"stopCode": 51, "lines": "1,2", "name": "Symphony Station", "walkingMeters": 856, "walkingSeconds": 616, "band": 10}]}, "geometry": {"type": "Point", "coordinates": [-122.332352, 47.601597]}}, {"type": "Feature", "properties": {"id": 2351695518, "name": "Four Diamonds Vietnamese Cuisine", "category": "restaurant", "tags": ["restaurant", "vietnamese"], "sources": ["osm"], "address": "164 South Washington Street", "hours": "Su-Mo 10:00-17:00; Tu-Th 10:00-19:00; Fr-Sa 10:00-20:00", "stations": [{"stopCode": 52, "lines": "1,2", "name": "Pioneer Square Station", "walkingMeters": 278, "walkingSeconds": 201, "band": 5}, {"stopCode": 53, "lines": "1,2", "name": "International District Station", "walkingMeters": 539, "walkingSeconds": 389, "band": 10}, {"stopCode": 51, "lines": "1,2", "name": "Symphony Station", "walkingMeters": 930, "walkingSeconds": 669, "band": 10}]}, "geometry": {"type": "Point", "coordinates": [-122.3321363, 47.6010108]}}, {"type": "Feature", "properties": {"id": 2351695567, "name": "Asia Ginger Teriyaki", "category": "restaurant", "tags": ["restaurant", "asian", "japanese"], "sources": ["osm", "overture"], "website": "http://www.asiaginger.com", "phone": "+12062640500", "address": "209 2nd Ave S", "stations": [{"stopCode": 52, "lines": "1,2", "name": "Pioneer Square Station", "walkingMeters": 317, "walkingSeconds": 230, "band": 5}, {"stopCode": 53, "lines": "1,2", "name": "International District Station", "walkingMeters": 495, "walkingSeconds": 358, "band": 10}, {"stopCode": 51, "lines": "1,2", "name": "Symphony Station", "walkingMeters": 983, "walkingSeconds": 707, "band": 15}]}, "geometry": {"type": "Point", "coordinates": [-122.331795, 47.6005131]}}, {"type": "Feature", "properties": {"id": 2351695585, "name": "Luigi\u2019s", "category": "restaurant", "tags": ["restaurant", "italian"], "sources": ["osm"], "website": "https://wsdot.wa.gov/projects/viaduct/Milepost31", "address": "211 1st Avenue South", "stations": [{"stopCode": 52, "lines": "1,2", "name": "Pioneer Square Station", "walkingMeters": 436, "walkingSeconds": 313, "band": 5}, {"stopCode": 53, "lines": "1,2", "name": "International District Station", "walkingMeters": 679, "walkingSeconds": 490, "band": 10}, {"stopCode": 51, "lines": "1,2", "name": "Symphony Station", "walkingMeters": 1003, "walkingSeconds": 722, "band": 15}]}, "geometry": {"type": "Point", "coordinates": [-122.3343967, 47.6004013]}}, {"type": "Feature", "properties": {"id": 2351695618, "name": "Fair Isle Brewing", "category": "pub", "tags": ["pub", "brewery"], "sources": ["osm"], "website": "https://fairislebrewing.com", "address": "222 1st Avenue South", "stations": [{"stopCode": 52, "lines": "1,2", "name": "Pioneer Square Station", "walkingMeters": 451, "walkingSeconds": 325, "band": 5}, {"stopCode": 53, "lines": "1,2", "name": "International District Station", "walkingMeters": 621, "walkingSeconds": 448, "band": 10}, {"stopCode": 51, "lines": "1,2", "name": "Symphony Station", "walkingMeters": 1032, "walkingSeconds": 742, "band": 15}]}, "geometry": {"type": "Point", "coordinates": [-122.3339812, 47.6001752]}}, {"type": "Feature", "properties": {"id": 2351695651, "name": "Doc Maynard's Public House", "category": "bar", "tags": ["bar"], "sources": ["osm"], "phone": "+1-206-682-3705", "address": "610 1st Avenue", "stations": [{"stopCode": 52, "lines": "1,2", "name": "Pioneer Square Station", "walkingMeters": 262, "walkingSeconds": 189, "band": 5}, {"stopCode": 53, "lines": "1,2", "name": "International District Station", "walkingMeters": 746, "walkingSeconds": 542, "band": 10}, {"stopCode": 51, "lines": "1,2", "name": "Symphony Station", "walkingMeters": 788, "walkingSeconds": 567, "band": 10}, {"stopCode": 50, "lines": "1,2", "name": "Westlake Station", "walkingMeters": 1314, "walkingSeconds": 945, "band": 15}]}, "geometry": {"type": "Point", "coordinates": [-122.333801, 47.6022919]}}, {"type": "Feature", "properties": {"id": 2351695664, "name": "Mirabelle by Orph\u00e9e", "category": "fast_food", "tags": ["fast-food"], "sources": ["osm"], "website": "https://www.instagram.com/mirabellebyorphee", "phone": "+1-206-751-3855", "address": "616 1st Avenue", "hours": "Mo-Su 08:00-15:00", "stations": [{"stopCode": 52, "lines": "1,2", "name": "Pioneer Square Station", "walkingMeters": 272, "walkingSeconds": 196, "band": 5}, {"stopCode": 53, "lines": "1,2", "name": "International District Station", "walkingMeters": 755, "walkingSeconds": 549, "band": 10}, {"stopCode": 51, "lines": "1,2", "name": "Symphony Station", "walkingMeters": 779, "walkingSeconds": 560, "band": 10}, {"stopCode": 50, "lines": "1,2", "name": "Westlake Station", "walkingMeters": 1304, "walkingSeconds": 938, "band": 15}]}, "geometry": {"type": "Point", "coordinates": [-122.333865, 47.602366]}}, {"type": "Feature", "properties": {"id": 2351695707, "name": "Pioneer Square Juice & Java", "category": "cafe", "tags": ["cafe", "coffee-shop"], "sources": ["osm"], "phone": "+1-206-340-0561", "address": "79 Yesler Way", "stations": [{"stopCode": 52, "lines": "1,2", "name": "Pioneer Square Station", "walkingMeters": 359, "walkingSeconds": 258, "band": 5}, {"stopCode": 53, "lines": "1,2", "name": "International District Station", "walkingMeters": 812, "walkingSeconds": 590, "band": 10}, {"stopCode": 51, "lines": "1,2", "name": "Symphony Station", "walkingMeters": 904, "walkingSeconds": 651, "band": 10}]}, "geometry": {"type": "Point", "coordinates": [-122.3351892, 47.6016142]}}, {"type": "Feature", "properties": {"id": 2351695715, "name": "Nduja Me Pasta Bar", "category": "restaurant", "tags": ["restaurant", "italian"], "sources": ["osm"], "website": "https://www.ndujausa.com/", "address": "81 Yesler Way", "stations": [{"stopCode": 52, "lines": "1,2", "name": "Pioneer Square Station", "walkingMeters": 354, "walkingSeconds": 255, "band": 5}, {"stopCode": 53, "lines": "1,2", "name": "International District Station", "walkingMeters": 807, "walkingSeconds": 586, "band": 10}, {"stopCode": 51, "lines": "1,2", "name": "Symphony Station", "walkingMeters": 900, "walkingSeconds": 648, "band": 10}]}, "geometry": {"type": "Point", "coordinates": [-122.3351252, 47.6016153]}}, {"type": "Feature", "properties": {"id": 2351695729, "name": "Casa Gabriele", "category": "restaurant", "tags": ["restaurant"], "sources": ["osm"], "address": "88 Yesler Way", "stations": [{"stopCode": 52, "lines": "1,2", "name": "Pioneer Square Station", "walkingMeters": 325, "walkingSeconds": 234, "band": 5}, {"stopCode": 53, "lines": "1,2", "name": "International District Station", "walkingMeters": 795, "walkingSeconds": 578, "band": 10}, {"stopCode": 51, "lines": "1,2", "name": "Symphony Station", "walkingMeters": 854, "walkingSeconds": 615, "band": 10}]}, "geometry": {"type": "Point", "coordinates": [-122.3347822, 47.6018542]}}, {"type": "Feature", "properties": {"id": 2351695734, "name": "Caf\u00e9 Paloma", "category": "cafe", "tags": ["cafe", "mediterranean", "latin-american"], "sources": ["osm", "overture"], "website": "http://www.cafepaloma.com", "phone": "+12064051920", "address": "93 Yesler Wy", "stations": [{"stopCode": 52, "lines": "1,2", "name": "Pioneer Square Station", "walkingMeters": 320, "walkingSeconds": 230, "band": 5}, {"stopCode": 53, "lines": "1,2", "name": "International District Station", "walkingMeters": 773, "walkingSeconds": 561, "band": 10}, {"stopCode": 51, "lines": "1,2", "name": "Symphony Station", "walkingMeters": 887, "walkingSeconds": 638, "band": 10}]}, "geometry": {"type": "Point", "coordinates": [-122.3346682, 47.6016165]}}, {"type": "Feature", "properties": {"id": 2351700811, "name": "Flame Catering Cafe", "category": "cafe", "tags": ["cafe"], "sources": ["osm"], "address": "503 3rd Avenue", "stations": [{"stopCode": 52, "lines": "1,2", "name": "Pioneer Square Station", "walkingMeters": 75, "walkingSeconds": 56, "band": 5}, {"stopCode": 53, "lines": "1,2", "name": "International District Station", "walkingMeters": 600, "walkingSeconds": 434, "band": 10}, {"stopCode": 51, "lines": "1,2", "name": "Symphony Station", "walkingMeters": 750, "walkingSeconds": 540, "band": 10}, {"stopCode": 50, "lines": "1,2", "name": "Westlake Station", "walkingMeters": 1279, "walkingSeconds": 921, "band": 15}]}, "geometry": {"type": "Point", "coordinates": [-122.3310847, 47.6021233]}}, {"type": "Feature", "properties": {"id": 2351700814, "name": "Shawn O'Donnell's American Grill and Irish Pub", "category": "pub", "tags": ["pub", "american"], "sources": ["osm"], "website": "https://www.shawnodonnells.com/index.html", "phone": "+1-206-602-6380", "address": "508 2nd Avenue", "stations": [{"stopCode": 52, "lines": "1,2", "name": "Pioneer Square Station", "walkingMeters": 154, "walkingSeconds": 111, "band": 5}, {"stopCode": 53, "lines": "1,2", "name": "International District Station", "walkingMeters": 605, "walkingSeconds": 438, "band": 10}, {"stopCode": 51, "lines": "1,2", "name": "Symphony Station", "walkingMeters": 799, "walkingSeconds": 575, "band": 10}, {"stopCode": 50, "lines": "1,2", "name": "Westlake Station", "walkingMeters": 1327, "walkingSeconds": 955, "band": 15}]}, "geometry": {"type": "Point", "coordinates": [-122.331971, 47.6019851]}}, {"type": "Feature", "properties": {"id": 2351700848, "name": "The Bistro", "category": "restaurant", "tags": ["restaurant", "bar", "american"], "sources": ["osm", "overture"], "website": "http://www.junsrestaurant.com/", "address": "612 2nd Ave", "stations": [{"stopCode": 52, "lines": "1,2", "name": "Pioneer Square Station", "walkingMeters": 195, "walkingSeconds": 140, "band": 5}, {"stopCode": 51, "lines": "1,2", "name": "Symphony Station", "walkingMeters": 667, "walkingSeconds": 480, "band": 10}, {"stopCode": 53, "lines": "1,2", "name": "International District Station", "walkingMeters": 737, "walkingSeconds": 533, "band": 10}, {"stopCode": 50, "lines": "1,2", "name": "Westlake Station", "walkingMeters": 1195, "walkingSeconds": 860, "band": 15}]}, "geometry": {"type": "Point", "coordinates": [-122.3328959, 47.6029946]}}, {"type": "Feature", "properties": {"id": 2354350262, "name": "Cherry Street Coffee House", "category": "cafe", "tags": ["cafe", "coffee-shop", "coffee"], "sources": ["osm", "overture"], "website": "cafegulistan.com", "phone": "12066219372", "address": "700 1st Ave", "hours": "Mo-Fr 07:00-15:00; Sa-Su 08:00-15:00", "stations": [{"stopCode": 52, "lines": "1,2", "name": "Pioneer Square Station", "walkingMeters": 310, "walkingSeconds": 223, "band": 5}, {"stopCode": 51, "lines": "1,2", "name": "Symphony Station", "walkingMeters": 732, "walkingSeconds": 527, "band": 10}, {"stopCode": 53, "lines": "1,2", "name": "International District Station", "walkingMeters": 802, "walkingSeconds": 583, "band": 10}, {"stopCode": 50, "lines": "1,2", "name": "Westlake Station", "walkingMeters": 1258, "walkingSeconds": 905, "band": 15}]}, "geometry": {"type": "Point", "coordinates": [-122.334204, 47.6027182]}}, {"type": "Feature", "properties": {"id": 3315749921, "name": "MOD Pizza", "category": "fast_food", "tags": ["fast-food", "pizza", "takeaway", "restaurant"], "sources": ["osm", "overture"], "website": "https://locations.modpizza.com/usa/wa/seattle/1302-6th-ave?utm_source=facebook&utm_medium=yext", "phone": "+12063320200", "address": "1302 6th Ave", "hours": "Mo-We 10:30-22:00; Th-Sa 10:30-23:00; Su 10:30-22:00", "stations": [{"stopCode": 51, "lines": "1,2", "name": "Symphony Station", "walkingMeters": 338, "walkingSeconds": 243, "band": 5}, {"stopCode": 50, "lines": "1,2", "name": "Westlake Station", "walkingMeters": 476, "walkingSeconds": 342, "band": 10}, {"stopCode": 52, "lines": "1,2", "name": "Pioneer Square Station", "walkingMeters": 999, "walkingSeconds": 720, "band": 15}]}, "geometry": {"type": "Point", "coordinates": [-122.3326687, 47.6094914]}}, {"type": "Feature", "properties": {"id": 2397493449, "name": "Plantiful Superfoods", "category": "fast_food", "tags": ["fast-food", "acai", "burger", "takeaway"], "sources": ["osm"], "website": "https://plantiful.us", "address": "1405 1st Avenue", "stations": [{"stopCode": 51, "lines": "1,2", "name": "Symphony Station", "walkingMeters": 354, "walkingSeconds": 254, "band": 5}, {"stopCode": 50, "lines": "1,2", "name": "Westlake Station", "walkingMeters": 579, "walkingSeconds": 418, "band": 10}, {"stopCode": 52, "lines": "1,2", "name": "Pioneer Square Station", "walkingMeters": 1047, "walkingSeconds": 753, "band": 15}]}, "geometry": {"type": "Point", "coordinates": [-122.3395147, 47.6080013]}}, {"type": "Feature", "properties": {"id": 2397493412, "name": "Musubi Kai", "category": "restaurant", "tags": ["restaurant"], "sources": ["osm"], "address": "108 Union Street", "hours": "Mo-Su 09:00-20:00", "stations": [{"stopCode": 51, "lines": "1,2", "name": "Symphony Station", "walkingMeters": 292, "walkingSeconds": 210, "band": 5}, {"stopCode": 50, "lines": "1,2", "name": "Westlake Station", "walkingMeters": 561, "walkingSeconds": 404, "band": 10}, {"stopCode": 52, "lines": "1,2", "name": "Pioneer Square Station", "walkingMeters": 985, "walkingSeconds": 709, "band": 15}]}, "geometry": {"type": "Point", "coordinates": [-122.3388758, 47.6080742]}}, {"type": "Feature", "properties": {"id": 2397493415, "name": "Luke's Lobster", "category": "restaurant", "tags": ["restaurant", "seafood", "american"], "sources": ["osm", "overture"], "website": "https://lukeslobster.com/pages/pike-place", "phone": "+12067927777", "address": "110 Pike St", "stations": [{"stopCode": 51, "lines": "1,2", "name": "Symphony Station", "walkingMeters": 410, "walkingSeconds": 295, "band": 5}, {"stopCode": 50, "lines": "1,2", "name": "Westlake Station", "walkingMeters": 436, "walkingSeconds": 313, "band": 5}, {"stopCode": 52, "lines": "1,2", "name": "Pioneer Square Station", "walkingMeters": 1104, "walkingSeconds": 794, "band": 15}]}, "geometry": {"type": "Point", "coordinates": [-122.3396838, 47.6091294]}}, {"type": "Feature", "properties": {"id": 2397493440, "name": "Japonessa", "category": "restaurant", "tags": ["restaurant", "japanese", "sushi", "outdoor-seating", "has-bar"], "sources": ["osm"], "website": "http://japonessa.com/", "phone": "+1-206-971-7979", "address": "1400 1st Avenue", "hours": "Su-Th 12:00-22:00; Fr-Sa 12:00-23:00", "stations": [{"stopCode": 51, "lines": "1,2", "name": "Symphony Station", "walkingMeters": 320, "walkingSeconds": 230, "band": 5}, {"stopCode": 50, "lines": "1,2", "name": "Westlake Station", "walkingMeters": 574, "walkingSeconds": 415, "band": 10}, {"stopCode": 52, "lines": "1,2", "name": "Pioneer Square Station", "walkingMeters": 1013, "walkingSeconds": 729, "band": 15}]}, "geometry": {"type": "Point", "coordinates": [-122.339037, 47.6080515]}}, {"type": "Feature", "properties": {"id": 2397493487, "name": "The Blarney Stone Pub", "category": "pub", "tags": ["pub"], "sources": ["osm"], "address": "1416 1st Avenue", "stations": [{"stopCode": 51, "lines": "1,2", "name": "Symphony Station", "walkingMeters": 359, "walkingSeconds": 258, "band": 5}, {"stopCode": 50, "lines": "1,2", "name": "Westlake Station", "walkingMeters": 535, "walkingSeconds": 386, "band": 10}, {"stopCode": 52, "lines": "1,2", "name": "Pioneer Square Station", "walkingMeters": 1052, "walkingSeconds": 757, "band": 15}]}, "geometry": {"type": "Point", "coordinates": [-122.3393223, 47.6083465]}}, {"type": "Feature", "properties": {"id": 2397493543, "name": "Bottega Italiana", "category": "restaurant", "tags": ["restaurant", "italian", "outdoor-seating", "indoor-seating"], "sources": ["osm"], "phone": "+1-206-343-0200", "address": "1425 1st Avenue", "stations": [{"stopCode": 51, "lines": "1,2", "name": "Symphony Station", "walkingMeters": 411, "walkingSeconds": 296, "band": 5}, {"stopCode": 50, "lines": "1,2", "name": "Westlake Station", "walkingMeters": 522, "walkingSeconds": 377, "band": 10}, {"stopCode": 52, "lines": "1,2", "name": "Pioneer Square Station", "walkingMeters": 1104, "walkingSeconds": 794, "band": 15}]}, "geometry": {"type": "Point", "coordinates": [-122.3398896, 47.6084507]}}, {"type": "Feature", "properties": {"id": 2397493564, "name": "La Vaca", "category": "restaurant", "tags": ["restaurant", "mexican", "fast-food"], "sources": ["osm", "overture"], "website": "http://lavaca2.placeweb.site", "phone": "+12064679262", "address": "1429 1st Ave", "hours": "Mo-Fr 11:00-17:00; Sa 11:00-17:30; Su off", "stations": [{"stopCode": 51, "lines": "1,2", "name": "Symphony Station", "walkingMeters": 425, "walkingSeconds": 306, "band": 5}, {"stopCode": 50, "lines": "1,2", "name": "Westlake Station", "walkingMeters": 508, "walkingSeconds": 367, "band": 10}, {"stopCode": 52, "lines": "1,2", "name": "Pioneer Square Station", "walkingMeters": 1118, "walkingSeconds": 804, "band": 15}]}, "geometry": {"type": "Point", "coordinates": [-122.3399912, 47.6085532]}}, {"type": "Feature", "properties": {"id": 2404244790, "name": "4th Avenue Espresso Bar", "category": "cafe", "tags": ["cafe", "coffee-shop", "indoor-seating", "wheelchair-accessible"], "sources": ["osm"], "website": "https://www.fairmontolympic.com/dine/4th-avenue-espresso-bar/", "phone": "+1-206-621-1700", "address": "1206 4th Avenue", "hours": "Mo-Fr 06:00-12:00; Sa-Su 07:00-13:00", "stations": [{"stopCode": 51, "lines": "1,2", "name": "Symphony Station", "walkingMeters": 165, "walkingSeconds": 119, "band": 5}, {"stopCode": 50, "lines": "1,2", "name": "Westlake Station", "walkingMeters": 495, "walkingSeconds": 357, "band": 10}, {"stopCode": 52, "lines": "1,2", "name": "Pioneer Square Station", "walkingMeters": 732, "walkingSeconds": 527, "band": 10}]}, "geometry": {"type": "Point", "coordinates": [-122.3342728, 47.6078793]}}, {"type": "Feature", "properties": {"id": 2404244797, "name": "The Capital Grille", "category": "restaurant", "tags": ["restaurant", "steak-house", "steakhouse", "seafood", "american"], "sources": ["osm", "overture"], "website": "https://www.thecapitalgrille.com/locations/wa/seattle/seattle/8030?cmpid=br%3Atcg_ag%3Aie_ch%3Asoc_ca%3ATCGFB_sn%3Afacebook_gt%3Aseattle-wa-8030_pl%3Alocurl_rd%3A1026", "phone": "+12063820900", "address": "1301 4th Ave", "stations": [{"stopCode": 51, "lines": "1,2", "name": "Symphony Station", "walkingMeters": 83, "walkingSeconds": 60, "band": 5}, {"stopCode": 50, "lines": "1,2", "name": "Westlake Station", "walkingMeters": 451, "walkingSeconds": 327, "band": 10}, {"stopCode": 52, "lines": "1,2", "name": "Pioneer Square Station", "walkingMeters": 773, "walkingSeconds": 556, "band": 10}]}, "geometry": {"type": "Point", "coordinates": [-122.3351896, 47.6082635]}}, {"type": "Feature", "properties": {"id": 2404244830, "name": "Gelatiamo", "category": "cafe", "tags": ["cafe", "ice-cream", "outdoor-seating", "wheelchair-accessible", "gelato"], "sources": ["osm", "overture"], "website": "http://www.gelatiamo.com/", "phone": "+12064679563", "address": "1400 3rd Ave", "stations": [{"stopCode": 51, "lines": "1,2", "name": "Symphony Station", "walkingMeters": 148, "walkingSeconds": 107, "band": 5}, {"stopCode": 50, "lines": "1,2", "name": "Westlake Station", "walkingMeters": 382, "walkingSeconds": 275, "band": 5}, {"stopCode": 52, "lines": "1,2", "name": "Pioneer Square Station", "walkingMeters": 845, "walkingSeconds": 608, "band": 15}]}, "geometry": {"type": "Point", "coordinates": [-122.336808, 47.6089474]}}, {"type": "Feature", "properties": {"id": 2404244854, "name": "Pane Pane Gourmet Sandwiches", "category": "cafe", "tags": ["cafe"], "sources": ["osm"], "website": "https://panepanesandwiches.com/", "address": "304 Union Street", "stations": [{"stopCode": 51, "lines": "1,2", "name": "Symphony Station", "walkingMeters": 155, "walkingSeconds": 112, "band": 5}, {"stopCode": 50, "lines": "1,2", "name": "Westlake Station", "walkingMeters": 376, "walkingSeconds": 270, "band": 5}, {"stopCode": 52, "lines": "1,2", "name": "Pioneer Square Station", "walkingMeters": 851, "walkingSeconds": 612, "band": 15}]}, "geometry": {"type": "Point", "coordinates": [-122.3367248, 47.6089721]}}, {"type": "Feature", "properties": {"id": 2404244862, "name": "Fogo de Ch\u00e3o", "category": "restaurant", "tags": ["restaurant", "brazilian", "steak-house"], "sources": ["osm"], "website": "https://fogodechao.com/location/seattle/", "phone": "+1-206-656-0711", "address": "400 University Street", "hours": "Mo-Th 11:30-22:00; Fr 11:30-22:30; Sa 11:30-21:30; Su 11:30-21:00", "stations": [{"stopCode": 51, "lines": "1,2", "name": "Symphony Station", "walkingMeters": 124, "walkingSeconds": 89, "band": 5}, {"stopCode": 50, "lines": "1,2", "name": "Westlake Station", "walkingMeters": 436, "walkingSeconds": 314, "band": 10}, {"stopCode": 52, "lines": "1,2", "name": "Pioneer Square Station", "walkingMeters": 808, "walkingSeconds": 581, "band": 15}]}, "geometry": {"type": "Point", "coordinates": [-122.3347567, 47.6084212]}}, {"type": "Feature", "properties": {"id": 2404244873, "name": "Blue Water Taco Grill", "category": "fast_food", "tags": ["fast-food", "mexican", "restaurant", "taco"], "sources": ["osm", "overture"], "website": "http://www.bluewatertacogrill.com", "phone": "+12065884755", "address": "515 Union St", "hours": "Mo-Fr 07:00-20:00; Sa 08:00-20:00", "stations": [{"stopCode": 50, "lines": "1,2", "name": "Westlake Station", "walkingMeters": 349, "walkingSeconds": 253, "band": 5}, {"stopCode": 51, "lines": "1,2", "name": "Symphony Station", "walkingMeters": 369, "walkingSeconds": 266, "band": 5}, {"stopCode": 52, "lines": "1,2", "name": "Pioneer Square Station", "walkingMeters": 1046, "walkingSeconds": 755, "band": 15}]}, "geometry": {"type": "Point", "coordinates": [-122.333862, 47.6098418]}}, {"type": "Feature", "properties": {"id": 3664980030, "name": "Blue Water Taco Grill", "category": "fast_food", "tags": ["fast-food", "mexican", "vegetarian", "restaurant"], "sources": ["osm", "overture"], "website": "http://www.bluewatertacogrill.com", "phone": "(206) 838-7398", "address": "1000 2nd Ave", "hours": "Mo-Fr 07:00-15:30", "stations": [{"stopCode": 51, "lines": "1,2", "name": "Symphony Station", "walkingMeters": 346, "walkingSeconds": 249, "band": 5}, {"stopCode": 52, "lines": "1,2", "name": "Pioneer Square Station", "walkingMeters": 513, "walkingSeconds": 369, "band": 10}, {"stopCode": 50, "lines": "1,2", "name": "Westlake Station", "walkingMeters": 873, "walkingSeconds": 628, "band": 10}, {"stopCode": 53, "lines": "1,2", "name": "International District Station", "walkingMeters": 1059, "walkingSeconds": 764, "band": 15}]}, "geometry": {"type": "Point", "coordinates": [-122.335086, 47.605446]}}, {"type": "Feature", "properties": {"id": 4027142315, "name": "Blue Water Taco Grill", "category": "fast_food", "tags": ["fast-food", "mexican", "restaurant", "taco"], "sources": ["osm", "overture"], "website": "http://www.bluewatertacogrill.com", "phone": "(206) 223-1777", "address": "600 University St", "hours": "Mo-Fr 07:00-15:30", "stations": [{"stopCode": 51, "lines": "1,2", "name": "Symphony Station", "walkingMeters": 348, "walkingSeconds": 251, "band": 5}, {"stopCode": 50, "lines": "1,2", "name": "Westlake Station", "walkingMeters": 465, "walkingSeconds": 334, "band": 10}, {"stopCode": 52, "lines": "1,2", "name": "Pioneer Square Station", "walkingMeters": 1009, "walkingSeconds": 728, "band": 15}]}, "geometry": {"type": "Point", "coordinates": [-122.332515, 47.6096667]}}, {"type": "Feature", "properties": {"id": 2404249284, "name": "The Diller Room", "category": "bar", "tags": ["bar", "cocktail"], "sources": ["osm", "overture"], "website": "http://www.dillerroom.com/", "phone": "+12064674042", "address": "1224 1st Ave", "hours": "Mo-Su 14:00-02:00", "stations": [{"stopCode": 51, "lines": "1,2", "name": "Symphony Station", "walkingMeters": 191, "walkingSeconds": 137, "band": 5}, {"stopCode": 50, "lines": "1,2", "name": "Westlake Station", "walkingMeters": 712, "walkingSeconds": 512, "band": 10}, {"stopCode": 52, "lines": "1,2", "name": "Pioneer Square Station", "walkingMeters": 850, "walkingSeconds": 611, "band": 10}]}, "geometry": {"type": "Point", "coordinates": [-122.3378903, 47.6068071]}}, {"type": "Feature", "properties": {"id": 2404249288, "name": "Enoteca Due Leoni", "category": "bar", "tags": ["bar"], "sources": ["osm"], "address": "1222 1st Avenue", "stations": [{"stopCode": 51, "lines": "1,2", "name": "Symphony Station", "walkingMeters": 211, "walkingSeconds": 152, "band": 5}, {"stopCode": 50, "lines": "1,2", "name": "Westlake Station", "walkingMeters": 732, "walkingSeconds": 526, "band": 10}, {"stopCode": 52, "lines": "1,2", "name": "Pioneer Square Station", "walkingMeters": 845, "walkingSeconds": 608, "band": 10}]}, "geometry": {"type": "Point", "coordinates": [-122.3378735, 47.6067741]}}, {"type": "Feature", "properties": {"id": 2404249301, "name": "Noi Thai Cuisine", "category": "restaurant", "tags": ["restaurant", "thai", "asian"], "sources": ["osm", "overture"], "website": "http://www.seattle.noithaicuisine.com/", "phone": "+12067878444", "address": "1303 1st Ave", "stations": [{"stopCode": 51, "lines": "1,2", "name": "Symphony Station", "walkingMeters": 270, "walkingSeconds": 194, "band": 5}, {"stopCode": 50, "lines": "1,2", "name": "Westlake Station", "walkingMeters": 785, "walkingSeconds": 565, "band": 10}, {"stopCode": 52, "lines": "1,2", "name": "Pioneer Square Station", "walkingMeters": 936, "walkingSeconds": 674, "band": 15}]}, "geometry": {"type": "Point", "coordinates": [-122.338986, 47.6066383]}}, {"type": "Feature", "properties": {"id": 2404249306, "name": "Mason's", "category": "restaurant", "tags": ["restaurant", "seafood"], "sources": ["osm"], "address": "1307 1st Avenue", "hours": "Mo-Su 11:00-21:00", "stations": [{"stopCode": 51, "lines": "1,2", "name": "Symphony Station", "walkingMeters": 244, "walkingSeconds": 176, "band": 5}, {"stopCode": 50, "lines": "1,2", "name": "Westlake Station", "walkingMeters": 701, "walkingSeconds": 505, "band": 10}, {"stopCode": 52, "lines": "1,2", "name": "Pioneer Square Station", "walkingMeters": 922, "walkingSeconds": 663, "band": 15}]}, "geometry": {"type": "Point", "coordinates": [-122.3386482, 47.6070516]}}, {"type": "Feature", "properties": {"id": 2404249328, "name": "Wild Ginger - Seattle", "category": "restaurant", "tags": ["restaurant", "asian"], "sources": ["osm"], "website": "https://www.wildginger.net/our-locations/Seattle-(1).aspx", "phone": "+1-206-623-4450", "address": "1401 3rd Avenue", "stations": [{"stopCode": 51, "lines": "1,2", "name": "Symphony Station", "walkingMeters": 152, "walkingSeconds": 110, "band": 5}, {"stopCode": 50, "lines": "1,2", "name": "Westlake Station", "walkingMeters": 416, "walkingSeconds": 299, "band": 5}, {"stopCode": 52, "lines": "1,2", "name": "Pioneer Square Station", "walkingMeters": 849, "walkingSeconds": 611, "band": 15}]}, "geometry": {"type": "Point", "coordinates": [-122.3371955, 47.6087816]}}, {"type": "Feature", "properties": {"id": 2404249341, "name": "Hot As Pho!", "category": "restaurant", "tags": ["restaurant", "vietnamese", "soup"], "sources": ["osm", "overture"], "website": "https://hotaspho.business.site/", "phone": "+12064197287", "address": "1414 2nd Ave", "stations": [{"stopCode": 51, "lines": "1,2", "name": "Symphony Station", "walkingMeters": 262, "walkingSeconds": 188, "band": 5}, {"stopCode": 50, "lines": "1,2", "name": "Westlake Station", "walkingMeters": 438, "walkingSeconds": 316, "band": 5}, {"stopCode": 52, "lines": "1,2", "name": "Pioneer Square Station", "walkingMeters": 956, "walkingSeconds": 688, "band": 15}]}, "geometry": {"type": "Point", "coordinates": [-122.3381541, 47.6088245]}}, {"type": "Feature", "properties": {"id": 2404249352, "name": "Spice King", "category": "restaurant", "tags": ["restaurant", "indian"], "sources": ["osm"], "website": "https://www.spicekingseattle.com/", "phone": "+1-206-623-3525", "address": "213 Pike Street", "stations": [{"stopCode": 51, "lines": "1,2", "name": "Symphony Station", "walkingMeters": 287, "walkingSeconds": 207, "band": 5}, {"stopCode": 50, "lines": "1,2", "name": "Westlake Station", "walkingMeters": 341, "walkingSeconds": 245, "band": 5}, {"stopCode": 52, "lines": "1,2", "name": "Pioneer Square Station", "walkingMeters": 984, "walkingSeconds": 708, "band": 15}]}, "geometry": {"type": "Point", "coordinates": [-122.3381675, 47.6094359]}}, {"type": "Feature", "properties": {"id": 2404255444, "name": "1928 Tap and Grill", "category": "restaurant", "tags": ["restaurant", "bar", "sports", "bar-and-grill"], "sources": ["osm", "overture"], "website": "https://www.1928tapandgrill.com/", "phone": "+14255505086", "address": "1102 4th Ave", "stations": [{"stopCode": 51, "lines": "1,2", "name": "Symphony Station", "walkingMeters": 271, "walkingSeconds": 195, "band": 5}, {"stopCode": 50, "lines": "1,2", "name": "Westlake Station", "walkingMeters": 601, "walkingSeconds": 433, "band": 10}, {"stopCode": 52, "lines": "1,2", "name": "Pioneer Square Station", "walkingMeters": 626, "walkingSeconds": 450, "band": 10}, {"stopCode": 53, "lines": "1,2", "name": "International District Station", "walkingMeters": 1169, "walkingSeconds": 841, "band": 15}]}, "geometry": {"type": "Point", "coordinates": [-122.3335699, 47.6070851]}}, {"type": "Feature", "properties": {"id": 2404269510, "name": "Rosebay", "category": "bar", "tags": ["bar"], "sources": ["osm"], "address": "1000 1st Avenue", "stations": [{"stopCode": 51, "lines": "1,2", "name": "Symphony Station", "walkingMeters": 454, "walkingSeconds": 326, "band": 5}, {"stopCode": 52, "lines": "1,2", "name": "Pioneer Square Station", "walkingMeters": 596, "walkingSeconds": 429, "band": 10}, {"stopCode": 50, "lines": "1,2", "name": "Westlake Station", "walkingMeters": 977, "walkingSeconds": 703, "band": 15}, {"stopCode": 53, "lines": "1,2", "name": "International District Station", "walkingMeters": 1091, "walkingSeconds": 790, "band": 15}]}, "geometry": {"type": "Point", "coordinates": [-122.3361579, 47.6048942]}}, {"type": "Feature", "properties": {"id": 2404269771, "name": "Skalka", "category": "restaurant", "tags": ["restaurant", "georgian", "eastern-european"], "sources": ["osm", "overture"], "website": "https://www.skalkaseattle.com/", "phone": "+12064088169", "address": "77 Spring St", "hours": "Mo-Su 09:00-19:00", "stations": [{"stopCode": 51, "lines": "1,2", "name": "Symphony Station", "walkingMeters": 465, "walkingSeconds": 334, "band": 5}, {"stopCode": 52, "lines": "1,2", "name": "Pioneer Square Station", "walkingMeters": 757, "walkingSeconds": 545, "band": 10}, {"stopCode": 50, "lines": "1,2", "name": "Westlake Station", "walkingMeters": 988, "walkingSeconds": 711, "band": 15}, {"stopCode": 53, "lines": "1,2", "name": "International District Station", "walkingMeters": 1246, "walkingSeconds": 902, "band": 15}]}, "geometry": {"type": "Point", "coordinates": [-122.337683, 47.604934]}}, {"type": "Feature", "properties": {"id": 2404316401, "name": "Caffe D'arte", "category": "cafe", "tags": ["cafe"], "sources": ["osm"], "address": "808 3rd Avenue", "stations": [{"stopCode": 52, "lines": "1,2", "name": "Pioneer Square Station", "walkingMeters": 258, "walkingSeconds": 186, "band": 5}, {"stopCode": 51, "lines": "1,2", "name": "Symphony Station", "walkingMeters": 455, "walkingSeconds": 327, "band": 10}, {"stopCode": 53, "lines": "1,2", "name": "International District Station", "walkingMeters": 892, "walkingSeconds": 643, "band": 15}, {"stopCode": 50, "lines": "1,2", "name": "Westlake Station", "walkingMeters": 968, "walkingSeconds": 697, "band": 15}]}, "geometry": {"type": "Point", "coordinates": [-122.3327412, 47.6045162]}}, {"type": "Feature", "properties": {"id": 4956142069, "name": "Caff\u00e9 D'Arte", "category": "cafe", "tags": ["cafe", "coffee-shop", "wifi", "coffee"], "sources": ["osm", "overture"], "website": "http://www.caffedarte.com", "phone": "+12064329068", "address": "99 Yesler Wy", "stations": [{"stopCode": 52, "lines": "1,2", "name": "Pioneer Square Station", "walkingMeters": 301, "walkingSeconds": 216, "band": 5}, {"stopCode": 53, "lines": "1,2", "name": "International District Station", "walkingMeters": 754, "walkingSeconds": 548, "band": 10}, {"stopCode": 51, "lines": "1,2", "name": "Symphony Station", "walkingMeters": 867, "walkingSeconds": 624, "band": 10}]}, "geometry": {"type": "Point", "coordinates": [-122.3344095, 47.6016211]}}, {"type": "Feature", "properties": {"id": 2404316436, "name": "Metropolitan Grill", "category": "restaurant", "tags": ["restaurant", "steakhouse", "american"], "sources": ["osm", "overture"], "website": "http://themetropolitangrill.com", "phone": "+12066243287", "address": "820 2nd Ave", "stations": [{"stopCode": 52, "lines": "1,2", "name": "Pioneer Square Station", "walkingMeters": 382, "walkingSeconds": 275, "band": 5}, {"stopCode": 51, "lines": "1,2", "name": "Symphony Station", "walkingMeters": 468, "walkingSeconds": 337, "band": 5}, {"stopCode": 53, "lines": "1,2", "name": "International District Station", "walkingMeters": 938, "walkingSeconds": 676, "band": 15}, {"stopCode": 50, "lines": "1,2", "name": "Westlake Station", "walkingMeters": 997, "walkingSeconds": 717, "band": 15}]}, "geometry": {"type": "Point", "coordinates": [-122.3341892, 47.6044256]}}, {"type": "Feature", "properties": {"id": 2404316452, "name": "Ferry Noodle House", "category": "restaurant", "tags": ["restaurant", "thai", "asian", "noodles"], "sources": ["osm", "overture"], "website": "http://ferrynoodlehousethai.com/", "phone": "+12062629965", "address": "93 Marion St", "stations": [{"stopCode": 52, "lines": "1,2", "name": "Pioneer Square Station", "walkingMeters": 526, "walkingSeconds": 378, "band": 10}, {"stopCode": 51, "lines": "1,2", "name": "Symphony Station", "walkingMeters": 605, "walkingSeconds": 436, "band": 10}, {"stopCode": 53, "lines": "1,2", "name": "International District Station", "walkingMeters": 1011, "walkingSeconds": 733, "band": 15}, {"stopCode": 50, "lines": "1,2", "name": "Westlake Station", "walkingMeters": 1131, "walkingSeconds": 814, "band": 15}]}, "geometry": {"type": "Point", "coordinates": [-122.3358755, 47.6037242]}}, {"type": "Feature", "properties": {"id": 2441069288, "name": "Ivar's Acres of Clams", "category": "restaurant", "tags": ["restaurant", "seafood", "wheelchair-accessible", "american"], "sources": ["osm", "overture"], "website": "http://www.ivars.com/index.php?page=locations_acres-of-clams", "phone": "+12066246852", "address": "1001 Alaskan Wy Ste. 102", "hours": "Mo-Su 10:00-21:00", "stations": [{"stopCode": 51, "lines": "1,2", "name": "Symphony Station", "walkingMeters": 640, "walkingSeconds": 460, "band": 10}, {"stopCode": 52, "lines": "1,2", "name": "Pioneer Square Station", "walkingMeters": 775, "walkingSeconds": 557, "band": 10}, {"stopCode": 50, "lines": "1,2", "name": "Westlake Station", "walkingMeters": 1160, "walkingSeconds": 835, "band": 15}]}, "geometry": {"type": "Point", "coordinates": [-122.339058, 47.6039951]}}, {"type": "Feature", "properties": {"id": 2817474757, "name": "Veggie Grill", "category": "fast_food", "tags": ["fast-food", "american", "takeaway", "wheelchair-accessible", "vegetarian", "vegan", "restaurant", "health-food"], "sources": ["osm", "overture"], "website": "https://www.veggiegrill.com/", "phone": "+12069341144", "address": "1427 4th Ave", "hours": "Mo-Fr 10:30-21:00; Sa 11:00-21:00; Su 11:00-21:00", "stations": [{"stopCode": 50, "lines": "1,2", "name": "Westlake Station", "walkingMeters": 226, "walkingSeconds": 165, "band": 5}, {"stopCode": 51, "lines": "1,2", "name": "Symphony Station", "walkingMeters": 304, "walkingSeconds": 219, "band": 5}, {"stopCode": 52, "lines": "1,2", "name": "Pioneer Square Station", "walkingMeters": 997, "walkingSeconds": 718, "band": 15}]}, "geometry": {"type": "Point", "coordinates": [-122.336618, 47.6098695]}}, {"type": "Feature", "properties": {"id": 12023904436, "name": "Premier Meat Pies", "category": "restaurant", "tags": ["restaurant", "outdoor-seating", "indoor-seating"], "sources": ["osm"], "stations": [{"stopCode": 51, "lines": "1,2", "name": "Symphony Station", "walkingMeters": 588, "walkingSeconds": 423, "band": 10}, {"stopCode": 52, "lines": "1,2", "name": "Pioneer Square Station", "walkingMeters": 840, "walkingSeconds": 604, "band": 10}, {"stopCode": 50, "lines": "1,2", "name": "Westlake Station", "walkingMeters": 1108, "walkingSeconds": 797, "band": 15}]}, "geometry": {"type": "Point", "coordinates": [-122.3396275, 47.604286]}}, {"type": "Feature", "properties": {"id": 2713470171, "name": "Freya Bakery & Cafe", "category": "cafe", "tags": ["cafe", "bakery"], "sources": ["osm", "overture"], "website": "https://www.freyabakery.com", "address": "1400 5th Ave", "stations": [{"stopCode": 50, "lines": "1,2", "name": "Westlake Station", "walkingMeters": 283, "walkingSeconds": 206, "band": 5}, {"stopCode": 51, "lines": "1,2", "name": "Symphony Station", "walkingMeters": 339, "walkingSeconds": 244, "band": 5}, {"stopCode": 52, "lines": "1,2", "name": "Pioneer Square Station", "walkingMeters": 1016, "walkingSeconds": 735, "band": 15}]}, "geometry": {"type": "Point", "coordinates": [-122.3345896, 47.6099052]}}, {"type": "Feature", "properties": {"id": 2744017270, "name": "The Frankfurter", "category": "fast_food", "tags": ["fast-food", "hot-dog", "outdoor-seating", "restaurant", "hot", "dog"], "sources": ["osm", "overture"], "website": "http://thefrankfurter.com/", "phone": "(206) 622-1748", "address": "1023 Alaskan Way Pier 54", "stations": [{"stopCode": 51, "lines": "1,2", "name": "Symphony Station", "walkingMeters": 581, "walkingSeconds": 420, "band": 10}, {"stopCode": 52, "lines": "1,2", "name": "Pioneer Square Station", "walkingMeters": 842, "walkingSeconds": 605, "band": 10}, {"stopCode": 50, "lines": "1,2", "name": "Westlake Station", "walkingMeters": 1098, "walkingSeconds": 790, "band": 15}]}, "geometry": {"type": "Point", "coordinates": [-122.3393927, 47.6045614]}}, {"type": "Feature", "properties": {"id": 2744017412, "name": "Ivar's Fish Bar", "category": "cafe", "tags": ["cafe", "seafood", "wheelchair-accessible"], "sources": ["osm"], "website": "https://www.ivars.com/locations/seafood-bars", "phone": "+1-206-467-8063", "hours": "We-Su 12:00-20:00", "stations": [{"stopCode": 51, "lines": "1,2", "name": "Symphony Station", "walkingMeters": 650, "walkingSeconds": 468, "band": 10}, {"stopCode": 52, "lines": "1,2", "name": "Pioneer Square Station", "walkingMeters": 765, "walkingSeconds": 550, "band": 10}, {"stopCode": 50, "lines": "1,2", "name": "Westlake Station", "walkingMeters": 1170, "walkingSeconds": 842, "band": 15}, {"stopCode": 53, "lines": "1,2", "name": "International District Station", "walkingMeters": 1230, "walkingSeconds": 894, "band": 15}]}, "geometry": {"type": "Point", "coordinates": [-122.338895, 47.6039565]}}, {"type": "Feature", "properties": {"id": 2878896031, "name": "Storyville Coffee", "category": "cafe", "tags": ["cafe", "coffee-shop", "coffee"], "sources": ["osm", "overture"], "website": "http://Storyville.com/", "phone": "+12067805777", "address": "1001 1st Ave", "hours": "Mo-Fr 06:00-17:00; Sa-Su 07:00-17:00", "stations": [{"stopCode": 51, "lines": "1,2", "name": "Symphony Station", "walkingMeters": 468, "walkingSeconds": 336, "band": 5}, {"stopCode": 52, "lines": "1,2", "name": "Pioneer Square Station", "walkingMeters": 620, "walkingSeconds": 448, "band": 10}, {"stopCode": 50, "lines": "1,2", "name": "Westlake Station", "walkingMeters": 991, "walkingSeconds": 713, "band": 15}, {"stopCode": 53, "lines": "1,2", "name": "International District Station", "walkingMeters": 1109, "walkingSeconds": 804, "band": 15}]}, "geometry": {"type": "Point", "coordinates": [-122.3365398, 47.6047433]}}, {"type": "Feature", "properties": {"id": 2878896032, "name": "The Bookstore Bar & Cafe", "category": "bar", "tags": ["bar"], "sources": ["osm"], "address": "1007 1st Avenue", "stations": [{"stopCode": 51, "lines": "1,2", "name": "Symphony Station", "walkingMeters": 445, "walkingSeconds": 320, "band": 5}, {"stopCode": 52, "lines": "1,2", "name": "Pioneer Square Station", "walkingMeters": 642, "walkingSeconds": 464, "band": 10}, {"stopCode": 50, "lines": "1,2", "name": "Westlake Station", "walkingMeters": 969, "walkingSeconds": 697, "band": 15}, {"stopCode": 53, "lines": "1,2", "name": "International District Station", "walkingMeters": 1132, "walkingSeconds": 820, "band": 15}]}, "geometry": {"type": "Point", "coordinates": [-122.3366919, 47.6049139]}}, {"type": "Feature", "properties": {"id": "94d3e029-6ef3-4608-ad5c-753f20add65e", "name": "Quiznos", "category": "restaurant", "tags": ["restaurant"], "sources": ["overture"], "website": "restaurants.quiznos.com", "phone": "+12063828840", "address": "821 1st Ave", "stations": [{"stopCode": 52, "lines": "1,2", "name": "Pioneer Square Station", "walkingMeters": 490, "walkingSeconds": 352, "band": 10}, {"stopCode": 51, "lines": "1,2", "name": "Symphony Station", "walkingMeters": 597, "walkingSeconds": 430, "band": 10}, {"stopCode": 53, "lines": "1,2", "name": "International District Station", "walkingMeters": 975, "walkingSeconds": 707, "band": 15}, {"stopCode": 50, "lines": "1,2", "name": "Westlake Station", "walkingMeters": 1123, "walkingSeconds": 808, "band": 15}]}, "geometry": {"type": "Point", "coordinates": [-122.3356323, 47.6036797]}}, {"type": "Feature", "properties": {"id": 3006177446, "name": "Piroshki on 3rd", "category": "cafe", "tags": ["cafe"], "sources": ["osm"], "address": "710 3rd Avenue", "stations": [{"stopCode": 52, "lines": "1,2", "name": "Pioneer Square Station", "walkingMeters": 181, "walkingSeconds": 130, "band": 5}, {"stopCode": 51, "lines": "1,2", "name": "Symphony Station", "walkingMeters": 532, "walkingSeconds": 383, "band": 10}, {"stopCode": 53, "lines": "1,2", "name": "International District Station", "walkingMeters": 815, "walkingSeconds": 587, "band": 15}, {"stopCode": 50, "lines": "1,2", "name": "Westlake Station", "walkingMeters": 1046, "walkingSeconds": 753, "band": 15}]}, "geometry": {"type": "Point", "coordinates": [-122.3321847, 47.6039453]}}, {"type": "Feature", "properties": {"id": 3006177448, "name": "Pegasus Coffee", "category": "cafe", "tags": ["cafe", "coffee-shop"], "sources": ["osm"], "address": "711 3rd Avenue", "hours": "Mo-Fr 06:30-14:00; Sa,Su off", "stations": [{"stopCode": 52, "lines": "1,2", "name": "Pioneer Square Station", "walkingMeters": 175, "walkingSeconds": 126, "band": 5}, {"stopCode": 51, "lines": "1,2", "name": "Symphony Station", "walkingMeters": 540, "walkingSeconds": 389, "band": 10}, {"stopCode": 53, "lines": "1,2", "name": "International District Station", "walkingMeters": 813, "walkingSeconds": 587, "band": 10}, {"stopCode": 50, "lines": "1,2", "name": "Westlake Station", "walkingMeters": 1068, "walkingSeconds": 769, "band": 15}]}, "geometry": {"type": "Point", "coordinates": [-122.3325604, 47.6037311]}}, {"type": "Feature", "properties": {"id": 12974648201, "name": "Dough Zone", "category": "restaurant", "tags": ["restaurant", "chinese", "dumplings"], "sources": ["osm", "overture"], "website": "https://www.doughzonedumplinghouse.com", "address": "83 University St", "hours": "Su-Th 11:00-21:00; Fr-Sa 11:00-22:00", "stations": [{"stopCode": 51, "lines": "1,2", "name": "Symphony Station", "walkingMeters": 291, "walkingSeconds": 209, "band": 5}, {"stopCode": 50, "lines": "1,2", "name": "Westlake Station", "walkingMeters": 806, "walkingSeconds": 580, "band": 10}, {"stopCode": 52, "lines": "1,2", "name": "Pioneer Square Station", "walkingMeters": 940, "walkingSeconds": 676, "band": 15}]}, "geometry": {"type": "Point", "coordinates": [-122.3389814, 47.6063715]}}, {"type": "Feature", "properties": {"id": 3344218607, "name": "Font\u00e9 Coffee", "category": "cafe", "tags": ["cafe", "outdoor-seating", "indoor-seating", "wheelchair-accessible", "european"], "sources": ["osm", "overture"], "website": "http://www.cafefonte.com/", "phone": "+12067776193", "address": "1321 1st Ave", "hours": "Mo-Su 06:00-18:00", "stations": [{"stopCode": 51, "lines": "1,2", "name": "Symphony Station", "walkingMeters": 296, "walkingSeconds": 213, "band": 5}, {"stopCode": 50, "lines": "1,2", "name": "Westlake Station", "walkingMeters": 650, "walkingSeconds": 467, "band": 10}, {"stopCode": 52, "lines": "1,2", "name": "Pioneer Square Station", "walkingMeters": 974, "walkingSeconds": 701, "band": 15}]}, "geometry": {"type": "Point", "coordinates": [-122.3390223, 47.6074407]}}, {"type": "Feature", "properties": {"id": 3435946993, "name": "Howdy Y'all Coffee", "category": "cafe", "tags": ["cafe", "coffee-shop", "coffee"], "sources": ["osm", "overture"], "website": "https://www.howdyyallcoffee.com", "address": "1000 4th Ave", "hours": "Mo-Sa 10:00-16:00", "stations": [{"stopCode": 51, "lines": "1,2", "name": "Symphony Station", "walkingMeters": 441, "walkingSeconds": 318, "band": 10}, {"stopCode": 52, "lines": "1,2", "name": "Pioneer Square Station", "walkingMeters": 572, "walkingSeconds": 411, "band": 10}, {"stopCode": 50, "lines": "1,2", "name": "Westlake Station", "walkingMeters": 714, "walkingSeconds": 514, "band": 10}, {"stopCode": 53, "lines": "1,2", "name": "International District Station", "walkingMeters": 1062, "walkingSeconds": 764, "band": 15}]}, "geometry": {"type": "Point", "coordinates": [-122.3322194, 47.6065451]}}, {"type": "Feature", "properties": {"id": 3475601295, "name": "Juno", "category": "restaurant", "tags": ["restaurant", "american"], "sources": ["osm", "overture"], "website": "https://juno.us/li", "address": "700 3rd Ave", "stations": [{"stopCode": 52, "lines": "1,2", "name": "Pioneer Square Station", "walkingMeters": 146, "walkingSeconds": 105, "band": 5}, {"stopCode": 51, "lines": "1,2", "name": "Symphony Station", "walkingMeters": 568, "walkingSeconds": 409, "band": 10}, {"stopCode": 53, "lines": "1,2", "name": "International District Station", "walkingMeters": 780, "walkingSeconds": 561, "band": 10}, {"stopCode": 50, "lines": "1,2", "name": "Westlake Station", "walkingMeters": 1081, "walkingSeconds": 778, "band": 15}]}, "geometry": {"type": "Point", "coordinates": [-122.3319932, 47.6036544]}}, {"type": "Feature", "properties": {"id": 3475602093, "name": "Good Bar", "category": "bar", "tags": ["bar", "wheelchair-accessible", "has-bar", "wifi"], "sources": ["osm", "overture"], "website": "http://goodbarseattle.com/", "phone": "+12064226393", "address": "240 2nd Ave S", "stations": [{"stopCode": 52, "lines": "1,2", "name": "Pioneer Square Station", "walkingMeters": 362, "walkingSeconds": 265, "band": 5}, {"stopCode": 53, "lines": "1,2", "name": "International District Station", "walkingMeters": 422, "walkingSeconds": 306, "band": 5}, {"stopCode": 51, "lines": "1,2", "name": "Symphony Station", "walkingMeters": 1047, "walkingSeconds": 755, "band": 15}, {"stopCode": 54, "lines": "1", "name": "Stadium Station", "walkingMeters": 1238, "walkingSeconds": 897, "band": 15}]}, "geometry": {"type": "Point", "coordinates": [-122.3313409, 47.6001618]}}, {"type": "Feature", "properties": {"id": 3559868711, "name": "Davids & Co", "category": "cafe", "tags": ["cafe", "wheelchair-accessible", "restaurant", "american"], "sources": ["osm", "overture"], "website": "dsquaredcompany.com", "phone": "12062154797", "address": "200 University St", "stations": [{"stopCode": 51, "lines": "1,2", "name": "Symphony Station", "walkingMeters": 67, "walkingSeconds": 48, "band": 5}, {"stopCode": 50, "lines": "1,2", "name": "Westlake Station", "walkingMeters": 481, "walkingSeconds": 346, "band": 10}, {"stopCode": 52, "lines": "1,2", "name": "Pioneer Square Station", "walkingMeters": 764, "walkingSeconds": 550, "band": 10}]}, "geometry": {"type": "Point", "coordinates": [-122.336662, 47.6081521]}}, {"type": "Feature", "properties": {"id": 3559868715, "name": "Redtrees", "category": "restaurant", "tags": ["restaurant", "american"], "sources": ["osm"], "website": "https://www3.hilton.com/en/hotels/washington/hilton-seattle-SEASHHF/dining/", "stations": [{"stopCode": 51, "lines": "1,2", "name": "Symphony Station", "walkingMeters": 289, "walkingSeconds": 208, "band": 5}, {"stopCode": 50, "lines": "1,2", "name": "Westlake Station", "walkingMeters": 484, "walkingSeconds": 350, "band": 10}, {"stopCode": 52, "lines": "1,2", "name": "Pioneer Square Station", "walkingMeters": 957, "walkingSeconds": 690, "band": 15}]}, "geometry": {"type": "Point", "coordinates": [-122.3329473, 47.6091945]}}, {"type": "Feature", "properties": {"id": 3559868716, "name": "Honor Coffee & Tea", "category": "cafe", "tags": ["cafe", "coffee-shop", "wheelchair-accessible"], "sources": ["osm"], "stations": [{"stopCode": 51, "lines": "1,2", "name": "Symphony Station", "walkingMeters": 56, "walkingSeconds": 40, "band": 5}, {"stopCode": 50, "lines": "1,2", "name": "Westlake Station", "walkingMeters": 493, "walkingSeconds": 355, "band": 10}, {"stopCode": 52, "lines": "1,2", "name": "Pioneer Square Station", "walkingMeters": 752, "walkingSeconds": 541, "band": 10}]}, "geometry": {"type": "Point", "coordinates": [-122.3365768, 47.6080632]}}, {"type": "Feature", "properties": {"id": 5750021210, "name": "Sushi Kudasai", "category": "fast_food", "tags": ["fast-food", "sushi", "restaurant"], "sources": ["osm", "overture"], "website": "https://www.sushikudasai.com", "phone": "12066238080", "address": "925 4th Ave  Ste 430", "stations": [{"stopCode": 51, "lines": "1,2", "name": "Symphony Station", "walkingMeters": 335, "walkingSeconds": 241, "band": 5}, {"stopCode": 52, "lines": "1,2", "name": "Pioneer Square Station", "walkingMeters": 436, "walkingSeconds": 314, "band": 10}, {"stopCode": 50, "lines": "1,2", "name": "Westlake Station", "walkingMeters": 791, "walkingSeconds": 572, "band": 10}, {"stopCode": 53, "lines": "1,2", "name": "International District Station", "walkingMeters": 1070, "walkingSeconds": 770, "band": 15}]}, "geometry": {"type": "Point", "coordinates": [-122.3334334, 47.6056624]}}, {"type": "Feature", "properties": {"id": 3655991527, "name": "Market Fresh", "category": "cafe", "tags": ["cafe"], "sources": ["osm"], "hours": "Mo-Fr 07:00-22:00,10:30-14:00", "stations": [{"stopCode": 51, "lines": "1,2", "name": "Symphony Station", "walkingMeters": 333, "walkingSeconds": 240, "band": 5}, {"stopCode": 52, "lines": "1,2", "name": "Pioneer Square Station", "walkingMeters": 393, "walkingSeconds": 283, "band": 5}, {"stopCode": 50, "lines": "1,2", "name": "Westlake Station", "walkingMeters": 847, "walkingSeconds": 609, "band": 10}, {"stopCode": 53, "lines": "1,2", "name": "International District Station", "walkingMeters": 1027, "walkingSeconds": 740, "band": 15}]}, "geometry": {"type": "Point", "coordinates": [-122.3336405, 47.605556]}}, {"type": "Feature", "properties": {"id": 3655950930, "name": "Mel's Market", "category": "fast_food", "tags": ["fast-food", "sandwich", "restaurant", "breakfast-and-brunch", "breakfast", "brunch"], "sources": ["osm", "overture"], "website": "http://melspickup.com/", "phone": "2066236771", "address": "1001 4th Ave", "stations": [{"stopCode": 51, "lines": "1,2", "name": "Symphony Station", "walkingMeters": 279, "walkingSeconds": 201, "band": 5}, {"stopCode": 52, "lines": "1,2", "name": "Pioneer Square Station", "walkingMeters": 434, "walkingSeconds": 312, "band": 10}, {"stopCode": 50, "lines": "1,2", "name": "Westlake Station", "walkingMeters": 793, "walkingSeconds": 570, "band": 10}, {"stopCode": 53, "lines": "1,2", "name": "International District Station", "walkingMeters": 1068, "walkingSeconds": 769, "band": 15}]}, "geometry": {"type": "Point", "coordinates": [-122.3339583, 47.6058454]}}, {"type": "Feature", "properties": {"id": 3655966829, "name": "Joy Bento", "category": "fast_food", "tags": ["fast-food", "asian", "korean", "japanese", "bento", "restaurant", "sushi"], "sources": ["osm", "overture"], "website": "http://www.joybento.com", "phone": "+12062620381", "address": "214 Madison St", "stations": [{"stopCode": 51, "lines": "1,2", "name": "Symphony Station", "walkingMeters": 313, "walkingSeconds": 225, "band": 5}, {"stopCode": 52, "lines": "1,2", "name": "Pioneer Square Station", "walkingMeters": 455, "walkingSeconds": 328, "band": 10}, {"stopCode": 50, "lines": "1,2", "name": "Westlake Station", "walkingMeters": 842, "walkingSeconds": 606, "band": 10}, {"stopCode": 53, "lines": "1,2", "name": "International District Station", "walkingMeters": 1091, "walkingSeconds": 787, "band": 15}]}, "geometry": {"type": "Point", "coordinates": [-122.334563, 47.6055642]}}, {"type": "Feature", "properties": {"id": 3655967026, "name": "Outlier", "category": "restaurant", "tags": ["restaurant", "regional", "international"], "sources": ["osm", "overture"], "website": "https://outlierseattle.com/", "phone": "2066247755", "address": "1101 4th Ave", "stations": [{"stopCode": 51, "lines": "1,2", "name": "Symphony Station", "walkingMeters": 260, "walkingSeconds": 188, "band": 5}, {"stopCode": 52, "lines": "1,2", "name": "Pioneer Square Station", "walkingMeters": 586, "walkingSeconds": 422, "band": 10}, {"stopCode": 50, "lines": "1,2", "name": "Westlake Station", "walkingMeters": 642, "walkingSeconds": 464, "band": 10}, {"stopCode": 53, "lines": "1,2", "name": "International District Station", "walkingMeters": 1160, "walkingSeconds": 835, "band": 15}]}, "geometry": {"type": "Point", "coordinates": [-122.3339089, 47.6068323]}}, {"type": "Feature", "properties": {"id": 3655990725, "name": "Phoenix Cafe", "category": "cafe", "tags": ["cafe", "coffee-shop"], "sources": ["osm"], "address": "1019 3rd Avenue", "stations": [{"stopCode": 51, "lines": "1,2", "name": "Symphony Station", "walkingMeters": 238, "walkingSeconds": 171, "band": 5}, {"stopCode": 52, "lines": "1,2", "name": "Pioneer Square Station", "walkingMeters": 475, "walkingSeconds": 342, "band": 10}, {"stopCode": 50, "lines": "1,2", "name": "Westlake Station", "walkingMeters": 766, "walkingSeconds": 551, "band": 10}, {"stopCode": 53, "lines": "1,2", "name": "International District Station", "walkingMeters": 1114, "walkingSeconds": 804, "band": 15}]}, "geometry": {"type": "Point", "coordinates": [-122.3346204, 47.6059926]}}, {"type": "Feature", "properties": {"id": 3655990727, "name": "Peet's Coffee", "category": "cafe", "tags": ["cafe", "coffee-shop", "takeaway"], "sources": ["osm"], "stations": [{"stopCode": 51, "lines": "1,2", "name": "Symphony Station", "walkingMeters": 227, "walkingSeconds": 163, "band": 5}, {"stopCode": 52, "lines": "1,2", "name": "Pioneer Square Station", "walkingMeters": 486, "walkingSeconds": 350, "band": 10}, {"stopCode": 50, "lines": "1,2", "name": "Westlake Station", "walkingMeters": 755, "walkingSeconds": 543, "band": 10}, {"stopCode": 53, "lines": "1,2", "name": "International District Station", "walkingMeters": 1124, "walkingSeconds": 811, "band": 15}]}, "geometry": {"type": "Point", "coordinates": [-122.3347082, 47.60607]}}, {"type": "Feature", "properties": {"id": 3655991029, "name": "Provisions Cafe", "category": "cafe", "tags": ["cafe"], "sources": ["osm"], "address": "1100 4th Avenue", "stations": [{"stopCode": 51, "lines": "1,2", "name": "Symphony Station", "walkingMeters": 294, "walkingSeconds": 212, "band": 5}, {"stopCode": 52, "lines": "1,2", "name": "Pioneer Square Station", "walkingMeters": 611, "walkingSeconds": 440, "band": 10}, {"stopCode": 50, "lines": "1,2", "name": "Westlake Station", "walkingMeters": 626, "walkingSeconds": 450, "band": 10}, {"stopCode": 53, "lines": "1,2", "name": "International District Station", "walkingMeters": 1154, "walkingSeconds": 830, "band": 15}]}, "geometry": {"type": "Point", "coordinates": [-122.3334847, 47.6069882]}}, {"type": "Feature", "properties": {"id": 3656189625, "name": "Soups du Jour", "category": "fast_food", "tags": ["fast-food", "soup"], "sources": ["osm"], "stations": [{"stopCode": 51, "lines": "1,2", "name": "Symphony Station", "walkingMeters": 327, "walkingSeconds": 236, "band": 5}, {"stopCode": 52, "lines": "1,2", "name": "Pioneer Square Station", "walkingMeters": 467, "walkingSeconds": 336, "band": 10}, {"stopCode": 50, "lines": "1,2", "name": "Westlake Station", "walkingMeters": 763, "walkingSeconds": 552, "band": 10}, {"stopCode": 53, "lines": "1,2", "name": "International District Station", "walkingMeters": 1094, "walkingSeconds": 788, "band": 15}]}, "geometry": {"type": "Point", "coordinates": [-122.3335774, 47.6059976]}}, {"type": "Feature", "properties": {"id": 3656189725, "name": "Joelle's Espresso Shop", "category": "cafe", "tags": ["cafe", "coffee-shop"], "sources": ["osm"], "stations": [{"stopCode": 51, "lines": "1,2", "name": "Symphony Station", "walkingMeters": 319, "walkingSeconds": 230, "band": 5}, {"stopCode": 52, "lines": "1,2", "name": "Pioneer Square Station", "walkingMeters": 459, "walkingSeconds": 330, "band": 10}, {"stopCode": 50, "lines": "1,2", "name": "Westlake Station", "walkingMeters": 771, "walkingSeconds": 557, "band": 10}, {"stopCode": 53, "lines": "1,2", "name": "International District Station", "walkingMeters": 1093, "walkingSeconds": 787, "band": 15}]}, "geometry": {"type": "Point", "coordinates": [-122.3336691, 47.6059612]}}, {"type": "Feature", "properties": {"id": 3664976028, "name": "Sound Soups", "category": "cafe", "tags": ["cafe", "soup"], "sources": ["osm"], "stations": [{"stopCode": 51, "lines": "1,2", "name": "Symphony Station", "walkingMeters": 364, "walkingSeconds": 262, "band": 5}, {"stopCode": 52, "lines": "1,2", "name": "Pioneer Square Station", "walkingMeters": 465, "walkingSeconds": 335, "band": 10}, {"stopCode": 50, "lines": "1,2", "name": "Westlake Station", "walkingMeters": 893, "walkingSeconds": 642, "band": 10}, {"stopCode": 53, "lines": "1,2", "name": "International District Station", "walkingMeters": 1042, "walkingSeconds": 752, "band": 15}]}, "geometry": {"type": "Point", "coordinates": [-122.3347297, 47.6052028]}}, {"type": "Feature", "properties": {"id": 3664976526, "name": "Pabla Punjabi Cuisine", "category": "cafe", "tags": ["cafe"], "sources": ["osm"], "stations": [{"stopCode": 51, "lines": "1,2", "name": "Symphony Station", "walkingMeters": 372, "walkingSeconds": 268, "band": 5}, {"stopCode": 52, "lines": "1,2", "name": "Pioneer Square Station", "walkingMeters": 472, "walkingSeconds": 340, "band": 10}, {"stopCode": 50, "lines": "1,2", "name": "Westlake Station", "walkingMeters": 900, "walkingSeconds": 648, "band": 15}, {"stopCode": 53, "lines": "1,2", "name": "International District Station", "walkingMeters": 1035, "walkingSeconds": 747, "band": 15}]}, "geometry": {"type": "Point", "coordinates": [-122.3348005, 47.6051548]}}, {"type": "Feature", "properties": {"id": 3664980026, "name": "Donburi House", "category": "fast_food", "tags": ["fast-food", "japanese"], "sources": ["osm"], "website": "https://donburihouse.com/", "phone": "+1-206-829-9393", "address": "999 3rd Avenue", "hours": "Mo-Th 10:00-15:00", "stations": [{"stopCode": 51, "lines": "1,2", "name": "Symphony Station", "walkingMeters": 353, "walkingSeconds": 254, "band": 5}, {"stopCode": 52, "lines": "1,2", "name": "Pioneer Square Station", "walkingMeters": 454, "walkingSeconds": 327, "band": 10}, {"stopCode": 50, "lines": "1,2", "name": "Westlake Station", "walkingMeters": 882, "walkingSeconds": 634, "band": 10}, {"stopCode": 53, "lines": "1,2", "name": "International District Station", "walkingMeters": 1054, "walkingSeconds": 760, "band": 15}]}, "geometry": {"type": "Point", "coordinates": [-122.334567, 47.6052167]}}, {"type": "Feature", "properties": {"id": 3664980027, "name": "Atlantic Street Pizza", "category": "fast_food", "tags": ["fast-food", "pizza", "restaurant"], "sources": ["osm", "overture"], "phone": "2066247200", "address": "999 3rd Ave", "stations": [{"stopCode": 52, "lines": "1,2", "name": "Pioneer Square Station", "walkingMeters": 426, "walkingSeconds": 307, "band": 5}, {"stopCode": 51, "lines": "1,2", "name": "Symphony Station", "walkingMeters": 476, "walkingSeconds": 342, "band": 5}, {"stopCode": 53, "lines": "1,2", "name": "International District Station", "walkingMeters": 998, "walkingSeconds": 720, "band": 15}, {"stopCode": 50, "lines": "1,2", "name": "Westlake Station", "walkingMeters": 1004, "walkingSeconds": 723, "band": 15}]}, "geometry": {"type": "Point", "coordinates": [-122.334328, 47.6050247]}}, {"type": "Feature", "properties": {"id": 3664980126, "name": "Poke Alice", "category": "fast_food", "tags": ["fast-food", "poke", "restaurant"], "sources": ["osm", "overture"], "website": "https://www.pokealice.com", "phone": "(425) 321-4348", "address": "1000 2nd Ave", "stations": [{"stopCode": 51, "lines": "1,2", "name": "Symphony Station", "walkingMeters": 303, "walkingSeconds": 218, "band": 5}, {"stopCode": 52, "lines": "1,2", "name": "Pioneer Square Station", "walkingMeters": 556, "walkingSeconds": 400, "band": 10}, {"stopCode": 50, "lines": "1,2", "name": "Westlake Station", "walkingMeters": 831, "walkingSeconds": 598, "band": 10}, {"stopCode": 53, "lines": "1,2", "name": "International District Station", "walkingMeters": 1102, "walkingSeconds": 794, "band": 15}]}, "geometry": {"type": "Point", "coordinates": [-122.33536, 47.6057801]}}, {"type": "Feature", "properties": {"id": "5faafe8c-491a-4ba5-885b-0c88d821277c", "name": "Gyro Express", "category": "restaurant", "tags": ["restaurant", "greek"], "sources": ["overture"], "website": "https://www.gyroexpresscincinnati.com", "address": "701 5th Ave", "stations": [{"stopCode": 52, "lines": "1,2", "name": "Pioneer Square Station", "walkingMeters": 289, "walkingSeconds": 216, "band": 5}, {"stopCode": 51, "lines": "1,2", "name": "Symphony Station", "walkingMeters": 709, "walkingSeconds": 529, "band": 10}, {"stopCode": 53, "lines": "1,2", "name": "International District Station", "walkingMeters": 928, "walkingSeconds": 693, "band": 15}, {"stopCode": 50, "lines": "1,2", "name": "Westlake Station", "walkingMeters": 1179, "walkingSeconds": 880, "band": 15}]}, "geometry": {"type": "Point", "coordinates": [-122.3306274, 47.6045227]}}, {"type": "Feature", "properties": {"id": "b4ebc46e-be74-4328-ac6b-5e84df3851a9", "name": "Pokeworks", "category": "restaurant", "tags": ["restaurant", "poke"], "sources": ["overture"], "website": "http://www.pokeworks.com/seattle", "phone": "2069625123", "address": "1200 3rd Ave #100", "stations": [{"stopCode": 51, "lines": "1,2", "name": "Symphony Station", "walkingMeters": 69, "walkingSeconds": 50, "band": 5}, {"stopCode": 50, "lines": "1,2", "name": "Westlake Station", "walkingMeters": 599, "walkingSeconds": 431, "band": 10}, {"stopCode": 52, "lines": "1,2", "name": "Pioneer Square Station", "walkingMeters": 617, "walkingSeconds": 458, "band": 10}]}, "geometry": {"type": "Point", "coordinates": [-122.335556, 47.6072693]}}, {"type": "Feature", "properties": {"id": 3996640118, "name": "Bernard's on Seneca", "category": "restaurant", "tags": ["restaurant", "sandwich"], "sources": ["osm", "overture"], "website": "http://www.bernardsonseneca.com/index.html", "phone": "2066235110", "address": "315 Seneca St", "stations": [{"stopCode": 51, "lines": "1,2", "name": "Symphony Station", "walkingMeters": 168, "walkingSeconds": 121, "band": 5}, {"stopCode": 50, "lines": "1,2", "name": "Westlake Station", "walkingMeters": 578, "walkingSeconds": 419, "band": 10}, {"stopCode": 52, "lines": "1,2", "name": "Pioneer Square Station", "walkingMeters": 648, "walkingSeconds": 466, "band": 10}]}, "geometry": {"type": "Point", "coordinates": [-122.3345296, 47.6072526]}}, {"type": "Feature", "properties": {"id": 3996640123, "name": "Post Alley Pizza", "category": "restaurant", "tags": ["restaurant", "pizza", "italian"], "sources": ["osm", "overture"], "website": "http://postalleypizza.com/", "phone": "+12063828475", "address": "1123 Post Ave", "hours": "Mo-Fr 11:00-18:00; Sa 12:00-18:00", "stations": [{"stopCode": 51, "lines": "1,2", "name": "Symphony Station", "walkingMeters": 361, "walkingSeconds": 259, "band": 5}, {"stopCode": 52, "lines": "1,2", "name": "Pioneer Square Station", "walkingMeters": 831, "walkingSeconds": 598, "band": 10}, {"stopCode": 50, "lines": "1,2", "name": "Westlake Station", "walkingMeters": 884, "walkingSeconds": 636, "band": 10}]}, "geometry": {"type": "Point", "coordinates": [-122.3381349, 47.6057195]}}, {"type": "Feature", "properties": {"id": 3996640129, "name": "Market", "category": "cafe", "tags": ["cafe", "regional", "takeaway", "wifi"], "sources": ["osm"], "website": "https://www.marketfreshfish.com/seattle", "address": "1300 1st Avenue", "hours": "Su, We-Th 10:30-19:00; Fr-Sa 10:30-20:00", "stations": [{"stopCode": 51, "lines": "1,2", "name": "Symphony Station", "walkingMeters": 240, "walkingSeconds": 173, "band": 5}, {"stopCode": 50, "lines": "1,2", "name": "Westlake Station", "walkingMeters": 660, "walkingSeconds": 475, "band": 10}, {"stopCode": 52, "lines": "1,2", "name": "Pioneer Square Station", "walkingMeters": 921, "walkingSeconds": 663, "band": 15}]}, "geometry": {"type": "Point", "coordinates": [-122.338405, 47.6073513]}}, {"type": "Feature", "properties": {"id": 3996640130, "name": "Trace", "category": "bar", "tags": ["bar"], "sources": ["osm"], "website": "https://www.traceseattle.com/", "phone": "+1-206-264-6060", "address": "1112 4th Avenue", "hours": "11:00-02:00", "stations": [{"stopCode": 51, "lines": "1,2", "name": "Symphony Station", "walkingMeters": 215, "walkingSeconds": 155, "band": 5}, {"stopCode": 50, "lines": "1,2", "name": "Westlake Station", "walkingMeters": 545, "walkingSeconds": 392, "band": 10}, {"stopCode": 52, "lines": "1,2", "name": "Pioneer Square Station", "walkingMeters": 691, "walkingSeconds": 497, "band": 10}]}, "geometry": {"type": "Point", "coordinates": [-122.3339425, 47.6074907]}}, {"type": "Feature", "properties": {"id": 4027142316, "name": "Fresh Table Cafe", "category": "fast_food", "tags": ["fast-food", "sandwich"], "sources": ["osm"], "stations": [{"stopCode": 51, "lines": "1,2", "name": "Symphony Station", "walkingMeters": 350, "walkingSeconds": 252, "band": 5}, {"stopCode": 50, "lines": "1,2", "name": "Westlake Station", "walkingMeters": 463, "walkingSeconds": 333, "band": 10}, {"stopCode": 52, "lines": "1,2", "name": "Pioneer Square Station", "walkingMeters": 1011, "walkingSeconds": 729, "band": 15}]}, "geometry": {"type": "Point", "coordinates": [-122.3325797, 47.6096558]}}, {"type": "Feature", "properties": {"id": "4608c3a5-8bbf-4655-aeee-a695eafb5ee3", "name": "Fresh Table Cafe", "category": "restaurant", "tags": ["restaurant", "sandwich"], "sources": ["overture"], "website": "http://freshtablecafe.com", "phone": "(206) 903-0305", "address": "1001 4th Ave", "stations": [{"stopCode": 51, "lines": "1,2", "name": "Symphony Station", "walkingMeters": 354, "walkingSeconds": 255, "band": 5}, {"stopCode": 52, "lines": "1,2", "name": "Pioneer Square Station", "walkingMeters": 506, "walkingSeconds": 364, "band": 10}, {"stopCode": 50, "lines": "1,2", "name": "Westlake Station", "walkingMeters": 720, "walkingSeconds": 521, "band": 10}, {"stopCode": 53, "lines": "1,2", "name": "International District Station", "walkingMeters": 1065, "walkingSeconds": 767, "band": 15}]}, "geometry": {"type": "Point", "coordinates": [-122.3332291, 47.6061134]}}, {"type": "Feature", "properties": {"id": 4029234289, "name": "Walla Walla Farms", "category": "cafe", "tags": ["cafe"], "sources": ["osm"], "website": "https://wallawallafarms.com/", "address": "601 Union Street", "stations": [{"stopCode": 50, "lines": "1,2", "name": "Westlake Station", "walkingMeters": 460, "walkingSeconds": 330, "band": 10}, {"stopCode": 51, "lines": "1,2", "name": "Symphony Station", "walkingMeters": 484, "walkingSeconds": 348, "band": 5}, {"stopCode": 52, "lines": "1,2", "name": "Pioneer Square Station", "walkingMeters": 1154, "walkingSeconds": 832, "band": 15}]}, "geometry": {"type": "Point", "coordinates": [-122.3325277, 47.6099437]}}, {"type": "Feature", "properties": {"id": 4117786501, "name": "Goldfinch Tavern", "category": "restaurant", "tags": ["restaurant", "international", "american"], "sources": ["osm", "overture"], "website": "http://www.goldfinchtavern.com/", "phone": "+12067497070", "address": "99 Union St", "hours": "Su-Th 06:30-22:00; Fr-Sa 06:30-23:00", "stations": [{"stopCode": 51, "lines": "1,2", "name": "Symphony Station", "walkingMeters": 335, "walkingSeconds": 241, "band": 5}, {"stopCode": 50, "lines": "1,2", "name": "Westlake Station", "walkingMeters": 635, "walkingSeconds": 457, "band": 10}, {"stopCode": 52, "lines": "1,2", "name": "Pioneer Square Station", "walkingMeters": 1023, "walkingSeconds": 736, "band": 15}]}, "geometry": {"type": "Point", "coordinates": [-122.3392726, 47.6076048]}}, {"type": "Feature", "properties": {"id": 4137555562, "name": "Shuckers Oyster Bar", "category": "restaurant", "tags": ["restaurant", "seafood", "indoor-seating"], "sources": ["osm", "overture"], "website": "http://www.fairmont.com/seattle/dining/shuckers/?y_source=1_MTU2Mzc2NDAtNDQwLWxvY2F0aW9uLndlYnNpdGU%3D", "phone": "+12066211984", "address": "411 University St", "hours": "Mo,Su off; Tu-Th 16:30-21:00; Fr-Sa 17:00-21:30", "stations": [{"stopCode": 51, "lines": "1,2", "name": "Symphony Station", "walkingMeters": 196, "walkingSeconds": 141, "band": 5}, {"stopCode": 50, "lines": "1,2", "name": "Westlake Station", "walkingMeters": 526, "walkingSeconds": 379, "band": 10}, {"stopCode": 52, "lines": "1,2", "name": "Pioneer Square Station", "walkingMeters": 706, "walkingSeconds": 508, "band": 10}]}, "geometry": {"type": "Point", "coordinates": [-122.3341491, 47.607669]}}, {"type": "Feature", "properties": {"id": 4147984489, "name": "Voxx Coffee", "category": "cafe", "tags": ["cafe", "coffee-shop"], "sources": ["osm", "overture"], "website": "http://voxxseattle.com", "phone": "(206) 682-1242", "address": "1200 6th Ave", "stations": [{"stopCode": 51, "lines": "1,2", "name": "Symphony Station", "walkingMeters": 328, "walkingSeconds": 238, "band": 5}, {"stopCode": 50, "lines": "1,2", "name": "Westlake Station", "walkingMeters": 533, "walkingSeconds": 384, "band": 10}, {"stopCode": 52, "lines": "1,2", "name": "Pioneer Square Station", "walkingMeters": 966, "walkingSeconds": 695, "band": 15}]}, "geometry": {"type": "Point", "coordinates": [-122.3323046, 47.6090805]}}, {"type": "Feature", "properties": {"id": 4147984589, "name": "Regatta Bar & Grille", "category": "bar", "tags": ["bar"], "sources": ["osm"], "stations": [{"stopCode": 51, "lines": "1,2", "name": "Symphony Station", "walkingMeters": 404, "walkingSeconds": 291, "band": 10}, {"stopCode": 50, "lines": "1,2", "name": "Westlake Station", "walkingMeters": 619, "walkingSeconds": 447, "band": 10}, {"stopCode": 52, "lines": "1,2", "name": "Pioneer Square Station", "walkingMeters": 833, "walkingSeconds": 599, "band": 15}]}, "geometry": {"type": "Point", "coordinates": [-122.3320046, 47.608152]}}, {"type": "Feature", "properties": {"id": "59726d7d-9d80-4676-a5dd-0d8e3c0b1bf5", "name": "Pho Cyclo Cafe", "category": "restaurant", "tags": ["restaurant", "vietnamese"], "sources": ["overture"], "website": "http://phocyclocafe.com", "phone": "(206) 623-3958", "address": "999 3rd Ave #1", "stations": [{"stopCode": 52, "lines": "1,2", "name": "Pioneer Square Station", "walkingMeters": 423, "walkingSeconds": 304, "band": 5}, {"stopCode": 51, "lines": "1,2", "name": "Symphony Station", "walkingMeters": 461, "walkingSeconds": 332, "band": 5}, {"stopCode": 53, "lines": "1,2", "name": "International District Station", "walkingMeters": 969, "walkingSeconds": 699, "band": 15}, {"stopCode": 50, "lines": "1,2", "name": "Westlake Station", "walkingMeters": 989, "walkingSeconds": 711, "band": 15}]}, "geometry": {"type": "Point", "coordinates": [-122.3343964, 47.6047287]}}, {"type": "Feature", "properties": {"id": "21d60e80-bdc3-4d44-a730-b8ceaf22b8c7", "name": "Wendy's", "category": "fast_food", "tags": ["fast-food", "fast", "food"], "sources": ["overture"], "website": "http://www.wendys.com", "phone": "(206) 623-3442", "address": "1406 4th Ave", "stations": [{"stopCode": 51, "lines": "1,2", "name": "Symphony Station", "walkingMeters": 253, "walkingSeconds": 182, "band": 5}, {"stopCode": 50, "lines": "1,2", "name": "Westlake Station", "walkingMeters": 312, "walkingSeconds": 225, "band": 5}, {"stopCode": 52, "lines": "1,2", "name": "Pioneer Square Station", "walkingMeters": 942, "walkingSeconds": 678, "band": 15}]}, "geometry": {"type": "Point", "coordinates": [-122.3356705, 47.6095238]}}, {"type": "Feature", "properties": {"id": 4255238044, "name": "Flatstick Pub - Pioneer Square", "category": "pub", "tags": ["pub"], "sources": ["osm"], "website": "https://flatstickpub.com/pioneer-square/", "phone": "+1-206-682-0608", "address": "240 2nd Avenue South", "hours": "Su-Th 12:00-00:00; Fr-Sa 12:00-02:00", "stations": [{"stopCode": 52, "lines": "1,2", "name": "Pioneer Square Station", "walkingMeters": 352, "walkingSeconds": 255, "band": 5}, {"stopCode": 53, "lines": "1,2", "name": "International District Station", "walkingMeters": 397, "walkingSeconds": 288, "band": 5}, {"stopCode": 51, "lines": "1,2", "name": "Symphony Station", "walkingMeters": 1047, "walkingSeconds": 754, "band": 15}, {"stopCode": 54, "lines": "1", "name": "Stadium Station", "walkingMeters": 1212, "walkingSeconds": 879, "band": 15}]}, "geometry": {"type": "Point", "coordinates": [-122.331005, 47.6001632]}}, {"type": "Feature", "properties": {"id": 4281293191, "name": "Okinawa Teriyaki", "category": "fast_food", "tags": ["fast-food", "japanese", "restaurant", "asian"], "sources": ["osm", "overture"], "website": "https://orderokinawateriyaki.com", "phone": "+12064472648", "address": "1100 Western Ave", "stations": [{"stopCode": 51, "lines": "1,2", "name": "Symphony Station", "walkingMeters": 459, "walkingSeconds": 330, "band": 5}, {"stopCode": 52, "lines": "1,2", "name": "Pioneer Square Station", "walkingMeters": 790, "walkingSeconds": 568, "band": 10}, {"stopCode": 50, "lines": "1,2", "name": "Westlake Station", "walkingMeters": 980, "walkingSeconds": 705, "band": 15}]}, "geometry": {"type": "Point", "coordinates": [-122.3379794, 47.6051138]}}, {"type": "Feature", "properties": {"id": 4281345989, "name": "Mustardseed Cafe & Catering", "category": "cafe", "tags": ["cafe"], "sources": ["osm"], "website": "http://www.mustardseedcafeseattle.com", "address": "1200 5th Avenue", "stations": [{"stopCode": 51, "lines": "1,2", "name": "Symphony Station", "walkingMeters": 296, "walkingSeconds": 215, "band": 5}, {"stopCode": 50, "lines": "1,2", "name": "Westlake Station", "walkingMeters": 506, "walkingSeconds": 366, "band": 10}, {"stopCode": 52, "lines": "1,2", "name": "Pioneer Square Station", "walkingMeters": 945, "walkingSeconds": 682, "band": 15}]}, "geometry": {"type": "Point", "coordinates": [-122.3333217, 47.6085001]}}, {"type": "Feature", "properties": {"id": 4287062120, "name": "Copperworks Tasting Room & Distillery", "category": "bar", "tags": ["bar", "microbrew"], "sources": ["osm"], "stations": [{"stopCode": 51, "lines": "1,2", "name": "Symphony Station", "walkingMeters": 410, "walkingSeconds": 295, "band": 5}, {"stopCode": 50, "lines": "1,2", "name": "Westlake Station", "walkingMeters": 917, "walkingSeconds": 660, "band": 10}, {"stopCode": 52, "lines": "1,2", "name": "Pioneer Square Station", "walkingMeters": 968, "walkingSeconds": 695, "band": 15}]}, "geometry": {"type": "Point", "coordinates": [-122.33973, 47.606008]}}, {"type": "Feature", "properties": {"id": 4438089572, "name": "Union Deli", "category": "cafe", "tags": ["cafe"], "sources": ["osm"], "stations": [{"stopCode": 51, "lines": "1,2", "name": "Symphony Station", "walkingMeters": 175, "walkingSeconds": 126, "band": 5}, {"stopCode": 50, "lines": "1,2", "name": "Westlake Station", "walkingMeters": 363, "walkingSeconds": 264, "band": 5}, {"stopCode": 52, "lines": "1,2", "name": "Pioneer Square Station", "walkingMeters": 871, "walkingSeconds": 627, "band": 15}]}, "geometry": {"type": "Point", "coordinates": [-122.3359595, 47.6086762]}}, {"type": "Feature", "properties": {"id": 4458635042, "name": "Red Bowls", "category": "restaurant", "tags": ["restaurant", "asian"], "sources": ["osm"], "hours": "Mo-Fr 10:30-15:30", "stations": [{"stopCode": 52, "lines": "1,2", "name": "Pioneer Square Station", "walkingMeters": 282, "walkingSeconds": 203, "band": 5}, {"stopCode": 51, "lines": "1,2", "name": "Symphony Station", "walkingMeters": 431, "walkingSeconds": 311, "band": 5}, {"stopCode": 53, "lines": "1,2", "name": "International District Station", "walkingMeters": 916, "walkingSeconds": 659, "band": 15}, {"stopCode": 50, "lines": "1,2", "name": "Westlake Station", "walkingMeters": 945, "walkingSeconds": 680, "band": 15}]}, "geometry": {"type": "Point", "coordinates": [-122.3329182, 47.6046896]}}, {"type": "Feature", "properties": {"id": 4572564490, "name": "Founders Club", "category": "bar", "tags": ["bar", "indoor-seating", "air-conditioned"], "sources": ["osm", "overture"], "website": "https://www.opentable.com/restaurant/profile/1208350?ref=1068", "phone": "+12066211700", "address": "411 University St", "hours": "Tu-Sa 17:00-24:00", "stations": [{"stopCode": 51, "lines": "1,2", "name": "Symphony Station", "walkingMeters": 189, "walkingSeconds": 136, "band": 5}, {"stopCode": 50, "lines": "1,2", "name": "Westlake Station", "walkingMeters": 480, "walkingSeconds": 346, "band": 10}, {"stopCode": 52, "lines": "1,2", "name": "Pioneer Square Station", "walkingMeters": 844, "walkingSeconds": 607, "band": 15}]}, "geometry": {"type": "Point", "coordinates": [-122.3338261, 47.6081626]}}, {"type": "Feature", "properties": {"id": 4639109901, "name": "Chip & Drew's Filling Station", "category": "cafe", "tags": ["cafe", "sandwich", "takeaway", "wheelchair-accessible"], "sources": ["osm"], "phone": "+1-206-769-4166", "address": "1301 2nd Avenue", "hours": "Mo-Fr 07:00-16:00", "stations": [{"stopCode": 51, "lines": "1,2", "name": "Symphony Station", "walkingMeters": 174, "walkingSeconds": 125, "band": 5}, {"stopCode": 50, "lines": "1,2", "name": "Westlake Station", "walkingMeters": 574, "walkingSeconds": 413, "band": 10}, {"stopCode": 52, "lines": "1,2", "name": "Pioneer Square Station", "walkingMeters": 856, "walkingSeconds": 616, "band": 15}]}, "geometry": {"type": "Point", "coordinates": [-122.3377599, 47.60772]}}, {"type": "Feature", "properties": {"id": 4639109903, "name": "DelinoMore", "category": "cafe", "tags": ["cafe", "restaurant"], "sources": ["osm", "overture"], "website": "https://www.ritual.co/order/e-j-seafood-manchester-locust-inglewood/ba41", "phone": "2064675311", "address": "1118 5th Ave", "stations": [{"stopCode": 51, "lines": "1,2", "name": "Symphony Station", "walkingMeters": 319, "walkingSeconds": 230, "band": 5}, {"stopCode": 50, "lines": "1,2", "name": "Westlake Station", "walkingMeters": 536, "walkingSeconds": 393, "band": 10}, {"stopCode": 52, "lines": "1,2", "name": "Pioneer Square Station", "walkingMeters": 754, "walkingSeconds": 542, "band": 15}]}, "geometry": {"type": "Point", "coordinates": [-122.3327627, 47.6078481]}}, {"type": "Feature", "properties": {"id": 4639109909, "name": "Homegrown", "category": "cafe", "tags": ["cafe", "sandwich", "restaurant", "american", "health-food"], "sources": ["osm", "overture"], "website": "http://www.eathomegrown.com/", "phone": "+12067743663", "address": "999 3rd Ave", "hours": "Mo-Fr 10:00-15:00", "stations": [{"stopCode": 52, "lines": "1,2", "name": "Pioneer Square Station", "walkingMeters": 394, "walkingSeconds": 284, "band": 5}, {"stopCode": 51, "lines": "1,2", "name": "Symphony Station", "walkingMeters": 444, "walkingSeconds": 320, "band": 5}, {"stopCode": 50, "lines": "1,2", "name": "Westlake Station", "walkingMeters": 972, "walkingSeconds": 700, "band": 15}, {"stopCode": 53, "lines": "1,2", "name": "International District Station", "walkingMeters": 1030, "walkingSeconds": 744, "band": 15}]}, "geometry": {"type": "Point", "coordinates": [-122.3341792, 47.6047515]}}, {"type": "Feature", "properties": {"id": 4639109924, "name": "TJ's Deli", "category": "restaurant", "tags": ["restaurant", "deli", "delicatessen"], "sources": ["osm", "overture"], "website": "https://tjsdeli2.netwaiter.com/seattle/about", "phone": "(206) 749-9887", "address": "800 5th Ave", "stations": [{"stopCode": 52, "lines": "1,2", "name": "Pioneer Square Station", "walkingMeters": 457, "walkingSeconds": 328, "band": 10}, {"stopCode": 51, "lines": "1,2", "name": "Symphony Station", "walkingMeters": 636, "walkingSeconds": 458, "band": 10}, {"stopCode": 50, "lines": "1,2", "name": "Westlake Station", "walkingMeters": 854, "walkingSeconds": 623, "band": 15}, {"stopCode": 53, "lines": "1,2", "name": "International District Station", "walkingMeters": 901, "walkingSeconds": 649, "band": 15}]}, "geometry": {"type": "Point", "coordinates": [-122.3305248, 47.6054516]}}, {"type": "Feature", "properties": {"id": 4639109928, "name": "Walla Walla Farms Cafe & Catering", "category": "cafe", "tags": ["cafe"], "sources": ["osm"], "address": "1191 2nd Avenue", "stations": [{"stopCode": 51, "lines": "1,2", "name": "Symphony Station", "walkingMeters": 274, "walkingSeconds": 197, "band": 5}, {"stopCode": 52, "lines": "1,2", "name": "Pioneer Square Station", "walkingMeters": 629, "walkingSeconds": 452, "band": 10}, {"stopCode": 50, "lines": "1,2", "name": "Westlake Station", "walkingMeters": 798, "walkingSeconds": 574, "band": 10}, {"stopCode": 53, "lines": "1,2", "name": "International District Station", "walkingMeters": 1151, "walkingSeconds": 836, "band": 15}]}, "geometry": {"type": "Point", "coordinates": [-122.3361452, 47.6059842]}}, {"type": "Feature", "properties": {"id": "be4ab55b-a691-4f60-bbf2-df708adf5f05", "name": "Juicy Caf\u00e9", "category": "cafe", "tags": ["cafe", "health-food"], "sources": ["overture"], "website": "http://www.thejuicycafe.com", "phone": "+12066231440", "address": "701 5th Ave #201", "stations": [{"stopCode": 52, "lines": "1,2", "name": "Pioneer Square Station", "walkingMeters": 279, "walkingSeconds": 201, "band": 5}, {"stopCode": 51, "lines": "1,2", "name": "Symphony Station", "walkingMeters": 703, "walkingSeconds": 506, "band": 10}, {"stopCode": 53, "lines": "1,2", "name": "International District Station", "walkingMeters": 798, "walkingSeconds": 574, "band": 15}, {"stopCode": 50, "lines": "1,2", "name": "Westlake Station", "walkingMeters": 1019, "walkingSeconds": 733, "band": 15}]}, "geometry": {"type": "Point", "coordinates": [-122.3305283, 47.604351]}}, {"type": "Feature", "properties": {"id": 4993634447, "name": "Tulio", "category": "restaurant", "tags": ["restaurant", "italian", "wheelchair-accessible", "vegetarian", "european"], "sources": ["osm", "overture"], "website": "http://www.tulio.com", "phone": "+12066245500", "address": "1100 5th Ave", "hours": "We,Th 17:00-21:00; Fr,Sa 17:00-22:00", "stations": [{"stopCode": 51, "lines": "1,2", "name": "Symphony Station", "walkingMeters": 381, "walkingSeconds": 274, "band": 5}, {"stopCode": 50, "lines": "1,2", "name": "Westlake Station", "walkingMeters": 598, "walkingSeconds": 438, "band": 10}, {"stopCode": 52, "lines": "1,2", "name": "Pioneer Square Station", "walkingMeters": 700, "walkingSeconds": 503, "band": 10}]}, "geometry": {"type": "Point", "coordinates": [-122.3324164, 47.6074385]}}, {"type": "Feature", "properties": {"id": 4993634448, "name": "The George", "category": "restaurant", "tags": ["restaurant", "northwestern", "indoor-seating", "american", "european"], "sources": ["osm", "overture"], "website": "http://thegeorgeseattle.com/", "phone": "+12066217889", "address": "411 University St", "stations": [{"stopCode": 51, "lines": "1,2", "name": "Symphony Station", "walkingMeters": 211, "walkingSeconds": 152, "band": 5}, {"stopCode": 50, "lines": "1,2", "name": "Westlake Station", "walkingMeters": 440, "walkingSeconds": 316, "band": 10}, {"stopCode": 52, "lines": "1,2", "name": "Pioneer Square Station", "walkingMeters": 842, "walkingSeconds": 605, "band": 15}]}, "geometry": {"type": "Point", "coordinates": [-122.3337829, 47.6084603]}}, {"type": "Feature", "properties": {"id": 4995812710, "name": "Great State Burger", "category": "fast_food", "tags": ["fast-food", "burger", "restaurant"], "sources": ["osm", "overture"], "website": "https://www.greatstateburger.com", "phone": "+12067757880", "address": "1001 Alaskan Way Ste 104", "hours": "Mo-Su 09:00-20:00", "stations": [{"stopCode": 51, "lines": "1,2", "name": "Symphony Station", "walkingMeters": 612, "walkingSeconds": 440, "band": 10}, {"stopCode": 52, "lines": "1,2", "name": "Pioneer Square Station", "walkingMeters": 804, "walkingSeconds": 578, "band": 10}, {"stopCode": 50, "lines": "1,2", "name": "Westlake Station", "walkingMeters": 1131, "walkingSeconds": 814, "band": 15}]}, "geometry": {"type": "Point", "coordinates": [-122.339183, 47.6042476]}}, {"type": "Feature", "properties": {"id": "d6f3ddf7-6876-4c73-bcd2-59e064ac2335", "name": "Auntie Anne's", "category": "fast_food", "tags": ["fast-food", "fast", "food"], "sources": ["overture"], "website": "https://locations.auntieannes.com/wa/seattle/seattle-food-truck", "address": "100 Main St.", "stations": [{"stopCode": 52, "lines": "1,2", "name": "Pioneer Square Station", "walkingMeters": 471, "walkingSeconds": 351, "band": 5}, {"stopCode": 53, "lines": "1,2", "name": "International District Station", "walkingMeters": 701, "walkingSeconds": 523, "band": 10}, {"stopCode": 51, "lines": "1,2", "name": "Symphony Station", "walkingMeters": 1102, "walkingSeconds": 822, "band": 15}]}, "geometry": {"type": "Point", "coordinates": [-122.3346176, 47.6002464]}}, {"type": "Feature", "properties": {"id": "019ee73c-147d-4fa3-9fc3-638181013460", "name": "Japonessa Sushi Cocina", "category": "restaurant", "tags": ["restaurant", "sushi", "japanese", "asian"], "sources": ["overture"], "website": "https://www.opentable.com/restref/client/?restref=347728&lang=en-US&ot_source=Restaurant+website&corrid=14e519d0-f205-4848-a3fe-f84ee3ab4ee1", "phone": "+12069717979", "address": "1400 1st Ave", "stations": [{"stopCode": 51, "lines": "1,2", "name": "Symphony Station", "walkingMeters": 314, "walkingSeconds": 226, "band": 5}, {"stopCode": 50, "lines": "1,2", "name": "Westlake Station", "walkingMeters": 579, "walkingSeconds": 419, "band": 10}, {"stopCode": 52, "lines": "1,2", "name": "Pioneer Square Station", "walkingMeters": 1007, "walkingSeconds": 725, "band": 15}]}, "geometry": {"type": "Point", "coordinates": [-122.3391113, 47.6079636]}}, {"type": "Feature", "properties": {"id": 5282694393, "name": "B\u00e9 Mi", "category": "restaurant", "tags": ["restaurant", "vietnamese"], "sources": ["osm"], "address": "90 Yesler Way", "stations": [{"stopCode": 52, "lines": "1,2", "name": "Pioneer Square Station", "walkingMeters": 314, "walkingSeconds": 225, "band": 5}, {"stopCode": 53, "lines": "1,2", "name": "International District Station", "walkingMeters": 784, "walkingSeconds": 570, "band": 10}, {"stopCode": 51, "lines": "1,2", "name": "Symphony Station", "walkingMeters": 866, "walkingSeconds": 623, "band": 10}]}, "geometry": {"type": "Point", "coordinates": [-122.3347167, 47.601854]}}, {"type": "Feature", "properties": {"id": 5680764521, "name": "The Fig and the Judge", "category": "restaurant", "tags": ["restaurant"], "sources": ["osm"], "stations": [{"stopCode": 51, "lines": "1,2", "name": "Symphony Station", "walkingMeters": 557, "walkingSeconds": 401, "band": 10}, {"stopCode": 52, "lines": "1,2", "name": "Pioneer Square Station", "walkingMeters": 658, "walkingSeconds": 473, "band": 10}, {"stopCode": 50, "lines": "1,2", "name": "Westlake Station", "walkingMeters": 775, "walkingSeconds": 565, "band": 10}, {"stopCode": 53, "lines": "1,2", "name": "International District Station", "walkingMeters": 1106, "walkingSeconds": 796, "band": 15}]}, "geometry": {"type": "Point", "coordinates": [-122.330801, 47.6067805]}}, {"type": "Feature", "properties": {"id": 5680764522, "name": "The Organic Coup", "category": "fast_food", "tags": ["fast-food"], "sources": ["osm"], "stations": [{"stopCode": 52, "lines": "1,2", "name": "Pioneer Square Station", "walkingMeters": 309, "walkingSeconds": 222, "band": 5}, {"stopCode": 51, "lines": "1,2", "name": "Symphony Station", "walkingMeters": 733, "walkingSeconds": 528, "band": 10}, {"stopCode": 53, "lines": "1,2", "name": "International District Station", "walkingMeters": 768, "walkingSeconds": 552, "band": 15}, {"stopCode": 50, "lines": "1,2", "name": "Westlake Station", "walkingMeters": 989, "walkingSeconds": 711, "band": 15}]}, "geometry": {"type": "Point", "coordinates": [-122.3301412, 47.6044515]}}, {"type": "Feature", "properties": {"id": 5867076486, "name": "Jack's BBQ", "category": "restaurant", "tags": ["restaurant", "barbecue", "american"], "sources": ["osm", "overture"], "website": "http://www.jacksbbq.com/", "phone": "+12064674038", "address": "701 5th Ave #112a", "stations": [{"stopCode": 52, "lines": "1,2", "name": "Pioneer Square Station", "walkingMeters": 262, "walkingSeconds": 188, "band": 5}, {"stopCode": 51, "lines": "1,2", "name": "Symphony Station", "walkingMeters": 686, "walkingSeconds": 494, "band": 10}, {"stopCode": 53, "lines": "1,2", "name": "International District Station", "walkingMeters": 795, "walkingSeconds": 572, "band": 15}, {"stopCode": 50, "lines": "1,2", "name": "Westlake Station", "walkingMeters": 1021, "walkingSeconds": 735, "band": 15}]}, "geometry": {"type": "Point", "coordinates": [-122.330759, 47.6043145]}}, {"type": "Feature", "properties": {"id": 5703475222, "name": "The 515", "category": "bar", "tags": ["bar"], "sources": ["osm"], "stations": [{"stopCode": 51, "lines": "1,2", "name": "Symphony Station", "walkingMeters": 586, "walkingSeconds": 421, "band": 10}, {"stopCode": 52, "lines": "1,2", "name": "Pioneer Square Station", "walkingMeters": 652, "walkingSeconds": 468, "band": 10}, {"stopCode": 50, "lines": "1,2", "name": "Westlake Station", "walkingMeters": 804, "walkingSeconds": 580, "band": 15}, {"stopCode": 53, "lines": "1,2", "name": "International District Station", "walkingMeters": 1092, "walkingSeconds": 786, "band": 15}]}, "geometry": {"type": "Point", "coordinates": [-122.3307478, 47.6067302]}}, {"type": "Feature", "properties": {"id": 5750021212, "name": "Belle Epicurean", "category": "cafe", "tags": ["cafe", "bakery"], "sources": ["osm", "overture"], "website": "https://www.belleepicurean.com", "phone": "12062629306", "address": "925 4th Ave  Ste 450", "stations": [{"stopCode": 51, "lines": "1,2", "name": "Symphony Station", "walkingMeters": 352, "walkingSeconds": 254, "band": 5}, {"stopCode": 52, "lines": "1,2", "name": "Pioneer Square Station", "walkingMeters": 453, "walkingSeconds": 326, "band": 10}, {"stopCode": 50, "lines": "1,2", "name": "Westlake Station", "walkingMeters": 774, "walkingSeconds": 559, "band": 10}, {"stopCode": 53, "lines": "1,2", "name": "International District Station", "walkingMeters": 1070, "walkingSeconds": 770, "band": 15}]}, "geometry": {"type": "Point", "coordinates": [-122.333238, 47.6057382]}}, {"type": "Feature", "properties": {"id": "d3d1ae5d-cb97-48b9-8205-08de8581d0de", "name": "Belle Epicurean", "category": "bakery", "tags": ["bakery"], "sources": ["overture"], "website": "http://www.belleepicurean.com/", "phone": "(206) 262-9404", "address": "1206 4th Ave", "stations": [{"stopCode": 51, "lines": "1,2", "name": "Symphony Station", "walkingMeters": 153, "walkingSeconds": 110, "band": 5}, {"stopCode": 50, "lines": "1,2", "name": "Westlake Station", "walkingMeters": 503, "walkingSeconds": 364, "band": 10}, {"stopCode": 52, "lines": "1,2", "name": "Pioneer Square Station", "walkingMeters": 727, "walkingSeconds": 523, "band": 10}]}, "geometry": {"type": "Point", "coordinates": [-122.334465, 47.6078262]}}, {"type": "Feature", "properties": {"id": 12105154527, "name": "Mendocino Farms", "category": "fast_food", "tags": ["fast-food", "sandwich", "deli", "delicatessen"], "sources": ["osm", "overture"], "website": "https://www.mendocinofarms.com/location-directory/seattle/1350-4th-ave-seattle-wa-98101", "phone": "+12067411329", "address": "1350 4th Ave", "hours": "Mo-Su 10:00-19:30", "stations": [{"stopCode": 51, "lines": "1,2", "name": "Symphony Station", "walkingMeters": 228, "walkingSeconds": 164, "band": 5}, {"stopCode": 50, "lines": "1,2", "name": "Westlake Station", "walkingMeters": 327, "walkingSeconds": 235, "band": 5}, {"stopCode": 52, "lines": "1,2", "name": "Pioneer Square Station", "walkingMeters": 918, "walkingSeconds": 660, "band": 15}]}, "geometry": {"type": "Point", "coordinates": [-122.3354313, 47.6091919]}}, {"type": "Feature", "properties": {"id": 5805097250, "name": "Caffe Migliore", "category": "cafe", "tags": ["cafe", "coffee-shop", "coffee", "italian"], "sources": ["osm", "overture"], "website": "http://www.caffemigliore.com/", "phone": "+12066249893", "address": "1215 4th Ave", "hours": "Mo-Fr 06:00-17:00; Sa,Su off", "stations": [{"stopCode": 51, "lines": "1,2", "name": "Symphony Station", "walkingMeters": 138, "walkingSeconds": 99, "band": 5}, {"stopCode": 50, "lines": "1,2", "name": "Westlake Station", "walkingMeters": 502, "walkingSeconds": 363, "band": 10}, {"stopCode": 52, "lines": "1,2", "name": "Pioneer Square Station", "walkingMeters": 724, "walkingSeconds": 521, "band": 10}]}, "geometry": {"type": "Point", "coordinates": [-122.33475, 47.607779]}}, {"type": "Feature", "properties": {"id": 397023123, "name": "Caffe Migliore", "category": "cafe", "tags": ["cafe", "coffee-shop"], "sources": ["osm"], "website": "http://caffemigliore.com", "address": "1325 4th Avenue", "hours": "Mo-Fr 07:00-16:00", "stations": [{"stopCode": 51, "lines": "1,2", "name": "Symphony Station", "walkingMeters": 174, "walkingSeconds": 125, "band": 5}, {"stopCode": 50, "lines": "1,2", "name": "Westlake Station", "walkingMeters": 361, "walkingSeconds": 262, "band": 5}, {"stopCode": 52, "lines": "1,2", "name": "Pioneer Square Station", "walkingMeters": 863, "walkingSeconds": 621, "band": 15}]}, "geometry": {"type": "Point", "coordinates": [-122.3357715, 47.6088311]}}, {"type": "Feature", "properties": {"id": 5805097251, "name": "The Original Deli", "category": "cafe", "tags": ["cafe", "breakfast", "poke", "teriyaki", "wrap", "deli", "delicatessen", "breakfast-and-brunch"], "sources": ["osm", "overture"], "website": "http://theoriginaldeliseattle4.gastrobars.com", "phone": "+12063279680", "address": "1215 4th Ave # A-B", "stations": [{"stopCode": 51, "lines": "1,2", "name": "Symphony Station", "walkingMeters": 126, "walkingSeconds": 91, "band": 5}, {"stopCode": 50, "lines": "1,2", "name": "Westlake Station", "walkingMeters": 559, "walkingSeconds": 405, "band": 10}, {"stopCode": 52, "lines": "1,2", "name": "Pioneer Square Station", "walkingMeters": 665, "walkingSeconds": 478, "band": 10}]}, "geometry": {"type": "Point", "coordinates": [-122.3348689, 47.6074818]}}, {"type": "Feature", "properties": {"id": 5816602953, "name": "Elemental Pizza - Columbia Center", "category": "restaurant", "tags": ["restaurant", "pizza"], "sources": ["osm"], "website": "https://elementalpizza.com/columbia-center/", "phone": "+1-206-327-9719", "hours": "Mo-Fr 10:30-16:00", "stations": [{"stopCode": 52, "lines": "1,2", "name": "Pioneer Square Station", "walkingMeters": 275, "walkingSeconds": 198, "band": 5}, {"stopCode": 51, "lines": "1,2", "name": "Symphony Station", "walkingMeters": 699, "walkingSeconds": 503, "band": 10}, {"stopCode": 53, "lines": "1,2", "name": "International District Station", "walkingMeters": 802, "walkingSeconds": 577, "band": 15}, {"stopCode": 50, "lines": "1,2", "name": "Westlake Station", "walkingMeters": 1023, "walkingSeconds": 736, "band": 15}]}, "geometry": {"type": "Point", "coordinates": [-122.3306196, 47.6043863]}}, {"type": "Feature", "properties": {"id": 5862066264, "name": "Madison Street Market & Deli", "category": "restaurant", "tags": ["restaurant", "sandwich", "indoor-seating"], "sources": ["osm"], "address": "920 5th Avenue", "hours": "Mo-Fr 06:00-22:00; Sa,Su 08:00-22:00", "stations": [{"stopCode": 52, "lines": "1,2", "name": "Pioneer Square Station", "walkingMeters": 519, "walkingSeconds": 373, "band": 10}, {"stopCode": 51, "lines": "1,2", "name": "Symphony Station", "walkingMeters": 560, "walkingSeconds": 403, "band": 10}, {"stopCode": 50, "lines": "1,2", "name": "Westlake Station", "walkingMeters": 778, "walkingSeconds": 568, "band": 10}, {"stopCode": 53, "lines": "1,2", "name": "International District Station", "walkingMeters": 968, "walkingSeconds": 696, "band": 15}]}, "geometry": {"type": "Point", "coordinates": [-122.331097, 47.6060067]}}, {"type": "Feature", "properties": {"id": 5937692544, "name": "Public House", "category": "restaurant", "tags": ["restaurant", "american", "burger", "coffee-shop"], "sources": ["osm"], "address": "210 Occidental Avenue South", "stations": [{"stopCode": 52, "lines": "1,2", "name": "Pioneer Square Station", "walkingMeters": 356, "walkingSeconds": 256, "band": 5}, {"stopCode": 53, "lines": "1,2", "name": "International District Station", "walkingMeters": 592, "walkingSeconds": 428, "band": 10}, {"stopCode": 51, "lines": "1,2", "name": "Symphony Station", "walkingMeters": 997, "walkingSeconds": 718, "band": 15}]}, "geometry": {"type": "Point", "coordinates": [-122.3326721, 47.600611]}}, {"type": "Feature", "properties": {"id": 6334106186, "name": "Ben Paris", "category": "restaurant", "tags": ["restaurant", "american", "french"], "sources": ["osm", "overture"], "website": "http://benparis.com/", "phone": "+12065137303", "address": "130 Pike St", "hours": "Mo-Su 16:00-20:00, Sa,Su 10:00-14:00", "stations": [{"stopCode": 51, "lines": "1,2", "name": "Symphony Station", "walkingMeters": 371, "walkingSeconds": 269, "band": 5}, {"stopCode": 50, "lines": "1,2", "name": "Westlake Station", "walkingMeters": 385, "walkingSeconds": 277, "band": 5}, {"stopCode": 52, "lines": "1,2", "name": "Pioneer Square Station", "walkingMeters": 1065, "walkingSeconds": 769, "band": 15}]}, "geometry": {"type": "Point", "coordinates": [-122.3391713, 47.6093266]}}, {"type": "Feature", "properties": {"id": 6498483085, "name": "Biryani and Curry King", "category": "restaurant", "tags": ["restaurant", "asian"], "sources": ["osm"], "address": "105 1st Avenue South", "stations": [{"stopCode": 52, "lines": "1,2", "name": "Pioneer Square Station", "walkingMeters": 317, "walkingSeconds": 228, "band": 5}, {"stopCode": 53, "lines": "1,2", "name": "International District Station", "walkingMeters": 757, "walkingSeconds": 547, "band": 10}, {"stopCode": 51, "lines": "1,2", "name": "Symphony Station", "walkingMeters": 883, "walkingSeconds": 636, "band": 10}]}, "geometry": {"type": "Point", "coordinates": [-122.3343712, 47.6014685]}}, {"type": "Feature", "properties": {"id": "f3e7ed7b-521b-4298-98b7-b728cbfb3a0b", "name": "Casco Antiguo", "category": "bar", "tags": ["bar", "mexican"], "sources": ["overture"], "phone": "2065380400", "address": "115 Occidental Ave S", "stations": [{"stopCode": 52, "lines": "1,2", "name": "Pioneer Square Station", "walkingMeters": 302, "walkingSeconds": 217, "band": 5}, {"stopCode": 53, "lines": "1,2", "name": "International District Station", "walkingMeters": 630, "walkingSeconds": 455, "band": 10}, {"stopCode": 51, "lines": "1,2", "name": "Symphony Station", "walkingMeters": 944, "walkingSeconds": 680, "band": 10}]}, "geometry": {"type": "Point", "coordinates": [-122.3332367, 47.6011963]}}, {"type": "Feature", "properties": {"id": "29c41c24-93f2-4707-ba33-9a3bf097faf9", "name": "Pok\u00e9 Bar", "category": "restaurant", "tags": ["restaurant", "poke", "hawaiian"], "sources": ["overture"], "website": "http://www.ilovepokebar.com/", "phone": "2064204304", "address": "719 2nd Ave Unit B", "stations": [{"stopCode": 52, "lines": "1,2", "name": "Pioneer Square Station", "walkingMeters": 244, "walkingSeconds": 176, "band": 5}, {"stopCode": 51, "lines": "1,2", "name": "Symphony Station", "walkingMeters": 662, "walkingSeconds": 476, "band": 10}, {"stopCode": 53, "lines": "1,2", "name": "International District Station", "walkingMeters": 761, "walkingSeconds": 555, "band": 10}, {"stopCode": 50, "lines": "1,2", "name": "Westlake Station", "walkingMeters": 1188, "walkingSeconds": 854, "band": 15}]}, "geometry": {"type": "Point", "coordinates": [-122.333374, 47.6030884]}}, {"type": "Feature", "properties": {"id": 6988334415, "name": "Nirmal\u2019s", "category": "restaurant", "tags": ["restaurant", "indian", "vegetarian", "asian"], "sources": ["osm", "overture"], "website": "http://www.nirmalseattle.com/", "phone": "+12066839701", "address": "106 Occidental Ave S", "stations": [{"stopCode": 52, "lines": "1,2", "name": "Pioneer Square Station", "walkingMeters": 253, "walkingSeconds": 182, "band": 5}, {"stopCode": 53, "lines": "1,2", "name": "International District Station", "walkingMeters": 641, "walkingSeconds": 463, "band": 10}, {"stopCode": 51, "lines": "1,2", "name": "Symphony Station", "walkingMeters": 895, "walkingSeconds": 644, "band": 10}]}, "geometry": {"type": "Point", "coordinates": [-122.3326533, 47.6014622]}}, {"type": "Feature", "properties": {"id": 8544921217, "name": "Retro Coffee", "category": "cafe", "tags": ["cafe", "coffee-shop", "indoor-seating", "coffee"], "sources": ["osm", "overture"], "phone": "+12069470927", "address": "920 5th Ave", "hours": "Mo-Fr 06:00-17:00, Sa-Su 07:00-13:00", "stations": [{"stopCode": 51, "lines": "1,2", "name": "Symphony Station", "walkingMeters": 520, "walkingSeconds": 374, "band": 10}, {"stopCode": 52, "lines": "1,2", "name": "Pioneer Square Station", "walkingMeters": 621, "walkingSeconds": 446, "band": 10}, {"stopCode": 50, "lines": "1,2", "name": "Westlake Station", "walkingMeters": 738, "walkingSeconds": 539, "band": 10}, {"stopCode": 53, "lines": "1,2", "name": "International District Station", "walkingMeters": 1069, "walkingSeconds": 770, "band": 15}]}, "geometry": {"type": "Point", "coordinates": [-122.3312427, 47.6066338]}}, {"type": "Feature", "properties": {"id": "c1087df1-cdfc-4dc7-87c6-fa5ee4fbc313", "name": "Happy Teriyaki", "category": "restaurant", "tags": ["restaurant", "asian", "fusion"], "sources": ["overture"], "website": "http://www.happyteriyakiseattle.com/", "phone": "2062244444", "address": "823 3rd Ave Ste 109", "stations": [{"stopCode": 52, "lines": "1,2", "name": "Pioneer Square Station", "walkingMeters": 258, "walkingSeconds": 186, "band": 5}, {"stopCode": 51, "lines": "1,2", "name": "Symphony Station", "walkingMeters": 455, "walkingSeconds": 327, "band": 10}, {"stopCode": 53, "lines": "1,2", "name": "International District Station", "walkingMeters": 896, "walkingSeconds": 647, "band": 15}, {"stopCode": 50, "lines": "1,2", "name": "Westlake Station", "walkingMeters": 983, "walkingSeconds": 708, "band": 15}]}, "geometry": {"type": "Point", "coordinates": [-122.3330078, 47.6044083]}}, {"type": "Feature", "properties": {"id": 9567346163, "name": "Underbelly", "category": "bar", "tags": ["bar"], "sources": ["osm", "overture"], "website": "http://www.underbellyofseattle.com", "phone": "+17144945762", "address": "119 1st Ave S", "hours": "Su-Th 11:30-00:00; Fr-Sa 11:30-02:00", "stations": [{"stopCode": 52, "lines": "1,2", "name": "Pioneer Square Station", "walkingMeters": 369, "walkingSeconds": 265, "band": 5}, {"stopCode": 53, "lines": "1,2", "name": "International District Station", "walkingMeters": 705, "walkingSeconds": 509, "band": 10}, {"stopCode": 51, "lines": "1,2", "name": "Symphony Station", "walkingMeters": 935, "walkingSeconds": 673, "band": 15}]}, "geometry": {"type": "Point", "coordinates": [-122.3343729, 47.601001]}}, {"type": "Feature", "properties": {"id": 10744023430, "name": "DeLeo Bros. Pizza", "category": "fast_food", "tags": ["fast-food", "pizza", "takeaway", "restaurant", "italian"], "sources": ["osm", "overture"], "website": "http://deleobrotherspizza.com/", "phone": "+12068377805", "address": "202 Occidental Ave S", "hours": "Mo-Sa 11:00-21:00; Su 12:00-21:00", "stations": [{"stopCode": 52, "lines": "1,2", "name": "Pioneer Square Station", "walkingMeters": 318, "walkingSeconds": 230, "band": 5}, {"stopCode": 53, "lines": "1,2", "name": "International District Station", "walkingMeters": 566, "walkingSeconds": 409, "band": 10}, {"stopCode": 51, "lines": "1,2", "name": "Symphony Station", "walkingMeters": 971, "walkingSeconds": 698, "band": 15}]}, "geometry": {"type": "Point", "coordinates": [-122.3326611, 47.6007289]}}, {"type": "Feature", "properties": {"id": "d6f6937b-f556-416c-9aa0-f65f18f127a8", "name": "Cafe Zum Zum", "category": "restaurant", "tags": ["restaurant", "indian"], "sources": ["overture"], "website": "http://cafezumzumsea.com", "phone": "(206) 622-7391", "address": "823 3rd Ave", "stations": [{"stopCode": 52, "lines": "1,2", "name": "Pioneer Square Station", "walkingMeters": 312, "walkingSeconds": 225, "band": 5}, {"stopCode": 51, "lines": "1,2", "name": "Symphony Station", "walkingMeters": 405, "walkingSeconds": 292, "band": 5}, {"stopCode": 50, "lines": "1,2", "name": "Westlake Station", "walkingMeters": 930, "walkingSeconds": 670, "band": 15}, {"stopCode": 53, "lines": "1,2", "name": "International District Station", "walkingMeters": 951, "walkingSeconds": 686, "band": 15}]}, "geometry": {"type": "Point", "coordinates": [-122.3334274, 47.6048164]}}, {"type": "Feature", "properties": {"id": 11073945617, "name": "The Shop by Porter", "category": "cafe", "tags": ["cafe", "coffee-shop", "outdoor-seating", "wifi", "furniture"], "sources": ["osm", "overture"], "website": "https://byporter.com/theshopbyporter", "phone": "+12068234369", "address": "1201 2nd Ave", "hours": "Tu-Fr 09:00-19:00", "stations": [{"stopCode": 51, "lines": "1,2", "name": "Symphony Station", "walkingMeters": 258, "walkingSeconds": 186, "band": 5}, {"stopCode": 50, "lines": "1,2", "name": "Westlake Station", "walkingMeters": 778, "walkingSeconds": 560, "band": 10}, {"stopCode": 52, "lines": "1,2", "name": "Pioneer Square Station", "walkingMeters": 798, "walkingSeconds": 574, "band": 10}]}, "geometry": {"type": "Point", "coordinates": [-122.3375333, 47.6064246]}}, {"type": "Feature", "properties": {"id": 11408727769, "name": "Ladro", "category": "cafe", "tags": ["cafe"], "sources": ["osm"], "stations": [{"stopCode": 51, "lines": "1,2", "name": "Symphony Station", "walkingMeters": 132, "walkingSeconds": 95, "band": 5}, {"stopCode": 50, "lines": "1,2", "name": "Westlake Station", "walkingMeters": 653, "walkingSeconds": 470, "band": 10}, {"stopCode": 52, "lines": "1,2", "name": "Pioneer Square Station", "walkingMeters": 773, "walkingSeconds": 556, "band": 10}]}, "geometry": {"type": "Point", "coordinates": [-122.3372009, 47.607076]}}, {"type": "Feature", "properties": {"id": 11663016262, "name": "Tiger Sugar", "category": "cafe", "tags": ["cafe", "bubble-tea", "takeaway"], "sources": ["osm"], "website": "https://tigersugar.com", "address": "1422 2nd Avenue", "stations": [{"stopCode": 51, "lines": "1,2", "name": "Symphony Station", "walkingMeters": 278, "walkingSeconds": 200, "band": 5}, {"stopCode": 50, "lines": "1,2", "name": "Westlake Station", "walkingMeters": 423, "walkingSeconds": 304, "band": 5}, {"stopCode": 52, "lines": "1,2", "name": "Pioneer Square Station", "walkingMeters": 971, "walkingSeconds": 699, "band": 15}]}, "geometry": {"type": "Point", "coordinates": [-122.3382813, 47.6089368]}}, {"type": "Feature", "properties": {"id": 12468074401, "name": "Harbor Cafe", "category": "fast_food", "tags": ["fast-food", "japanese", "korean", "thai", "restaurant"], "sources": ["osm", "overture"], "website": "harborcafesantacruz.com", "phone": "12063409908", "address": "1411 4th Ave  Ste 103", "hours": "Mo-Fr 09:00-14:30", "stations": [{"stopCode": 51, "lines": "1,2", "name": "Symphony Station", "walkingMeters": 242, "walkingSeconds": 174, "band": 5}, {"stopCode": 50, "lines": "1,2", "name": "Westlake Station", "walkingMeters": 288, "walkingSeconds": 209, "band": 5}, {"stopCode": 52, "lines": "1,2", "name": "Pioneer Square Station", "walkingMeters": 936, "walkingSeconds": 674, "band": 15}]}, "geometry": {"type": "Point", "coordinates": [-122.3363055, 47.6093512]}}, {"type": "Feature", "properties": {"id": 12896579781, "name": "Olympic Bar", "category": "bar", "tags": ["bar", "indoor-seating", "wheelchair-accessible", "air-conditioned", "cocktail"], "sources": ["osm", "overture"], "website": "http://www.fairmont.com/seattle/dining/olympic-bar", "phone": "+12066211700", "address": "411 University St", "hours": "Mo-Th 14:00-23:00; Fr 14:00-24:00; Sa 11:00-24:00; Su 11:00-23:00", "stations": [{"stopCode": 51, "lines": "1,2", "name": "Symphony Station", "walkingMeters": 181, "walkingSeconds": 130, "band": 5}, {"stopCode": 50, "lines": "1,2", "name": "Westlake Station", "walkingMeters": 489, "walkingSeconds": 352, "band": 10}, {"stopCode": 52, "lines": "1,2", "name": "Pioneer Square Station", "walkingMeters": 835, "walkingSeconds": 601, "band": 10}]}, "geometry": {"type": "Point", "coordinates": [-122.3340253, 47.6081354]}}, {"type": "Feature", "properties": {"id": 13102292801, "name": "All Water Seafood and Oyster Bar", "category": "restaurant", "tags": ["restaurant"], "sources": ["osm"], "address": "1000 1st Avenue", "hours": "Mo-Su 07:00-22:00", "stations": [{"stopCode": 51, "lines": "1,2", "name": "Symphony Station", "walkingMeters": 440, "walkingSeconds": 317, "band": 5}, {"stopCode": 52, "lines": "1,2", "name": "Pioneer Square Station", "walkingMeters": 610, "walkingSeconds": 439, "band": 10}, {"stopCode": 50, "lines": "1,2", "name": "Westlake Station", "walkingMeters": 964, "walkingSeconds": 693, "band": 15}, {"stopCode": 53, "lines": "1,2", "name": "International District Station", "walkingMeters": 1104, "walkingSeconds": 800, "band": 15}]}, "geometry": {"type": "Point", "coordinates": [-122.3362685, 47.6049858]}}, {"type": "Feature", "properties": {"id": 13239679202, "name": "Saigon Drip Caf\u00e9", "category": "cafe", "tags": ["cafe", "vietnamese", "restaurant"], "sources": ["osm", "overture"], "website": "http://www.saigondripcafe.com", "phone": "(206) 280-1797", "address": "161 S Washington St", "hours": "Su 10:00-16:00; Mo-Th 09:00-17:00; Fr 09:00-20:00; Sa 10:00-20:00", "stations": [{"stopCode": 52, "lines": "1,2", "name": "Pioneer Square Station", "walkingMeters": 304, "walkingSeconds": 220, "band": 5}, {"stopCode": 53, "lines": "1,2", "name": "International District Station", "walkingMeters": 552, "walkingSeconds": 399, "band": 10}, {"stopCode": 51, "lines": "1,2", "name": "Symphony Station", "walkingMeters": 957, "walkingSeconds": 688, "band": 15}]}, "geometry": {"type": "Point", "coordinates": [-122.3324716, 47.6007715]}}, {"type": "Feature", "properties": {"id": 13934878901, "name": "Super Chix Chicken & Custard", "category": "fast_food", "tags": ["fast-food", "chicken", "frozen-custard", "custard", "ice-cream", "takeaway"], "sources": ["osm"], "website": "https://superchix.com/locations#!/wa/seattle/910-alaskan-way", "phone": "+1-206-717-2300", "address": "910 Alaskan Way", "hours": "11:00-22:00", "stations": [{"stopCode": 51, "lines": "1,2", "name": "Symphony Station", "walkingMeters": 647, "walkingSeconds": 465, "band": 10}, {"stopCode": 52, "lines": "1,2", "name": "Pioneer Square Station", "walkingMeters": 680, "walkingSeconds": 488, "band": 10}, {"stopCode": 53, "lines": "1,2", "name": "International District Station", "walkingMeters": 1150, "walkingSeconds": 833, "band": 15}, {"stopCode": 50, "lines": "1,2", "name": "Westlake Station", "walkingMeters": 1169, "walkingSeconds": 841, "band": 15}]}, "geometry": {"type": "Point", "coordinates": [-122.3377046, 47.603855]}}, {"type": "Feature", "properties": {"id": 13992777927, "name": "Puget Sound Perks", "category": "cafe", "tags": ["cafe", "coffee-shop"], "sources": ["osm"], "stations": [{"stopCode": 52, "lines": "1,2", "name": "Pioneer Square Station", "walkingMeters": 753, "walkingSeconds": 541, "band": 10}, {"stopCode": 51, "lines": "1,2", "name": "Symphony Station", "walkingMeters": 920, "walkingSeconds": 664, "band": 10}, {"stopCode": 53, "lines": "1,2", "name": "International District Station", "walkingMeters": 1223, "walkingSeconds": 885, "band": 15}]}, "geometry": {"type": "Point", "coordinates": [-122.3390084, 47.6024834]}}, {"type": "Feature", "properties": {"id": 14099527323, "name": "Porter", "category": "cafe", "tags": ["cafe"], "sources": ["osm"], "website": "https://byporter.com", "stations": [{"stopCode": 51, "lines": "1,2", "name": "Symphony Station", "walkingMeters": 190, "walkingSeconds": 136, "band": 5}, {"stopCode": 50, "lines": "1,2", "name": "Westlake Station", "walkingMeters": 558, "walkingSeconds": 401, "band": 10}, {"stopCode": 52, "lines": "1,2", "name": "Pioneer Square Station", "walkingMeters": 872, "walkingSeconds": 627, "band": 15}]}, "geometry": {"type": "Point", "coordinates": [-122.338141, 47.6077257]}}, {"type": "Feature", "properties": {"id": 52782171, "name": "Merchant's Cafe and Saloon", "category": "pub", "tags": ["pub", "restaurant", "bar-and-grill", "bar", "grill"], "sources": ["osm", "overture"], "website": "http://MerchantsCafeAndSaloon.com/", "phone": "+12064675070", "address": "109 Yesler Wy", "stations": [{"stopCode": 52, "lines": "1,2", "name": "Pioneer Square Station", "walkingMeters": 247, "walkingSeconds": 178, "band": 5}, {"stopCode": 53, "lines": "1,2", "name": "International District Station", "walkingMeters": 698, "walkingSeconds": 508, "band": 10}, {"stopCode": 51, "lines": "1,2", "name": "Symphony Station", "walkingMeters": 883, "walkingSeconds": 636, "band": 10}]}, "geometry": {"type": "Point", "coordinates": [-122.3334283, 47.6015479]}}, {"type": "Feature", "properties": {"id": 164220928, "name": "Saigon Drip Kitchen", "category": "cafe", "tags": ["cafe", "vietnamese"], "sources": ["osm"], "website": "https://www.saigondripcafe.com/", "address": "301 2nd Avenue Extension South", "hours": "Fr 18:00-22:00", "stations": [{"stopCode": 52, "lines": "1,2", "name": "Pioneer Square Station", "walkingMeters": 342, "walkingSeconds": 248, "band": 5}, {"stopCode": 53, "lines": "1,2", "name": "International District Station", "walkingMeters": 385, "walkingSeconds": 279, "band": 5}, {"stopCode": 51, "lines": "1,2", "name": "Symphony Station", "walkingMeters": 1037, "walkingSeconds": 747, "band": 15}, {"stopCode": 54, "lines": "1", "name": "Stadium Station", "walkingMeters": 1200, "walkingSeconds": 870, "band": 15}]}, "geometry": {"type": "Point", "coordinates": [-122.3308471, 47.6001649]}}, {"type": "Feature", "properties": {"id": 226321143, "name": "McCoy's Firehouse BBQ", "category": "restaurant", "tags": ["restaurant", "american", "barbecue", "outdoor-seating", "indoor-seating"], "sources": ["osm"], "website": "https://mccoysfirehouse.com/", "phone": "+1-206-652-5797", "address": "173 South Washington Street", "stations": [{"stopCode": 52, "lines": "1,2", "name": "Pioneer Square Station", "walkingMeters": 295, "walkingSeconds": 214, "band": 5}, {"stopCode": 53, "lines": "1,2", "name": "International District Station", "walkingMeters": 508, "walkingSeconds": 367, "band": 10}, {"stopCode": 51, "lines": "1,2", "name": "Symphony Station", "walkingMeters": 961, "walkingSeconds": 692, "band": 15}]}, "geometry": {"type": "Point", "coordinates": [-122.3318195, 47.6007056]}}, {"type": "Feature", "properties": {"id": 232080293, "name": "Nom House", "category": "restaurant", "tags": ["restaurant", "vietnamese"], "sources": ["osm"], "website": "https://nomhousekitchen.com/", "address": "1111 3rd Avenue", "stations": [{"stopCode": 51, "lines": "1,2", "name": "Symphony Station", "walkingMeters": 224, "walkingSeconds": 162, "band": 5}, {"stopCode": 52, "lines": "1,2", "name": "Pioneer Square Station", "walkingMeters": 552, "walkingSeconds": 397, "band": 10}, {"stopCode": 50, "lines": "1,2", "name": "Westlake Station", "walkingMeters": 754, "walkingSeconds": 543, "band": 10}, {"stopCode": 53, "lines": "1,2", "name": "International District Station", "walkingMeters": 1181, "walkingSeconds": 852, "band": 15}]}, "geometry": {"type": "Point", "coordinates": [-122.3352637, 47.6062623]}}, {"type": "Feature", "properties": {"id": 232080294, "name": "Westman's Bagel & Coffee", "category": "fast_food", "tags": ["fast-food", "bagel"], "sources": ["osm"], "address": "1111 3rd Avenue", "stations": [{"stopCode": 51, "lines": "1,2", "name": "Symphony Station", "walkingMeters": 201, "walkingSeconds": 145, "band": 5}, {"stopCode": 52, "lines": "1,2", "name": "Pioneer Square Station", "walkingMeters": 528, "walkingSeconds": 380, "band": 10}, {"stopCode": 50, "lines": "1,2", "name": "Westlake Station", "walkingMeters": 730, "walkingSeconds": 526, "band": 10}, {"stopCode": 53, "lines": "1,2", "name": "International District Station", "walkingMeters": 1166, "walkingSeconds": 841, "band": 15}]}, "geometry": {"type": "Point", "coordinates": [-122.3349595, 47.6063321]}}, {"type": "Feature", "properties": {"id": 397023122, "name": "Kudedon Sushi", "category": "restaurant", "tags": ["restaurant", "sushi"], "sources": ["osm"], "website": "https://kudedon.com", "phone": "+1-206-434-8367", "address": "1323 4th Avenue", "stations": [{"stopCode": 51, "lines": "1,2", "name": "Symphony Station", "walkingMeters": 159, "walkingSeconds": 114, "band": 5}, {"stopCode": 50, "lines": "1,2", "name": "Westlake Station", "walkingMeters": 376, "walkingSeconds": 273, "band": 5}, {"stopCode": 52, "lines": "1,2", "name": "Pioneer Square Station", "walkingMeters": 848, "walkingSeconds": 610, "band": 15}]}, "geometry": {"type": "Point", "coordinates": [-122.3356639, 47.6087152]}}, {"type": "Feature", "properties": {"id": "6ca504a2-0f84-42f3-87d2-6d58d5e67833", "name": "Dilettante Mocha Caf\u00e9", "category": "cafe", "tags": ["cafe", "coffee"], "sources": ["overture"], "website": "http://www.dilettante.com/", "phone": "2062231644", "address": "1310 4th Ave", "stations": [{"stopCode": 51, "lines": "1,2", "name": "Symphony Station", "walkingMeters": 172, "walkingSeconds": 124, "band": 5}, {"stopCode": 50, "lines": "1,2", "name": "Westlake Station", "walkingMeters": 365, "walkingSeconds": 263, "band": 5}, {"stopCode": 52, "lines": "1,2", "name": "Pioneer Square Station", "walkingMeters": 862, "walkingSeconds": 620, "band": 15}]}, "geometry": {"type": "Point", "coordinates": [-122.3349304, 47.6089745]}}, {"type": "Feature", "properties": {"id": "d12ba89b-3501-40ca-baa2-cd7091b9d5cf", "name": "Jersey Mikes", "category": "fast_food", "tags": ["fast-food", "fast", "food"], "sources": ["overture"], "phone": "4259220531", "address": "1418 1st Ave", "stations": [{"stopCode": 51, "lines": "1,2", "name": "Symphony Station", "walkingMeters": 394, "walkingSeconds": 284, "band": 5}, {"stopCode": 50, "lines": "1,2", "name": "Westlake Station", "walkingMeters": 514, "walkingSeconds": 372, "band": 10}, {"stopCode": 52, "lines": "1,2", "name": "Pioneer Square Station", "walkingMeters": 1087, "walkingSeconds": 782, "band": 15}]}, "geometry": {"type": "Point", "coordinates": [-122.3396683, 47.60849]}}, {"type": "Feature", "properties": {"id": "5a66e9b7-2beb-42fb-a7a0-c28925188213", "name": "Grand Central Bakery", "category": "bakery", "tags": ["bakery"], "sources": ["overture"], "website": "http://www.grandcentralbakery.com/", "phone": "(206) 622-3644", "address": "214 1st Ave S", "stations": [{"stopCode": 52, "lines": "1,2", "name": "Pioneer Square Station", "walkingMeters": 446, "walkingSeconds": 321, "band": 5}, {"stopCode": 53, "lines": "1,2", "name": "International District Station", "walkingMeters": 574, "walkingSeconds": 415, "band": 10}, {"stopCode": 51, "lines": "1,2", "name": "Symphony Station", "walkingMeters": 1078, "walkingSeconds": 776, "band": 15}]}, "geometry": {"type": "Point", "coordinates": [-122.3333588, 47.600338]}}, {"type": "Feature", "properties": {"id": "f87ca1e9-c894-4590-90fd-c98030062734", "name": "The Lodge Sports Grille", "category": "restaurant", "tags": ["restaurant", "bar-and-grill", "bar", "grill"], "sources": ["overture"], "website": "https://thelodgesportsgrille.com", "phone": "12065577360", "address": "1102 4th Ave", "stations": [{"stopCode": 51, "lines": "1,2", "name": "Symphony Station", "walkingMeters": 284, "walkingSeconds": 204, "band": 5}, {"stopCode": 52, "lines": "1,2", "name": "Pioneer Square Station", "walkingMeters": 612, "walkingSeconds": 440, "band": 10}, {"stopCode": 50, "lines": "1,2", "name": "Westlake Station", "walkingMeters": 621, "walkingSeconds": 447, "band": 10}, {"stopCode": 53, "lines": "1,2", "name": "International District Station", "walkingMeters": 1154, "walkingSeconds": 831, "band": 15}]}, "geometry": {"type": "Point", "coordinates": [-122.3334808, 47.6070976]}}, {"type": "Feature", "properties": {"id": "5f5bbf8b-183c-429d-887d-0bdc7490b3c2", "name": "Local Coffee Spot", "category": "cafe", "tags": ["cafe", "coffee", "breakfast-and-brunch"], "sources": ["overture"], "website": "https://localcoffeespot.com", "phone": "+12064533469", "address": "808 3rd Ave", "stations": [{"stopCode": 52, "lines": "1,2", "name": "Pioneer Square Station", "walkingMeters": 262, "walkingSeconds": 189, "band": 5}, {"stopCode": 51, "lines": "1,2", "name": "Symphony Station", "walkingMeters": 451, "walkingSeconds": 324, "band": 10}, {"stopCode": 53, "lines": "1,2", "name": "International District Station", "walkingMeters": 896, "walkingSeconds": 646, "band": 15}, {"stopCode": 50, "lines": "1,2", "name": "Westlake Station", "walkingMeters": 964, "walkingSeconds": 694, "band": 15}]}, "geometry": {"type": "Point", "coordinates": [-122.332901, 47.6044922]}}, {"type": "Feature", "properties": {"id": "209620fd-7481-4d53-8e10-7294cff6d162", "name": "Specialty\u2019s Caf\u00e9 & Bakery", "category": "bakery", "tags": ["bakery"], "sources": ["overture"], "website": "http://www.specialtys.com/Stores.aspx", "phone": "(206) 264-0887", "address": "1023 3rd Ave", "stations": [{"stopCode": 51, "lines": "1,2", "name": "Symphony Station", "walkingMeters": 205, "walkingSeconds": 151, "band": 5}, {"stopCode": 52, "lines": "1,2", "name": "Pioneer Square Station", "walkingMeters": 482, "walkingSeconds": 357, "band": 10}, {"stopCode": 50, "lines": "1,2", "name": "Westlake Station", "walkingMeters": 735, "walkingSeconds": 531, "band": 10}, {"stopCode": 53, "lines": "1,2", "name": "International District Station", "walkingMeters": 1139, "walkingSeconds": 820, "band": 15}]}, "geometry": {"type": "Point", "coordinates": [-122.3346329, 47.6062241]}}, {"type": "Feature", "properties": {"id": "e621398d-db12-43b6-9e37-d280a98d3a82", "name": "Honor Coffee", "category": "cafe", "tags": ["cafe", "coffee"], "sources": ["overture"], "website": "https://www.honorcoffee.com/", "phone": "+14255982185", "address": "200 University St", "stations": [{"stopCode": 51, "lines": "1,2", "name": "Symphony Station", "walkingMeters": 108, "walkingSeconds": 81, "band": 5}, {"stopCode": 50, "lines": "1,2", "name": "Westlake Station", "walkingMeters": 592, "walkingSeconds": 442, "band": 10}, {"stopCode": 52, "lines": "1,2", "name": "Pioneer Square Station", "walkingMeters": 909, "walkingSeconds": 678, "band": 10}]}, "geometry": {"type": "Point", "coordinates": [-122.3370132, 47.6074829]}}, {"type": "Feature", "properties": {"id": "c9f53fce-51f5-4372-bfd1-78a9910d7675", "name": "Chipotle Mexican Grill", "category": "restaurant", "tags": ["restaurant", "mexican", "taco", "texmex"], "sources": ["overture"], "website": "https://locations.chipotle.com/wa/seattle/1501-4th-ave?utm_source=facebook&utm_medium=yext&utm_campaign=yext_listings%3Frestaurant%3D1363", "phone": "+12062040121", "address": "1501 4th Ave", "stations": [{"stopCode": 50, "lines": "1,2", "name": "Westlake Station", "walkingMeters": 269, "walkingSeconds": 193, "band": 5}, {"stopCode": 51, "lines": "1,2", "name": "Symphony Station", "walkingMeters": 285, "walkingSeconds": 205, "band": 5}, {"stopCode": 52, "lines": "1,2", "name": "Pioneer Square Station", "walkingMeters": 981, "walkingSeconds": 706, "band": 15}]}, "geometry": {"type": "Point", "coordinates": [-122.3377151, 47.6099854]}}, {"type": "Feature", "properties": {"id": "54e303b1-7c54-42cb-9239-4855a00fd3e2", "name": "Kigo Kitchen", "category": "restaurant", "tags": ["restaurant", "asian", "fusion"], "sources": ["overture"], "website": "https://www.kigokitchen.com", "phone": "+12068058884", "address": "701 5th Ave Ste 300", "stations": [{"stopCode": 52, "lines": "1,2", "name": "Pioneer Square Station", "walkingMeters": 289, "walkingSeconds": 216, "band": 5}, {"stopCode": 51, "lines": "1,2", "name": "Symphony Station", "walkingMeters": 709, "walkingSeconds": 529, "band": 10}, {"stopCode": 53, "lines": "1,2", "name": "International District Station", "walkingMeters": 928, "walkingSeconds": 693, "band": 15}, {"stopCode": 50, "lines": "1,2", "name": "Westlake Station", "walkingMeters": 1179, "walkingSeconds": 880, "band": 15}]}, "geometry": {"type": "Point", "coordinates": [-122.3306274, 47.6045227]}}, {"type": "Feature", "properties": {"id": "c50c62e3-422b-465a-8bb6-8ea65de8578f", "name": "Kigo Kitchen", "category": "restaurant", "tags": ["restaurant", "asian"], "sources": ["overture"], "website": "http://www.kigokitchen.com", "phone": "(206) 805-8846", "address": "105 1st Ave S", "stations": [{"stopCode": 52, "lines": "1,2", "name": "Pioneer Square Station", "walkingMeters": 306, "walkingSeconds": 220, "band": 5}, {"stopCode": 53, "lines": "1,2", "name": "International District Station", "walkingMeters": 758, "walkingSeconds": 551, "band": 10}, {"stopCode": 51, "lines": "1,2", "name": "Symphony Station", "walkingMeters": 872, "walkingSeconds": 628, "band": 10}]}, "geometry": {"type": "Point", "coordinates": [-122.3344727, 47.601593]}}, {"type": "Feature", "properties": {"id": "513c3449-d53c-41c3-a5f3-e87c2dfa31bb", "name": "Walla Walla Farms Caf\u00e9 And Catering", "category": "cafe", "tags": ["cafe"], "sources": ["overture"], "website": "https://wallawallafarms.com", "address": "1191 2nd Ave", "stations": [{"stopCode": 51, "lines": "1,2", "name": "Symphony Station", "walkingMeters": 245, "walkingSeconds": 176, "band": 5}, {"stopCode": 52, "lines": "1,2", "name": "Pioneer Square Station", "walkingMeters": 721, "walkingSeconds": 519, "band": 10}, {"stopCode": 50, "lines": "1,2", "name": "Westlake Station", "walkingMeters": 769, "walkingSeconds": 553, "band": 10}, {"stopCode": 53, "lines": "1,2", "name": "International District Station", "walkingMeters": 1244, "walkingSeconds": 903, "band": 15}]}, "geometry": {"type": "Point", "coordinates": [-122.3367233, 47.6061058]}}, {"type": "Feature", "properties": {"id": "57a544c8-bb37-4e00-858f-23a0f989dcd2", "name": "Von's Grand City Cafe", "category": "restaurant", "tags": ["restaurant"], "sources": ["overture"], "address": "1225 1st Ave", "stations": [{"stopCode": 51, "lines": "1,2", "name": "Symphony Station", "walkingMeters": 283, "walkingSeconds": 211, "band": 5}, {"stopCode": 50, "lines": "1,2", "name": "Westlake Station", "walkingMeters": 743, "walkingSeconds": 554, "band": 10}, {"stopCode": 52, "lines": "1,2", "name": "Pioneer Square Station", "walkingMeters": 893, "walkingSeconds": 666, "band": 10}]}, "geometry": {"type": "Point", "coordinates": [-122.3382263, 47.6065331]}}, {"type": "Feature", "properties": {"id": "5b946219-3108-4f30-99f5-0ae76f871de8", "name": "Tully's Coffee", "category": "cafe", "tags": ["cafe", "coffee"], "sources": ["overture"], "website": "http://www.tullys.com/", "phone": "2062232755", "address": "1001 3rd Ave", "stations": [{"stopCode": 51, "lines": "1,2", "name": "Symphony Station", "walkingMeters": 258, "walkingSeconds": 190, "band": 5}, {"stopCode": 52, "lines": "1,2", "name": "Pioneer Square Station", "walkingMeters": 429, "walkingSeconds": 319, "band": 10}, {"stopCode": 50, "lines": "1,2", "name": "Westlake Station", "walkingMeters": 788, "walkingSeconds": 569, "band": 10}, {"stopCode": 53, "lines": "1,2", "name": "International District Station", "walkingMeters": 1086, "walkingSeconds": 782, "band": 15}]}, "geometry": {"type": "Point", "coordinates": [-122.3342667, 47.6058159]}}, {"type": "Feature", "properties": {"id": "c4ee3c48-9085-4d77-8858-43fc95ae08b4", "name": "Tully's Coffee", "category": "cafe", "tags": ["cafe", "coffee"], "sources": ["overture"], "website": "http://www.tullys.com/", "phone": "2067480604", "address": "99 Yesler Way", "stations": [{"stopCode": 52, "lines": "1,2", "name": "Pioneer Square Station", "walkingMeters": 299, "walkingSeconds": 219, "band": 5}, {"stopCode": 53, "lines": "1,2", "name": "International District Station", "walkingMeters": 758, "walkingSeconds": 555, "band": 10}, {"stopCode": 51, "lines": "1,2", "name": "Symphony Station", "walkingMeters": 865, "walkingSeconds": 622, "band": 10}]}, "geometry": {"type": "Point", "coordinates": [-122.3344879, 47.6017303]}}, {"type": "Feature", "properties": {"id": "dfb78ad4-a9ee-4959-860d-61964546f838", "name": "Red Robin Gourmet Burgers and Brews", "category": "bar", "tags": ["bar", "burger"], "sources": ["overture"], "website": "https://www.redrobin.com/locations/wa/seattle/pier-55-100", "phone": "2066231942", "address": "1101 Alaskan Way", "stations": [{"stopCode": 51, "lines": "1,2", "name": "Symphony Station", "walkingMeters": 588, "walkingSeconds": 425, "band": 10}, {"stopCode": 52, "lines": "1,2", "name": "Pioneer Square Station", "walkingMeters": 814, "walkingSeconds": 585, "band": 10}, {"stopCode": 50, "lines": "1,2", "name": "Westlake Station", "walkingMeters": 1110, "walkingSeconds": 800, "band": 15}]}, "geometry": {"type": "Point", "coordinates": [-122.3391037, 47.6043968]}}, {"type": "Feature", "properties": {"id": "240d44a9-99c9-4026-a03a-7dfc2f842d83", "name": "Tillicum Village Excursion", "category": "restaurant", "tags": ["restaurant"], "sources": ["overture"], "address": "1101 Alaskan Way", "stations": [{"stopCode": 51, "lines": "1,2", "name": "Symphony Station", "walkingMeters": 566, "walkingSeconds": 422, "band": 10}, {"stopCode": 52, "lines": "1,2", "name": "Pioneer Square Station", "walkingMeters": 883, "walkingSeconds": 659, "band": 15}, {"stopCode": 50, "lines": "1,2", "name": "Westlake Station", "walkingMeters": 1025, "walkingSeconds": 765, "band": 15}]}, "geometry": {"type": "Point", "coordinates": [-122.3396683, 47.6047668]}}, {"type": "Feature", "properties": {"id": "c3a5b039-6634-4876-baa3-69aacdcb0eda", "name": "Noc Noc", "category": "restaurant", "tags": ["restaurant"], "sources": ["overture"], "website": "http://clubnocnoc.com", "phone": "2062231333", "address": "1516 2nd Ave", "stations": [{"stopCode": 50, "lines": "1,2", "name": "Westlake Station", "walkingMeters": 327, "walkingSeconds": 244, "band": 5}, {"stopCode": 51, "lines": "1,2", "name": "Symphony Station", "walkingMeters": 423, "walkingSeconds": 316, "band": 5}, {"stopCode": 52, "lines": "1,2", "name": "Pioneer Square Station", "walkingMeters": 1308, "walkingSeconds": 976, "band": 15}]}, "geometry": {"type": "Point", "coordinates": [-122.3390198, 47.6099243]}}, {"type": "Feature", "properties": {"id": "8be965c2-d986-4aee-ae0b-7d30cb91f335", "name": "Elysian Bar", "category": "bar", "tags": ["bar"], "sources": ["overture"], "website": "http://elysianbrewing.com", "address": "1516 2nd Ave", "stations": [{"stopCode": 50, "lines": "1,2", "name": "Westlake Station", "walkingMeters": 350, "walkingSeconds": 253, "band": 5}, {"stopCode": 51, "lines": "1,2", "name": "Symphony Station", "walkingMeters": 402, "walkingSeconds": 292, "band": 5}, {"stopCode": 52, "lines": "1,2", "name": "Pioneer Square Station", "walkingMeters": 1096, "walkingSeconds": 791, "band": 15}]}, "geometry": {"type": "Point", "coordinates": [-122.3393478, 47.6096916]}}, {"type": "Feature", "properties": {"id": "8b413a52-b310-481e-8271-904ff918d3a4", "name": "Hard Rock Cafe", "category": "restaurant", "tags": ["restaurant", "american"], "sources": ["overture"], "website": "http://www.hardrockcafe.com", "phone": "12062042233", "address": "116 Pike St", "stations": [{"stopCode": 51, "lines": "1,2", "name": "Symphony Station", "walkingMeters": 403, "walkingSeconds": 301, "band": 5}, {"stopCode": 50, "lines": "1,2", "name": "Westlake Station", "walkingMeters": 425, "walkingSeconds": 317, "band": 5}, {"stopCode": 52, "lines": "1,2", "name": "Pioneer Square Station", "walkingMeters": 1267, "walkingSeconds": 946, "band": 15}]}, "geometry": {"type": "Point", "coordinates": [-122.3395081, 47.6093102]}}, {"type": "Feature", "properties": {"id": "193a2f44-8962-4a4e-ad9b-17dde1aef2cc", "name": "Seattle's Best Coffee", "category": "cafe", "tags": ["cafe", "coffee"], "sources": ["overture"], "website": "http://www.seattlesbest.com", "phone": "+12063408867", "address": "107 Pike St", "stations": [{"stopCode": 50, "lines": "1,2", "name": "Westlake Station", "walkingMeters": 450, "walkingSeconds": 326, "band": 5}, {"stopCode": 51, "lines": "1,2", "name": "Symphony Station", "walkingMeters": 472, "walkingSeconds": 340, "band": 5}, {"stopCode": 52, "lines": "1,2", "name": "Pioneer Square Station", "walkingMeters": 1166, "walkingSeconds": 839, "band": 15}]}, "geometry": {"type": "Point", "coordinates": [-122.3395462, 47.6088562]}}, {"type": "Feature", "properties": {"id": "00e34141-9f9d-4ace-8027-bfdc16d5409e", "name": "1st & Pike st", "category": "cafe", "tags": ["cafe"], "sources": ["overture"], "address": "2nd Ave & Pike St, 1415", "stations": [{"stopCode": 51, "lines": "1,2", "name": "Symphony Station", "walkingMeters": 434, "walkingSeconds": 313, "band": 5}, {"stopCode": 50, "lines": "1,2", "name": "Westlake Station", "walkingMeters": 460, "walkingSeconds": 331, "band": 5}, {"stopCode": 52, "lines": "1,2", "name": "Pioneer Square Station", "walkingMeters": 1128, "walkingSeconds": 812, "band": 15}]}, "geometry": {"type": "Point", "coordinates": [-122.33992, 47.6089706]}}, {"type": "Feature", "properties": {"id": "b7d87297-72ab-4d81-9443-5618267cccf9", "name": "Bottega Gelato", "category": "ice_cream", "tags": ["ice-cream", "gelato"], "sources": ["overture"], "website": "http://www.bottegaitaliana.com/contactus.htm", "phone": "+12062236155", "address": "1425 1st Ave", "stations": [{"stopCode": 51, "lines": "1,2", "name": "Symphony Station", "walkingMeters": 397, "walkingSeconds": 286, "band": 5}, {"stopCode": 50, "lines": "1,2", "name": "Westlake Station", "walkingMeters": 535, "walkingSeconds": 387, "band": 10}, {"stopCode": 52, "lines": "1,2", "name": "Pioneer Square Station", "walkingMeters": 1090, "walkingSeconds": 784, "band": 15}]}, "geometry": {"type": "Point", "coordinates": [-122.3397293, 47.6083717]}}, {"type": "Feature", "properties": {"id": "d50e8b9d-a078-4911-9fb3-241a435616c6", "name": "The Green Room", "category": "bar", "tags": ["bar"], "sources": ["overture"], "website": "http://www.showboxonline.com", "phone": "(206) 628-3151", "address": "1426 1st Ave", "stations": [{"stopCode": 51, "lines": "1,2", "name": "Symphony Station", "walkingMeters": 392, "walkingSeconds": 282, "band": 5}, {"stopCode": 50, "lines": "1,2", "name": "Westlake Station", "walkingMeters": 502, "walkingSeconds": 363, "band": 10}, {"stopCode": 52, "lines": "1,2", "name": "Pioneer Square Station", "walkingMeters": 1085, "walkingSeconds": 781, "band": 15}]}, "geometry": {"type": "Point", "coordinates": [-122.3396225, 47.6085701]}}, {"type": "Feature", "properties": {"id": "9df630c9-3e37-4e19-83cb-d86da094d1b0", "name": "Kern's Music Shop", "category": "bar", "tags": ["bar"], "sources": ["overture"], "website": "http://www.showboxpresents.com", "phone": "(206) 628-3151", "address": "1426 1st Ave", "stations": [{"stopCode": 51, "lines": "1,2", "name": "Symphony Station", "walkingMeters": 377, "walkingSeconds": 271, "band": 5}, {"stopCode": 50, "lines": "1,2", "name": "Westlake Station", "walkingMeters": 516, "walkingSeconds": 374, "band": 10}, {"stopCode": 52, "lines": "1,2", "name": "Pioneer Square Station", "walkingMeters": 1070, "walkingSeconds": 770, "band": 15}]}, "geometry": {"type": "Point", "coordinates": [-122.3394394, 47.60849]}}, {"type": "Feature", "properties": {"id": "495fed02-7dbd-418e-9da2-0348e0e2d687", "name": "Blarney Stone Pub", "category": "pub", "tags": ["pub", "bar-and-grill"], "sources": ["overture"], "website": "https://blarneystoneseattle.com", "phone": "+12064488439", "address": "1416 1st Ave", "stations": [{"stopCode": 51, "lines": "1,2", "name": "Symphony Station", "walkingMeters": 326, "walkingSeconds": 243, "band": 5}, {"stopCode": 50, "lines": "1,2", "name": "Westlake Station", "walkingMeters": 541, "walkingSeconds": 404, "band": 10}, {"stopCode": 52, "lines": "1,2", "name": "Pioneer Square Station", "walkingMeters": 1140, "walkingSeconds": 851, "band": 15}]}, "geometry": {"type": "Point", "coordinates": [-122.3393021, 47.6082573]}}, {"type": "Feature", "properties": {"id": "046b737f-0a7e-422a-bee7-283006b11d94", "name": "The Pike Brewing Company", "category": "bar", "tags": ["bar", "beer"], "sources": ["overture"], "website": "http://pikebrewing.com/", "phone": "2066226044", "address": "1415 1st Ave", "stations": [{"stopCode": 51, "lines": "1,2", "name": "Symphony Station", "walkingMeters": 370, "walkingSeconds": 267, "band": 5}, {"stopCode": 50, "lines": "1,2", "name": "Westlake Station", "walkingMeters": 562, "walkingSeconds": 406, "band": 10}, {"stopCode": 52, "lines": "1,2", "name": "Pioneer Square Station", "walkingMeters": 1064, "walkingSeconds": 765, "band": 15}]}, "geometry": {"type": "Point", "coordinates": [-122.3395386, 47.6081696]}}, {"type": "Feature", "properties": {"id": "d540ceb4-bdcc-4848-948a-0b59887c5232", "name": "Japonessa Seattle Llc", "category": "restaurant", "tags": ["restaurant"], "sources": ["overture"], "address": "1400 1st Ave", "stations": [{"stopCode": 51, "lines": "1,2", "name": "Symphony Station", "walkingMeters": 296, "walkingSeconds": 221, "band": 5}, {"stopCode": 50, "lines": "1,2", "name": "Westlake Station", "walkingMeters": 566, "walkingSeconds": 422, "band": 10}, {"stopCode": 52, "lines": "1,2", "name": "Pioneer Square Station", "walkingMeters": 1094, "walkingSeconds": 816, "band": 15}]}, "geometry": {"type": "Point", "coordinates": [-122.3390503, 47.6079826]}}, {"type": "Feature", "properties": {"id": "5ff71f40-6758-42ac-b599-439561c4c929", "name": "Tankard & Tun", "category": "restaurant", "tags": ["restaurant", "pub"], "sources": ["overture"], "website": "http://www.pikebrewing.com/tankard-tun", "phone": "(206) 812-6619", "address": "1415 1st Ave", "stations": [{"stopCode": 51, "lines": "1,2", "name": "Symphony Station", "walkingMeters": 438, "walkingSeconds": 315, "band": 5}, {"stopCode": 50, "lines": "1,2", "name": "Westlake Station", "walkingMeters": 589, "walkingSeconds": 428, "band": 10}, {"stopCode": 52, "lines": "1,2", "name": "Pioneer Square Station", "walkingMeters": 1105, "walkingSeconds": 795, "band": 15}]}, "geometry": {"type": "Point", "coordinates": [-122.3399048, 47.6081085]}}, {"type": "Feature", "properties": {"id": "1d245100-3623-4398-b158-da9fe9f6597e", "name": "Aragona", "category": "restaurant", "tags": ["restaurant", "spanish"], "sources": ["overture"], "website": "http://aragonaseattle.com", "phone": "(206) 682-3590", "address": "96 Union St", "stations": [{"stopCode": 51, "lines": "1,2", "name": "Symphony Station", "walkingMeters": 409, "walkingSeconds": 294, "band": 5}, {"stopCode": 50, "lines": "1,2", "name": "Westlake Station", "walkingMeters": 618, "walkingSeconds": 449, "band": 10}, {"stopCode": 52, "lines": "1,2", "name": "Pioneer Square Station", "walkingMeters": 1076, "walkingSeconds": 774, "band": 15}]}, "geometry": {"type": "Point", "coordinates": [-122.3398209, 47.6078377]}}, {"type": "Feature", "properties": {"id": "5d03083d-af71-487f-89f7-711cab95d2a7", "name": "Vespolina", "category": "restaurant", "tags": ["restaurant", "italian"], "sources": ["overture"], "website": "http://vespolinaseattle.com", "phone": "(206) 682-3590", "address": "96 Union St", "stations": [{"stopCode": 51, "lines": "1,2", "name": "Symphony Station", "walkingMeters": 348, "walkingSeconds": 250, "band": 5}, {"stopCode": 50, "lines": "1,2", "name": "Westlake Station", "walkingMeters": 618, "walkingSeconds": 445, "band": 10}, {"stopCode": 52, "lines": "1,2", "name": "Pioneer Square Station", "walkingMeters": 1038, "walkingSeconds": 747, "band": 15}]}, "geometry": {"type": "Point", "coordinates": [-122.3395386, 47.60783]}}, {"type": "Feature", "properties": {"id": "dc7a5085-bc00-48eb-8f86-45939deb5802", "name": "Harbor Place Restaurant", "category": "restaurant", "tags": ["restaurant"], "sources": ["overture"], "website": "http://aragonaseattle.com", "phone": "(206) 652-9299", "address": "96 Union St Unit B411", "stations": [{"stopCode": 51, "lines": "1,2", "name": "Symphony Station", "walkingMeters": 340, "walkingSeconds": 244, "band": 5}, {"stopCode": 50, "lines": "1,2", "name": "Westlake Station", "walkingMeters": 593, "walkingSeconds": 428, "band": 10}, {"stopCode": 52, "lines": "1,2", "name": "Pioneer Square Station", "walkingMeters": 1033, "walkingSeconds": 743, "band": 15}]}, "geometry": {"type": "Point", "coordinates": [-122.339386, 47.6079063]}}, {"type": "Feature", "properties": {"id": "0b378044-b484-4197-979f-bf5789957c9c", "name": "Eventide", "category": "restaurant", "tags": ["restaurant", "seafood"], "sources": ["overture"], "website": "https://www.fourseasons.com/seattle/dining/restaurants/", "phone": "2067497000", "address": "99 Union Street", "stations": [{"stopCode": 51, "lines": "1,2", "name": "Symphony Station", "walkingMeters": 296, "walkingSeconds": 213, "band": 5}, {"stopCode": 50, "lines": "1,2", "name": "Westlake Station", "walkingMeters": 650, "walkingSeconds": 467, "band": 10}, {"stopCode": 52, "lines": "1,2", "name": "Pioneer Square Station", "walkingMeters": 974, "walkingSeconds": 701, "band": 15}]}, "geometry": {"type": "Point", "coordinates": [-122.3391037, 47.6074066]}}, {"type": "Feature", "properties": {"id": "ad6a5725-a430-46e5-8786-f5eed97dcfed", "name": "Font\u00e9 Coffee - 1st Avenue", "category": "cafe", "tags": ["cafe", "coffee"], "sources": ["overture"], "website": "https://www.fontecoffee.com", "phone": "12067776193", "address": "1321 1st Ave", "stations": [{"stopCode": 51, "lines": "1,2", "name": "Symphony Station", "walkingMeters": 275, "walkingSeconds": 198, "band": 5}, {"stopCode": 50, "lines": "1,2", "name": "Westlake Station", "walkingMeters": 670, "walkingSeconds": 482, "band": 10}, {"stopCode": 52, "lines": "1,2", "name": "Pioneer Square Station", "walkingMeters": 953, "walkingSeconds": 686, "band": 15}]}, "geometry": {"type": "Point", "coordinates": [-122.3391571, 47.6073723]}}, {"type": "Feature", "properties": {"id": "26744f13-8b99-4e0f-af84-cacfc55c613a", "name": "Skillet Post Alley", "category": "restaurant", "tags": ["restaurant"], "sources": ["overture"], "website": "http://skilletfood.com/restaurant/diner-post-alley", "phone": "(206) 512-2003", "address": "1301 Post Aly", "stations": [{"stopCode": 51, "lines": "1,2", "name": "Symphony Station", "walkingMeters": 275, "walkingSeconds": 198, "band": 5}, {"stopCode": 50, "lines": "1,2", "name": "Westlake Station", "walkingMeters": 790, "walkingSeconds": 569, "band": 10}, {"stopCode": 52, "lines": "1,2", "name": "Pioneer Square Station", "walkingMeters": 942, "walkingSeconds": 678, "band": 15}]}, "geometry": {"type": "Point", "coordinates": [-122.3391495, 47.6066971]}}, {"type": "Feature", "properties": {"id": "6afe70f1-8769-4e16-a3bf-a8edc3471580", "name": "Reuben's Brews - Downtown Seattle Taproom", "category": "bar", "tags": ["bar", "brewery"], "sources": ["overture"], "phone": "+12067842859", "address": "1201 1st Ave", "stations": [{"stopCode": 51, "lines": "1,2", "name": "Symphony Station", "walkingMeters": 298, "walkingSeconds": 222, "band": 5}, {"stopCode": 50, "lines": "1,2", "name": "Westlake Station", "walkingMeters": 790, "walkingSeconds": 590, "band": 10}, {"stopCode": 52, "lines": "1,2", "name": "Pioneer Square Station", "walkingMeters": 830, "walkingSeconds": 619, "band": 10}]}, "geometry": {"type": "Point", "coordinates": [-122.3378448, 47.6061592]}}, {"type": "Feature", "properties": {"id": "c038ea1c-ddf9-4ea1-9a07-050e0b874eec", "name": "Von's Cafe Corporation", "category": "restaurant", "tags": ["restaurant"], "sources": ["overture"], "phone": "+12066122660", "address": "1225 1st Ave", "stations": [{"stopCode": 51, "lines": "1,2", "name": "Symphony Station", "walkingMeters": 283, "walkingSeconds": 211, "band": 5}, {"stopCode": 50, "lines": "1,2", "name": "Westlake Station", "walkingMeters": 743, "walkingSeconds": 554, "band": 10}, {"stopCode": 52, "lines": "1,2", "name": "Pioneer Square Station", "walkingMeters": 893, "walkingSeconds": 666, "band": 10}]}, "geometry": {"type": "Point", "coordinates": [-122.3382263, 47.6065331]}}, {"type": "Feature", "properties": {"id": "791762a1-00e8-4d8e-b903-f9ee97de05ad", "name": "Wolfgang Puck Cafe", "category": "restaurant", "tags": ["restaurant", "american"], "sources": ["overture"], "website": "http://www.wolfgangpuck.com", "phone": "(206) 621-9653", "address": "1225 1st Ave", "stations": [{"stopCode": 51, "lines": "1,2", "name": "Symphony Station", "walkingMeters": 254, "walkingSeconds": 182, "band": 5}, {"stopCode": 50, "lines": "1,2", "name": "Westlake Station", "walkingMeters": 774, "walkingSeconds": 556, "band": 10}, {"stopCode": 52, "lines": "1,2", "name": "Pioneer Square Station", "walkingMeters": 843, "walkingSeconds": 607, "band": 10}]}, "geometry": {"type": "Point", "coordinates": [-122.3382492, 47.6063957]}}, {"type": "Feature", "properties": {"id": "63410843-8014-4594-b4fc-25edce7e8ac5", "name": "Ipanema Brazilian Grill", "category": "restaurant", "tags": ["restaurant", "barbecue"], "sources": ["overture"], "website": "http://www.seattlegrillfromipanema.com", "phone": "(206) 957-8444", "address": "1225 1st Ave", "stations": [{"stopCode": 51, "lines": "1,2", "name": "Symphony Station", "walkingMeters": 254, "walkingSeconds": 182, "band": 5}, {"stopCode": 50, "lines": "1,2", "name": "Westlake Station", "walkingMeters": 774, "walkingSeconds": 556, "band": 10}, {"stopCode": 52, "lines": "1,2", "name": "Pioneer Square Station", "walkingMeters": 843, "walkingSeconds": 607, "band": 10}]}, "geometry": {"type": "Point", "coordinates": [-122.3382492, 47.6063957]}}, {"type": "Feature", "properties": {"id": "aeaee330-5972-425a-a5ea-dc109e16c6ee", "name": "Taqueria Cantina - Downtown", "category": "restaurant", "tags": ["restaurant", "mexican"], "sources": ["overture"], "website": "https://www.taqueriacantina.com", "phone": "12066241539", "address": "89 University St", "stations": [{"stopCode": 51, "lines": "1,2", "name": "Symphony Station", "walkingMeters": 285, "walkingSeconds": 205, "band": 5}, {"stopCode": 50, "lines": "1,2", "name": "Westlake Station", "walkingMeters": 806, "walkingSeconds": 579, "band": 10}, {"stopCode": 52, "lines": "1,2", "name": "Pioneer Square Station", "walkingMeters": 906, "walkingSeconds": 652, "band": 10}]}, "geometry": {"type": "Point", "coordinates": [-122.3383865, 47.6063919]}}, {"type": "Feature", "properties": {"id": "453cb781-ec57-4cb2-bac8-0d7144ecbd20", "name": "Lecosho", "category": "restaurant", "tags": ["restaurant", "seafood", "eastern-european"], "sources": ["overture"], "website": "http://lecosho.com/", "phone": "2066232101", "address": "89 University St", "stations": [{"stopCode": 51, "lines": "1,2", "name": "Symphony Station", "walkingMeters": 289, "walkingSeconds": 208, "band": 5}, {"stopCode": 50, "lines": "1,2", "name": "Westlake Station", "walkingMeters": 809, "walkingSeconds": 582, "band": 10}, {"stopCode": 52, "lines": "1,2", "name": "Pioneer Square Station", "walkingMeters": 910, "walkingSeconds": 655, "band": 15}]}, "geometry": {"type": "Point", "coordinates": [-122.3388748, 47.6064682]}}, {"type": "Feature", "properties": {"id": "02d0bcc3-05b2-4ae4-873e-0e6f5b14c46f", "name": "Vons Gustobistro Seattle Wa", "category": "restaurant", "tags": ["restaurant", "american"], "sources": ["overture"], "address": "1225 1st Ave", "stations": [{"stopCode": 51, "lines": "1,2", "name": "Symphony Station", "walkingMeters": 306, "walkingSeconds": 228, "band": 5}, {"stopCode": 50, "lines": "1,2", "name": "Westlake Station", "walkingMeters": 733, "walkingSeconds": 547, "band": 10}, {"stopCode": 52, "lines": "1,2", "name": "Pioneer Square Station", "walkingMeters": 939, "walkingSeconds": 701, "band": 15}]}, "geometry": {"type": "Point", "coordinates": [-122.3386688, 47.6066742]}}, {"type": "Feature", "properties": {"id": "3b635ea6-be72-4c5a-92dc-be6d80720f02", "name": "Guaymas Mexican Cantina", "category": "restaurant", "tags": ["restaurant", "mexican"], "sources": ["overture"], "website": "http://www.tacosguaymas.com/", "phone": "(206) 624-5062", "address": "1303 1st Ave", "stations": [{"stopCode": 51, "lines": "1,2", "name": "Symphony Station", "walkingMeters": 254, "walkingSeconds": 183, "band": 5}, {"stopCode": 50, "lines": "1,2", "name": "Westlake Station", "walkingMeters": 769, "walkingSeconds": 554, "band": 10}, {"stopCode": 52, "lines": "1,2", "name": "Pioneer Square Station", "walkingMeters": 916, "walkingSeconds": 659, "band": 15}]}, "geometry": {"type": "Point", "coordinates": [-122.3386993, 47.6066246]}}, {"type": "Feature", "properties": {"id": "3bbd87a7-1d36-4775-a8c7-fe288cf2b6b1", "name": "Mason's Famous Lobster Rolls", "category": "restaurant", "tags": ["restaurant", "seafood", "american"], "sources": ["overture"], "website": "https://www.masonslobster.com/locations/seattle-wa/", "phone": "+12062234980", "address": "1307 1st Ave", "stations": [{"stopCode": 51, "lines": "1,2", "name": "Symphony Station", "walkingMeters": 239, "walkingSeconds": 172, "band": 5}, {"stopCode": 50, "lines": "1,2", "name": "Westlake Station", "walkingMeters": 706, "walkingSeconds": 508, "band": 10}, {"stopCode": 52, "lines": "1,2", "name": "Pioneer Square Station", "walkingMeters": 917, "walkingSeconds": 660, "band": 15}]}, "geometry": {"type": "Point", "coordinates": [-122.3386078, 47.6070328]}}, {"type": "Feature", "properties": {"id": "7a0b5087-1528-4e8e-bd50-cd9291bcac01", "name": "Mt. Bagel", "category": "bakery", "tags": ["bakery", "bagel"], "sources": ["overture"], "website": "https://www.mtbagel.com", "stations": [{"stopCode": 51, "lines": "1,2", "name": "Symphony Station", "walkingMeters": 182, "walkingSeconds": 131, "band": 5}, {"stopCode": 50, "lines": "1,2", "name": "Westlake Station", "walkingMeters": 703, "walkingSeconds": 506, "band": 10}, {"stopCode": 52, "lines": "1,2", "name": "Pioneer Square Station", "walkingMeters": 841, "walkingSeconds": 605, "band": 10}]}, "geometry": {"type": "Point", "coordinates": [-122.3377914, 47.6068459]}}, {"type": "Feature", "properties": {"id": "0f92db05-39b0-4f41-b04f-4c2c079b60f0", "name": "Tra Due Leoni", "category": "bar", "tags": ["bar", "wine", "italian"], "sources": ["overture"], "website": "https://tradueleoni.com", "phone": "+12065561012", "address": "1222 1st Ave", "stations": [{"stopCode": 51, "lines": "1,2", "name": "Symphony Station", "walkingMeters": 241, "walkingSeconds": 180, "band": 5}, {"stopCode": 50, "lines": "1,2", "name": "Westlake Station", "walkingMeters": 706, "walkingSeconds": 527, "band": 10}, {"stopCode": 52, "lines": "1,2", "name": "Pioneer Square Station", "walkingMeters": 893, "walkingSeconds": 666, "band": 10}]}, "geometry": {"type": "Point", "coordinates": [-122.337944, 47.6067581]}}, {"type": "Feature", "properties": {"id": "0633adb1-a819-45ba-8033-695975420809", "name": "Caffe Ladro - Downtown At 2+u", "category": "cafe", "tags": ["cafe", "coffee"], "sources": ["overture"], "website": "caffeladro.com", "phone": "12064578911", "address": "1201 2nd Ave", "stations": [{"stopCode": 51, "lines": "1,2", "name": "Symphony Station", "walkingMeters": 196, "walkingSeconds": 146, "band": 5}, {"stopCode": 50, "lines": "1,2", "name": "Westlake Station", "walkingMeters": 720, "walkingSeconds": 537, "band": 10}, {"stopCode": 52, "lines": "1,2", "name": "Pioneer Square Station", "walkingMeters": 803, "walkingSeconds": 599, "band": 10}]}, "geometry": {"type": "Point", "coordinates": [-122.3368912, 47.6065903]}}, {"type": "Feature", "properties": {"id": "ad193294-7db4-43bb-9829-640d5095f218", "name": "The Victor Tavern - 2nd & University", "category": "restaurant", "tags": ["restaurant"], "sources": ["overture"], "website": "https://www.ethanstowellrestaurants.com", "phone": "2063384600", "address": "1201 2nd Ave  Ste D1", "stations": [{"stopCode": 51, "lines": "1,2", "name": "Symphony Station", "walkingMeters": 218, "walkingSeconds": 156, "band": 5}, {"stopCode": 50, "lines": "1,2", "name": "Westlake Station", "walkingMeters": 738, "walkingSeconds": 531, "band": 10}, {"stopCode": 52, "lines": "1,2", "name": "Pioneer Square Station", "walkingMeters": 876, "walkingSeconds": 630, "band": 10}]}, "geometry": {"type": "Point", "coordinates": [-122.3368912, 47.6065903]}}, {"type": "Feature", "properties": {"id": "40086a1a-1f36-4d04-93a5-b4369fec0159", "name": "Organic To Go", "category": "restaurant", "tags": ["restaurant", "sandwich"], "sources": ["overture"], "address": "1001 4th Ave Ste 50", "stations": [{"stopCode": 51, "lines": "1,2", "name": "Symphony Station", "walkingMeters": 304, "walkingSeconds": 227, "band": 5}, {"stopCode": 52, "lines": "1,2", "name": "Pioneer Square Station", "walkingMeters": 600, "walkingSeconds": 448, "band": 10}, {"stopCode": 50, "lines": "1,2", "name": "Westlake Station", "walkingMeters": 810, "walkingSeconds": 604, "band": 10}, {"stopCode": 53, "lines": "1,2", "name": "International District Station", "walkingMeters": 1284, "walkingSeconds": 958, "band": 15}]}, "geometry": {"type": "Point", "coordinates": [-122.3338089, 47.6063232]}}, {"type": "Feature", "properties": {"id": "b3b775ad-5d17-4c08-970b-a9c899a246f2", "name": "Sazerac", "category": "restaurant", "tags": ["restaurant"], "sources": ["overture"], "website": "http://www.sazeracrestaurant.com/", "phone": "2066247755", "address": "1101 4th Ave", "stations": [{"stopCode": 51, "lines": "1,2", "name": "Symphony Station", "walkingMeters": 259, "walkingSeconds": 186, "band": 5}, {"stopCode": 52, "lines": "1,2", "name": "Pioneer Square Station", "walkingMeters": 584, "walkingSeconds": 420, "band": 10}, {"stopCode": 50, "lines": "1,2", "name": "Westlake Station", "walkingMeters": 644, "walkingSeconds": 466, "band": 10}, {"stopCode": 53, "lines": "1,2", "name": "International District Station", "walkingMeters": 1162, "walkingSeconds": 836, "band": 15}]}, "geometry": {"type": "Point", "coordinates": [-122.3339157, 47.6068077]}}, {"type": "Feature", "properties": {"id": "8ed84504-1334-4391-b5c4-658bdcf4352f", "name": "Marin", "category": "restaurant", "tags": ["restaurant", "mediterranean", "european"], "sources": ["overture"], "website": "https://marinseattle.com/", "phone": "+12066247755", "address": "1101 4th Ave", "stations": [{"stopCode": 51, "lines": "1,2", "name": "Symphony Station", "walkingMeters": 245, "walkingSeconds": 176, "band": 5}, {"stopCode": 50, "lines": "1,2", "name": "Westlake Station", "walkingMeters": 608, "walkingSeconds": 440, "band": 10}, {"stopCode": 52, "lines": "1,2", "name": "Pioneer Square Station", "walkingMeters": 618, "walkingSeconds": 444, "band": 10}, {"stopCode": 53, "lines": "1,2", "name": "International District Station", "walkingMeters": 1177, "walkingSeconds": 847, "band": 15}]}, "geometry": {"type": "Point", "coordinates": [-122.3340912, 47.606945]}}, {"type": "Feature", "properties": {"id": "f3d540d8-af61-488c-a99f-2547f3c96c9c", "name": "3rd & Spring", "category": "restaurant", "tags": ["restaurant", "sandwich", "fast-food", "wrap"], "sources": ["overture"], "address": "1111 3rd Avenue", "stations": [{"stopCode": 51, "lines": "1,2", "name": "Symphony Station", "walkingMeters": 172, "walkingSeconds": 128, "band": 5}, {"stopCode": 50, "lines": "1,2", "name": "Westlake Station", "walkingMeters": 717, "walkingSeconds": 535, "band": 10}, {"stopCode": 52, "lines": "1,2", "name": "Pioneer Square Station", "walkingMeters": 725, "walkingSeconds": 541, "band": 10}, {"stopCode": 53, "lines": "1,2", "name": "International District Station", "walkingMeters": 1406, "walkingSeconds": 1049, "band": 15}]}, "geometry": {"type": "Point", "coordinates": [-122.335434, 47.6066895]}}, {"type": "Feature", "properties": {"id": "8f52080c-8026-40ec-b8a6-bc437d369b78", "name": "Pegasus Coffee Bar", "category": "cafe", "tags": ["cafe", "coffee"], "sources": ["overture"], "website": "http://www.pegasuscoffee.com/", "phone": "+12062923013", "address": "1218 3rd Ave # 103", "stations": [{"stopCode": 51, "lines": "1,2", "name": "Symphony Station", "walkingMeters": 35, "walkingSeconds": 25, "band": 5}, {"stopCode": 50, "lines": "1,2", "name": "Westlake Station", "walkingMeters": 548, "walkingSeconds": 395, "band": 10}, {"stopCode": 52, "lines": "1,2", "name": "Pioneer Square Station", "walkingMeters": 678, "walkingSeconds": 488, "band": 10}]}, "geometry": {"type": "Point", "coordinates": [-122.335762, 47.6076393]}}, {"type": "Feature", "properties": {"id": "3bbce076-97cf-43b3-9168-39afffdd522d", "name": "Pegasus Coffee Bar", "category": "cafe", "tags": ["cafe", "coffee"], "sources": ["overture"], "website": "https://www.pegasuscoffee.com/", "phone": "+12066823113", "address": "711 3rd Ave #311", "stations": [{"stopCode": 52, "lines": "1,2", "name": "Pioneer Square Station", "walkingMeters": 172, "walkingSeconds": 124, "band": 5}, {"stopCode": 51, "lines": "1,2", "name": "Symphony Station", "walkingMeters": 541, "walkingSeconds": 390, "band": 10}, {"stopCode": 53, "lines": "1,2", "name": "International District Station", "walkingMeters": 810, "walkingSeconds": 585, "band": 10}, {"stopCode": 50, "lines": "1,2", "name": "Westlake Station", "walkingMeters": 1069, "walkingSeconds": 770, "band": 15}]}, "geometry": {"type": "Point", "coordinates": [-122.3324356, 47.6037445]}}, {"type": "Feature", "properties": {"id": "3802550c-40f9-4934-ba6b-09c4e834722f", "name": "Saladworks", "category": "restaurant", "tags": ["restaurant"], "sources": ["overture"], "website": "http://saladworksseattle.com", "phone": "(206) 654-6500", "address": "1200 3rd Ave #100", "stations": [{"stopCode": 51, "lines": "1,2", "name": "Symphony Station", "walkingMeters": 116, "walkingSeconds": 84, "band": 5}, {"stopCode": 50, "lines": "1,2", "name": "Westlake Station", "walkingMeters": 550, "walkingSeconds": 398, "band": 10}, {"stopCode": 52, "lines": "1,2", "name": "Pioneer Square Station", "walkingMeters": 674, "walkingSeconds": 485, "band": 10}]}, "geometry": {"type": "Point", "coordinates": [-122.3352051, 47.6074486]}}, {"type": "Feature", "properties": {"id": "c441e6a4-28d2-46d8-a4f3-87f14217c38b", "name": "Sweet Iron Waffles", "category": "restaurant", "tags": ["restaurant", "breakfast-and-brunch", "breakfast", "brunch"], "sources": ["overture"], "website": "http://www.sweetironwaffles.com", "phone": "(206) 682-3336", "address": "1203 3rd Ave, Ste. 110", "stations": [{"stopCode": 51, "lines": "1,2", "name": "Symphony Station", "walkingMeters": 69, "walkingSeconds": 50, "band": 5}, {"stopCode": 50, "lines": "1,2", "name": "Westlake Station", "walkingMeters": 598, "walkingSeconds": 431, "band": 10}, {"stopCode": 52, "lines": "1,2", "name": "Pioneer Square Station", "walkingMeters": 618, "walkingSeconds": 459, "band": 10}]}, "geometry": {"type": "Point", "coordinates": [-122.3355713, 47.6072693]}}, {"type": "Feature", "properties": {"id": "3937c11e-d5d2-405f-98af-2065f549ea61", "name": "Small Business", "category": "cafe", "tags": ["cafe", "coffee"], "sources": ["overture"], "address": "315 Seneca St", "stations": [{"stopCode": 51, "lines": "1,2", "name": "Symphony Station", "walkingMeters": 172, "walkingSeconds": 128, "band": 5}, {"stopCode": 50, "lines": "1,2", "name": "Westlake Station", "walkingMeters": 669, "walkingSeconds": 499, "band": 10}, {"stopCode": 52, "lines": "1,2", "name": "Pioneer Square Station", "walkingMeters": 743, "walkingSeconds": 554, "band": 10}]}, "geometry": {"type": "Point", "coordinates": [-122.3345184, 47.6071892]}}, {"type": "Feature", "properties": {"id": "3b4fb75a-1ab8-4d93-b759-a818fa96d2a2", "name": "W Living Room", "category": "restaurant", "tags": ["restaurant"], "sources": ["overture"], "website": "https://qrcgcustomers.s3-eu-west-1.amazonaws.com/account9191878/30823054_1.pdf?scid=ba372e19-3116-406f-8c8c-cd1679a20d2d", "phone": "2062646042", "address": "1112 4th Ave", "stations": [{"stopCode": 51, "lines": "1,2", "name": "Symphony Station", "walkingMeters": 224, "walkingSeconds": 161, "band": 5}, {"stopCode": 50, "lines": "1,2", "name": "Westlake Station", "walkingMeters": 554, "walkingSeconds": 399, "band": 10}, {"stopCode": 52, "lines": "1,2", "name": "Pioneer Square Station", "walkingMeters": 674, "walkingSeconds": 485, "band": 10}]}, "geometry": {"type": "Point", "coordinates": [-122.3339996, 47.607254]}}, {"type": "Feature", "properties": {"id": "030deec9-10c4-44e4-9fa2-f5bbb7af739c", "name": "Earth and Ocean", "category": "restaurant", "tags": ["restaurant", "seafood"], "sources": ["overture"], "website": "http://www.earthocean.net/", "phone": "(206) 264-6060", "address": "1112 4th Ave", "stations": [{"stopCode": 51, "lines": "1,2", "name": "Symphony Station", "walkingMeters": 250, "walkingSeconds": 180, "band": 5}, {"stopCode": 50, "lines": "1,2", "name": "Westlake Station", "walkingMeters": 580, "walkingSeconds": 418, "band": 10}, {"stopCode": 52, "lines": "1,2", "name": "Pioneer Square Station", "walkingMeters": 647, "walkingSeconds": 466, "band": 10}]}, "geometry": {"type": "Point", "coordinates": [-122.3336716, 47.6072617]}}, {"type": "Feature", "properties": {"id": "76da31ed-b4cd-4dd8-9381-43f151c7672b", "name": "TRACE Market", "category": "restaurant", "tags": ["restaurant", "american"], "sources": ["overture"], "website": "https://www.tracemarketseattle.com", "phone": "+12062646060", "address": "1112 4th Ave", "stations": [{"stopCode": 51, "lines": "1,2", "name": "Symphony Station", "walkingMeters": 229, "walkingSeconds": 165, "band": 5}, {"stopCode": 50, "lines": "1,2", "name": "Westlake Station", "walkingMeters": 559, "walkingSeconds": 402, "band": 10}, {"stopCode": 52, "lines": "1,2", "name": "Pioneer Square Station", "walkingMeters": 669, "walkingSeconds": 481, "band": 10}]}, "geometry": {"type": "Point", "coordinates": [-122.3337936, 47.6074371]}}, {"type": "Feature", "properties": {"id": "8e104c18-5a13-4e55-83e7-3a47f199a0af", "name": "W Green Room", "category": "restaurant", "tags": ["restaurant", "american"], "sources": ["overture"], "website": "https://www.marriott.com/en-us/hotels/seawh-w-seattle/overview", "phone": "(206) 264-6042", "address": "1112 4th Ave", "stations": [{"stopCode": 51, "lines": "1,2", "name": "Symphony Station", "walkingMeters": 228, "walkingSeconds": 164, "band": 5}, {"stopCode": 50, "lines": "1,2", "name": "Westlake Station", "walkingMeters": 558, "walkingSeconds": 402, "band": 10}, {"stopCode": 52, "lines": "1,2", "name": "Pioneer Square Station", "walkingMeters": 704, "walkingSeconds": 506, "band": 10}]}, "geometry": {"type": "Point", "coordinates": [-122.3337097, 47.6074562]}}, {"type": "Feature", "properties": {"id": "75b7581d-dadc-47aa-9a8a-4ba09bf48977", "name": "4th Ave Espresso Bar", "category": "cafe", "tags": ["cafe", "coffee"], "sources": ["overture"], "website": "http://www.fairmont.com/seattle/dining/fourth-ave-espresso-bar/", "phone": "+12062874008", "address": "1208 4th Ave", "stations": [{"stopCode": 51, "lines": "1,2", "name": "Symphony Station", "walkingMeters": 201, "walkingSeconds": 145, "band": 5}, {"stopCode": 50, "lines": "1,2", "name": "Westlake Station", "walkingMeters": 531, "walkingSeconds": 382, "band": 10}, {"stopCode": 52, "lines": "1,2", "name": "Pioneer Square Station", "walkingMeters": 711, "walkingSeconds": 512, "band": 10}]}, "geometry": {"type": "Point", "coordinates": [-122.334198, 47.6078873]}}, {"type": "Feature", "properties": {"id": "d72bd162-a509-4895-b0d1-c19c9259915d", "name": "Cafedeliseattle", "category": "cafe", "tags": ["cafe"], "sources": ["overture"], "website": "http://cafedeliseattle.wordpress.com/", "phone": "+18005556789", "address": "2000 University Street", "stations": [{"stopCode": 51, "lines": "1,2", "name": "Symphony Station", "walkingMeters": 53, "walkingSeconds": 38, "band": 5}, {"stopCode": 50, "lines": "1,2", "name": "Westlake Station", "walkingMeters": 494, "walkingSeconds": 358, "band": 10}, {"stopCode": 52, "lines": "1,2", "name": "Pioneer Square Station", "walkingMeters": 738, "walkingSeconds": 531, "band": 10}]}, "geometry": {"type": "Point", "coordinates": [-122.335434, 47.6079636]}}, {"type": "Feature", "properties": {"id": "dfea5921-851d-45a9-8a28-dc45bf7f9e11", "name": "Purple Cafe", "category": "bar", "tags": ["bar", "wine"], "sources": ["overture"], "website": "http://www.purplecafe.com/", "phone": "+12068292280", "address": "1225 4th Ave", "stations": [{"stopCode": 51, "lines": "1,2", "name": "Symphony Station", "walkingMeters": 90, "walkingSeconds": 65, "band": 5}, {"stopCode": 50, "lines": "1,2", "name": "Westlake Station", "walkingMeters": 470, "walkingSeconds": 341, "band": 10}, {"stopCode": 52, "lines": "1,2", "name": "Pioneer Square Station", "walkingMeters": 754, "walkingSeconds": 542, "band": 10}]}, "geometry": {"type": "Point", "coordinates": [-122.3349915, 47.6080132]}}, {"type": "Feature", "properties": {"id": "c7eb2bf7-f887-40e4-b7c3-8ac53801ccc5", "name": "Sky Blue Sky Company", "category": "restaurant", "tags": ["restaurant"], "sources": ["overture"], "website": "https://wilcoskybluesky.com", "address": "200 University St # 101b", "stations": [{"stopCode": 51, "lines": "1,2", "name": "Symphony Station", "walkingMeters": 77, "walkingSeconds": 57, "band": 5}, {"stopCode": 50, "lines": "1,2", "name": "Westlake Station", "walkingMeters": 510, "walkingSeconds": 381, "band": 10}, {"stopCode": 52, "lines": "1,2", "name": "Pioneer Square Station", "walkingMeters": 958, "walkingSeconds": 715, "band": 10}]}, "geometry": {"type": "Point", "coordinates": [-122.336731, 47.6080437]}}, {"type": "Feature", "properties": {"id": "a8085df0-2229-4aa5-a193-2e54883d4306", "name": "The Brooklyn Seafood, Steak & Oyster House", "category": "restaurant", "tags": ["restaurant", "steakhouse"], "sources": ["overture"], "website": "http://www.thebrooklyn.com/", "phone": "(206) 224-7000", "address": "1212 2nd Ave", "stations": [{"stopCode": 51, "lines": "1,2", "name": "Symphony Station", "walkingMeters": 127, "walkingSeconds": 91, "band": 5}, {"stopCode": 50, "lines": "1,2", "name": "Westlake Station", "walkingMeters": 654, "walkingSeconds": 470, "band": 10}, {"stopCode": 52, "lines": "1,2", "name": "Pioneer Square Station", "walkingMeters": 757, "walkingSeconds": 545, "band": 10}]}, "geometry": {"type": "Point", "coordinates": [-122.3369064, 47.607132]}}, {"type": "Feature", "properties": {"id": "2b8c558d-2072-4d36-8666-f53b9b945c14", "name": "Market Seafood Eatery", "category": "restaurant", "tags": ["restaurant", "seafood"], "sources": ["overture"], "website": "https://www.marketfreshfish.com", "phone": "12067962814", "address": "1300 1st Ave", "stations": [{"stopCode": 51, "lines": "1,2", "name": "Symphony Station", "walkingMeters": 194, "walkingSeconds": 145, "band": 5}, {"stopCode": 50, "lines": "1,2", "name": "Westlake Station", "walkingMeters": 629, "walkingSeconds": 469, "band": 10}, {"stopCode": 52, "lines": "1,2", "name": "Pioneer Square Station", "walkingMeters": 942, "walkingSeconds": 703, "band": 10}]}, "geometry": {"type": "Point", "coordinates": [-122.3378601, 47.6072922]}}, {"type": "Feature", "properties": {"id": "8826d604-60cd-4a26-a459-bed0e9e8807e", "name": "TASTE", "category": "restaurant", "tags": ["restaurant", "american"], "sources": ["overture"], "website": "http://www.tastesam.com", "phone": "(206) 903-5291", "address": "1300 1st Ave", "stations": [{"stopCode": 51, "lines": "1,2", "name": "Symphony Station", "walkingMeters": 220, "walkingSeconds": 158, "band": 5}, {"stopCode": 50, "lines": "1,2", "name": "Westlake Station", "walkingMeters": 681, "walkingSeconds": 490, "band": 10}, {"stopCode": 52, "lines": "1,2", "name": "Pioneer Square Station", "walkingMeters": 901, "walkingSeconds": 648, "band": 15}]}, "geometry": {"type": "Point", "coordinates": [-122.3382645, 47.6071968]}}, {"type": "Feature", "properties": {"id": "17cd6c71-3f82-45fa-ae2f-67bb4f7fdd34", "name": "Chip &amp Drew's Filling Station, Llc", "category": "restaurant", "tags": ["restaurant"], "sources": ["overture"], "address": "1301 2nd Ave Ste 150", "stations": [{"stopCode": 51, "lines": "1,2", "name": "Symphony Station", "walkingMeters": 217, "walkingSeconds": 162, "band": 5}, {"stopCode": 50, "lines": "1,2", "name": "Westlake Station", "walkingMeters": 577, "walkingSeconds": 431, "band": 10}, {"stopCode": 52, "lines": "1,2", "name": "Pioneer Square Station", "walkingMeters": 1012, "walkingSeconds": 755, "band": 15}]}, "geometry": {"type": "Point", "coordinates": [-122.3382416, 47.6077118]}}, {"type": "Feature", "properties": {"id": "74b93b8e-09e2-42e9-a076-323bcef19f48", "name": "Caffe Ladro - Downtown On Union Street", "category": "cafe", "tags": ["cafe", "coffee"], "sources": ["overture"], "website": "caffeladro.com", "phone": "12062670600", "address": "108 Union St", "stations": [{"stopCode": 51, "lines": "1,2", "name": "Symphony Station", "walkingMeters": 288, "walkingSeconds": 207, "band": 5}, {"stopCode": 50, "lines": "1,2", "name": "Westlake Station", "walkingMeters": 574, "walkingSeconds": 413, "band": 10}, {"stopCode": 52, "lines": "1,2", "name": "Pioneer Square Station", "walkingMeters": 981, "walkingSeconds": 706, "band": 15}]}, "geometry": {"type": "Point", "coordinates": [-122.3388901, 47.6080666]}}, {"type": "Feature", "properties": {"id": "37335659-4e9a-4493-a305-c569c21d9c11", "name": "Musubi Kai Seattle", "category": "restaurant", "tags": ["restaurant", "hawaiian", "japanese", "asian"], "sources": ["overture"], "website": "http://musubikaiseattle.com/", "phone": "+12064025840", "address": "108 Union St", "stations": [{"stopCode": 51, "lines": "1,2", "name": "Symphony Station", "walkingMeters": 284, "walkingSeconds": 204, "band": 5}, {"stopCode": 50, "lines": "1,2", "name": "Westlake Station", "walkingMeters": 553, "walkingSeconds": 398, "band": 10}, {"stopCode": 52, "lines": "1,2", "name": "Pioneer Square Station", "walkingMeters": 977, "walkingSeconds": 703, "band": 15}]}, "geometry": {"type": "Point", "coordinates": [-122.3387756, 47.6081009]}}, {"type": "Feature", "properties": {"id": "f7fab52b-e08e-4544-bb3a-11fa2e05eec8", "name": "Mann Building Llc", "category": "restaurant", "tags": ["restaurant"], "sources": ["overture"], "address": "1401 3rd Ave", "stations": [{"stopCode": 51, "lines": "1,2", "name": "Symphony Station", "walkingMeters": 201, "walkingSeconds": 150, "band": 5}, {"stopCode": 50, "lines": "1,2", "name": "Westlake Station", "walkingMeters": 403, "walkingSeconds": 301, "band": 5}, {"stopCode": 52, "lines": "1,2", "name": "Pioneer Square Station", "walkingMeters": 1090, "walkingSeconds": 813, "band": 15}]}, "geometry": {"type": "Point", "coordinates": [-122.3374329, 47.6088257]}}, {"type": "Feature", "properties": {"id": "2818023d-64b4-41d2-8838-4e4e1744b0ce", "name": "Wild Ginger Downtown Seattle", "category": "restaurant", "tags": ["restaurant", "asian"], "sources": ["overture"], "website": "http://www.wildginger.net/", "phone": "+12066234450", "address": "1401 3rd Ave", "stations": [{"stopCode": 51, "lines": "1,2", "name": "Symphony Station", "walkingMeters": 159, "walkingSeconds": 114, "band": 5}, {"stopCode": 50, "lines": "1,2", "name": "Westlake Station", "walkingMeters": 394, "walkingSeconds": 284, "band": 5}, {"stopCode": 52, "lines": "1,2", "name": "Pioneer Square Station", "walkingMeters": 855, "walkingSeconds": 616, "band": 15}]}, "geometry": {"type": "Point", "coordinates": [-122.3371735, 47.6088867]}}, {"type": "Feature", "properties": {"id": "bd5fc99c-e928-4ab4-b73c-d6d7ddd06de5", "name": "Pane Pane Sandwiches", "category": "restaurant", "tags": ["restaurant", "sandwich"], "sources": ["overture"], "website": "http://panepanesandwiches.com", "phone": "+12068871279", "address": "304 Union St", "stations": [{"stopCode": 51, "lines": "1,2", "name": "Symphony Station", "walkingMeters": 152, "walkingSeconds": 109, "band": 5}, {"stopCode": 50, "lines": "1,2", "name": "Westlake Station", "walkingMeters": 379, "walkingSeconds": 273, "band": 5}, {"stopCode": 52, "lines": "1,2", "name": "Pioneer Square Station", "walkingMeters": 848, "walkingSeconds": 610, "band": 15}]}, "geometry": {"type": "Point", "coordinates": [-122.3367157, 47.6089058]}}, {"type": "Feature", "properties": {"id": "b684a998-a4fc-4268-bbcd-8e4134206b2f", "name": "Harried&hungry Catering & Cafe", "category": "restaurant", "tags": ["restaurant"], "sources": ["overture"], "website": "https://orderhh.com", "address": "1415 3rd Ave", "stations": [{"stopCode": 51, "lines": "1,2", "name": "Symphony Station", "walkingMeters": 226, "walkingSeconds": 169, "band": 5}, {"stopCode": 50, "lines": "1,2", "name": "Westlake Station", "walkingMeters": 379, "walkingSeconds": 283, "band": 5}, {"stopCode": 52, "lines": "1,2", "name": "Pioneer Square Station", "walkingMeters": 1116, "walkingSeconds": 833, "band": 15}]}, "geometry": {"type": "Point", "coordinates": [-122.3375168, 47.609005]}}, {"type": "Feature", "properties": {"id": "8600d9ae-9e4a-4ca6-bd0d-64c39f8f5085", "name": "Steak 'n Shake", "category": "restaurant", "tags": ["restaurant", "american"], "sources": ["overture"], "website": "https://www.steaknshake.com/locations/wa-seattle-3rd-avenue/", "phone": "(206) 823-3030", "address": "1417 3rd Ave", "stations": [{"stopCode": 51, "lines": "1,2", "name": "Symphony Station", "walkingMeters": 196, "walkingSeconds": 141, "band": 5}, {"stopCode": 50, "lines": "1,2", "name": "Westlake Station", "walkingMeters": 357, "walkingSeconds": 257, "band": 5}, {"stopCode": 52, "lines": "1,2", "name": "Pioneer Square Station", "walkingMeters": 893, "walkingSeconds": 643, "band": 15}]}, "geometry": {"type": "Point", "coordinates": [-122.3374939, 47.6091499]}}, {"type": "Feature", "properties": {"id": "693c96af-2ff5-4c35-b0b2-7c7cbe7e8356", "name": "Bruno's Mexican-italian Restaurant", "category": "restaurant", "tags": ["restaurant"], "sources": ["overture"], "phone": "2066223180", "address": "1417 3rd Ave", "stations": [{"stopCode": 51, "lines": "1,2", "name": "Symphony Station", "walkingMeters": 238, "walkingSeconds": 178, "band": 5}, {"stopCode": 50, "lines": "1,2", "name": "Westlake Station", "walkingMeters": 372, "walkingSeconds": 278, "band": 5}, {"stopCode": 52, "lines": "1,2", "name": "Pioneer Square Station", "walkingMeters": 1127, "walkingSeconds": 841, "band": 15}]}, "geometry": {"type": "Point", "coordinates": [-122.3375931, 47.609066]}}, {"type": "Feature", "properties": {"id": "d1bf6c1f-9af7-495d-a274-d9f59401f16b", "name": "Sushi Burrito Gaburri", "category": "restaurant", "tags": ["restaurant", "sushi"], "sources": ["overture"], "website": "http://moz.com#EG", "phone": "(425) 503-9017", "address": "1415 2nd Ave", "stations": [{"stopCode": 51, "lines": "1,2", "name": "Symphony Station", "walkingMeters": 299, "walkingSeconds": 216, "band": 5}, {"stopCode": 50, "lines": "1,2", "name": "Westlake Station", "walkingMeters": 442, "walkingSeconds": 318, "band": 5}, {"stopCode": 52, "lines": "1,2", "name": "Pioneer Square Station", "walkingMeters": 993, "walkingSeconds": 714, "band": 15}]}, "geometry": {"type": "Point", "coordinates": [-122.3388062, 47.6087151]}}, {"type": "Feature", "properties": {"id": "cde4f305-8e30-4f06-af42-03e878293b73", "name": "Mae Phim Thai", "category": "restaurant", "tags": ["restaurant", "thai"], "sources": ["overture"], "website": "http://www.maephimpike.com", "phone": "(206) 623-7453", "address": "213 Pike St", "stations": [{"stopCode": 51, "lines": "1,2", "name": "Symphony Station", "walkingMeters": 288, "walkingSeconds": 208, "band": 5}, {"stopCode": 50, "lines": "1,2", "name": "Westlake Station", "walkingMeters": 340, "walkingSeconds": 244, "band": 5}, {"stopCode": 52, "lines": "1,2", "name": "Pioneer Square Station", "walkingMeters": 985, "walkingSeconds": 709, "band": 15}]}, "geometry": {"type": "Point", "coordinates": [-122.3382492, 47.6094131]}}, {"type": "Feature", "properties": {"id": "5a3181fb-04af-4384-ab14-fcf9b38bcedb", "name": "Gyro Stop Mediterranean Grill", "category": "restaurant", "tags": ["restaurant", "mediterranean"], "sources": ["overture"], "website": "http://www.gyrostoppita.com", "phone": "(206) 623-4477", "address": "1431 3rd Ave", "stations": [{"stopCode": 51, "lines": "1,2", "name": "Symphony Station", "walkingMeters": 266, "walkingSeconds": 191, "band": 5}, {"stopCode": 50, "lines": "1,2", "name": "Westlake Station", "walkingMeters": 362, "walkingSeconds": 261, "band": 5}, {"stopCode": 52, "lines": "1,2", "name": "Pioneer Square Station", "walkingMeters": 962, "walkingSeconds": 692, "band": 15}]}, "geometry": {"type": "Point", "coordinates": [-122.3378906, 47.6093216]}}, {"type": "Feature", "properties": {"id": "04069fb5-0c9a-4cec-a3d9-fe9eae20be31", "name": "Tiptop Thai Taste Llc", "category": "restaurant", "tags": ["restaurant"], "sources": ["overture"], "address": "213 Pike St", "stations": [{"stopCode": 51, "lines": "1,2", "name": "Symphony Station", "walkingMeters": 316, "walkingSeconds": 236, "band": 5}, {"stopCode": 50, "lines": "1,2", "name": "Westlake Station", "walkingMeters": 342, "walkingSeconds": 255, "band": 5}, {"stopCode": 52, "lines": "1,2", "name": "Pioneer Square Station", "walkingMeters": 1204, "walkingSeconds": 899, "band": 15}]}, "geometry": {"type": "Point", "coordinates": [-122.3382034, 47.6094284]}}, {"type": "Feature", "properties": {"id": "797923ee-9c6b-4dfe-b5b1-3ea27841c272", "name": "QDOBA Mexican Eats", "category": "fast_food", "tags": ["fast-food", "fast", "food", "mexican"], "sources": ["overture"], "website": "https://locations.qdoba.com/us/wa/seattle/217-pike-st.html?utm_source=Listings", "phone": "2066230325", "address": "217 Pike St", "stations": [{"stopCode": 51, "lines": "1,2", "name": "Symphony Station", "walkingMeters": 270, "walkingSeconds": 195, "band": 5}, {"stopCode": 50, "lines": "1,2", "name": "Westlake Station", "walkingMeters": 308, "walkingSeconds": 222, "band": 5}, {"stopCode": 52, "lines": "1,2", "name": "Pioneer Square Station", "walkingMeters": 967, "walkingSeconds": 696, "band": 15}]}, "geometry": {"type": "Point", "coordinates": [-122.3379364, 47.6095047]}}, {"type": "Feature", "properties": {"id": "5253ecdf-dc6d-4b1e-ba2c-8797b91df669", "name": "Spice King Seattle", "category": "restaurant", "tags": ["restaurant", "indian", "asian"], "sources": ["overture"], "website": "https://www.spicekingseattle.com/menu.aspx", "phone": "+12532590025", "address": "213 Pike St", "stations": [{"stopCode": 51, "lines": "1,2", "name": "Symphony Station", "walkingMeters": 328, "walkingSeconds": 245, "band": 5}, {"stopCode": 50, "lines": "1,2", "name": "Westlake Station", "walkingMeters": 336, "walkingSeconds": 251, "band": 5}, {"stopCode": 52, "lines": "1,2", "name": "Pioneer Square Station", "walkingMeters": 1216, "walkingSeconds": 907, "band": 15}]}, "geometry": {"type": "Point", "coordinates": [-122.3382645, 47.6094971]}}, {"type": "Feature", "properties": {"id": "5dce3c50-96f0-4e1a-9adc-5cd52f91234b", "name": "Vegan Bowls For All", "category": "restaurant", "tags": ["restaurant", "vegetarian"], "sources": ["overture"], "website": "https://www.veganbowlsforall.com/downtown-seattle", "phone": "8668952570", "address": "1427 4th Ave", "stations": [{"stopCode": 50, "lines": "1,2", "name": "Westlake Station", "walkingMeters": 227, "walkingSeconds": 166, "band": 5}, {"stopCode": 51, "lines": "1,2", "name": "Symphony Station", "walkingMeters": 303, "walkingSeconds": 218, "band": 5}, {"stopCode": 52, "lines": "1,2", "name": "Pioneer Square Station", "walkingMeters": 997, "walkingSeconds": 717, "band": 15}]}, "geometry": {"type": "Point", "coordinates": [-122.336586, 47.6098747]}}, {"type": "Feature", "properties": {"id": "a5bbd3c6-bbce-40f2-acd7-d726bf147f4d", "name": "M\u00e1s Veggies Vegan Taqueria", "category": "restaurant", "tags": ["restaurant", "mexican"], "sources": ["overture"], "website": "https://www.eatmasveggies.com/downtown-seattle", "phone": "2069341144", "address": "1427 4th Ave", "stations": [{"stopCode": 50, "lines": "1,2", "name": "Westlake Station", "walkingMeters": 245, "walkingSeconds": 183, "band": 5}, {"stopCode": 51, "lines": "1,2", "name": "Symphony Station", "walkingMeters": 305, "walkingSeconds": 228, "band": 5}, {"stopCode": 52, "lines": "1,2", "name": "Pioneer Square Station", "walkingMeters": 1183, "walkingSeconds": 883, "band": 15}]}, "geometry": {"type": "Point", "coordinates": [-122.3366547, 47.6098785]}}, {"type": "Feature", "properties": {"id": "ebb26478-944b-413e-9be7-7244057d198e", "name": "Madison Holdings, Inc", "category": "restaurant", "tags": ["restaurant"], "sources": ["overture"], "website": "https://www.bluecsushi.com", "address": "1411 4th Ave", "stations": [{"stopCode": 51, "lines": "1,2", "name": "Symphony Station", "walkingMeters": 218, "walkingSeconds": 163, "band": 5}, {"stopCode": 50, "lines": "1,2", "name": "Westlake Station", "walkingMeters": 330, "walkingSeconds": 246, "band": 5}, {"stopCode": 52, "lines": "1,2", "name": "Pioneer Square Station", "walkingMeters": 1095, "walkingSeconds": 817, "band": 15}]}, "geometry": {"type": "Point", "coordinates": [-122.3363266, 47.6093025]}}, {"type": "Feature", "properties": {"id": "b5d3cb12-c147-43a4-a9ed-9a74ade1c7f8", "name": "Elephant & Castle", "category": "restaurant", "tags": ["restaurant", "british", "bar-and-grill"], "sources": ["overture"], "website": "https://www.elephantcastle.com/en/locations/wa/seattle/1415-fifth-avenue", "phone": "+12066249977", "address": "1415 5th Ave", "stations": [{"stopCode": 50, "lines": "1,2", "name": "Westlake Station", "walkingMeters": 223, "walkingSeconds": 160, "band": 5}, {"stopCode": 51, "lines": "1,2", "name": "Symphony Station", "walkingMeters": 361, "walkingSeconds": 260, "band": 5}, {"stopCode": 52, "lines": "1,2", "name": "Pioneer Square Station", "walkingMeters": 1051, "walkingSeconds": 756, "band": 15}]}, "geometry": {"type": "Point", "coordinates": [-122.3353271, 47.6099892]}}, {"type": "Feature", "properties": {"id": "73086be6-f73a-489d-b24b-6ea9c60c96d2", "name": "Restaurant Specialty Services", "category": "restaurant", "tags": ["restaurant"], "sources": ["overture"], "phone": "+12067499998", "address": "500 Union St", "stations": [{"stopCode": 50, "lines": "1,2", "name": "Westlake Station", "walkingMeters": 316, "walkingSeconds": 236, "band": 5}, {"stopCode": 51, "lines": "1,2", "name": "Symphony Station", "walkingMeters": 349, "walkingSeconds": 260, "band": 5}, {"stopCode": 52, "lines": "1,2", "name": "Pioneer Square Station", "walkingMeters": 1120, "walkingSeconds": 836, "band": 15}]}, "geometry": {"type": "Point", "coordinates": [-122.3344803, 47.6099892]}}, {"type": "Feature", "properties": {"id": "342b3528-2bfd-4cb8-9dc6-c3e148e9a482", "name": "Sandella's Flatbread Cafe", "category": "cafe", "tags": ["cafe"], "sources": ["overture"], "website": "http://www.sandellas.com", "phone": "(206) 467-4512", "address": "1420 5th Ave Ste 204", "stations": [{"stopCode": 50, "lines": "1,2", "name": "Westlake Station", "walkingMeters": 290, "walkingSeconds": 210, "band": 5}, {"stopCode": 51, "lines": "1,2", "name": "Symphony Station", "walkingMeters": 346, "walkingSeconds": 249, "band": 5}, {"stopCode": 52, "lines": "1,2", "name": "Pioneer Square Station", "walkingMeters": 1023, "walkingSeconds": 740, "band": 15}]}, "geometry": {"type": "Point", "coordinates": [-122.3345871, 47.6099701]}}, {"type": "Feature", "properties": {"id": "1d942343-4b23-405f-851d-17da9a996515", "name": "Rock Bottom Restaurant & Brewery", "category": "bar", "tags": ["bar", "brewery"], "sources": ["overture"], "website": "http://www.rockbottom.com/", "phone": "(206) 623-3070", "address": "1333 5th Ave", "stations": [{"stopCode": 51, "lines": "1,2", "name": "Symphony Station", "walkingMeters": 260, "walkingSeconds": 187, "band": 5}, {"stopCode": 50, "lines": "1,2", "name": "Westlake Station", "walkingMeters": 339, "walkingSeconds": 244, "band": 5}, {"stopCode": 52, "lines": "1,2", "name": "Pioneer Square Station", "walkingMeters": 942, "walkingSeconds": 678, "band": 15}]}, "geometry": {"type": "Point", "coordinates": [-122.3345642, 47.6091537]}}, {"type": "Feature", "properties": {"id": "9c6e547c-76c0-4be9-9953-55ee6cb87641", "name": "The Font\u00e9 Bar @ Rainier Square", "category": "cafe", "tags": ["cafe"], "sources": ["overture"], "website": "http://www.thefontebar.com/locations", "phone": "(206) 762-0760", "address": "401 Union St", "stations": [{"stopCode": 51, "lines": "1,2", "name": "Symphony Station", "walkingMeters": 269, "walkingSeconds": 193, "band": 5}, {"stopCode": 50, "lines": "1,2", "name": "Westlake Station", "walkingMeters": 330, "walkingSeconds": 237, "band": 5}, {"stopCode": 52, "lines": "1,2", "name": "Pioneer Square Station", "walkingMeters": 951, "walkingSeconds": 684, "band": 15}]}, "geometry": {"type": "Point", "coordinates": [-122.3348312, 47.6091385]}}, {"type": "Feature", "properties": {"id": "a793abf6-3e68-4e6f-8709-eeafa78eb6cd", "name": "Schwartz Brothers", "category": "restaurant", "tags": ["restaurant"], "sources": ["overture"], "phone": "2342063432323", "address": "1325 4th Ave  Ste 2100", "stations": [{"stopCode": 51, "lines": "1,2", "name": "Symphony Station", "walkingMeters": 125, "walkingSeconds": 93, "band": 5}, {"stopCode": 50, "lines": "1,2", "name": "Westlake Station", "walkingMeters": 431, "walkingSeconds": 322, "band": 5}, {"stopCode": 52, "lines": "1,2", "name": "Pioneer Square Station", "walkingMeters": 988, "walkingSeconds": 737, "band": 15}]}, "geometry": {"type": "Point", "coordinates": [-122.3357773, 47.6086617]}}, {"type": "Feature", "properties": {"id": "4a908c01-0f3b-453f-be41-1ed2dc86cb57", "name": "Kudedon Chirashi Bowl Restaurant", "category": "restaurant", "tags": ["restaurant", "sushi"], "sources": ["overture"], "website": "http://kudedon.com", "phone": "12068871280", "address": "1323 4th Ave", "stations": [{"stopCode": 51, "lines": "1,2", "name": "Symphony Station", "walkingMeters": 117, "walkingSeconds": 87, "band": 5}, {"stopCode": 50, "lines": "1,2", "name": "Westlake Station", "walkingMeters": 440, "walkingSeconds": 328, "band": 5}, {"stopCode": 52, "lines": "1,2", "name": "Pioneer Square Station", "walkingMeters": 978, "walkingSeconds": 730, "band": 15}]}, "geometry": {"type": "Point", "coordinates": [-122.3357391, 47.6086006]}}, {"type": "Feature", "properties": {"id": "b2d0dce1-dc4e-464e-a401-9428ce58538b", "name": "Fogo de Ch\u00e3o Brazilian Steakhouse", "category": "restaurant", "tags": ["restaurant", "brazilian", "latin-american"], "sources": ["overture"], "website": "https://fogodechao.com/location/seattle/", "phone": "+12066560711", "address": "400 University St Ste 100", "stations": [{"stopCode": 51, "lines": "1,2", "name": "Symphony Station", "walkingMeters": 126, "walkingSeconds": 90, "band": 5}, {"stopCode": 50, "lines": "1,2", "name": "Westlake Station", "walkingMeters": 437, "walkingSeconds": 315, "band": 5}, {"stopCode": 52, "lines": "1,2", "name": "Pioneer Square Station", "walkingMeters": 809, "walkingSeconds": 582, "band": 15}]}, "geometry": {"type": "Point", "coordinates": [-122.3347702, 47.6084595]}}, {"type": "Feature", "properties": {"id": "132ad8c8-16d1-42a3-85ed-10d3f437c8a3", "name": "Suga Management Llc", "category": "restaurant", "tags": ["restaurant"], "sources": ["overture"], "address": "1200 5th Ave", "stations": [{"stopCode": 51, "lines": "1,2", "name": "Symphony Station", "walkingMeters": 302, "walkingSeconds": 225, "band": 5}, {"stopCode": 50, "lines": "1,2", "name": "Westlake Station", "walkingMeters": 579, "walkingSeconds": 432, "band": 10}, {"stopCode": 52, "lines": "1,2", "name": "Pioneer Square Station", "walkingMeters": 866, "walkingSeconds": 646, "band": 15}]}, "geometry": {"type": "Point", "coordinates": [-122.3330536, 47.6084213]}}, {"type": "Feature", "properties": {"id": "5ee0d264-9eeb-4d48-b75e-25f66be610f3", "name": "Mustard Seed Cafe", "category": "restaurant", "tags": ["restaurant", "burger"], "sources": ["overture"], "website": "http://www.mustardseedcafeseattle.com/", "phone": "2066232259", "address": "1200 5th Ave Ste 2", "stations": [{"stopCode": 51, "lines": "1,2", "name": "Symphony Station", "walkingMeters": 322, "walkingSeconds": 234, "band": 5}, {"stopCode": 50, "lines": "1,2", "name": "Westlake Station", "walkingMeters": 533, "walkingSeconds": 385, "band": 10}, {"stopCode": 52, "lines": "1,2", "name": "Pioneer Square Station", "walkingMeters": 971, "walkingSeconds": 701, "band": 15}]}, "geometry": {"type": "Point", "coordinates": [-122.3334656, 47.6085587]}}, {"type": "Feature", "properties": {"id": "591568dd-7c12-417b-b9d4-fea33f355e70", "name": "Benihana", "category": "restaurant", "tags": ["restaurant", "japanese"], "sources": ["overture"], "website": "http://www.hamanasuseattle.com", "phone": "(206) 682-4686", "address": "1200 5th Ave", "stations": [{"stopCode": 51, "lines": "1,2", "name": "Symphony Station", "walkingMeters": 215, "walkingSeconds": 159, "band": 5}, {"stopCode": 50, "lines": "1,2", "name": "Westlake Station", "walkingMeters": 424, "walkingSeconds": 307, "band": 10}, {"stopCode": 52, "lines": "1,2", "name": "Pioneer Square Station", "walkingMeters": 876, "walkingSeconds": 633, "band": 15}]}, "geometry": {"type": "Point", "coordinates": [-122.3336334, 47.6087685]}}, {"type": "Feature", "properties": {"id": "9827e5a4-e731-43e1-82d7-a14ff0b3ed8c", "name": "Westcoast Cafe Deli Llc", "category": "restaurant", "tags": ["restaurant"], "sources": ["overture"], "address": "1301 6th Ave", "stations": [{"stopCode": 51, "lines": "1,2", "name": "Symphony Station", "walkingMeters": 346, "walkingSeconds": 258, "band": 5}, {"stopCode": 50, "lines": "1,2", "name": "Westlake Station", "walkingMeters": 472, "walkingSeconds": 352, "band": 10}, {"stopCode": 52, "lines": "1,2", "name": "Pioneer Square Station", "walkingMeters": 994, "walkingSeconds": 742, "band": 15}]}, "geometry": {"type": "Point", "coordinates": [-122.3332443, 47.6093025]}}, {"type": "Feature", "properties": {"id": "409cc8b7-b571-4322-9ac3-194505a8c2ec", "name": "Redtrees Restaurant And Bar", "category": "restaurant", "tags": ["restaurant"], "sources": ["overture"], "website": "https://www.coasthotels.com", "phone": "12066240500", "address": "1301 6th Ave", "stations": [{"stopCode": 51, "lines": "1,2", "name": "Symphony Station", "walkingMeters": 307, "walkingSeconds": 221, "band": 5}, {"stopCode": 50, "lines": "1,2", "name": "Westlake Station", "walkingMeters": 476, "walkingSeconds": 342, "band": 10}, {"stopCode": 52, "lines": "1,2", "name": "Pioneer Square Station", "walkingMeters": 975, "walkingSeconds": 704, "band": 15}]}, "geometry": {"type": "Point", "coordinates": [-122.3332443, 47.6093025]}}, {"type": "Feature", "properties": {"id": "14f9de43-bd4a-498f-af7e-f271778eeff5", "name": "Cafe Abodegas", "category": "cafe", "tags": ["cafe", "coffee"], "sources": ["overture"], "website": "http://cafeabodegas.com", "phone": "(206) 624-9999", "address": "1303 6th Ave", "stations": [{"stopCode": 51, "lines": "1,2", "name": "Symphony Station", "walkingMeters": 308, "walkingSeconds": 222, "band": 5}, {"stopCode": 50, "lines": "1,2", "name": "Westlake Station", "walkingMeters": 475, "walkingSeconds": 341, "band": 10}, {"stopCode": 52, "lines": "1,2", "name": "Pioneer Square Station", "walkingMeters": 976, "walkingSeconds": 704, "band": 15}]}, "geometry": {"type": "Point", "coordinates": [-122.3330307, 47.6092529]}}, {"type": "Feature", "properties": {"id": "d346f5cf-9b37-4126-83e4-78b5d954d3ed", "name": "WAC Rugby", "category": "restaurant", "tags": ["restaurant"], "sources": ["overture"], "website": "http://www.wac.net/", "phone": "+12066227900", "address": "1325 6th Ave", "stations": [{"stopCode": 51, "lines": "1,2", "name": "Symphony Station", "walkingMeters": 366, "walkingSeconds": 273, "band": 5}, {"stopCode": 50, "lines": "1,2", "name": "Westlake Station", "walkingMeters": 405, "walkingSeconds": 302, "band": 5}, {"stopCode": 52, "lines": "1,2", "name": "Pioneer Square Station", "walkingMeters": 1062, "walkingSeconds": 793, "band": 15}]}, "geometry": {"type": "Point", "coordinates": [-122.33358, 47.6097336]}}, {"type": "Feature", "properties": {"id": "19011077-65bc-4df6-862f-ba17d08fcf40", "name": "Regatta Bar and Grille", "category": "restaurant", "tags": ["restaurant", "bar-and-grill", "bar", "grill", "american"], "sources": ["overture"], "website": "http://www.cphotelseattle.com/dining.php", "phone": "+12064641980", "address": "1113 6th Ave", "stations": [{"stopCode": 51, "lines": "1,2", "name": "Symphony Station", "walkingMeters": 364, "walkingSeconds": 262, "band": 10}, {"stopCode": 50, "lines": "1,2", "name": "Westlake Station", "walkingMeters": 579, "walkingSeconds": 419, "band": 10}, {"stopCode": 52, "lines": "1,2", "name": "Pioneer Square Station", "walkingMeters": 795, "walkingSeconds": 572, "band": 15}]}, "geometry": {"type": "Point", "coordinates": [-122.3321609, 47.6080933]}}, {"type": "Feature", "properties": {"id": "a2ecc1cf-5deb-4e0d-bf75-666e26953c1b", "name": "Trade Map Llc", "category": "restaurant", "tags": ["restaurant"], "sources": ["overture"], "address": "1118 5th Ave", "stations": [{"stopCode": 51, "lines": "1,2", "name": "Symphony Station", "walkingMeters": 335, "walkingSeconds": 250, "band": 5}, {"stopCode": 50, "lines": "1,2", "name": "Westlake Station", "walkingMeters": 667, "walkingSeconds": 498, "band": 10}, {"stopCode": 52, "lines": "1,2", "name": "Pioneer Square Station", "walkingMeters": 783, "walkingSeconds": 584, "band": 15}]}, "geometry": {"type": "Point", "coordinates": [-122.3325882, 47.6078949]}}, {"type": "Feature", "properties": {"id": "eeeaa29c-32ce-4d64-8efd-5c092ba5a2e9", "name": "Vovito", "category": "cafe", "tags": ["cafe", "coffee", "pizza"], "sources": ["overture"], "phone": "4255035522", "address": "1100 4th Ave", "stations": [{"stopCode": 51, "lines": "1,2", "name": "Symphony Station", "walkingMeters": 307, "walkingSeconds": 221, "band": 5}, {"stopCode": 52, "lines": "1,2", "name": "Pioneer Square Station", "walkingMeters": 624, "walkingSeconds": 449, "band": 10}, {"stopCode": 50, "lines": "1,2", "name": "Westlake Station", "walkingMeters": 638, "walkingSeconds": 460, "band": 10}, {"stopCode": 53, "lines": "1,2", "name": "International District Station", "walkingMeters": 1167, "walkingSeconds": 840, "band": 15}]}, "geometry": {"type": "Point", "coordinates": [-122.3333817, 47.6070938]}}, {"type": "Feature", "properties": {"id": "14e6854c-03df-4512-aa63-136d75cc15af", "name": "Seattles Best Coffee - Retail Cafes, Downtown Seattle, Pacific Plaza", "category": "cafe", "tags": ["cafe", "coffee"], "sources": ["overture"], "website": "http://www.seattlesbest.com", "phone": "(206) 623-0104", "address": "1100 4th Ave", "stations": [{"stopCode": 51, "lines": "1,2", "name": "Symphony Station", "walkingMeters": 303, "walkingSeconds": 218, "band": 5}, {"stopCode": 52, "lines": "1,2", "name": "Pioneer Square Station", "walkingMeters": 621, "walkingSeconds": 446, "band": 10}, {"stopCode": 50, "lines": "1,2", "name": "Westlake Station", "walkingMeters": 635, "walkingSeconds": 457, "band": 10}, {"stopCode": 53, "lines": "1,2", "name": "International District Station", "walkingMeters": 1163, "walkingSeconds": 837, "band": 15}]}, "geometry": {"type": "Point", "coordinates": [-122.3334198, 47.6070786]}}, {"type": "Feature", "properties": {"id": "d263454e-cc97-4c37-ba5c-dddb142493ad", "name": "Blue Water Taco Grill - 4th Ave. Plaza", "category": "restaurant", "tags": ["restaurant", "mexican"], "sources": ["overture"], "website": "http://www.bluewatertacogrill.com", "phone": "(206) 264-8950", "address": "1001 4th Ave", "stations": [{"stopCode": 51, "lines": "1,2", "name": "Symphony Station", "walkingMeters": 345, "walkingSeconds": 248, "band": 5}, {"stopCode": 52, "lines": "1,2", "name": "Pioneer Square Station", "walkingMeters": 555, "walkingSeconds": 399, "band": 10}, {"stopCode": 50, "lines": "1,2", "name": "Westlake Station", "walkingMeters": 679, "walkingSeconds": 489, "band": 10}, {"stopCode": 53, "lines": "1,2", "name": "International District Station", "walkingMeters": 1097, "walkingSeconds": 790, "band": 15}]}, "geometry": {"type": "Point", "coordinates": [-122.3331909, 47.6064835]}}, {"type": "Feature", "properties": {"id": "e5d6ea3b-94dd-4d74-8a95-275af68f3fc0", "name": "Taco Time Traveler", "category": "fast_food", "tags": ["fast-food", "food", "truck"], "sources": ["overture"], "website": "https://tacotimenw.com", "phone": "(425) 226-6656", "stations": [{"stopCode": 51, "lines": "1,2", "name": "Symphony Station", "walkingMeters": 326, "walkingSeconds": 235, "band": 5}, {"stopCode": 52, "lines": "1,2", "name": "Pioneer Square Station", "walkingMeters": 555, "walkingSeconds": 399, "band": 10}, {"stopCode": 50, "lines": "1,2", "name": "Westlake Station", "walkingMeters": 692, "walkingSeconds": 501, "band": 10}, {"stopCode": 53, "lines": "1,2", "name": "International District Station", "walkingMeters": 1114, "walkingSeconds": 802, "band": 15}]}, "geometry": {"type": "Point", "coordinates": [-122.3336258, 47.6064453]}}, {"type": "Feature", "properties": {"id": "6042d759-afb1-4c11-87c0-f3a0e15be735", "name": "Sip", "category": "bar", "tags": ["bar", "wine"], "sources": ["overture"], "website": "http://www.siprestaurant.com", "phone": "(206) 682-2779", "address": "909 5th Ave", "stations": [{"stopCode": 51, "lines": "1,2", "name": "Symphony Station", "walkingMeters": 460, "walkingSeconds": 331, "band": 10}, {"stopCode": 52, "lines": "1,2", "name": "Pioneer Square Station", "walkingMeters": 556, "walkingSeconds": 400, "band": 10}, {"stopCode": 50, "lines": "1,2", "name": "Westlake Station", "walkingMeters": 731, "walkingSeconds": 526, "band": 10}, {"stopCode": 53, "lines": "1,2", "name": "International District Station", "walkingMeters": 1045, "walkingSeconds": 752, "band": 15}]}, "geometry": {"type": "Point", "coordinates": [-122.3320313, 47.6063499]}}, {"type": "Feature", "properties": {"id": "4d172c51-5e47-4a33-aa07-a25c49bb1a73", "name": "Wet Buns @ Central Library", "category": "restaurant", "tags": ["restaurant", "sandwich"], "sources": ["overture"], "website": "http://www.wetbuns.com", "phone": "(206) 386-4636", "address": "1000 4th Ave", "stations": [{"stopCode": 51, "lines": "1,2", "name": "Symphony Station", "walkingMeters": 428, "walkingSeconds": 308, "band": 10}, {"stopCode": 52, "lines": "1,2", "name": "Pioneer Square Station", "walkingMeters": 559, "walkingSeconds": 402, "band": 10}, {"stopCode": 50, "lines": "1,2", "name": "Westlake Station", "walkingMeters": 728, "walkingSeconds": 523, "band": 10}, {"stopCode": 53, "lines": "1,2", "name": "International District Station", "walkingMeters": 1075, "walkingSeconds": 774, "band": 15}]}, "geometry": {"type": "Point", "coordinates": [-122.3323364, 47.6064453]}}, {"type": "Feature", "properties": {"id": "ff70d7f5-2217-4650-9ac7-8b738efd6e17", "name": "The Fig & The Judge", "category": "restaurant", "tags": ["restaurant", "american", "breakfast-and-brunch"], "sources": ["overture"], "website": "http://www.marriott.com/hotels/hotel-information/restaurant/seasm-renaissance-seattle-hotel/", "phone": "+12066944900", "address": "515 Madison St", "stations": [{"stopCode": 51, "lines": "1,2", "name": "Symphony Station", "walkingMeters": 520, "walkingSeconds": 388, "band": 10}, {"stopCode": 52, "lines": "1,2", "name": "Pioneer Square Station", "walkingMeters": 610, "walkingSeconds": 455, "band": 10}, {"stopCode": 50, "lines": "1,2", "name": "Westlake Station", "walkingMeters": 895, "walkingSeconds": 668, "band": 10}, {"stopCode": 53, "lines": "1,2", "name": "International District Station", "walkingMeters": 1250, "walkingSeconds": 933, "band": 15}]}, "geometry": {"type": "Point", "coordinates": [-122.3309097, 47.6067734]}}, {"type": "Feature", "properties": {"id": "79fdf230-12f0-4fc2-9909-20f351dafe7f", "name": "Mix It Up Northwest Llc", "category": "restaurant", "tags": ["restaurant"], "sources": ["overture"], "address": "800 5th Ave Ste 101-120", "stations": [{"stopCode": 52, "lines": "1,2", "name": "Pioneer Square Station", "walkingMeters": 479, "walkingSeconds": 357, "band": 10}, {"stopCode": 51, "lines": "1,2", "name": "Symphony Station", "walkingMeters": 617, "walkingSeconds": 460, "band": 10}, {"stopCode": 50, "lines": "1,2", "name": "Westlake Station", "walkingMeters": 1033, "walkingSeconds": 771, "band": 15}, {"stopCode": 53, "lines": "1,2", "name": "International District Station", "walkingMeters": 1106, "walkingSeconds": 825, "band": 15}]}, "geometry": {"type": "Point", "coordinates": [-122.3304138, 47.6058273]}}, {"type": "Feature", "properties": {"id": "a0c20eb3-9eb3-4685-8613-d6fda3574fb9", "name": "O'Asian Kitchen", "category": "restaurant", "tags": ["restaurant", "chinese"], "sources": ["overture"], "website": "http://oasiankitchen.com", "phone": "(206) 264-1789", "address": "800 5th Ave", "stations": [{"stopCode": 52, "lines": "1,2", "name": "Pioneer Square Station", "walkingMeters": 457, "walkingSeconds": 328, "band": 10}, {"stopCode": 51, "lines": "1,2", "name": "Symphony Station", "walkingMeters": 636, "walkingSeconds": 458, "band": 10}, {"stopCode": 50, "lines": "1,2", "name": "Westlake Station", "walkingMeters": 854, "walkingSeconds": 623, "band": 15}, {"stopCode": 53, "lines": "1,2", "name": "International District Station", "walkingMeters": 901, "walkingSeconds": 649, "band": 15}]}, "geometry": {"type": "Point", "coordinates": [-122.3305359, 47.605484]}}, {"type": "Feature", "properties": {"id": "aea8b8c5-b8b4-411c-9cde-5eea4c8d7d6a", "name": "New York Pizza Place II", "category": "restaurant", "tags": ["restaurant", "pizza"], "sources": ["overture"], "website": "http://elementalpizza.com", "phone": "(206) 587-0381", "address": "701 5th Ave Ste 108", "stations": [{"stopCode": 52, "lines": "1,2", "name": "Pioneer Square Station", "walkingMeters": 308, "walkingSeconds": 222, "band": 5}, {"stopCode": 51, "lines": "1,2", "name": "Symphony Station", "walkingMeters": 732, "walkingSeconds": 527, "band": 10}, {"stopCode": 53, "lines": "1,2", "name": "International District Station", "walkingMeters": 768, "walkingSeconds": 553, "band": 15}, {"stopCode": 50, "lines": "1,2", "name": "Westlake Station", "walkingMeters": 990, "walkingSeconds": 712, "band": 15}]}, "geometry": {"type": "Point", "coordinates": [-122.3301163, 47.6044083]}}, {"type": "Feature", "properties": {"id": "86845e76-e8d9-493e-9387-501d38a37e3e", "name": "Bowls & Noodles", "category": "restaurant", "tags": ["restaurant", "noodles"], "sources": ["overture"], "website": "http://www.samurainoodle.com", "phone": "(206) 621-8226", "address": "701 5th Ave", "stations": [{"stopCode": 52, "lines": "1,2", "name": "Pioneer Square Station", "walkingMeters": 248, "walkingSeconds": 178, "band": 5}, {"stopCode": 51, "lines": "1,2", "name": "Symphony Station", "walkingMeters": 649, "walkingSeconds": 467, "band": 10}, {"stopCode": 53, "lines": "1,2", "name": "International District Station", "walkingMeters": 786, "walkingSeconds": 566, "band": 15}, {"stopCode": 50, "lines": "1,2", "name": "Westlake Station", "walkingMeters": 984, "walkingSeconds": 709, "band": 15}]}, "geometry": {"type": "Point", "coordinates": [-122.3310013, 47.6041679]}}, {"type": "Feature", "properties": {"id": "c7ae8f55-624e-4a49-857b-f3c2e19eece9", "name": "Moghul Express", "category": "restaurant", "tags": ["restaurant", "indian"], "sources": ["overture"], "website": "http://www.pacifichorizon.com", "phone": "(206) 386-8070", "address": "701 5th Ave Ste 111", "stations": [{"stopCode": 52, "lines": "1,2", "name": "Pioneer Square Station", "walkingMeters": 252, "walkingSeconds": 181, "band": 5}, {"stopCode": 51, "lines": "1,2", "name": "Symphony Station", "walkingMeters": 644, "walkingSeconds": 464, "band": 10}, {"stopCode": 53, "lines": "1,2", "name": "International District Station", "walkingMeters": 790, "walkingSeconds": 568, "band": 15}, {"stopCode": 50, "lines": "1,2", "name": "Westlake Station", "walkingMeters": 980, "walkingSeconds": 706, "band": 15}]}, "geometry": {"type": "Point", "coordinates": [-122.330986, 47.6042175]}}, {"type": "Feature", "properties": {"id": "6f84585b-9f4b-4d9f-9678-d3cc72e962a4", "name": "Sushi Kudasai, Columbia Center", "category": "restaurant", "tags": ["restaurant", "sushi", "japanese", "asian"], "sources": ["overture"], "website": "http://www.sushikudasaiseattle.com/contact", "phone": "+12062570930", "address": "701 5th Ave #113", "stations": [{"stopCode": 52, "lines": "1,2", "name": "Pioneer Square Station", "walkingMeters": 282, "walkingSeconds": 203, "band": 5}, {"stopCode": 51, "lines": "1,2", "name": "Symphony Station", "walkingMeters": 706, "walkingSeconds": 508, "band": 10}, {"stopCode": 53, "lines": "1,2", "name": "International District Station", "walkingMeters": 795, "walkingSeconds": 572, "band": 15}, {"stopCode": 50, "lines": "1,2", "name": "Westlake Station", "walkingMeters": 1016, "walkingSeconds": 731, "band": 15}]}, "geometry": {"type": "Point", "coordinates": [-122.3304977, 47.6043777]}}, {"type": "Feature", "properties": {"id": "6582b093-797d-4d56-bbcb-ca3501a8fd9e", "name": "Just Poke Columbia Tower", "category": "restaurant", "tags": ["restaurant", "poke", "asian", "seafood"], "sources": ["overture"], "website": "http://justpoke.com/", "phone": "+12068298064", "address": "701 5th Ave Ste 205 (2nd Fl", "stations": [{"stopCode": 52, "lines": "1,2", "name": "Pioneer Square Station", "walkingMeters": 272, "walkingSeconds": 195, "band": 5}, {"stopCode": 51, "lines": "1,2", "name": "Symphony Station", "walkingMeters": 695, "walkingSeconds": 500, "band": 10}, {"stopCode": 53, "lines": "1,2", "name": "International District Station", "walkingMeters": 805, "walkingSeconds": 579, "band": 15}, {"stopCode": 50, "lines": "1,2", "name": "Westlake Station", "walkingMeters": 1027, "walkingSeconds": 739, "band": 15}]}, "geometry": {"type": "Point", "coordinates": [-122.3306732, 47.6043854]}}, {"type": "Feature", "properties": {"id": "cca0a50e-f14f-45d6-9e97-55400b911071", "name": "Bhatti Inc", "category": "restaurant", "tags": ["restaurant"], "sources": ["overture"], "address": "701 5th Ave Ste 110", "stations": [{"stopCode": 52, "lines": "1,2", "name": "Pioneer Square Station", "walkingMeters": 289, "walkingSeconds": 216, "band": 5}, {"stopCode": 51, "lines": "1,2", "name": "Symphony Station", "walkingMeters": 709, "walkingSeconds": 529, "band": 10}, {"stopCode": 53, "lines": "1,2", "name": "International District Station", "walkingMeters": 928, "walkingSeconds": 693, "band": 15}, {"stopCode": 50, "lines": "1,2", "name": "Westlake Station", "walkingMeters": 1179, "walkingSeconds": 880, "band": 15}]}, "geometry": {"type": "Point", "coordinates": [-122.3306274, 47.6045227]}}, {"type": "Feature", "properties": {"id": "71d38571-7701-4241-bfe4-d16a4529df8d", "name": "Ray's Gourmet Deli, Inc", "category": "restaurant", "tags": ["restaurant"], "sources": ["overture"], "address": "701 5th Ave Ste 102", "stations": [{"stopCode": 52, "lines": "1,2", "name": "Pioneer Square Station", "walkingMeters": 289, "walkingSeconds": 216, "band": 5}, {"stopCode": 51, "lines": "1,2", "name": "Symphony Station", "walkingMeters": 709, "walkingSeconds": 529, "band": 10}, {"stopCode": 53, "lines": "1,2", "name": "International District Station", "walkingMeters": 928, "walkingSeconds": 693, "band": 15}, {"stopCode": 50, "lines": "1,2", "name": "Westlake Station", "walkingMeters": 1179, "walkingSeconds": 880, "band": 15}]}, "geometry": {"type": "Point", "coordinates": [-122.3306274, 47.6045227]}}, {"type": "Feature", "properties": {"id": "862a8846-130a-4f27-ac98-5d650a516f95", "name": "Jk Food Inc", "category": "restaurant", "tags": ["restaurant"], "sources": ["overture"], "address": "701 5th Ave Ste 115", "stations": [{"stopCode": 52, "lines": "1,2", "name": "Pioneer Square Station", "walkingMeters": 289, "walkingSeconds": 216, "band": 5}, {"stopCode": 51, "lines": "1,2", "name": "Symphony Station", "walkingMeters": 709, "walkingSeconds": 529, "band": 10}, {"stopCode": 53, "lines": "1,2", "name": "International District Station", "walkingMeters": 928, "walkingSeconds": 693, "band": 15}, {"stopCode": 50, "lines": "1,2", "name": "Westlake Station", "walkingMeters": 1179, "walkingSeconds": 880, "band": 15}]}, "geometry": {"type": "Point", "coordinates": [-122.3306274, 47.6045227]}}, {"type": "Feature", "properties": {"id": "b443154c-c3cf-42c6-a409-79f5da6a5343", "name": "Elemental Pizza Cc Llc", "category": "restaurant", "tags": ["restaurant"], "sources": ["overture"], "address": "701 5th Ave Ste 305", "stations": [{"stopCode": 52, "lines": "1,2", "name": "Pioneer Square Station", "walkingMeters": 356, "walkingSeconds": 256, "band": 5}, {"stopCode": 51, "lines": "1,2", "name": "Symphony Station", "walkingMeters": 709, "walkingSeconds": 513, "band": 10}, {"stopCode": 53, "lines": "1,2", "name": "International District Station", "walkingMeters": 781, "walkingSeconds": 576, "band": 15}, {"stopCode": 50, "lines": "1,2", "name": "Westlake Station", "walkingMeters": 925, "walkingSeconds": 681, "band": 15}]}, "geometry": {"type": "Point", "coordinates": [-122.3306274, 47.6045227]}}, {"type": "Feature", "properties": {"id": "2168a939-25d5-4b71-9a70-e1d9973c6e67", "name": "Peerless Cafe", "category": "cafe", "tags": ["cafe"], "sources": ["overture"], "phone": "2063865775", "address": "701 5th Ave  # 7", "stations": [{"stopCode": 52, "lines": "1,2", "name": "Pioneer Square Station", "walkingMeters": 289, "walkingSeconds": 216, "band": 5}, {"stopCode": 51, "lines": "1,2", "name": "Symphony Station", "walkingMeters": 709, "walkingSeconds": 529, "band": 10}, {"stopCode": 53, "lines": "1,2", "name": "International District Station", "walkingMeters": 928, "walkingSeconds": 693, "band": 15}, {"stopCode": 50, "lines": "1,2", "name": "Westlake Station", "walkingMeters": 1179, "walkingSeconds": 880, "band": 15}]}, "geometry": {"type": "Point", "coordinates": [-122.3306274, 47.6045227]}}, {"type": "Feature", "properties": {"id": "334c66b2-bf37-4750-a818-8d8cb02fe623", "name": "A.r. Food Inc", "category": "restaurant", "tags": ["restaurant"], "sources": ["overture"], "address": "701 5th Ave Ste 111", "stations": [{"stopCode": 52, "lines": "1,2", "name": "Pioneer Square Station", "walkingMeters": 289, "walkingSeconds": 216, "band": 5}, {"stopCode": 51, "lines": "1,2", "name": "Symphony Station", "walkingMeters": 709, "walkingSeconds": 529, "band": 10}, {"stopCode": 53, "lines": "1,2", "name": "International District Station", "walkingMeters": 928, "walkingSeconds": 693, "band": 15}, {"stopCode": 50, "lines": "1,2", "name": "Westlake Station", "walkingMeters": 1179, "walkingSeconds": 880, "band": 15}]}, "geometry": {"type": "Point", "coordinates": [-122.3306274, 47.6045227]}}, {"type": "Feature", "properties": {"id": "318e8ef7-c668-43c5-bd45-d87b2fa9529a", "name": "Twice Burger", "category": "restaurant", "tags": ["restaurant", "burger", "american"], "sources": ["overture"], "website": "https://www.twiceburger.com", "phone": "+12067714942", "address": "701 5th Ave", "stations": [{"stopCode": 52, "lines": "1,2", "name": "Pioneer Square Station", "walkingMeters": 283, "walkingSeconds": 203, "band": 5}, {"stopCode": 51, "lines": "1,2", "name": "Symphony Station", "walkingMeters": 613, "walkingSeconds": 441, "band": 10}, {"stopCode": 53, "lines": "1,2", "name": "International District Station", "walkingMeters": 821, "walkingSeconds": 591, "band": 15}, {"stopCode": 50, "lines": "1,2", "name": "Westlake Station", "walkingMeters": 949, "walkingSeconds": 683, "band": 15}]}, "geometry": {"type": "Point", "coordinates": [-122.3309784, 47.604557]}}, {"type": "Feature", "properties": {"id": "11c1cb33-9efa-4917-a642-05eba2d54409", "name": "Ulysses PUB and Pizzeria", "category": "restaurant", "tags": ["restaurant"], "sources": ["overture"], "website": "http://ulyssespubandpizzeria.com/", "phone": "+12062431875", "address": "42nd Ave s", "stations": [{"stopCode": 52, "lines": "1,2", "name": "Pioneer Square Station", "walkingMeters": 343, "walkingSeconds": 247, "band": 5}, {"stopCode": 51, "lines": "1,2", "name": "Symphony Station", "walkingMeters": 618, "walkingSeconds": 444, "band": 10}, {"stopCode": 53, "lines": "1,2", "name": "International District Station", "walkingMeters": 882, "walkingSeconds": 634, "band": 15}, {"stopCode": 50, "lines": "1,2", "name": "Westlake Station", "walkingMeters": 952, "walkingSeconds": 685, "band": 15}]}, "geometry": {"type": "Point", "coordinates": [-122.3310013, 47.6045914]}}, {"type": "Feature", "properties": {"id": "0edfac1d-ddb7-4ee4-977a-035273611bc1", "name": "Sky View Cafe", "category": "bar", "tags": ["bar"], "sources": ["overture"], "phone": "+12066237373", "address": "701 5th Ave", "stations": [{"stopCode": 52, "lines": "1,2", "name": "Pioneer Square Station", "walkingMeters": 409, "walkingSeconds": 294, "band": 5}, {"stopCode": 51, "lines": "1,2", "name": "Symphony Station", "walkingMeters": 703, "walkingSeconds": 506, "band": 10}, {"stopCode": 53, "lines": "1,2", "name": "International District Station", "walkingMeters": 855, "walkingSeconds": 615, "band": 15}, {"stopCode": 50, "lines": "1,2", "name": "Westlake Station", "walkingMeters": 945, "walkingSeconds": 680, "band": 15}]}, "geometry": {"type": "Point", "coordinates": [-122.3308258, 47.6045265]}}, {"type": "Feature", "properties": {"id": "b26e710e-a15e-4a5b-8e98-d92b0485f39c", "name": "JJ's Gourmet Burgers", "category": "restaurant", "tags": ["restaurant", "burger", "hot-dog"], "sources": ["overture"], "phone": "2066231953", "address": "701 5th Ave Ste 110", "stations": [{"stopCode": 52, "lines": "1,2", "name": "Pioneer Square Station", "walkingMeters": 414, "walkingSeconds": 298, "band": 10}, {"stopCode": 51, "lines": "1,2", "name": "Symphony Station", "walkingMeters": 722, "walkingSeconds": 520, "band": 10}, {"stopCode": 53, "lines": "1,2", "name": "International District Station", "walkingMeters": 845, "walkingSeconds": 608, "band": 15}, {"stopCode": 50, "lines": "1,2", "name": "Westlake Station", "walkingMeters": 942, "walkingSeconds": 686, "band": 15}]}, "geometry": {"type": "Point", "coordinates": [-122.3300018, 47.6049995]}}, {"type": "Feature", "properties": {"id": "64d43835-d853-49b4-aefc-303a737e0d87", "name": "Pallino Pastaria", "category": "restaurant", "tags": ["restaurant", "italian"], "sources": ["overture"], "website": "http://www.pallino.com/index.htm", "phone": "(206) 624-2412", "address": "701 5th Ave", "stations": [{"stopCode": 52, "lines": "1,2", "name": "Pioneer Square Station", "walkingMeters": 330, "walkingSeconds": 237, "band": 5}, {"stopCode": 51, "lines": "1,2", "name": "Symphony Station", "walkingMeters": 604, "walkingSeconds": 435, "band": 10}, {"stopCode": 53, "lines": "1,2", "name": "International District Station", "walkingMeters": 868, "walkingSeconds": 625, "band": 15}, {"stopCode": 50, "lines": "1,2", "name": "Westlake Station", "walkingMeters": 939, "walkingSeconds": 676, "band": 15}]}, "geometry": {"type": "Point", "coordinates": [-122.3312225, 47.6047478]}}, {"type": "Feature", "properties": {"id": "58d31579-63be-4c82-ba56-545cdaf1be60", "name": "Papazzi Pizza", "category": "restaurant", "tags": ["restaurant", "pizza"], "sources": ["overture"], "website": "http://www.atlasruggallery.com", "phone": "(206) 621-9999", "address": "701 5th Ave", "stations": [{"stopCode": 52, "lines": "1,2", "name": "Pioneer Square Station", "walkingMeters": 263, "walkingSeconds": 189, "band": 5}, {"stopCode": 51, "lines": "1,2", "name": "Symphony Station", "walkingMeters": 633, "walkingSeconds": 456, "band": 10}, {"stopCode": 53, "lines": "1,2", "name": "International District Station", "walkingMeters": 801, "walkingSeconds": 577, "band": 15}, {"stopCode": 50, "lines": "1,2", "name": "Westlake Station", "walkingMeters": 969, "walkingSeconds": 698, "band": 15}]}, "geometry": {"type": "Point", "coordinates": [-122.3310547, 47.6043091]}}, {"type": "Feature", "properties": {"id": "6a30ad4e-4044-405b-b124-e50c2579c881", "name": "Rice Bistro", "category": "restaurant", "tags": ["restaurant", "chinese"], "sources": ["overture"], "website": "http://www.menuism.com", "phone": "(206) 467-8744", "address": "823 3rd Ave Ste 101", "stations": [{"stopCode": 52, "lines": "1,2", "name": "Pioneer Square Station", "walkingMeters": 245, "walkingSeconds": 176, "band": 5}, {"stopCode": 51, "lines": "1,2", "name": "Symphony Station", "walkingMeters": 468, "walkingSeconds": 337, "band": 10}, {"stopCode": 53, "lines": "1,2", "name": "International District Station", "walkingMeters": 883, "walkingSeconds": 637, "band": 15}, {"stopCode": 50, "lines": "1,2", "name": "Westlake Station", "walkingMeters": 997, "walkingSeconds": 717, "band": 15}]}, "geometry": {"type": "Point", "coordinates": [-122.3330688, 47.6042404]}}, {"type": "Feature", "properties": {"id": "bc83225b-6440-4916-9620-b70f6add8069", "name": "Rolls N Sushi", "category": "restaurant", "tags": ["restaurant"], "sources": ["overture"], "address": "823 3rd Ave", "stations": [{"stopCode": 52, "lines": "1,2", "name": "Pioneer Square Station", "walkingMeters": 361, "walkingSeconds": 269, "band": 5}, {"stopCode": 51, "lines": "1,2", "name": "Symphony Station", "walkingMeters": 532, "walkingSeconds": 397, "band": 5}, {"stopCode": 53, "lines": "1,2", "name": "International District Station", "walkingMeters": 1043, "walkingSeconds": 778, "band": 15}, {"stopCode": 50, "lines": "1,2", "name": "Westlake Station", "walkingMeters": 1061, "walkingSeconds": 792, "band": 15}]}, "geometry": {"type": "Point", "coordinates": [-122.3333664, 47.6045914]}}, {"type": "Feature", "properties": {"id": "8ee7f2d3-bc74-4f61-bb96-46ba12c658ff", "name": "Cafe Pho", "category": "restaurant", "tags": ["restaurant"], "sources": ["overture"], "website": "https://www.cafephosc.com", "address": "823 3rd Ave Ste 201", "stations": [{"stopCode": 52, "lines": "1,2", "name": "Pioneer Square Station", "walkingMeters": 336, "walkingSeconds": 242, "band": 5}, {"stopCode": 51, "lines": "1,2", "name": "Symphony Station", "walkingMeters": 406, "walkingSeconds": 292, "band": 5}, {"stopCode": 50, "lines": "1,2", "name": "Westlake Station", "walkingMeters": 934, "walkingSeconds": 672, "band": 15}, {"stopCode": 53, "lines": "1,2", "name": "International District Station", "walkingMeters": 974, "walkingSeconds": 703, "band": 15}]}, "geometry": {"type": "Point", "coordinates": [-122.3333664, 47.6045914]}}, {"type": "Feature", "properties": {"id": "10b552c9-0dc2-42ce-9555-eb0802c8e47e", "name": "Aayo Gorkhalee Llc", "category": "restaurant", "tags": ["restaurant"], "sources": ["overture"], "address": "823 3rd Ave Ste 106", "stations": [{"stopCode": 52, "lines": "1,2", "name": "Pioneer Square Station", "walkingMeters": 361, "walkingSeconds": 269, "band": 5}, {"stopCode": 51, "lines": "1,2", "name": "Symphony Station", "walkingMeters": 532, "walkingSeconds": 397, "band": 5}, {"stopCode": 53, "lines": "1,2", "name": "International District Station", "walkingMeters": 1043, "walkingSeconds": 778, "band": 15}, {"stopCode": 50, "lines": "1,2", "name": "Westlake Station", "walkingMeters": 1061, "walkingSeconds": 792, "band": 15}]}, "geometry": {"type": "Point", "coordinates": [-122.3333664, 47.6045914]}}, {"type": "Feature", "properties": {"id": "8c82d7f0-2049-43b7-a51b-f310e51c6f65", "name": "Thai 2 Go", "category": "restaurant", "tags": ["restaurant", "thai", "fast-food"], "sources": ["overture"], "website": "http://www.thai-2-go.com", "phone": "+12063321839", "address": "823 3rd Ave", "stations": [{"stopCode": 52, "lines": "1,2", "name": "Pioneer Square Station", "walkingMeters": 289, "walkingSeconds": 208, "band": 5}, {"stopCode": 51, "lines": "1,2", "name": "Symphony Station", "walkingMeters": 424, "walkingSeconds": 305, "band": 5}, {"stopCode": 53, "lines": "1,2", "name": "International District Station", "walkingMeters": 927, "walkingSeconds": 669, "band": 15}, {"stopCode": 50, "lines": "1,2", "name": "Westlake Station", "walkingMeters": 952, "walkingSeconds": 685, "band": 15}]}, "geometry": {"type": "Point", "coordinates": [-122.3334122, 47.6045647]}}, {"type": "Feature", "properties": {"id": "84f98a3f-1fdc-4f8d-a08c-ba60f9a192e9", "name": "Red Bowls Restaurant", "category": "restaurant", "tags": ["restaurant", "asian", "japanese", "noodles"], "sources": ["overture"], "website": "https://postmates.com/", "phone": "+12063442695", "address": "812 3rd Ave", "stations": [{"stopCode": 52, "lines": "1,2", "name": "Pioneer Square Station", "walkingMeters": 326, "walkingSeconds": 243, "band": 5}, {"stopCode": 51, "lines": "1,2", "name": "Symphony Station", "walkingMeters": 569, "walkingSeconds": 425, "band": 10}, {"stopCode": 53, "lines": "1,2", "name": "International District Station", "walkingMeters": 1010, "walkingSeconds": 754, "band": 15}, {"stopCode": 50, "lines": "1,2", "name": "Westlake Station", "walkingMeters": 1084, "walkingSeconds": 809, "band": 15}]}, "geometry": {"type": "Point", "coordinates": [-122.3326645, 47.6045914]}}, {"type": "Feature", "properties": {"id": "2ecb8b3b-1323-4551-97c0-f59dbc9c508b", "name": "Charlotte Restaurant & Lounge", "category": "restaurant", "tags": ["restaurant", "american"], "sources": ["overture"], "website": "https://www.charlotterestaurantseattle.com/", "phone": "+12068008117", "address": "809 5th Ave", "stations": [{"stopCode": 52, "lines": "1,2", "name": "Pioneer Square Station", "walkingMeters": 461, "walkingSeconds": 331, "band": 10}, {"stopCode": 51, "lines": "1,2", "name": "Symphony Station", "walkingMeters": 591, "walkingSeconds": 425, "band": 10}, {"stopCode": 50, "lines": "1,2", "name": "Westlake Station", "walkingMeters": 832, "walkingSeconds": 598, "band": 15}, {"stopCode": 53, "lines": "1,2", "name": "International District Station", "walkingMeters": 912, "walkingSeconds": 657, "band": 15}]}, "geometry": {"type": "Point", "coordinates": [-122.3313065, 47.6054688]}}, {"type": "Feature", "properties": {"id": "55adcd4e-65e0-40e6-9a65-87890e47e5e8", "name": "Cafe 5ive", "category": "cafe", "tags": ["cafe"], "sources": ["overture"], "website": "http://www.cafe5ive.com", "phone": "(206) 621-1242", "address": "901 5th Ave Ste 820", "stations": [{"stopCode": 52, "lines": "1,2", "name": "Pioneer Square Station", "walkingMeters": 449, "walkingSeconds": 323, "band": 10}, {"stopCode": 51, "lines": "1,2", "name": "Symphony Station", "walkingMeters": 507, "walkingSeconds": 365, "band": 10}, {"stopCode": 50, "lines": "1,2", "name": "Westlake Station", "walkingMeters": 840, "walkingSeconds": 604, "band": 10}, {"stopCode": 53, "lines": "1,2", "name": "International District Station", "walkingMeters": 992, "walkingSeconds": 714, "band": 15}]}, "geometry": {"type": "Point", "coordinates": [-122.3319702, 47.6057701]}}, {"type": "Feature", "properties": {"id": "d69cd88e-6a16-43ca-8c66-118593205daf", "name": "Ricenroll", "category": "restaurant", "tags": ["restaurant", "sushi"], "sources": ["overture"], "website": "https://www.pacificaricenroll.com", "phone": "+12062620381", "address": "214 Madison St", "stations": [{"stopCode": 51, "lines": "1,2", "name": "Symphony Station", "walkingMeters": 350, "walkingSeconds": 261, "band": 5}, {"stopCode": 52, "lines": "1,2", "name": "Pioneer Square Station", "walkingMeters": 545, "walkingSeconds": 407, "band": 10}, {"stopCode": 50, "lines": "1,2", "name": "Westlake Station", "walkingMeters": 888, "walkingSeconds": 663, "band": 10}, {"stopCode": 53, "lines": "1,2", "name": "International District Station", "walkingMeters": 1226, "walkingSeconds": 915, "band": 15}]}, "geometry": {"type": "Point", "coordinates": [-122.3345032, 47.6056137]}}, {"type": "Feature", "properties": {"id": "9aa01aef-02f5-4f4b-a8ad-a20cd42cfb1e", "name": "Framesbymasby", "category": "restaurant", "tags": ["restaurant", "fast-food"], "sources": ["overture"], "phone": "+2349095237484", "address": "1002 1st Ave", "stations": [{"stopCode": 51, "lines": "1,2", "name": "Symphony Station", "walkingMeters": 437, "walkingSeconds": 314, "band": 5}, {"stopCode": 52, "lines": "1,2", "name": "Pioneer Square Station", "walkingMeters": 574, "walkingSeconds": 413, "band": 10}, {"stopCode": 50, "lines": "1,2", "name": "Westlake Station", "walkingMeters": 961, "walkingSeconds": 691, "band": 15}, {"stopCode": 53, "lines": "1,2", "name": "International District Station", "walkingMeters": 1095, "walkingSeconds": 795, "band": 15}]}, "geometry": {"type": "Point", "coordinates": [-122.3360825, 47.6050682]}}, {"type": "Feature", "properties": {"id": "12328495-d432-4498-beb6-b0f30713af7f", "name": "Online Coffee Company", "category": "cafe", "tags": ["cafe", "tea", "room"], "sources": ["overture"], "website": "http://onlinecoffeeco.com/", "phone": "(206) 381-0668", "address": "1111 1st Ave", "stations": [{"stopCode": 51, "lines": "1,2", "name": "Symphony Station", "walkingMeters": 329, "walkingSeconds": 237, "band": 5}, {"stopCode": 52, "lines": "1,2", "name": "Pioneer Square Station", "walkingMeters": 722, "walkingSeconds": 520, "band": 10}, {"stopCode": 50, "lines": "1,2", "name": "Westlake Station", "walkingMeters": 852, "walkingSeconds": 613, "band": 10}, {"stopCode": 53, "lines": "1,2", "name": "International District Station", "walkingMeters": 1217, "walkingSeconds": 881, "band": 15}]}, "geometry": {"type": "Point", "coordinates": [-122.3370819, 47.6058083]}}, {"type": "Feature", "properties": {"id": "ac98f13e-e9eb-420a-b03c-9197323d655d", "name": "Carpenter Wellington Pllc", "category": "restaurant", "tags": ["restaurant"], "sources": ["overture"], "address": "107 Spring St", "stations": [{"stopCode": 51, "lines": "1,2", "name": "Symphony Station", "walkingMeters": 343, "walkingSeconds": 256, "band": 5}, {"stopCode": 52, "lines": "1,2", "name": "Pioneer Square Station", "walkingMeters": 662, "walkingSeconds": 494, "band": 10}, {"stopCode": 50, "lines": "1,2", "name": "Westlake Station", "walkingMeters": 884, "walkingSeconds": 660, "band": 10}, {"stopCode": 53, "lines": "1,2", "name": "International District Station", "walkingMeters": 1318, "walkingSeconds": 984, "band": 15}]}, "geometry": {"type": "Point", "coordinates": [-122.3364716, 47.6054573]}}, {"type": "Feature", "properties": {"id": "d99119f2-663f-4112-9122-29bfdf9926e1", "name": "All Water Seafood & Oyster Bar", "category": "restaurant", "tags": ["restaurant", "seafood", "american"], "sources": ["overture"], "website": "https://www.allwaterseattle.com/", "phone": "+12063579000", "address": "1000 1st Ave", "stations": [{"stopCode": 51, "lines": "1,2", "name": "Symphony Station", "walkingMeters": 434, "walkingSeconds": 312, "band": 5}, {"stopCode": 52, "lines": "1,2", "name": "Pioneer Square Station", "walkingMeters": 616, "walkingSeconds": 443, "band": 10}, {"stopCode": 50, "lines": "1,2", "name": "Westlake Station", "walkingMeters": 958, "walkingSeconds": 689, "band": 15}, {"stopCode": 53, "lines": "1,2", "name": "International District Station", "walkingMeters": 1110, "walkingSeconds": 804, "band": 15}]}, "geometry": {"type": "Point", "coordinates": [-122.3363266, 47.6050262]}}, {"type": "Feature", "properties": {"id": "f8da037b-83c5-4685-89c5-2ca6aad4ddbd", "name": "BOKA Restaurant + Bar", "category": "restaurant", "tags": ["restaurant", "american"], "sources": ["overture"], "website": "http://www.bokaseattle.com", "phone": "(206) 357-9000", "address": "1010 1st Ave", "stations": [{"stopCode": 51, "lines": "1,2", "name": "Symphony Station", "walkingMeters": 442, "walkingSeconds": 318, "band": 5}, {"stopCode": 52, "lines": "1,2", "name": "Pioneer Square Station", "walkingMeters": 608, "walkingSeconds": 438, "band": 10}, {"stopCode": 50, "lines": "1,2", "name": "Westlake Station", "walkingMeters": 965, "walkingSeconds": 694, "band": 15}, {"stopCode": 53, "lines": "1,2", "name": "International District Station", "walkingMeters": 1102, "walkingSeconds": 799, "band": 15}]}, "geometry": {"type": "Point", "coordinates": [-122.3363495, 47.6049347]}}, {"type": "Feature", "properties": {"id": "a901260e-4f50-429c-93ac-e806dcc80bf3", "name": "Bookstore Bar & Cafe", "category": "bar", "tags": ["bar"], "sources": ["overture"], "website": "https://www.sonesta.com/royal-sonesta/wa/seattle/alexis-royal-sonesta-hotel-seattle#hoteldetails_dining_the-bookstore-bar-cafe", "phone": "+12066243646", "address": "1007 1st Ave", "stations": [{"stopCode": 51, "lines": "1,2", "name": "Symphony Station", "walkingMeters": 442, "walkingSeconds": 318, "band": 5}, {"stopCode": 52, "lines": "1,2", "name": "Pioneer Square Station", "walkingMeters": 645, "walkingSeconds": 466, "band": 10}, {"stopCode": 50, "lines": "1,2", "name": "Westlake Station", "walkingMeters": 966, "walkingSeconds": 695, "band": 15}, {"stopCode": 53, "lines": "1,2", "name": "International District Station", "walkingMeters": 1135, "walkingSeconds": 822, "band": 15}]}, "geometry": {"type": "Point", "coordinates": [-122.3366852, 47.60495]}}, {"type": "Feature", "properties": {"id": "2dcd0a4a-f26f-4e36-a099-e4d70507adee", "name": "Bookstore Bar At The Alexis", "category": "bar", "tags": ["bar", "cocktail"], "sources": ["overture"], "website": "http://www.librarybistro.com/lbrbook/in", "phone": "(206) 382-1506", "address": "1009 1st Ave adjacent to the Alexis Hotel", "stations": [{"stopCode": 51, "lines": "1,2", "name": "Symphony Station", "walkingMeters": 491, "walkingSeconds": 353, "band": 5}, {"stopCode": 52, "lines": "1,2", "name": "Pioneer Square Station", "walkingMeters": 630, "walkingSeconds": 455, "band": 10}, {"stopCode": 50, "lines": "1,2", "name": "Westlake Station", "walkingMeters": 1014, "walkingSeconds": 730, "band": 15}, {"stopCode": 53, "lines": "1,2", "name": "International District Station", "walkingMeters": 1119, "walkingSeconds": 811, "band": 15}]}, "geometry": {"type": "Point", "coordinates": [-122.3366928, 47.6047096]}}, {"type": "Feature", "properties": {"id": "61682ae5-6b50-4ee0-a1ab-cac6315fc2ee", "name": "Nijo Sushi Bar & Grill", "category": "bar", "tags": ["bar", "asian", "sushi"], "sources": ["overture"], "phone": "2063408880", "address": "83 Spring St", "stations": [{"stopCode": 51, "lines": "1,2", "name": "Symphony Station", "walkingMeters": 499, "walkingSeconds": 359, "band": 5}, {"stopCode": 52, "lines": "1,2", "name": "Pioneer Square Station", "walkingMeters": 745, "walkingSeconds": 536, "band": 10}, {"stopCode": 50, "lines": "1,2", "name": "Westlake Station", "walkingMeters": 1023, "walkingSeconds": 736, "band": 15}, {"stopCode": 53, "lines": "1,2", "name": "International District Station", "walkingMeters": 1219, "walkingSeconds": 882, "band": 15}]}, "geometry": {"type": "Point", "coordinates": [-122.337532, 47.6048317]}}, {"type": "Feature", "properties": {"id": "3509ca37-464f-47c7-9b78-37ffd03d810e", "name": "Bar Taglio", "category": "restaurant", "tags": ["restaurant"], "sources": ["overture"], "phone": "2066827460", "address": "822 1st Ave", "stations": [{"stopCode": 52, "lines": "1,2", "name": "Pioneer Square Station", "walkingMeters": 474, "walkingSeconds": 341, "band": 5}, {"stopCode": 51, "lines": "1,2", "name": "Symphony Station", "walkingMeters": 573, "walkingSeconds": 412, "band": 10}, {"stopCode": 53, "lines": "1,2", "name": "International District Station", "walkingMeters": 965, "walkingSeconds": 700, "band": 15}, {"stopCode": 50, "lines": "1,2", "name": "Westlake Station", "walkingMeters": 1099, "walkingSeconds": 790, "band": 15}]}, "geometry": {"type": "Point", "coordinates": [-122.3349838, 47.6040268]}}, {"type": "Feature", "properties": {"id": "26b46c9a-4299-411b-9e63-fb19d6946376", "name": "Rosebay Cocktail Bar", "category": "bar", "tags": ["bar", "cocktail"], "sources": ["overture"], "website": "https://www.rosebayseattle.com", "phone": "(206) 357-9460", "address": "1000 1st Ave", "stations": [{"stopCode": 51, "lines": "1,2", "name": "Symphony Station", "walkingMeters": 448, "walkingSeconds": 322, "band": 5}, {"stopCode": 52, "lines": "1,2", "name": "Pioneer Square Station", "walkingMeters": 602, "walkingSeconds": 433, "band": 10}, {"stopCode": 50, "lines": "1,2", "name": "Westlake Station", "walkingMeters": 971, "walkingSeconds": 699, "band": 15}, {"stopCode": 53, "lines": "1,2", "name": "International District Station", "walkingMeters": 1096, "walkingSeconds": 794, "band": 15}]}, "geometry": {"type": "Point", "coordinates": [-122.3362198, 47.6049271]}}, {"type": "Feature", "properties": {"id": "409be65f-55ab-4cf3-8a0c-a38616b716d7", "name": "Queen Eun Mi Corporation", "category": "restaurant", "tags": ["restaurant"], "sources": ["overture"], "address": "915 2nd Ave", "stations": [{"stopCode": 51, "lines": "1,2", "name": "Symphony Station", "walkingMeters": 473, "walkingSeconds": 353, "band": 5}, {"stopCode": 52, "lines": "1,2", "name": "Pioneer Square Station", "walkingMeters": 498, "walkingSeconds": 372, "band": 10}, {"stopCode": 50, "lines": "1,2", "name": "Westlake Station", "walkingMeters": 1021, "walkingSeconds": 762, "band": 15}, {"stopCode": 53, "lines": "1,2", "name": "International District Station", "walkingMeters": 1150, "walkingSeconds": 858, "band": 15}]}, "geometry": {"type": "Point", "coordinates": [-122.3353653, 47.6045685]}}, {"type": "Feature", "properties": {"id": "aba4da41-46ba-4b6b-adec-21dc9a233f67", "name": "E3 Co Restaurant Group", "category": "restaurant", "tags": ["restaurant"], "sources": ["overture"], "website": "https://www.e3restaurantgroup.com", "phone": "+12062329292", "address": "814 2nd Ave Ste 300", "stations": [{"stopCode": 52, "lines": "1,2", "name": "Pioneer Square Station", "walkingMeters": 363, "walkingSeconds": 271, "band": 5}, {"stopCode": 51, "lines": "1,2", "name": "Symphony Station", "walkingMeters": 554, "walkingSeconds": 413, "band": 10}, {"stopCode": 53, "lines": "1,2", "name": "International District Station", "walkingMeters": 1031, "walkingSeconds": 769, "band": 15}, {"stopCode": 50, "lines": "1,2", "name": "Westlake Station", "walkingMeters": 1094, "walkingSeconds": 816, "band": 15}]}, "geometry": {"type": "Point", "coordinates": [-122.3339996, 47.604229]}}, {"type": "Feature", "properties": {"id": "c7fe15b1-3a9f-4977-99bb-69f7386e0cc3", "name": "Oriental Food Usa, Llc", "category": "restaurant", "tags": ["restaurant"], "sources": ["overture"], "address": "719 2nd Ave Ste B", "stations": [{"stopCode": 52, "lines": "1,2", "name": "Pioneer Square Station", "walkingMeters": 283, "walkingSeconds": 211, "band": 5}, {"stopCode": 51, "lines": "1,2", "name": "Symphony Station", "walkingMeters": 684, "walkingSeconds": 510, "band": 10}, {"stopCode": 53, "lines": "1,2", "name": "International District Station", "walkingMeters": 918, "walkingSeconds": 685, "band": 10}, {"stopCode": 50, "lines": "1,2", "name": "Westlake Station", "walkingMeters": 1227, "walkingSeconds": 916, "band": 15}]}, "geometry": {"type": "Point", "coordinates": [-122.3339081, 47.6032982]}}, {"type": "Feature", "properties": {"id": "897c2669-9293-49d5-8812-0a38a2a9d9ce", "name": "Mint Mediterranean Kitchen", "category": "restaurant", "tags": ["restaurant", "mediterranean"], "sources": ["overture"], "website": "http://themintcafe.com", "phone": "(206) 349-8537", "address": "713 2nd Ave", "stations": [{"stopCode": 52, "lines": "1,2", "name": "Pioneer Square Station", "walkingMeters": 270, "walkingSeconds": 194, "band": 5}, {"stopCode": 51, "lines": "1,2", "name": "Symphony Station", "walkingMeters": 637, "walkingSeconds": 458, "band": 10}, {"stopCode": 53, "lines": "1,2", "name": "International District Station", "walkingMeters": 786, "walkingSeconds": 574, "band": 10}, {"stopCode": 50, "lines": "1,2", "name": "Westlake Station", "walkingMeters": 1163, "walkingSeconds": 836, "band": 15}]}, "geometry": {"type": "Point", "coordinates": [-122.3337784, 47.6031837]}}, {"type": "Feature", "properties": {"id": "f25df79a-d68c-4a93-898a-145b4ea450d9", "name": "Mae Phim Thai Restaurant", "category": "restaurant", "tags": ["restaurant", "thai"], "sources": ["overture"], "phone": "2066242979", "address": "94 Columbia St", "stations": [{"stopCode": 52, "lines": "1,2", "name": "Pioneer Square Station", "walkingMeters": 442, "walkingSeconds": 318, "band": 5}, {"stopCode": 51, "lines": "1,2", "name": "Symphony Station", "walkingMeters": 678, "walkingSeconds": 488, "band": 10}, {"stopCode": 53, "lines": "1,2", "name": "International District Station", "walkingMeters": 926, "walkingSeconds": 671, "band": 15}, {"stopCode": 50, "lines": "1,2", "name": "Westlake Station", "walkingMeters": 1204, "walkingSeconds": 866, "band": 15}]}, "geometry": {"type": "Point", "coordinates": [-122.3353882, 47.6032715]}}, {"type": "Feature", "properties": {"id": "d06c80a6-054c-4bb4-8417-323db3b4864f", "name": "Harvest Home Inc", "category": "restaurant", "tags": ["restaurant"], "sources": ["overture"], "website": "https://www.owlnthistle.com", "address": "808 Post Ave", "stations": [{"stopCode": 52, "lines": "1,2", "name": "Pioneer Square Station", "walkingMeters": 448, "walkingSeconds": 334, "band": 10}, {"stopCode": 51, "lines": "1,2", "name": "Symphony Station", "walkingMeters": 648, "walkingSeconds": 484, "band": 10}, {"stopCode": 53, "lines": "1,2", "name": "International District Station", "walkingMeters": 1039, "walkingSeconds": 775, "band": 15}, {"stopCode": 50, "lines": "1,2", "name": "Westlake Station", "walkingMeters": 1195, "walkingSeconds": 892, "band": 15}]}, "geometry": {"type": "Point", "coordinates": [-122.3356705, 47.6033363]}}, {"type": "Feature", "properties": {"id": "5c2daa77-93b5-4c5b-ba63-1b58346bd4a3", "name": "The Good Coffee Company", "category": "cafe", "tags": ["cafe", "coffee"], "sources": ["overture"], "website": "http://thegoodcoffee.company/", "phone": "+12066225602", "address": "818 Post Ave", "stations": [{"stopCode": 52, "lines": "1,2", "name": "Pioneer Square Station", "walkingMeters": 508, "walkingSeconds": 365, "band": 10}, {"stopCode": 51, "lines": "1,2", "name": "Symphony Station", "walkingMeters": 651, "walkingSeconds": 469, "band": 10}, {"stopCode": 53, "lines": "1,2", "name": "International District Station", "walkingMeters": 991, "walkingSeconds": 718, "band": 15}, {"stopCode": 50, "lines": "1,2", "name": "Westlake Station", "walkingMeters": 1177, "walkingSeconds": 847, "band": 15}]}, "geometry": {"type": "Point", "coordinates": [-122.3356476, 47.6034966]}}, {"type": "Feature", "properties": {"id": "101a65b7-b4f1-4e93-89a7-531f2f8c20d6", "name": "Cafe Hitchcock", "category": "cafe", "tags": ["cafe"], "sources": ["overture"], "website": "http://cafehitchcock.com/", "phone": "+12066235071", "address": "818 1st Ave", "stations": [{"stopCode": 52, "lines": "1,2", "name": "Pioneer Square Station", "walkingMeters": 438, "walkingSeconds": 327, "band": 10}, {"stopCode": 51, "lines": "1,2", "name": "Symphony Station", "walkingMeters": 579, "walkingSeconds": 432, "band": 10}, {"stopCode": 53, "lines": "1,2", "name": "International District Station", "walkingMeters": 1065, "walkingSeconds": 795, "band": 15}, {"stopCode": 50, "lines": "1,2", "name": "Westlake Station", "walkingMeters": 1127, "walkingSeconds": 841, "band": 15}]}, "geometry": {"type": "Point", "coordinates": [-122.3352966, 47.6038361]}}, {"type": "Feature", "properties": {"id": "a066448e-ebb2-472e-be5b-515332f63779", "name": "Bibimbap", "category": "restaurant", "tags": ["restaurant", "korean"], "sources": ["overture"], "website": "bibimbap-restaurant.com", "address": "95 Marion St", "stations": [{"stopCode": 52, "lines": "1,2", "name": "Pioneer Square Station", "walkingMeters": 480, "walkingSeconds": 358, "band": 10}, {"stopCode": 51, "lines": "1,2", "name": "Symphony Station", "walkingMeters": 587, "walkingSeconds": 438, "band": 10}, {"stopCode": 53, "lines": "1,2", "name": "International District Station", "walkingMeters": 1091, "walkingSeconds": 814, "band": 15}, {"stopCode": 50, "lines": "1,2", "name": "Westlake Station", "walkingMeters": 1134, "walkingSeconds": 846, "band": 15}]}, "geometry": {"type": "Point", "coordinates": [-122.3358154, 47.6037521]}}, {"type": "Feature", "properties": {"id": "4abc8a99-6187-4f04-b649-252a5b3e587b", "name": "Cilantro Asian Cuisine", "category": "restaurant", "tags": ["restaurant"], "sources": ["overture"], "address": "93 Marion St", "stations": [{"stopCode": 52, "lines": "1,2", "name": "Pioneer Square Station", "walkingMeters": 487, "walkingSeconds": 363, "band": 10}, {"stopCode": 51, "lines": "1,2", "name": "Symphony Station", "walkingMeters": 587, "walkingSeconds": 438, "band": 10}, {"stopCode": 53, "lines": "1,2", "name": "International District Station", "walkingMeters": 1096, "walkingSeconds": 818, "band": 15}, {"stopCode": 50, "lines": "1,2", "name": "Westlake Station", "walkingMeters": 1134, "walkingSeconds": 846, "band": 15}]}, "geometry": {"type": "Point", "coordinates": [-122.3358917, 47.6037483]}}, {"type": "Feature", "properties": {"id": "c24c044f-1c09-41ec-87cd-d6a8cbf67689", "name": "The Forge Lounge", "category": "bar", "tags": ["bar"], "sources": ["overture"], "website": "http://theforgelounge.com", "phone": "(206) 623-5107", "address": "65 Marion St", "stations": [{"stopCode": 52, "lines": "1,2", "name": "Pioneer Square Station", "walkingMeters": 604, "walkingSeconds": 434, "band": 10}, {"stopCode": 51, "lines": "1,2", "name": "Symphony Station", "walkingMeters": 721, "walkingSeconds": 519, "band": 10}, {"stopCode": 53, "lines": "1,2", "name": "International District Station", "walkingMeters": 1075, "walkingSeconds": 779, "band": 15}, {"stopCode": 50, "lines": "1,2", "name": "Westlake Station", "walkingMeters": 1244, "walkingSeconds": 895, "band": 15}]}, "geometry": {"type": "Point", "coordinates": [-122.3372574, 47.6031837]}}, {"type": "Feature", "properties": {"id": "b7286fd1-540f-4036-90f5-c15120c31693", "name": "Suji's Korean Cuisine", "category": "restaurant", "tags": ["restaurant", "korean"], "sources": ["overture"], "website": "sujiskorean.com", "phone": "12069856640", "address": "71 Columbia St  Ste 300", "stations": [{"stopCode": 52, "lines": "1,2", "name": "Pioneer Square Station", "walkingMeters": 493, "walkingSeconds": 368, "band": 10}, {"stopCode": 51, "lines": "1,2", "name": "Symphony Station", "walkingMeters": 760, "walkingSeconds": 567, "band": 10}, {"stopCode": 53, "lines": "1,2", "name": "International District Station", "walkingMeters": 1010, "walkingSeconds": 754, "band": 15}, {"stopCode": 50, "lines": "1,2", "name": "Westlake Station", "walkingMeters": 1304, "walkingSeconds": 973, "band": 15}]}, "geometry": {"type": "Point", "coordinates": [-122.3362732, 47.6025581]}}, {"type": "Feature", "properties": {"id": "d6436a82-5be5-4a99-a935-a0f6048e919a", "name": "Commuter Comforts Cafe", "category": "cafe", "tags": ["cafe"], "sources": ["overture"], "website": "https://commutercomfortsseattle.com", "phone": "2066247483", "address": "801 Alaskan Way", "stations": [{"stopCode": 52, "lines": "1,2", "name": "Pioneer Square Station", "walkingMeters": 737, "walkingSeconds": 550, "band": 10}, {"stopCode": 51, "lines": "1,2", "name": "Symphony Station", "walkingMeters": 788, "walkingSeconds": 588, "band": 10}, {"stopCode": 53, "lines": "1,2", "name": "International District Station", "walkingMeters": 1224, "walkingSeconds": 913, "band": 15}]}, "geometry": {"type": "Point", "coordinates": [-122.3387756, 47.6026878]}}, {"type": "Feature", "properties": {"id": "0438215a-0c2d-4098-bdbf-beb9f3af4387", "name": "Matt's Gourmet Hotdogs", "category": "restaurant", "tags": ["restaurant"], "sources": ["overture"], "website": "http://www.mattshotdogs.com", "phone": "(206) 264-0446", "address": "801 Alaskan Way", "stations": [{"stopCode": 52, "lines": "1,2", "name": "Pioneer Square Station", "walkingMeters": 614, "walkingSeconds": 441, "band": 10}, {"stopCode": 51, "lines": "1,2", "name": "Symphony Station", "walkingMeters": 812, "walkingSeconds": 586, "band": 10}, {"stopCode": 53, "lines": "1,2", "name": "International District Station", "walkingMeters": 1078, "walkingSeconds": 785, "band": 15}, {"stopCode": 50, "lines": "1,2", "name": "Westlake Station", "walkingMeters": 1337, "walkingSeconds": 962, "band": 15}]}, "geometry": {"type": "Point", "coordinates": [-122.337822, 47.6026764]}}, {"type": "Feature", "properties": {"id": "6527442a-ea80-4ec7-86e1-deaeebcb344e", "name": "Bad Bishop", "category": "bar", "tags": ["bar"], "sources": ["overture"], "website": "http://www.badbishopbar.com", "phone": "(206) 623-3440", "address": "704 1st Ave", "stations": [{"stopCode": 52, "lines": "1,2", "name": "Pioneer Square Station", "walkingMeters": 329, "walkingSeconds": 237, "band": 5}, {"stopCode": 51, "lines": "1,2", "name": "Symphony Station", "walkingMeters": 724, "walkingSeconds": 520, "band": 10}, {"stopCode": 53, "lines": "1,2", "name": "International District Station", "walkingMeters": 815, "walkingSeconds": 592, "band": 10}, {"stopCode": 50, "lines": "1,2", "name": "Westlake Station", "walkingMeters": 1249, "walkingSeconds": 898, "band": 15}]}, "geometry": {"type": "Point", "coordinates": [-122.3340683, 47.6028061]}}, {"type": "Feature", "properties": {"id": "a73b6748-24ef-4748-aa5b-630d638e39f2", "name": "The Stop", "category": "restaurant", "tags": ["restaurant", "sandwich"], "sources": ["overture"], "website": "https://thestopseattle.com", "phone": "12067086618", "address": "616 1st Ave", "stations": [{"stopCode": 52, "lines": "1,2", "name": "Pioneer Square Station", "walkingMeters": 227, "walkingSeconds": 163, "band": 5}, {"stopCode": 51, "lines": "1,2", "name": "Symphony Station", "walkingMeters": 747, "walkingSeconds": 537, "band": 10}, {"stopCode": 53, "lines": "1,2", "name": "International District Station", "walkingMeters": 740, "walkingSeconds": 541, "band": 10}, {"stopCode": 50, "lines": "1,2", "name": "Westlake Station", "walkingMeters": 1272, "walkingSeconds": 915, "band": 15}]}, "geometry": {"type": "Point", "coordinates": [-122.3337479, 47.602459]}}, {"type": "Feature", "properties": {"id": "0d27ab15-94db-4ceb-9904-3ab9ee680844", "name": "Doc Mayard's Public House", "category": "pub", "tags": ["pub"], "sources": ["overture"], "website": "http://www.undergroundtour.com/", "phone": "2066824646", "address": "614 1st Ave", "stations": [{"stopCode": 52, "lines": "1,2", "name": "Pioneer Square Station", "walkingMeters": 226, "walkingSeconds": 162, "band": 5}, {"stopCode": 51, "lines": "1,2", "name": "Symphony Station", "walkingMeters": 748, "walkingSeconds": 538, "band": 10}, {"stopCode": 53, "lines": "1,2", "name": "International District Station", "walkingMeters": 739, "walkingSeconds": 539, "band": 10}, {"stopCode": 50, "lines": "1,2", "name": "Westlake Station", "walkingMeters": 1274, "walkingSeconds": 916, "band": 15}]}, "geometry": {"type": "Point", "coordinates": [-122.3336487, 47.6023788]}}, {"type": "Feature", "properties": {"id": "f8669b71-8644-450a-9e0b-fe51410a393b", "name": "Dave's Dirty Dogs", "category": "restaurant", "tags": ["restaurant", "hot-dog", "hot", "dog"], "sources": ["overture"], "address": "601 1st Ave", "stations": [{"stopCode": 52, "lines": "1,2", "name": "Pioneer Square Station", "walkingMeters": 320, "walkingSeconds": 239, "band": 5}, {"stopCode": 53, "lines": "1,2", "name": "International District Station", "walkingMeters": 811, "walkingSeconds": 605, "band": 10}, {"stopCode": 51, "lines": "1,2", "name": "Symphony Station", "walkingMeters": 862, "walkingSeconds": 643, "band": 10}, {"stopCode": 50, "lines": "1,2", "name": "Westlake Station", "walkingMeters": 1409, "walkingSeconds": 1051, "band": 15}]}, "geometry": {"type": "Point", "coordinates": [-122.3343735, 47.6019516]}}, {"type": "Feature", "properties": {"id": "230fb622-3f7c-44fe-b5be-c4aaa224d1e7", "name": "Marcela's Creole Cookery", "category": "restaurant", "tags": ["restaurant", "cajun-and-creole", "cajun", "creole"], "sources": ["overture"], "phone": "2062230042", "address": "106 James St", "stations": [{"stopCode": 52, "lines": "1,2", "name": "Pioneer Square Station", "walkingMeters": 186, "walkingSeconds": 134, "band": 5}, {"stopCode": 53, "lines": "1,2", "name": "International District Station", "walkingMeters": 699, "walkingSeconds": 511, "band": 10}, {"stopCode": 51, "lines": "1,2", "name": "Symphony Station", "walkingMeters": 811, "walkingSeconds": 584, "band": 10}, {"stopCode": 50, "lines": "1,2", "name": "Westlake Station", "walkingMeters": 1337, "walkingSeconds": 962, "band": 15}]}, "geometry": {"type": "Point", "coordinates": [-122.3332214, 47.6020546]}}, {"type": "Feature", "properties": {"id": "304c2a2a-c9f3-4549-824e-8172eecb1d9f", "name": "Medzo Gelato Bar", "category": "ice_cream", "tags": ["ice-cream", "gelato"], "sources": ["overture"], "website": "http://www.medzogelatobar.com", "phone": "(206) 402-4884", "address": "106 James St", "stations": [{"stopCode": 52, "lines": "1,2", "name": "Pioneer Square Station", "walkingMeters": 199, "walkingSeconds": 143, "band": 5}, {"stopCode": 53, "lines": "1,2", "name": "International District Station", "walkingMeters": 712, "walkingSeconds": 520, "band": 10}, {"stopCode": 51, "lines": "1,2", "name": "Symphony Station", "walkingMeters": 808, "walkingSeconds": 581, "band": 10}, {"stopCode": 50, "lines": "1,2", "name": "Westlake Station", "walkingMeters": 1333, "walkingSeconds": 959, "band": 15}]}, "geometry": {"type": "Point", "coordinates": [-122.3333969, 47.6021576]}}, {"type": "Feature", "properties": {"id": "408a8bd8-fa21-427f-807c-8dd7b6c4c96c", "name": "Zing Bars", "category": "fast_food", "tags": ["fast-food", "fast", "food"], "sources": ["overture"], "website": "zingbars.com", "phone": "12063623989", "address": "600 1st Ave  Fl 1", "stations": [{"stopCode": 52, "lines": "1,2", "name": "Pioneer Square Station", "walkingMeters": 228, "walkingSeconds": 170, "band": 5}, {"stopCode": 53, "lines": "1,2", "name": "International District Station", "walkingMeters": 771, "walkingSeconds": 575, "band": 10}, {"stopCode": 51, "lines": "1,2", "name": "Symphony Station", "walkingMeters": 849, "walkingSeconds": 634, "band": 10}, {"stopCode": 50, "lines": "1,2", "name": "Westlake Station", "walkingMeters": 1392, "walkingSeconds": 1039, "band": 15}]}, "geometry": {"type": "Point", "coordinates": [-122.3334885, 47.6021919]}}, {"type": "Feature", "properties": {"id": "fb8d6b19-69f1-4e7c-8d1b-303dc9c35f44", "name": "Yellow Butterfly Coffee Shop", "category": "cafe", "tags": ["cafe", "coffee", "breakfast-and-brunch"], "sources": ["overture"], "website": "https://yellowbutterfly.coffee/", "phone": "+12067733579", "address": "614 1st Ave", "stations": [{"stopCode": 52, "lines": "1,2", "name": "Pioneer Square Station", "walkingMeters": 264, "walkingSeconds": 190, "band": 5}, {"stopCode": 53, "lines": "1,2", "name": "International District Station", "walkingMeters": 747, "walkingSeconds": 543, "band": 10}, {"stopCode": 51, "lines": "1,2", "name": "Symphony Station", "walkingMeters": 787, "walkingSeconds": 566, "band": 10}, {"stopCode": 50, "lines": "1,2", "name": "Westlake Station", "walkingMeters": 1313, "walkingSeconds": 944, "band": 15}]}, "geometry": {"type": "Point", "coordinates": [-122.3336334, 47.6023636]}}, {"type": "Feature", "properties": {"id": "282cfe6b-de03-489b-b7e8-65bcb0fe8e2e", "name": "Table In Gallery", "category": "restaurant", "tags": ["restaurant", "asian"], "sources": ["overture"], "website": "http://www.tablegallery.com", "phone": "(206) 332-0844", "address": "614 1st Ave", "stations": [{"stopCode": 52, "lines": "1,2", "name": "Pioneer Square Station", "walkingMeters": 227, "walkingSeconds": 163, "band": 5}, {"stopCode": 51, "lines": "1,2", "name": "Symphony Station", "walkingMeters": 747, "walkingSeconds": 537, "band": 10}, {"stopCode": 53, "lines": "1,2", "name": "International District Station", "walkingMeters": 740, "walkingSeconds": 541, "band": 10}, {"stopCode": 50, "lines": "1,2", "name": "Westlake Station", "walkingMeters": 1272, "walkingSeconds": 915, "band": 15}]}, "geometry": {"type": "Point", "coordinates": [-122.3336411, 47.6023979]}}, {"type": "Feature", "properties": {"id": "88c935a8-c4fc-4ae8-ae50-07dab3032638", "name": "Thai Star", "category": "restaurant", "tags": ["restaurant", "thai"], "sources": ["overture"], "website": "http://pioneersquare.org/", "phone": "(206) 621-7449", "address": "601 2nd Ave", "stations": [{"stopCode": 52, "lines": "1,2", "name": "Pioneer Square Station", "walkingMeters": 127, "walkingSeconds": 93, "band": 5}, {"stopCode": 53, "lines": "1,2", "name": "International District Station", "walkingMeters": 647, "walkingSeconds": 475, "band": 10}, {"stopCode": 51, "lines": "1,2", "name": "Symphony Station", "walkingMeters": 755, "walkingSeconds": 543, "band": 10}, {"stopCode": 50, "lines": "1,2", "name": "Westlake Station", "walkingMeters": 1283, "walkingSeconds": 923, "band": 15}]}, "geometry": {"type": "Point", "coordinates": [-122.3325272, 47.6023216]}}, {"type": "Feature", "properties": {"id": "30c98ad3-4573-4000-a44f-458e7795121c", "name": "Sprout Salads", "category": "restaurant", "tags": ["restaurant"], "sources": ["overture"], "website": "https://www.sprout-salads.com", "address": "512 2nd Ave Ste 100", "stations": [{"stopCode": 52, "lines": "1,2", "name": "Pioneer Square Station", "walkingMeters": 92, "walkingSeconds": 69, "band": 5}, {"stopCode": 53, "lines": "1,2", "name": "International District Station", "walkingMeters": 666, "walkingSeconds": 497, "band": 10}, {"stopCode": 51, "lines": "1,2", "name": "Symphony Station", "walkingMeters": 914, "walkingSeconds": 682, "band": 10}, {"stopCode": 50, "lines": "1,2", "name": "Westlake Station", "walkingMeters": 1443, "walkingSeconds": 1077, "band": 15}]}, "geometry": {"type": "Point", "coordinates": [-122.3319092, 47.6021309]}}, {"type": "Feature", "properties": {"id": "8002f697-9f51-4c1c-93eb-fd449d6002c7", "name": "Emerald City Hospitality Llc", "category": "restaurant", "tags": ["restaurant"], "sources": ["overture"], "address": "508 2nd Ave", "stations": [{"stopCode": 52, "lines": "1,2", "name": "Pioneer Square Station", "walkingMeters": 102, "walkingSeconds": 76, "band": 5}, {"stopCode": 53, "lines": "1,2", "name": "International District Station", "walkingMeters": 630, "walkingSeconds": 470, "band": 10}, {"stopCode": 51, "lines": "1,2", "name": "Symphony Station", "walkingMeters": 949, "walkingSeconds": 708, "band": 10}, {"stopCode": 50, "lines": "1,2", "name": "Westlake Station", "walkingMeters": 1477, "walkingSeconds": 1102, "band": 15}]}, "geometry": {"type": "Point", "coordinates": [-122.3316879, 47.6019325]}}, {"type": "Feature", "properties": {"id": "01f2807a-3145-426c-b6ca-fd3d40ed3400", "name": "Flame Cafe", "category": "cafe", "tags": ["cafe", "breakfast-and-brunch"], "sources": ["overture"], "website": "http://www.yelp.com/biz/flame-catering-cafe-seattle", "phone": "+12066233227", "address": "501 3rd Ave", "stations": [{"stopCode": 52, "lines": "1,2", "name": "Pioneer Square Station", "walkingMeters": 64, "walkingSeconds": 48, "band": 5}, {"stopCode": 53, "lines": "1,2", "name": "International District Station", "walkingMeters": 623, "walkingSeconds": 465, "band": 10}, {"stopCode": 51, "lines": "1,2", "name": "Symphony Station", "walkingMeters": 952, "walkingSeconds": 710, "band": 10}, {"stopCode": 50, "lines": "1,2", "name": "Westlake Station", "walkingMeters": 1472, "walkingSeconds": 1099, "band": 15}]}, "geometry": {"type": "Point", "coordinates": [-122.3310852, 47.6021233]}}, {"type": "Feature", "properties": {"id": "d88fb7be-59c3-4299-9dd4-5a8bfdae8792", "name": "Collins Pub", "category": "pub", "tags": ["pub"], "sources": ["overture"], "website": "http://www.collinspubseattle.com", "phone": "+12066231016", "address": "526 2nd Ave", "stations": [{"stopCode": 52, "lines": "1,2", "name": "Pioneer Square Station", "walkingMeters": 124, "walkingSeconds": 89, "band": 5}, {"stopCode": 53, "lines": "1,2", "name": "International District Station", "walkingMeters": 636, "walkingSeconds": 459, "band": 10}, {"stopCode": 51, "lines": "1,2", "name": "Symphony Station", "walkingMeters": 769, "walkingSeconds": 553, "band": 10}, {"stopCode": 50, "lines": "1,2", "name": "Westlake Station", "walkingMeters": 1297, "walkingSeconds": 933, "band": 15}]}, "geometry": {"type": "Point", "coordinates": [-122.3322372, 47.6021919]}}, {"type": "Feature", "properties": {"id": "40abe899-ebd6-44d0-81c5-cd206a461b5d", "name": "Foggy Tea", "category": "cafe", "tags": ["cafe", "tea", "room"], "sources": ["overture"], "website": "http://www.foggyteashop.com", "phone": "(206) 701-5636", "address": "602 2nd Ave", "stations": [{"stopCode": 52, "lines": "1,2", "name": "Pioneer Square Station", "walkingMeters": 107, "walkingSeconds": 80, "band": 5}, {"stopCode": 53, "lines": "1,2", "name": "International District Station", "walkingMeters": 745, "walkingSeconds": 556, "band": 10}, {"stopCode": 51, "lines": "1,2", "name": "Symphony Station", "walkingMeters": 835, "walkingSeconds": 623, "band": 10}, {"stopCode": 50, "lines": "1,2", "name": "Westlake Station", "walkingMeters": 1366, "walkingSeconds": 1019, "band": 15}]}, "geometry": {"type": "Point", "coordinates": [-122.3323135, 47.6026039]}}, {"type": "Feature", "properties": {"id": "c5fa9b40-1802-4d5d-ae65-61c0ff06afed", "name": "Il Corvo", "category": "restaurant", "tags": ["restaurant", "italian"], "sources": ["overture"], "website": "http://ilcorvopasta.wordpress.com", "phone": "(206) 538-0999", "address": "217 James St", "stations": [{"stopCode": 52, "lines": "1,2", "name": "Pioneer Square Station", "walkingMeters": 75, "walkingSeconds": 54, "band": 5}, {"stopCode": 53, "lines": "1,2", "name": "International District Station", "walkingMeters": 690, "walkingSeconds": 498, "band": 10}, {"stopCode": 51, "lines": "1,2", "name": "Symphony Station", "walkingMeters": 715, "walkingSeconds": 515, "band": 10}, {"stopCode": 50, "lines": "1,2", "name": "Westlake Station", "walkingMeters": 1243, "walkingSeconds": 895, "band": 15}]}, "geometry": {"type": "Point", "coordinates": [-122.331955, 47.60252]}}, {"type": "Feature", "properties": {"id": "604cb7ec-b2ef-4e32-b42f-fdf6df028ca3", "name": "Hole In the Wall BBQ", "category": "restaurant", "tags": ["restaurant", "barbecue", "american"], "sources": ["overture"], "website": "https://holebbqseattle.com/", "phone": "+12066228717", "address": "215 James St", "stations": [{"stopCode": 52, "lines": "1,2", "name": "Pioneer Square Station", "walkingMeters": 73, "walkingSeconds": 52, "band": 5}, {"stopCode": 53, "lines": "1,2", "name": "International District Station", "walkingMeters": 681, "walkingSeconds": 492, "band": 10}, {"stopCode": 51, "lines": "1,2", "name": "Symphony Station", "walkingMeters": 724, "walkingSeconds": 521, "band": 10}, {"stopCode": 50, "lines": "1,2", "name": "Westlake Station", "walkingMeters": 1252, "walkingSeconds": 901, "band": 15}]}, "geometry": {"type": "Point", "coordinates": [-122.3318405, 47.6024742]}}, {"type": "Feature", "properties": {"id": "91091eb2-aba3-49cb-a4fd-c951440efa3c", "name": "Forsyth And Sons Inc", "category": "restaurant", "tags": ["restaurant"], "sources": ["overture"], "website": "https://www.holebbqseattle.com", "address": "215 James St", "stations": [{"stopCode": 52, "lines": "1,2", "name": "Pioneer Square Station", "walkingMeters": 45, "walkingSeconds": 34, "band": 5}, {"stopCode": 53, "lines": "1,2", "name": "International District Station", "walkingMeters": 695, "walkingSeconds": 519, "band": 10}, {"stopCode": 51, "lines": "1,2", "name": "Symphony Station", "walkingMeters": 880, "walkingSeconds": 657, "band": 10}, {"stopCode": 50, "lines": "1,2", "name": "Westlake Station", "walkingMeters": 1404, "walkingSeconds": 1048, "band": 15}]}, "geometry": {"type": "Point", "coordinates": [-122.331665, 47.6024742]}}, {"type": "Feature", "properties": {"id": "bb285509-4ec0-4ce5-bd4c-ef599c5bfba2", "name": "Pho Downtown", "category": "restaurant", "tags": ["restaurant", "vietnamese"], "sources": ["overture"], "website": "http://www.kababhouse.com", "phone": "(206) 381-0599", "address": "521 3rd Ave", "stations": [{"stopCode": 52, "lines": "1,2", "name": "Pioneer Square Station", "walkingMeters": 44, "walkingSeconds": 32, "band": 5}, {"stopCode": 53, "lines": "1,2", "name": "International District Station", "walkingMeters": 654, "walkingSeconds": 473, "band": 10}, {"stopCode": 51, "lines": "1,2", "name": "Symphony Station", "walkingMeters": 697, "walkingSeconds": 502, "band": 10}, {"stopCode": 50, "lines": "1,2", "name": "Westlake Station", "walkingMeters": 1225, "walkingSeconds": 882, "band": 15}]}, "geometry": {"type": "Point", "coordinates": [-122.3314896, 47.60252]}}, {"type": "Feature", "properties": {"id": "71222d42-3f10-4839-b01a-bdfe5c1eacfa", "name": "Chick 'n Wings Kitchen", "category": "restaurant", "tags": ["restaurant", "korean", "barbecue"], "sources": ["overture"], "website": "http://commissaryseattle.com", "phone": "+12064673098", "address": "521 3rd Ave #4th St", "stations": [{"stopCode": 52, "lines": "1,2", "name": "Pioneer Square Station", "walkingMeters": 45, "walkingSeconds": 32, "band": 5}, {"stopCode": 53, "lines": "1,2", "name": "International District Station", "walkingMeters": 654, "walkingSeconds": 472, "band": 10}, {"stopCode": 51, "lines": "1,2", "name": "Symphony Station", "walkingMeters": 697, "walkingSeconds": 502, "band": 10}, {"stopCode": 50, "lines": "1,2", "name": "Westlake Station", "walkingMeters": 1226, "walkingSeconds": 882, "band": 15}]}, "geometry": {"type": "Point", "coordinates": [-122.3313751, 47.6025658]}}, {"type": "Feature", "properties": {"id": "efe422ce-b9ac-48c6-897b-e1c13a9912bb", "name": "Thai Taste", "category": "restaurant", "tags": ["restaurant", "thai"], "sources": ["overture"], "website": "http://www.thai-taste.net/", "phone": "2066821817", "address": "601 2nd Ave", "stations": [{"stopCode": 52, "lines": "1,2", "name": "Pioneer Square Station", "walkingMeters": 139, "walkingSeconds": 100, "band": 5}, {"stopCode": 53, "lines": "1,2", "name": "International District Station", "walkingMeters": 659, "walkingSeconds": 484, "band": 10}, {"stopCode": 51, "lines": "1,2", "name": "Symphony Station", "walkingMeters": 753, "walkingSeconds": 541, "band": 10}, {"stopCode": 50, "lines": "1,2", "name": "Westlake Station", "walkingMeters": 1281, "walkingSeconds": 921, "band": 15}]}, "geometry": {"type": "Point", "coordinates": [-122.3327026, 47.6025124]}}, {"type": "Feature", "properties": {"id": "9a57d6a6-38c7-44c0-98f7-14d18869e53e", "name": "Fusion Bistro Indian Cuisine", "category": "restaurant", "tags": ["restaurant", "indian", "asian"], "sources": ["overture"], "website": "http://www.fusionbistroindiancuisine.com/", "phone": "+12065967117", "address": "601-A 2nd Ave", "stations": [{"stopCode": 52, "lines": "1,2", "name": "Pioneer Square Station", "walkingMeters": 169, "walkingSeconds": 122, "band": 5}, {"stopCode": 53, "lines": "1,2", "name": "International District Station", "walkingMeters": 686, "walkingSeconds": 501, "band": 10}, {"stopCode": 51, "lines": "1,2", "name": "Symphony Station", "walkingMeters": 731, "walkingSeconds": 526, "band": 10}, {"stopCode": 50, "lines": "1,2", "name": "Westlake Station", "walkingMeters": 1259, "walkingSeconds": 906, "band": 15}]}, "geometry": {"type": "Point", "coordinates": [-122.3330307, 47.6024475]}}, {"type": "Feature", "properties": {"id": "4465f1d1-6925-432b-8196-0bfce3c094f3", "name": "Bakeman's Restaurant", "category": "restaurant", "tags": ["restaurant", "sandwich"], "sources": ["overture"], "website": "https://bakemanscatering.com", "phone": "2066223375", "address": "122 Cherry St", "stations": [{"stopCode": 52, "lines": "1,2", "name": "Pioneer Square Station", "walkingMeters": 244, "walkingSeconds": 175, "band": 5}, {"stopCode": 51, "lines": "1,2", "name": "Symphony Station", "walkingMeters": 662, "walkingSeconds": 477, "band": 10}, {"stopCode": 53, "lines": "1,2", "name": "International District Station", "walkingMeters": 761, "walkingSeconds": 555, "band": 10}, {"stopCode": 50, "lines": "1,2", "name": "Westlake Station", "walkingMeters": 1188, "walkingSeconds": 855, "band": 15}]}, "geometry": {"type": "Point", "coordinates": [-122.3336411, 47.6029396]}}, {"type": "Feature", "properties": {"id": "7b1e14af-bc73-4f49-893f-ff3fa43c45b2", "name": "World Wrapps", "category": "restaurant", "tags": ["restaurant", "sandwich"], "sources": ["overture"], "website": "http://www.worldwrapps.com", "phone": "(206) 340-0810", "address": "701 5th Ave", "stations": [{"stopCode": 52, "lines": "1,2", "name": "Pioneer Square Station", "walkingMeters": 155, "walkingSeconds": 112, "band": 5}, {"stopCode": 51, "lines": "1,2", "name": "Symphony Station", "walkingMeters": 558, "walkingSeconds": 402, "band": 10}, {"stopCode": 53, "lines": "1,2", "name": "International District Station", "walkingMeters": 793, "walkingSeconds": 573, "band": 10}, {"stopCode": 50, "lines": "1,2", "name": "Westlake Station", "walkingMeters": 1086, "walkingSeconds": 782, "band": 15}]}, "geometry": {"type": "Point", "coordinates": [-122.3322906, 47.6036301]}}, {"type": "Feature", "properties": {"id": "f8ea0f96-a8ff-4667-aa0d-dda58f94fdbb", "name": "Piroshki on 3rd Ave", "category": "restaurant", "tags": ["restaurant", "eastern-european", "eastern", "european"], "sources": ["overture"], "website": "http://www.piroshkirestaurant.com", "phone": "(206) 322-2820", "address": "710 3rd Ave", "stations": [{"stopCode": 52, "lines": "1,2", "name": "Pioneer Square Station", "walkingMeters": 156, "walkingSeconds": 116, "band": 5}, {"stopCode": 51, "lines": "1,2", "name": "Symphony Station", "walkingMeters": 530, "walkingSeconds": 392, "band": 10}, {"stopCode": 53, "lines": "1,2", "name": "International District Station", "walkingMeters": 809, "walkingSeconds": 582, "band": 10}, {"stopCode": 50, "lines": "1,2", "name": "Westlake Station", "walkingMeters": 1066, "walkingSeconds": 767, "band": 15}]}, "geometry": {"type": "Point", "coordinates": [-122.3322678, 47.6037674]}}, {"type": "Feature", "properties": {"id": "251ef2fe-a87b-4f7a-acc4-48c1d7069f12", "name": "Artic Club Bar", "category": "bar", "tags": ["bar"], "sources": ["overture"], "website": "http://thearcticclubseattle.com/dining-libations/polar-bar", "phone": "(206) 631-8082", "address": "700 3rd Ave", "stations": [{"stopCode": 52, "lines": "1,2", "name": "Pioneer Square Station", "walkingMeters": 163, "walkingSeconds": 117, "band": 5}, {"stopCode": 51, "lines": "1,2", "name": "Symphony Station", "walkingMeters": 589, "walkingSeconds": 424, "band": 10}, {"stopCode": 53, "lines": "1,2", "name": "International District Station", "walkingMeters": 797, "walkingSeconds": 574, "band": 10}, {"stopCode": 50, "lines": "1,2", "name": "Westlake Station", "walkingMeters": 1068, "walkingSeconds": 769, "band": 15}]}, "geometry": {"type": "Point", "coordinates": [-122.3319092, 47.603817]}}, {"type": "Feature", "properties": {"id": "661a597e-30ad-4150-a355-1e4fc37da247", "name": "Polar Bar", "category": "pub", "tags": ["pub"], "sources": ["overture"], "website": "https://www.arcticclubhotel.com/?utm_source=bing&utm_medium=yext", "phone": "2067769090", "address": "700 3rd Ave", "stations": [{"stopCode": 52, "lines": "1,2", "name": "Pioneer Square Station", "walkingMeters": 157, "walkingSeconds": 113, "band": 5}, {"stopCode": 51, "lines": "1,2", "name": "Symphony Station", "walkingMeters": 556, "walkingSeconds": 400, "band": 10}, {"stopCode": 53, "lines": "1,2", "name": "International District Station", "walkingMeters": 791, "walkingSeconds": 570, "band": 10}, {"stopCode": 50, "lines": "1,2", "name": "Westlake Station", "walkingMeters": 1070, "walkingSeconds": 770, "band": 15}]}, "geometry": {"type": "Point", "coordinates": [-122.3319473, 47.6037788]}}, {"type": "Feature", "properties": {"id": "8715828c-fca6-4aba-947b-30f7643a695a", "name": "Happy Garden", "category": "restaurant", "tags": ["restaurant", "chinese"], "sources": ["overture"], "website": "happygardenoh.com", "phone": "2066218656", "address": "615 3rd Ave", "stations": [{"stopCode": 52, "lines": "1,2", "name": "Pioneer Square Station", "walkingMeters": 87, "walkingSeconds": 63, "band": 5}, {"stopCode": 51, "lines": "1,2", "name": "Symphony Station", "walkingMeters": 626, "walkingSeconds": 451, "band": 10}, {"stopCode": 53, "lines": "1,2", "name": "International District Station", "walkingMeters": 725, "walkingSeconds": 524, "band": 10}, {"stopCode": 50, "lines": "1,2", "name": "Westlake Station", "walkingMeters": 1154, "walkingSeconds": 831, "band": 15}]}, "geometry": {"type": "Point", "coordinates": [-122.3319855, 47.603054]}}, {"type": "Feature", "properties": {"id": "483fa959-30b3-40e1-935d-0500938c72b2", "name": "City Grind", "category": "cafe", "tags": ["cafe", "coffee", "american"], "sources": ["overture"], "website": "http://www.citygrindespresso.com/", "phone": "+12065528042", "address": "600 4th Ave", "stations": [{"stopCode": 52, "lines": "1,2", "name": "Pioneer Square Station", "walkingMeters": 233, "walkingSeconds": 167, "band": 5}, {"stopCode": 51, "lines": "1,2", "name": "Symphony Station", "walkingMeters": 691, "walkingSeconds": 498, "band": 10}, {"stopCode": 53, "lines": "1,2", "name": "International District Station", "walkingMeters": 766, "walkingSeconds": 552, "band": 10}, {"stopCode": 50, "lines": "1,2", "name": "Westlake Station", "walkingMeters": 1027, "walkingSeconds": 739, "band": 15}]}, "geometry": {"type": "Point", "coordinates": [-122.3306122, 47.6039772]}}, {"type": "Feature", "properties": {"id": "e0e89d1f-8794-42f1-959a-72866226baf2", "name": "Notable Restaurant Group Llc", "category": "restaurant", "tags": ["restaurant"], "sources": ["overture"], "address": "220 2nd Ave S", "stations": [{"stopCode": 52, "lines": "1,2", "name": "Pioneer Square Station", "walkingMeters": 322, "walkingSeconds": 240, "band": 5}, {"stopCode": 53, "lines": "1,2", "name": "International District Station", "walkingMeters": 422, "walkingSeconds": 315, "band": 5}, {"stopCode": 51, "lines": "1,2", "name": "Symphony Station", "walkingMeters": 1179, "walkingSeconds": 880, "band": 15}, {"stopCode": 54, "lines": "1", "name": "Stadium Station", "walkingMeters": 1390, "walkingSeconds": 1037, "band": 15}]}, "geometry": {"type": "Point", "coordinates": [-122.3311768, 47.6003342]}}, {"type": "Feature", "properties": {"id": "33dd6f79-6a8e-4c5a-a48a-0aea81db70e7", "name": "Starwaves", "category": "restaurant", "tags": ["restaurant"], "sources": ["overture"], "website": "http://www.starwaves.com", "phone": "(206) 223-1080", "address": "506 2nd Ave Ste 2100", "stations": [{"stopCode": 52, "lines": "1,2", "name": "Pioneer Square Station", "walkingMeters": 166, "walkingSeconds": 119, "band": 5}, {"stopCode": 53, "lines": "1,2", "name": "International District Station", "walkingMeters": 594, "walkingSeconds": 429, "band": 10}, {"stopCode": 51, "lines": "1,2", "name": "Symphony Station", "walkingMeters": 810, "walkingSeconds": 583, "band": 10}, {"stopCode": 50, "lines": "1,2", "name": "Westlake Station", "walkingMeters": 1339, "walkingSeconds": 963, "band": 15}]}, "geometry": {"type": "Point", "coordinates": [-122.3319397, 47.6018753]}}, {"type": "Feature", "properties": {"id": "cab8efcd-9fbe-42c3-8d87-138474a5096d", "name": "I Heart Sushi", "category": "restaurant", "tags": ["restaurant", "sushi"], "sources": ["overture"], "website": "http://www.iheartsushi.net", "phone": "(206) 903-0294", "address": "111 Yesler Way", "stations": [{"stopCode": 52, "lines": "1,2", "name": "Pioneer Square Station", "walkingMeters": 261, "walkingSeconds": 188, "band": 5}, {"stopCode": 53, "lines": "1,2", "name": "International District Station", "walkingMeters": 651, "walkingSeconds": 474, "band": 10}, {"stopCode": 51, "lines": "1,2", "name": "Symphony Station", "walkingMeters": 903, "walkingSeconds": 650, "band": 10}]}, "geometry": {"type": "Point", "coordinates": [-122.3331146, 47.6015663]}}, {"type": "Feature", "properties": {"id": "e200b24c-9754-4c46-a41f-7e8961d8a56d", "name": "Seattle Underground Market", "category": "fast_food", "tags": ["fast-food", "food", "truck"], "sources": ["overture"], "website": "http://www.theundergroundsaloon.com", "phone": "(561) 410-4296", "address": "109 Yesler Way", "stations": [{"stopCode": 52, "lines": "1,2", "name": "Pioneer Square Station", "walkingMeters": 242, "walkingSeconds": 174, "band": 5}, {"stopCode": 53, "lines": "1,2", "name": "International District Station", "walkingMeters": 668, "walkingSeconds": 486, "band": 10}, {"stopCode": 51, "lines": "1,2", "name": "Symphony Station", "walkingMeters": 880, "walkingSeconds": 633, "band": 10}]}, "geometry": {"type": "Point", "coordinates": [-122.3332748, 47.6015587]}}, {"type": "Feature", "properties": {"id": "24181134-904f-4e53-bfe2-f8d56b81a772", "name": "Drunken Pizza & Pocha", "category": "restaurant", "tags": ["restaurant", "bar-and-grill", "bar", "grill", "pizza", "korean"], "sources": ["overture"], "website": "http://Dppseattle.com/", "phone": "+12065181874", "address": "108 Occidental Ave S", "stations": [{"stopCode": 52, "lines": "1,2", "name": "Pioneer Square Station", "walkingMeters": 224, "walkingSeconds": 167, "band": 5}, {"stopCode": 53, "lines": "1,2", "name": "International District Station", "walkingMeters": 627, "walkingSeconds": 468, "band": 10}, {"stopCode": 51, "lines": "1,2", "name": "Symphony Station", "walkingMeters": 990, "walkingSeconds": 739, "band": 10}]}, "geometry": {"type": "Point", "coordinates": [-122.3326492, 47.6013489]}}, {"type": "Feature", "properties": {"id": "1a2700e7-6636-4662-8e6e-41cb23fc5ad5", "name": "Wjc International Llc", "category": "restaurant", "tags": ["restaurant"], "sources": ["overture"], "address": "108 Occidental Ave S", "stations": [{"stopCode": 52, "lines": "1,2", "name": "Pioneer Square Station", "walkingMeters": 227, "walkingSeconds": 169, "band": 5}, {"stopCode": 53, "lines": "1,2", "name": "International District Station", "walkingMeters": 631, "walkingSeconds": 471, "band": 10}, {"stopCode": 51, "lines": "1,2", "name": "Symphony Station", "walkingMeters": 988, "walkingSeconds": 737, "band": 10}]}, "geometry": {"type": "Point", "coordinates": [-122.3327026, 47.6013489]}}, {"type": "Feature", "properties": {"id": "20461d3e-cfab-49bb-ab01-3d99283ad01c", "name": "Pizza Pro", "category": "restaurant", "tags": ["restaurant", "pizza", "italian"], "sources": ["overture"], "website": "http://www.pizzapro.com", "phone": "+12066235057", "address": "104 Occidental Ave S", "stations": [{"stopCode": 52, "lines": "1,2", "name": "Pioneer Square Station", "walkingMeters": 262, "walkingSeconds": 189, "band": 5}, {"stopCode": 53, "lines": "1,2", "name": "International District Station", "walkingMeters": 631, "walkingSeconds": 456, "band": 10}, {"stopCode": 51, "lines": "1,2", "name": "Symphony Station", "walkingMeters": 905, "walkingSeconds": 651, "band": 10}]}, "geometry": {"type": "Point", "coordinates": [-122.3327484, 47.6013756]}}, {"type": "Feature", "properties": {"id": "3b1570b7-bf6d-4b25-ab0c-777e4407ddcd", "name": "BRGR Bar", "category": "restaurant", "tags": ["restaurant", "burger", "american", "bar-and-grill"], "sources": ["overture"], "website": "http://www.brgrbarseattle.com/", "phone": "+12063401457", "address": "111 Occidental Ave S", "stations": [{"stopCode": 52, "lines": "1,2", "name": "Pioneer Square Station", "walkingMeters": 265, "walkingSeconds": 198, "band": 5}, {"stopCode": 53, "lines": "1,2", "name": "International District Station", "walkingMeters": 656, "walkingSeconds": 490, "band": 10}, {"stopCode": 51, "lines": "1,2", "name": "Symphony Station", "walkingMeters": 986, "walkingSeconds": 736, "band": 10}]}, "geometry": {"type": "Point", "coordinates": [-122.3331451, 47.6012726]}}, {"type": "Feature", "properties": {"id": "841b30c0-1209-4b6b-8474-b54eff87241e", "name": "Golden Roosters", "category": "bar", "tags": ["bar", "sports", "korean", "chicken"], "sources": ["overture"], "phone": "+12065862035", "address": "115 Occidental Ave S", "stations": [{"stopCode": 52, "lines": "1,2", "name": "Pioneer Square Station", "walkingMeters": 273, "walkingSeconds": 204, "band": 5}, {"stopCode": 53, "lines": "1,2", "name": "International District Station", "walkingMeters": 640, "walkingSeconds": 478, "band": 10}, {"stopCode": 51, "lines": "1,2", "name": "Symphony Station", "walkingMeters": 1004, "walkingSeconds": 749, "band": 10}]}, "geometry": {"type": "Point", "coordinates": [-122.3330841, 47.6011543]}}, {"type": "Feature", "properties": {"id": "0aa614f3-c73f-46c1-a47d-258126402038", "name": "Box House", "category": "bar", "tags": ["bar", "sports"], "sources": ["overture"], "website": "http://boxhouseseattle.com/", "phone": "2067489975", "address": "124 S Washington St", "stations": [{"stopCode": 52, "lines": "1,2", "name": "Pioneer Square Station", "walkingMeters": 318, "walkingSeconds": 229, "band": 5}, {"stopCode": 53, "lines": "1,2", "name": "International District Station", "walkingMeters": 614, "walkingSeconds": 444, "band": 10}, {"stopCode": 51, "lines": "1,2", "name": "Symphony Station", "walkingMeters": 960, "walkingSeconds": 691, "band": 15}]}, "geometry": {"type": "Point", "coordinates": [-122.3331146, 47.6010551]}}, {"type": "Feature", "properties": {"id": "f570eece-2f9f-4a89-a39a-9d29e1993a1d", "name": "Wawa L.l.c", "category": "restaurant", "tags": ["restaurant"], "sources": ["overture"], "address": "118 S Washington St", "stations": [{"stopCode": 52, "lines": "1,2", "name": "Pioneer Square Station", "walkingMeters": 301, "walkingSeconds": 225, "band": 5}, {"stopCode": 53, "lines": "1,2", "name": "International District Station", "walkingMeters": 650, "walkingSeconds": 485, "band": 10}, {"stopCode": 51, "lines": "1,2", "name": "Symphony Station", "walkingMeters": 1012, "walkingSeconds": 755, "band": 15}]}, "geometry": {"type": "Point", "coordinates": [-122.3333359, 47.6010475]}}, {"type": "Feature", "properties": {"id": "fe5f944e-7c97-4e20-bd2c-120a0c4f35e7", "name": "Double Header", "category": "bar", "tags": ["bar"], "sources": ["overture"], "website": "honeycombhandyman.com", "phone": "2066248439", "address": "407 2nd Avenue Ext S", "stations": [{"stopCode": 52, "lines": "1,2", "name": "Pioneer Square Station", "walkingMeters": 218, "walkingSeconds": 163, "band": 5}, {"stopCode": 53, "lines": "1,2", "name": "International District Station", "walkingMeters": 550, "walkingSeconds": 410, "band": 10}, {"stopCode": 51, "lines": "1,2", "name": "Symphony Station", "walkingMeters": 1048, "walkingSeconds": 782, "band": 10}]}, "geometry": {"type": "Point", "coordinates": [-122.331871, 47.60112]}}, {"type": "Feature", "properties": {"id": "0d044fbb-dcee-46be-bbd5-976c5ce19a6f", "name": "Restaurant 164", "category": "restaurant", "tags": ["restaurant"], "sources": ["overture"], "website": "http://www.catwalkclub.net/164page1.htm", "phone": "(206) 382-9703", "address": "164 S Washington St", "stations": [{"stopCode": 52, "lines": "1,2", "name": "Pioneer Square Station", "walkingMeters": 253, "walkingSeconds": 184, "band": 5}, {"stopCode": 53, "lines": "1,2", "name": "International District Station", "walkingMeters": 563, "walkingSeconds": 407, "band": 10}, {"stopCode": 51, "lines": "1,2", "name": "Symphony Station", "walkingMeters": 906, "walkingSeconds": 652, "band": 10}]}, "geometry": {"type": "Point", "coordinates": [-122.3320313, 47.6011086]}}, {"type": "Feature", "properties": {"id": "5d9773eb-f08b-4113-a875-762fe08388a6", "name": "Four Diamonds", "category": "restaurant", "tags": ["restaurant", "vietnamese", "asian"], "sources": ["overture"], "phone": "+12066568164", "address": "164 S Washington St", "stations": [{"stopCode": 52, "lines": "1,2", "name": "Pioneer Square Station", "walkingMeters": 259, "walkingSeconds": 188, "band": 5}, {"stopCode": 53, "lines": "1,2", "name": "International District Station", "walkingMeters": 557, "walkingSeconds": 402, "band": 10}, {"stopCode": 51, "lines": "1,2", "name": "Symphony Station", "walkingMeters": 912, "walkingSeconds": 656, "band": 10}]}, "geometry": {"type": "Point", "coordinates": [-122.3321075, 47.6010513]}}, {"type": "Feature", "properties": {"id": "3ff4dfce-c120-44aa-aad4-d9893089925a", "name": "Ember Hookah Lounge", "category": "bar", "tags": ["bar", "hookah"], "sources": ["overture"], "website": "https://www.emberloungewa.com", "phone": "+12067025891", "address": "407 2nd Ave Ext S", "stations": [{"stopCode": 52, "lines": "1,2", "name": "Pioneer Square Station", "walkingMeters": 242, "walkingSeconds": 176, "band": 5}, {"stopCode": 53, "lines": "1,2", "name": "International District Station", "walkingMeters": 521, "walkingSeconds": 377, "band": 10}, {"stopCode": 51, "lines": "1,2", "name": "Symphony Station", "walkingMeters": 908, "walkingSeconds": 654, "band": 10}]}, "geometry": {"type": "Point", "coordinates": [-122.3317261, 47.6011734]}}, {"type": "Feature", "properties": {"id": "6dc9f7ed-ec3a-4d3b-9545-81a8588abd9a", "name": "McCoys Firehouse Bar & Grill", "category": "restaurant", "tags": ["restaurant", "bar-and-grill", "bar", "grill", "american"], "sources": ["overture"], "website": "https://mccoysfirehouse.com/", "phone": "+12066525797", "address": "173 S Washington St", "stations": [{"stopCode": 52, "lines": "1,2", "name": "Pioneer Square Station", "walkingMeters": 293, "walkingSeconds": 212, "band": 5}, {"stopCode": 53, "lines": "1,2", "name": "International District Station", "walkingMeters": 505, "walkingSeconds": 365, "band": 10}, {"stopCode": 51, "lines": "1,2", "name": "Symphony Station", "walkingMeters": 959, "walkingSeconds": 690, "band": 15}]}, "geometry": {"type": "Point", "coordinates": [-122.3318558, 47.600811]}}, {"type": "Feature", "properties": {"id": "089c4a94-dc77-4b07-843e-ad858e30d061", "name": "Mr Saigon", "category": "restaurant", "tags": ["restaurant"], "sources": ["overture"], "website": "https://www.mrsaigonbanhmi.com", "phone": "2066829331", "address": "161 S Washington St", "stations": [{"stopCode": 52, "lines": "1,2", "name": "Pioneer Square Station", "walkingMeters": 299, "walkingSeconds": 217, "band": 5}, {"stopCode": 53, "lines": "1,2", "name": "International District Station", "walkingMeters": 546, "walkingSeconds": 395, "band": 10}, {"stopCode": 51, "lines": "1,2", "name": "Symphony Station", "walkingMeters": 952, "walkingSeconds": 685, "band": 15}]}, "geometry": {"type": "Point", "coordinates": [-122.3324051, 47.6007233]}}, {"type": "Feature", "properties": {"id": "b5080f5e-e779-4c24-8944-3217c8fe414f", "name": "Cherry Street Public House", "category": "cafe", "tags": ["cafe", "coffee"], "sources": ["overture"], "website": "http://www.cherrystreetpublichouse.com", "phone": "(206) 387-4523", "address": "210 Occidental Ave S", "stations": [{"stopCode": 52, "lines": "1,2", "name": "Pioneer Square Station", "walkingMeters": 374, "walkingSeconds": 269, "band": 5}, {"stopCode": 53, "lines": "1,2", "name": "International District Station", "walkingMeters": 574, "walkingSeconds": 415, "band": 10}, {"stopCode": 51, "lines": "1,2", "name": "Symphony Station", "walkingMeters": 1016, "walkingSeconds": 731, "band": 15}]}, "geometry": {"type": "Point", "coordinates": [-122.3329086, 47.6004486]}}, {"type": "Feature", "properties": {"id": "872e7b86-7ed1-4903-abd0-fceb7a5f01cb", "name": "Muse", "category": "restaurant", "tags": ["restaurant"], "sources": ["overture"], "website": "http://www.createwithmuse.com", "phone": "12062234006", "address": "224 Occidental Ave S", "stations": [{"stopCode": 52, "lines": "1,2", "name": "Pioneer Square Station", "walkingMeters": 359, "walkingSeconds": 268, "band": 5}, {"stopCode": 53, "lines": "1,2", "name": "International District Station", "walkingMeters": 522, "walkingSeconds": 390, "band": 10}, {"stopCode": 51, "lines": "1,2", "name": "Symphony Station", "walkingMeters": 1144, "walkingSeconds": 854, "band": 15}]}, "geometry": {"type": "Point", "coordinates": [-122.3325577, 47.6002464]}}, {"type": "Feature", "properties": {"id": "c5d3a99d-aa3c-4b86-be9b-1b84dd65abb6", "name": "The London Plane", "category": "cafe", "tags": ["cafe"], "sources": ["overture"], "website": "http://www.thelondonplaneseattle.com", "phone": "(206) 624-1374", "address": "300 Occidental Ave S", "stations": [{"stopCode": 52, "lines": "1,2", "name": "Pioneer Square Station", "walkingMeters": 415, "walkingSeconds": 300, "band": 5}, {"stopCode": 53, "lines": "1,2", "name": "International District Station", "walkingMeters": 529, "walkingSeconds": 382, "band": 10}, {"stopCode": 51, "lines": "1,2", "name": "Symphony Station", "walkingMeters": 1068, "walkingSeconds": 768, "band": 15}]}, "geometry": {"type": "Point", "coordinates": [-122.3328171, 47.6000328]}}, {"type": "Feature", "properties": {"id": "1dc73a0d-3299-430c-8467-0a00ba72e273", "name": "Espresso Captain", "category": "cafe", "tags": ["cafe", "coffee"], "sources": ["overture"], "website": "https://espressocaptain.com/", "address": "240 2nd Ave S", "stations": [{"stopCode": 52, "lines": "1,2", "name": "Pioneer Square Station", "walkingMeters": 344, "walkingSeconds": 251, "band": 5}, {"stopCode": 53, "lines": "1,2", "name": "International District Station", "walkingMeters": 441, "walkingSeconds": 319, "band": 5}, {"stopCode": 51, "lines": "1,2", "name": "Symphony Station", "walkingMeters": 1029, "walkingSeconds": 742, "band": 15}, {"stopCode": 54, "lines": "1", "name": "Stadium Station", "walkingMeters": 1256, "walkingSeconds": 910, "band": 15}]}, "geometry": {"type": "Point", "coordinates": [-122.3313217, 47.6002197]}}, {"type": "Feature", "properties": {"id": "a9dcf233-c6a5-4d00-8eaa-2753117229fc", "name": "Elm Coffee Roasters", "category": "cafe", "tags": ["cafe", "coffee"], "sources": ["overture"], "website": "https://elmcoffeeroasters.com", "phone": "12064457808", "address": "240 2nd Ave S  Ste 103", "stations": [{"stopCode": 52, "lines": "1,2", "name": "Pioneer Square Station", "walkingMeters": 356, "walkingSeconds": 258, "band": 5}, {"stopCode": 53, "lines": "1,2", "name": "International District Station", "walkingMeters": 401, "walkingSeconds": 290, "band": 5}, {"stopCode": 51, "lines": "1,2", "name": "Symphony Station", "walkingMeters": 1051, "walkingSeconds": 757, "band": 15}, {"stopCode": 54, "lines": "1", "name": "Stadium Station", "walkingMeters": 1216, "walkingSeconds": 881, "band": 15}]}, "geometry": {"type": "Point", "coordinates": [-122.3313217, 47.6002159]}}, {"type": "Feature", "properties": {"id": "00da3f81-cc86-47e8-a2b4-42966ac2ae49", "name": "Main Street Gyros", "category": "restaurant", "tags": ["restaurant", "mediterranean", "greek", "middle-eastern"], "sources": ["overture"], "website": "http://mainstreetgyros.com/", "phone": "+12063357940", "address": "301 2nd Ave Ext S", "stations": [{"stopCode": 52, "lines": "1,2", "name": "Pioneer Square Station", "walkingMeters": 339, "walkingSeconds": 246, "band": 5}, {"stopCode": 53, "lines": "1,2", "name": "International District Station", "walkingMeters": 382, "walkingSeconds": 277, "band": 5}, {"stopCode": 51, "lines": "1,2", "name": "Symphony Station", "walkingMeters": 1034, "walkingSeconds": 745, "band": 15}, {"stopCode": 54, "lines": "1", "name": "Stadium Station", "walkingMeters": 1198, "walkingSeconds": 868, "band": 15}]}, "geometry": {"type": "Point", "coordinates": [-122.3307571, 47.6001778]}}, {"type": "Feature", "properties": {"id": "d652f98f-eeb6-4037-aa8b-2147b32fd13f", "name": "Jones Pizza Palace", "category": "restaurant", "tags": ["restaurant", "pizza", "chinese"], "sources": ["overture"], "address": "1 S Main St", "stations": [{"stopCode": 52, "lines": "1,2", "name": "Pioneer Square Station", "walkingMeters": 549, "walkingSeconds": 410, "band": 10}, {"stopCode": 53, "lines": "1,2", "name": "International District Station", "walkingMeters": 764, "walkingSeconds": 570, "band": 10}, {"stopCode": 51, "lines": "1,2", "name": "Symphony Station", "walkingMeters": 1125, "walkingSeconds": 840, "band": 15}]}, "geometry": {"type": "Point", "coordinates": [-122.3354187, 47.6000366]}}, {"type": "Feature", "properties": {"id": "56ee0263-f7de-4bd8-b207-749c4aa6ebcc", "name": "The Berliner Doner Kebab", "category": "restaurant", "tags": ["restaurant", "falafel"], "sources": ["overture"], "website": "http://berlinerseattle.com", "phone": "(206) 838-0339", "address": "221 1st Ave S", "stations": [{"stopCode": 52, "lines": "1,2", "name": "Pioneer Square Station", "walkingMeters": 462, "walkingSeconds": 332, "band": 5}, {"stopCode": 53, "lines": "1,2", "name": "International District Station", "walkingMeters": 653, "walkingSeconds": 471, "band": 10}, {"stopCode": 51, "lines": "1,2", "name": "Symphony Station", "walkingMeters": 1030, "walkingSeconds": 741, "band": 15}]}, "geometry": {"type": "Point", "coordinates": [-122.3342972, 47.6001663]}}, {"type": "Feature", "properties": {"id": "6fce07ea-1f65-4e4c-a521-4c2acc85af6a", "name": "Che Sara Sara", "category": "restaurant", "tags": ["restaurant", "italian"], "sources": ["overture"], "website": "https://chesarasara.weebly.com", "phone": "2066230125", "address": "222 1st Ave S", "stations": [{"stopCode": 52, "lines": "1,2", "name": "Pioneer Square Station", "walkingMeters": 422, "walkingSeconds": 315, "band": 5}, {"stopCode": 53, "lines": "1,2", "name": "International District Station", "walkingMeters": 628, "walkingSeconds": 469, "band": 10}, {"stopCode": 51, "lines": "1,2", "name": "Symphony Station", "walkingMeters": 1118, "walkingSeconds": 834, "band": 15}]}, "geometry": {"type": "Point", "coordinates": [-122.3338089, 47.6002197]}}, {"type": "Feature", "properties": {"id": "d0240f91-66f1-4b86-817f-b02101c29dfe", "name": "Gaba Sushi", "category": "restaurant", "tags": ["restaurant", "sushi"], "sources": ["overture"], "website": "http://gabasushi.com", "phone": "(206) 486-2432", "address": "220 1st Ave S", "stations": [{"stopCode": 52, "lines": "1,2", "name": "Pioneer Square Station", "walkingMeters": 422, "walkingSeconds": 303, "band": 5}, {"stopCode": 53, "lines": "1,2", "name": "International District Station", "walkingMeters": 650, "walkingSeconds": 470, "band": 10}, {"stopCode": 51, "lines": "1,2", "name": "Symphony Station", "walkingMeters": 1002, "walkingSeconds": 721, "band": 15}]}, "geometry": {"type": "Point", "coordinates": [-122.3338242, 47.6003342]}}, {"type": "Feature", "properties": {"id": "b7832ce1-57b6-4612-9edb-a39f9444e2b3", "name": "Larry\u2019s Blues Cafe", "category": "restaurant", "tags": ["restaurant"], "sources": ["overture"], "address": "209 1st Ave S", "stations": [{"stopCode": 52, "lines": "1,2", "name": "Pioneer Square Station", "walkingMeters": 444, "walkingSeconds": 331, "band": 5}, {"stopCode": 53, "lines": "1,2", "name": "International District Station", "walkingMeters": 714, "walkingSeconds": 533, "band": 10}, {"stopCode": 51, "lines": "1,2", "name": "Symphony Station", "walkingMeters": 1066, "walkingSeconds": 796, "band": 15}]}, "geometry": {"type": "Point", "coordinates": [-122.3345947, 47.6004982]}}, {"type": "Feature", "properties": {"id": "e7c46e6e-bc6f-4770-8224-35b30b512346", "name": "Central Saloon", "category": "bar", "tags": ["bar", "bar-and-grill"], "sources": ["overture"], "website": "http://centralsaloon.com/", "phone": "+12066220209", "address": "207 1st Ave S", "stations": [{"stopCode": 52, "lines": "1,2", "name": "Pioneer Square Station", "walkingMeters": 412, "walkingSeconds": 296, "band": 5}, {"stopCode": 53, "lines": "1,2", "name": "International District Station", "walkingMeters": 702, "walkingSeconds": 507, "band": 10}, {"stopCode": 51, "lines": "1,2", "name": "Symphony Station", "walkingMeters": 980, "walkingSeconds": 706, "band": 15}]}, "geometry": {"type": "Point", "coordinates": [-122.3343353, 47.6006088]}}, {"type": "Feature", "properties": {"id": "73c7e824-6c69-4800-bd32-d0a5cea4fc2e", "name": "Luigi's Italian Eatery", "category": "restaurant", "tags": ["restaurant", "italian"], "sources": ["overture"], "website": "http://www.seattleslittleitaly.com/", "phone": "+12066227688", "address": "211 1st Ave S", "stations": [{"stopCode": 52, "lines": "1,2", "name": "Pioneer Square Station", "walkingMeters": 434, "walkingSeconds": 312, "band": 5}, {"stopCode": 53, "lines": "1,2", "name": "International District Station", "walkingMeters": 680, "walkingSeconds": 491, "band": 10}, {"stopCode": 51, "lines": "1,2", "name": "Symphony Station", "walkingMeters": 1002, "walkingSeconds": 721, "band": 15}]}, "geometry": {"type": "Point", "coordinates": [-122.3345413, 47.6004143]}}, {"type": "Feature", "properties": {"id": "10da0d52-796a-4c84-ab92-f24eda48f4f2", "name": "Heavy Restaurant Group", "category": "restaurant", "tags": ["restaurant"], "sources": ["overture"], "website": "http://www.heavyrestaurantgroup.com", "address": "206 1st Ave S", "stations": [{"stopCode": 52, "lines": "1,2", "name": "Pioneer Square Station", "walkingMeters": 381, "walkingSeconds": 284, "band": 5}, {"stopCode": 53, "lines": "1,2", "name": "International District Station", "walkingMeters": 652, "walkingSeconds": 487, "band": 10}, {"stopCode": 51, "lines": "1,2", "name": "Symphony Station", "walkingMeters": 1066, "walkingSeconds": 796, "band": 15}]}, "geometry": {"type": "Point", "coordinates": [-122.3338013, 47.6005859]}}, {"type": "Feature", "properties": {"id": "638b0329-3c2d-41b3-ba3b-6a9ecaa46354", "name": "Swannie's", "category": "pub", "tags": ["pub"], "sources": ["overture"], "phone": "+12066229353", "address": "109 S Washington St", "stations": [{"stopCode": 52, "lines": "1,2", "name": "Pioneer Square Station", "walkingMeters": 360, "walkingSeconds": 269, "band": 5}, {"stopCode": 53, "lines": "1,2", "name": "International District Station", "walkingMeters": 664, "walkingSeconds": 496, "band": 10}, {"stopCode": 51, "lines": "1,2", "name": "Symphony Station", "walkingMeters": 1041, "walkingSeconds": 777, "band": 15}]}, "geometry": {"type": "Point", "coordinates": [-122.333786, 47.600769]}}, {"type": "Feature", "properties": {"id": "0c54369a-8ee6-43aa-b393-00749c7bfa74", "name": "Altstadt", "category": "pub", "tags": ["pub"], "sources": ["overture"], "website": "http://altstadtseattle.com/", "phone": "2066026442", "address": "209 1st Ave S", "stations": [{"stopCode": 52, "lines": "1,2", "name": "Pioneer Square Station", "walkingMeters": 386, "walkingSeconds": 278, "band": 5}, {"stopCode": 53, "lines": "1,2", "name": "International District Station", "walkingMeters": 688, "walkingSeconds": 496, "band": 10}, {"stopCode": 51, "lines": "1,2", "name": "Symphony Station", "walkingMeters": 961, "walkingSeconds": 692, "band": 15}]}, "geometry": {"type": "Point", "coordinates": [-122.3342819, 47.6007996]}}, {"type": "Feature", "properties": {"id": "7f0e736e-7678-4cb2-bfda-767f2036b2db", "name": "The J & M Cafe", "category": "bar", "tags": ["bar"], "sources": ["overture"], "website": "http://www.jandmcafe.com", "phone": "(206) 467-2666", "address": "201 1st Ave S", "stations": [{"stopCode": 52, "lines": "1,2", "name": "Pioneer Square Station", "walkingMeters": 377, "walkingSeconds": 273, "band": 5}, {"stopCode": 53, "lines": "1,2", "name": "International District Station", "walkingMeters": 693, "walkingSeconds": 504, "band": 10}, {"stopCode": 51, "lines": "1,2", "name": "Symphony Station", "walkingMeters": 952, "walkingSeconds": 685, "band": 15}]}, "geometry": {"type": "Point", "coordinates": [-122.3342972, 47.6008606]}}, {"type": "Feature", "properties": {"id": "408a3b1a-1674-4795-9751-ff6c10b4a83c", "name": "Planet Java Diner", "category": "restaurant", "tags": ["restaurant", "diner"], "sources": ["overture"], "website": "http://www.planetjavadiner.com/", "phone": "2063408859", "address": "72 S Washington St", "stations": [{"stopCode": 52, "lines": "1,2", "name": "Pioneer Square Station", "walkingMeters": 415, "walkingSeconds": 310, "band": 5}, {"stopCode": 53, "lines": "1,2", "name": "International District Station", "walkingMeters": 759, "walkingSeconds": 566, "band": 10}, {"stopCode": 51, "lines": "1,2", "name": "Symphony Station", "walkingMeters": 997, "walkingSeconds": 744, "band": 15}]}, "geometry": {"type": "Point", "coordinates": [-122.3347549, 47.6009636]}}, {"type": "Feature", "properties": {"id": "24624821-abf0-48a4-8882-6b7f2d6db78a", "name": "Pioneer Square Entertainment Group", "category": "restaurant", "tags": ["restaurant"], "sources": ["overture"], "website": "https://pioneersquaresaloon.com", "address": "114 1st Ave S", "stations": [{"stopCode": 52, "lines": "1,2", "name": "Pioneer Square Station", "walkingMeters": 325, "walkingSeconds": 243, "band": 5}, {"stopCode": 53, "lines": "1,2", "name": "International District Station", "walkingMeters": 693, "walkingSeconds": 517, "band": 10}, {"stopCode": 51, "lines": "1,2", "name": "Symphony Station", "walkingMeters": 990, "walkingSeconds": 739, "band": 15}]}, "geometry": {"type": "Point", "coordinates": [-122.333786, 47.6011314]}}, {"type": "Feature", "properties": {"id": "fa505cb4-5d7e-4025-b9c1-da885c662548", "name": "New Orleans Creole Restaurant", "category": "restaurant", "tags": ["restaurant", "cajun-and-creole", "cajun", "creole"], "sources": ["overture"], "website": "http://www.neworleanscreolerestaurant.com", "phone": "(206) 622-2563", "address": "114 1st Ave S", "stations": [{"stopCode": 52, "lines": "1,2", "name": "Pioneer Square Station", "walkingMeters": 345, "walkingSeconds": 257, "band": 5}, {"stopCode": 53, "lines": "1,2", "name": "International District Station", "walkingMeters": 717, "walkingSeconds": 535, "band": 10}, {"stopCode": 51, "lines": "1,2", "name": "Symphony Station", "walkingMeters": 982, "walkingSeconds": 733, "band": 15}]}, "geometry": {"type": "Point", "coordinates": [-122.3340683, 47.6011467]}}, {"type": "Feature", "properties": {"id": "d43a2696-caf0-422a-aae6-390730a79122", "name": "Jujubeet Cafe", "category": "cafe", "tags": ["cafe", "coffee"], "sources": ["overture"], "website": "http://jujubeet.com/", "address": "107 1st Ave S", "stations": [{"stopCode": 52, "lines": "1,2", "name": "Pioneer Square Station", "walkingMeters": 327, "walkingSeconds": 235, "band": 5}, {"stopCode": 53, "lines": "1,2", "name": "International District Station", "walkingMeters": 747, "walkingSeconds": 539, "band": 10}, {"stopCode": 51, "lines": "1,2", "name": "Symphony Station", "walkingMeters": 893, "walkingSeconds": 643, "band": 10}]}, "geometry": {"type": "Point", "coordinates": [-122.3345337, 47.6013794]}}, {"type": "Feature", "properties": {"id": "76438bad-fd43-437c-bb5f-7d5be2bb635a", "name": "Us International Inc", "category": "restaurant", "tags": ["restaurant"], "sources": ["overture"], "website": "https://www.usimkt.com", "address": "93 Yesler Way", "stations": [{"stopCode": 52, "lines": "1,2", "name": "Pioneer Square Station", "walkingMeters": 370, "walkingSeconds": 276, "band": 5}, {"stopCode": 53, "lines": "1,2", "name": "International District Station", "walkingMeters": 804, "walkingSeconds": 600, "band": 10}, {"stopCode": 51, "lines": "1,2", "name": "Symphony Station", "walkingMeters": 910, "walkingSeconds": 679, "band": 10}]}, "geometry": {"type": "Point", "coordinates": [-122.3347168, 47.6015778]}}, {"type": "Feature", "properties": {"id": "5b2188e7-7eb5-4e0e-b26e-fd4eec7195a6", "name": "Biryani & Curry King", "category": "restaurant", "tags": ["restaurant", "indian", "asian"], "sources": ["overture"], "website": "http://www.biryanicurryking.com/", "phone": "+12065821981", "address": "105 1st Ave S", "stations": [{"stopCode": 52, "lines": "1,2", "name": "Pioneer Square Station", "walkingMeters": 316, "walkingSeconds": 227, "band": 5}, {"stopCode": 53, "lines": "1,2", "name": "International District Station", "walkingMeters": 758, "walkingSeconds": 547, "band": 10}, {"stopCode": 51, "lines": "1,2", "name": "Symphony Station", "walkingMeters": 883, "walkingSeconds": 635, "band": 10}]}, "geometry": {"type": "Point", "coordinates": [-122.3343964, 47.6014748]}}, {"type": "Feature", "properties": {"id": "146a3b2c-220f-4768-8b60-9adc67c11d3f", "name": "Longhorn Barbecue Outpost", "category": "restaurant", "tags": ["restaurant", "barbecue"], "sources": ["overture"], "website": "http://www.longhornbarbecue.com", "phone": "(206) 341-9696", "address": "103 1st Ave S", "stations": [{"stopCode": 52, "lines": "1,2", "name": "Pioneer Square Station", "walkingMeters": 313, "walkingSeconds": 225, "band": 5}, {"stopCode": 53, "lines": "1,2", "name": "International District Station", "walkingMeters": 761, "walkingSeconds": 549, "band": 10}, {"stopCode": 51, "lines": "1,2", "name": "Symphony Station", "walkingMeters": 879, "walkingSeconds": 633, "band": 10}]}, "geometry": {"type": "Point", "coordinates": [-122.3345337, 47.6015053]}}, {"type": "Feature", "properties": {"id": "3707dc13-b789-4c06-88bf-204fe49eb2c5", "name": "Monkey Bridge II", "category": "restaurant", "tags": ["restaurant", "vietnamese"], "sources": ["overture"], "website": "http://www.themonkeybridge.com", "phone": "(206) 708-6172", "address": "105 1st Ave S", "stations": [{"stopCode": 52, "lines": "1,2", "name": "Pioneer Square Station", "walkingMeters": 313, "walkingSeconds": 225, "band": 5}, {"stopCode": 53, "lines": "1,2", "name": "International District Station", "walkingMeters": 761, "walkingSeconds": 549, "band": 10}, {"stopCode": 51, "lines": "1,2", "name": "Symphony Station", "walkingMeters": 879, "walkingSeconds": 633, "band": 10}]}, "geometry": {"type": "Point", "coordinates": [-122.3345337, 47.6015053]}}, {"type": "Feature", "properties": {"id": "7e64a79d-119a-4ece-a4bd-03c5c40e8add", "name": "Subway Restaurants", "category": "restaurant", "tags": ["restaurant", "sandwich"], "sources": ["overture"], "website": "https://alibabacharleston.com", "phone": "+12066227040", "address": "101 Yesler Way Ste 103", "stations": [{"stopCode": 52, "lines": "1,2", "name": "Pioneer Square Station", "walkingMeters": 258, "walkingSeconds": 186, "band": 5}, {"stopCode": 53, "lines": "1,2", "name": "International District Station", "walkingMeters": 697, "walkingSeconds": 504, "band": 10}, {"stopCode": 51, "lines": "1,2", "name": "Symphony Station", "walkingMeters": 894, "walkingSeconds": 644, "band": 10}]}, "geometry": {"type": "Point", "coordinates": [-122.3338165, 47.6015892]}}, {"type": "Feature", "properties": {"id": "5ee076e6-ab6d-4f93-b78a-d1742972240d", "name": "Le Macaron French Pastries", "category": "bakery", "tags": ["bakery"], "sources": ["overture"], "website": "http://lemacaroncafe.com/", "phone": "+16028142759", "address": "101 Yesler Wy Ste 102", "stations": [{"stopCode": 52, "lines": "1,2", "name": "Pioneer Square Station", "walkingMeters": 300, "walkingSeconds": 224, "band": 5}, {"stopCode": 53, "lines": "1,2", "name": "International District Station", "walkingMeters": 753, "walkingSeconds": 562, "band": 10}, {"stopCode": 51, "lines": "1,2", "name": "Symphony Station", "walkingMeters": 912, "walkingSeconds": 681, "band": 10}]}, "geometry": {"type": "Point", "coordinates": [-122.3339767, 47.6016502]}}, {"type": "Feature", "properties": {"id": "f1f0e846-68a4-42b2-ba57-03fa33bea4f1", "name": "Maharaja Restaurant", "category": "restaurant", "tags": ["restaurant", "indian", "middle-eastern"], "sources": ["overture"], "website": "http://www.maharajawestseattle.com/", "phone": "+12065484644", "address": "105 1st Ave S", "stations": [{"stopCode": 52, "lines": "1,2", "name": "Pioneer Square Station", "walkingMeters": 322, "walkingSeconds": 240, "band": 5}, {"stopCode": 53, "lines": "1,2", "name": "International District Station", "walkingMeters": 761, "walkingSeconds": 568, "band": 10}, {"stopCode": 51, "lines": "1,2", "name": "Symphony Station", "walkingMeters": 919, "walkingSeconds": 686, "band": 10}]}, "geometry": {"type": "Point", "coordinates": [-122.3341751, 47.6015739]}}, {"type": "Feature", "properties": {"id": "cc0d91c3-c85d-4bc5-89be-1a42da770ecc", "name": "Luigi's Little Italy", "category": "restaurant", "tags": ["restaurant", "italian"], "sources": ["overture"], "website": "http://www.seattleslittleitaly.com/tours.htm", "phone": "(206) 622-7688", "address": "1 Yesler Way", "stations": [{"stopCode": 52, "lines": "1,2", "name": "Pioneer Square Station", "walkingMeters": 289, "walkingSeconds": 207, "band": 5}, {"stopCode": 53, "lines": "1,2", "name": "International District Station", "walkingMeters": 759, "walkingSeconds": 551, "band": 10}, {"stopCode": 51, "lines": "1,2", "name": "Symphony Station", "walkingMeters": 846, "walkingSeconds": 609, "band": 10}]}, "geometry": {"type": "Point", "coordinates": [-122.3343811, 47.6018219]}}, {"type": "Feature", "properties": {"id": "113538f6-2a98-4db2-976e-c626c4de5d4c", "name": "Little Uncle Pioneer Square", "category": "restaurant", "tags": ["restaurant", "thai"], "sources": ["overture"], "website": "http://littleuncleseattle.com", "phone": "(206) 223-8529", "address": "88 Yesler Way", "stations": [{"stopCode": 52, "lines": "1,2", "name": "Pioneer Square Station", "walkingMeters": 324, "walkingSeconds": 233, "band": 5}, {"stopCode": 53, "lines": "1,2", "name": "International District Station", "walkingMeters": 794, "walkingSeconds": 577, "band": 10}, {"stopCode": 51, "lines": "1,2", "name": "Symphony Station", "walkingMeters": 861, "walkingSeconds": 620, "band": 10}]}, "geometry": {"type": "Point", "coordinates": [-122.3348541, 47.6018333]}}, {"type": "Feature", "properties": {"id": "ba705419-a176-40de-9663-7dd22f2dd1dd", "name": "Kraken Congee", "category": "restaurant", "tags": ["restaurant", "asian"], "sources": ["overture"], "website": "http://krakencongee.com", "phone": "(206) 748-9999", "address": "88 Yesler Way", "stations": [{"stopCode": 52, "lines": "1,2", "name": "Pioneer Square Station", "walkingMeters": 315, "walkingSeconds": 226, "band": 5}, {"stopCode": 53, "lines": "1,2", "name": "International District Station", "walkingMeters": 785, "walkingSeconds": 570, "band": 10}, {"stopCode": 51, "lines": "1,2", "name": "Symphony Station", "walkingMeters": 865, "walkingSeconds": 622, "band": 10}]}, "geometry": {"type": "Point", "coordinates": [-122.3347321, 47.6018143]}}, {"type": "Feature", "properties": {"id": "ba8ca890-31dd-4f2f-8ca8-119132c49a19", "name": "84 Yesler", "category": "restaurant", "tags": ["restaurant", "american"], "sources": ["overture"], "website": "https://app.table22.com/product/84-yesler-supper-club", "phone": "+12066241111", "address": "84 Yesler Wy", "stations": [{"stopCode": 52, "lines": "1,2", "name": "Pioneer Square Station", "walkingMeters": 401, "walkingSeconds": 299, "band": 5}, {"stopCode": 53, "lines": "1,2", "name": "International District Station", "walkingMeters": 864, "walkingSeconds": 645, "band": 10}, {"stopCode": 51, "lines": "1,2", "name": "Symphony Station", "walkingMeters": 867, "walkingSeconds": 647, "band": 10}]}, "geometry": {"type": "Point", "coordinates": [-122.3351898, 47.601841]}}, {"type": "Feature", "properties": {"id": "b994e2f7-6767-461f-8334-23e2b1298e2d", "name": "Saloon Gallery", "category": "bar", "tags": ["bar"], "sources": ["overture"], "website": "http://saloongallery.bigcartel.com/", "phone": "+18182881872", "address": "73 Yesler Way", "stations": [{"stopCode": 52, "lines": "1,2", "name": "Pioneer Square Station", "walkingMeters": 378, "walkingSeconds": 272, "band": 5}, {"stopCode": 53, "lines": "1,2", "name": "International District Station", "walkingMeters": 831, "walkingSeconds": 603, "band": 10}, {"stopCode": 51, "lines": "1,2", "name": "Symphony Station", "walkingMeters": 896, "walkingSeconds": 645, "band": 10}]}, "geometry": {"type": "Point", "coordinates": [-122.3352585, 47.6015816]}}, {"type": "Feature", "properties": {"id": "6f92119e-eaf5-41df-b01b-e29756f6b795", "name": "Nduja Bella - Little Italy", "category": "restaurant", "tags": ["restaurant", "italian"], "sources": ["overture"], "website": "http://ndujabella.com/", "phone": "+12067079338", "address": "81 Yesler Wy", "stations": [{"stopCode": 52, "lines": "1,2", "name": "Pioneer Square Station", "walkingMeters": 357, "walkingSeconds": 257, "band": 5}, {"stopCode": 53, "lines": "1,2", "name": "International District Station", "walkingMeters": 810, "walkingSeconds": 588, "band": 10}, {"stopCode": 51, "lines": "1,2", "name": "Symphony Station", "walkingMeters": 902, "walkingSeconds": 649, "band": 10}]}, "geometry": {"type": "Point", "coordinates": [-122.3351593, 47.6015587]}}, {"type": "Feature", "properties": {"id": "806ba340-1823-43eb-8a33-0423eda27db7", "name": "Heigh Connects", "category": "fast_food", "tags": ["fast-food", "food", "truck"], "sources": ["overture"], "website": "https://heighconnects.com", "phone": "+12066822445", "address": "87 Yesler Way", "stations": [{"stopCode": 52, "lines": "1,2", "name": "Pioneer Square Station", "walkingMeters": 395, "walkingSeconds": 295, "band": 5}, {"stopCode": 53, "lines": "1,2", "name": "International District Station", "walkingMeters": 827, "walkingSeconds": 617, "band": 10}, {"stopCode": 51, "lines": "1,2", "name": "Symphony Station", "walkingMeters": 906, "walkingSeconds": 676, "band": 10}]}, "geometry": {"type": "Point", "coordinates": [-122.3349991, 47.6015778]}}, {"type": "Feature", "properties": {"id": "ca2494bd-d592-4794-9fab-f4d8d5e7414d", "name": "Al Boccalino", "category": "restaurant", "tags": ["restaurant", "italian"], "sources": ["overture"], "website": "https://www.alboccalino.com", "phone": "2066227688", "address": "1 Yesler Way", "stations": [{"stopCode": 52, "lines": "1,2", "name": "Pioneer Square Station", "walkingMeters": 461, "walkingSeconds": 344, "band": 5}, {"stopCode": 53, "lines": "1,2", "name": "International District Station", "walkingMeters": 881, "walkingSeconds": 657, "band": 10}, {"stopCode": 51, "lines": "1,2", "name": "Symphony Station", "walkingMeters": 907, "walkingSeconds": 677, "band": 10}]}, "geometry": {"type": "Point", "coordinates": [-122.335701, 47.6015396]}}, {"type": "Feature", "properties": {"id": 825301150, "name": "Underground Tour", "category": "attraction", "tags": ["attraction"], "sources": ["osm"], "website": "https://undergroundtour.com/", "phone": "+1-206-682-4646", "address": "614 1st Avenue", "stations": [{"stopCode": 52, "lines": "1,2", "name": "Pioneer Square Station", "walkingMeters": 265, "walkingSeconds": 190, "band": 5}, {"stopCode": 53, "lines": "1,2", "name": "International District Station", "walkingMeters": 748, "walkingSeconds": 544, "band": 10}, {"stopCode": 51, "lines": "1,2", "name": "Symphony Station", "walkingMeters": 786, "walkingSeconds": 566, "band": 10}, {"stopCode": 50, "lines": "1,2", "name": "Westlake Station", "walkingMeters": 1312, "walkingSeconds": 944, "band": 15}]}, "geometry": {"type": "Point", "coordinates": [-122.333723, 47.6023507]}}, {"type": "Feature", "properties": {"id": 1851741441, "name": "Seattle Art Museum", "category": "museum", "tags": ["museum", "wheelchair-accessible", "wifi", "art"], "sources": ["osm", "overture"], "website": "https://www.seattleartmuseum.org/", "phone": "+12066543100", "address": "1300 1st Ave", "hours": "We-Su 10:00-17:00", "stations": [{"stopCode": 51, "lines": "1,2", "name": "Symphony Station", "walkingMeters": 311, "walkingSeconds": 224, "band": 5}, {"stopCode": 50, "lines": "1,2", "name": "Westlake Station", "walkingMeters": 612, "walkingSeconds": 440, "band": 10}, {"stopCode": 52, "lines": "1,2", "name": "Pioneer Square Station", "walkingMeters": 1004, "walkingSeconds": 722, "band": 15}]}, "geometry": {"type": "Point", "coordinates": [-122.3385575, 47.6077008]}}, {"type": "Feature", "properties": {"id": 2351695724, "name": "Gallery No. 85", "category": "gallery", "tags": ["gallery"], "sources": ["osm"], "address": "85 Yesler Way", "stations": [{"stopCode": 52, "lines": "1,2", "name": "Pioneer Square Station", "walkingMeters": 343, "walkingSeconds": 247, "band": 5}, {"stopCode": 53, "lines": "1,2", "name": "International District Station", "walkingMeters": 797, "walkingSeconds": 579, "band": 10}, {"stopCode": 51, "lines": "1,2", "name": "Symphony Station", "walkingMeters": 889, "walkingSeconds": 640, "band": 10}]}, "geometry": {"type": "Point", "coordinates": [-122.3349807, 47.6016147]}}, {"type": "Feature", "properties": {"id": 2404244825, "name": "Museum of Illusions", "category": "museum", "tags": ["museum"], "sources": ["osm"], "website": "https://moiseattle.com/", "phone": "+1-206-888-5424", "address": "1330 5th Avenue", "hours": "Su-Th 10:00-21:00; Fr-Sa 10:00-22:00", "stations": [{"stopCode": 50, "lines": "1,2", "name": "Westlake Station", "walkingMeters": 305, "walkingSeconds": 222, "band": 5}, {"stopCode": 51, "lines": "1,2", "name": "Symphony Station", "walkingMeters": 314, "walkingSeconds": 226, "band": 5}, {"stopCode": 52, "lines": "1,2", "name": "Pioneer Square Station", "walkingMeters": 986, "walkingSeconds": 713, "band": 15}]}, "geometry": {"type": "Point", "coordinates": [-122.334395, 47.6096276]}}, {"type": "Feature", "properties": {"id": 2404269534, "name": "Michael Birawer Gallery", "category": "gallery", "tags": ["gallery", "gift", "art"], "sources": ["osm", "overture"], "website": "https://www.michaelbirawergallery.com/", "phone": "+12066093944", "address": "1003 1st Ave", "hours": "Mo-Su 11:00-17:00", "stations": [{"stopCode": 51, "lines": "1,2", "name": "Symphony Station", "walkingMeters": 462, "walkingSeconds": 332, "band": 5}, {"stopCode": 52, "lines": "1,2", "name": "Pioneer Square Station", "walkingMeters": 626, "walkingSeconds": 452, "band": 10}, {"stopCode": 50, "lines": "1,2", "name": "Westlake Station", "walkingMeters": 985, "walkingSeconds": 709, "band": 15}, {"stopCode": 53, "lines": "1,2", "name": "International District Station", "walkingMeters": 1115, "walkingSeconds": 808, "band": 15}]}, "geometry": {"type": "Point", "coordinates": [-122.336573, 47.6047887]}}, {"type": "Feature", "properties": {"id": 2744017422, "name": "Ivar Feeding The Gulls", "category": "artwork", "tags": ["artwork"], "sources": ["osm"], "stations": [{"stopCode": 51, "lines": "1,2", "name": "Symphony Station", "walkingMeters": 658, "walkingSeconds": 473, "band": 10}, {"stopCode": 52, "lines": "1,2", "name": "Pioneer Square Station", "walkingMeters": 747, "walkingSeconds": 537, "band": 10}, {"stopCode": 50, "lines": "1,2", "name": "Westlake Station", "walkingMeters": 1179, "walkingSeconds": 848, "band": 15}, {"stopCode": 53, "lines": "1,2", "name": "International District Station", "walkingMeters": 1212, "walkingSeconds": 881, "band": 15}]}, "geometry": {"type": "Point", "coordinates": [-122.3387425, 47.6038277]}}, {"type": "Feature", "properties": {"id": 2998927033, "name": "Seattle Fallen Fire Fighters' Memorial", "category": "artwork", "tags": ["artwork"], "sources": ["osm"], "stations": [{"stopCode": 52, "lines": "1,2", "name": "Pioneer Square Station", "walkingMeters": 420, "walkingSeconds": 303, "band": 5}, {"stopCode": 53, "lines": "1,2", "name": "International District Station", "walkingMeters": 548, "walkingSeconds": 396, "band": 10}, {"stopCode": 51, "lines": "1,2", "name": "Symphony Station", "walkingMeters": 1062, "walkingSeconds": 765, "band": 15}]}, "geometry": {"type": "Point", "coordinates": [-122.3330105, 47.6002023]}}, {"type": "Feature", "properties": {"id": 3006173065, "name": "Beneath the Streets", "category": "attraction", "tags": ["attraction"], "sources": ["osm"], "website": "https://www.beneath-the-streets.com/", "address": "102 Cherry Street", "stations": [{"stopCode": 52, "lines": "1,2", "name": "Pioneer Square Station", "walkingMeters": 304, "walkingSeconds": 218, "band": 5}, {"stopCode": 51, "lines": "1,2", "name": "Symphony Station", "walkingMeters": 725, "walkingSeconds": 522, "band": 10}, {"stopCode": 53, "lines": "1,2", "name": "International District Station", "walkingMeters": 809, "walkingSeconds": 588, "band": 10}, {"stopCode": 50, "lines": "1,2", "name": "Westlake Station", "walkingMeters": 1251, "walkingSeconds": 900, "band": 15}]}, "geometry": {"type": "Point", "coordinates": [-122.3341239, 47.6027458]}}, {"type": "Feature", "properties": {"id": "4883ac17-49ef-41b3-90e9-471810281997", "name": "Common Ground", "category": "gallery", "tags": ["gallery", "art"], "sources": ["overture"], "website": "http://www.seattle.gov/arts/", "phone": "(206) 684-7171", "address": "600 4th Ave", "stations": [{"stopCode": 52, "lines": "1,2", "name": "Pioneer Square Station", "walkingMeters": 246, "walkingSeconds": 177, "band": 5}, {"stopCode": 51, "lines": "1,2", "name": "Symphony Station", "walkingMeters": 704, "walkingSeconds": 507, "band": 10}, {"stopCode": 53, "lines": "1,2", "name": "International District Station", "walkingMeters": 779, "walkingSeconds": 561, "band": 10}, {"stopCode": 50, "lines": "1,2", "name": "Westlake Station", "walkingMeters": 1040, "walkingSeconds": 749, "band": 15}]}, "geometry": {"type": "Point", "coordinates": [-122.3304062, 47.6039734]}}, {"type": "Feature", "properties": {"id": 3211770100, "name": "Sun and Raven (Totem)", "category": "artwork", "tags": ["artwork"], "sources": ["osm"], "stations": [{"stopCode": 52, "lines": "1,2", "name": "Pioneer Square Station", "walkingMeters": 363, "walkingSeconds": 261, "band": 5}, {"stopCode": 53, "lines": "1,2", "name": "International District Station", "walkingMeters": 585, "walkingSeconds": 423, "band": 10}, {"stopCode": 51, "lines": "1,2", "name": "Symphony Station", "walkingMeters": 1005, "walkingSeconds": 723, "band": 15}]}, "geometry": {"type": "Point", "coordinates": [-122.3331678, 47.6005508]}}, {"type": "Feature", "properties": {"id": 3211770101, "name": "Killer Whale (Totem)", "category": "artwork", "tags": ["artwork"], "sources": ["osm"], "stations": [{"stopCode": 52, "lines": "1,2", "name": "Pioneer Square Station", "walkingMeters": 365, "walkingSeconds": 263, "band": 5}, {"stopCode": 53, "lines": "1,2", "name": "International District Station", "walkingMeters": 584, "walkingSeconds": 422, "band": 10}, {"stopCode": 51, "lines": "1,2", "name": "Symphony Station", "walkingMeters": 1007, "walkingSeconds": 725, "band": 15}]}, "geometry": {"type": "Point", "coordinates": [-122.333117, 47.600533]}}, {"type": "Feature", "properties": {"id": 3211770102, "name": "Tsonqua (Totem)", "category": "artwork", "tags": ["artwork", "gallery", "art"], "sources": ["osm", "overture"], "website": "http://www.seattle.gov/arts/", "phone": "(206) 684-7171", "address": "Occidental Ave S & S Main St", "stations": [{"stopCode": 52, "lines": "1,2", "name": "Pioneer Square Station", "walkingMeters": 342, "walkingSeconds": 246, "band": 5}, {"stopCode": 53, "lines": "1,2", "name": "International District Station", "walkingMeters": 620, "walkingSeconds": 448, "band": 10}, {"stopCode": 51, "lines": "1,2", "name": "Symphony Station", "walkingMeters": 978, "walkingSeconds": 704, "band": 15}]}, "geometry": {"type": "Point", "coordinates": [-122.333383, 47.600617]}}, {"type": "Feature", "properties": {"id": 3211770103, "name": "Bear (Totem)", "category": "artwork", "tags": ["artwork"], "sources": ["osm"], "stations": [{"stopCode": 52, "lines": "1,2", "name": "Pioneer Square Station", "walkingMeters": 352, "walkingSeconds": 253, "band": 5}, {"stopCode": 53, "lines": "1,2", "name": "International District Station", "walkingMeters": 610, "walkingSeconds": 440, "band": 10}, {"stopCode": 51, "lines": "1,2", "name": "Symphony Station", "walkingMeters": 988, "walkingSeconds": 711, "band": 15}]}, "geometry": {"type": "Point", "coordinates": [-122.33325, 47.600733]}}, {"type": "Feature", "properties": {"id": 3211770104, "name": "Anawog", "category": "artwork", "tags": ["artwork"], "sources": ["osm"], "stations": [{"stopCode": 52, "lines": "1,2", "name": "Pioneer Square Station", "walkingMeters": 261, "walkingSeconds": 190, "band": 5}, {"stopCode": 53, "lines": "1,2", "name": "International District Station", "walkingMeters": 502, "walkingSeconds": 363, "band": 10}, {"stopCode": 51, "lines": "1,2", "name": "Symphony Station", "walkingMeters": 927, "walkingSeconds": 667, "band": 10}]}, "geometry": {"type": "Point", "coordinates": [-122.331617, 47.601067]}}, {"type": "Feature", "properties": {"id": 3211770105, "name": "Fortson Square", "category": "artwork", "tags": ["artwork"], "sources": ["osm"], "stations": [{"stopCode": 52, "lines": "1,2", "name": "Pioneer Square Station", "walkingMeters": 249, "walkingSeconds": 181, "band": 5}, {"stopCode": 53, "lines": "1,2", "name": "International District Station", "walkingMeters": 515, "walkingSeconds": 372, "band": 10}, {"stopCode": 51, "lines": "1,2", "name": "Symphony Station", "walkingMeters": 915, "walkingSeconds": 658, "band": 10}]}, "geometry": {"type": "Point", "coordinates": [-122.3317, 47.601117]}}, {"type": "Feature", "properties": {"id": 3211770114, "name": "Day/Night", "category": "artwork", "tags": ["artwork"], "sources": ["osm"], "stations": [{"stopCode": 52, "lines": "1,2", "name": "Pioneer Square Station", "walkingMeters": 238, "walkingSeconds": 171, "band": 5}, {"stopCode": 53, "lines": "1,2", "name": "International District Station", "walkingMeters": 721, "walkingSeconds": 524, "band": 10}, {"stopCode": 51, "lines": "1,2", "name": "Symphony Station", "walkingMeters": 845, "walkingSeconds": 608, "band": 10}, {"stopCode": 50, "lines": "1,2", "name": "Westlake Station", "walkingMeters": 1370, "walkingSeconds": 986, "band": 15}]}, "geometry": {"type": "Point", "coordinates": [-122.3338257, 47.6019424]}}, {"type": "Feature", "properties": {"id": 3211770115, "name": "Chief Seattle Fountain", "category": "artwork", "tags": ["artwork"], "sources": ["osm"], "stations": [{"stopCode": 52, "lines": "1,2", "name": "Pioneer Square Station", "walkingMeters": 238, "walkingSeconds": 171, "band": 5}, {"stopCode": 53, "lines": "1,2", "name": "International District Station", "walkingMeters": 721, "walkingSeconds": 524, "band": 10}, {"stopCode": 51, "lines": "1,2", "name": "Symphony Station", "walkingMeters": 845, "walkingSeconds": 608, "band": 10}, {"stopCode": 50, "lines": "1,2", "name": "Westlake Station", "walkingMeters": 1371, "walkingSeconds": 986, "band": 15}]}, "geometry": {"type": "Point", "coordinates": [-122.3338552, 47.601963]}}, {"type": "Feature", "properties": {"id": 3211770116, "name": "Seattle Totem Pole", "category": "artwork", "tags": ["artwork", "gallery", "art"], "sources": ["osm", "overture"], "website": "http://www.seattle.gov/arts", "phone": "+12066847171", "address": "100 Yesler Way", "stations": [{"stopCode": 52, "lines": "1,2", "name": "Pioneer Square Station", "walkingMeters": 284, "walkingSeconds": 204, "band": 5}, {"stopCode": 53, "lines": "1,2", "name": "International District Station", "walkingMeters": 757, "walkingSeconds": 550, "band": 10}, {"stopCode": 51, "lines": "1,2", "name": "Symphony Station", "walkingMeters": 814, "walkingSeconds": 585, "band": 10}, {"stopCode": 50, "lines": "1,2", "name": "Westlake Station", "walkingMeters": 1339, "walkingSeconds": 963, "band": 15}]}, "geometry": {"type": "Point", "coordinates": [-122.334042, 47.6020014]}}, {"type": "Feature", "properties": {"id": 3211770121, "name": "Blue Glass Passage", "category": "artwork", "tags": ["artwork"], "sources": ["osm"], "stations": [{"stopCode": 52, "lines": "1,2", "name": "Pioneer Square Station", "walkingMeters": 193, "walkingSeconds": 139, "band": 5}, {"stopCode": 53, "lines": "1,2", "name": "International District Station", "walkingMeters": 726, "walkingSeconds": 523, "band": 10}, {"stopCode": 51, "lines": "1,2", "name": "Symphony Station", "walkingMeters": 791, "walkingSeconds": 570, "band": 10}, {"stopCode": 50, "lines": "1,2", "name": "Westlake Station", "walkingMeters": 1127, "walkingSeconds": 811, "band": 15}]}, "geometry": {"type": "Point", "coordinates": [-122.3300154, 47.6037255]}}, {"type": "Feature", "properties": {"id": 3211770124, "name": "illumine", "category": "artwork", "tags": ["artwork"], "sources": ["osm"], "stations": [{"stopCode": 52, "lines": "1,2", "name": "Pioneer Square Station", "walkingMeters": 210, "walkingSeconds": 151, "band": 5}, {"stopCode": 51, "lines": "1,2", "name": "Symphony Station", "walkingMeters": 699, "walkingSeconds": 503, "band": 10}, {"stopCode": 53, "lines": "1,2", "name": "International District Station", "walkingMeters": 743, "walkingSeconds": 535, "band": 10}, {"stopCode": 50, "lines": "1,2", "name": "Westlake Station", "walkingMeters": 1034, "walkingSeconds": 745, "band": 15}]}, "geometry": {"type": "Point", "coordinates": [-122.33055, 47.603867]}}, {"type": "Feature", "properties": {"id": 3211770125, "name": "Hatch Covers", "category": "artwork", "tags": ["artwork"], "sources": ["osm"], "stations": [{"stopCode": 52, "lines": "1,2", "name": "Pioneer Square Station", "walkingMeters": 216, "walkingSeconds": 155, "band": 5}, {"stopCode": 51, "lines": "1,2", "name": "Symphony Station", "walkingMeters": 675, "walkingSeconds": 488, "band": 10}, {"stopCode": 53, "lines": "1,2", "name": "International District Station", "walkingMeters": 757, "walkingSeconds": 545, "band": 10}, {"stopCode": 50, "lines": "1,2", "name": "Westlake Station", "walkingMeters": 1024, "walkingSeconds": 737, "band": 15}]}, "geometry": {"type": "Point", "coordinates": [-122.330833, 47.6039]}}, {"type": "Feature", "properties": {"id": "e8eae134-34d7-4297-b5f9-917cdb99f193", "name": "Points of View", "category": "museum", "tags": ["museum", "science"], "sources": ["overture"], "website": "http://www.seattle.gov/arts", "phone": "+12066847171", "address": "600 4th Ave", "stations": [{"stopCode": 52, "lines": "1,2", "name": "Pioneer Square Station", "walkingMeters": 409, "walkingSeconds": 294, "band": 5}, {"stopCode": 51, "lines": "1,2", "name": "Symphony Station", "walkingMeters": 703, "walkingSeconds": 506, "band": 10}, {"stopCode": 53, "lines": "1,2", "name": "International District Station", "walkingMeters": 855, "walkingSeconds": 615, "band": 15}, {"stopCode": 50, "lines": "1,2", "name": "Westlake Station", "walkingMeters": 945, "walkingSeconds": 680, "band": 15}]}, "geometry": {"type": "Point", "coordinates": [-122.3308945, 47.6047096]}}, {"type": "Feature", "properties": {"id": 3211770141, "name": "Three Piece Sculpture #3: Vertebrae", "category": "artwork", "tags": ["artwork"], "sources": ["osm"], "address": "1001 4th Avenue", "stations": [{"stopCode": 51, "lines": "1,2", "name": "Symphony Station", "walkingMeters": 347, "walkingSeconds": 250, "band": 5}, {"stopCode": 52, "lines": "1,2", "name": "Pioneer Square Station", "walkingMeters": 513, "walkingSeconds": 369, "band": 10}, {"stopCode": 50, "lines": "1,2", "name": "Westlake Station", "walkingMeters": 713, "walkingSeconds": 516, "band": 10}, {"stopCode": 53, "lines": "1,2", "name": "International District Station", "walkingMeters": 1073, "walkingSeconds": 772, "band": 15}]}, "geometry": {"type": "Point", "coordinates": [-122.3332822, 47.6061866]}}, {"type": "Feature", "properties": {"id": 3211770142, "name": "Sculptural Screen", "category": "artwork", "tags": ["artwork"], "sources": ["osm"], "stations": [{"stopCode": 51, "lines": "1,2", "name": "Symphony Station", "walkingMeters": 343, "walkingSeconds": 247, "band": 5}, {"stopCode": 52, "lines": "1,2", "name": "Pioneer Square Station", "walkingMeters": 555, "walkingSeconds": 399, "band": 10}, {"stopCode": 50, "lines": "1,2", "name": "Westlake Station", "walkingMeters": 677, "walkingSeconds": 487, "band": 10}, {"stopCode": 53, "lines": "1,2", "name": "International District Station", "walkingMeters": 1098, "walkingSeconds": 790, "band": 15}]}, "geometry": {"type": "Point", "coordinates": [-122.3330768, 47.6065307]}}, {"type": "Feature", "properties": {"id": 3211770143, "name": "Untitled Mural", "category": "artwork", "tags": ["artwork"], "sources": ["osm"], "address": "1111 3rd Avenue", "stations": [{"stopCode": 51, "lines": "1,2", "name": "Symphony Station", "walkingMeters": 233, "walkingSeconds": 168, "band": 5}, {"stopCode": 52, "lines": "1,2", "name": "Pioneer Square Station", "walkingMeters": 524, "walkingSeconds": 377, "band": 10}, {"stopCode": 50, "lines": "1,2", "name": "Westlake Station", "walkingMeters": 762, "walkingSeconds": 548, "band": 10}, {"stopCode": 53, "lines": "1,2", "name": "International District Station", "walkingMeters": 1162, "walkingSeconds": 838, "band": 15}]}, "geometry": {"type": "Point", "coordinates": [-122.3349906, 47.606122]}}, {"type": "Feature", "properties": {"id": 3211770145, "name": "Braincast", "category": "artwork", "tags": ["artwork"], "sources": ["osm"], "stations": [{"stopCode": 51, "lines": "1,2", "name": "Symphony Station", "walkingMeters": 326, "walkingSeconds": 235, "band": 5}, {"stopCode": 52, "lines": "1,2", "name": "Pioneer Square Station", "walkingMeters": 569, "walkingSeconds": 409, "band": 10}, {"stopCode": 50, "lines": "1,2", "name": "Westlake Station", "walkingMeters": 660, "walkingSeconds": 475, "band": 10}, {"stopCode": 53, "lines": "1,2", "name": "International District Station", "walkingMeters": 1112, "walkingSeconds": 800, "band": 15}]}, "geometry": {"type": "Point", "coordinates": [-122.3330437, 47.6067292]}}, {"type": "Feature", "properties": {"id": 3211770147, "name": "Babe, The Phoenix Fairy, and The Magic Grove", "category": "artwork", "tags": ["artwork"], "sources": ["osm"], "stations": [{"stopCode": 51, "lines": "1,2", "name": "Symphony Station", "walkingMeters": 343, "walkingSeconds": 247, "band": 5}, {"stopCode": 52, "lines": "1,2", "name": "Pioneer Square Station", "walkingMeters": 555, "walkingSeconds": 399, "band": 10}, {"stopCode": 50, "lines": "1,2", "name": "Westlake Station", "walkingMeters": 677, "walkingSeconds": 487, "band": 10}, {"stopCode": 53, "lines": "1,2", "name": "International District Station", "walkingMeters": 1098, "walkingSeconds": 790, "band": 15}]}, "geometry": {"type": "Point", "coordinates": [-122.3328684, 47.6065508]}}, {"type": "Feature", "properties": {"id": 3211770148, "name": "Astronomy by Day (and Other Oxymorons)", "category": "artwork", "tags": ["artwork"], "sources": ["osm"], "stations": [{"stopCode": 51, "lines": "1,2", "name": "Symphony Station", "walkingMeters": 424, "walkingSeconds": 305, "band": 10}, {"stopCode": 52, "lines": "1,2", "name": "Pioneer Square Station", "walkingMeters": 622, "walkingSeconds": 447, "band": 10}, {"stopCode": 50, "lines": "1,2", "name": "Westlake Station", "walkingMeters": 664, "walkingSeconds": 478, "band": 10}, {"stopCode": 53, "lines": "1,2", "name": "International District Station", "walkingMeters": 1080, "walkingSeconds": 777, "band": 15}]}, "geometry": {"type": "Point", "coordinates": [-122.3323002, 47.6067879]}}, {"type": "Feature", "properties": {"id": 3211770149, "name": "Making Visible the Invisible", "category": "artwork", "tags": ["artwork"], "sources": ["osm"], "stations": [{"stopCode": 51, "lines": "1,2", "name": "Symphony Station", "walkingMeters": 343, "walkingSeconds": 247, "band": 5}, {"stopCode": 52, "lines": "1,2", "name": "Pioneer Square Station", "walkingMeters": 555, "walkingSeconds": 399, "band": 10}, {"stopCode": 50, "lines": "1,2", "name": "Westlake Station", "walkingMeters": 677, "walkingSeconds": 487, "band": 10}, {"stopCode": 53, "lines": "1,2", "name": "International District Station", "walkingMeters": 1098, "walkingSeconds": 790, "band": 15}]}, "geometry": {"type": "Point", "coordinates": [-122.3329757, 47.6066518]}}, {"type": "Feature", "properties": {"id": 3211770150, "name": "Fountain of Wisdom", "category": "artwork", "tags": ["artwork"], "sources": ["osm"], "address": "1000 4th Avenue", "stations": [{"stopCode": 51, "lines": "1,2", "name": "Symphony Station", "walkingMeters": 374, "walkingSeconds": 269, "band": 5}, {"stopCode": 52, "lines": "1,2", "name": "Pioneer Square Station", "walkingMeters": 520, "walkingSeconds": 374, "band": 10}, {"stopCode": 50, "lines": "1,2", "name": "Westlake Station", "walkingMeters": 707, "walkingSeconds": 509, "band": 10}, {"stopCode": 53, "lines": "1,2", "name": "International District Station", "walkingMeters": 1063, "walkingSeconds": 765, "band": 15}]}, "geometry": {"type": "Point", "coordinates": [-122.332823, 47.6063082]}}, {"type": "Feature", "properties": {"id": 3211770152, "name": "Activity in Growth", "category": "artwork", "tags": ["artwork"], "sources": ["osm"], "stations": [{"stopCode": 51, "lines": "1,2", "name": "Symphony Station", "walkingMeters": 336, "walkingSeconds": 242, "band": 5}, {"stopCode": 52, "lines": "1,2", "name": "Pioneer Square Station", "walkingMeters": 617, "walkingSeconds": 444, "band": 10}, {"stopCode": 50, "lines": "1,2", "name": "Westlake Station", "walkingMeters": 666, "walkingSeconds": 479, "band": 10}, {"stopCode": 53, "lines": "1,2", "name": "International District Station", "walkingMeters": 1159, "walkingSeconds": 834, "band": 15}]}, "geometry": {"type": "Point", "coordinates": [-122.3328636, 47.6067388]}}, {"type": "Feature", "properties": {"id": 3211770153, "name": "Hammering Man", "category": "artwork", "tags": ["artwork", "attraction", "landmark", "historical", "building"], "sources": ["osm", "overture"], "website": "http://samblog.seattleartmuseum.org/2015/09/the-ha", "phone": "+12063431101", "address": "1300 1st Ave", "stations": [{"stopCode": 51, "lines": "1,2", "name": "Symphony Station", "walkingMeters": 198, "walkingSeconds": 143, "band": 5}, {"stopCode": 50, "lines": "1,2", "name": "Westlake Station", "walkingMeters": 702, "walkingSeconds": 505, "band": 10}, {"stopCode": 52, "lines": "1,2", "name": "Pioneer Square Station", "walkingMeters": 880, "walkingSeconds": 633, "band": 15}]}, "geometry": {"type": "Point", "coordinates": [-122.3381247, 47.6070303]}}, {"type": "Feature", "properties": {"id": 3211770159, "name": "Seattle Garden", "category": "artwork", "tags": ["artwork"], "sources": ["osm"], "stations": [{"stopCode": 51, "lines": "1,2", "name": "Symphony Station", "walkingMeters": 378, "walkingSeconds": 272, "band": 5}, {"stopCode": 50, "lines": "1,2", "name": "Westlake Station", "walkingMeters": 676, "walkingSeconds": 487, "band": 10}, {"stopCode": 52, "lines": "1,2", "name": "Pioneer Square Station", "walkingMeters": 1066, "walkingSeconds": 767, "band": 15}]}, "geometry": {"type": "Point", "coordinates": [-122.339867, 47.607433]}}, {"type": "Feature", "properties": {"id": 3211770166, "name": "Skytones", "category": "artwork", "tags": ["artwork"], "sources": ["osm"], "stations": [{"stopCode": 51, "lines": "1,2", "name": "Symphony Station", "walkingMeters": 116, "walkingSeconds": 84, "band": 5}, {"stopCode": 50, "lines": "1,2", "name": "Westlake Station", "walkingMeters": 635, "walkingSeconds": 457, "band": 10}, {"stopCode": 52, "lines": "1,2", "name": "Pioneer Square Station", "walkingMeters": 813, "walkingSeconds": 585, "band": 10}]}, "geometry": {"type": "Point", "coordinates": [-122.3367532, 47.6077759]}}, {"type": "Feature", "properties": {"id": 3403448578, "name": "LEW Floor", "category": "artwork", "tags": ["artwork"], "sources": ["osm"], "stations": [{"stopCode": 51, "lines": "1,2", "name": "Symphony Station", "walkingMeters": 422, "walkingSeconds": 303, "band": 5}, {"stopCode": 52, "lines": "1,2", "name": "Pioneer Square Station", "walkingMeters": 625, "walkingSeconds": 449, "band": 10}, {"stopCode": 50, "lines": "1,2", "name": "Westlake Station", "walkingMeters": 662, "walkingSeconds": 476, "band": 10}, {"stopCode": 53, "lines": "1,2", "name": "International District Station", "walkingMeters": 1083, "walkingSeconds": 779, "band": 15}]}, "geometry": {"type": "Point", "coordinates": [-122.3325955, 47.6066927]}}, {"type": "Feature", "properties": {"id": 3629590794, "name": "New Archetypes", "category": "artwork", "tags": ["artwork"], "sources": ["osm"], "stations": [{"stopCode": 51, "lines": "1,2", "name": "Symphony Station", "walkingMeters": 142, "walkingSeconds": 102, "band": 5}, {"stopCode": 50, "lines": "1,2", "name": "Westlake Station", "walkingMeters": 669, "walkingSeconds": 482, "band": 10}, {"stopCode": 52, "lines": "1,2", "name": "Pioneer Square Station", "walkingMeters": 717, "walkingSeconds": 516, "band": 10}]}, "geometry": {"type": "Point", "coordinates": [-122.3365058, 47.6070112]}}, {"type": "Feature", "properties": {"id": 4118274014, "name": "Sky View Observatory", "category": "attraction", "tags": ["attraction"], "sources": ["osm"], "website": "https://www.skyviewobservatory.com/", "phone": "+1-206-386-5564", "address": "701 5th Avenue", "hours": "10:00-20:00", "stations": [{"stopCode": 52, "lines": "1,2", "name": "Pioneer Square Station", "walkingMeters": 409, "walkingSeconds": 294, "band": 5}, {"stopCode": 51, "lines": "1,2", "name": "Symphony Station", "walkingMeters": 703, "walkingSeconds": 506, "band": 10}, {"stopCode": 53, "lines": "1,2", "name": "International District Station", "walkingMeters": 855, "walkingSeconds": 615, "band": 15}, {"stopCode": 50, "lines": "1,2", "name": "Westlake Station", "walkingMeters": 945, "walkingSeconds": 680, "band": 15}]}, "geometry": {"type": "Point", "coordinates": [-122.3308714, 47.6045392]}}, {"type": "Feature", "properties": {"id": 4147984989, "name": "Seattle Presents", "category": "museum", "tags": ["museum"], "sources": ["osm"], "website": "http://www.seattle.gov/arts/experience/galleries#x54527", "address": "700 5th Avenue", "hours": "Tu 12:00-14:00", "stations": [{"stopCode": 52, "lines": "1,2", "name": "Pioneer Square Station", "walkingMeters": 422, "walkingSeconds": 303, "band": 10}, {"stopCode": 51, "lines": "1,2", "name": "Symphony Station", "walkingMeters": 715, "walkingSeconds": 514, "band": 10}, {"stopCode": 53, "lines": "1,2", "name": "International District Station", "walkingMeters": 853, "walkingSeconds": 614, "band": 15}, {"stopCode": 50, "lines": "1,2", "name": "Westlake Station", "walkingMeters": 934, "walkingSeconds": 680, "band": 15}]}, "geometry": {"type": "Point", "coordinates": [-122.3300364, 47.6050663]}}, {"type": "Feature", "properties": {"id": 4626879391, "name": "Comedy Underground", "category": "attraction", "tags": ["attraction"], "sources": ["osm"], "website": "https://www.comedyunderground.com/", "phone": "+1-206-628-0303", "address": "109 South Washington Street", "stations": [{"stopCode": 52, "lines": "1,2", "name": "Pioneer Square Station", "walkingMeters": 333, "walkingSeconds": 240, "band": 5}, {"stopCode": 53, "lines": "1,2", "name": "International District Station", "walkingMeters": 635, "walkingSeconds": 458, "band": 10}, {"stopCode": 51, "lines": "1,2", "name": "Symphony Station", "walkingMeters": 969, "walkingSeconds": 698, "band": 15}]}, "geometry": {"type": "Point", "coordinates": [-122.333578, 47.6005857]}}, {"type": "Feature", "properties": {"id": 4802016942, "name": "Smith Tower Observatory", "category": "attraction", "tags": ["attraction", "wheelchair-accessible"], "sources": ["osm"], "website": "https://www.smithtower.com/observatory.php", "phone": "+1-206-624-0414", "address": "506 2nd Avenue", "stations": [{"stopCode": 52, "lines": "1,2", "name": "Pioneer Square Station", "walkingMeters": 155, "walkingSeconds": 111, "band": 5}, {"stopCode": 53, "lines": "1,2", "name": "International District Station", "walkingMeters": 605, "walkingSeconds": 437, "band": 10}, {"stopCode": 51, "lines": "1,2", "name": "Symphony Station", "walkingMeters": 799, "walkingSeconds": 575, "band": 10}, {"stopCode": 50, "lines": "1,2", "name": "Westlake Station", "walkingMeters": 1328, "walkingSeconds": 955, "band": 15}]}, "geometry": {"type": "Point", "coordinates": [-122.331868, 47.6020211]}}, {"type": "Feature", "properties": {"id": 7714824318, "name": "Myrkott Pa Reutersvard", "category": "artwork", "tags": ["artwork"], "sources": ["osm"], "stations": [{"stopCode": 52, "lines": "1,2", "name": "Pioneer Square Station", "walkingMeters": 181, "walkingSeconds": 133, "band": 5}, {"stopCode": 53, "lines": "1,2", "name": "International District Station", "walkingMeters": 514, "walkingSeconds": 372, "band": 10}, {"stopCode": 51, "lines": "1,2", "name": "Symphony Station", "walkingMeters": 877, "walkingSeconds": 632, "band": 10}]}, "geometry": {"type": "Point", "coordinates": [-122.3309099, 47.6012639]}}, {"type": "Feature", "properties": {"id": 7714837525, "name": "Efter Reutersvard", "category": "artwork", "tags": ["artwork"], "sources": ["osm"], "stations": [{"stopCode": 52, "lines": "1,2", "name": "Pioneer Square Station", "walkingMeters": 175, "walkingSeconds": 128, "band": 5}, {"stopCode": 53, "lines": "1,2", "name": "International District Station", "walkingMeters": 494, "walkingSeconds": 358, "band": 10}, {"stopCode": 51, "lines": "1,2", "name": "Symphony Station", "walkingMeters": 870, "walkingSeconds": 627, "band": 10}]}, "geometry": {"type": "Point", "coordinates": [-122.3305642, 47.6013085]}}, {"type": "Feature", "properties": {"id": 8930777428, "name": "Adam", "category": "artwork", "tags": ["artwork"], "sources": ["osm"], "stations": [{"stopCode": 51, "lines": "1,2", "name": "Symphony Station", "walkingMeters": 386, "walkingSeconds": 278, "band": 5}, {"stopCode": 52, "lines": "1,2", "name": "Pioneer Square Station", "walkingMeters": 522, "walkingSeconds": 376, "band": 10}, {"stopCode": 50, "lines": "1,2", "name": "Westlake Station", "walkingMeters": 910, "walkingSeconds": 654, "band": 15}, {"stopCode": 53, "lines": "1,2", "name": "International District Station", "walkingMeters": 1043, "walkingSeconds": 758, "band": 15}]}, "geometry": {"type": "Point", "coordinates": [-122.3353829, 47.6051798]}}, {"type": "Feature", "properties": {"id": 8930777429, "name": "What Goes Up Must Come Down", "category": "artwork", "tags": ["artwork"], "sources": ["osm"], "stations": [{"stopCode": 51, "lines": "1,2", "name": "Symphony Station", "walkingMeters": 312, "walkingSeconds": 224, "band": 5}, {"stopCode": 52, "lines": "1,2", "name": "Pioneer Square Station", "walkingMeters": 598, "walkingSeconds": 430, "band": 10}, {"stopCode": 50, "lines": "1,2", "name": "Westlake Station", "walkingMeters": 835, "walkingSeconds": 601, "band": 10}, {"stopCode": 53, "lines": "1,2", "name": "International District Station", "walkingMeters": 1119, "walkingSeconds": 813, "band": 15}]}, "geometry": {"type": "Point", "coordinates": [-122.3359014, 47.6057171]}}, {"type": "Feature", "properties": {"id": 11279647820, "name": "Electric Lascaux", "category": "artwork", "tags": ["artwork"], "sources": ["osm"], "stations": [{"stopCode": 51, "lines": "1,2", "name": "Symphony Station", "walkingMeters": 150, "walkingSeconds": 108, "band": 5}, {"stopCode": 52, "lines": "1,2", "name": "Pioneer Square Station", "walkingMeters": 664, "walkingSeconds": 478, "band": 10}, {"stopCode": 50, "lines": "1,2", "name": "Westlake Station", "walkingMeters": 680, "walkingSeconds": 489, "band": 10}]}, "geometry": {"type": "Point", "coordinates": [-122.3361954, 47.6069752]}}, {"type": "Feature", "properties": {"id": 12690406154, "name": "Cascade", "category": "artwork", "tags": ["artwork"], "sources": ["osm"], "stations": [{"stopCode": 51, "lines": "1,2", "name": "Symphony Station", "walkingMeters": 433, "walkingSeconds": 313, "band": 10}, {"stopCode": 50, "lines": "1,2", "name": "Westlake Station", "walkingMeters": 638, "walkingSeconds": 459, "band": 10}, {"stopCode": 52, "lines": "1,2", "name": "Pioneer Square Station", "walkingMeters": 1007, "walkingSeconds": 724, "band": 15}]}, "geometry": {"type": "Point", "coordinates": [-122.3314151, 47.6092711]}}, {"type": "Feature", "properties": {"id": 13166734613, "name": "Honoring Our Muckleshoot Warriors", "category": "artwork", "tags": ["artwork"], "sources": ["osm"], "stations": [{"stopCode": 52, "lines": "1,2", "name": "Pioneer Square Station", "walkingMeters": 568, "walkingSeconds": 408, "band": 10}, {"stopCode": 51, "lines": "1,2", "name": "Symphony Station", "walkingMeters": 825, "walkingSeconds": 597, "band": 10}, {"stopCode": 53, "lines": "1,2", "name": "International District Station", "walkingMeters": 1032, "walkingSeconds": 752, "band": 15}, {"stopCode": 50, "lines": "1,2", "name": "Westlake Station", "walkingMeters": 1347, "walkingSeconds": 973, "band": 15}]}, "geometry": {"type": "Point", "coordinates": [-122.3372991, 47.6024828]}}, {"type": "Feature", "properties": {"id": 13768625383, "name": "Hiba Jameel", "category": "gallery", "tags": ["gallery"], "sources": ["osm"], "website": "https://www.hibajameel.com/", "address": "216 Alaskan Way South", "stations": [{"stopCode": 52, "lines": "1,2", "name": "Pioneer Square Station", "walkingMeters": 524, "walkingSeconds": 377, "band": 10}, {"stopCode": 53, "lines": "1,2", "name": "International District Station", "walkingMeters": 758, "walkingSeconds": 547, "band": 10}, {"stopCode": 51, "lines": "1,2", "name": "Symphony Station", "walkingMeters": 1070, "walkingSeconds": 770, "band": 15}]}, "geometry": {"type": "Point", "coordinates": [-122.3353807, 47.6003469]}}, {"type": "Feature", "properties": {"id": 13859170196, "name": "Grandmother Frog", "category": "artwork", "tags": ["artwork"], "sources": ["osm"], "stations": [{"stopCode": 52, "lines": "1,2", "name": "Pioneer Square Station", "walkingMeters": 162, "walkingSeconds": 118, "band": 5}, {"stopCode": 53, "lines": "1,2", "name": "International District Station", "walkingMeters": 553, "walkingSeconds": 400, "band": 10}, {"stopCode": 51, "lines": "1,2", "name": "Symphony Station", "walkingMeters": 850, "walkingSeconds": 612, "band": 10}]}, "geometry": {"type": "Point", "coordinates": [-122.3316384, 47.6016085]}}, {"type": "Feature", "properties": {"id": 37056442, "name": "The Seattle Public Library - Central Library", "category": "attraction", "tags": ["attraction", "wheelchair-accessible", "air-conditioned", "wifi", "library"], "sources": ["osm"], "website": "https://www.spl.org/hours-and-locations/central-library", "phone": "+1-206-386-4636", "address": "1000 4th Avenue", "hours": "Tu-Th 10:00-20:00; Fr-Mo 10:00-18:00", "stations": [{"stopCode": 51, "lines": "1,2", "name": "Symphony Station", "walkingMeters": 419, "walkingSeconds": 302, "band": 5}, {"stopCode": 52, "lines": "1,2", "name": "Pioneer Square Station", "walkingMeters": 627, "walkingSeconds": 451, "band": 10}, {"stopCode": 50, "lines": "1,2", "name": "Westlake Station", "walkingMeters": 659, "walkingSeconds": 474, "band": 10}, {"stopCode": 53, "lines": "1,2", "name": "International District Station", "walkingMeters": 1085, "walkingSeconds": 781, "band": 15}]}, "geometry": {"type": "Point", "coordinates": [-122.3326524, 47.6066916]}}, {"type": "Feature", "properties": {"id": 52781879, "name": "Pioneer Square", "category": "attraction", "tags": ["attraction", "wheelchair-accessible", "park"], "sources": ["osm"], "website": "https://www.seattle.gov/parks/allparks/pioneer-square", "stations": [{"stopCode": 52, "lines": "1,2", "name": "Pioneer Square Station", "walkingMeters": 249, "walkingSeconds": 179, "band": 5}, {"stopCode": 53, "lines": "1,2", "name": "International District Station", "walkingMeters": 732, "walkingSeconds": 533, "band": 10}, {"stopCode": 51, "lines": "1,2", "name": "Symphony Station", "walkingMeters": 802, "walkingSeconds": 577, "band": 10}, {"stopCode": 50, "lines": "1,2", "name": "Westlake Station", "walkingMeters": 1327, "walkingSeconds": 955, "band": 15}]}, "geometry": {"type": "Point", "coordinates": [-122.3338227, 47.6021431]}}, {"type": "Feature", "properties": {"id": 52782041, "name": "Pioneer Square Pergola", "category": "attraction", "tags": ["attraction", "wheelchair-accessible", "landmark", "historical", "building"], "sources": ["osm", "overture"], "website": "http://www.pioneer-building.com", "address": "1st Ave & Yesler Wy", "stations": [{"stopCode": 52, "lines": "1,2", "name": "Pioneer Square Station", "walkingMeters": 250, "walkingSeconds": 180, "band": 5}, {"stopCode": 53, "lines": "1,2", "name": "International District Station", "walkingMeters": 734, "walkingSeconds": 533, "band": 10}, {"stopCode": 51, "lines": "1,2", "name": "Symphony Station", "walkingMeters": 848, "walkingSeconds": 610, "band": 10}]}, "geometry": {"type": "Point", "coordinates": [-122.3339231, 47.6018606]}}, {"type": "Feature", "properties": {"id": 332591271, "name": "Prefontaine Fountain", "category": "artwork", "tags": ["artwork"], "sources": ["osm"], "stations": [{"stopCode": 52, "lines": "1,2", "name": "Pioneer Square Station", "walkingMeters": 90, "walkingSeconds": 67, "band": 5}, {"stopCode": 53, "lines": "1,2", "name": "International District Station", "walkingMeters": 579, "walkingSeconds": 418, "band": 10}, {"stopCode": 51, "lines": "1,2", "name": "Symphony Station", "walkingMeters": 785, "walkingSeconds": 566, "band": 10}, {"stopCode": 50, "lines": "1,2", "name": "Westlake Station", "walkingMeters": 1314, "walkingSeconds": 946, "band": 15}]}, "geometry": {"type": "Point", "coordinates": [-122.3308364, 47.6018654]}}, {"type": "Feature", "properties": {"id": 332946377, "name": "Naramore Fountain", "category": "artwork", "tags": ["artwork"], "sources": ["osm"], "stations": [{"stopCode": 51, "lines": "1,2", "name": "Symphony Station", "walkingMeters": 418, "walkingSeconds": 301, "band": 10}, {"stopCode": 50, "lines": "1,2", "name": "Westlake Station", "walkingMeters": 633, "walkingSeconds": 458, "band": 10}, {"stopCode": 52, "lines": "1,2", "name": "Pioneer Square Station", "walkingMeters": 846, "walkingSeconds": 609, "band": 15}]}, "geometry": {"type": "Point", "coordinates": [-122.3316159, 47.6082822]}}, {"type": "Feature", "properties": {"id": "f60f1161-f361-42a3-9367-76e48ee7704b", "name": "Milagros Mexican Folk Art", "category": "gallery", "tags": ["gallery", "art"], "sources": ["overture"], "website": "https://milagrosseattle.com", "phone": "12066231766", "address": "1409 1st Ave", "stations": [{"stopCode": 52, "lines": "1,2", "name": "Pioneer Square Station", "walkingMeters": 325, "walkingSeconds": 243, "band": 5}, {"stopCode": 53, "lines": "1,2", "name": "International District Station", "walkingMeters": 698, "walkingSeconds": 521, "band": 10}, {"stopCode": 51, "lines": "1,2", "name": "Symphony Station", "walkingMeters": 985, "walkingSeconds": 735, "band": 15}]}, "geometry": {"type": "Point", "coordinates": [-122.3338242, 47.601162]}}, {"type": "Feature", "properties": {"id": "c6c5722f-a8f8-4eae-bcf3-fb7aa8c62ef5", "name": "Woodside Braseth Gallery", "category": "gallery", "tags": ["gallery", "art"], "sources": ["overture"], "website": "http://www.woodsidebrasethgallery.com/", "phone": "+12066227243", "address": "1201 Western Ave #105", "stations": [{"stopCode": 51, "lines": "1,2", "name": "Symphony Station", "walkingMeters": 369, "walkingSeconds": 266, "band": 5}, {"stopCode": 50, "lines": "1,2", "name": "Westlake Station", "walkingMeters": 882, "walkingSeconds": 635, "band": 10}, {"stopCode": 52, "lines": "1,2", "name": "Pioneer Square Station", "walkingMeters": 911, "walkingSeconds": 655, "band": 15}]}, "geometry": {"type": "Point", "coordinates": [-122.339035, 47.6059227]}}, {"type": "Feature", "properties": {"id": "1c777a76-25b5-4600-9ff7-041df84e2e73", "name": "Alaskan Way Seawall", "category": "attraction", "tags": ["attraction", "landmark", "historical", "building"], "sources": ["overture"], "address": "1099 Alaskan Wy", "stations": [{"stopCode": 51, "lines": "1,2", "name": "Symphony Station", "walkingMeters": 572, "walkingSeconds": 427, "band": 10}, {"stopCode": 52, "lines": "1,2", "name": "Pioneer Square Station", "walkingMeters": 817, "walkingSeconds": 610, "band": 10}, {"stopCode": 50, "lines": "1,2", "name": "Westlake Station", "walkingMeters": 1056, "walkingSeconds": 788, "band": 15}]}, "geometry": {"type": "Point", "coordinates": [-122.339119, 47.6044464]}}, {"type": "Feature", "properties": {"id": "1d39d459-4837-46db-8a2a-84f49553edc3", "name": "Burgandy Viscosi Gallery", "category": "gallery", "tags": ["gallery", "art"], "sources": ["overture"], "website": "https://www.burgandyviscosi.com", "address": "1101 Alaskan Wy Unit 104", "stations": [{"stopCode": 51, "lines": "1,2", "name": "Symphony Station", "walkingMeters": 541, "walkingSeconds": 391, "band": 10}, {"stopCode": 52, "lines": "1,2", "name": "Pioneer Square Station", "walkingMeters": 866, "walkingSeconds": 622, "band": 10}, {"stopCode": 50, "lines": "1,2", "name": "Westlake Station", "walkingMeters": 1056, "walkingSeconds": 764, "band": 15}]}, "geometry": {"type": "Point", "coordinates": [-122.3395081, 47.6047897]}}, {"type": "Feature", "properties": {"id": "bf414686-f01b-4516-a9a2-afbe24793add", "name": "1521 Second Avenue", "category": "attraction", "tags": ["attraction", "landmark", "historical", "building"], "sources": ["overture"], "website": "http://www.1521Second.com/", "phone": "+12064641521", "address": "1521 2nd Ave", "stations": [{"stopCode": 50, "lines": "1,2", "name": "Westlake Station", "walkingMeters": 346, "walkingSeconds": 250, "band": 5}, {"stopCode": 51, "lines": "1,2", "name": "Symphony Station", "walkingMeters": 427, "walkingSeconds": 310, "band": 5}, {"stopCode": 52, "lines": "1,2", "name": "Pioneer Square Station", "walkingMeters": 1121, "walkingSeconds": 809, "band": 15}]}, "geometry": {"type": "Point", "coordinates": [-122.3397141, 47.6096954]}}, {"type": "Feature", "properties": {"id": "7d9da2c4-ebcd-4af8-be4c-cb6513f7b135", "name": "Pike St. Seattle, Washington", "category": "attraction", "tags": ["attraction", "landmark", "historical", "building"], "sources": ["overture"], "stations": [{"stopCode": 51, "lines": "1,2", "name": "Symphony Station", "walkingMeters": 421, "walkingSeconds": 314, "band": 5}, {"stopCode": 50, "lines": "1,2", "name": "Westlake Station", "walkingMeters": 490, "walkingSeconds": 366, "band": 5}, {"stopCode": 52, "lines": "1,2", "name": "Pioneer Square Station", "walkingMeters": 1261, "walkingSeconds": 941, "band": 15}]}, "geometry": {"type": "Point", "coordinates": [-122.3399734, 47.6089859]}}, {"type": "Feature", "properties": {"id": "e10ea845-6b0c-45e6-a906-1292056c3286", "name": "Modernist Cuisine Gallery By Nathan Myhrvold", "category": "gallery", "tags": ["gallery", "art"], "sources": ["overture"], "website": "https://www.modernistcuisinegallery.com", "phone": "2066231226", "address": "1403 1st Ave", "stations": [{"stopCode": 51, "lines": "1,2", "name": "Symphony Station", "walkingMeters": 336, "walkingSeconds": 251, "band": 5}, {"stopCode": 50, "lines": "1,2", "name": "Westlake Station", "walkingMeters": 589, "walkingSeconds": 440, "band": 10}, {"stopCode": 52, "lines": "1,2", "name": "Pioneer Square Station", "walkingMeters": 1118, "walkingSeconds": 834, "band": 15}]}, "geometry": {"type": "Point", "coordinates": [-122.3394623, 47.6079407]}}, {"type": "Feature", "properties": {"id": "7072db4c-6c92-429d-9884-6c101c683191", "name": "98 Union Condominium", "category": "attraction", "tags": ["attraction", "landmark", "historical", "building"], "sources": ["overture"], "website": "https://www.highrises.com/seattle/98-union-condos", "phone": "+12066249923", "address": "98 Union St", "stations": [{"stopCode": 51, "lines": "1,2", "name": "Symphony Station", "walkingMeters": 403, "walkingSeconds": 290, "band": 5}, {"stopCode": 50, "lines": "1,2", "name": "Westlake Station", "walkingMeters": 624, "walkingSeconds": 453, "band": 10}, {"stopCode": 52, "lines": "1,2", "name": "Pioneer Square Station", "walkingMeters": 1070, "walkingSeconds": 770, "band": 15}]}, "geometry": {"type": "Point", "coordinates": [-122.3396759, 47.6078339]}}, {"type": "Feature", "properties": {"id": "e4a71da4-1eb8-4f58-a461-f5ec12354308", "name": "Marketside Flats", "category": "attraction", "tags": ["attraction", "landmark", "historical", "building"], "sources": ["overture"], "website": "https://www.marketsideflats.com", "phone": "+14256333330", "address": "84 Union St", "stations": [{"stopCode": 51, "lines": "1,2", "name": "Symphony Station", "walkingMeters": 395, "walkingSeconds": 284, "band": 5}, {"stopCode": 50, "lines": "1,2", "name": "Westlake Station", "walkingMeters": 632, "walkingSeconds": 459, "band": 10}, {"stopCode": 52, "lines": "1,2", "name": "Pioneer Square Station", "walkingMeters": 1062, "walkingSeconds": 764, "band": 15}]}, "geometry": {"type": "Point", "coordinates": [-122.3398209, 47.6076889]}}, {"type": "Feature", "properties": {"id": "0d46b3fb-7b01-4a56-876c-8cf34617deed", "name": "AMLI Waterfront", "category": "attraction", "tags": ["attraction", "landmark", "historical", "building"], "sources": ["overture"], "website": "https://www.amli.com/apartments/seattle/downtown-seattle-apartments/amli-waterfront?switch_code=58700&utm_source=facebook&utm_medium=organic&utm_campaign=waterfront", "phone": "+18662615387", "address": "50 University St", "stations": [{"stopCode": 51, "lines": "1,2", "name": "Symphony Station", "walkingMeters": 345, "walkingSeconds": 248, "band": 5}, {"stopCode": 50, "lines": "1,2", "name": "Westlake Station", "walkingMeters": 846, "walkingSeconds": 609, "band": 10}, {"stopCode": 52, "lines": "1,2", "name": "Pioneer Square Station", "walkingMeters": 999, "walkingSeconds": 718, "band": 15}]}, "geometry": {"type": "Point", "coordinates": [-122.3398132, 47.6063499]}}, {"type": "Feature", "properties": {"id": "2f1647da-da1a-442c-8505-4557e2592c9a", "name": "Tidelands", "category": "gallery", "tags": ["gallery", "art"], "sources": ["overture"], "website": "https://www.thisistidelands.com/", "phone": "+12064531011", "address": "55 University St", "stations": [{"stopCode": 51, "lines": "1,2", "name": "Symphony Station", "walkingMeters": 345, "walkingSeconds": 248, "band": 5}, {"stopCode": 50, "lines": "1,2", "name": "Westlake Station", "walkingMeters": 852, "walkingSeconds": 613, "band": 10}, {"stopCode": 52, "lines": "1,2", "name": "Pioneer Square Station", "walkingMeters": 972, "walkingSeconds": 699, "band": 15}]}, "geometry": {"type": "Point", "coordinates": [-122.339447, 47.6061058]}}, {"type": "Feature", "properties": {"id": "80c733db-2264-4af2-8728-361d039e2af5", "name": "M.I.A Gallery", "category": "gallery", "tags": ["gallery", "art"], "sources": ["overture"], "website": "http://www.m-i-a-gallery.com", "phone": "(206) 467-4927", "address": "1203 2nd Ave", "stations": [{"stopCode": 51, "lines": "1,2", "name": "Symphony Station", "walkingMeters": 199, "walkingSeconds": 143, "band": 5}, {"stopCode": 52, "lines": "1,2", "name": "Pioneer Square Station", "walkingMeters": 708, "walkingSeconds": 510, "band": 10}, {"stopCode": 50, "lines": "1,2", "name": "Westlake Station", "walkingMeters": 722, "walkingSeconds": 520, "band": 10}]}, "geometry": {"type": "Point", "coordinates": [-122.3366699, 47.6065941]}}, {"type": "Feature", "properties": {"id": "373fbff8-0bfc-4f3f-ae60-ac0b71920576", "name": "R E Welch Gallery", "category": "gallery", "tags": ["gallery", "art"], "sources": ["overture"], "website": "http://www.rewelch.com/", "phone": "(206) 264-8141", "address": "1214 1st Ave", "stations": [{"stopCode": 51, "lines": "1,2", "name": "Symphony Station", "walkingMeters": 246, "walkingSeconds": 177, "band": 5}, {"stopCode": 50, "lines": "1,2", "name": "Westlake Station", "walkingMeters": 766, "walkingSeconds": 551, "band": 10}, {"stopCode": 52, "lines": "1,2", "name": "Pioneer Square Station", "walkingMeters": 905, "walkingSeconds": 651, "band": 10}]}, "geometry": {"type": "Point", "coordinates": [-122.3374481, 47.6065178]}}, {"type": "Feature", "properties": {"id": "00c9d8b9-8b66-48b6-83b1-0ddcadb61877", "name": "1111 Third Avenue", "category": "attraction", "tags": ["attraction", "landmark", "historical", "building"], "sources": ["overture"], "website": "http://www.skyscrapercenter.com/building.php?building_id=9679", "phone": "+12067497300", "address": "1111 3rd Ave", "stations": [{"stopCode": 51, "lines": "1,2", "name": "Symphony Station", "walkingMeters": 142, "walkingSeconds": 102, "band": 5}, {"stopCode": 52, "lines": "1,2", "name": "Pioneer Square Station", "walkingMeters": 571, "walkingSeconds": 411, "band": 10}, {"stopCode": 50, "lines": "1,2", "name": "Westlake Station", "walkingMeters": 672, "walkingSeconds": 483, "band": 10}, {"stopCode": 53, "lines": "1,2", "name": "International District Station", "walkingMeters": 1209, "walkingSeconds": 872, "band": 15}]}, "geometry": {"type": "Point", "coordinates": [-122.3352966, 47.6067085]}}, {"type": "Feature", "properties": {"id": "b7309cd4-2b1f-40c9-8f57-f4f50cb1ba69", "name": "Seattle Tower", "category": "attraction", "tags": ["attraction", "landmark", "historical", "building"], "sources": ["overture"], "website": "https://www.eventseeker.com/venue/790556-seattle-tower-seattle", "address": "1218 3rd Ave", "stations": [{"stopCode": 51, "lines": "1,2", "name": "Symphony Station", "walkingMeters": 55, "walkingSeconds": 39, "band": 5}, {"stopCode": 50, "lines": "1,2", "name": "Westlake Station", "walkingMeters": 506, "walkingSeconds": 366, "band": 10}, {"stopCode": 52, "lines": "1,2", "name": "Pioneer Square Station", "walkingMeters": 724, "walkingSeconds": 521, "band": 10}]}, "geometry": {"type": "Point", "coordinates": [-122.3354263, 47.607811]}}, {"type": "Feature", "properties": {"id": "6a9f84db-b205-4e3f-b5ab-8dbf707facae", "name": "Garden of Remembrance", "category": "attraction", "tags": ["attraction", "monument"], "sources": ["overture"], "website": "http://landscapevoice.com/garden-of-remembrance", "address": "200 University St", "stations": [{"stopCode": 51, "lines": "1,2", "name": "Symphony Station", "walkingMeters": 131, "walkingSeconds": 94, "band": 5}, {"stopCode": 50, "lines": "1,2", "name": "Westlake Station", "walkingMeters": 561, "walkingSeconds": 404, "band": 10}, {"stopCode": 52, "lines": "1,2", "name": "Pioneer Square Station", "walkingMeters": 828, "walkingSeconds": 596, "band": 10}]}, "geometry": {"type": "Point", "coordinates": [-122.336998, 47.6080322]}}, {"type": "Feature", "properties": {"id": "912794eb-96ae-41cf-a759-7bd778487b70", "name": "The Porcelain Room", "category": "museum", "tags": ["museum"], "sources": ["overture"], "address": "1300 1st Ave", "stations": [{"stopCode": 51, "lines": "1,2", "name": "Symphony Station", "walkingMeters": 155, "walkingSeconds": 112, "band": 5}, {"stopCode": 50, "lines": "1,2", "name": "Westlake Station", "walkingMeters": 670, "walkingSeconds": 482, "band": 10}, {"stopCode": 52, "lines": "1,2", "name": "Pioneer Square Station", "walkingMeters": 837, "walkingSeconds": 602, "band": 10}]}, "geometry": {"type": "Point", "coordinates": [-122.3378677, 47.6072922]}}, {"type": "Feature", "properties": {"id": "5f5b128d-0398-4f2a-bb07-db0471506390", "name": "SAM Educators", "category": "museum", "tags": ["museum"], "sources": ["overture"], "website": "http://www.seattleartmuseum.org/educators", "phone": "+12066543186", "address": "1300 1st Ave", "stations": [{"stopCode": 51, "lines": "1,2", "name": "Symphony Station", "walkingMeters": 232, "walkingSeconds": 173, "band": 5}, {"stopCode": 50, "lines": "1,2", "name": "Westlake Station", "walkingMeters": 655, "walkingSeconds": 489, "band": 10}, {"stopCode": 52, "lines": "1,2", "name": "Pioneer Square Station", "walkingMeters": 951, "walkingSeconds": 710, "band": 15}]}, "geometry": {"type": "Point", "coordinates": [-122.3381958, 47.6071548]}}, {"type": "Feature", "properties": {"id": "a038e3c9-84f4-47e0-b079-af83a8c4d5c9", "name": "Rental Sales Gallery Seattle Art Museum", "category": "gallery", "tags": ["gallery", "art"], "sources": ["overture"], "website": "http://www.seattleartmuseum.org/visit/shops#gal", "phone": "+12063431101", "address": "1300 1st Ave", "stations": [{"stopCode": 51, "lines": "1,2", "name": "Symphony Station", "walkingMeters": 247, "walkingSeconds": 178, "band": 5}, {"stopCode": 50, "lines": "1,2", "name": "Westlake Station", "walkingMeters": 653, "walkingSeconds": 470, "band": 10}, {"stopCode": 52, "lines": "1,2", "name": "Pioneer Square Station", "walkingMeters": 928, "walkingSeconds": 668, "band": 15}]}, "geometry": {"type": "Point", "coordinates": [-122.33815, 47.6072197]}}, {"type": "Feature", "properties": {"id": "8346e38e-d06a-4543-af5b-a64d48ed42eb", "name": "SAM Shop and Gallery", "category": "gallery", "tags": ["gallery", "art"], "sources": ["overture"], "website": "http://www.seattleartmuseum.org/store/store.asp", "phone": "+12063431101", "address": "1300 1st Ave", "stations": [{"stopCode": 51, "lines": "1,2", "name": "Symphony Station", "walkingMeters": 214, "walkingSeconds": 154, "band": 5}, {"stopCode": 50, "lines": "1,2", "name": "Westlake Station", "walkingMeters": 713, "walkingSeconds": 513, "band": 10}, {"stopCode": 52, "lines": "1,2", "name": "Pioneer Square Station", "walkingMeters": 895, "walkingSeconds": 644, "band": 15}]}, "geometry": {"type": "Point", "coordinates": [-122.3380051, 47.6073456]}}, {"type": "Feature", "properties": {"id": "f23649d4-ae00-4cef-9f3e-5400bd400dc1", "name": "SAM Remix", "category": "museum", "tags": ["museum", "art"], "sources": ["overture"], "website": "http://www.seattleartmuseum.org/visit/shops", "phone": "(206) 654-3100", "address": "1300 1st Ave", "stations": [{"stopCode": 51, "lines": "1,2", "name": "Symphony Station", "walkingMeters": 240, "walkingSeconds": 173, "band": 5}, {"stopCode": 50, "lines": "1,2", "name": "Westlake Station", "walkingMeters": 660, "walkingSeconds": 475, "band": 10}, {"stopCode": 52, "lines": "1,2", "name": "Pioneer Square Station", "walkingMeters": 922, "walkingSeconds": 663, "band": 15}]}, "geometry": {"type": "Point", "coordinates": [-122.3384476, 47.607338]}}, {"type": "Feature", "properties": {"id": "4b715c65-36b8-4751-9cf2-23784f840ee1", "name": "Newmark Tower", "category": "attraction", "tags": ["attraction", "landmark", "historical", "building"], "sources": ["overture"], "website": "http://www.newmarktower.com/", "phone": "+12066242808", "address": "1415 2nd Ave", "stations": [{"stopCode": 51, "lines": "1,2", "name": "Symphony Station", "walkingMeters": 331, "walkingSeconds": 238, "band": 5}, {"stopCode": 50, "lines": "1,2", "name": "Westlake Station", "walkingMeters": 410, "walkingSeconds": 296, "band": 5}, {"stopCode": 52, "lines": "1,2", "name": "Pioneer Square Station", "walkingMeters": 1024, "walkingSeconds": 737, "band": 15}]}, "geometry": {"type": "Point", "coordinates": [-122.3388901, 47.6090164]}}, {"type": "Feature", "properties": {"id": "b21ae1c3-99f6-4c6d-91f3-3e51d4231b8a", "name": "West Edge Apartments", "category": "attraction", "tags": ["attraction", "landmark", "historical", "building"], "sources": ["overture"], "website": "https://www.weseattle.com/", "phone": "+12065457453", "address": "1430 2nd Ave", "stations": [{"stopCode": 51, "lines": "1,2", "name": "Symphony Station", "walkingMeters": 297, "walkingSeconds": 214, "band": 5}, {"stopCode": 50, "lines": "1,2", "name": "Westlake Station", "walkingMeters": 404, "walkingSeconds": 290, "band": 5}, {"stopCode": 52, "lines": "1,2", "name": "Pioneer Square Station", "walkingMeters": 990, "walkingSeconds": 713, "band": 15}]}, "geometry": {"type": "Point", "coordinates": [-122.338501, 47.6090469]}}, {"type": "Feature", "properties": {"id": "c887d652-54f2-4a19-bae9-0ed51d458416", "name": "Nii Modo", "category": "gallery", "tags": ["gallery", "art"], "sources": ["overture"], "website": "http://rxfest.eventbrite.com/", "phone": "+12069557999", "address": "1404 3rd Ave", "stations": [{"stopCode": 51, "lines": "1,2", "name": "Symphony Station", "walkingMeters": 178, "walkingSeconds": 128, "band": 5}, {"stopCode": 50, "lines": "1,2", "name": "Westlake Station", "walkingMeters": 354, "walkingSeconds": 254, "band": 5}, {"stopCode": 52, "lines": "1,2", "name": "Pioneer Square Station", "walkingMeters": 874, "walkingSeconds": 629, "band": 15}]}, "geometry": {"type": "Point", "coordinates": [-122.3370209, 47.6094284]}}, {"type": "Feature", "properties": {"id": "19074b9c-1a90-437e-b2ec-69f059efcda4", "name": "The Residences at Rainier Square", "category": "attraction", "tags": ["attraction", "landmark", "historical", "building"], "sources": ["overture"], "website": "https://www.liverainiersquare.com/", "phone": "+18335791334", "address": "1340 4th Ave", "stations": [{"stopCode": 51, "lines": "1,2", "name": "Symphony Station", "walkingMeters": 219, "walkingSeconds": 163, "band": 5}, {"stopCode": 50, "lines": "1,2", "name": "Westlake Station", "walkingMeters": 373, "walkingSeconds": 278, "band": 5}, {"stopCode": 52, "lines": "1,2", "name": "Pioneer Square Station", "walkingMeters": 1036, "walkingSeconds": 773, "band": 15}]}, "geometry": {"type": "Point", "coordinates": [-122.3351669, 47.609211]}}, {"type": "Feature", "properties": {"id": "39aa4ed6-1b8c-46b7-92c2-c6941d640628", "name": "Museum of Illusions - Seattle", "category": "museum", "tags": ["museum"], "sources": ["overture"], "website": "https://moiseattle.com/?utm_source=fb&utm_medium=website", "phone": "+12068885424", "address": "1330 5th Ave", "stations": [{"stopCode": 50, "lines": "1,2", "name": "Westlake Station", "walkingMeters": 303, "walkingSeconds": 220, "band": 5}, {"stopCode": 51, "lines": "1,2", "name": "Symphony Station", "walkingMeters": 316, "walkingSeconds": 227, "band": 5}, {"stopCode": 52, "lines": "1,2", "name": "Pioneer Square Station", "walkingMeters": 988, "walkingSeconds": 715, "band": 15}]}, "geometry": {"type": "Point", "coordinates": [-122.3344498, 47.6096306]}}, {"type": "Feature", "properties": {"id": "56fd8524-de36-4e2e-8354-8e7225165f2f", "name": "Rainier Tower", "category": "attraction", "tags": ["attraction", "landmark", "historical", "building"], "sources": ["overture"], "website": "http://www.rainiertitle.com", "phone": "+12065823914", "address": "1301 5th Ave", "stations": [{"stopCode": 51, "lines": "1,2", "name": "Symphony Station", "walkingMeters": 249, "walkingSeconds": 179, "band": 5}, {"stopCode": 50, "lines": "1,2", "name": "Westlake Station", "walkingMeters": 350, "walkingSeconds": 252, "band": 5}, {"stopCode": 52, "lines": "1,2", "name": "Pioneer Square Station", "walkingMeters": 931, "walkingSeconds": 670, "band": 15}]}, "geometry": {"type": "Point", "coordinates": [-122.3342743, 47.6090164]}}, {"type": "Feature", "properties": {"id": "0945c270-8151-4416-9b84-ed07e7edc96a", "name": "Jeffrey Moose Gallery", "category": "gallery", "tags": ["gallery", "art"], "sources": ["overture"], "website": "https://www.jeffreymoosegallery.com", "phone": "2064676951", "address": "1333 5th Ave  # 2", "stations": [{"stopCode": 51, "lines": "1,2", "name": "Symphony Station", "walkingMeters": 256, "walkingSeconds": 184, "band": 5}, {"stopCode": 50, "lines": "1,2", "name": "Westlake Station", "walkingMeters": 343, "walkingSeconds": 246, "band": 5}, {"stopCode": 52, "lines": "1,2", "name": "Pioneer Square Station", "walkingMeters": 938, "walkingSeconds": 675, "band": 15}]}, "geometry": {"type": "Point", "coordinates": [-122.3345413, 47.6091843]}}, {"type": "Feature", "properties": {"id": "55ca9431-f75d-47d0-a364-9e619acb110b", "name": "The Cobb Apartments", "category": "attraction", "tags": ["attraction", "landmark", "historical", "building"], "sources": ["overture"], "website": "http://cobbapartments.com/?utm_source=organicsocial&utm_medium=social&utm_campaign=general", "phone": "+18773095775", "address": "1301 4th Ave", "stations": [{"stopCode": 51, "lines": "1,2", "name": "Symphony Station", "walkingMeters": 45, "walkingSeconds": 32, "band": 5}, {"stopCode": 50, "lines": "1,2", "name": "Westlake Station", "walkingMeters": 490, "walkingSeconds": 355, "band": 10}, {"stopCode": 52, "lines": "1,2", "name": "Pioneer Square Station", "walkingMeters": 741, "walkingSeconds": 533, "band": 10}]}, "geometry": {"type": "Point", "coordinates": [-122.3357697, 47.608223]}}, {"type": "Feature", "properties": {"id": "d4ee3c42-eebe-44d5-9de5-c76c414c45db", "name": "Ibm Building", "category": "attraction", "tags": ["attraction", "landmark", "historical", "building"], "sources": ["overture"], "phone": "+12066285050", "address": "1200 5th Ave", "stations": [{"stopCode": 51, "lines": "1,2", "name": "Symphony Station", "walkingMeters": 302, "walkingSeconds": 225, "band": 5}, {"stopCode": 50, "lines": "1,2", "name": "Westlake Station", "walkingMeters": 579, "walkingSeconds": 432, "band": 10}, {"stopCode": 52, "lines": "1,2", "name": "Pioneer Square Station", "walkingMeters": 866, "walkingSeconds": 646, "band": 15}]}, "geometry": {"type": "Point", "coordinates": [-122.3330536, 47.6084213]}}, {"type": "Feature", "properties": {"id": "1be9914a-7e1c-4ddc-9df5-366f6116c19a", "name": "Alaska/yukon Border", "category": "attraction", "tags": ["attraction", "landmark", "historical", "building"], "sources": ["overture"], "stations": [{"stopCode": 51, "lines": "1,2", "name": "Symphony Station", "walkingMeters": 499, "walkingSeconds": 372, "band": 10}, {"stopCode": 52, "lines": "1,2", "name": "Pioneer Square Station", "walkingMeters": 713, "walkingSeconds": 532, "band": 15}, {"stopCode": 50, "lines": "1,2", "name": "Westlake Station", "walkingMeters": 818, "walkingSeconds": 610, "band": 10}]}, "geometry": {"type": "Point", "coordinates": [-122.3309174, 47.6074867]}}, {"type": "Feature", "properties": {"id": "63a02981-3f86-4178-8748-2840e4cf90d0", "name": "5th and Madison Condos", "category": "attraction", "tags": ["attraction", "landmark", "historical", "building"], "sources": ["overture"], "website": "http://www.5thandmadisoncondos.com", "phone": "+12067300208", "address": "909 5th Ave", "stations": [{"stopCode": 51, "lines": "1,2", "name": "Symphony Station", "walkingMeters": 486, "walkingSeconds": 350, "band": 10}, {"stopCode": 52, "lines": "1,2", "name": "Pioneer Square Station", "walkingMeters": 564, "walkingSeconds": 406, "band": 10}, {"stopCode": 50, "lines": "1,2", "name": "Westlake Station", "walkingMeters": 728, "walkingSeconds": 523, "band": 10}, {"stopCode": 53, "lines": "1,2", "name": "International District Station", "walkingMeters": 1020, "walkingSeconds": 734, "band": 15}]}, "geometry": {"type": "Point", "coordinates": [-122.3318863, 47.6063461]}}, {"type": "Feature", "properties": {"id": "88707853-bdb4-4f12-8bfc-9b287f5155cf", "name": "Dover Apartments", "category": "attraction", "tags": ["attraction", "landmark", "historical", "building"], "sources": ["overture"], "website": "http://www.doverseattle.com", "phone": "+12068761207", "address": "901 6th Ave", "stations": [{"stopCode": 52, "lines": "1,2", "name": "Pioneer Square Station", "walkingMeters": 602, "walkingSeconds": 432, "band": 10}, {"stopCode": 51, "lines": "1,2", "name": "Symphony Station", "walkingMeters": 636, "walkingSeconds": 457, "band": 10}, {"stopCode": 50, "lines": "1,2", "name": "Westlake Station", "walkingMeters": 854, "walkingSeconds": 616, "band": 15}, {"stopCode": 53, "lines": "1,2", "name": "International District Station", "walkingMeters": 1042, "walkingSeconds": 750, "band": 15}]}, "geometry": {"type": "Point", "coordinates": [-122.3302536, 47.6064072]}}, {"type": "Feature", "properties": {"id": "b970ef0c-5928-4a59-ad8f-2aca25434021", "name": "The Museum of Flight: Apollo", "category": "museum", "tags": ["museum", "history"], "sources": ["overture"], "stations": [{"stopCode": 51, "lines": "1,2", "name": "Symphony Station", "walkingMeters": 530, "walkingSeconds": 396, "band": 10}, {"stopCode": 52, "lines": "1,2", "name": "Pioneer Square Station", "walkingMeters": 555, "walkingSeconds": 414, "band": 10}, {"stopCode": 50, "lines": "1,2", "name": "Westlake Station", "walkingMeters": 933, "walkingSeconds": 696, "band": 10}, {"stopCode": 53, "lines": "1,2", "name": "International District Station", "walkingMeters": 1199, "walkingSeconds": 895, "band": 15}]}, "geometry": {"type": "Point", "coordinates": [-122.3310013, 47.6063995]}}, {"type": "Feature", "properties": {"id": "a01b231c-8400-4b6b-95e5-e68ed9ab4f20", "name": "Women Painters of Wa Gallery", "category": "gallery", "tags": ["gallery", "art"], "sources": ["overture"], "website": "http://womenpainters.com/", "phone": "+12066240543", "address": "701 5th Ave", "stations": [{"stopCode": 52, "lines": "1,2", "name": "Pioneer Square Station", "walkingMeters": 342, "walkingSeconds": 245, "band": 5}, {"stopCode": 51, "lines": "1,2", "name": "Symphony Station", "walkingMeters": 715, "walkingSeconds": 514, "band": 10}, {"stopCode": 53, "lines": "1,2", "name": "International District Station", "walkingMeters": 788, "walkingSeconds": 567, "band": 15}, {"stopCode": 50, "lines": "1,2", "name": "Westlake Station", "walkingMeters": 957, "walkingSeconds": 688, "band": 15}]}, "geometry": {"type": "Point", "coordinates": [-122.3306885, 47.6044464]}}, {"type": "Feature", "properties": {"id": "6794197c-0c8e-4349-8255-2d8a86b2e1f7", "name": "Central Building", "category": "attraction", "tags": ["attraction", "landmark", "historical", "building"], "sources": ["overture"], "phone": "+12062094320", "address": "810 3rd Ave", "stations": [{"stopCode": 52, "lines": "1,2", "name": "Pioneer Square Station", "walkingMeters": 357, "walkingSeconds": 266, "band": 5}, {"stopCode": 51, "lines": "1,2", "name": "Symphony Station", "walkingMeters": 537, "walkingSeconds": 401, "band": 5}, {"stopCode": 53, "lines": "1,2", "name": "International District Station", "walkingMeters": 1041, "walkingSeconds": 777, "band": 15}, {"stopCode": 50, "lines": "1,2", "name": "Westlake Station", "walkingMeters": 1053, "walkingSeconds": 786, "band": 15}]}, "geometry": {"type": "Point", "coordinates": [-122.3328705, 47.604763]}}, {"type": "Feature", "properties": {"id": "cbdc6e3a-9cec-46de-8ac7-566359a0b409", "name": "901 Fifth Seattle", "category": "attraction", "tags": ["attraction", "landmark", "historical", "building"], "sources": ["overture"], "website": "http://www.9015thavenue.com", "phone": "+12066212605", "address": "901 5th Ave", "stations": [{"stopCode": 52, "lines": "1,2", "name": "Pioneer Square Station", "walkingMeters": 450, "walkingSeconds": 324, "band": 10}, {"stopCode": 51, "lines": "1,2", "name": "Symphony Station", "walkingMeters": 508, "walkingSeconds": 366, "band": 10}, {"stopCode": 50, "lines": "1,2", "name": "Westlake Station", "walkingMeters": 838, "walkingSeconds": 603, "band": 10}, {"stopCode": 53, "lines": "1,2", "name": "International District Station", "walkingMeters": 993, "walkingSeconds": 715, "band": 15}]}, "geometry": {"type": "Point", "coordinates": [-122.3320007, 47.6058235]}}, {"type": "Feature", "properties": {"id": "0d612f37-6e09-4ef5-ac1a-837600c9e026", "name": "Bianco Gallery", "category": "gallery", "tags": ["gallery", "art"], "sources": ["overture"], "website": "https://www.instagram.com/bianco__gallery/", "phone": "+13122864769", "address": "999 3rd Ave Ste 131", "stations": [{"stopCode": 51, "lines": "1,2", "name": "Symphony Station", "walkingMeters": 375, "walkingSeconds": 270, "band": 5}, {"stopCode": 52, "lines": "1,2", "name": "Pioneer Square Station", "walkingMeters": 476, "walkingSeconds": 342, "band": 10}, {"stopCode": 50, "lines": "1,2", "name": "Westlake Station", "walkingMeters": 903, "walkingSeconds": 650, "band": 10}, {"stopCode": 53, "lines": "1,2", "name": "International District Station", "walkingMeters": 1032, "walkingSeconds": 744, "band": 15}]}, "geometry": {"type": "Point", "coordinates": [-122.3348923, 47.6052017]}}, {"type": "Feature", "properties": {"id": "46fffb1d-db6b-4af8-b1f6-4c5aca9a799a", "name": "Colonial Grand Pacific Lofts", "category": "attraction", "tags": ["attraction", "landmark", "historical", "building"], "sources": ["overture"], "address": "1119 1st Ave", "stations": [{"stopCode": 51, "lines": "1,2", "name": "Symphony Station", "walkingMeters": 327, "walkingSeconds": 235, "band": 5}, {"stopCode": 52, "lines": "1,2", "name": "Pioneer Square Station", "walkingMeters": 764, "walkingSeconds": 550, "band": 10}, {"stopCode": 50, "lines": "1,2", "name": "Westlake Station", "walkingMeters": 850, "walkingSeconds": 612, "band": 10}]}, "geometry": {"type": "Point", "coordinates": [-122.3375092, 47.6058769]}}, {"type": "Feature", "properties": {"id": "1956ebcc-6bfd-45dd-b827-ad47337c80f0", "name": "Madison Tower Residences", "category": "attraction", "tags": ["attraction", "landmark", "historical", "building"], "sources": ["overture"], "website": "http://www.seattlecondoreview.com", "phone": "+12063827627", "address": "1000 1st Ave", "stations": [{"stopCode": 51, "lines": "1,2", "name": "Symphony Station", "walkingMeters": 444, "walkingSeconds": 319, "band": 5}, {"stopCode": 52, "lines": "1,2", "name": "Pioneer Square Station", "walkingMeters": 606, "walkingSeconds": 436, "band": 10}, {"stopCode": 50, "lines": "1,2", "name": "Westlake Station", "walkingMeters": 967, "walkingSeconds": 696, "band": 15}, {"stopCode": 53, "lines": "1,2", "name": "International District Station", "walkingMeters": 1100, "walkingSeconds": 797, "band": 15}]}, "geometry": {"type": "Point", "coordinates": [-122.3362732, 47.6049461]}}, {"type": "Feature", "properties": {"id": "5d37080d-d4da-4240-b3c5-fb3b23639a45", "name": "Globe Building", "category": "attraction", "tags": ["attraction", "landmark", "historical", "building"], "sources": ["overture"], "website": "https://www.seattle.gov", "address": "1005 1st Ave", "stations": [{"stopCode": 51, "lines": "1,2", "name": "Symphony Station", "walkingMeters": 438, "walkingSeconds": 327, "band": 5}, {"stopCode": 52, "lines": "1,2", "name": "Pioneer Square Station", "walkingMeters": 638, "walkingSeconds": 476, "band": 10}, {"stopCode": 50, "lines": "1,2", "name": "Westlake Station", "walkingMeters": 975, "walkingSeconds": 728, "band": 15}, {"stopCode": 53, "lines": "1,2", "name": "International District Station", "walkingMeters": 1272, "walkingSeconds": 949, "band": 15}]}, "geometry": {"type": "Point", "coordinates": [-122.3368301, 47.6048279]}}, {"type": "Feature", "properties": {"id": "56f0dce6-2c50-4855-ae0c-6040a00dc552", "name": "National Building", "category": "attraction", "tags": ["attraction", "landmark", "historical", "building"], "sources": ["overture"], "website": "https://www.seattle.gov", "address": "1008 Western Ave", "stations": [{"stopCode": 51, "lines": "1,2", "name": "Symphony Station", "walkingMeters": 525, "walkingSeconds": 377, "band": 5}, {"stopCode": 52, "lines": "1,2", "name": "Pioneer Square Station", "walkingMeters": 720, "walkingSeconds": 518, "band": 10}, {"stopCode": 50, "lines": "1,2", "name": "Westlake Station", "walkingMeters": 1048, "walkingSeconds": 754, "band": 15}, {"stopCode": 53, "lines": "1,2", "name": "International District Station", "walkingMeters": 1194, "walkingSeconds": 864, "band": 15}]}, "geometry": {"type": "Point", "coordinates": [-122.3374023, 47.6047058]}}, {"type": "Feature", "properties": {"id": "0f1ef978-7caa-4a18-a17e-280913d0650a", "name": "The Exchange Seattle", "category": "attraction", "tags": ["attraction", "landmark", "historical", "building"], "sources": ["overture"], "website": "https://exchangebuildingseattle.com/", "phone": "+12063813451", "address": "821 2nd Ave", "stations": [{"stopCode": 52, "lines": "1,2", "name": "Pioneer Square Station", "walkingMeters": 457, "walkingSeconds": 329, "band": 10}, {"stopCode": 51, "lines": "1,2", "name": "Symphony Station", "walkingMeters": 507, "walkingSeconds": 365, "band": 10}, {"stopCode": 53, "lines": "1,2", "name": "International District Station", "walkingMeters": 978, "walkingSeconds": 712, "band": 15}, {"stopCode": 50, "lines": "1,2", "name": "Westlake Station", "walkingMeters": 1033, "walkingSeconds": 743, "band": 15}]}, "geometry": {"type": "Point", "coordinates": [-122.3350143, 47.6042938]}}, {"type": "Feature", "properties": {"id": "a598e5df-54ee-40cf-b630-08d49eb13dc1", "name": "Henry M. Jackson Federal Building", "category": "attraction", "tags": ["attraction", "landmark", "historical", "building"], "sources": ["overture"], "website": "http://www.gsa.gov", "phone": "+12062207032", "address": "915 2nd Ave", "stations": [{"stopCode": 52, "lines": "1,2", "name": "Pioneer Square Station", "walkingMeters": 287, "walkingSeconds": 206, "band": 10}, {"stopCode": 51, "lines": "1,2", "name": "Symphony Station", "walkingMeters": 426, "walkingSeconds": 307, "band": 5}, {"stopCode": 53, "lines": "1,2", "name": "International District Station", "walkingMeters": 921, "walkingSeconds": 663, "band": 15}, {"stopCode": 50, "lines": "1,2", "name": "Westlake Station", "walkingMeters": 940, "walkingSeconds": 676, "band": 15}]}, "geometry": {"type": "Point", "coordinates": [-122.3354721, 47.6045532]}}, {"type": "Feature", "properties": {"id": "f3cfad4b-f9bf-4c8c-a27a-3c287e131e12", "name": "The Exchange Building", "category": "attraction", "tags": ["attraction", "landmark", "historical", "building"], "sources": ["overture"], "website": "https://www.exchangebuildingseattle.com", "phone": "+12062239452", "address": "821 2nd Ave Ste 1100", "stations": [{"stopCode": 52, "lines": "1,2", "name": "Pioneer Square Station", "walkingMeters": 413, "walkingSeconds": 308, "band": 5}, {"stopCode": 51, "lines": "1,2", "name": "Symphony Station", "walkingMeters": 566, "walkingSeconds": 422, "band": 10}, {"stopCode": 53, "lines": "1,2", "name": "International District Station", "walkingMeters": 1055, "walkingSeconds": 787, "band": 15}, {"stopCode": 50, "lines": "1,2", "name": "Westlake Station", "walkingMeters": 1113, "walkingSeconds": 831, "band": 15}]}, "geometry": {"type": "Point", "coordinates": [-122.3348999, 47.6039696]}}, {"type": "Feature", "properties": {"id": "1befbe57-68f1-49be-82d7-c2c1d3abba69", "name": "Millennium Building", "category": "attraction", "tags": ["attraction", "landmark", "historical", "building"], "sources": ["overture"], "website": "http://www.milleniumtowerseattle.com/", "address": "719 2nd Ave", "stations": [{"stopCode": 52, "lines": "1,2", "name": "Pioneer Square Station", "walkingMeters": 332, "walkingSeconds": 239, "band": 5}, {"stopCode": 51, "lines": "1,2", "name": "Symphony Station", "walkingMeters": 605, "walkingSeconds": 435, "band": 10}, {"stopCode": 53, "lines": "1,2", "name": "International District Station", "walkingMeters": 852, "walkingSeconds": 621, "band": 10}, {"stopCode": 50, "lines": "1,2", "name": "Westlake Station", "walkingMeters": 1130, "walkingSeconds": 813, "band": 15}]}, "geometry": {"type": "Point", "coordinates": [-122.3340302, 47.6034355]}}, {"type": "Feature", "properties": {"id": "f546744f-8eba-477e-bf98-344c30d6df9f", "name": "Artforte Gallery And Studio", "category": "gallery", "tags": ["gallery", "art"], "sources": ["overture"], "website": "artforte.com", "phone": "+12067480187", "address": "92 Columbia St", "stations": [{"stopCode": 52, "lines": "1,2", "name": "Pioneer Square Station", "walkingMeters": 429, "walkingSeconds": 320, "band": 5}, {"stopCode": 51, "lines": "1,2", "name": "Symphony Station", "walkingMeters": 674, "walkingSeconds": 503, "band": 10}, {"stopCode": 53, "lines": "1,2", "name": "International District Station", "walkingMeters": 1011, "walkingSeconds": 754, "band": 15}, {"stopCode": 50, "lines": "1,2", "name": "Westlake Station", "walkingMeters": 1221, "walkingSeconds": 911, "band": 15}]}, "geometry": {"type": "Point", "coordinates": [-122.3355255, 47.6031609]}}, {"type": "Feature", "properties": {"id": "66161a37-ff46-4b55-978d-6738352168bc", "name": "Griffis Seattle Waterfront", "category": "attraction", "tags": ["attraction", "landmark", "historical", "building"], "sources": ["overture"], "website": "https://griffisresidential.com/property/seattle-waterfront/?utm_knock=fb", "phone": "+12065333743", "address": "888 Western Ave", "stations": [{"stopCode": 52, "lines": "1,2", "name": "Pioneer Square Station", "walkingMeters": 532, "walkingSeconds": 383, "band": 10}, {"stopCode": 51, "lines": "1,2", "name": "Symphony Station", "walkingMeters": 646, "walkingSeconds": 465, "band": 10}, {"stopCode": 53, "lines": "1,2", "name": "International District Station", "walkingMeters": 1016, "walkingSeconds": 736, "band": 15}, {"stopCode": 50, "lines": "1,2", "name": "Westlake Station", "walkingMeters": 1172, "walkingSeconds": 843, "band": 15}]}, "geometry": {"type": "Point", "coordinates": [-122.3362274, 47.6034737]}}, {"type": "Feature", "properties": {"id": "7052f1f8-f46f-431d-9174-5251a277d5be", "name": "Norton Building", "category": "attraction", "tags": ["attraction", "landmark", "historical", "building"], "sources": ["overture"], "website": "http://nwbld.com", "phone": "+12064645220", "address": "801 2nd Ave", "stations": [{"stopCode": 52, "lines": "1,2", "name": "Pioneer Square Station", "walkingMeters": 458, "walkingSeconds": 329, "band": 5}, {"stopCode": 51, "lines": "1,2", "name": "Symphony Station", "walkingMeters": 541, "walkingSeconds": 389, "band": 10}, {"stopCode": 53, "lines": "1,2", "name": "International District Station", "walkingMeters": 979, "walkingSeconds": 712, "band": 15}, {"stopCode": 50, "lines": "1,2", "name": "Westlake Station", "walkingMeters": 1066, "walkingSeconds": 767, "band": 15}]}, "geometry": {"type": "Point", "coordinates": [-122.3350143, 47.6039925]}}, {"type": "Feature", "properties": {"id": "37ca9a64-6968-4d24-b796-5d11e559165e", "name": "Wndr Seattle", "category": "museum", "tags": ["museum"], "sources": ["overture"], "website": "https://wndrmuseum.com", "address": "904 Alaskan Way", "stations": [{"stopCode": 52, "lines": "1,2", "name": "Pioneer Square Station", "walkingMeters": 620, "walkingSeconds": 463, "band": 10}, {"stopCode": 51, "lines": "1,2", "name": "Symphony Station", "walkingMeters": 637, "walkingSeconds": 475, "band": 10}, {"stopCode": 50, "lines": "1,2", "name": "Westlake Station", "walkingMeters": 1168, "walkingSeconds": 872, "band": 15}, {"stopCode": 53, "lines": "1,2", "name": "International District Station", "walkingMeters": 1183, "walkingSeconds": 883, "band": 15}]}, "geometry": {"type": "Point", "coordinates": [-122.3374252, 47.6035042]}}, {"type": "Feature", "properties": {"id": "11448660-32fc-44c6-a85c-786e46766c94", "name": "Colman Dock", "category": "attraction", "tags": ["attraction", "landmark", "historical", "building"], "sources": ["overture"], "website": "http://www.wsdot.wa.gov/ferries/vesselwatch/terminaldetail.aspx?terminalid=7", "stations": [{"stopCode": 52, "lines": "1,2", "name": "Pioneer Square Station", "walkingMeters": 720, "walkingSeconds": 517, "band": 10}, {"stopCode": 51, "lines": "1,2", "name": "Symphony Station", "walkingMeters": 886, "walkingSeconds": 640, "band": 10}, {"stopCode": 53, "lines": "1,2", "name": "International District Station", "walkingMeters": 1184, "walkingSeconds": 861, "band": 15}]}, "geometry": {"type": "Point", "coordinates": [-122.3388748, 47.6027641]}}, {"type": "Feature", "properties": {"id": "78127fc9-7c13-4f0c-82ea-f678b73f6c60", "name": "Seattle Art Walk", "category": "gallery", "tags": ["gallery", "art"], "sources": ["overture"], "website": "http://seattleartwalks.org", "address": "619 Western Ave", "stations": [{"stopCode": 52, "lines": "1,2", "name": "Pioneer Square Station", "walkingMeters": 441, "walkingSeconds": 317, "band": 5}, {"stopCode": 51, "lines": "1,2", "name": "Symphony Station", "walkingMeters": 814, "walkingSeconds": 586, "band": 10}, {"stopCode": 53, "lines": "1,2", "name": "International District Station", "walkingMeters": 912, "walkingSeconds": 661, "band": 15}, {"stopCode": 50, "lines": "1,2", "name": "Westlake Station", "walkingMeters": 1339, "walkingSeconds": 964, "band": 15}]}, "geometry": {"type": "Point", "coordinates": [-122.3358536, 47.6023331]}}, {"type": "Feature", "properties": {"id": "889b19cf-0d80-4584-9fc2-a64c159f8290", "name": "McCaw Hall", "category": "gallery", "tags": ["gallery", "art"], "sources": ["overture"], "website": "https://www.mccawhall.com", "phone": "+12066847200", "address": "619 Western Ave", "stations": [{"stopCode": 52, "lines": "1,2", "name": "Pioneer Square Station", "walkingMeters": 441, "walkingSeconds": 317, "band": 5}, {"stopCode": 51, "lines": "1,2", "name": "Symphony Station", "walkingMeters": 814, "walkingSeconds": 586, "band": 10}, {"stopCode": 53, "lines": "1,2", "name": "International District Station", "walkingMeters": 912, "walkingSeconds": 661, "band": 15}, {"stopCode": 50, "lines": "1,2", "name": "Westlake Station", "walkingMeters": 1339, "walkingSeconds": 964, "band": 15}]}, "geometry": {"type": "Point", "coordinates": [-122.3359451, 47.6022835]}}, {"type": "Feature", "properties": {"id": "b5770eda-7ce0-463a-98e0-b72ef09808bc", "name": "Spooked in Seattle Museum and Tours", "category": "attraction", "tags": ["attraction", "landmark", "historical", "building"], "sources": ["overture"], "website": "http://spookedinseattle.com", "phone": "(425) 644-7701", "address": "102 Cherry St", "stations": [{"stopCode": 52, "lines": "1,2", "name": "Pioneer Square Station", "walkingMeters": 299, "walkingSeconds": 223, "band": 5}, {"stopCode": 51, "lines": "1,2", "name": "Symphony Station", "walkingMeters": 750, "walkingSeconds": 560, "band": 10}, {"stopCode": 53, "lines": "1,2", "name": "International District Station", "walkingMeters": 883, "walkingSeconds": 659, "band": 10}, {"stopCode": 50, "lines": "1,2", "name": "Westlake Station", "walkingMeters": 1296, "walkingSeconds": 967, "band": 15}]}, "geometry": {"type": "Point", "coordinates": [-122.3342667, 47.6027603]}}, {"type": "Feature", "properties": {"id": "7968820f-7132-45cf-b39e-f95903957bfd", "name": "The Good Arts Building", "category": "gallery", "tags": ["gallery", "art"], "sources": ["overture"], "address": "110 Cherry St", "stations": [{"stopCode": 52, "lines": "1,2", "name": "Pioneer Square Station", "walkingMeters": 294, "walkingSeconds": 211, "band": 5}, {"stopCode": 51, "lines": "1,2", "name": "Symphony Station", "walkingMeters": 715, "walkingSeconds": 515, "band": 10}, {"stopCode": 53, "lines": "1,2", "name": "International District Station", "walkingMeters": 807, "walkingSeconds": 588, "band": 10}, {"stopCode": 50, "lines": "1,2", "name": "Westlake Station", "walkingMeters": 1241, "walkingSeconds": 893, "band": 15}]}, "geometry": {"type": "Point", "coordinates": [-122.3340836, 47.6027374]}}, {"type": "Feature", "properties": {"id": "92ad4649-9ece-4703-9f80-c551f8d57af4", "name": "'57 Biscayne", "category": "gallery", "tags": ["gallery", "art"], "sources": ["overture"], "website": "http://57biscayne.com/", "address": "110 Cherry St", "stations": [{"stopCode": 52, "lines": "1,2", "name": "Pioneer Square Station", "walkingMeters": 286, "walkingSeconds": 213, "band": 5}, {"stopCode": 51, "lines": "1,2", "name": "Symphony Station", "walkingMeters": 746, "walkingSeconds": 557, "band": 10}, {"stopCode": 53, "lines": "1,2", "name": "International District Station", "walkingMeters": 879, "walkingSeconds": 656, "band": 10}, {"stopCode": 50, "lines": "1,2", "name": "Westlake Station", "walkingMeters": 1292, "walkingSeconds": 964, "band": 15}]}, "geometry": {"type": "Point", "coordinates": [-122.3341293, 47.6028061]}}, {"type": "Feature", "properties": {"id": "0cde5d59-5845-4a79-84ba-aca63359dae1", "name": "Seattle Death Museum", "category": "museum", "tags": ["museum"], "sources": ["overture"], "website": "https://www.spookedinseattle.com/", "stations": [{"stopCode": 52, "lines": "1,2", "name": "Pioneer Square Station", "walkingMeters": 327, "walkingSeconds": 235, "band": 5}, {"stopCode": 51, "lines": "1,2", "name": "Symphony Station", "walkingMeters": 726, "walkingSeconds": 522, "band": 10}, {"stopCode": 53, "lines": "1,2", "name": "International District Station", "walkingMeters": 813, "walkingSeconds": 590, "band": 10}, {"stopCode": 50, "lines": "1,2", "name": "Westlake Station", "walkingMeters": 1251, "walkingSeconds": 900, "band": 15}]}, "geometry": {"type": "Point", "coordinates": [-122.3340836, 47.6028633]}}, {"type": "Feature", "properties": {"id": "f9fd6021-0318-4009-a61b-775a7304a61f", "name": "Seattle Art REsource (gallery)", "category": "gallery", "tags": ["gallery", "art"], "sources": ["overture"], "website": "http://www.seattleartresource.com", "phone": "(206) 838-2695", "address": "625 1st Ave", "stations": [{"stopCode": 52, "lines": "1,2", "name": "Pioneer Square Station", "walkingMeters": 370, "walkingSeconds": 266, "band": 5}, {"stopCode": 51, "lines": "1,2", "name": "Symphony Station", "walkingMeters": 821, "walkingSeconds": 590, "band": 10}, {"stopCode": 53, "lines": "1,2", "name": "International District Station", "walkingMeters": 845, "walkingSeconds": 613, "band": 10}, {"stopCode": 50, "lines": "1,2", "name": "Westlake Station", "walkingMeters": 1346, "walkingSeconds": 968, "band": 15}]}, "geometry": {"type": "Point", "coordinates": [-122.3346786, 47.6023941]}}, {"type": "Feature", "properties": {"id": "19c16678-b7aa-4732-86d3-8ddbc5d75175", "name": "Mutual Life Building", "category": "attraction", "tags": ["attraction", "landmark", "historical", "building"], "sources": ["overture"], "address": "605 1st Ave", "stations": [{"stopCode": 52, "lines": "1,2", "name": "Pioneer Square Station", "walkingMeters": 298, "walkingSeconds": 214, "band": 5}, {"stopCode": 53, "lines": "1,2", "name": "International District Station", "walkingMeters": 768, "walkingSeconds": 558, "band": 10}, {"stopCode": 51, "lines": "1,2", "name": "Symphony Station", "walkingMeters": 829, "walkingSeconds": 597, "band": 10}]}, "geometry": {"type": "Point", "coordinates": [-122.334465, 47.6019402]}}, {"type": "Feature", "properties": {"id": "6ebb7863-387a-49f1-bfd1-df5a6fe73d04", "name": "Corona Lofts", "category": "attraction", "tags": ["attraction", "landmark", "historical", "building"], "sources": ["overture"], "phone": "+12068544400", "address": "606 2nd Ave", "stations": [{"stopCode": 52, "lines": "1,2", "name": "Pioneer Square Station", "walkingMeters": 146, "walkingSeconds": 105, "band": 5}, {"stopCode": 53, "lines": "1,2", "name": "International District Station", "walkingMeters": 688, "walkingSeconds": 497, "band": 10}, {"stopCode": 51, "lines": "1,2", "name": "Symphony Station", "walkingMeters": 716, "walkingSeconds": 515, "band": 10}, {"stopCode": 50, "lines": "1,2", "name": "Westlake Station", "walkingMeters": 1244, "walkingSeconds": 895, "band": 15}]}, "geometry": {"type": "Point", "coordinates": [-122.3325958, 47.6026001]}}, {"type": "Feature", "properties": {"id": "e20e97c2-08d4-4784-921b-9870bcbccd09", "name": "Mariane Ibrahim Gallery", "category": "gallery", "tags": ["gallery", "art"], "sources": ["overture"], "website": "http://www.marianeibrahim.com", "phone": "(206) 467-4927", "address": "608 2nd Ave", "stations": [{"stopCode": 52, "lines": "1,2", "name": "Pioneer Square Station", "walkingMeters": 111, "walkingSeconds": 79, "band": 5}, {"stopCode": 53, "lines": "1,2", "name": "International District Station", "walkingMeters": 680, "walkingSeconds": 491, "band": 10}, {"stopCode": 51, "lines": "1,2", "name": "Symphony Station", "walkingMeters": 730, "walkingSeconds": 526, "band": 10}, {"stopCode": 50, "lines": "1,2", "name": "Westlake Station", "walkingMeters": 1258, "walkingSeconds": 906, "band": 15}]}, "geometry": {"type": "Point", "coordinates": [-122.3323898, 47.6025734]}}, {"type": "Feature", "properties": {"id": "0837fbff-d778-4b38-b096-5d9952866217", "name": "Hoge Building", "category": "attraction", "tags": ["attraction", "landmark", "historical", "building"], "sources": ["overture"], "website": "http://en.wikipedia.org/wiki/Hoge_Building", "address": "705 2nd Ave", "stations": [{"stopCode": 52, "lines": "1,2", "name": "Pioneer Square Station", "walkingMeters": 238, "walkingSeconds": 178, "band": 5}, {"stopCode": 51, "lines": "1,2", "name": "Symphony Station", "walkingMeters": 728, "walkingSeconds": 543, "band": 10}, {"stopCode": 53, "lines": "1,2", "name": "International District Station", "walkingMeters": 869, "walkingSeconds": 649, "band": 10}, {"stopCode": 50, "lines": "1,2", "name": "Westlake Station", "walkingMeters": 1269, "walkingSeconds": 947, "band": 15}]}, "geometry": {"type": "Point", "coordinates": [-122.3335419, 47.6030579]}}, {"type": "Feature", "properties": {"id": "617fd2d9-eb13-449b-8d6b-6270a16354c3", "name": "Alaska Building Deli", "category": "attraction", "tags": ["attraction", "landmark", "historical", "building", "fast-food"], "sources": ["overture"], "website": "http://www.courtyardpioneersquare.com", "phone": "+12066828570", "address": "624 2nd Ave", "stations": [{"stopCode": 52, "lines": "1,2", "name": "Pioneer Square Station", "walkingMeters": 185, "walkingSeconds": 138, "band": 5}, {"stopCode": 51, "lines": "1,2", "name": "Symphony Station", "walkingMeters": 756, "walkingSeconds": 564, "band": 10}, {"stopCode": 53, "lines": "1,2", "name": "International District Station", "walkingMeters": 829, "walkingSeconds": 619, "band": 10}, {"stopCode": 50, "lines": "1,2", "name": "Westlake Station", "walkingMeters": 1292, "walkingSeconds": 964, "band": 15}]}, "geometry": {"type": "Point", "coordinates": [-122.3330002, 47.602993]}}, {"type": "Feature", "properties": {"id": "960e1d7f-229d-4543-a682-77ac0b0dfdd3", "name": "Arctic Building", "category": "attraction", "tags": ["attraction", "landmark", "historical", "building"], "sources": ["overture"], "website": "http://en.wikipedia.org/wiki/index.html?curid=22743289", "phone": "+18776626988", "address": "306 Cherry St", "stations": [{"stopCode": 52, "lines": "1,2", "name": "Pioneer Square Station", "walkingMeters": 191, "walkingSeconds": 143, "band": 5}, {"stopCode": 51, "lines": "1,2", "name": "Symphony Station", "walkingMeters": 703, "walkingSeconds": 525, "band": 10}, {"stopCode": 53, "lines": "1,2", "name": "International District Station", "walkingMeters": 875, "walkingSeconds": 653, "band": 10}, {"stopCode": 50, "lines": "1,2", "name": "Westlake Station", "walkingMeters": 1218, "walkingSeconds": 909, "band": 15}]}, "geometry": {"type": "Point", "coordinates": [-122.3319855, 47.603775]}}, {"type": "Feature", "properties": {"id": "ce2a962c-2168-40ac-b3db-57e0aa8f8041", "name": "CoCA", "category": "gallery", "tags": ["gallery", "art"], "sources": ["overture"], "website": "http://www.cocaseattle.org", "phone": "+12067281980", "address": "114 3rd Ave S", "stations": [{"stopCode": 52, "lines": "1,2", "name": "Pioneer Square Station", "walkingMeters": 188, "walkingSeconds": 144, "band": 5}, {"stopCode": 53, "lines": "1,2", "name": "International District Station", "walkingMeters": 469, "walkingSeconds": 337, "band": 10}, {"stopCode": 51, "lines": "1,2", "name": "Symphony Station", "walkingMeters": 901, "walkingSeconds": 649, "band": 10}]}, "geometry": {"type": "Point", "coordinates": [-122.3301239, 47.6011581]}}, {"type": "Feature", "properties": {"id": "c316d9e4-13e4-4fd9-b929-98fc1e4e163e", "name": "SOIL Artist Run Gallery", "category": "gallery", "tags": ["gallery", "art"], "sources": ["overture"], "website": "http://www.soilart.org/", "phone": "+12062648061", "address": "112 3rd Ave S", "stations": [{"stopCode": 52, "lines": "1,2", "name": "Pioneer Square Station", "walkingMeters": 191, "walkingSeconds": 146, "band": 5}, {"stopCode": 53, "lines": "1,2", "name": "International District Station", "walkingMeters": 466, "walkingSeconds": 335, "band": 10}, {"stopCode": 51, "lines": "1,2", "name": "Symphony Station", "walkingMeters": 904, "walkingSeconds": 651, "band": 10}]}, "geometry": {"type": "Point", "coordinates": [-122.3300018, 47.6012001]}}, {"type": "Feature", "properties": {"id": "9e46f061-600d-44e6-9223-e8ca6da196a3", "name": "Specialist", "category": "gallery", "tags": ["gallery", "art"], "sources": ["overture"], "website": "https://specialist.gallery/", "phone": "+12062237590", "address": "300 S Washington St", "stations": [{"stopCode": 52, "lines": "1,2", "name": "Pioneer Square Station", "walkingMeters": 207, "walkingSeconds": 157, "band": 5}, {"stopCode": 53, "lines": "1,2", "name": "International District Station", "walkingMeters": 450, "walkingSeconds": 323, "band": 5}, {"stopCode": 51, "lines": "1,2", "name": "Symphony Station", "walkingMeters": 920, "walkingSeconds": 662, "band": 10}]}, "geometry": {"type": "Point", "coordinates": [-122.3301849, 47.6009865]}}, {"type": "Feature", "properties": {"id": "9b7429de-bcd4-4a82-80c5-b69d36c0ab4b", "name": "Art By Vikram Madan Gallery & Studio", "category": "gallery", "tags": ["gallery", "art"], "sources": ["overture"], "phone": "+12063959531", "address": "306 S Washington St #107", "stations": [{"stopCode": 52, "lines": "1,2", "name": "Pioneer Square Station", "walkingMeters": 261, "walkingSeconds": 195, "band": 5}, {"stopCode": 53, "lines": "1,2", "name": "International District Station", "walkingMeters": 424, "walkingSeconds": 316, "band": 5}, {"stopCode": 51, "lines": "1,2", "name": "Symphony Station", "walkingMeters": 1151, "walkingSeconds": 859, "band": 10}]}, "geometry": {"type": "Point", "coordinates": [-122.3300781, 47.6009293]}}, {"type": "Feature", "properties": {"id": "be3f61ed-a830-42b8-ac0b-3b8cc80b3685", "name": "Hologram Gallery", "category": "gallery", "tags": ["gallery", "art"], "sources": ["overture"], "website": "https://instagram.com/hologramism?igshid=YmMyMTA2M2Y%3D", "address": "300 S Washington St", "stations": [{"stopCode": 52, "lines": "1,2", "name": "Pioneer Square Station", "walkingMeters": 219, "walkingSeconds": 166, "band": 5}, {"stopCode": 53, "lines": "1,2", "name": "International District Station", "walkingMeters": 455, "walkingSeconds": 327, "band": 5}, {"stopCode": 51, "lines": "1,2", "name": "Symphony Station", "walkingMeters": 932, "walkingSeconds": 671, "band": 10}]}, "geometry": {"type": "Point", "coordinates": [-122.3300552, 47.6010284]}}, {"type": "Feature", "properties": {"id": "740b9c39-ffc8-4a00-a8d5-be3e7c537155", "name": "Interurban Building", "category": "attraction", "tags": ["attraction", "landmark", "historical", "building"], "sources": ["overture"], "address": "157 Yesler Way", "stations": [{"stopCode": 52, "lines": "1,2", "name": "Pioneer Square Station", "walkingMeters": 208, "walkingSeconds": 152, "band": 5}, {"stopCode": 53, "lines": "1,2", "name": "International District Station", "walkingMeters": 598, "walkingSeconds": 436, "band": 10}, {"stopCode": 51, "lines": "1,2", "name": "Symphony Station", "walkingMeters": 861, "walkingSeconds": 620, "band": 10}]}, "geometry": {"type": "Point", "coordinates": [-122.3324738, 47.6015053]}}, {"type": "Feature", "properties": {"id": "6e1aa1be-b420-41db-9cc4-02a084f07daa", "name": "Fictilis", "category": "gallery", "tags": ["gallery", "art"], "sources": ["overture"], "website": "http://www.fictilis.com", "phone": "+12065520210", "address": "210 S Washington St", "stations": [{"stopCode": 52, "lines": "1,2", "name": "Pioneer Square Station", "walkingMeters": 222, "walkingSeconds": 166, "band": 5}, {"stopCode": 53, "lines": "1,2", "name": "International District Station", "walkingMeters": 489, "walkingSeconds": 365, "band": 10}, {"stopCode": 51, "lines": "1,2", "name": "Symphony Station", "walkingMeters": 1093, "walkingSeconds": 816, "band": 10}]}, "geometry": {"type": "Point", "coordinates": [-122.3310699, 47.6010246]}}, {"type": "Feature", "properties": {"id": "9cdb6a89-d646-4483-a229-82dba64f27dd", "name": "Pacini Lubel Gallery", "category": "gallery", "tags": ["gallery", "art"], "sources": ["overture"], "website": "http://www.pacinilubel.com", "phone": "(206) 326-5555", "address": "207 2nd Ave S", "stations": [{"stopCode": 52, "lines": "1,2", "name": "Pioneer Square Station", "walkingMeters": 314, "walkingSeconds": 228, "band": 5}, {"stopCode": 53, "lines": "1,2", "name": "International District Station", "walkingMeters": 498, "walkingSeconds": 360, "band": 10}, {"stopCode": 51, "lines": "1,2", "name": "Symphony Station", "walkingMeters": 980, "walkingSeconds": 705, "band": 15}]}, "geometry": {"type": "Point", "coordinates": [-122.3318329, 47.6005402]}}, {"type": "Feature", "properties": {"id": "9ad90ea9-e318-491f-80ed-91a92514cce3", "name": "Davidson Galleries", "category": "gallery", "tags": ["gallery", "art"], "sources": ["overture"], "website": "davidsongalleries.com", "phone": "12066247684", "address": "85 Yesler Way", "stations": [{"stopCode": 52, "lines": "1,2", "name": "Pioneer Square Station", "walkingMeters": 401, "walkingSeconds": 299, "band": 5}, {"stopCode": 53, "lines": "1,2", "name": "International District Station", "walkingMeters": 832, "walkingSeconds": 621, "band": 10}, {"stopCode": 51, "lines": "1,2", "name": "Symphony Station", "walkingMeters": 906, "walkingSeconds": 676, "band": 10}]}, "geometry": {"type": "Point", "coordinates": [-122.3350677, 47.6015778]}}, {"type": "Feature", "properties": {"id": "dd3d43a0-2147-4b3d-b04a-d841cfc41638", "name": "80 Main Apartments", "category": "attraction", "tags": ["attraction", "landmark", "historical", "building"], "sources": ["overture"], "website": "https://www.80mainseattle.com/", "phone": "+12065588403", "address": "80 S Main St", "stations": [{"stopCode": 52, "lines": "1,2", "name": "Pioneer Square Station", "walkingMeters": 522, "walkingSeconds": 376, "band": 10}, {"stopCode": 53, "lines": "1,2", "name": "International District Station", "walkingMeters": 705, "walkingSeconds": 509, "band": 10}, {"stopCode": 51, "lines": "1,2", "name": "Symphony Station", "walkingMeters": 1068, "walkingSeconds": 768, "band": 15}]}, "geometry": {"type": "Point", "coordinates": [-122.3350906, 47.6001587]}}, {"type": "Feature", "properties": {"id": "a9cb0f38-e15d-4407-b766-0f5333f31c90", "name": "From the Heart Pottery", "category": "gallery", "tags": ["gallery", "art"], "sources": ["overture"], "website": "http://from-the-heart-pottery.com", "phone": "(206) 262-9500", "address": "214 1st Ave S", "stations": [{"stopCode": 52, "lines": "1,2", "name": "Pioneer Square Station", "walkingMeters": 409, "walkingSeconds": 294, "band": 5}, {"stopCode": 53, "lines": "1,2", "name": "International District Station", "walkingMeters": 663, "walkingSeconds": 479, "band": 10}, {"stopCode": 51, "lines": "1,2", "name": "Symphony Station", "walkingMeters": 989, "walkingSeconds": 712, "band": 15}]}, "geometry": {"type": "Point", "coordinates": [-122.3337936, 47.6004486]}}, {"type": "Feature", "properties": {"id": "14998232-f2b6-4589-8c2c-3a9df8e71324", "name": "Golden Loom Rug Gallery", "category": "museum", "tags": ["museum"], "sources": ["overture"], "phone": "2069038286", "address": "211 1st Ave S", "stations": [{"stopCode": 52, "lines": "1,2", "name": "Pioneer Square Station", "walkingMeters": 416, "walkingSeconds": 299, "band": 5}, {"stopCode": 53, "lines": "1,2", "name": "International District Station", "walkingMeters": 685, "walkingSeconds": 495, "band": 10}, {"stopCode": 51, "lines": "1,2", "name": "Symphony Station", "walkingMeters": 984, "walkingSeconds": 716, "band": 15}]}, "geometry": {"type": "Point", "coordinates": [-122.3342133, 47.6005096]}}, {"type": "Feature", "properties": {"id": "db2203bb-b3f5-4318-bf2c-9f24c0765531", "name": "Edd Cox Fine Art", "category": "gallery", "tags": ["gallery", "art"], "sources": ["overture"], "website": "http://www.eddcoxfineart.com/communication", "phone": "+12062266384", "address": "212 Alaskan Way S Suite 511", "stations": [{"stopCode": 52, "lines": "1,2", "name": "Pioneer Square Station", "walkingMeters": 519, "walkingSeconds": 387, "band": 10}, {"stopCode": 53, "lines": "1,2", "name": "International District Station", "walkingMeters": 794, "walkingSeconds": 593, "band": 10}, {"stopCode": 51, "lines": "1,2", "name": "Symphony Station", "walkingMeters": 1065, "walkingSeconds": 795, "band": 15}]}, "geometry": {"type": "Point", "coordinates": [-122.3355255, 47.6004486]}}, {"type": "Feature", "properties": {"id": "087c52e4-0128-4a44-94ad-8fdf36b888e8", "name": "Washington Street Public Boat Landing", "category": "attraction", "tags": ["attraction", "monument"], "sources": ["overture"], "website": "http://www.seattle.gov/parks/find/parks/washington-street-boat-landing", "phone": "2066844075", "address": "199 Alaskan Way", "stations": [{"stopCode": 52, "lines": "1,2", "name": "Pioneer Square Station", "walkingMeters": 535, "walkingSeconds": 387, "band": 10}, {"stopCode": 53, "lines": "1,2", "name": "International District Station", "walkingMeters": 864, "walkingSeconds": 625, "band": 10}, {"stopCode": 51, "lines": "1,2", "name": "Symphony Station", "walkingMeters": 1024, "walkingSeconds": 741, "band": 15}]}, "geometry": {"type": "Point", "coordinates": [-122.336235, 47.6009064]}}, {"type": "Feature", "properties": {"id": "d31de64d-a3a8-45a4-919a-a93552a0a981", "name": "floor13", "category": "gallery", "tags": ["gallery", "art"], "sources": ["overture"], "website": "http://www.floor13seattle.com", "phone": "(206) 265-9836", "address": "114 Alaskan Way S Apt 301", "stations": [{"stopCode": 52, "lines": "1,2", "name": "Pioneer Square Station", "walkingMeters": 382, "walkingSeconds": 275, "band": 5}, {"stopCode": 53, "lines": "1,2", "name": "International District Station", "walkingMeters": 768, "walkingSeconds": 554, "band": 10}, {"stopCode": 51, "lines": "1,2", "name": "Symphony Station", "walkingMeters": 927, "walkingSeconds": 667, "band": 15}]}, "geometry": {"type": "Point", "coordinates": [-122.3351517, 47.6012154]}}, {"type": "Feature", "properties": {"id": "5b5ec6d7-8928-4fbe-9676-77fb3b8bfd5a", "name": "The Terry Denny 6:00", "category": "attraction", "tags": ["attraction", "landmark", "historical", "building"], "sources": ["overture"], "phone": "+12068544400", "address": "111 1st Ave S", "stations": [{"stopCode": 52, "lines": "1,2", "name": "Pioneer Square Station", "walkingMeters": 340, "walkingSeconds": 245, "band": 5}, {"stopCode": 53, "lines": "1,2", "name": "International District Station", "walkingMeters": 734, "walkingSeconds": 530, "band": 10}, {"stopCode": 51, "lines": "1,2", "name": "Symphony Station", "walkingMeters": 907, "walkingSeconds": 653, "band": 15}]}, "geometry": {"type": "Point", "coordinates": [-122.3344574, 47.6012573]}}, {"type": "Feature", "properties": {"id": "d9e63daa-d373-4b2f-83e4-77e8c7b94bf9", "name": "Harrington Fine Art", "category": "gallery", "tags": ["gallery", "art"], "sources": ["overture"], "website": "http://ejakart.com/", "phone": "+12062500031", "address": "89 Yesler Way", "stations": [{"stopCode": 52, "lines": "1,2", "name": "Pioneer Square Station", "walkingMeters": 373, "walkingSeconds": 278, "band": 5}, {"stopCode": 53, "lines": "1,2", "name": "International District Station", "walkingMeters": 809, "walkingSeconds": 604, "band": 10}, {"stopCode": 51, "lines": "1,2", "name": "Symphony Station", "walkingMeters": 906, "walkingSeconds": 676, "band": 10}]}, "geometry": {"type": "Point", "coordinates": [-122.3347626, 47.6015968]}}, {"type": "Feature", "properties": {"id": "e36384cf-0ae9-401c-a055-d5a013c4ac2e", "name": "Schwabacher Building", "category": "attraction", "tags": ["attraction", "landmark", "historical", "building"], "sources": ["overture"], "address": "89 Yesler Way Ste 91", "stations": [{"stopCode": 52, "lines": "1,2", "name": "Pioneer Square Station", "walkingMeters": 370, "walkingSeconds": 276, "band": 5}, {"stopCode": 53, "lines": "1,2", "name": "International District Station", "walkingMeters": 804, "walkingSeconds": 600, "band": 10}, {"stopCode": 51, "lines": "1,2", "name": "Symphony Station", "walkingMeters": 910, "walkingSeconds": 679, "band": 10}]}, "geometry": {"type": "Point", "coordinates": [-122.3347168, 47.6015778]}}, {"type": "Feature", "properties": {"id": "f5cc65f4-b793-4959-b511-cc95ed8821b1", "name": "Coca Pioneer Square", "category": "gallery", "tags": ["gallery", "art"], "sources": ["overture"], "website": "http://www.cocaseattle.org", "phone": "(206) 728-1980", "stations": [{"stopCode": 52, "lines": "1,2", "name": "Pioneer Square Station", "walkingMeters": 291, "walkingSeconds": 209, "band": 5}, {"stopCode": 53, "lines": "1,2", "name": "International District Station", "walkingMeters": 761, "walkingSeconds": 553, "band": 10}, {"stopCode": 51, "lines": "1,2", "name": "Symphony Station", "walkingMeters": 848, "walkingSeconds": 611, "band": 10}]}, "geometry": {"type": "Point", "coordinates": [-122.3344116, 47.6018677]}}, {"type": "Feature", "properties": {"id": "1c8b403a-3aa6-402a-a531-ca6be5b7efdf", "name": "Lanna Trading Company", "category": "gallery", "tags": ["gallery", "art"], "sources": ["overture"], "phone": "+12062629798", "address": "87 Yesler Way", "stations": [{"stopCode": 52, "lines": "1,2", "name": "Pioneer Square Station", "walkingMeters": 395, "walkingSeconds": 295, "band": 5}, {"stopCode": 53, "lines": "1,2", "name": "International District Station", "walkingMeters": 827, "walkingSeconds": 617, "band": 10}, {"stopCode": 51, "lines": "1,2", "name": "Symphony Station", "walkingMeters": 906, "walkingSeconds": 676, "band": 10}]}, "geometry": {"type": "Point", "coordinates": [-122.3349991, 47.6015778]}}, {"type": "Feature", "properties": {"id": 14104352506, "name": "Fourth & Madison Plaza", "category": "park", "tags": ["park"], "sources": ["osm"], "address": "925 4th Avenue", "hours": "Mo-Fr 07:00-17:30", "stations": [{"stopCode": 52, "lines": "1,2", "name": "Pioneer Square Station", "walkingMeters": 344, "walkingSeconds": 248, "band": 5}, {"stopCode": 51, "lines": "1,2", "name": "Symphony Station", "walkingMeters": 369, "walkingSeconds": 265, "band": 5}, {"stopCode": 50, "lines": "1,2", "name": "Westlake Station", "walkingMeters": 882, "walkingSeconds": 635, "band": 10}, {"stopCode": 53, "lines": "1,2", "name": "International District Station", "walkingMeters": 979, "walkingSeconds": 705, "band": 15}]}, "geometry": {"type": "Point", "coordinates": [-122.3332622, 47.6052002]}}, {"type": "Feature", "properties": {"id": 57883614, "name": "Waterfall Garden", "category": "park", "tags": ["park"], "sources": ["osm", "overture"], "website": "http://www.pioneersquare.org/experiences/waterfall-garden-park", "phone": "+12066670687", "address": "219 2nd Ave S", "hours": "08:00-17:45", "stations": [{"stopCode": 52, "lines": "1,2", "name": "Pioneer Square Station", "walkingMeters": 377, "walkingSeconds": 274, "band": 5}, {"stopCode": 53, "lines": "1,2", "name": "International District Station", "walkingMeters": 470, "walkingSeconds": 340, "band": 10}, {"stopCode": 51, "lines": "1,2", "name": "Symphony Station", "walkingMeters": 1037, "walkingSeconds": 746, "band": 15}]}, "geometry": {"type": "Point", "coordinates": [-122.3319734, 47.6002088]}}, {"type": "Feature", "properties": {"id": 75010395, "name": "Washington Street Boat Landing", "category": "park", "tags": ["park"], "sources": ["osm"], "website": "https://www.seattle.gov/parks/find/parks/washington-street-boat-landing", "address": "199 Alaskan Way South", "stations": [{"stopCode": 52, "lines": "1,2", "name": "Pioneer Square Station", "walkingMeters": 534, "walkingSeconds": 386, "band": 10}, {"stopCode": 53, "lines": "1,2", "name": "International District Station", "walkingMeters": 863, "walkingSeconds": 625, "band": 10}, {"stopCode": 51, "lines": "1,2", "name": "Symphony Station", "walkingMeters": 1023, "walkingSeconds": 740, "band": 15}]}, "geometry": {"type": "Point", "coordinates": [-122.3362531, 47.6009102]}}, {"type": "Feature", "properties": {"id": "239c22ea-d115-49b5-8718-149d63e288cd", "name": "City Hall Park", "category": "park", "tags": ["park"], "sources": ["overture"], "website": "http://www.seattle.gov/parks/park_detail.asp?ID=306", "phone": "+12066844075", "address": "450 3rd Ave", "stations": [{"stopCode": 52, "lines": "1,2", "name": "Pioneer Square Station", "walkingMeters": 95, "walkingSeconds": 70, "band": 5}, {"stopCode": 53, "lines": "1,2", "name": "International District Station", "walkingMeters": 557, "walkingSeconds": 401, "band": 10}, {"stopCode": 51, "lines": "1,2", "name": "Symphony Station", "walkingMeters": 790, "walkingSeconds": 569, "band": 10}, {"stopCode": 50, "lines": "1,2", "name": "Westlake Station", "walkingMeters": 1304, "walkingSeconds": 938, "band": 15}]}, "geometry": {"type": "Point", "coordinates": [-122.3303299, 47.6019974]}}, {"type": "Feature", "properties": {"id": 174692555, "name": "Occidental Square", "category": "park", "tags": ["park"], "sources": ["osm", "overture"], "website": "http://www.seattle.gov/parks/park_detail.asp?ID=323", "phone": "+12066844075", "address": "117 S Washington St", "hours": "Mo-Su 06:00-22:00", "stations": [{"stopCode": 52, "lines": "1,2", "name": "Pioneer Square Station", "walkingMeters": 372, "walkingSeconds": 268, "band": 5}, {"stopCode": 53, "lines": "1,2", "name": "International District Station", "walkingMeters": 576, "walkingSeconds": 416, "band": 10}, {"stopCode": 51, "lines": "1,2", "name": "Symphony Station", "walkingMeters": 1015, "walkingSeconds": 730, "band": 15}]}, "geometry": {"type": "Point", "coordinates": [-122.3331469, 47.6004637]}}, {"type": "Feature", "properties": {"id": 237315578, "name": "Prefontaine Place", "category": "park", "tags": ["park"], "sources": ["osm"], "website": "https://www.seattle.gov/parks/allparks/prefontaine-place", "stations": [{"stopCode": 52, "lines": "1,2", "name": "Pioneer Square Station", "walkingMeters": 95, "walkingSeconds": 70, "band": 5}, {"stopCode": 53, "lines": "1,2", "name": "International District Station", "walkingMeters": 583, "walkingSeconds": 422, "band": 10}, {"stopCode": 51, "lines": "1,2", "name": "Symphony Station", "walkingMeters": 790, "walkingSeconds": 569, "band": 10}, {"stopCode": 50, "lines": "1,2", "name": "Westlake Station", "walkingMeters": 1318, "walkingSeconds": 949, "band": 15}]}, "geometry": {"type": "Point", "coordinates": [-122.3309121, 47.6018685]}}, {"type": "Feature", "properties": {"id": "6b4c3495-4047-48d6-942c-350c1fa5c662", "name": "Olympic Sculpture Park", "category": "park", "tags": ["park"], "sources": ["overture"], "website": "www.olympicsculpturepark.org", "phone": "+12066543100", "address": "1300 1st Ave", "stations": [{"stopCode": 51, "lines": "1,2", "name": "Symphony Station", "walkingMeters": 163, "walkingSeconds": 117, "band": 5}, {"stopCode": 50, "lines": "1,2", "name": "Westlake Station", "walkingMeters": 585, "walkingSeconds": 421, "band": 10}, {"stopCode": 52, "lines": "1,2", "name": "Pioneer Square Station", "walkingMeters": 845, "walkingSeconds": 608, "band": 15}]}, "geometry": {"type": "Point", "coordinates": [-122.3379745, 47.6075134]}}, {"type": "Feature", "properties": {"id": "f2b625bb-56b9-4034-b599-d7d8b4cbe69e", "name": "Greenlake", "category": "park", "tags": ["park"], "sources": ["overture"], "address": "6 Th Ave", "stations": [{"stopCode": 51, "lines": "1,2", "name": "Symphony Station", "walkingMeters": 405, "walkingSeconds": 302, "band": 5}, {"stopCode": 50, "lines": "1,2", "name": "Westlake Station", "walkingMeters": 442, "walkingSeconds": 330, "band": 10}, {"stopCode": 52, "lines": "1,2", "name": "Pioneer Square Station", "walkingMeters": 1057, "walkingSeconds": 789, "band": 15}]}, "geometry": {"type": "Point", "coordinates": [-122.3330536, 47.6097679]}}, {"type": "Feature", "properties": {"id": "ca53cd6d-589f-4148-9c4f-b3ba6714a3f8", "name": "Kurt Cobain Park", "category": "park", "tags": ["park"], "sources": ["overture"], "address": "Kurt Cobain Park", "stations": [{"stopCode": 51, "lines": "1,2", "name": "Symphony Station", "walkingMeters": 453, "walkingSeconds": 326, "band": 10}, {"stopCode": 52, "lines": "1,2", "name": "Pioneer Square Station", "walkingMeters": 549, "walkingSeconds": 394, "band": 10}, {"stopCode": 50, "lines": "1,2", "name": "Westlake Station", "walkingMeters": 742, "walkingSeconds": 534, "band": 10}, {"stopCode": 53, "lines": "1,2", "name": "International District Station", "walkingMeters": 1057, "walkingSeconds": 760, "band": 15}]}, "geometry": {"type": "Point", "coordinates": [-122.3320618, 47.6062393]}}, {"type": "Feature", "properties": {"id": "82f6099e-f9c9-4e12-937d-85cc1dbd9871", "name": "Truck park seattle", "category": "park", "tags": ["park"], "sources": ["overture"], "address": "721 1st Ave", "stations": [{"stopCode": 52, "lines": "1,2", "name": "Pioneer Square Station", "walkingMeters": 349, "walkingSeconds": 260, "band": 5}, {"stopCode": 51, "lines": "1,2", "name": "Symphony Station", "walkingMeters": 721, "walkingSeconds": 538, "band": 10}, {"stopCode": 53, "lines": "1,2", "name": "International District Station", "walkingMeters": 931, "walkingSeconds": 695, "band": 15}, {"stopCode": 50, "lines": "1,2", "name": "Westlake Station", "walkingMeters": 1268, "walkingSeconds": 946, "band": 15}]}, "geometry": {"type": "Point", "coordinates": [-122.3347626, 47.6028976]}}, {"type": "Feature", "properties": {"id": 1216904619, "name": "The Corona", "category": "guest_house", "tags": ["guest-house"], "sources": ["osm"], "phone": "+1-206-854-4400", "address": "606 2nd Avenue", "stations": [{"stopCode": 52, "lines": "1,2", "name": "Pioneer Square Station", "walkingMeters": 147, "walkingSeconds": 106, "band": 5}, {"stopCode": 53, "lines": "1,2", "name": "International District Station", "walkingMeters": 690, "walkingSeconds": 498, "band": 10}, {"stopCode": 51, "lines": "1,2", "name": "Symphony Station", "walkingMeters": 715, "walkingSeconds": 514, "band": 10}, {"stopCode": 50, "lines": "1,2", "name": "Westlake Station", "walkingMeters": 1243, "walkingSeconds": 894, "band": 15}]}, "geometry": {"type": "Point", "coordinates": [-122.332563, 47.6026275]}}, {"type": "Feature", "properties": {"id": 1836745861, "name": "Best Western Pioneer Square Hotel", "category": "hotel", "tags": ["hotel"], "sources": ["osm"], "website": "http://www.pioneersquare.com/", "phone": "+1-206-340-1234", "address": "77 Yesler Way", "stations": [{"stopCode": 52, "lines": "1,2", "name": "Pioneer Square Station", "walkingMeters": 364, "walkingSeconds": 262, "band": 5}, {"stopCode": 53, "lines": "1,2", "name": "International District Station", "walkingMeters": 817, "walkingSeconds": 593, "band": 10}, {"stopCode": 51, "lines": "1,2", "name": "Symphony Station", "walkingMeters": 900, "walkingSeconds": 648, "band": 10}]}, "geometry": {"type": "Point", "coordinates": [-122.335257, 47.6016155]}}, {"type": "Feature", "properties": {"id": 2351700845, "name": "Courtyard", "category": "hotel", "tags": ["hotel"], "sources": ["osm"], "website": "https://www.marriott.com/seaps", "phone": "+1-206-625-1111", "address": "620 2nd Avenue", "stations": [{"stopCode": 52, "lines": "1,2", "name": "Pioneer Square Station", "walkingMeters": 180, "walkingSeconds": 129, "band": 5}, {"stopCode": 51, "lines": "1,2", "name": "Symphony Station", "walkingMeters": 682, "walkingSeconds": 490, "band": 10}, {"stopCode": 53, "lines": "1,2", "name": "International District Station", "walkingMeters": 722, "walkingSeconds": 522, "band": 10}, {"stopCode": 50, "lines": "1,2", "name": "Westlake Station", "walkingMeters": 1210, "walkingSeconds": 870, "band": 15}]}, "geometry": {"type": "Point", "coordinates": [-122.332802, 47.602875]}}, {"type": "Feature", "properties": {"id": 2397493407, "name": "Green Tortoise Hostel", "category": "hostel", "tags": ["hostel", "smoking", "wifi"], "sources": ["osm", "overture"], "website": "http://www.greentortoise.net", "phone": "+12063401222", "address": "105B Pike St", "hours": "24/7", "stations": [{"stopCode": 51, "lines": "1,2", "name": "Symphony Station", "walkingMeters": 408, "walkingSeconds": 294, "band": 5}, {"stopCode": 50, "lines": "1,2", "name": "Westlake Station", "walkingMeters": 452, "walkingSeconds": 327, "band": 5}, {"stopCode": 52, "lines": "1,2", "name": "Pioneer Square Station", "walkingMeters": 1101, "walkingSeconds": 792, "band": 15}]}, "geometry": {"type": "Point", "coordinates": [-122.339592, 47.6088346]}}, {"type": "Feature", "properties": {"id": 2404269720, "name": "Hotel Seattle", "category": "hotel", "tags": ["hotel"], "sources": ["osm"], "address": "315 Seneca Street", "stations": [{"stopCode": 51, "lines": "1,2", "name": "Symphony Station", "walkingMeters": 174, "walkingSeconds": 125, "band": 5}, {"stopCode": 50, "lines": "1,2", "name": "Westlake Station", "walkingMeters": 573, "walkingSeconds": 415, "band": 10}, {"stopCode": 52, "lines": "1,2", "name": "Pioneer Square Station", "walkingMeters": 653, "walkingSeconds": 470, "band": 10}]}, "geometry": {"type": "Point", "coordinates": [-122.3344649, 47.6072739]}}, {"type": "Feature", "properties": {"id": 2419075923, "name": "The Arctic Club Seattle", "category": "hotel", "tags": ["hotel"], "sources": ["osm", "overture"], "website": "http://thearcticclubseattle.com/dining-libations/polar-bar", "phone": "(206) 340-0340", "address": "700 3rd Ave", "stations": [{"stopCode": 52, "lines": "1,2", "name": "Pioneer Square Station", "walkingMeters": 154, "walkingSeconds": 110, "band": 5}, {"stopCode": 51, "lines": "1,2", "name": "Symphony Station", "walkingMeters": 560, "walkingSeconds": 403, "band": 10}, {"stopCode": 53, "lines": "1,2", "name": "International District Station", "walkingMeters": 788, "walkingSeconds": 567, "band": 10}, {"stopCode": 50, "lines": "1,2", "name": "Westlake Station", "walkingMeters": 1073, "walkingSeconds": 772, "band": 15}]}, "geometry": {"type": "Point", "coordinates": [-122.331959, 47.6037534]}}, {"type": "Feature", "properties": {"id": 6645051115, "name": "The State Hotel", "category": "hotel", "tags": ["hotel"], "sources": ["osm", "overture"], "website": "http://www.statehotel.com/", "phone": "+18008273900", "address": "1501 2nd Ave", "stations": [{"stopCode": 51, "lines": "1,2", "name": "Symphony Station", "walkingMeters": 376, "walkingSeconds": 272, "band": 5}, {"stopCode": 50, "lines": "1,2", "name": "Westlake Station", "walkingMeters": 390, "walkingSeconds": 280, "band": 5}, {"stopCode": 52, "lines": "1,2", "name": "Pioneer Square Station", "walkingMeters": 1070, "walkingSeconds": 772, "band": 15}]}, "geometry": {"type": "Point", "coordinates": [-122.3392078, 47.6093592]}}, {"type": "Feature", "properties": {"id": 8215586431, "name": "Lotte Hotel Seattle", "category": "hotel", "tags": ["hotel", "air-conditioned"], "sources": ["osm", "overture"], "website": "https://www.lottehotelseattle.com/", "phone": "+12068008110", "address": "809 5th Ave", "stations": [{"stopCode": 52, "lines": "1,2", "name": "Pioneer Square Station", "walkingMeters": 422, "walkingSeconds": 303, "band": 10}, {"stopCode": 51, "lines": "1,2", "name": "Symphony Station", "walkingMeters": 630, "walkingSeconds": 453, "band": 10}, {"stopCode": 50, "lines": "1,2", "name": "Westlake Station", "walkingMeters": 871, "walkingSeconds": 626, "band": 15}, {"stopCode": 53, "lines": "1,2", "name": "International District Station", "walkingMeters": 873, "walkingSeconds": 628, "band": 15}]}, "geometry": {"type": "Point", "coordinates": [-122.33084, 47.6052518]}}, {"type": "Feature", "properties": {"id": 35824976, "name": "Fairmont Olympic Hotel", "category": "hotel", "tags": ["hotel", "wheelchair-accessible", "wifi", "european"], "sources": ["osm", "overture"], "website": "http://www.fairmont.com/seattle", "phone": "+12066211700", "address": "411 University St", "hours": "24/7", "stations": [{"stopCode": 51, "lines": "1,2", "name": "Symphony Station", "walkingMeters": 183, "walkingSeconds": 132, "band": 5}, {"stopCode": 50, "lines": "1,2", "name": "Westlake Station", "walkingMeters": 487, "walkingSeconds": 350, "band": 10}, {"stopCode": 52, "lines": "1,2", "name": "Pioneer Square Station", "walkingMeters": 837, "walkingSeconds": 602, "band": 10}]}, "geometry": {"type": "Point", "coordinates": [-122.3339606, 47.6080973]}}, {"type": "Feature", "properties": {"id": "33deb544-4ea7-460e-8b3d-071c7ef0d11a", "name": "Hotel Nexus", "category": "hotel", "tags": ["hotel", "resort"], "sources": ["overture"], "website": "http://www.hotelnexusseattle.com/", "phone": "2063824877", "address": "1122 3rd Ave", "stations": [{"stopCode": 51, "lines": "1,2", "name": "Symphony Station", "walkingMeters": 169, "walkingSeconds": 124, "band": 5}, {"stopCode": 52, "lines": "1,2", "name": "Pioneer Square Station", "walkingMeters": 517, "walkingSeconds": 384, "band": 10}, {"stopCode": 50, "lines": "1,2", "name": "Westlake Station", "walkingMeters": 700, "walkingSeconds": 504, "band": 10}, {"stopCode": 53, "lines": "1,2", "name": "International District Station", "walkingMeters": 1174, "walkingSeconds": 847, "band": 15}]}, "geometry": {"type": "Point", "coordinates": [-122.3348618, 47.6065025]}}, {"type": "Feature", "properties": {"id": 171729606, "name": "Renaissance Seattle Hotel", "category": "hotel", "tags": ["hotel", "wifi"], "sources": ["osm", "overture"], "website": "https://www.whaef.org/", "phone": "+12065830300", "address": "515 Madison St", "stations": [{"stopCode": 51, "lines": "1,2", "name": "Symphony Station", "walkingMeters": 557, "walkingSeconds": 401, "band": 10}, {"stopCode": 52, "lines": "1,2", "name": "Pioneer Square Station", "walkingMeters": 600, "walkingSeconds": 431, "band": 10}, {"stopCode": 50, "lines": "1,2", "name": "Westlake Station", "walkingMeters": 775, "walkingSeconds": 566, "band": 15}, {"stopCode": 53, "lines": "1,2", "name": "International District Station", "walkingMeters": 1048, "walkingSeconds": 754, "band": 15}]}, "geometry": {"type": "Point", "coordinates": [-122.3307703, 47.60659]}}, {"type": "Feature", "properties": {"id": 232080299, "name": "W Hotel Seattle", "category": "hotel", "tags": ["hotel", "wifi"], "sources": ["osm"], "website": "https://www.marriott.com/hotels/travel/seawh-w-seattle/", "address": "1112 4th Avenue", "stations": [{"stopCode": 51, "lines": "1,2", "name": "Symphony Station", "walkingMeters": 239, "walkingSeconds": 172, "band": 5}, {"stopCode": 50, "lines": "1,2", "name": "Westlake Station", "walkingMeters": 569, "walkingSeconds": 410, "band": 10}, {"stopCode": 52, "lines": "1,2", "name": "Pioneer Square Station", "walkingMeters": 658, "walkingSeconds": 473, "band": 10}]}, "geometry": {"type": "Point", "coordinates": [-122.333648, 47.6073872]}}, {"type": "Feature", "properties": {"id": 232080301, "name": "Executive Hotel Pacific", "category": "hotel", "tags": ["hotel", "wifi"], "sources": ["osm", "overture"], "website": "https://www.executivehotelseattle.com/", "phone": "+12066233900", "address": "400 Spring St", "stations": [{"stopCode": 51, "lines": "1,2", "name": "Symphony Station", "walkingMeters": 306, "walkingSeconds": 220, "band": 5}, {"stopCode": 52, "lines": "1,2", "name": "Pioneer Square Station", "walkingMeters": 623, "walkingSeconds": 448, "band": 10}, {"stopCode": 50, "lines": "1,2", "name": "Westlake Station", "walkingMeters": 637, "walkingSeconds": 459, "band": 10}, {"stopCode": 53, "lines": "1,2", "name": "International District Station", "walkingMeters": 1166, "walkingSeconds": 839, "band": 15}]}, "geometry": {"type": "Point", "coordinates": [-122.333387, 47.6070822]}}, {"type": "Feature", "properties": {"id": 232080837, "name": "Kimpton Hotel Monaco Seattle", "category": "hotel", "tags": ["hotel", "wheelchair-accessible", "wifi"], "sources": ["osm", "overture"], "website": "monaco-seattle.com", "phone": "12066211770", "address": "1101 4th Ave", "stations": [{"stopCode": 51, "lines": "1,2", "name": "Symphony Station", "walkingMeters": 244, "walkingSeconds": 176, "band": 5}, {"stopCode": 50, "lines": "1,2", "name": "Westlake Station", "walkingMeters": 608, "walkingSeconds": 440, "band": 10}, {"stopCode": 52, "lines": "1,2", "name": "Pioneer Square Station", "walkingMeters": 618, "walkingSeconds": 445, "band": 10}, {"stopCode": 53, "lines": "1,2", "name": "International District Station", "walkingMeters": 1177, "walkingSeconds": 848, "band": 15}]}, "geometry": {"type": "Point", "coordinates": [-122.3341143, 47.6069385]}}, {"type": "Feature", "properties": {"id": 240874277, "name": "Madison Tower/Hotel 1000", "category": "hotel", "tags": ["hotel"], "sources": ["osm"], "website": "https://www.hotel1000seattle.com/", "address": "1000 1st Avenue", "stations": [{"stopCode": 51, "lines": "1,2", "name": "Symphony Station", "walkingMeters": 439, "walkingSeconds": 316, "band": 5}, {"stopCode": 52, "lines": "1,2", "name": "Pioneer Square Station", "walkingMeters": 612, "walkingSeconds": 440, "band": 10}, {"stopCode": 50, "lines": "1,2", "name": "Westlake Station", "walkingMeters": 962, "walkingSeconds": 692, "band": 15}, {"stopCode": 53, "lines": "1,2", "name": "International District Station", "walkingMeters": 1106, "walkingSeconds": 801, "band": 15}]}, "geometry": {"type": "Point", "coordinates": [-122.3361284, 47.6050647]}}, {"type": "Feature", "properties": {"id": 284148768, "name": "The Alexis Royal Sonesta Hotel Seattle", "category": "hotel", "tags": ["hotel", "wifi"], "sources": ["osm", "overture"], "website": "http://www.alexishotel.com/", "phone": "+12066244844", "address": "1007 1st Ave", "stations": [{"stopCode": 51, "lines": "1,2", "name": "Symphony Station", "walkingMeters": 493, "walkingSeconds": 354, "band": 5}, {"stopCode": 52, "lines": "1,2", "name": "Pioneer Square Station", "walkingMeters": 670, "walkingSeconds": 484, "band": 10}, {"stopCode": 50, "lines": "1,2", "name": "Westlake Station", "walkingMeters": 1016, "walkingSeconds": 731, "band": 15}, {"stopCode": 53, "lines": "1,2", "name": "International District Station", "walkingMeters": 1159, "walkingSeconds": 840, "band": 15}]}, "geometry": {"type": "Point", "coordinates": [-122.3367717, 47.6047711]}}, {"type": "Feature", "properties": {"id": 357283830, "name": "Four Seasons Seattle", "category": "hotel", "tags": ["hotel", "reservations", "wheelchair-accessible", "has-bar", "air-conditioned", "wifi"], "sources": ["osm"], "website": "https://www.fourseasons.com/seattle/", "phone": "+1-206-749-7000", "address": "99 Union Street", "stations": [{"stopCode": 51, "lines": "1,2", "name": "Symphony Station", "walkingMeters": 296, "walkingSeconds": 213, "band": 5}, {"stopCode": 50, "lines": "1,2", "name": "Westlake Station", "walkingMeters": 650, "walkingSeconds": 467, "band": 10}, {"stopCode": 52, "lines": "1,2", "name": "Pioneer Square Station", "walkingMeters": 974, "walkingSeconds": 700, "band": 15}]}, "geometry": {"type": "Point", "coordinates": [-122.3391648, 47.6073807]}}, {"type": "Feature", "properties": {"id": 358232880, "name": "Hotel Vintage", "category": "hotel", "tags": ["hotel"], "sources": ["osm"], "website": "https://www.kimptonhotels.com/stay/hotel-vintage-seattle-wa", "phone": "+1-206-624-8000", "address": "1100 5th Avenue", "stations": [{"stopCode": 51, "lines": "1,2", "name": "Symphony Station", "walkingMeters": 396, "walkingSeconds": 285, "band": 10}, {"stopCode": 50, "lines": "1,2", "name": "Westlake Station", "walkingMeters": 614, "walkingSeconds": 449, "band": 10}, {"stopCode": 52, "lines": "1,2", "name": "Pioneer Square Station", "walkingMeters": 716, "walkingSeconds": 515, "band": 10}]}, "geometry": {"type": "Point", "coordinates": [-122.3322749, 47.6075438]}}, {"type": "Feature", "properties": {"id": 358980801, "name": "Hilton Seattle", "category": "hotel", "tags": ["hotel", "wifi"], "sources": ["osm"], "website": "https://www3.hilton.com/en/hotels/washington/hilton-seattle-SEASHHF/index.html", "phone": "+1-206-624-0500", "address": "1301 6th Avenue", "stations": [{"stopCode": 51, "lines": "1,2", "name": "Symphony Station", "walkingMeters": 303, "walkingSeconds": 218, "band": 5}, {"stopCode": 50, "lines": "1,2", "name": "Westlake Station", "walkingMeters": 480, "walkingSeconds": 345, "band": 10}, {"stopCode": 52, "lines": "1,2", "name": "Pioneer Square Station", "walkingMeters": 971, "walkingSeconds": 700, "band": 15}]}, "geometry": {"type": "Point", "coordinates": [-122.3332463, 47.6093252]}}, {"type": "Feature", "properties": {"id": 396824069, "name": "Crowne Plaza Seattle Downtown", "category": "hotel", "tags": ["hotel", "wheelchair-accessible"], "sources": ["osm", "overture"], "website": "https://www.ihg.com/crowneplaza/hotels/us/en/seattle/seadt/hoteldetail?cm_mmc=FacebookMaps-_-CP-_-US-_-SEADT", "phone": "+12064641980", "address": "1113 6th Ave", "stations": [{"stopCode": 51, "lines": "1,2", "name": "Symphony Station", "walkingMeters": 366, "walkingSeconds": 263, "band": 10}, {"stopCode": 50, "lines": "1,2", "name": "Westlake Station", "walkingMeters": 581, "walkingSeconds": 420, "band": 10}, {"stopCode": 52, "lines": "1,2", "name": "Pioneer Square Station", "walkingMeters": 793, "walkingSeconds": 570, "band": 15}]}, "geometry": {"type": "Point", "coordinates": [-122.3321214, 47.6080905]}}, {"type": "Feature", "properties": {"id": 1126424741, "name": "citizenM Seattle Pioneer Square", "category": "hotel", "tags": ["hotel", "wifi"], "sources": ["osm", "overture"], "website": "https://www.citizenm.com/hotels/united-states/seattle/seattle-pioneer-square-hotel?utm_source=Facebook&utm_medium=Yext&y_source=1_NDkyNzM5MzQtNTU5LWxvY2F0aW9uLndlYnNpdGU%3D", "phone": "+12068860560", "address": "60 Yesler Wy", "stations": [{"stopCode": 52, "lines": "1,2", "name": "Pioneer Square Station", "walkingMeters": 404, "walkingSeconds": 290, "band": 5}, {"stopCode": 53, "lines": "1,2", "name": "International District Station", "walkingMeters": 874, "walkingSeconds": 634, "band": 15}, {"stopCode": 51, "lines": "1,2", "name": "Symphony Station", "walkingMeters": 894, "walkingSeconds": 644, "band": 10}]}, "geometry": {"type": "Point", "coordinates": [-122.335857, 47.602007]}}, {"type": "Feature", "properties": {"id": "f34087d9-32cc-4e6a-ba98-b586a85117b6", "name": "Four Seasons Hotel Seattle", "category": "hotel", "tags": ["hotel"], "sources": ["overture"], "website": "http://www.fourseasons.com/seattle/", "phone": "+12067497000", "address": "99 Union St", "stations": [{"stopCode": 51, "lines": "1,2", "name": "Symphony Station", "walkingMeters": 328, "walkingSeconds": 236, "band": 5}, {"stopCode": 50, "lines": "1,2", "name": "Westlake Station", "walkingMeters": 628, "walkingSeconds": 452, "band": 10}, {"stopCode": 52, "lines": "1,2", "name": "Pioneer Square Station", "walkingMeters": 1016, "walkingSeconds": 731, "band": 15}]}, "geometry": {"type": "Point", "coordinates": [-122.3393021, 47.6076813]}}, {"type": "Feature", "properties": {"id": "dc8e507c-444e-42d8-a739-3d46fc9276bb", "name": "Executive Residence Inc", "category": "hotel", "tags": ["hotel"], "sources": ["overture"], "website": "https://www.executiveresidence.com", "address": "1200 Western Ave  Ste 103", "stations": [{"stopCode": 51, "lines": "1,2", "name": "Symphony Station", "walkingMeters": 363, "walkingSeconds": 271, "band": 5}, {"stopCode": 50, "lines": "1,2", "name": "Westlake Station", "walkingMeters": 815, "walkingSeconds": 608, "band": 10}, {"stopCode": 52, "lines": "1,2", "name": "Pioneer Square Station", "walkingMeters": 896, "walkingSeconds": 669, "band": 15}]}, "geometry": {"type": "Point", "coordinates": [-122.3387604, 47.6061058]}}, {"type": "Feature", "properties": {"id": "1b720a03-902b-4f8c-b7b0-eef9191f2cfb", "name": "Harbor Steps Apartments", "category": "guest_house", "tags": ["guest-house", "guest", "house"], "sources": ["overture"], "website": "http://equityapartments.com/seattle/downtown-seattle/harbor-steps-apartments", "phone": "2066820800", "address": "1221 1st Ave", "stations": [{"stopCode": 51, "lines": "1,2", "name": "Symphony Station", "walkingMeters": 301, "walkingSeconds": 225, "band": 5}, {"stopCode": 50, "lines": "1,2", "name": "Westlake Station", "walkingMeters": 763, "walkingSeconds": 569, "band": 10}, {"stopCode": 52, "lines": "1,2", "name": "Pioneer Square Station", "walkingMeters": 886, "walkingSeconds": 661, "band": 10}]}, "geometry": {"type": "Point", "coordinates": [-122.3383026, 47.6064034]}}, {"type": "Feature", "properties": {"id": "0411a703-f932-478a-bab7-3dbbdd9ba143", "name": "Inn At Harbor Steps", "category": "hotel", "tags": ["hotel"], "sources": ["overture"], "website": "http://www.innatharborsteps.com", "phone": "(206) 748-0973", "address": "1221 1st Ave", "stations": [{"stopCode": 51, "lines": "1,2", "name": "Symphony Station", "walkingMeters": 254, "walkingSeconds": 182, "band": 5}, {"stopCode": 50, "lines": "1,2", "name": "Westlake Station", "walkingMeters": 774, "walkingSeconds": 556, "band": 10}, {"stopCode": 52, "lines": "1,2", "name": "Pioneer Square Station", "walkingMeters": 843, "walkingSeconds": 607, "band": 10}]}, "geometry": {"type": "Point", "coordinates": [-122.3382492, 47.6063957]}}, {"type": "Feature", "properties": {"id": "a99abb16-2d50-4fa9-98ce-b1814b29a8fc", "name": "W Seattle", "category": "hotel", "tags": ["hotel"], "sources": ["overture"], "website": "https://www.marriott.com/hotels/travel/SEAWH", "phone": "+12062646000", "address": "1112 4th Ave", "stations": [{"stopCode": 51, "lines": "1,2", "name": "Symphony Station", "walkingMeters": 230, "walkingSeconds": 165, "band": 5}, {"stopCode": 50, "lines": "1,2", "name": "Westlake Station", "walkingMeters": 560, "walkingSeconds": 403, "band": 10}, {"stopCode": 52, "lines": "1,2", "name": "Pioneer Square Station", "walkingMeters": 706, "walkingSeconds": 508, "band": 10}]}, "geometry": {"type": "Point", "coordinates": [-122.3336792, 47.6074181]}}, {"type": "Feature", "properties": {"id": "109a39f5-d6f5-4b44-a54d-bfd9fe4fd3ec", "name": "Spanish Ballroom", "category": "hotel", "tags": ["hotel"], "sources": ["overture"], "website": "http://m.fairmont.com/seattle/meetings-weddings", "phone": "+12066211700", "address": "411 University St", "stations": [{"stopCode": 51, "lines": "1,2", "name": "Symphony Station", "walkingMeters": 233, "walkingSeconds": 168, "band": 5}, {"stopCode": 50, "lines": "1,2", "name": "Westlake Station", "walkingMeters": 542, "walkingSeconds": 390, "band": 10}, {"stopCode": 52, "lines": "1,2", "name": "Pioneer Square Station", "walkingMeters": 744, "walkingSeconds": 535, "band": 10}]}, "geometry": {"type": "Point", "coordinates": [-122.3338547, 47.6079865]}}, {"type": "Feature", "properties": {"id": "664f861d-f7b3-41ad-b0aa-a4a7949aa5b3", "name": "Roslyn Hideaways", "category": "guest_house", "tags": ["guest-house", "bed", "breakfast"], "sources": ["overture"], "website": "https://roslynhideaways.com/", "phone": "5093966650", "address": "114 W 1st St Ste 11", "stations": [{"stopCode": 51, "lines": "1,2", "name": "Symphony Station", "walkingMeters": 154, "walkingSeconds": 110, "band": 5}, {"stopCode": 50, "lines": "1,2", "name": "Westlake Station", "walkingMeters": 378, "walkingSeconds": 272, "band": 5}, {"stopCode": 52, "lines": "1,2", "name": "Pioneer Square Station", "walkingMeters": 850, "walkingSeconds": 611, "band": 15}]}, "geometry": {"type": "Point", "coordinates": [-122.3365707, 47.6089363]}}, {"type": "Feature", "properties": {"id": "5289b04c-4344-4119-9419-d39e174a3383", "name": "Grand Pacific Hotel (Seattle)", "category": "hotel", "tags": ["hotel"], "sources": ["overture"], "website": "http://en.wikipedia.org/wiki/index.html?curid=29729333", "stations": [{"stopCode": 50, "lines": "1,2", "name": "Westlake Station", "walkingMeters": 238, "walkingSeconds": 178, "band": 5}, {"stopCode": 51, "lines": "1,2", "name": "Symphony Station", "walkingMeters": 316, "walkingSeconds": 236, "band": 5}, {"stopCode": 52, "lines": "1,2", "name": "Pioneer Square Station", "walkingMeters": 1172, "walkingSeconds": 875, "band": 15}]}, "geometry": {"type": "Point", "coordinates": [-122.3360138, 47.609993]}}, {"type": "Feature", "properties": {"id": "035b661f-7a7d-4373-b1f7-2498c2cf0a68", "name": "Coast Seattle Downtown Hotel", "category": "hotel", "tags": ["hotel"], "sources": ["overture"], "website": "https://www.coasthotels.com", "phone": "+12066240500", "address": "1301 6th Avenue", "stations": [{"stopCode": 51, "lines": "1,2", "name": "Symphony Station", "walkingMeters": 328, "walkingSeconds": 236, "band": 5}, {"stopCode": 50, "lines": "1,2", "name": "Westlake Station", "walkingMeters": 485, "walkingSeconds": 348, "band": 10}, {"stopCode": 52, "lines": "1,2", "name": "Pioneer Square Station", "walkingMeters": 996, "walkingSeconds": 719, "band": 15}]}, "geometry": {"type": "Point", "coordinates": [-122.3332825, 47.6093941]}}, {"type": "Feature", "properties": {"id": "0845f758-a8e3-41e9-8794-bfd308b19690", "name": "Inn at the WAC", "category": "hotel", "tags": ["hotel"], "sources": ["overture"], "website": "http://wac.net/inn-at-the-wac/", "phone": "+12064643055", "address": "1325 6th Ave", "stations": [{"stopCode": 51, "lines": "1,2", "name": "Symphony Station", "walkingMeters": 361, "walkingSeconds": 259, "band": 5}, {"stopCode": 50, "lines": "1,2", "name": "Westlake Station", "walkingMeters": 421, "walkingSeconds": 303, "band": 5}, {"stopCode": 52, "lines": "1,2", "name": "Pioneer Square Station", "walkingMeters": 1031, "walkingSeconds": 742, "band": 15}]}, "geometry": {"type": "Point", "coordinates": [-122.3333817, 47.6097031]}}, {"type": "Feature", "properties": {"id": "fd7a803a-eb0e-43eb-a66b-09de35841d36", "name": "Kimpton Hotel Vintage Seattle", "category": "hotel", "tags": ["hotel"], "sources": ["overture"], "website": "https://www.hotelvintage-seattle.com/", "phone": "+12066248000", "address": "1100 5th Ave", "stations": [{"stopCode": 51, "lines": "1,2", "name": "Symphony Station", "walkingMeters": 351, "walkingSeconds": 253, "band": 5}, {"stopCode": 50, "lines": "1,2", "name": "Westlake Station", "walkingMeters": 567, "walkingSeconds": 416, "band": 10}, {"stopCode": 52, "lines": "1,2", "name": "Pioneer Square Station", "walkingMeters": 722, "walkingSeconds": 519, "band": 10}]}, "geometry": {"type": "Point", "coordinates": [-122.3325729, 47.6075974]}}, {"type": "Feature", "properties": {"id": "ca62de80-2d20-4386-a110-7668b3290c0c", "name": "Hotel 1000", "category": "hotel", "tags": ["hotel"], "sources": ["overture"], "website": "http://www.hotel1000seattle.com/", "phone": "2069571000", "address": "1000 1st Ave", "stations": [{"stopCode": 51, "lines": "1,2", "name": "Symphony Station", "walkingMeters": 429, "walkingSeconds": 309, "band": 5}, {"stopCode": 52, "lines": "1,2", "name": "Pioneer Square Station", "walkingMeters": 621, "walkingSeconds": 447, "band": 10}, {"stopCode": 50, "lines": "1,2", "name": "Westlake Station", "walkingMeters": 953, "walkingSeconds": 685, "band": 15}, {"stopCode": 53, "lines": "1,2", "name": "International District Station", "walkingMeters": 1115, "walkingSeconds": 808, "band": 15}]}, "geometry": {"type": "Point", "coordinates": [-122.3361206, 47.6050415]}}, {"type": "Feature", "properties": {"id": "de13cdd6-bd17-4331-8da1-1f9cce261a1c", "name": "Prestige Resorts & Dstntns", "category": "hotel", "tags": ["hotel"], "sources": ["overture"], "website": "http://prestigeresorts.com", "phone": "(206) 749-0233", "address": "506 2nd Ave", "stations": [{"stopCode": 52, "lines": "1,2", "name": "Pioneer Square Station", "walkingMeters": 140, "walkingSeconds": 102, "band": 5}, {"stopCode": 53, "lines": "1,2", "name": "International District Station", "walkingMeters": 601, "walkingSeconds": 434, "band": 10}, {"stopCode": 51, "lines": "1,2", "name": "Symphony Station", "walkingMeters": 834, "walkingSeconds": 601, "band": 10}, {"stopCode": 50, "lines": "1,2", "name": "Westlake Station", "walkingMeters": 1363, "walkingSeconds": 981, "band": 15}]}, "geometry": {"type": "Point", "coordinates": [-122.3317032, 47.6019249]}}, {"type": "Feature", "properties": {"id": "a27c7b92-eb86-4f30-996d-270b4e18c3ce", "name": "The Morrison", "category": "hotel", "tags": ["hotel"], "sources": ["overture"], "website": "http://desc.org", "address": "513 3rd Ave", "stations": [{"stopCode": 52, "lines": "1,2", "name": "Pioneer Square Station", "walkingMeters": 43, "walkingSeconds": 32, "band": 5}, {"stopCode": 53, "lines": "1,2", "name": "International District Station", "walkingMeters": 658, "walkingSeconds": 491, "band": 10}, {"stopCode": 51, "lines": "1,2", "name": "Symphony Station", "walkingMeters": 917, "walkingSeconds": 684, "band": 10}, {"stopCode": 50, "lines": "1,2", "name": "Westlake Station", "walkingMeters": 1439, "walkingSeconds": 1074, "band": 15}]}, "geometry": {"type": "Point", "coordinates": [-122.3313904, 47.6022873]}}, {"type": "Feature", "properties": {"id": "859c1390-e178-45c2-8987-3073bb1af0b3", "name": "Morrison Hotel", "category": "hotel", "tags": ["hotel"], "sources": ["overture"], "phone": "+12065151545", "address": "509 3rd Ave", "stations": [{"stopCode": 52, "lines": "1,2", "name": "Pioneer Square Station", "walkingMeters": 80, "walkingSeconds": 58, "band": 5}, {"stopCode": 53, "lines": "1,2", "name": "International District Station", "walkingMeters": 618, "walkingSeconds": 447, "band": 10}, {"stopCode": 51, "lines": "1,2", "name": "Symphony Station", "walkingMeters": 733, "walkingSeconds": 528, "band": 10}, {"stopCode": 50, "lines": "1,2", "name": "Westlake Station", "walkingMeters": 1261, "walkingSeconds": 908, "band": 15}]}, "geometry": {"type": "Point", "coordinates": [-122.3312378, 47.6022453]}}, {"type": "Feature", "properties": {"id": "f7e55310-08e5-45d1-b0f7-c2f1cd8dd706", "name": "Courtyard by Marriott Seattle Downtown/Pioneer Square", "category": "hotel", "tags": ["hotel"], "sources": ["overture"], "website": "https://www.marriott.com/en-us/hotels/seaps-courtyard-seattle-downtown-pioneer-square/overview/?scid=d2406702-e8ea-4b45-bb9b-69cddaaef03d", "phone": "+12066251111", "address": "612 2nd Ave", "stations": [{"stopCode": 52, "lines": "1,2", "name": "Pioneer Square Station", "walkingMeters": 166, "walkingSeconds": 124, "band": 5}, {"stopCode": 51, "lines": "1,2", "name": "Symphony Station", "walkingMeters": 778, "walkingSeconds": 581, "band": 10}, {"stopCode": 53, "lines": "1,2", "name": "International District Station", "walkingMeters": 806, "walkingSeconds": 601, "band": 10}, {"stopCode": 50, "lines": "1,2", "name": "Westlake Station", "walkingMeters": 1314, "walkingSeconds": 981, "band": 15}]}, "geometry": {"type": "Point", "coordinates": [-122.3328552, 47.6028671]}}, {"type": "Feature", "properties": {"id": "b4162408-3009-45ee-91a9-fa1f97b5ef20", "name": "Embassy suites", "category": "hotel", "tags": ["hotel"], "sources": ["overture"], "website": "http://www.marriott.com/", "phone": "+12066253270", "stations": [{"stopCode": 52, "lines": "1,2", "name": "Pioneer Square Station", "walkingMeters": 177, "walkingSeconds": 127, "band": 5}, {"stopCode": 53, "lines": "1,2", "name": "International District Station", "walkingMeters": 694, "walkingSeconds": 507, "band": 10}, {"stopCode": 51, "lines": "1,2", "name": "Symphony Station", "walkingMeters": 724, "walkingSeconds": 520, "band": 10}, {"stopCode": 50, "lines": "1,2", "name": "Westlake Station", "walkingMeters": 1252, "walkingSeconds": 900, "band": 15}]}, "geometry": {"type": "Point", "coordinates": [-122.3330994, 47.6025009]}}, {"type": "Feature", "properties": {"id": "83d75239-1ab0-402b-8f1a-92ef36f863f8", "name": "Arctic Club Hotel", "category": "hotel", "tags": ["hotel"], "sources": ["overture"], "website": "www.thearcticclubhotel.com", "phone": "12067769090", "address": "700 3rd Ave", "stations": [{"stopCode": 52, "lines": "1,2", "name": "Pioneer Square Station", "walkingMeters": 163, "walkingSeconds": 117, "band": 5}, {"stopCode": 51, "lines": "1,2", "name": "Symphony Station", "walkingMeters": 590, "walkingSeconds": 424, "band": 10}, {"stopCode": 53, "lines": "1,2", "name": "International District Station", "walkingMeters": 797, "walkingSeconds": 574, "band": 10}, {"stopCode": 50, "lines": "1,2", "name": "Westlake Station", "walkingMeters": 1068, "walkingSeconds": 769, "band": 15}]}, "geometry": {"type": "Point", "coordinates": [-122.3319092, 47.6038742]}}, {"type": "Feature", "properties": {"id": "0b0c887f-59ca-42af-b619-15f83a4a6365", "name": "State Hotel", "category": "hotel", "tags": ["hotel"], "sources": ["overture"], "website": "http://statehotel.com/", "address": "114 1st Ave S", "stations": [{"stopCode": 52, "lines": "1,2", "name": "Pioneer Square Station", "walkingMeters": 296, "walkingSeconds": 213, "band": 5}, {"stopCode": 53, "lines": "1,2", "name": "International District Station", "walkingMeters": 659, "walkingSeconds": 476, "band": 10}, {"stopCode": 51, "lines": "1,2", "name": "Symphony Station", "walkingMeters": 932, "walkingSeconds": 671, "band": 15}]}, "geometry": {"type": "Point", "coordinates": [-122.333786, 47.6010132]}}, {"type": "Feature", "properties": {"id": "8905341b-4168-40e7-833f-219fdef84984", "name": "Best Western Plus Pioneer Square Hotel Downtown", "category": "hotel", "tags": ["hotel"], "sources": ["overture"], "website": "https://www.bestwestern.com/en_US/book/hotel-rooms.48128.html?iata=00171890&ssob=BLBWI0003G&cid=BLBWI0003G%3Ayext%3Awebsite%3A48128", "phone": "+12063401234", "address": "77 Yesler Way", "stations": [{"stopCode": 52, "lines": "1,2", "name": "Pioneer Square Station", "walkingMeters": 368, "walkingSeconds": 265, "band": 5}, {"stopCode": 53, "lines": "1,2", "name": "International District Station", "walkingMeters": 821, "walkingSeconds": 596, "band": 10}, {"stopCode": 51, "lines": "1,2", "name": "Symphony Station", "walkingMeters": 896, "walkingSeconds": 645, "band": 10}]}, "geometry": {"type": "Point", "coordinates": [-122.3353424, 47.6015739]}}, {"type": "Feature", "properties": {"id": "60ce7e9e-fbba-45dc-af38-559d32cd8dba", "name": "City Soups", "category": "deli", "tags": ["deli", "delicatessen"], "sources": ["overture"], "website": "http://www.citysoups.com", "phone": "(206) 344-4087", "address": "713 2nd Ave # 200", "stations": [{"stopCode": 52, "lines": "1,2", "name": "Pioneer Square Station", "walkingMeters": 238, "walkingSeconds": 178, "band": 5}, {"stopCode": 51, "lines": "1,2", "name": "Symphony Station", "walkingMeters": 728, "walkingSeconds": 543, "band": 10}, {"stopCode": 53, "lines": "1,2", "name": "International District Station", "walkingMeters": 869, "walkingSeconds": 649, "band": 10}, {"stopCode": 50, "lines": "1,2", "name": "Westlake Station", "walkingMeters": 1269, "walkingSeconds": 947, "band": 15}]}, "geometry": {"type": "Point", "coordinates": [-122.3335419, 47.6030579]}}, {"type": "Feature", "properties": {"id": 2351695589, "name": "Roma", "category": "clothes", "tags": ["clothes"], "sources": ["osm"], "address": "212 1st Avenue South", "stations": [{"stopCode": 52, "lines": "1,2", "name": "Pioneer Square Station", "walkingMeters": 414, "walkingSeconds": 298, "band": 5}, {"stopCode": 53, "lines": "1,2", "name": "International District Station", "walkingMeters": 658, "walkingSeconds": 475, "band": 10}, {"stopCode": 51, "lines": "1,2", "name": "Symphony Station", "walkingMeters": 994, "walkingSeconds": 715, "band": 15}]}, "geometry": {"type": "Point", "coordinates": [-122.3339788, 47.6004067]}}, {"type": "Feature", "properties": {"id": "21425f5a-c179-4672-a664-1be65081938b", "name": "Jersey Mike's Subs", "category": "deli", "tags": ["deli", "delicatessen"], "sources": ["overture"], "website": "https://www.jerseymikes.com/18016", "phone": "(206) 402-5761", "address": "1418 1St Avenue", "stations": [{"stopCode": 51, "lines": "1,2", "name": "Symphony Station", "walkingMeters": 317, "walkingSeconds": 237, "band": 5}, {"stopCode": 50, "lines": "1,2", "name": "Westlake Station", "walkingMeters": 530, "walkingSeconds": 396, "band": 10}, {"stopCode": 52, "lines": "1,2", "name": "Pioneer Square Station", "walkingMeters": 1137, "walkingSeconds": 849, "band": 15}]}, "geometry": {"type": "Point", "coordinates": [-122.3391876, 47.6083069]}}, {"type": "Feature", "properties": {"id": "875c4851-9c1f-4a55-b14b-d1f8881457b7", "name": "Market Fresh", "category": "deli", "tags": ["deli", "delicatessen"], "sources": ["overture"], "website": "http://marketfreshfinefoods.com", "phone": "+12064474599", "address": "701 5th Ave Class / Lab Service Area", "stations": [{"stopCode": 52, "lines": "1,2", "name": "Pioneer Square Station", "walkingMeters": 270, "walkingSeconds": 201, "band": 5}, {"stopCode": 51, "lines": "1,2", "name": "Symphony Station", "walkingMeters": 737, "walkingSeconds": 550, "band": 10}, {"stopCode": 53, "lines": "1,2", "name": "International District Station", "walkingMeters": 900, "walkingSeconds": 672, "band": 15}, {"stopCode": 50, "lines": "1,2", "name": "Westlake Station", "walkingMeters": 1209, "walkingSeconds": 902, "band": 15}]}, "geometry": {"type": "Point", "coordinates": [-122.3304596, 47.6043549]}}, {"type": "Feature", "properties": {"id": 2404316437, "name": "7-Eleven", "category": "convenience", "tags": ["convenience", "delivery"], "sources": ["osm", "overture"], "website": "https://www.7-eleven.com/", "phone": "+12066822866", "address": "810 3rd Ave", "stations": [{"stopCode": 52, "lines": "1,2", "name": "Pioneer Square Station", "walkingMeters": 305, "walkingSeconds": 219, "band": 5}, {"stopCode": 51, "lines": "1,2", "name": "Symphony Station", "walkingMeters": 408, "walkingSeconds": 294, "band": 5}, {"stopCode": 50, "lines": "1,2", "name": "Westlake Station", "walkingMeters": 922, "walkingSeconds": 663, "band": 15}, {"stopCode": 53, "lines": "1,2", "name": "International District Station", "walkingMeters": 939, "walkingSeconds": 676, "band": 15}]}, "geometry": {"type": "Point", "coordinates": [-122.3330899, 47.604863]}}, {"type": "Feature", "properties": {"id": "cc258d99-7090-4129-98da-6fd7a10aa728", "name": "7-Eleven", "category": "convenience", "tags": ["convenience"], "sources": ["overture"], "website": "https://www.7-eleven.com/locations/wa/seattle/627-1st-ave-35541", "phone": "2064675979", "address": "627 1st Ave", "stations": [{"stopCode": 52, "lines": "1,2", "name": "Pioneer Square Station", "walkingMeters": 330, "walkingSeconds": 246, "band": 5}, {"stopCode": 51, "lines": "1,2", "name": "Symphony Station", "walkingMeters": 785, "walkingSeconds": 586, "band": 10}, {"stopCode": 53, "lines": "1,2", "name": "International District Station", "walkingMeters": 876, "walkingSeconds": 654, "band": 10}, {"stopCode": 50, "lines": "1,2", "name": "Westlake Station", "walkingMeters": 1332, "walkingSeconds": 994, "band": 15}]}, "geometry": {"type": "Point", "coordinates": [-122.3345947, 47.6024666]}}, {"type": "Feature", "properties": {"id": "044f7a57-324a-4f69-8245-50a3deaf98ce", "name": "University Bookstore", "category": "books", "tags": ["books"], "sources": ["overture"], "website": "http://www.ubookstore.com", "phone": "+12062239505", "address": "1225 4th Ave", "stations": [{"stopCode": 51, "lines": "1,2", "name": "Symphony Station", "walkingMeters": 109, "walkingSeconds": 78, "band": 5}, {"stopCode": 50, "lines": "1,2", "name": "Westlake Station", "walkingMeters": 473, "walkingSeconds": 343, "band": 10}, {"stopCode": 52, "lines": "1,2", "name": "Pioneer Square Station", "walkingMeters": 753, "walkingSeconds": 542, "band": 10}]}, "geometry": {"type": "Point", "coordinates": [-122.3350906, 47.6079292]}}, {"type": "Feature", "properties": {"id": 2169291670, "name": "Target", "category": "department_store", "tags": ["department-store", "wheelchair-accessible", "wifi", "department"], "sources": ["osm", "overture"], "website": "https://www.target.com/sl/seattle-pike-plaza/2786", "phone": "+12064943250", "address": "1401 2nd Ave Seattle, WA 98101", "hours": "Mo-Su 08:00-22:00", "stations": [{"stopCode": 51, "lines": "1,2", "name": "Symphony Station", "walkingMeters": 303, "walkingSeconds": 218, "band": 5}, {"stopCode": 50, "lines": "1,2", "name": "Westlake Station", "walkingMeters": 512, "walkingSeconds": 370, "band": 10}, {"stopCode": 52, "lines": "1,2", "name": "Pioneer Square Station", "walkingMeters": 996, "walkingSeconds": 717, "band": 15}]}, "geometry": {"type": "Point", "coordinates": [-122.338663, 47.6084433]}}, {"type": "Feature", "properties": {"id": "b8ccd282-7db4-4ace-bc95-c68a7dd37dff", "name": "T.J. Maxx", "category": "clothes", "tags": ["clothes"], "sources": ["overture"], "website": "https://tjmaxx.tjx.com/store/index.jsp", "phone": "2062621736", "address": "1419 3rd Ave", "stations": [{"stopCode": 51, "lines": "1,2", "name": "Symphony Station", "walkingMeters": 248, "walkingSeconds": 178, "band": 5}, {"stopCode": 50, "lines": "1,2", "name": "Westlake Station", "walkingMeters": 380, "walkingSeconds": 273, "band": 5}, {"stopCode": 52, "lines": "1,2", "name": "Pioneer Square Station", "walkingMeters": 945, "walkingSeconds": 680, "band": 15}]}, "geometry": {"type": "Point", "coordinates": [-122.3377609, 47.6091919]}}, {"type": "Feature", "properties": {"id": 1216902579, "name": "Seattle Flowers", "category": "florist", "tags": ["florist"], "sources": ["osm"], "phone": "+1-206-728-2588", "address": "600 2nd Avenue", "hours": "Mo-Fr 08:00-16:30; Sa 08:00-16:30; Su 08:00-14:00", "stations": [{"stopCode": 52, "lines": "1,2", "name": "Pioneer Square Station", "walkingMeters": 116, "walkingSeconds": 84, "band": 5}, {"stopCode": 53, "lines": "1,2", "name": "International District Station", "walkingMeters": 674, "walkingSeconds": 487, "band": 10}, {"stopCode": 51, "lines": "1,2", "name": "Symphony Station", "walkingMeters": 736, "walkingSeconds": 530, "band": 10}, {"stopCode": 50, "lines": "1,2", "name": "Westlake Station", "walkingMeters": 1264, "walkingSeconds": 910, "band": 15}]}, "geometry": {"type": "Point", "coordinates": [-122.332397, 47.6024841]}}, {"type": "Feature", "properties": {"id": 2354406522, "name": "Tobacco Patch", "category": "tobacco", "tags": ["tobacco"], "sources": ["osm"], "phone": "+1-206-728-7291", "address": "89 Yesler Way", "stations": [{"stopCode": 52, "lines": "1,2", "name": "Pioneer Square Station", "walkingMeters": 339, "walkingSeconds": 244, "band": 5}, {"stopCode": 53, "lines": "1,2", "name": "International District Station", "walkingMeters": 792, "walkingSeconds": 575, "band": 10}, {"stopCode": 51, "lines": "1,2", "name": "Symphony Station", "walkingMeters": 884, "walkingSeconds": 636, "band": 10}]}, "geometry": {"type": "Point", "coordinates": [-122.3347657, 47.6015993]}}, {"type": "Feature", "properties": {"id": 2054069564, "name": "Diva Dollz", "category": "clothes", "tags": ["clothes", "womens"], "sources": ["osm", "overture"], "website": "https://divadollz.com", "phone": "12066522299", "address": "624 1st Ave", "hours": "Mo-Su 12:00-18:00", "stations": [{"stopCode": 52, "lines": "1,2", "name": "Pioneer Square Station", "walkingMeters": 292, "walkingSeconds": 210, "band": 5}, {"stopCode": 51, "lines": "1,2", "name": "Symphony Station", "walkingMeters": 745, "walkingSeconds": 536, "band": 10}, {"stopCode": 53, "lines": "1,2", "name": "International District Station", "walkingMeters": 790, "walkingSeconds": 574, "band": 10}, {"stopCode": 50, "lines": "1,2", "name": "Westlake Station", "walkingMeters": 1271, "walkingSeconds": 914, "band": 15}]}, "geometry": {"type": "Point", "coordinates": [-122.333998, 47.6025376]}}, {"type": "Feature", "properties": {"id": 2351695471, "name": "Beguiled Books", "category": "books", "tags": ["books"], "sources": ["osm", "overture"], "website": "http://www.beguiledbooks.com/", "phone": "+12068669129", "address": "109 1st Ave S", "hours": "Tu-Th 11:00-18:00; Fr-Sa 11:00-20:00; Su 11:00-16:00", "stations": [{"stopCode": 52, "lines": "1,2", "name": "Pioneer Square Station", "walkingMeters": 326, "walkingSeconds": 234, "band": 5}, {"stopCode": 53, "lines": "1,2", "name": "International District Station", "walkingMeters": 748, "walkingSeconds": 540, "band": 10}, {"stopCode": 51, "lines": "1,2", "name": "Symphony Station", "walkingMeters": 892, "walkingSeconds": 642, "band": 10}]}, "geometry": {"type": "Point", "coordinates": [-122.3343939, 47.6013882]}}, {"type": "Feature", "properties": {"id": 2351695473, "name": "Saveway Market", "category": "supermarket", "tags": ["supermarket"], "sources": ["osm"], "phone": "+1-206-622-7294", "address": "109 Occidental Avenue South", "stations": [{"stopCode": 52, "lines": "1,2", "name": "Pioneer Square Station", "walkingMeters": 288, "walkingSeconds": 207, "band": 5}, {"stopCode": 53, "lines": "1,2", "name": "International District Station", "walkingMeters": 644, "walkingSeconds": 466, "band": 10}, {"stopCode": 51, "lines": "1,2", "name": "Symphony Station", "walkingMeters": 930, "walkingSeconds": 669, "band": 10}]}, "geometry": {"type": "Point", "coordinates": [-122.3331051, 47.6013242]}}, {"type": "Feature", "properties": {"id": 2351695477, "name": "Bon Voyage Vintage Mall", "category": "clothes", "tags": ["clothes"], "sources": ["osm"], "website": "https://bonvoyagevintage.com", "address": "110 South Washington Street", "stations": [{"stopCode": 52, "lines": "1,2", "name": "Pioneer Square Station", "walkingMeters": 331, "walkingSeconds": 238, "band": 5}, {"stopCode": 53, "lines": "1,2", "name": "International District Station", "walkingMeters": 662, "walkingSeconds": 478, "band": 10}, {"stopCode": 51, "lines": "1,2", "name": "Symphony Station", "walkingMeters": 951, "walkingSeconds": 685, "band": 15}]}, "geometry": {"type": "Point", "coordinates": [-122.3337889, 47.6009989]}}, {"type": "Feature", "properties": {"id": 2351695488, "name": "Frida", "category": "clothes", "tags": ["clothes"], "sources": ["osm"], "address": "113 1st Avenue South", "hours": "13:00-19:00", "stations": [{"stopCode": 52, "lines": "1,2", "name": "Pioneer Square Station", "walkingMeters": 332, "walkingSeconds": 239, "band": 5}, {"stopCode": 53, "lines": "1,2", "name": "International District Station", "walkingMeters": 742, "walkingSeconds": 536, "band": 10}, {"stopCode": 51, "lines": "1,2", "name": "Symphony Station", "walkingMeters": 898, "walkingSeconds": 646, "band": 10}]}, "geometry": {"type": "Point", "coordinates": [-122.3343926, 47.6013338]}}, {"type": "Feature", "properties": {"id": 2351695504, "name": "Gutweis", "category": "clothes", "tags": ["clothes"], "sources": ["osm"], "address": "118 1st Avenue South", "hours": "Mo closed; Tu-Sa 11:00-19:00; Su 11:00+", "stations": [{"stopCode": 52, "lines": "1,2", "name": "Pioneer Square Station", "walkingMeters": 340, "walkingSeconds": 244, "band": 5}, {"stopCode": 53, "lines": "1,2", "name": "International District Station", "walkingMeters": 694, "walkingSeconds": 501, "band": 10}, {"stopCode": 51, "lines": "1,2", "name": "Symphony Station", "walkingMeters": 919, "walkingSeconds": 662, "band": 15}]}, "geometry": {"type": "Point", "coordinates": [-122.3339605, 47.6010672]}}, {"type": "Feature", "properties": {"id": 2351695535, "name": "Prairie Underground Retail Pop-Up", "category": "clothes", "tags": ["clothes"], "sources": ["osm"], "address": "206 1st Avenue South", "hours": "Tu-Sa 11:00-18:00; Su 11:00-17:00", "stations": [{"stopCode": 52, "lines": "1,2", "name": "Pioneer Square Station", "walkingMeters": 392, "walkingSeconds": 282, "band": 5}, {"stopCode": 53, "lines": "1,2", "name": "International District Station", "walkingMeters": 678, "walkingSeconds": 490, "band": 10}, {"stopCode": 51, "lines": "1,2", "name": "Symphony Station", "walkingMeters": 976, "walkingSeconds": 703, "band": 15}]}, "geometry": {"type": "Point", "coordinates": [-122.3339769, 47.6005873]}}, {"type": "Feature", "properties": {"id": 2351695606, "name": "The Underground Gallery", "category": "art", "tags": ["art"], "sources": ["osm"], "phone": "+1-206-340-9395", "address": "214 1st Avenue South", "stations": [{"stopCode": 52, "lines": "1,2", "name": "Pioneer Square Station", "walkingMeters": 419, "walkingSeconds": 301, "band": 5}, {"stopCode": 53, "lines": "1,2", "name": "International District Station", "walkingMeters": 653, "walkingSeconds": 472, "band": 10}, {"stopCode": 51, "lines": "1,2", "name": "Symphony Station", "walkingMeters": 999, "walkingSeconds": 719, "band": 15}]}, "geometry": {"type": "Point", "coordinates": [-122.3339793, 47.6003589]}}, {"type": "Feature", "properties": {"id": 2351695616, "name": "Hoyle Hat Company", "category": "clothes", "tags": ["clothes"], "sources": ["osm"], "address": "220 1st Avenue South", "hours": "We-Su \"by appointment\"", "stations": [{"stopCode": 52, "lines": "1,2", "name": "Pioneer Square Station", "walkingMeters": 433, "walkingSeconds": 312, "band": 5}, {"stopCode": 53, "lines": "1,2", "name": "International District Station", "walkingMeters": 637, "walkingSeconds": 460, "band": 10}, {"stopCode": 51, "lines": "1,2", "name": "Symphony Station", "walkingMeters": 1017, "walkingSeconds": 732, "band": 15}]}, "geometry": {"type": "Point", "coordinates": [-122.3339808, 47.6002178]}}, {"type": "Feature", "properties": {"id": 2351695627, "name": "Smoke Lounge", "category": "tobacco", "tags": ["tobacco"], "sources": ["osm"], "phone": "+1-206-223-9377", "address": "409 2nd Avenue Extension South", "stations": [{"stopCode": 52, "lines": "1,2", "name": "Pioneer Square Station", "walkingMeters": 241, "walkingSeconds": 175, "band": 5}, {"stopCode": 53, "lines": "1,2", "name": "International District Station", "walkingMeters": 522, "walkingSeconds": 378, "band": 10}, {"stopCode": 51, "lines": "1,2", "name": "Symphony Station", "walkingMeters": 907, "walkingSeconds": 653, "band": 10}]}, "geometry": {"type": "Point", "coordinates": [-122.3318019, 47.6011833]}}, {"type": "Feature", "properties": {"id": 2351695643, "name": "Rogues Gallery", "category": "art", "tags": ["art"], "sources": ["osm"], "phone": "+1-206-682-4646", "address": "606 1st Avenue", "stations": [{"stopCode": 52, "lines": "1,2", "name": "Pioneer Square Station", "walkingMeters": 248, "walkingSeconds": 179, "band": 5}, {"stopCode": 53, "lines": "1,2", "name": "International District Station", "walkingMeters": 732, "walkingSeconds": 532, "band": 10}, {"stopCode": 51, "lines": "1,2", "name": "Symphony Station", "walkingMeters": 802, "walkingSeconds": 577, "band": 10}, {"stopCode": 50, "lines": "1,2", "name": "Westlake Station", "walkingMeters": 1328, "walkingSeconds": 955, "band": 15}]}, "geometry": {"type": "Point", "coordinates": [-122.333692, 47.6021908]}}, {"type": "Feature", "properties": {"id": 2351695661, "name": "Gallery Frames", "category": "art", "tags": ["art"], "sources": ["osm"], "phone": "+1-206-624-6862", "address": "615 1st Avenue", "stations": [{"stopCode": 52, "lines": "1,2", "name": "Pioneer Square Station", "walkingMeters": 309, "walkingSeconds": 222, "band": 5}, {"stopCode": 53, "lines": "1,2", "name": "International District Station", "walkingMeters": 779, "walkingSeconds": 566, "band": 10}, {"stopCode": 51, "lines": "1,2", "name": "Symphony Station", "walkingMeters": 819, "walkingSeconds": 589, "band": 10}, {"stopCode": 50, "lines": "1,2", "name": "Westlake Station", "walkingMeters": 1344, "walkingSeconds": 967, "band": 15}]}, "geometry": {"type": "Point", "coordinates": [-122.334374, 47.602035]}}, {"type": "Feature", "properties": {"id": 2351695692, "name": "Nduja Me Deli", "category": "deli", "tags": ["deli", "italian", "outdoor-seating"], "sources": ["osm"], "website": "https://www.ndujausa.com/", "address": "71 Yesler Way", "stations": [{"stopCode": 52, "lines": "1,2", "name": "Pioneer Square Station", "walkingMeters": 383, "walkingSeconds": 276, "band": 5}, {"stopCode": 53, "lines": "1,2", "name": "International District Station", "walkingMeters": 836, "walkingSeconds": 607, "band": 10}, {"stopCode": 51, "lines": "1,2", "name": "Symphony Station", "walkingMeters": 901, "walkingSeconds": 649, "band": 10}]}, "geometry": {"type": "Point", "coordinates": [-122.335507, 47.6016144]}}, {"type": "Feature", "properties": {"id": 2351695699, "name": "Bottega Gabriele", "category": "deli", "tags": ["deli", "restaurant", "italian"], "sources": ["osm", "overture"], "phone": "+12063004098", "address": "75 Yesler Wy", "stations": [{"stopCode": 52, "lines": "1,2", "name": "Pioneer Square Station", "walkingMeters": 371, "walkingSeconds": 267, "band": 5}, {"stopCode": 53, "lines": "1,2", "name": "International District Station", "walkingMeters": 825, "walkingSeconds": 599, "band": 10}, {"stopCode": 51, "lines": "1,2", "name": "Symphony Station", "walkingMeters": 893, "walkingSeconds": 643, "band": 10}]}, "geometry": {"type": "Point", "coordinates": [-122.3353525, 47.6016151]}}, {"type": "Feature", "properties": {"id": 2351695730, "name": "Revolution Books", "category": "books", "tags": ["books"], "sources": ["osm", "overture"], "website": "http://www.revolutionbookssea.org", "phone": "(206) 325-7415", "address": "89 S Washington St", "stations": [{"stopCode": 52, "lines": "1,2", "name": "Pioneer Square Station", "walkingMeters": 431, "walkingSeconds": 310, "band": 5}, {"stopCode": 53, "lines": "1,2", "name": "International District Station", "walkingMeters": 735, "walkingSeconds": 530, "band": 10}, {"stopCode": 51, "lines": "1,2", "name": "Symphony Station", "walkingMeters": 976, "walkingSeconds": 703, "band": 15}]}, "geometry": {"type": "Point", "coordinates": [-122.334911, 47.6007722]}}, {"type": "Feature", "properties": {"id": 2351700823, "name": "Drexel Deli & Grocery", "category": "convenience", "tags": ["convenience", "supermarket"], "sources": ["osm", "overture"], "phone": "+12062231744", "address": "523 3rd Ave", "stations": [{"stopCode": 52, "lines": "1,2", "name": "Pioneer Square Station", "walkingMeters": 38, "walkingSeconds": 27, "band": 5}, {"stopCode": 53, "lines": "1,2", "name": "International District Station", "walkingMeters": 661, "walkingSeconds": 478, "band": 10}, {"stopCode": 51, "lines": "1,2", "name": "Symphony Station", "walkingMeters": 690, "walkingSeconds": 497, "band": 10}, {"stopCode": 50, "lines": "1,2", "name": "Westlake Station", "walkingMeters": 1219, "walkingSeconds": 877, "band": 15}]}, "geometry": {"type": "Point", "coordinates": [-122.3314832, 47.6025945]}}, {"type": "Feature", "properties": {"id": 2351700834, "name": "Sew Generous", "category": "clothes", "tags": ["clothes"], "sources": ["osm"], "address": "608 2nd Avenue", "stations": [{"stopCode": 52, "lines": "1,2", "name": "Pioneer Square Station", "walkingMeters": 153, "walkingSeconds": 110, "band": 5}, {"stopCode": 53, "lines": "1,2", "name": "International District Station", "walkingMeters": 695, "walkingSeconds": 502, "band": 10}, {"stopCode": 51, "lines": "1,2", "name": "Symphony Station", "walkingMeters": 709, "walkingSeconds": 510, "band": 10}, {"stopCode": 50, "lines": "1,2", "name": "Westlake Station", "walkingMeters": 1238, "walkingSeconds": 890, "band": 15}]}, "geometry": {"type": "Point", "coordinates": [-122.332606, 47.6026658]}}, {"type": "Feature", "properties": {"id": 2351711813, "name": "Method Gallery", "category": "art", "tags": ["art", "gallery"], "sources": ["osm", "overture"], "website": "http://methodgallery.com/", "phone": "+12022638463", "address": "106 3rd Ave S", "hours": "\"by appointment\"", "stations": [{"stopCode": 52, "lines": "1,2", "name": "Pioneer Square Station", "walkingMeters": 163, "walkingSeconds": 126, "band": 5}, {"stopCode": 53, "lines": "1,2", "name": "International District Station", "walkingMeters": 494, "walkingSeconds": 355, "band": 10}, {"stopCode": 51, "lines": "1,2", "name": "Symphony Station", "walkingMeters": 876, "walkingSeconds": 631, "band": 10}]}, "geometry": {"type": "Point", "coordinates": [-122.330068, 47.601381]}}, {"type": "Feature", "properties": {"id": 2351711856, "name": "Gallery 110", "category": "art", "tags": ["art", "gallery"], "sources": ["osm", "overture"], "website": "gallery110.com", "phone": "12066249336", "address": "110 3rd Ave S", "stations": [{"stopCode": 52, "lines": "1,2", "name": "Pioneer Square Station", "walkingMeters": 174, "walkingSeconds": 134, "band": 5}, {"stopCode": 53, "lines": "1,2", "name": "International District Station", "walkingMeters": 482, "walkingSeconds": 347, "band": 10}, {"stopCode": 51, "lines": "1,2", "name": "Symphony Station", "walkingMeters": 887, "walkingSeconds": 639, "band": 10}]}, "geometry": {"type": "Point", "coordinates": [-122.330069, 47.6012826]}}, {"type": "Feature", "properties": {"id": 2351711875, "name": "Soil", "category": "art", "tags": ["art"], "sources": ["osm"], "website": "https://soilart.org/", "phone": "+1-206-264-8061", "address": "112 3rd Avenue South", "stations": [{"stopCode": 52, "lines": "1,2", "name": "Pioneer Square Station", "walkingMeters": 181, "walkingSeconds": 138, "band": 5}, {"stopCode": 53, "lines": "1,2", "name": "International District Station", "walkingMeters": 476, "walkingSeconds": 342, "band": 10}, {"stopCode": 51, "lines": "1,2", "name": "Symphony Station", "walkingMeters": 894, "walkingSeconds": 644, "band": 10}]}, "geometry": {"type": "Point", "coordinates": [-122.330069, 47.6012213]}}, {"type": "Feature", "properties": {"id": 2351711889, "name": "Platform Gallery", "category": "art", "tags": ["art", "gallery"], "sources": ["osm", "overture"], "website": "http://www.platformgallery.com", "phone": "+12063232808", "address": "114 3rd Ave S", "stations": [{"stopCode": 52, "lines": "1,2", "name": "Pioneer Square Station", "walkingMeters": 188, "walkingSeconds": 143, "band": 5}, {"stopCode": 53, "lines": "1,2", "name": "International District Station", "walkingMeters": 469, "walkingSeconds": 337, "band": 5}, {"stopCode": 51, "lines": "1,2", "name": "Symphony Station", "walkingMeters": 900, "walkingSeconds": 649, "band": 10}]}, "geometry": {"type": "Point", "coordinates": [-122.33007, 47.601161]}}, {"type": "Feature", "properties": {"id": 2351711987, "name": "Pioneer Thrift", "category": "clothes", "tags": ["clothes"], "sources": ["osm"], "phone": "+1-206-748-9080", "address": "200 3rd Avenue South", "stations": [{"stopCode": 52, "lines": "1,2", "name": "Pioneer Square Station", "walkingMeters": 236, "walkingSeconds": 178, "band": 5}, {"stopCode": 53, "lines": "1,2", "name": "International District Station", "walkingMeters": 421, "walkingSeconds": 303, "band": 5}, {"stopCode": 51, "lines": "1,2", "name": "Symphony Station", "walkingMeters": 949, "walkingSeconds": 683, "band": 10}]}, "geometry": {"type": "Point", "coordinates": [-122.330058, 47.6007308]}}, {"type": "Feature", "properties": {"id": 2351712117, "name": "Greg Kucera Gallery", "category": "art", "tags": ["art", "gallery"], "sources": ["osm", "overture"], "website": "http://www.gregkucera.com/", "phone": "+12066240770", "address": "212 3rd Ave S", "stations": [{"stopCode": 52, "lines": "1,2", "name": "Pioneer Square Station", "walkingMeters": 273, "walkingSeconds": 205, "band": 5}, {"stopCode": 53, "lines": "1,2", "name": "International District Station", "walkingMeters": 384, "walkingSeconds": 276, "band": 5}, {"stopCode": 51, "lines": "1,2", "name": "Symphony Station", "walkingMeters": 986, "walkingSeconds": 710, "band": 15}, {"stopCode": 54, "lines": "1", "name": "Stadium Station", "walkingMeters": 1206, "walkingSeconds": 874, "band": 15}]}, "geometry": {"type": "Point", "coordinates": [-122.33006, 47.6003972]}}, {"type": "Feature", "properties": {"id": 2351712169, "name": "Foster / White Gallery", "category": "art", "tags": ["art", "gallery"], "sources": ["osm", "overture"], "website": "http://www.fosterwhite.com/", "phone": "+12066222833", "address": "220 3rd Ave S #100", "stations": [{"stopCode": 52, "lines": "1,2", "name": "Pioneer Square Station", "walkingMeters": 285, "walkingSeconds": 213, "band": 5}, {"stopCode": 53, "lines": "1,2", "name": "International District Station", "walkingMeters": 372, "walkingSeconds": 268, "band": 5}, {"stopCode": 51, "lines": "1,2", "name": "Symphony Station", "walkingMeters": 998, "walkingSeconds": 718, "band": 15}, {"stopCode": 54, "lines": "1", "name": "Stadium Station", "walkingMeters": 1194, "walkingSeconds": 865, "band": 15}]}, "geometry": {"type": "Point", "coordinates": [-122.330055, 47.6002905]}}, {"type": "Feature", "properties": {"id": 2360979446, "name": "Juan Alonso Studio", "category": "art", "tags": ["art"], "sources": ["osm"], "phone": "+1-206-390-4882", "address": "214 1st Avenue South", "stations": [{"stopCode": 52, "lines": "1,2", "name": "Pioneer Square Station", "walkingMeters": 420, "walkingSeconds": 302, "band": 5}, {"stopCode": 53, "lines": "1,2", "name": "International District Station", "walkingMeters": 653, "walkingSeconds": 471, "band": 10}, {"stopCode": 51, "lines": "1,2", "name": "Symphony Station", "walkingMeters": 1000, "walkingSeconds": 720, "band": 15}]}, "geometry": {"type": "Point", "coordinates": [-122.3338582, 47.6003552]}}, {"type": "Feature", "properties": {"id": "c2a2987d-6d9c-44f6-a06c-c9eb5787899f", "name": "Design Within Reach", "category": "furniture", "tags": ["furniture"], "sources": ["overture"], "website": "http://dwr.com", "phone": "(206) 443-9900", "address": "1220 Western Ave", "stations": [{"stopCode": 51, "lines": "1,2", "name": "Symphony Station", "walkingMeters": 338, "walkingSeconds": 243, "band": 5}, {"stopCode": 50, "lines": "1,2", "name": "Westlake Station", "walkingMeters": 858, "walkingSeconds": 617, "band": 10}, {"stopCode": 52, "lines": "1,2", "name": "Pioneer Square Station", "walkingMeters": 916, "walkingSeconds": 659, "band": 15}]}, "geometry": {"type": "Point", "coordinates": [-122.3387909, 47.606144]}}, {"type": "Feature", "properties": {"id": 2744017392, "name": "Simply Seattle", "category": "gift", "tags": ["gift"], "sources": ["osm"], "stations": [{"stopCode": 51, "lines": "1,2", "name": "Symphony Station", "walkingMeters": 628, "walkingSeconds": 452, "band": 10}, {"stopCode": 52, "lines": "1,2", "name": "Pioneer Square Station", "walkingMeters": 788, "walkingSeconds": 566, "band": 10}, {"stopCode": 50, "lines": "1,2", "name": "Westlake Station", "walkingMeters": 1147, "walkingSeconds": 826, "band": 15}]}, "geometry": {"type": "Point", "coordinates": [-122.3390739, 47.6041185]}}, {"type": "Feature", "properties": {"id": 2397493404, "name": "Seattle Shirt Company", "category": "gift", "tags": ["gift", "clothes"], "sources": ["osm"], "address": "103 Pike Street", "stations": [{"stopCode": 51, "lines": "1,2", "name": "Symphony Station", "walkingMeters": 417, "walkingSeconds": 300, "band": 5}, {"stopCode": 50, "lines": "1,2", "name": "Westlake Station", "walkingMeters": 461, "walkingSeconds": 334, "band": 5}, {"stopCode": 52, "lines": "1,2", "name": "Pioneer Square Station", "walkingMeters": 1110, "walkingSeconds": 799, "band": 15}]}, "geometry": {"type": "Point", "coordinates": [-122.3397146, 47.6088111]}}, {"type": "Feature", "properties": {"id": 2744017208, "name": "Seattle Shirt Company", "category": "clothes", "tags": ["clothes"], "sources": ["osm"], "address": "1101 Alaskan Way", "stations": [{"stopCode": 51, "lines": "1,2", "name": "Symphony Station", "walkingMeters": 557, "walkingSeconds": 402, "band": 10}, {"stopCode": 52, "lines": "1,2", "name": "Pioneer Square Station", "walkingMeters": 866, "walkingSeconds": 623, "band": 10}, {"stopCode": 50, "lines": "1,2", "name": "Westlake Station", "walkingMeters": 1073, "walkingSeconds": 772, "band": 15}]}, "geometry": {"type": "Point", "coordinates": [-122.3396055, 47.604733]}}, {"type": "Feature", "properties": {"id": "358271d5-8eea-4ce5-8d9a-ec65a9b5fedf", "name": "Pendleton", "category": "clothes", "tags": ["clothes"], "sources": ["overture"], "website": "https://www.pendleton-usa.com", "phone": "(206) 682-4430", "address": "1313 4th Ave", "stations": [{"stopCode": 51, "lines": "1,2", "name": "Symphony Station", "walkingMeters": 144, "walkingSeconds": 103, "band": 5}, {"stopCode": 50, "lines": "1,2", "name": "Westlake Station", "walkingMeters": 391, "walkingSeconds": 284, "band": 5}, {"stopCode": 52, "lines": "1,2", "name": "Pioneer Square Station", "walkingMeters": 833, "walkingSeconds": 599, "band": 10}]}, "geometry": {"type": "Point", "coordinates": [-122.3357697, 47.6085129]}}, {"type": "Feature", "properties": {"id": 2397493446, "name": "Vetri", "category": "art", "tags": ["art", "gallery"], "sources": ["osm", "overture"], "website": "vetriglass.com", "phone": "12066679608", "address": "1404 1st Ave", "stations": [{"stopCode": 51, "lines": "1,2", "name": "Symphony Station", "walkingMeters": 327, "walkingSeconds": 235, "band": 5}, {"stopCode": 50, "lines": "1,2", "name": "Westlake Station", "walkingMeters": 566, "walkingSeconds": 409, "band": 10}, {"stopCode": 52, "lines": "1,2", "name": "Pioneer Square Station", "walkingMeters": 1020, "walkingSeconds": 734, "band": 15}]}, "geometry": {"type": "Point", "coordinates": [-122.3390944, 47.608106]}}, {"type": "Feature", "properties": {"id": 2397493451, "name": "8th Generation", "category": "gift", "tags": ["gift"], "sources": ["osm"], "website": "https://eighthgeneration.com", "address": "1406 1st Avenue", "hours": "Mo-Su 10:00-17:00", "stations": [{"stopCode": 51, "lines": "1,2", "name": "Symphony Station", "walkingMeters": 333, "walkingSeconds": 240, "band": 5}, {"stopCode": 50, "lines": "1,2", "name": "Westlake Station", "walkingMeters": 561, "walkingSeconds": 405, "band": 10}, {"stopCode": 52, "lines": "1,2", "name": "Pioneer Square Station", "walkingMeters": 1026, "walkingSeconds": 738, "band": 15}]}, "geometry": {"type": "Point", "coordinates": [-122.3391349, 47.60815]}}, {"type": "Feature", "properties": {"id": 2397493454, "name": "Pirkko", "category": "clothes", "tags": ["clothes"], "sources": ["osm"], "address": "1407 1st Avenue", "hours": "Mo-Su 10:00-22:00", "stations": [{"stopCode": 51, "lines": "1,2", "name": "Symphony Station", "walkingMeters": 362, "walkingSeconds": 260, "band": 5}, {"stopCode": 50, "lines": "1,2", "name": "Westlake Station", "walkingMeters": 571, "walkingSeconds": 413, "band": 10}, {"stopCode": 52, "lines": "1,2", "name": "Pioneer Square Station", "walkingMeters": 1055, "walkingSeconds": 759, "band": 15}]}, "geometry": {"type": "Point", "coordinates": [-122.3395788, 47.60806]}}, {"type": "Feature", "properties": {"id": 2397493456, "name": "the Vutique", "category": "clothes", "tags": ["clothes"], "sources": ["osm"], "website": "https://thevutique.com", "address": "1408 1st Avenue", "stations": [{"stopCode": 51, "lines": "1,2", "name": "Symphony Station", "walkingMeters": 339, "walkingSeconds": 244, "band": 5}, {"stopCode": 50, "lines": "1,2", "name": "Westlake Station", "walkingMeters": 555, "walkingSeconds": 401, "band": 10}, {"stopCode": 52, "lines": "1,2", "name": "Pioneer Square Station", "walkingMeters": 1032, "walkingSeconds": 742, "band": 15}]}, "geometry": {"type": "Point", "coordinates": [-122.3391757, 47.6081944]}}, {"type": "Feature", "properties": {"id": 2397493462, "name": "Milagros Mexican Folk Art", "category": "art", "tags": ["art", "gallery"], "sources": ["osm", "overture"], "website": "http://www.milagrosseattle.com/", "phone": "+12066231766", "address": "1409 1st Ave", "hours": "Mo-Su 10:00-22:00", "stations": [{"stopCode": 51, "lines": "1,2", "name": "Symphony Station", "walkingMeters": 369, "walkingSeconds": 265, "band": 5}, {"stopCode": 50, "lines": "1,2", "name": "Westlake Station", "walkingMeters": 564, "walkingSeconds": 408, "band": 10}, {"stopCode": 52, "lines": "1,2", "name": "Pioneer Square Station", "walkingMeters": 1062, "walkingSeconds": 764, "band": 15}]}, "geometry": {"type": "Point", "coordinates": [-122.3396294, 47.6081125]}}, {"type": "Feature", "properties": {"id": 2397493469, "name": "The Jewelry Box", "category": "jewelry", "tags": ["jewelry"], "sources": ["osm"], "address": "1411 1st Avenue", "stations": [{"stopCode": 51, "lines": "1,2", "name": "Symphony Station", "walkingMeters": 376, "walkingSeconds": 270, "band": 5}, {"stopCode": 50, "lines": "1,2", "name": "Westlake Station", "walkingMeters": 557, "walkingSeconds": 403, "band": 10}, {"stopCode": 52, "lines": "1,2", "name": "Pioneer Square Station", "walkingMeters": 1069, "walkingSeconds": 769, "band": 15}]}, "geometry": {"type": "Point", "coordinates": [-122.3396687, 47.6081679]}}, {"type": "Feature", "properties": {"id": 2397493501, "name": "De'Core of Seattle", "category": "gift", "tags": ["gift"], "sources": ["osm"], "address": "1417 1st Avenue", "hours": "Mo-Sa 11:00-18:00; Su 11:00-17:00", "stations": [{"stopCode": 51, "lines": "1,2", "name": "Symphony Station", "walkingMeters": 389, "walkingSeconds": 280, "band": 5}, {"stopCode": 50, "lines": "1,2", "name": "Westlake Station", "walkingMeters": 543, "walkingSeconds": 393, "band": 10}, {"stopCode": 52, "lines": "1,2", "name": "Pioneer Square Station", "walkingMeters": 1082, "walkingSeconds": 779, "band": 15}]}, "geometry": {"type": "Point", "coordinates": [-122.3397434, 47.6082833]}}, {"type": "Feature", "properties": {"id": 2397493561, "name": "J & J Sportswear", "category": "clothes", "tags": ["clothes"], "sources": ["osm", "overture"], "website": "http://seattle-shop.com/stores/JJGiftsSportswear.html", "phone": "(206) 340-8836", "address": "1427 1st Ave", "stations": [{"stopCode": 51, "lines": "1,2", "name": "Symphony Station", "walkingMeters": 419, "walkingSeconds": 301, "band": 5}, {"stopCode": 50, "lines": "1,2", "name": "Westlake Station", "walkingMeters": 514, "walkingSeconds": 372, "band": 10}, {"stopCode": 52, "lines": "1,2", "name": "Pioneer Square Station", "walkingMeters": 1112, "walkingSeconds": 800, "band": 15}]}, "geometry": {"type": "Point", "coordinates": [-122.3399496, 47.6085079]}}, {"type": "Feature", "properties": {"id": 2397493570, "name": "Smoke Plus", "category": "tobacco", "tags": ["tobacco"], "sources": ["osm"], "address": "1432 1st Avenue", "stations": [{"stopCode": 51, "lines": "1,2", "name": "Symphony Station", "walkingMeters": 411, "walkingSeconds": 296, "band": 5}, {"stopCode": 50, "lines": "1,2", "name": "Westlake Station", "walkingMeters": 482, "walkingSeconds": 349, "band": 10}, {"stopCode": 52, "lines": "1,2", "name": "Pioneer Square Station", "walkingMeters": 1104, "walkingSeconds": 795, "band": 15}]}, "geometry": {"type": "Point", "coordinates": [-122.33972, 47.6087343]}}, {"type": "Feature", "properties": {"id": 2404230803, "name": "Men's Wearhouse", "category": "clothes", "tags": ["clothes", "mens"], "sources": ["osm", "overture"], "website": "https://www.menswearhouse.com/store-locator/2692", "phone": "+12066220570", "address": "1404 4th Ave", "hours": "Mo-Fr 10:00-19:00; Sa 09:30-19:00; Su 11:00-18:00", "stations": [{"stopCode": 51, "lines": "1,2", "name": "Symphony Station", "walkingMeters": 260, "walkingSeconds": 187, "band": 5}, {"stopCode": 50, "lines": "1,2", "name": "Westlake Station", "walkingMeters": 277, "walkingSeconds": 200, "band": 5}, {"stopCode": 52, "lines": "1,2", "name": "Pioneer Square Station", "walkingMeters": 950, "walkingSeconds": 683, "band": 15}]}, "geometry": {"type": "Point", "coordinates": [-122.3357599, 47.6095537]}}, {"type": "Feature", "properties": {"id": 2404244792, "name": "Brick + Mortar", "category": "shoes", "tags": ["shoes", "shoe"], "sources": ["osm", "overture"], "website": "http://brickmortarseattle.com/", "phone": "+12065882770", "address": "1210 4th Ave", "hours": "Mo-Sa 10:00-17:00; Su off", "stations": [{"stopCode": 51, "lines": "1,2", "name": "Symphony Station", "walkingMeters": 156, "walkingSeconds": 113, "band": 5}, {"stopCode": 50, "lines": "1,2", "name": "Westlake Station", "walkingMeters": 486, "walkingSeconds": 350, "band": 10}, {"stopCode": 52, "lines": "1,2", "name": "Pioneer Square Station", "walkingMeters": 741, "walkingSeconds": 533, "band": 10}]}, "geometry": {"type": "Point", "coordinates": [-122.3343387, 47.6079456]}}, {"type": "Feature", "properties": {"id": 2404244794, "name": "Luly Yang", "category": "clothes", "tags": ["clothes", "wheelchair-accessible"], "sources": ["osm"], "website": "https://lulyyang.com", "phone": "+1-203-623-8200", "address": "1218 4th Avenue", "hours": "\"By appointment only\"", "stations": [{"stopCode": 51, "lines": "1,2", "name": "Symphony Station", "walkingMeters": 145, "walkingSeconds": 105, "band": 5}, {"stopCode": 50, "lines": "1,2", "name": "Westlake Station", "walkingMeters": 475, "walkingSeconds": 342, "band": 10}, {"stopCode": 52, "lines": "1,2", "name": "Pioneer Square Station", "walkingMeters": 752, "walkingSeconds": 541, "band": 10}]}, "geometry": {"type": "Point", "coordinates": [-122.3344208, 47.6080292]}}, {"type": "Feature", "properties": {"id": 2404244800, "name": "Moonride", "category": "clothes", "tags": ["clothes"], "sources": ["osm"], "address": "1302 5th Avenue", "stations": [{"stopCode": 51, "lines": "1,2", "name": "Symphony Station", "walkingMeters": 233, "walkingSeconds": 168, "band": 5}, {"stopCode": 50, "lines": "1,2", "name": "Westlake Station", "walkingMeters": 386, "walkingSeconds": 280, "band": 5}, {"stopCode": 52, "lines": "1,2", "name": "Pioneer Square Station", "walkingMeters": 905, "walkingSeconds": 655, "band": 15}]}, "geometry": {"type": "Point", "coordinates": [-122.3338404, 47.6090067]}}, {"type": "Feature", "properties": {"id": 2404244809, "name": "Mephisto", "category": "shoes", "tags": ["shoes", "shoe"], "sources": ["osm", "overture"], "website": "http://mephistoshoesseattle.com/", "phone": "2066249091", "address": "1312 5th Ave", "hours": "Mo-Sa 10:00-06:00, Su 11:00-17:00", "stations": [{"stopCode": 51, "lines": "1,2", "name": "Symphony Station", "walkingMeters": 272, "walkingSeconds": 196, "band": 5}, {"stopCode": 50, "lines": "1,2", "name": "Westlake Station", "walkingMeters": 346, "walkingSeconds": 251, "band": 5}, {"stopCode": 52, "lines": "1,2", "name": "Pioneer Square Station", "walkingMeters": 944, "walkingSeconds": 683, "band": 15}]}, "geometry": {"type": "Point", "coordinates": [-122.3341116, 47.6093103]}}, {"type": "Feature", "properties": {"id": 2404244810, "name": "Northwest Pendleton", "category": "clothes", "tags": ["clothes"], "sources": ["osm"], "website": "https://www.pendleton-usa.com", "phone": "+1-206-682-4430", "address": "1313 4th Avenue", "stations": [{"stopCode": 51, "lines": "1,2", "name": "Symphony Station", "walkingMeters": 136, "walkingSeconds": 98, "band": 5}, {"stopCode": 50, "lines": "1,2", "name": "Westlake Station", "walkingMeters": 399, "walkingSeconds": 289, "band": 5}, {"stopCode": 52, "lines": "1,2", "name": "Pioneer Square Station", "walkingMeters": 825, "walkingSeconds": 594, "band": 15}]}, "geometry": {"type": "Point", "coordinates": [-122.335409, 47.6085791]}}, {"type": "Feature", "properties": {"id": 2404244816, "name": "Husky Central", "category": "clothes", "tags": ["clothes"], "sources": ["osm"], "address": "1319 4th Avenue", "hours": "Mo-Sa 10:00-18:00", "stations": [{"stopCode": 51, "lines": "1,2", "name": "Symphony Station", "walkingMeters": 145, "walkingSeconds": 105, "band": 5}, {"stopCode": 50, "lines": "1,2", "name": "Westlake Station", "walkingMeters": 389, "walkingSeconds": 282, "band": 5}, {"stopCode": 52, "lines": "1,2", "name": "Pioneer Square Station", "walkingMeters": 835, "walkingSeconds": 601, "band": 15}]}, "geometry": {"type": "Point", "coordinates": [-122.3354768, 47.6086528]}}, {"type": "Feature", "properties": {"id": 2404244817, "name": "PCC Corner Market", "category": "supermarket", "tags": ["supermarket"], "sources": ["osm"], "website": "https://www.pccmarkets.com/stores/downtown/", "phone": "+1-206-408-4260", "address": "1320 4th Avenue", "hours": "Mo-Fr 07:00-19:00", "stations": [{"stopCode": 51, "lines": "1,2", "name": "Symphony Station", "walkingMeters": 196, "walkingSeconds": 141, "band": 5}, {"stopCode": 50, "lines": "1,2", "name": "Westlake Station", "walkingMeters": 341, "walkingSeconds": 246, "band": 5}, {"stopCode": 52, "lines": "1,2", "name": "Pioneer Square Station", "walkingMeters": 886, "walkingSeconds": 637, "band": 15}]}, "geometry": {"type": "Point", "coordinates": [-122.3352648, 47.6090875]}}, {"type": "Feature", "properties": {"id": 2404244819, "name": "OSKA", "category": "clothes", "tags": ["clothes"], "sources": ["osm"], "website": "https://seattle.oska.com/", "phone": "+1-206-209-5401", "address": "1322 5th Avenue", "stations": [{"stopCode": 51, "lines": "1,2", "name": "Symphony Station", "walkingMeters": 285, "walkingSeconds": 205, "band": 5}, {"stopCode": 50, "lines": "1,2", "name": "Westlake Station", "walkingMeters": 334, "walkingSeconds": 242, "band": 5}, {"stopCode": 52, "lines": "1,2", "name": "Pioneer Square Station", "walkingMeters": 957, "walkingSeconds": 693, "band": 15}]}, "geometry": {"type": "Point", "coordinates": [-122.3342009, 47.6094103]}}, {"type": "Feature", "properties": {"id": 2404244839, "name": "Joseph Jewelry", "category": "jewelry", "tags": ["jewelry"], "sources": ["osm", "overture"], "website": "https://www.josephjewelry.com/", "phone": "2067367348", "address": "1413 4th Ave", "hours": "Tu-Sa 10:00-18:00", "stations": [{"stopCode": 51, "lines": "1,2", "name": "Symphony Station", "walkingMeters": 245, "walkingSeconds": 176, "band": 5}, {"stopCode": 50, "lines": "1,2", "name": "Westlake Station", "walkingMeters": 285, "walkingSeconds": 208, "band": 5}, {"stopCode": 52, "lines": "1,2", "name": "Pioneer Square Station", "walkingMeters": 938, "walkingSeconds": 675, "band": 15}]}, "geometry": {"type": "Point", "coordinates": [-122.3362316, 47.6094104]}}, {"type": "Feature", "properties": {"id": 2404244842, "name": "Samuels Jewelers", "category": "jewelry", "tags": ["jewelry"], "sources": ["osm", "overture"], "website": "http://samuels-jewelers.keeq.io", "phone": "12066246315", "address": "1416 3rd Ave", "stations": [{"stopCode": 51, "lines": "1,2", "name": "Symphony Station", "walkingMeters": 195, "walkingSeconds": 140, "band": 5}, {"stopCode": 50, "lines": "1,2", "name": "Westlake Station", "walkingMeters": 336, "walkingSeconds": 242, "band": 5}, {"stopCode": 52, "lines": "1,2", "name": "Pioneer Square Station", "walkingMeters": 892, "walkingSeconds": 642, "band": 15}]}, "geometry": {"type": "Point", "coordinates": [-122.3371394, 47.6093007]}}, {"type": "Feature", "properties": {"id": 2404244847, "name": "Nesbit's Fine Watch Service", "category": "jewelry", "tags": ["jewelry"], "sources": ["osm"], "website": "http://nesbitswatchservice.com/", "phone": "+1-206-623-1211", "address": "1425 4th Avenue", "stations": [{"stopCode": 50, "lines": "1,2", "name": "Westlake Station", "walkingMeters": 234, "walkingSeconds": 170, "band": 5}, {"stopCode": 51, "lines": "1,2", "name": "Symphony Station", "walkingMeters": 297, "walkingSeconds": 214, "band": 5}, {"stopCode": 52, "lines": "1,2", "name": "Pioneer Square Station", "walkingMeters": 990, "walkingSeconds": 713, "band": 15}]}, "geometry": {"type": "Point", "coordinates": [-122.336578, 47.609811]}}, {"type": "Feature", "properties": {"id": 2404244870, "name": "Suitsupply", "category": "clothes", "tags": ["clothes", "mens"], "sources": ["osm", "overture"], "website": "https://suitsupply.com/stores/seattle-downtown?utm_medium=social&utm_source=facebook&utm_campaign=fb_seattledowntown_us", "phone": "+12062797560", "address": "416 University St Suite 210/212", "hours": "Mo-Sa 11:00-19:00; Su 11:00-18:00", "stations": [{"stopCode": 51, "lines": "1,2", "name": "Symphony Station", "walkingMeters": 207, "walkingSeconds": 149, "band": 5}, {"stopCode": 50, "lines": "1,2", "name": "Westlake Station", "walkingMeters": 392, "walkingSeconds": 282, "band": 5}, {"stopCode": 52, "lines": "1,2", "name": "Pioneer Square Station", "walkingMeters": 889, "walkingSeconds": 640, "band": 15}]}, "geometry": {"type": "Point", "coordinates": [-122.3341388, 47.6087753]}}, {"type": "Feature", "properties": {"id": 2404244875, "name": "Beckett & Robb", "category": "clothes", "tags": ["clothes", "mens"], "sources": ["osm", "overture"], "website": "https://www.beckettrobb.com/pages/location-page-seattle-washington", "phone": "+12063313744", "address": "519 Union St", "stations": [{"stopCode": 50, "lines": "1,2", "name": "Westlake Station", "walkingMeters": 359, "walkingSeconds": 260, "band": 5}, {"stopCode": 51, "lines": "1,2", "name": "Symphony Station", "walkingMeters": 379, "walkingSeconds": 273, "band": 5}, {"stopCode": 52, "lines": "1,2", "name": "Pioneer Square Station", "walkingMeters": 1056, "walkingSeconds": 762, "band": 15}]}, "geometry": {"type": "Point", "coordinates": [-122.3337492, 47.6098892]}}, {"type": "Feature", "properties": {"id": 2404249263, "name": "Michael Maslan Vintage Posters", "category": "art", "tags": ["art"], "sources": ["osm"], "address": "109 University Street", "stations": [{"stopCode": 51, "lines": "1,2", "name": "Symphony Station", "walkingMeters": 170, "walkingSeconds": 122, "band": 5}, {"stopCode": 50, "lines": "1,2", "name": "Westlake Station", "walkingMeters": 690, "walkingSeconds": 497, "band": 10}, {"stopCode": 52, "lines": "1,2", "name": "Pioneer Square Station", "walkingMeters": 829, "walkingSeconds": 596, "band": 10}]}, "geometry": {"type": "Point", "coordinates": [-122.3376618, 47.6069164]}}, {"type": "Feature", "properties": {"id": 2404249286, "name": "Ancient Grounds", "category": "clothes", "tags": ["clothes", "gallery", "art"], "sources": ["osm", "overture"], "website": "http://m.facebook.com/pages/Ancient-Grounds/153634934676010", "phone": "+12067490747", "address": "1220 1st Ave", "hours": "Tu-Sa 11:00-18:00", "stations": [{"stopCode": 51, "lines": "1,2", "name": "Symphony Station", "walkingMeters": 216, "walkingSeconds": 155, "band": 5}, {"stopCode": 50, "lines": "1,2", "name": "Westlake Station", "walkingMeters": 736, "walkingSeconds": 530, "band": 10}, {"stopCode": 52, "lines": "1,2", "name": "Pioneer Square Station", "walkingMeters": 840, "walkingSeconds": 605, "band": 10}]}, "geometry": {"type": "Point", "coordinates": [-122.337833, 47.6067406]}}, {"type": "Feature", "properties": {"id": 2404249294, "name": "B & B Italia", "category": "furniture", "tags": ["furniture"], "sources": ["osm"], "address": "1300 Western Avenue", "stations": [{"stopCode": 51, "lines": "1,2", "name": "Symphony Station", "walkingMeters": 290, "walkingSeconds": 209, "band": 5}, {"stopCode": 50, "lines": "1,2", "name": "Westlake Station", "walkingMeters": 805, "walkingSeconds": 579, "band": 10}, {"stopCode": 52, "lines": "1,2", "name": "Pioneer Square Station", "walkingMeters": 957, "walkingSeconds": 689, "band": 15}]}, "geometry": {"type": "Point", "coordinates": [-122.3392217, 47.6065528]}}, {"type": "Feature", "properties": {"id": 2404249299, "name": "West Edge Market", "category": "convenience", "tags": ["convenience"], "sources": ["osm", "overture"], "phone": "2069030308", "address": "1301 Western Ave, Post Alley", "stations": [{"stopCode": 51, "lines": "1,2", "name": "Symphony Station", "walkingMeters": 274, "walkingSeconds": 197, "band": 5}, {"stopCode": 50, "lines": "1,2", "name": "Westlake Station", "walkingMeters": 788, "walkingSeconds": 567, "band": 10}, {"stopCode": 52, "lines": "1,2", "name": "Pioneer Square Station", "walkingMeters": 940, "walkingSeconds": 677, "band": 15}]}, "geometry": {"type": "Point", "coordinates": [-122.3390017, 47.6066847]}}, {"type": "Feature", "properties": {"id": 2404255485, "name": "Patricia Rovzar Gallery", "category": "art", "tags": ["art", "gallery"], "sources": ["osm", "overture"], "website": "http://www.rovzargallery.com/", "phone": "+12062230273", "address": "1111 1st Ave", "hours": "11:00-17:00", "stations": [{"stopCode": 51, "lines": "1,2", "name": "Symphony Station", "walkingMeters": 353, "walkingSeconds": 254, "band": 5}, {"stopCode": 52, "lines": "1,2", "name": "Pioneer Square Station", "walkingMeters": 738, "walkingSeconds": 531, "band": 10}, {"stopCode": 50, "lines": "1,2", "name": "Westlake Station", "walkingMeters": 876, "walkingSeconds": 630, "band": 10}]}, "geometry": {"type": "Point", "coordinates": [-122.3374043, 47.6056458]}}, {"type": "Feature", "properties": {"id": 2404255498, "name": "NieU", "category": "art", "tags": ["art"], "sources": ["osm"], "address": "1113 1st Avenue", "stations": [{"stopCode": 51, "lines": "1,2", "name": "Symphony Station", "walkingMeters": 344, "walkingSeconds": 247, "band": 5}, {"stopCode": 52, "lines": "1,2", "name": "Pioneer Square Station", "walkingMeters": 748, "walkingSeconds": 538, "band": 10}, {"stopCode": 50, "lines": "1,2", "name": "Westlake Station", "walkingMeters": 867, "walkingSeconds": 623, "band": 10}]}, "geometry": {"type": "Point", "coordinates": [-122.3374747, 47.6057176]}}, {"type": "Feature", "properties": {"id": 2404255511, "name": "Skylinyl", "category": "art", "tags": ["art"], "sources": ["osm"], "address": "1115 1st Avenue", "stations": [{"stopCode": 51, "lines": "1,2", "name": "Symphony Station", "walkingMeters": 340, "walkingSeconds": 244, "band": 5}, {"stopCode": 52, "lines": "1,2", "name": "Pioneer Square Station", "walkingMeters": 752, "walkingSeconds": 541, "band": 10}, {"stopCode": 50, "lines": "1,2", "name": "Westlake Station", "walkingMeters": 863, "walkingSeconds": 620, "band": 10}]}, "geometry": {"type": "Point", "coordinates": [-122.3375036, 47.6057477]}}, {"type": "Feature", "properties": {"id": 2404255594, "name": "McKinnon Furniture", "category": "furniture", "tags": ["furniture"], "sources": ["osm"], "address": "1201 Western Avenue", "stations": [{"stopCode": 51, "lines": "1,2", "name": "Symphony Station", "walkingMeters": 415, "walkingSeconds": 298, "band": 5}, {"stopCode": 52, "lines": "1,2", "name": "Pioneer Square Station", "walkingMeters": 898, "walkingSeconds": 646, "band": 10}, {"stopCode": 50, "lines": "1,2", "name": "Westlake Station", "walkingMeters": 932, "walkingSeconds": 670, "band": 10}]}, "geometry": {"type": "Point", "coordinates": [-122.3390579, 47.6056274]}}, {"type": "Feature", "properties": {"id": 2404255692, "name": "Community Grocery and Teriyaki", "category": "convenience", "tags": ["convenience", "fast-food", "fast", "food"], "sources": ["osm", "overture"], "phone": "+12066827535", "address": "415 Seneca St", "hours": "Mo-Fr 09:00-20:00; Sa 11:00-20:00; Su off", "stations": [{"stopCode": 51, "lines": "1,2", "name": "Symphony Station", "walkingMeters": 271, "walkingSeconds": 195, "band": 5}, {"stopCode": 50, "lines": "1,2", "name": "Westlake Station", "walkingMeters": 540, "walkingSeconds": 388, "band": 10}, {"stopCode": 52, "lines": "1,2", "name": "Pioneer Square Station", "walkingMeters": 744, "walkingSeconds": 535, "band": 10}]}, "geometry": {"type": "Point", "coordinates": [-122.3333098, 47.6077653]}}, {"type": "Feature", "properties": {"id": 2404269611, "name": "CBD Furniture", "category": "furniture", "tags": ["furniture"], "sources": ["osm"], "address": "1015 Western Avenue", "stations": [{"stopCode": 51, "lines": "1,2", "name": "Symphony Station", "walkingMeters": 519, "walkingSeconds": 373, "band": 5}, {"stopCode": 52, "lines": "1,2", "name": "Pioneer Square Station", "walkingMeters": 739, "walkingSeconds": 531, "band": 10}, {"stopCode": 50, "lines": "1,2", "name": "Westlake Station", "walkingMeters": 1042, "walkingSeconds": 750, "band": 15}, {"stopCode": 53, "lines": "1,2", "name": "International District Station", "walkingMeters": 1209, "walkingSeconds": 875, "band": 15}]}, "geometry": {"type": "Point", "coordinates": [-122.3379185, 47.6045978]}}, {"type": "Feature", "properties": {"id": 2404269661, "name": "Watson Kennedy", "category": "furniture", "tags": ["furniture"], "sources": ["osm"], "address": "1028 1st Avenue", "hours": "Mo-Sa 11:00-17:00; Su 12:00-17:00", "stations": [{"stopCode": 51, "lines": "1,2", "name": "Symphony Station", "walkingMeters": 390, "walkingSeconds": 280, "band": 5}, {"stopCode": 52, "lines": "1,2", "name": "Pioneer Square Station", "walkingMeters": 661, "walkingSeconds": 475, "band": 10}, {"stopCode": 50, "lines": "1,2", "name": "Westlake Station", "walkingMeters": 913, "walkingSeconds": 657, "band": 10}, {"stopCode": 53, "lines": "1,2", "name": "International District Station", "walkingMeters": 1155, "walkingSeconds": 836, "band": 15}]}, "geometry": {"type": "Point", "coordinates": [-122.3366144, 47.6053802]}}, {"type": "Feature", "properties": {"id": 2404269781, "name": "Cicada Bridal", "category": "clothes", "tags": ["clothes"], "sources": ["osm"], "phone": "+1-206-652-2434", "address": "90 Madison Street", "stations": [{"stopCode": 51, "lines": "1,2", "name": "Symphony Station", "walkingMeters": 507, "walkingSeconds": 365, "band": 5}, {"stopCode": 52, "lines": "1,2", "name": "Pioneer Square Station", "walkingMeters": 656, "walkingSeconds": 474, "band": 10}, {"stopCode": 50, "lines": "1,2", "name": "Westlake Station", "walkingMeters": 1030, "walkingSeconds": 741, "band": 15}, {"stopCode": 53, "lines": "1,2", "name": "International District Station", "walkingMeters": 1145, "walkingSeconds": 829, "band": 15}]}, "geometry": {"type": "Point", "coordinates": [-122.3368258, 47.6046008]}}, {"type": "Feature", "properties": {"id": 2404316392, "name": "Lisa Wiggins Design", "category": "art", "tags": ["art"], "sources": ["osm"], "address": "805 1st Avenue", "stations": [{"stopCode": 52, "lines": "1,2", "name": "Pioneer Square Station", "walkingMeters": 446, "walkingSeconds": 320, "band": 5}, {"stopCode": 51, "lines": "1,2", "name": "Symphony Station", "walkingMeters": 642, "walkingSeconds": 462, "band": 10}, {"stopCode": 53, "lines": "1,2", "name": "International District Station", "walkingMeters": 931, "walkingSeconds": 675, "band": 15}, {"stopCode": 50, "lines": "1,2", "name": "Westlake Station", "walkingMeters": 1167, "walkingSeconds": 840, "band": 15}]}, "geometry": {"type": "Point", "coordinates": [-122.335331, 47.6034075]}}, {"type": "Feature", "properties": {"id": 2744017383, "name": "Burgundy Viscosi Gallery", "category": "gift", "tags": ["gift"], "sources": ["osm"], "stations": [{"stopCode": 51, "lines": "1,2", "name": "Symphony Station", "walkingMeters": 547, "walkingSeconds": 396, "band": 10}, {"stopCode": 52, "lines": "1,2", "name": "Pioneer Square Station", "walkingMeters": 900, "walkingSeconds": 647, "band": 15}, {"stopCode": 50, "lines": "1,2", "name": "Westlake Station", "walkingMeters": 1064, "walkingSeconds": 765, "band": 15}]}, "geometry": {"type": "Point", "coordinates": [-122.339884, 47.6048523]}}, {"type": "Feature", "properties": {"id": 3006173066, "name": "Sak\u00e9 Nomi", "category": "alcohol", "tags": ["alcohol"], "sources": ["osm"], "address": "106 Cherry Street", "hours": "Tu-Sa", "stations": [{"stopCode": 52, "lines": "1,2", "name": "Pioneer Square Station", "walkingMeters": 296, "walkingSeconds": 213, "band": 5}, {"stopCode": 51, "lines": "1,2", "name": "Symphony Station", "walkingMeters": 718, "walkingSeconds": 516, "band": 10}, {"stopCode": 53, "lines": "1,2", "name": "International District Station", "walkingMeters": 809, "walkingSeconds": 590, "band": 10}, {"stopCode": 50, "lines": "1,2", "name": "Westlake Station", "walkingMeters": 1243, "walkingSeconds": 894, "band": 15}]}, "geometry": {"type": "Point", "coordinates": [-122.3340347, 47.602779]}}, {"type": "Feature", "properties": {"id": 3006173067, "name": "Open Books", "category": "books", "tags": ["books"], "sources": ["osm"], "address": "108 Cherry Street", "hours": "We-Sa 00:00-17:00; Su 00:00-16:00", "stations": [{"stopCode": 52, "lines": "1,2", "name": "Pioneer Square Station", "walkingMeters": 289, "walkingSeconds": 208, "band": 5}, {"stopCode": 51, "lines": "1,2", "name": "Symphony Station", "walkingMeters": 711, "walkingSeconds": 512, "band": 10}, {"stopCode": 53, "lines": "1,2", "name": "International District Station", "walkingMeters": 803, "walkingSeconds": 585, "band": 10}, {"stopCode": 50, "lines": "1,2", "name": "Westlake Station", "walkingMeters": 1236, "walkingSeconds": 890, "band": 15}]}, "geometry": {"type": "Point", "coordinates": [-122.3339575, 47.6028122]}}, {"type": "Feature", "properties": {"id": "35016333-e712-4f9a-a61e-e70200424db4", "name": "Cone & Steiner", "category": "supermarket", "tags": ["supermarket"], "sources": ["overture"], "website": "https://coneandsteiner.com", "address": "1012 1st Ave", "stations": [{"stopCode": 51, "lines": "1,2", "name": "Symphony Station", "walkingMeters": 425, "walkingSeconds": 306, "band": 5}, {"stopCode": 52, "lines": "1,2", "name": "Pioneer Square Station", "walkingMeters": 625, "walkingSeconds": 449, "band": 10}, {"stopCode": 50, "lines": "1,2", "name": "Westlake Station", "walkingMeters": 949, "walkingSeconds": 682, "band": 10}, {"stopCode": 53, "lines": "1,2", "name": "International District Station", "walkingMeters": 1119, "walkingSeconds": 810, "band": 15}]}, "geometry": {"type": "Point", "coordinates": [-122.3362961, 47.6052551]}}, {"type": "Feature", "properties": {"id": 3006174390, "name": "Abmeyer & Wood Fine Art", "category": "art", "tags": ["art", "gallery"], "sources": ["osm", "overture"], "website": "http://www.abmeyerwood.com/", "phone": "+12066289501", "address": "1210 2nd Ave", "stations": [{"stopCode": 51, "lines": "1,2", "name": "Symphony Station", "walkingMeters": 82, "walkingSeconds": 59, "band": 5}, {"stopCode": 50, "lines": "1,2", "name": "Westlake Station", "walkingMeters": 611, "walkingSeconds": 440, "band": 10}, {"stopCode": 52, "lines": "1,2", "name": "Pioneer Square Station", "walkingMeters": 749, "walkingSeconds": 539, "band": 10}]}, "geometry": {"type": "Point", "coordinates": [-122.3365966, 47.6072616]}}, {"type": "Feature", "properties": {"id": 3559868717, "name": "Symphonica", "category": "gift", "tags": ["gift", "wheelchair-accessible"], "sources": ["osm"], "stations": [{"stopCode": 51, "lines": "1,2", "name": "Symphony Station", "walkingMeters": 78, "walkingSeconds": 56, "band": 5}, {"stopCode": 50, "lines": "1,2", "name": "Westlake Station", "walkingMeters": 471, "walkingSeconds": 338, "band": 10}, {"stopCode": 52, "lines": "1,2", "name": "Pioneer Square Station", "walkingMeters": 775, "walkingSeconds": 558, "band": 10}]}, "geometry": {"type": "Point", "coordinates": [-122.336739, 47.6082336]}}, {"type": "Feature", "properties": {"id": 3616111925, "name": "Happy Hues", "category": "art", "tags": ["art"], "sources": ["osm"], "address": "1521 2nd Avenue", "stations": [{"stopCode": 50, "lines": "1,2", "name": "Westlake Station", "walkingMeters": 348, "walkingSeconds": 252, "band": 5}, {"stopCode": 51, "lines": "1,2", "name": "Symphony Station", "walkingMeters": 425, "walkingSeconds": 308, "band": 5}, {"stopCode": 52, "lines": "1,2", "name": "Pioneer Square Station", "walkingMeters": 1118, "walkingSeconds": 807, "band": 15}]}, "geometry": {"type": "Point", "coordinates": [-122.3395958, 47.6097141]}}, {"type": "Feature", "properties": {"id": 3656189825, "name": "Siamonto Jewelers", "category": "jewelry", "tags": ["jewelry"], "sources": ["osm", "overture"], "website": "http://www.siamonto.com/", "phone": "+12067345523", "address": "1101 4th Ave", "stations": [{"stopCode": 51, "lines": "1,2", "name": "Symphony Station", "walkingMeters": 226, "walkingSeconds": 163, "band": 5}, {"stopCode": 50, "lines": "1,2", "name": "Westlake Station", "walkingMeters": 590, "walkingSeconds": 427, "band": 10}, {"stopCode": 52, "lines": "1,2", "name": "Pioneer Square Station", "walkingMeters": 636, "walkingSeconds": 458, "band": 10}]}, "geometry": {"type": "Point", "coordinates": [-122.3341857, 47.6071411]}}, {"type": "Feature", "properties": {"id": 3665233026, "name": "FIFA World Cup 2026 Store", "category": "gift", "tags": ["gift"], "sources": ["osm"], "address": "214 1st Avenue South", "stations": [{"stopCode": 52, "lines": "1,2", "name": "Pioneer Square Station", "walkingMeters": 466, "walkingSeconds": 336, "band": 5}, {"stopCode": 53, "lines": "1,2", "name": "International District Station", "walkingMeters": 594, "walkingSeconds": 429, "band": 10}, {"stopCode": 51, "lines": "1,2", "name": "Symphony Station", "walkingMeters": 1058, "walkingSeconds": 762, "band": 15}]}, "geometry": {"type": "Point", "coordinates": [-122.3336215, 47.6001652]}}, {"type": "Feature", "properties": {"id": 3942806357, "name": "Traver Gallery", "category": "art", "tags": ["art", "gallery"], "sources": ["osm", "overture"], "website": "https://travergallery.com", "phone": "12065876501", "address": "110 Union St  Ste 200", "stations": [{"stopCode": 51, "lines": "1,2", "name": "Symphony Station", "walkingMeters": 286, "walkingSeconds": 206, "band": 5}, {"stopCode": 50, "lines": "1,2", "name": "Westlake Station", "walkingMeters": 556, "walkingSeconds": 400, "band": 10}, {"stopCode": 52, "lines": "1,2", "name": "Pioneer Square Station", "walkingMeters": 979, "walkingSeconds": 705, "band": 15}]}, "geometry": {"type": "Point", "coordinates": [-122.3388043, 47.6080937]}}, {"type": "Feature", "properties": {"id": 3942806757, "name": "Sal Floral Design", "category": "florist", "tags": ["florist"], "sources": ["osm"], "website": "https://salfloraldesign.com/", "address": "1219 1st Avenue", "hours": "Mo-Fr 09:00-18:00", "stations": [{"stopCode": 51, "lines": "1,2", "name": "Symphony Station", "walkingMeters": 252, "walkingSeconds": 181, "band": 5}, {"stopCode": 50, "lines": "1,2", "name": "Westlake Station", "walkingMeters": 772, "walkingSeconds": 556, "band": 10}, {"stopCode": 52, "lines": "1,2", "name": "Pioneer Square Station", "walkingMeters": 844, "walkingSeconds": 608, "band": 10}]}, "geometry": {"type": "Point", "coordinates": [-122.3381403, 47.6064549]}}, {"type": "Feature", "properties": {"id": 4027142317, "name": "Dimples", "category": "convenience", "tags": ["convenience"], "sources": ["osm"], "stations": [{"stopCode": 51, "lines": "1,2", "name": "Symphony Station", "walkingMeters": 351, "walkingSeconds": 252, "band": 5}, {"stopCode": 50, "lines": "1,2", "name": "Westlake Station", "walkingMeters": 463, "walkingSeconds": 333, "band": 10}, {"stopCode": 52, "lines": "1,2", "name": "Pioneer Square Station", "walkingMeters": 1012, "walkingSeconds": 730, "band": 15}]}, "geometry": {"type": "Point", "coordinates": [-122.3326468, 47.6096365]}}, {"type": "Feature", "properties": {"id": 4531038740, "name": "Marcella's La Boutique", "category": "clothes", "tags": ["clothes"], "sources": ["osm"], "stations": [{"stopCode": 51, "lines": "1,2", "name": "Symphony Station", "walkingMeters": 249, "walkingSeconds": 179, "band": 5}, {"stopCode": 50, "lines": "1,2", "name": "Westlake Station", "walkingMeters": 281, "walkingSeconds": 204, "band": 5}, {"stopCode": 52, "lines": "1,2", "name": "Pioneer Square Station", "walkingMeters": 943, "walkingSeconds": 678, "band": 15}]}, "geometry": {"type": "Point", "coordinates": [-122.336276, 47.6094351]}}, {"type": "Feature", "properties": {"id": "fd584df4-5161-462e-8c82-b51c93e61e3d", "name": "Amazon Go", "category": "convenience", "tags": ["convenience"], "sources": ["overture"], "website": "http://www.amazon.com/gostore", "phone": "8882804331", "address": "920 5th Ave", "stations": [{"stopCode": 51, "lines": "1,2", "name": "Symphony Station", "walkingMeters": 496, "walkingSeconds": 370, "band": 10}, {"stopCode": 52, "lines": "1,2", "name": "Pioneer Square Station", "walkingMeters": 529, "walkingSeconds": 395, "band": 10}, {"stopCode": 50, "lines": "1,2", "name": "Westlake Station", "walkingMeters": 926, "walkingSeconds": 691, "band": 10}, {"stopCode": 53, "lines": "1,2", "name": "International District Station", "walkingMeters": 1187, "walkingSeconds": 886, "band": 15}]}, "geometry": {"type": "Point", "coordinates": [-122.3315125, 47.6062164]}}, {"type": "Feature", "properties": {"id": 4639109921, "name": "Shoe Express", "category": "shoes", "tags": ["shoes", "shoemaker"], "sources": ["osm"], "website": "https://www.soulrepair.co/", "phone": "+1-206-551-0964", "address": "1200 2nd Avenue", "hours": "Mo-Fr 10:00-15:00", "stations": [{"stopCode": 51, "lines": "1,2", "name": "Symphony Station", "walkingMeters": 156, "walkingSeconds": 112, "band": 5}, {"stopCode": 50, "lines": "1,2", "name": "Westlake Station", "walkingMeters": 683, "walkingSeconds": 491, "band": 10}, {"stopCode": 52, "lines": "1,2", "name": "Pioneer Square Station", "walkingMeters": 703, "walkingSeconds": 506, "band": 10}]}, "geometry": {"type": "Point", "coordinates": [-122.3363102, 47.6069469]}}, {"type": "Feature", "properties": {"id": 5194336789, "name": "Moorea Seal", "category": "clothes", "tags": ["clothes", "womens"], "sources": ["osm", "overture"], "website": "http://www.mooreaseal.com", "address": "1012 1st Ave  Ste 150", "stations": [{"stopCode": 51, "lines": "1,2", "name": "Symphony Station", "walkingMeters": 420, "walkingSeconds": 302, "band": 5}, {"stopCode": 52, "lines": "1,2", "name": "Pioneer Square Station", "walkingMeters": 630, "walkingSeconds": 453, "band": 10}, {"stopCode": 50, "lines": "1,2", "name": "Westlake Station", "walkingMeters": 943, "walkingSeconds": 678, "band": 15}, {"stopCode": 53, "lines": "1,2", "name": "International District Station", "walkingMeters": 1124, "walkingSeconds": 814, "band": 15}]}, "geometry": {"type": "Point", "coordinates": [-122.3363419, 47.6051731]}}, {"type": "Feature", "properties": {"id": 5723976071, "name": "Delicatus", "category": "deli", "tags": ["deli"], "sources": ["osm"], "stations": [{"stopCode": 51, "lines": "1,2", "name": "Symphony Station", "walkingMeters": 116, "walkingSeconds": 84, "band": 5}, {"stopCode": 50, "lines": "1,2", "name": "Westlake Station", "walkingMeters": 576, "walkingSeconds": 414, "band": 10}, {"stopCode": 52, "lines": "1,2", "name": "Pioneer Square Station", "walkingMeters": 813, "walkingSeconds": 585, "band": 10}]}, "geometry": {"type": "Point", "coordinates": [-122.3370624, 47.6078154]}}, {"type": "Feature", "properties": {"id": 5723976073, "name": "Melange Market", "category": "convenience", "tags": ["convenience", "deli", "delicatessen"], "sources": ["osm", "overture"], "website": "https://www.themelangemarket.net", "phone": "12062247007", "address": "1201 3rd Ave  Ste 210", "stations": [{"stopCode": 51, "lines": "1,2", "name": "Symphony Station", "walkingMeters": 68, "walkingSeconds": 49, "band": 5}, {"stopCode": 50, "lines": "1,2", "name": "Westlake Station", "walkingMeters": 598, "walkingSeconds": 430, "band": 10}, {"stopCode": 52, "lines": "1,2", "name": "Pioneer Square Station", "walkingMeters": 735, "walkingSeconds": 529, "band": 10}]}, "geometry": {"type": "Point", "coordinates": [-122.3364945, 47.6073858]}}, {"type": "Feature", "properties": {"id": 6780355225, "name": "Center of Contemporary Art", "category": "art", "tags": ["art"], "sources": ["osm"], "website": "https://cocaseattle.org", "phone": "+1-206-728-1980", "address": "114 3rd Avenue South", "hours": "Th-Sa 10:00-17:00", "stations": [{"stopCode": 52, "lines": "1,2", "name": "Pioneer Square Station", "walkingMeters": 193, "walkingSeconds": 147, "band": 5}, {"stopCode": 53, "lines": "1,2", "name": "International District Station", "walkingMeters": 464, "walkingSeconds": 334, "band": 5}, {"stopCode": 51, "lines": "1,2", "name": "Symphony Station", "walkingMeters": 906, "walkingSeconds": 652, "band": 10}]}, "geometry": {"type": "Point", "coordinates": [-122.330069, 47.6011142]}}, {"type": "Feature", "properties": {"id": 8366589086, "name": "Dogtopia", "category": "pet", "tags": ["pet"], "sources": ["osm"], "stations": [{"stopCode": 51, "lines": "1,2", "name": "Symphony Station", "walkingMeters": 256, "walkingSeconds": 185, "band": 5}, {"stopCode": 50, "lines": "1,2", "name": "Westlake Station", "walkingMeters": 771, "walkingSeconds": 555, "band": 10}, {"stopCode": 52, "lines": "1,2", "name": "Pioneer Square Station", "walkingMeters": 923, "walkingSeconds": 664, "band": 15}]}, "geometry": {"type": "Point", "coordinates": [-122.338708, 47.6067562]}}, {"type": "Feature", "properties": {"id": "e3bd621c-dca8-4ec7-b432-1a49ed0ca016", "name": "Young Flowers", "category": "florist", "tags": ["florist"], "sources": ["overture"], "website": "http://youngflowersseattle.com", "phone": "(206) 628-3077", "address": "1907 4th Ave", "stations": [{"stopCode": 51, "lines": "1,2", "name": "Symphony Station", "walkingMeters": 185, "walkingSeconds": 138, "band": 5}, {"stopCode": 52, "lines": "1,2", "name": "Pioneer Square Station", "walkingMeters": 710, "walkingSeconds": 530, "band": 10}, {"stopCode": 50, "lines": "1,2", "name": "Westlake Station", "walkingMeters": 728, "walkingSeconds": 543, "band": 10}, {"stopCode": 53, "lines": "1,2", "name": "International District Station", "walkingMeters": 1392, "walkingSeconds": 1039, "band": 15}]}, "geometry": {"type": "Point", "coordinates": [-122.3353043, 47.6066246]}}, {"type": "Feature", "properties": {"id": 11408504669, "name": "SAM Shop", "category": "gift", "tags": ["gift"], "sources": ["osm"], "stations": [{"stopCode": 51, "lines": "1,2", "name": "Symphony Station", "walkingMeters": 260, "walkingSeconds": 187, "band": 5}, {"stopCode": 50, "lines": "1,2", "name": "Westlake Station", "walkingMeters": 640, "walkingSeconds": 461, "band": 10}, {"stopCode": 52, "lines": "1,2", "name": "Pioneer Square Station", "walkingMeters": 942, "walkingSeconds": 678, "band": 15}]}, "geometry": {"type": "Point", "coordinates": [-122.3385536, 47.607503]}}, {"type": "Feature", "properties": {"id": 11408504670, "name": "Single Store", "category": "gift", "tags": ["gift"], "sources": ["osm"], "stations": [{"stopCode": 51, "lines": "1,2", "name": "Symphony Station", "walkingMeters": 362, "walkingSeconds": 260, "band": 5}, {"stopCode": 50, "lines": "1,2", "name": "Westlake Station", "walkingMeters": 633, "walkingSeconds": 455, "band": 10}, {"stopCode": 52, "lines": "1,2", "name": "Pioneer Square Station", "walkingMeters": 1052, "walkingSeconds": 757, "band": 15}]}, "geometry": {"type": "Point", "coordinates": [-122.3396867, 47.6077458]}}, {"type": "Feature", "properties": {"id": 11663016260, "name": "K\u00fchl", "category": "clothes", "tags": ["clothes"], "sources": ["osm"], "website": "https://www.kuhl.com/content/seattle/", "address": "203 Pike Street", "stations": [{"stopCode": 51, "lines": "1,2", "name": "Symphony Station", "walkingMeters": 323, "walkingSeconds": 232, "band": 5}, {"stopCode": 50, "lines": "1,2", "name": "Westlake Station", "walkingMeters": 361, "walkingSeconds": 260, "band": 5}, {"stopCode": 52, "lines": "1,2", "name": "Pioneer Square Station", "walkingMeters": 1019, "walkingSeconds": 734, "band": 15}]}, "geometry": {"type": "Point", "coordinates": [-122.338539, 47.6092587]}}, {"type": "Feature", "properties": {"id": 11989455849, "name": "Arch Rivals Studios", "category": "clothes", "tags": ["clothes"], "sources": ["osm"], "address": "116 1/2 South Washington Street", "stations": [{"stopCode": 52, "lines": "1,2", "name": "Pioneer Square Station", "walkingMeters": 321, "walkingSeconds": 231, "band": 5}, {"stopCode": 53, "lines": "1,2", "name": "International District Station", "walkingMeters": 635, "walkingSeconds": 458, "band": 10}, {"stopCode": 51, "lines": "1,2", "name": "Symphony Station", "walkingMeters": 957, "walkingSeconds": 689, "band": 15}]}, "geometry": {"type": "Point", "coordinates": [-122.3334161, 47.6010342]}}, {"type": "Feature", "properties": {"id": 12021390363, "name": "Cassina", "category": "furniture", "tags": ["furniture"], "sources": ["osm"], "stations": [{"stopCode": 51, "lines": "1,2", "name": "Symphony Station", "walkingMeters": 340, "walkingSeconds": 244, "band": 5}, {"stopCode": 50, "lines": "1,2", "name": "Westlake Station", "walkingMeters": 860, "walkingSeconds": 619, "band": 10}, {"stopCode": 52, "lines": "1,2", "name": "Pioneer Square Station", "walkingMeters": 915, "walkingSeconds": 658, "band": 15}]}, "geometry": {"type": "Point", "coordinates": [-122.3388317, 47.6061073]}}, {"type": "Feature", "properties": {"id": 13102716001, "name": "Fused Flawlessly", "category": "jewelry", "tags": ["jewelry"], "sources": ["osm"], "website": "https://linktr.ee/flawlesslyfused", "address": "106 Union Street", "stations": [{"stopCode": 51, "lines": "1,2", "name": "Symphony Station", "walkingMeters": 326, "walkingSeconds": 235, "band": 5}, {"stopCode": 50, "lines": "1,2", "name": "Westlake Station", "walkingMeters": 567, "walkingSeconds": 410, "band": 10}, {"stopCode": 52, "lines": "1,2", "name": "Pioneer Square Station", "walkingMeters": 1020, "walkingSeconds": 734, "band": 15}]}, "geometry": {"type": "Point", "coordinates": [-122.3391313, 47.6080842]}}, {"type": "Feature", "properties": {"id": 13513577491, "name": "Puget Sound Traders", "category": "convenience", "tags": ["convenience"], "sources": ["osm"], "stations": [{"stopCode": 52, "lines": "1,2", "name": "Pioneer Square Station", "walkingMeters": 704, "walkingSeconds": 506, "band": 10}, {"stopCode": 51, "lines": "1,2", "name": "Symphony Station", "walkingMeters": 870, "walkingSeconds": 628, "band": 10}, {"stopCode": 53, "lines": "1,2", "name": "International District Station", "walkingMeters": 1168, "walkingSeconds": 850, "band": 15}]}, "geometry": {"type": "Point", "coordinates": [-122.3389154, 47.6027243]}}, {"type": "Feature", "properties": {"id": 13765349398, "name": "Turgeon Raine Jewelers", "category": "jewelry", "tags": ["jewelry"], "sources": ["osm", "overture"], "website": "http://www.turgeonraine.com/", "phone": "+12064479488", "address": "1300 5th Ave", "stations": [{"stopCode": 51, "lines": "1,2", "name": "Symphony Station", "walkingMeters": 223, "walkingSeconds": 160, "band": 5}, {"stopCode": 50, "lines": "1,2", "name": "Westlake Station", "walkingMeters": 418, "walkingSeconds": 303, "band": 10}, {"stopCode": 52, "lines": "1,2", "name": "Pioneer Square Station", "walkingMeters": 891, "walkingSeconds": 643, "band": 15}]}, "geometry": {"type": "Point", "coordinates": [-122.333695, 47.6089176]}}, {"type": "Feature", "properties": {"id": 14108483914, "name": "FriendShop", "category": "gift", "tags": ["gift"], "sources": ["osm"], "website": "https://www.friendsofspl.org", "phone": "+1-206-733-9015", "hours": "Mo-Sa 10:00-17:00", "stations": [{"stopCode": 51, "lines": "1,2", "name": "Symphony Station", "walkingMeters": 452, "walkingSeconds": 325, "band": 10}, {"stopCode": 52, "lines": "1,2", "name": "Pioneer Square Station", "walkingMeters": 583, "walkingSeconds": 419, "band": 10}, {"stopCode": 50, "lines": "1,2", "name": "Westlake Station", "walkingMeters": 704, "walkingSeconds": 506, "band": 10}, {"stopCode": 53, "lines": "1,2", "name": "International District Station", "walkingMeters": 1051, "walkingSeconds": 756, "band": 15}]}, "geometry": {"type": "Point", "coordinates": [-122.3320964, 47.6065956]}}, {"type": "Feature", "properties": {"id": "719ae42f-856d-4ae8-8dda-7a5b4df47d08", "name": "Walmart Supercenter", "category": "supermarket", "tags": ["supermarket"], "sources": ["overture"], "website": "https://www.walmart.com", "phone": "+12067490206", "address": "816 3rd Ave", "stations": [{"stopCode": 52, "lines": "1,2", "name": "Pioneer Square Station", "walkingMeters": 354, "walkingSeconds": 264, "band": 5}, {"stopCode": 51, "lines": "1,2", "name": "Symphony Station", "walkingMeters": 541, "walkingSeconds": 404, "band": 5}, {"stopCode": 53, "lines": "1,2", "name": "International District Station", "walkingMeters": 1038, "walkingSeconds": 775, "band": 15}, {"stopCode": 50, "lines": "1,2", "name": "Westlake Station", "walkingMeters": 1056, "walkingSeconds": 788, "band": 15}]}, "geometry": {"type": "Point", "coordinates": [-122.3328171, 47.6047554]}}, {"type": "Feature", "properties": {"id": "5b4f0349-27f5-4394-b7ae-8ffb4634d6a0", "name": "Rite Aid", "category": "convenience", "tags": ["convenience"], "sources": ["overture"], "phone": "2066230577", "address": "802 3rd Ave", "stations": [{"stopCode": 52, "lines": "1,2", "name": "Pioneer Square Station", "walkingMeters": 247, "walkingSeconds": 178, "band": 5}, {"stopCode": 51, "lines": "1,2", "name": "Symphony Station", "walkingMeters": 466, "walkingSeconds": 335, "band": 10}, {"stopCode": 53, "lines": "1,2", "name": "International District Station", "walkingMeters": 885, "walkingSeconds": 639, "band": 15}, {"stopCode": 50, "lines": "1,2", "name": "Westlake Station", "walkingMeters": 994, "walkingSeconds": 716, "band": 15}]}, "geometry": {"type": "Point", "coordinates": [-122.3330154, 47.6044807]}}, {"type": "Feature", "properties": {"id": "bac71a9a-33ea-492d-851b-61856cef5384", "name": "Ross Dress For Less", "category": "clothes", "tags": ["clothes"], "sources": ["overture"], "website": "https://www.rossstores.com", "phone": "12066236781", "address": "301 Pike St", "stations": [{"stopCode": 51, "lines": "1,2", "name": "Symphony Station", "walkingMeters": 238, "walkingSeconds": 171, "band": 5}, {"stopCode": 50, "lines": "1,2", "name": "Westlake Station", "walkingMeters": 293, "walkingSeconds": 211, "band": 5}, {"stopCode": 52, "lines": "1,2", "name": "Pioneer Square Station", "walkingMeters": 934, "walkingSeconds": 672, "band": 15}]}, "geometry": {"type": "Point", "coordinates": [-122.3371964, 47.6095963]}}, {"type": "Feature", "properties": {"id": "088bc41f-1942-496b-be39-94ac919c49a5", "name": "Ligne Roset", "category": "furniture", "tags": ["furniture"], "sources": ["overture"], "website": "https://www.rosetseattle.com/", "phone": "+12063419990", "address": "1200 Post Alley", "stations": [{"stopCode": 51, "lines": "1,2", "name": "Symphony Station", "walkingMeters": 251, "walkingSeconds": 181, "band": 5}, {"stopCode": 50, "lines": "1,2", "name": "Westlake Station", "walkingMeters": 772, "walkingSeconds": 555, "band": 10}, {"stopCode": 52, "lines": "1,2", "name": "Pioneer Square Station", "walkingMeters": 845, "walkingSeconds": 608, "band": 10}]}, "geometry": {"type": "Point", "coordinates": [-122.3382339, 47.6064301]}}, {"type": "Feature", "properties": {"id": "3c9775c4-5afd-4a2f-b26a-3a9080d9f82e", "name": "Cannabis Engineering & Compliance", "category": "cannabis", "tags": ["cannabis"], "sources": ["overture"], "website": "https://canngineers.com/", "phone": "2063853417", "address": "1001 Alaskan Way Ste 200", "stations": [{"stopCode": 51, "lines": "1,2", "name": "Symphony Station", "walkingMeters": 616, "walkingSeconds": 443, "band": 10}, {"stopCode": 52, "lines": "1,2", "name": "Pioneer Square Station", "walkingMeters": 799, "walkingSeconds": 575, "band": 10}, {"stopCode": 50, "lines": "1,2", "name": "Westlake Station", "walkingMeters": 1136, "walkingSeconds": 817, "band": 15}]}, "geometry": {"type": "Point", "coordinates": [-122.3395386, 47.6040497]}}, {"type": "Feature", "properties": {"id": "fe83819f-0bae-4a6b-a174-98dcab96da3d", "name": "Bejeweled", "category": "jewelry", "tags": ["jewelry"], "sources": ["overture"], "website": "http://www.shopbejeweled.com", "phone": "+17652712750", "address": "1101 Alaskan Way", "stations": [{"stopCode": 51, "lines": "1,2", "name": "Symphony Station", "walkingMeters": 566, "walkingSeconds": 422, "band": 10}, {"stopCode": 52, "lines": "1,2", "name": "Pioneer Square Station", "walkingMeters": 883, "walkingSeconds": 659, "band": 15}, {"stopCode": 50, "lines": "1,2", "name": "Westlake Station", "walkingMeters": 1025, "walkingSeconds": 765, "band": 15}]}, "geometry": {"type": "Point", "coordinates": [-122.3396683, 47.6047668]}}, {"type": "Feature", "properties": {"id": "d3f20973-4e6d-4064-8293-bbd953d06b4b", "name": "Pabla India Cuisine", "category": "supermarket", "tags": ["supermarket"], "sources": ["overture"], "address": "1516 2nd Ave Ste 101", "stations": [{"stopCode": 50, "lines": "1,2", "name": "Westlake Station", "walkingMeters": 313, "walkingSeconds": 227, "band": 5}, {"stopCode": 51, "lines": "1,2", "name": "Symphony Station", "walkingMeters": 420, "walkingSeconds": 302, "band": 5}, {"stopCode": 52, "lines": "1,2", "name": "Pioneer Square Station", "walkingMeters": 1116, "walkingSeconds": 803, "band": 15}]}, "geometry": {"type": "Point", "coordinates": [-122.3390198, 47.6099243]}}, {"type": "Feature", "properties": {"id": "a786d43c-ded0-4fad-9877-ab9f4b128cdc", "name": "Smoke Plus Inc.", "category": "tobacco", "tags": ["tobacco"], "sources": ["overture"], "website": "http://www.smokeplus.com/", "phone": "+12066223665", "address": "1432 1st Ave", "stations": [{"stopCode": 51, "lines": "1,2", "name": "Symphony Station", "walkingMeters": 408, "walkingSeconds": 294, "band": 5}, {"stopCode": 50, "lines": "1,2", "name": "Westlake Station", "walkingMeters": 485, "walkingSeconds": 351, "band": 10}, {"stopCode": 52, "lines": "1,2", "name": "Pioneer Square Station", "walkingMeters": 1101, "walkingSeconds": 792, "band": 15}]}, "geometry": {"type": "Point", "coordinates": [-122.3397446, 47.6086922]}}, {"type": "Feature", "properties": {"id": "64905d91-c6a7-4132-bbfc-e5600b05a1fe", "name": "Seattle Sneaker City", "category": "shoes", "tags": ["shoes", "shoe"], "sources": ["overture"], "website": "https://seattle-sneaker-city.myshopify.com/", "phone": "+12066217923", "address": "110 Pike St", "stations": [{"stopCode": 51, "lines": "1,2", "name": "Symphony Station", "walkingMeters": 423, "walkingSeconds": 305, "band": 5}, {"stopCode": 50, "lines": "1,2", "name": "Westlake Station", "walkingMeters": 449, "walkingSeconds": 323, "band": 5}, {"stopCode": 52, "lines": "1,2", "name": "Pioneer Square Station", "walkingMeters": 1117, "walkingSeconds": 804, "band": 15}]}, "geometry": {"type": "Point", "coordinates": [-122.3398819, 47.6091232]}}, {"type": "Feature", "properties": {"id": "e55e81a5-64ce-4b45-abaa-fce9ea8c03e0", "name": "Palace Jewelry & Loan", "category": "jewelry", "tags": ["jewelry"], "sources": ["overture"], "website": "http://www.palacejewelryandloan.com", "phone": "(206) 624-7962", "address": "1420 1st Ave", "stations": [{"stopCode": 51, "lines": "1,2", "name": "Symphony Station", "walkingMeters": 318, "walkingSeconds": 237, "band": 5}, {"stopCode": 50, "lines": "1,2", "name": "Westlake Station", "walkingMeters": 522, "walkingSeconds": 390, "band": 10}, {"stopCode": 52, "lines": "1,2", "name": "Pioneer Square Station", "walkingMeters": 1143, "walkingSeconds": 853, "band": 15}]}, "geometry": {"type": "Point", "coordinates": [-122.33918, 47.6083641]}}, {"type": "Feature", "properties": {"id": "92134ba6-bf03-470d-90d7-924bf71794ad", "name": "Eighth Generation", "category": "gift", "tags": ["gift"], "sources": ["overture"], "website": "eighthgeneration.com", "phone": "12066952907", "address": "1406 1st Ave", "stations": [{"stopCode": 51, "lines": "1,2", "name": "Symphony Station", "walkingMeters": 392, "walkingSeconds": 282, "band": 5}, {"stopCode": 50, "lines": "1,2", "name": "Westlake Station", "walkingMeters": 540, "walkingSeconds": 390, "band": 10}, {"stopCode": 52, "lines": "1,2", "name": "Pioneer Square Station", "walkingMeters": 1085, "walkingSeconds": 781, "band": 15}]}, "geometry": {"type": "Point", "coordinates": [-122.3390808, 47.6081734]}}, {"type": "Feature", "properties": {"id": "a74bf19b-eb4c-441b-b5f8-5c1f887ce373", "name": "B&b Italia Showroom", "category": "furniture", "tags": ["furniture"], "sources": ["overture"], "website": "https://divafurnitureseattle.com", "phone": "12062879992", "address": "1300 Western Ave", "stations": [{"stopCode": 51, "lines": "1,2", "name": "Symphony Station", "walkingMeters": 344, "walkingSeconds": 257, "band": 5}, {"stopCode": 50, "lines": "1,2", "name": "Westlake Station", "walkingMeters": 740, "walkingSeconds": 552, "band": 10}, {"stopCode": 52, "lines": "1,2", "name": "Pioneer Square Station", "walkingMeters": 981, "walkingSeconds": 732, "band": 15}]}, "geometry": {"type": "Point", "coordinates": [-122.3391647, 47.6067276]}}, {"type": "Feature", "properties": {"id": "fa7aa533-4c6e-44f2-be08-c7f81d4694d6", "name": "porter.works", "category": "furniture", "tags": ["furniture"], "sources": ["overture"], "address": "1201 2nd Ave", "stations": [{"stopCode": 51, "lines": "1,2", "name": "Symphony Station", "walkingMeters": 249, "walkingSeconds": 179, "band": 5}, {"stopCode": 50, "lines": "1,2", "name": "Westlake Station", "walkingMeters": 770, "walkingSeconds": 553, "band": 10}, {"stopCode": 52, "lines": "1,2", "name": "Pioneer Square Station", "walkingMeters": 807, "walkingSeconds": 581, "band": 10}]}, "geometry": {"type": "Point", "coordinates": [-122.3376236, 47.6064796]}}, {"type": "Feature", "properties": {"id": "161fd2b4-69f3-4c8e-bc82-3c2114761d9a", "name": "Timothy De Clue Collection", "category": "gift", "tags": ["gift"], "sources": ["overture"], "website": "http://timothydecluecollection.com", "phone": "(206) 604-9443", "address": "272 Bellevue Square", "stations": [{"stopCode": 51, "lines": "1,2", "name": "Symphony Station", "walkingMeters": 281, "walkingSeconds": 202, "band": 5}, {"stopCode": 50, "lines": "1,2", "name": "Westlake Station", "walkingMeters": 752, "walkingSeconds": 545, "band": 10}, {"stopCode": 52, "lines": "1,2", "name": "Pioneer Square Station", "walkingMeters": 948, "walkingSeconds": 682, "band": 15}]}, "geometry": {"type": "Point", "coordinates": [-122.3387756, 47.6069412]}}, {"type": "Feature", "properties": {"id": "34e7f8a9-515d-4a5e-b70e-09f903719a78", "name": "Michael Maslan Vintage Posters Photographs Postcards & Ephemera", "category": "gift", "tags": ["gift"], "sources": ["overture"], "website": "https://cascadebooksellers.com/bookstores/michael-maslan-vintage-posters-photographs/", "phone": "2065870187", "address": "109 University St", "stations": [{"stopCode": 51, "lines": "1,2", "name": "Symphony Station", "walkingMeters": 151, "walkingSeconds": 111, "band": 5}, {"stopCode": 50, "lines": "1,2", "name": "Westlake Station", "walkingMeters": 672, "walkingSeconds": 483, "band": 10}, {"stopCode": 52, "lines": "1,2", "name": "Pioneer Square Station", "walkingMeters": 825, "walkingSeconds": 594, "band": 10}]}, "geometry": {"type": "Point", "coordinates": [-122.3376236, 47.6070824]}}, {"type": "Feature", "properties": {"id": "b0a2013d-ea57-463f-9e6e-687c6f19d1a0", "name": "Rex's Deli", "category": "deli", "tags": ["deli", "delicatessen"], "sources": ["overture"], "website": "http://www.agr.wa.gov", "phone": "(206) 623-7397", "address": "1223 2nd Ave", "stations": [{"stopCode": 51, "lines": "1,2", "name": "Symphony Station", "walkingMeters": 179, "walkingSeconds": 134, "band": 5}, {"stopCode": 50, "lines": "1,2", "name": "Westlake Station", "walkingMeters": 686, "walkingSeconds": 512, "band": 10}, {"stopCode": 52, "lines": "1,2", "name": "Pioneer Square Station", "walkingMeters": 848, "walkingSeconds": 633, "band": 10}]}, "geometry": {"type": "Point", "coordinates": [-122.3371658, 47.6068382]}}, {"type": "Feature", "properties": {"id": "c02ba5b8-397c-4313-ae65-f3ecfdec9f87", "name": "Pan African Center For Empowerment", "category": "supermarket", "tags": ["supermarket"], "sources": ["overture"], "website": "http://www.getonpace.org", "address": "1201 3rd Ave", "stations": [{"stopCode": 51, "lines": "1,2", "name": "Symphony Station", "walkingMeters": 120, "walkingSeconds": 90, "band": 5}, {"stopCode": 50, "lines": "1,2", "name": "Westlake Station", "walkingMeters": 656, "walkingSeconds": 490, "band": 10}, {"stopCode": 52, "lines": "1,2", "name": "Pioneer Square Station", "walkingMeters": 826, "walkingSeconds": 616, "band": 10}]}, "geometry": {"type": "Point", "coordinates": [-122.3364792, 47.6070366]}}, {"type": "Feature", "properties": {"id": "5e1c5b45-75fc-4f08-9d78-27d5dbd14ea2", "name": "Mlee Lux", "category": "jewelry", "tags": ["jewelry"], "sources": ["overture"], "website": "https://mleelux.com", "phone": "12062023375", "address": "1201 3rd Ave  Ste 2200", "stations": [{"stopCode": 51, "lines": "1,2", "name": "Symphony Station", "walkingMeters": 120, "walkingSeconds": 90, "band": 5}, {"stopCode": 50, "lines": "1,2", "name": "Westlake Station", "walkingMeters": 656, "walkingSeconds": 490, "band": 10}, {"stopCode": 52, "lines": "1,2", "name": "Pioneer Square Station", "walkingMeters": 826, "walkingSeconds": 616, "band": 10}]}, "geometry": {"type": "Point", "coordinates": [-122.3364792, 47.6070366]}}, {"type": "Feature", "properties": {"id": "dd9f534d-afd8-4d2e-bdea-c62736dfda15", "name": "Chases Downtown Florist", "category": "florist", "tags": ["florist"], "sources": ["overture"], "website": "https://www.chasesflorist.com", "phone": "+12066259500", "address": "1201 3rd Ave Ste 350", "stations": [{"stopCode": 51, "lines": "1,2", "name": "Symphony Station", "walkingMeters": 120, "walkingSeconds": 90, "band": 5}, {"stopCode": 50, "lines": "1,2", "name": "Westlake Station", "walkingMeters": 656, "walkingSeconds": 490, "band": 10}, {"stopCode": 52, "lines": "1,2", "name": "Pioneer Square Station", "walkingMeters": 826, "walkingSeconds": 616, "band": 10}]}, "geometry": {"type": "Point", "coordinates": [-122.3364792, 47.6070366]}}, {"type": "Feature", "properties": {"id": "a5c8ccbb-59ac-4b07-b056-85ce52b6744f", "name": "Mobile Transcript", "category": "mobile_phone", "tags": ["mobile-phone", "mobile"], "sources": ["overture"], "website": "https://www.mobiletranscript.com/transcript/lawyers", "phone": "2068906809", "address": "1001 4th Ave", "stations": [{"stopCode": 51, "lines": "1,2", "name": "Symphony Station", "walkingMeters": 304, "walkingSeconds": 227, "band": 5}, {"stopCode": 52, "lines": "1,2", "name": "Pioneer Square Station", "walkingMeters": 600, "walkingSeconds": 448, "band": 10}, {"stopCode": 50, "lines": "1,2", "name": "Westlake Station", "walkingMeters": 810, "walkingSeconds": 604, "band": 10}, {"stopCode": 53, "lines": "1,2", "name": "International District Station", "walkingMeters": 1284, "walkingSeconds": 958, "band": 15}]}, "geometry": {"type": "Point", "coordinates": [-122.3338089, 47.6063232]}}, {"type": "Feature", "properties": {"id": "3446f251-968c-4514-bd27-1393c78ee272", "name": "Puget Sound Foods", "category": "supermarket", "tags": ["supermarket"], "sources": ["overture"], "website": "https://www.marketnaturals.com", "address": "1001 4th Ave Ste 3200", "stations": [{"stopCode": 51, "lines": "1,2", "name": "Symphony Station", "walkingMeters": 304, "walkingSeconds": 227, "band": 5}, {"stopCode": 52, "lines": "1,2", "name": "Pioneer Square Station", "walkingMeters": 600, "walkingSeconds": 448, "band": 10}, {"stopCode": 50, "lines": "1,2", "name": "Westlake Station", "walkingMeters": 810, "walkingSeconds": 604, "band": 10}, {"stopCode": 53, "lines": "1,2", "name": "International District Station", "walkingMeters": 1284, "walkingSeconds": 958, "band": 15}]}, "geometry": {"type": "Point", "coordinates": [-122.3338089, 47.6063232]}}, {"type": "Feature", "properties": {"id": "04e90092-0c6c-4a0d-82f7-49fc6b9a60c5", "name": "One World 2011", "category": "jewelry", "tags": ["jewelry"], "sources": ["overture"], "website": "http://www.oneworld2011.org", "phone": "(206) 708-1001", "address": "1215 4th Ave Ste 800", "stations": [{"stopCode": 51, "lines": "1,2", "name": "Symphony Station", "walkingMeters": 153, "walkingSeconds": 110, "band": 5}, {"stopCode": 50, "lines": "1,2", "name": "Westlake Station", "walkingMeters": 517, "walkingSeconds": 375, "band": 10}, {"stopCode": 52, "lines": "1,2", "name": "Pioneer Square Station", "walkingMeters": 709, "walkingSeconds": 510, "band": 10}]}, "geometry": {"type": "Point", "coordinates": [-122.3347473, 47.6076126]}}, {"type": "Feature", "properties": {"id": "8c713775-b789-45bf-9224-9e96da0e8087", "name": "Delicatus Benaroya Hall", "category": "deli", "tags": ["deli", "delicatessen"], "sources": ["overture"], "website": "http://www.delicatusseattle.com/", "phone": "+12064671803", "address": "200 University St #101b", "stations": [{"stopCode": 51, "lines": "1,2", "name": "Symphony Station", "walkingMeters": 114, "walkingSeconds": 82, "band": 5}, {"stopCode": 50, "lines": "1,2", "name": "Westlake Station", "walkingMeters": 633, "walkingSeconds": 456, "band": 10}, {"stopCode": 52, "lines": "1,2", "name": "Pioneer Square Station", "walkingMeters": 811, "walkingSeconds": 583, "band": 10}]}, "geometry": {"type": "Point", "coordinates": [-122.3367615, 47.6076889]}}, {"type": "Feature", "properties": {"id": "2b4b1c8f-4959-4fe6-922a-c0cb618d9072", "name": "Seattle Wine Lab", "category": "wine", "tags": ["wine", "winery"], "sources": ["overture"], "website": "http://www.seattlewinelab.com/", "phone": "+18058072128", "address": "1415 2nd Ave", "stations": [{"stopCode": 51, "lines": "1,2", "name": "Symphony Station", "walkingMeters": 291, "walkingSeconds": 210, "band": 5}, {"stopCode": 50, "lines": "1,2", "name": "Westlake Station", "walkingMeters": 450, "walkingSeconds": 324, "band": 10}, {"stopCode": 52, "lines": "1,2", "name": "Pioneer Square Station", "walkingMeters": 984, "walkingSeconds": 708, "band": 15}]}, "geometry": {"type": "Point", "coordinates": [-122.3387833, 47.6086388]}}, {"type": "Feature", "properties": {"id": "e29e1960-845f-4086-897c-32300637f85f", "name": "Northwest Environment Watch", "category": "supermarket", "tags": ["supermarket"], "sources": ["overture"], "address": "1402 3rd Ave Ste 500", "stations": [{"stopCode": 51, "lines": "1,2", "name": "Symphony Station", "walkingMeters": 213, "walkingSeconds": 159, "band": 5}, {"stopCode": 50, "lines": "1,2", "name": "Westlake Station", "walkingMeters": 346, "walkingSeconds": 258, "band": 5}, {"stopCode": 52, "lines": "1,2", "name": "Pioneer Square Station", "walkingMeters": 1102, "walkingSeconds": 822, "band": 15}]}, "geometry": {"type": "Point", "coordinates": [-122.3368301, 47.6091805]}}, {"type": "Feature", "properties": {"id": "b8fdfd21-bb52-48eb-a03f-f0f6b8c84f66", "name": "Khl", "category": "clothes", "tags": ["clothes", "womens"], "sources": ["overture"], "website": "https://www.kuhl.com/?gclid=cj0kcqjw-o_bbrcoarisam5nbipfb7ffdkd9j0c4ufpof6kfnjshmuoei0ohzhjrrfo0skpthbxergqaanvgealw_wcb", "phone": "+14255236087", "address": "203 Pike St", "stations": [{"stopCode": 51, "lines": "1,2", "name": "Symphony Station", "walkingMeters": 314, "walkingSeconds": 226, "band": 5}, {"stopCode": 50, "lines": "1,2", "name": "Westlake Station", "walkingMeters": 386, "walkingSeconds": 278, "band": 5}, {"stopCode": 52, "lines": "1,2", "name": "Pioneer Square Station", "walkingMeters": 1008, "walkingSeconds": 725, "band": 15}]}, "geometry": {"type": "Point", "coordinates": [-122.3385162, 47.6092644]}}, {"type": "Feature", "properties": {"id": "d186c830-b561-468e-8118-890c99367d86", "name": "Kress Supermarket Llc", "category": "supermarket", "tags": ["supermarket"], "sources": ["overture"], "address": "1427 3rd Ave", "stations": [{"stopCode": 51, "lines": "1,2", "name": "Symphony Station", "walkingMeters": 226, "walkingSeconds": 164, "band": 5}, {"stopCode": 50, "lines": "1,2", "name": "Westlake Station", "walkingMeters": 307, "walkingSeconds": 221, "band": 5}, {"stopCode": 52, "lines": "1,2", "name": "Pioneer Square Station", "walkingMeters": 912, "walkingSeconds": 673, "band": 15}]}, "geometry": {"type": "Point", "coordinates": [-122.3378601, 47.6093597]}}, {"type": "Feature", "properties": {"id": "09b6fc3e-d8cb-41c0-9316-33eb6bd652e0", "name": "Bwireless (usa)", "category": "mobile_phone", "tags": ["mobile-phone", "mobile"], "sources": ["overture"], "phone": "+12067490407", "address": "1431 3rd Ave", "stations": [{"stopCode": 51, "lines": "1,2", "name": "Symphony Station", "walkingMeters": 295, "walkingSeconds": 220, "band": 5}, {"stopCode": 50, "lines": "1,2", "name": "Westlake Station", "walkingMeters": 335, "walkingSeconds": 250, "band": 5}, {"stopCode": 52, "lines": "1,2", "name": "Pioneer Square Station", "walkingMeters": 1185, "walkingSeconds": 884, "band": 15}]}, "geometry": {"type": "Point", "coordinates": [-122.3379135, 47.6094017]}}, {"type": "Feature", "properties": {"id": "c857c4f4-2536-4511-9c79-989c639ffcf7", "name": "The Melbourne", "category": "furniture", "tags": ["furniture"], "sources": ["overture"], "website": "http://www.melbournetower.com/", "phone": "+12066236925", "address": "1511 3rd Ave", "stations": [{"stopCode": 50, "lines": "1,2", "name": "Westlake Station", "walkingMeters": 276, "walkingSeconds": 206, "band": 5}, {"stopCode": 51, "lines": "1,2", "name": "Symphony Station", "walkingMeters": 382, "walkingSeconds": 285, "band": 5}, {"stopCode": 52, "lines": "1,2", "name": "Pioneer Square Station", "walkingMeters": 1273, "walkingSeconds": 950, "band": 15}]}, "geometry": {"type": "Point", "coordinates": [-122.3382645, 47.6099739]}}, {"type": "Feature", "properties": {"id": "e34d2d72-d74a-4538-be27-1cffa22c1bcc", "name": "Aaron Brothers Art & Framing", "category": "art", "tags": ["art", "supply"], "sources": ["overture"], "phone": "2062620650", "address": "1513 3rd Ave", "stations": [{"stopCode": 50, "lines": "1,2", "name": "Westlake Station", "walkingMeters": 275, "walkingSeconds": 205, "band": 5}, {"stopCode": 51, "lines": "1,2", "name": "Symphony Station", "walkingMeters": 360, "walkingSeconds": 269, "band": 5}, {"stopCode": 52, "lines": "1,2", "name": "Pioneer Square Station", "walkingMeters": 1252, "walkingSeconds": 934, "band": 15}]}, "geometry": {"type": "Point", "coordinates": [-122.3380508, 47.6098938]}}, {"type": "Feature", "properties": {"id": "9283815f-f3e2-4463-a144-927104a1cb9f", "name": "Curvy Cactus", "category": "clothes", "tags": ["clothes"], "sources": ["overture"], "website": "http://seattlefatmall.com", "address": "1415 4th Ave", "stations": [{"stopCode": 50, "lines": "1,2", "name": "Westlake Station", "walkingMeters": 252, "walkingSeconds": 184, "band": 5}, {"stopCode": 51, "lines": "1,2", "name": "Symphony Station", "walkingMeters": 278, "walkingSeconds": 200, "band": 5}, {"stopCode": 52, "lines": "1,2", "name": "Pioneer Square Station", "walkingMeters": 972, "walkingSeconds": 699, "band": 15}]}, "geometry": {"type": "Point", "coordinates": [-122.3364944, 47.6096497]}}, {"type": "Feature", "properties": {"id": "7e0a669d-aa9b-4be9-90a5-5bfeb997bb2a", "name": "Waterstone Brands", "category": "clothes", "tags": ["clothes"], "sources": ["overture"], "website": "http://cooperjones.com", "phone": "(206) 267-2850", "address": "1411 4th Ave # 22B", "stations": [{"stopCode": 51, "lines": "1,2", "name": "Symphony Station", "walkingMeters": 248, "walkingSeconds": 178, "band": 5}, {"stopCode": 50, "lines": "1,2", "name": "Westlake Station", "walkingMeters": 282, "walkingSeconds": 205, "band": 5}, {"stopCode": 52, "lines": "1,2", "name": "Pioneer Square Station", "walkingMeters": 942, "walkingSeconds": 678, "band": 15}]}, "geometry": {"type": "Point", "coordinates": [-122.336235, 47.6094398]}}, {"type": "Feature", "properties": {"id": "f8b80636-64e1-4cf0-88d8-8099f24f398d", "name": "Associated Gem and Jewelry Appraisal Service", "category": "jewelry", "tags": ["jewelry"], "sources": ["overture"], "website": "http://www.christina-gemologist.com", "phone": "(206) 682-5548", "address": "500 Union St Ste 201", "stations": [{"stopCode": 50, "lines": "1,2", "name": "Westlake Station", "walkingMeters": 299, "walkingSeconds": 217, "band": 5}, {"stopCode": 51, "lines": "1,2", "name": "Symphony Station", "walkingMeters": 355, "walkingSeconds": 256, "band": 5}, {"stopCode": 52, "lines": "1,2", "name": "Pioneer Square Station", "walkingMeters": 1032, "walkingSeconds": 747, "band": 15}]}, "geometry": {"type": "Point", "coordinates": [-122.3344421, 47.6099777]}}, {"type": "Feature", "properties": {"id": "dbfccb4e-5675-48df-aa91-1ceb2675e917", "name": "B G Pacific Inc", "category": "supermarket", "tags": ["supermarket"], "sources": ["overture"], "website": "bgpacificconstruction.com", "address": "500 Union St", "stations": [{"stopCode": 50, "lines": "1,2", "name": "Westlake Station", "walkingMeters": 316, "walkingSeconds": 236, "band": 5}, {"stopCode": 51, "lines": "1,2", "name": "Symphony Station", "walkingMeters": 349, "walkingSeconds": 260, "band": 5}, {"stopCode": 52, "lines": "1,2", "name": "Pioneer Square Station", "walkingMeters": 1120, "walkingSeconds": 836, "band": 15}]}, "geometry": {"type": "Point", "coordinates": [-122.3344803, 47.6099892]}}, {"type": "Feature", "properties": {"id": "d1556858-c62d-4184-8586-8f953b704a24", "name": "Armoire", "category": "clothes", "tags": ["clothes", "womens"], "sources": ["overture"], "website": "armoire.style", "address": "517 Union St", "stations": [{"stopCode": 51, "lines": "1,2", "name": "Symphony Station", "walkingMeters": 362, "walkingSeconds": 270, "band": 5}, {"stopCode": 50, "lines": "1,2", "name": "Westlake Station", "walkingMeters": 384, "walkingSeconds": 287, "band": 5}, {"stopCode": 52, "lines": "1,2", "name": "Pioneer Square Station", "walkingMeters": 1077, "walkingSeconds": 804, "band": 15}]}, "geometry": {"type": "Point", "coordinates": [-122.3337708, 47.6098061]}}, {"type": "Feature", "properties": {"id": "bb6bfc9f-3052-4283-89aa-cda3912f6dbe", "name": "Crane Jewelers", "category": "jewelry", "tags": ["jewelry"], "sources": ["overture"], "website": "http://www.cranejewelers.com/", "phone": "+12066241531", "address": "In the Skinner Building, 1326 5th Ave #707", "stations": [{"stopCode": 51, "lines": "1,2", "name": "Symphony Station", "walkingMeters": 271, "walkingSeconds": 195, "band": 5}, {"stopCode": 50, "lines": "1,2", "name": "Westlake Station", "walkingMeters": 348, "walkingSeconds": 252, "band": 5}, {"stopCode": 52, "lines": "1,2", "name": "Pioneer Square Station", "walkingMeters": 943, "walkingSeconds": 682, "band": 15}]}, "geometry": {"type": "Point", "coordinates": [-122.3341751, 47.6095848]}}, {"type": "Feature", "properties": {"id": "6d3e376d-5887-4ea6-b0b6-9d1a065ccfc0", "name": "Jos. A. Bank", "category": "clothes", "tags": ["clothes", "mens"], "sources": ["overture"], "website": "http://www.josbank.com", "phone": "(206) 624-2734", "address": "1335 5th Ave", "stations": [{"stopCode": 51, "lines": "1,2", "name": "Symphony Station", "walkingMeters": 246, "walkingSeconds": 184, "band": 5}, {"stopCode": 50, "lines": "1,2", "name": "Westlake Station", "walkingMeters": 395, "walkingSeconds": 295, "band": 5}, {"stopCode": 52, "lines": "1,2", "name": "Pioneer Square Station", "walkingMeters": 1020, "walkingSeconds": 761, "band": 15}]}, "geometry": {"type": "Point", "coordinates": [-122.3346252, 47.60923]}}, {"type": "Feature", "properties": {"id": "723caa32-b9d4-422d-bdfd-d41e70323918", "name": "Oska Seattle", "category": "clothes", "tags": ["clothes", "womens"], "sources": ["overture"], "website": "https://seattle.oska.com", "phone": "12062095401", "address": "1322 5th Ave", "stations": [{"stopCode": 51, "lines": "1,2", "name": "Symphony Station", "walkingMeters": 277, "walkingSeconds": 199, "band": 5}, {"stopCode": 50, "lines": "1,2", "name": "Westlake Station", "walkingMeters": 325, "walkingSeconds": 238, "band": 5}, {"stopCode": 52, "lines": "1,2", "name": "Pioneer Square Station", "walkingMeters": 949, "walkingSeconds": 687, "band": 15}]}, "geometry": {"type": "Point", "coordinates": [-122.3341904, 47.6094131]}}, {"type": "Feature", "properties": {"id": "b2bb453e-f858-4757-91cb-e69ae64d47c7", "name": "MEKA", "category": "clothes", "tags": ["clothes", "womens"], "sources": ["overture"], "website": "http://www.mekaclothing.com/", "phone": "+12064278181", "address": "1322 5th Ave", "stations": [{"stopCode": 51, "lines": "1,2", "name": "Symphony Station", "walkingMeters": 273, "walkingSeconds": 196, "band": 5}, {"stopCode": 50, "lines": "1,2", "name": "Westlake Station", "walkingMeters": 392, "walkingSeconds": 284, "band": 5}, {"stopCode": 52, "lines": "1,2", "name": "Pioneer Square Station", "walkingMeters": 945, "walkingSeconds": 684, "band": 15}]}, "geometry": {"type": "Point", "coordinates": [-122.3338928, 47.609314]}}, {"type": "Feature", "properties": {"id": "e23b7dcd-91c3-45c8-ba71-793a927d94cb", "name": "Pcc Community Markets - Downtown Co-op", "category": "supermarket", "tags": ["supermarket"], "sources": ["overture"], "website": "https://www.pccmarkets.com", "phone": "12064084260", "address": "1320 4th Ave", "stations": [{"stopCode": 51, "lines": "1,2", "name": "Symphony Station", "walkingMeters": 199, "walkingSeconds": 149, "band": 5}, {"stopCode": 50, "lines": "1,2", "name": "Westlake Station", "walkingMeters": 386, "walkingSeconds": 288, "band": 5}, {"stopCode": 52, "lines": "1,2", "name": "Pioneer Square Station", "walkingMeters": 1023, "walkingSeconds": 763, "band": 15}]}, "geometry": {"type": "Point", "coordinates": [-122.3352585, 47.6090889]}}, {"type": "Feature", "properties": {"id": "d85150d5-837e-441f-936a-589b44071ea2", "name": "West Coast Diamond & Gem", "category": "jewelry", "tags": ["jewelry"], "sources": ["overture"], "phone": "12066248828", "address": "1325 4th Ave  Ste 1220", "stations": [{"stopCode": 51, "lines": "1,2", "name": "Symphony Station", "walkingMeters": 164, "walkingSeconds": 118, "band": 5}, {"stopCode": 50, "lines": "1,2", "name": "Westlake Station", "walkingMeters": 371, "walkingSeconds": 269, "band": 5}, {"stopCode": 52, "lines": "1,2", "name": "Pioneer Square Station", "walkingMeters": 853, "walkingSeconds": 614, "band": 15}]}, "geometry": {"type": "Point", "coordinates": [-122.3357773, 47.6086617]}}, {"type": "Feature", "properties": {"id": "b136bddf-a716-41c6-8cc1-eadf9a738633", "name": "Tara Nash Jeweler And Diamond Buyer", "category": "jewelry", "tags": ["jewelry"], "sources": ["overture"], "website": "taranash.com", "phone": "14252189899", "address": "1325 4th Ave  Ste 920", "stations": [{"stopCode": 51, "lines": "1,2", "name": "Symphony Station", "walkingMeters": 157, "walkingSeconds": 113, "band": 5}, {"stopCode": 50, "lines": "1,2", "name": "Westlake Station", "walkingMeters": 378, "walkingSeconds": 274, "band": 5}, {"stopCode": 52, "lines": "1,2", "name": "Pioneer Square Station", "walkingMeters": 846, "walkingSeconds": 609, "band": 15}]}, "geometry": {"type": "Point", "coordinates": [-122.3357773, 47.6086617]}}, {"type": "Feature", "properties": {"id": "f6b0d6ca-e125-477d-a6ea-7d641f8a1952", "name": "Alexandria Rossoff", "category": "jewelry", "tags": ["jewelry"], "sources": ["overture"], "website": "http://www.alexandriarossoff.com", "phone": "(206) 381-3949", "address": "1304 4th Ave", "stations": [{"stopCode": 51, "lines": "1,2", "name": "Symphony Station", "walkingMeters": 134, "walkingSeconds": 96, "band": 5}, {"stopCode": 50, "lines": "1,2", "name": "Westlake Station", "walkingMeters": 404, "walkingSeconds": 291, "band": 5}, {"stopCode": 52, "lines": "1,2", "name": "Pioneer Square Station", "walkingMeters": 823, "walkingSeconds": 592, "band": 15}]}, "geometry": {"type": "Point", "coordinates": [-122.3347855, 47.6086235]}}, {"type": "Feature", "properties": {"id": "4b05aa37-8d0a-4f9d-9015-0ffef17f835c", "name": "Fox's Seattle", "category": "jewelry", "tags": ["jewelry"], "sources": ["overture"], "website": "https://www.foxsseattle.com", "phone": "12066232528", "address": "405 University St", "stations": [{"stopCode": 51, "lines": "1,2", "name": "Symphony Station", "walkingMeters": 173, "walkingSeconds": 125, "band": 5}, {"stopCode": 50, "lines": "1,2", "name": "Westlake Station", "walkingMeters": 492, "walkingSeconds": 354, "band": 10}, {"stopCode": 52, "lines": "1,2", "name": "Pioneer Square Station", "walkingMeters": 828, "walkingSeconds": 596, "band": 10}]}, "geometry": {"type": "Point", "coordinates": [-122.3341827, 47.6081734]}}, {"type": "Feature", "properties": {"id": "1a07e402-7631-4016-9141-5725cfa6f34e", "name": "Ruth Hill", "category": "clothes", "tags": ["clothes", "womens"], "sources": ["overture"], "website": "https://ruthhill.com", "phone": "12066824177", "address": "411 University St", "stations": [{"stopCode": 51, "lines": "1,2", "name": "Symphony Station", "walkingMeters": 184, "walkingSeconds": 132, "band": 5}, {"stopCode": 50, "lines": "1,2", "name": "Westlake Station", "walkingMeters": 486, "walkingSeconds": 350, "band": 10}, {"stopCode": 52, "lines": "1,2", "name": "Pioneer Square Station", "walkingMeters": 838, "walkingSeconds": 603, "band": 15}]}, "geometry": {"type": "Point", "coordinates": [-122.3341446, 47.6081924]}}, {"type": "Feature", "properties": {"id": "1309fd96-3e5c-462f-9092-788ecf9b0088", "name": "Gary Tipp Jewelers", "category": "jewelry", "tags": ["jewelry"], "sources": ["overture"], "website": "https://www.garytippjewelers.com", "phone": "12066226333", "address": "411 University St", "stations": [{"stopCode": 51, "lines": "1,2", "name": "Symphony Station", "walkingMeters": 182, "walkingSeconds": 131, "band": 5}, {"stopCode": 50, "lines": "1,2", "name": "Westlake Station", "walkingMeters": 488, "walkingSeconds": 351, "band": 10}, {"stopCode": 52, "lines": "1,2", "name": "Pioneer Square Station", "walkingMeters": 837, "walkingSeconds": 602, "band": 15}]}, "geometry": {"type": "Point", "coordinates": [-122.3341446, 47.6081924]}}, {"type": "Feature", "properties": {"id": "35c5d619-bfa1-4534-a604-8435f655906f", "name": "Downtown Seattle at work", "category": "convenience", "tags": ["convenience"], "sources": ["overture"], "stations": [{"stopCode": 51, "lines": "1,2", "name": "Symphony Station", "walkingMeters": 434, "walkingSeconds": 324, "band": 10}, {"stopCode": 50, "lines": "1,2", "name": "Westlake Station", "walkingMeters": 652, "walkingSeconds": 487, "band": 10}, {"stopCode": 52, "lines": "1,2", "name": "Pioneer Square Station", "walkingMeters": 872, "walkingSeconds": 651, "band": 15}]}, "geometry": {"type": "Point", "coordinates": [-122.3317184, 47.6085815]}}, {"type": "Feature", "properties": {"id": "d91975e2-dc4f-4d23-a795-7d4e03c4a777", "name": "Salon Shoes", "category": "shoes", "tags": ["shoes", "shoe"], "sources": ["overture"], "website": "http://mephistoshoesnorthwest.com", "phone": "(206) 624-9091", "address": "1200-1298 6th Ave", "stations": [{"stopCode": 51, "lines": "1,2", "name": "Symphony Station", "walkingMeters": 352, "walkingSeconds": 255, "band": 10}, {"stopCode": 50, "lines": "1,2", "name": "Westlake Station", "walkingMeters": 557, "walkingSeconds": 401, "band": 10}, {"stopCode": 52, "lines": "1,2", "name": "Pioneer Square Station", "walkingMeters": 990, "walkingSeconds": 712, "band": 15}]}, "geometry": {"type": "Point", "coordinates": [-122.3319855, 47.6091461]}}, {"type": "Feature", "properties": {"id": "221c31b7-0623-4283-8608-6bd1aade3977", "name": "Gucci", "category": "clothes", "tags": ["clothes", "womens"], "sources": ["overture"], "website": "http://www.gucci.com/us", "phone": "(206) 682-1730", "address": "1302 Fifth Avenue", "stations": [{"stopCode": 51, "lines": "1,2", "name": "Symphony Station", "walkingMeters": 290, "walkingSeconds": 216, "band": 5}, {"stopCode": 50, "lines": "1,2", "name": "Westlake Station", "walkingMeters": 491, "walkingSeconds": 366, "band": 10}, {"stopCode": 52, "lines": "1,2", "name": "Pioneer Square Station", "walkingMeters": 949, "walkingSeconds": 708, "band": 15}]}, "geometry": {"type": "Point", "coordinates": [-122.3335571, 47.6089325]}}, {"type": "Feature", "properties": {"id": "6c7128bd-70fd-4aae-83b1-7eb539a281b2", "name": "New Life Rockeries", "category": "doityourself", "tags": ["doityourself", "building", "supply"], "sources": ["overture"], "website": "https://newliferockeries.com", "phone": "(425) 417-6387", "address": "400 Broad St Space Needle", "stations": [{"stopCode": 51, "lines": "1,2", "name": "Symphony Station", "walkingMeters": 416, "walkingSeconds": 300, "band": 5}, {"stopCode": 52, "lines": "1,2", "name": "Pioneer Square Station", "walkingMeters": 547, "walkingSeconds": 394, "band": 10}, {"stopCode": 50, "lines": "1,2", "name": "Westlake Station", "walkingMeters": 739, "walkingSeconds": 532, "band": 10}, {"stopCode": 53, "lines": "1,2", "name": "International District Station", "walkingMeters": 1087, "walkingSeconds": 782, "band": 15}]}, "geometry": {"type": "Point", "coordinates": [-122.3324966, 47.6064262]}}, {"type": "Feature", "properties": {"id": "d21094fa-4ea0-4e69-b770-93f3fbf4cee3", "name": "The Paint Laboratory", "category": "hardware", "tags": ["hardware"], "sources": ["overture"], "website": "http://thepaintlaboratory.com", "phone": "(206) 557-4737", "address": "2405 1/2 10th Ave E", "stations": [{"stopCode": 51, "lines": "1,2", "name": "Symphony Station", "walkingMeters": 453, "walkingSeconds": 326, "band": 10}, {"stopCode": 52, "lines": "1,2", "name": "Pioneer Square Station", "walkingMeters": 549, "walkingSeconds": 394, "band": 10}, {"stopCode": 50, "lines": "1,2", "name": "Westlake Station", "walkingMeters": 742, "walkingSeconds": 534, "band": 10}, {"stopCode": 53, "lines": "1,2", "name": "International District Station", "walkingMeters": 1057, "walkingSeconds": 760, "band": 15}]}, "geometry": {"type": "Point", "coordinates": [-122.3320847, 47.6062088]}}, {"type": "Feature", "properties": {"id": "35d5a1be-5bfb-4d79-8621-2dcbfd92d317", "name": "Jogzz", "category": "clothes", "tags": ["clothes"], "sources": ["overture"], "phone": "12066127284", "address": "800 5th Ave", "stations": [{"stopCode": 52, "lines": "1,2", "name": "Pioneer Square Station", "walkingMeters": 479, "walkingSeconds": 357, "band": 10}, {"stopCode": 51, "lines": "1,2", "name": "Symphony Station", "walkingMeters": 617, "walkingSeconds": 460, "band": 10}, {"stopCode": 50, "lines": "1,2", "name": "Westlake Station", "walkingMeters": 1033, "walkingSeconds": 771, "band": 15}, {"stopCode": 53, "lines": "1,2", "name": "International District Station", "walkingMeters": 1106, "walkingSeconds": 825, "band": 15}]}, "geometry": {"type": "Point", "coordinates": [-122.3304138, 47.6058273]}}, {"type": "Feature", "properties": {"id": "5c275337-68ee-4cc3-91e1-542dd8ff01bf", "name": "Metal Wall Art Llc", "category": "art", "tags": ["art", "supply"], "sources": ["overture"], "website": "metal-wall-art.com", "phone": "18882368018", "address": "800 5th Ave", "stations": [{"stopCode": 52, "lines": "1,2", "name": "Pioneer Square Station", "walkingMeters": 479, "walkingSeconds": 357, "band": 10}, {"stopCode": 51, "lines": "1,2", "name": "Symphony Station", "walkingMeters": 617, "walkingSeconds": 460, "band": 10}, {"stopCode": 50, "lines": "1,2", "name": "Westlake Station", "walkingMeters": 1033, "walkingSeconds": 771, "band": 15}, {"stopCode": 53, "lines": "1,2", "name": "International District Station", "walkingMeters": 1106, "walkingSeconds": 825, "band": 15}]}, "geometry": {"type": "Point", "coordinates": [-122.3304138, 47.6058273]}}, {"type": "Feature", "properties": {"id": "4be27609-afeb-4282-a69f-b1cae75bec9a", "name": "Tiger Underwear", "category": "clothes", "tags": ["clothes", "mens"], "sources": ["overture"], "website": "https://www.tigerunderwear.net", "phone": "12534955053", "address": "701 5th Ave  Ste 4200", "stations": [{"stopCode": 52, "lines": "1,2", "name": "Pioneer Square Station", "walkingMeters": 400, "walkingSeconds": 288, "band": 5}, {"stopCode": 51, "lines": "1,2", "name": "Symphony Station", "walkingMeters": 695, "walkingSeconds": 500, "band": 10}, {"stopCode": 53, "lines": "1,2", "name": "International District Station", "walkingMeters": 846, "walkingSeconds": 609, "band": 15}, {"stopCode": 50, "lines": "1,2", "name": "Westlake Station", "walkingMeters": 937, "walkingSeconds": 674, "band": 15}]}, "geometry": {"type": "Point", "coordinates": [-122.3306274, 47.6045227]}}, {"type": "Feature", "properties": {"id": "90f19e50-7eed-4d94-96c5-e05c71259956", "name": "Lafayette Coffee Company", "category": "supermarket", "tags": ["supermarket"], "sources": ["overture"], "website": "www.drinkyunnan.com", "address": "701 5th Ave", "stations": [{"stopCode": 52, "lines": "1,2", "name": "Pioneer Square Station", "walkingMeters": 289, "walkingSeconds": 216, "band": 5}, {"stopCode": 51, "lines": "1,2", "name": "Symphony Station", "walkingMeters": 709, "walkingSeconds": 529, "band": 10}, {"stopCode": 53, "lines": "1,2", "name": "International District Station", "walkingMeters": 928, "walkingSeconds": 693, "band": 15}, {"stopCode": 50, "lines": "1,2", "name": "Westlake Station", "walkingMeters": 1179, "walkingSeconds": 880, "band": 15}]}, "geometry": {"type": "Point", "coordinates": [-122.3306274, 47.6045227]}}, {"type": "Feature", "properties": {"id": "b9e0668a-779e-4ac5-8fb0-d2b07c7e28df", "name": "Howard & Company Fine Jewelers", "category": "jewelry", "tags": ["jewelry"], "sources": ["overture"], "phone": "+12063865266", "address": "701 5th Ave Ste 211", "stations": [{"stopCode": 52, "lines": "1,2", "name": "Pioneer Square Station", "walkingMeters": 289, "walkingSeconds": 216, "band": 5}, {"stopCode": 51, "lines": "1,2", "name": "Symphony Station", "walkingMeters": 709, "walkingSeconds": 529, "band": 10}, {"stopCode": 53, "lines": "1,2", "name": "International District Station", "walkingMeters": 928, "walkingSeconds": 693, "band": 15}, {"stopCode": 50, "lines": "1,2", "name": "Westlake Station", "walkingMeters": 1179, "walkingSeconds": 880, "band": 15}]}, "geometry": {"type": "Point", "coordinates": [-122.3306274, 47.6045227]}}, {"type": "Feature", "properties": {"id": "d6d58a20-b254-4be3-8705-0702f0ccdeba", "name": "Anderson Roofing", "category": "doityourself", "tags": ["doityourself", "building", "supply"], "sources": ["overture"], "website": "http://andersonroof.com", "phone": "(425) 557-2868", "address": "999 3rd Ave", "stations": [{"stopCode": 52, "lines": "1,2", "name": "Pioneer Square Station", "walkingMeters": 426, "walkingSeconds": 307, "band": 5}, {"stopCode": 51, "lines": "1,2", "name": "Symphony Station", "walkingMeters": 476, "walkingSeconds": 342, "band": 5}, {"stopCode": 53, "lines": "1,2", "name": "International District Station", "walkingMeters": 998, "walkingSeconds": 720, "band": 15}, {"stopCode": 50, "lines": "1,2", "name": "Westlake Station", "walkingMeters": 1004, "walkingSeconds": 723, "band": 15}]}, "geometry": {"type": "Point", "coordinates": [-122.3341675, 47.605114]}}, {"type": "Feature", "properties": {"id": "1726c3d1-4da1-45df-ab49-dd26837eda78", "name": "Moe's Home", "category": "furniture", "tags": ["furniture"], "sources": ["overture"], "website": "https://www.moeshome.com", "phone": "+12063391059", "address": "1023 1st Ave", "stations": [{"stopCode": 51, "lines": "1,2", "name": "Symphony Station", "walkingMeters": 388, "walkingSeconds": 290, "band": 5}, {"stopCode": 52, "lines": "1,2", "name": "Pioneer Square Station", "walkingMeters": 676, "walkingSeconds": 504, "band": 10}, {"stopCode": 50, "lines": "1,2", "name": "Westlake Station", "walkingMeters": 922, "walkingSeconds": 688, "band": 15}, {"stopCode": 53, "lines": "1,2", "name": "International District Station", "walkingMeters": 1319, "walkingSeconds": 984, "band": 15}]}, "geometry": {"type": "Point", "coordinates": [-122.3369446, 47.6051979]}}, {"type": "Feature", "properties": {"id": "2863d5ce-9633-4487-8192-b2f4a6a69985", "name": "Blue Snow Inc", "category": "furniture", "tags": ["furniture"], "sources": ["overture"], "website": "http://www.bluesnowinc.com/", "phone": "+14252089630", "address": "107 Spring St", "stations": [{"stopCode": 51, "lines": "1,2", "name": "Symphony Station", "walkingMeters": 366, "walkingSeconds": 263, "band": 5}, {"stopCode": 52, "lines": "1,2", "name": "Pioneer Square Station", "walkingMeters": 652, "walkingSeconds": 469, "band": 10}, {"stopCode": 50, "lines": "1,2", "name": "Westlake Station", "walkingMeters": 889, "walkingSeconds": 640, "band": 10}, {"stopCode": 53, "lines": "1,2", "name": "International District Station", "walkingMeters": 1173, "walkingSeconds": 852, "band": 15}]}, "geometry": {"type": "Point", "coordinates": [-122.3364639, 47.6053886]}}, {"type": "Feature", "properties": {"id": "bc23306e-8db3-4740-b336-2726f51d9074", "name": "Seva", "category": "furniture", "tags": ["furniture"], "sources": ["overture"], "website": "https://www.sevahome.com", "phone": "12063239920", "address": "1002 Western Ave", "stations": [{"stopCode": 51, "lines": "1,2", "name": "Symphony Station", "walkingMeters": 547, "walkingSeconds": 394, "band": 5}, {"stopCode": 52, "lines": "1,2", "name": "Pioneer Square Station", "walkingMeters": 697, "walkingSeconds": 502, "band": 10}, {"stopCode": 50, "lines": "1,2", "name": "Westlake Station", "walkingMeters": 1071, "walkingSeconds": 770, "band": 15}, {"stopCode": 53, "lines": "1,2", "name": "International District Station", "walkingMeters": 1171, "walkingSeconds": 848, "band": 15}]}, "geometry": {"type": "Point", "coordinates": [-122.3373642, 47.6046486]}}, {"type": "Feature", "properties": {"id": "a9ec2879-99aa-49ca-987f-94dc8d7651be", "name": "Storica Studio", "category": "jewelry", "tags": ["jewelry"], "sources": ["overture"], "website": "https://storicastudio.com/", "phone": "+12066246122", "address": "917 Western Ave", "stations": [{"stopCode": 51, "lines": "1,2", "name": "Symphony Station", "walkingMeters": 558, "walkingSeconds": 416, "band": 10}, {"stopCode": 52, "lines": "1,2", "name": "Pioneer Square Station", "walkingMeters": 630, "walkingSeconds": 470, "band": 10}, {"stopCode": 50, "lines": "1,2", "name": "Westlake Station", "walkingMeters": 1089, "walkingSeconds": 813, "band": 15}, {"stopCode": 53, "lines": "1,2", "name": "International District Station", "walkingMeters": 1224, "walkingSeconds": 913, "band": 15}]}, "geometry": {"type": "Point", "coordinates": [-122.3372879, 47.6040459]}}, {"type": "Feature", "properties": {"id": "14ba2704-fa79-4dfc-8089-87e660d705d5", "name": "Down Town Seattle Pike Place Markt", "category": "supermarket", "tags": ["supermarket"], "sources": ["overture"], "website": "http://www.pikeplacemarket.org", "address": "1ST Ave", "stations": [{"stopCode": 51, "lines": "1,2", "name": "Symphony Station", "walkingMeters": 458, "walkingSeconds": 330, "band": 5}, {"stopCode": 52, "lines": "1,2", "name": "Pioneer Square Station", "walkingMeters": 592, "walkingSeconds": 426, "band": 10}, {"stopCode": 50, "lines": "1,2", "name": "Westlake Station", "walkingMeters": 982, "walkingSeconds": 706, "band": 15}, {"stopCode": 53, "lines": "1,2", "name": "International District Station", "walkingMeters": 1086, "walkingSeconds": 787, "band": 15}]}, "geometry": {"type": "Point", "coordinates": [-122.3361664, 47.604847]}}, {"type": "Feature", "properties": {"id": "be5428e7-07d1-45fc-9322-318f96fb0dce", "name": "Peter's Flowers", "category": "florist", "tags": ["florist"], "sources": ["overture"], "website": "https://www.teleflora.com", "phone": "+12064677100", "address": "999 3rd Ave", "stations": [{"stopCode": 51, "lines": "1,2", "name": "Symphony Station", "walkingMeters": 438, "walkingSeconds": 327, "band": 5}, {"stopCode": 52, "lines": "1,2", "name": "Pioneer Square Station", "walkingMeters": 463, "walkingSeconds": 346, "band": 5}, {"stopCode": 50, "lines": "1,2", "name": "Westlake Station", "walkingMeters": 976, "walkingSeconds": 728, "band": 15}, {"stopCode": 53, "lines": "1,2", "name": "International District Station", "walkingMeters": 1141, "walkingSeconds": 851, "band": 15}]}, "geometry": {"type": "Point", "coordinates": [-122.3342438, 47.6050301]}}, {"type": "Feature", "properties": {"id": "7b9f9f67-2dd6-41d6-8132-d5fa9900dc52", "name": "Figs", "category": "convenience", "tags": ["convenience"], "sources": ["overture"], "website": "https://www.wearfigs.com", "phone": "+12064679977", "address": "999 3rd Ave Lbby", "stations": [{"stopCode": 51, "lines": "1,2", "name": "Symphony Station", "walkingMeters": 438, "walkingSeconds": 327, "band": 5}, {"stopCode": 52, "lines": "1,2", "name": "Pioneer Square Station", "walkingMeters": 463, "walkingSeconds": 346, "band": 5}, {"stopCode": 50, "lines": "1,2", "name": "Westlake Station", "walkingMeters": 976, "walkingSeconds": 728, "band": 15}, {"stopCode": 53, "lines": "1,2", "name": "International District Station", "walkingMeters": 1141, "walkingSeconds": 851, "band": 15}]}, "geometry": {"type": "Point", "coordinates": [-122.3342438, 47.6050301]}}, {"type": "Feature", "properties": {"id": "2077b6e5-d152-47aa-b59c-17825e8ec8b7", "name": "Stillwater Creek Vineyard", "category": "wine", "tags": ["wine", "winery"], "sources": ["overture"], "website": "https://www.stillwatercreekvineyard.com", "phone": "12066748709", "address": "999 3rd Ave", "stations": [{"stopCode": 51, "lines": "1,2", "name": "Symphony Station", "walkingMeters": 350, "walkingSeconds": 252, "band": 5}, {"stopCode": 52, "lines": "1,2", "name": "Pioneer Square Station", "walkingMeters": 363, "walkingSeconds": 262, "band": 5}, {"stopCode": 50, "lines": "1,2", "name": "Westlake Station", "walkingMeters": 878, "walkingSeconds": 632, "band": 15}, {"stopCode": 53, "lines": "1,2", "name": "International District Station", "walkingMeters": 1001, "walkingSeconds": 723, "band": 15}]}, "geometry": {"type": "Point", "coordinates": [-122.3342438, 47.6050301]}}, {"type": "Feature", "properties": {"id": "662db73b-afda-4288-ba25-4fef0c8d5ace", "name": "Consolidated Restaurants", "category": "supermarket", "tags": ["supermarket"], "sources": ["overture"], "address": "814 2nd Ave", "stations": [{"stopCode": 52, "lines": "1,2", "name": "Pioneer Square Station", "walkingMeters": 343, "walkingSeconds": 247, "band": 5}, {"stopCode": 51, "lines": "1,2", "name": "Symphony Station", "walkingMeters": 516, "walkingSeconds": 371, "band": 10}, {"stopCode": 53, "lines": "1,2", "name": "International District Station", "walkingMeters": 888, "walkingSeconds": 641, "band": 15}, {"stopCode": 50, "lines": "1,2", "name": "Westlake Station", "walkingMeters": 1044, "walkingSeconds": 751, "band": 15}]}, "geometry": {"type": "Point", "coordinates": [-122.3339996, 47.604229]}}, {"type": "Feature", "properties": {"id": "4f2ad6ab-b02b-4458-8c97-e450fd4d1ee7", "name": "Crowd Cow Inc.", "category": "supermarket", "tags": ["supermarket"], "sources": ["overture"], "website": "crowdcow.com", "phone": "+12067452755", "address": "814 2nd Ave Ste 415", "stations": [{"stopCode": 52, "lines": "1,2", "name": "Pioneer Square Station", "walkingMeters": 363, "walkingSeconds": 271, "band": 5}, {"stopCode": 51, "lines": "1,2", "name": "Symphony Station", "walkingMeters": 554, "walkingSeconds": 413, "band": 10}, {"stopCode": 53, "lines": "1,2", "name": "International District Station", "walkingMeters": 1031, "walkingSeconds": 769, "band": 15}, {"stopCode": 50, "lines": "1,2", "name": "Westlake Station", "walkingMeters": 1094, "walkingSeconds": 816, "band": 15}]}, "geometry": {"type": "Point", "coordinates": [-122.3339996, 47.604229]}}, {"type": "Feature", "properties": {"id": "a7b8d5f9-242e-45ca-9803-e09c095d4657", "name": "Marketshare (non-profit)", "category": "supermarket", "tags": ["supermarket"], "sources": ["overture"], "website": "buildthemarket.org", "address": "815 1st Ave", "stations": [{"stopCode": 52, "lines": "1,2", "name": "Pioneer Square Station", "walkingMeters": 442, "walkingSeconds": 330, "band": 10}, {"stopCode": 51, "lines": "1,2", "name": "Symphony Station", "walkingMeters": 619, "walkingSeconds": 462, "band": 10}, {"stopCode": 53, "lines": "1,2", "name": "International District Station", "walkingMeters": 1048, "walkingSeconds": 782, "band": 15}, {"stopCode": 50, "lines": "1,2", "name": "Westlake Station", "walkingMeters": 1167, "walkingSeconds": 871, "band": 15}]}, "geometry": {"type": "Point", "coordinates": [-122.3355103, 47.6035385]}}, {"type": "Feature", "properties": {"id": "d0788c0f-2ffc-4cc2-a703-0116820a2c1b", "name": "Dania Home & Office Interiors", "category": "furniture", "tags": ["furniture"], "sources": ["overture"], "website": "http://www.daniafurniture.com", "phone": "(206) 262-1003", "address": "825 Western Ave", "stations": [{"stopCode": 52, "lines": "1,2", "name": "Pioneer Square Station", "walkingMeters": 556, "walkingSeconds": 400, "band": 10}, {"stopCode": 51, "lines": "1,2", "name": "Symphony Station", "walkingMeters": 699, "walkingSeconds": 503, "band": 10}, {"stopCode": 53, "lines": "1,2", "name": "International District Station", "walkingMeters": 1026, "walkingSeconds": 744, "band": 15}, {"stopCode": 50, "lines": "1,2", "name": "Westlake Station", "walkingMeters": 1225, "walkingSeconds": 881, "band": 15}]}, "geometry": {"type": "Point", "coordinates": [-122.3368073, 47.6031456]}}, {"type": "Feature", "properties": {"id": "c66e469e-db6d-4811-bab4-275315667516", "name": "Watson Furntiure", "category": "furniture", "tags": ["furniture"], "sources": ["overture"], "website": "http://www.watsondispatch.com", "phone": "(206) 623-3236", "address": "71 Columbia St", "stations": [{"stopCode": 52, "lines": "1,2", "name": "Pioneer Square Station", "walkingMeters": 452, "walkingSeconds": 324, "band": 5}, {"stopCode": 51, "lines": "1,2", "name": "Symphony Station", "walkingMeters": 803, "walkingSeconds": 578, "band": 10}, {"stopCode": 53, "lines": "1,2", "name": "International District Station", "walkingMeters": 922, "walkingSeconds": 669, "band": 15}, {"stopCode": 50, "lines": "1,2", "name": "Westlake Station", "walkingMeters": 1329, "walkingSeconds": 956, "band": 15}]}, "geometry": {"type": "Point", "coordinates": [-122.3360443, 47.6023636]}}, {"type": "Feature", "properties": {"id": "e18e10a9-2900-4f22-a6bc-c2ae95d6a10c", "name": "Current", "category": "furniture", "tags": ["furniture"], "sources": ["overture"], "phone": "+12066222433", "address": "629 Western Ave", "stations": [{"stopCode": 52, "lines": "1,2", "name": "Pioneer Square Station", "walkingMeters": 467, "walkingSeconds": 349, "band": 5}, {"stopCode": 51, "lines": "1,2", "name": "Symphony Station", "walkingMeters": 769, "walkingSeconds": 574, "band": 10}, {"stopCode": 53, "lines": "1,2", "name": "International District Station", "walkingMeters": 984, "walkingSeconds": 734, "band": 15}, {"stopCode": 50, "lines": "1,2", "name": "Westlake Station", "walkingMeters": 1314, "walkingSeconds": 981, "band": 15}]}, "geometry": {"type": "Point", "coordinates": [-122.3360062, 47.6024933]}}, {"type": "Feature", "properties": {"id": "8b6c1fe1-5c32-4863-a679-e30e79642e93", "name": "Piccell", "category": "mobile_phone", "tags": ["mobile-phone", "mobile"], "sources": ["overture"], "website": "https://piccell.co.tz", "phone": "+12067670444", "address": "83 Columbia St Ste 306", "stations": [{"stopCode": 52, "lines": "1,2", "name": "Pioneer Square Station", "walkingMeters": 427, "walkingSeconds": 319, "band": 5}, {"stopCode": 51, "lines": "1,2", "name": "Symphony Station", "walkingMeters": 738, "walkingSeconds": 551, "band": 10}, {"stopCode": 53, "lines": "1,2", "name": "International District Station", "walkingMeters": 973, "walkingSeconds": 726, "band": 15}, {"stopCode": 50, "lines": "1,2", "name": "Westlake Station", "walkingMeters": 1285, "walkingSeconds": 959, "band": 15}]}, "geometry": {"type": "Point", "coordinates": [-122.3355942, 47.6027145]}}, {"type": "Feature", "properties": {"id": "d4441e15-f4dd-4e5a-abaf-5dc5415cccc3", "name": "Cafe Bengodi", "category": "supermarket", "tags": ["supermarket"], "sources": ["overture"], "address": "700 1st Ave", "stations": [{"stopCode": 52, "lines": "1,2", "name": "Pioneer Square Station", "walkingMeters": 296, "walkingSeconds": 221, "band": 5}, {"stopCode": 51, "lines": "1,2", "name": "Symphony Station", "walkingMeters": 744, "walkingSeconds": 555, "band": 10}, {"stopCode": 53, "lines": "1,2", "name": "International District Station", "walkingMeters": 886, "walkingSeconds": 661, "band": 10}, {"stopCode": 50, "lines": "1,2", "name": "Westlake Station", "walkingMeters": 1290, "walkingSeconds": 963, "band": 15}]}, "geometry": {"type": "Point", "coordinates": [-122.3342285, 47.6028099]}}, {"type": "Feature", "properties": {"id": "367f2ed9-e52c-4a9b-8b3a-8988a998f4bc", "name": "Grace Gow", "category": "jewelry", "tags": ["jewelry"], "sources": ["overture"], "website": "https://www.gracegow.com", "phone": "+12065791896", "address": "110 Cherry St Ste 301", "stations": [{"stopCode": 52, "lines": "1,2", "name": "Pioneer Square Station", "walkingMeters": 283, "walkingSeconds": 211, "band": 5}, {"stopCode": 51, "lines": "1,2", "name": "Symphony Station", "walkingMeters": 743, "walkingSeconds": 554, "band": 10}, {"stopCode": 53, "lines": "1,2", "name": "International District Station", "walkingMeters": 879, "walkingSeconds": 656, "band": 10}, {"stopCode": 50, "lines": "1,2", "name": "Westlake Station", "walkingMeters": 1288, "walkingSeconds": 961, "band": 15}]}, "geometry": {"type": "Point", "coordinates": [-122.3340912, 47.6028366]}}, {"type": "Feature", "properties": {"id": "2b309511-8d69-4545-9681-39efa7e70b84", "name": "Arcana Metalwork", "category": "jewelry", "tags": ["jewelry"], "sources": ["overture"], "website": "https://arcanaimplementia.com/", "phone": "+14108033920", "address": "110 Cherry St Suite 201", "stations": [{"stopCode": 52, "lines": "1,2", "name": "Pioneer Square Station", "walkingMeters": 284, "walkingSeconds": 204, "band": 5}, {"stopCode": 51, "lines": "1,2", "name": "Symphony Station", "walkingMeters": 706, "walkingSeconds": 508, "band": 10}, {"stopCode": 53, "lines": "1,2", "name": "International District Station", "walkingMeters": 798, "walkingSeconds": 582, "band": 10}, {"stopCode": 50, "lines": "1,2", "name": "Westlake Station", "walkingMeters": 1232, "walkingSeconds": 886, "band": 15}]}, "geometry": {"type": "Point", "coordinates": [-122.3339233, 47.6028557]}}, {"type": "Feature", "properties": {"id": "5571b1fc-9ffe-4e2f-ac09-f294ef094575", "name": "M&M Jewelry Studio", "category": "jewelry", "tags": ["jewelry"], "sources": ["overture"], "website": "http://Mnmjewelrystudio.com/", "phone": "+12062273946", "address": "110 Cherry St", "stations": [{"stopCode": 52, "lines": "1,2", "name": "Pioneer Square Station", "walkingMeters": 285, "walkingSeconds": 205, "band": 5}, {"stopCode": 51, "lines": "1,2", "name": "Symphony Station", "walkingMeters": 707, "walkingSeconds": 509, "band": 10}, {"stopCode": 53, "lines": "1,2", "name": "International District Station", "walkingMeters": 799, "walkingSeconds": 582, "band": 10}, {"stopCode": 50, "lines": "1,2", "name": "Westlake Station", "walkingMeters": 1233, "walkingSeconds": 887, "band": 15}]}, "geometry": {"type": "Point", "coordinates": [-122.333931, 47.6028595]}}, {"type": "Feature", "properties": {"id": "953ff747-00e1-44bd-8a57-0055ce5ea8e2", "name": "Open Books A Poem Emporium", "category": "books", "tags": ["books"], "sources": ["overture"], "website": "http://www.openpoetrybooks.com/", "phone": "+12066330811", "address": "108 Cherry St", "stations": [{"stopCode": 52, "lines": "1,2", "name": "Pioneer Square Station", "walkingMeters": 288, "walkingSeconds": 207, "band": 5}, {"stopCode": 51, "lines": "1,2", "name": "Symphony Station", "walkingMeters": 709, "walkingSeconds": 510, "band": 10}, {"stopCode": 53, "lines": "1,2", "name": "International District Station", "walkingMeters": 801, "walkingSeconds": 584, "band": 10}, {"stopCode": 50, "lines": "1,2", "name": "Westlake Station", "walkingMeters": 1235, "walkingSeconds": 888, "band": 15}]}, "geometry": {"type": "Point", "coordinates": [-122.3339615, 47.6028137]}}, {"type": "Feature", "properties": {"id": "6ebed5ea-86ee-440f-828e-00248c87b4e2", "name": "EB Color Consultants", "category": "doityourself", "tags": ["doityourself", "home", "improvement"], "sources": ["overture"], "website": "http://www.eb-color.com/", "phone": "2063530454", "address": "113 Cherry St # 82831", "stations": [{"stopCode": 52, "lines": "1,2", "name": "Pioneer Square Station", "walkingMeters": 285, "walkingSeconds": 205, "band": 5}, {"stopCode": 51, "lines": "1,2", "name": "Symphony Station", "walkingMeters": 738, "walkingSeconds": 531, "band": 10}, {"stopCode": 53, "lines": "1,2", "name": "International District Station", "walkingMeters": 796, "walkingSeconds": 578, "band": 10}, {"stopCode": 50, "lines": "1,2", "name": "Westlake Station", "walkingMeters": 1264, "walkingSeconds": 909, "band": 15}]}, "geometry": {"type": "Point", "coordinates": [-122.3339844, 47.6026382]}}, {"type": "Feature", "properties": {"id": "9407faa5-5569-483f-bfa7-089c5f4797fb", "name": "Ragazzi's Flying Shuttle", "category": "jewelry", "tags": ["jewelry"], "sources": ["overture"], "website": "http://www.ragazzisflyingshuttle.com", "phone": "(206) 343-9762", "address": "607 1st Ave", "stations": [{"stopCode": 52, "lines": "1,2", "name": "Pioneer Square Station", "walkingMeters": 373, "walkingSeconds": 268, "band": 5}, {"stopCode": 51, "lines": "1,2", "name": "Symphony Station", "walkingMeters": 823, "walkingSeconds": 592, "band": 10}, {"stopCode": 53, "lines": "1,2", "name": "International District Station", "walkingMeters": 847, "walkingSeconds": 615, "band": 10}, {"stopCode": 50, "lines": "1,2", "name": "Westlake Station", "walkingMeters": 1349, "walkingSeconds": 970, "band": 15}]}, "geometry": {"type": "Point", "coordinates": [-122.3345032, 47.6020012]}}, {"type": "Feature", "properties": {"id": "06e2a5f3-6bfa-4fb9-9e18-a198fac2a63c", "name": "Radmor Golf", "category": "clothes", "tags": ["clothes"], "sources": ["overture"], "website": "https://radmorgolf.com", "address": "607 1st Ave", "stations": [{"stopCode": 52, "lines": "1,2", "name": "Pioneer Square Station", "walkingMeters": 322, "walkingSeconds": 240, "band": 5}, {"stopCode": 53, "lines": "1,2", "name": "International District Station", "walkingMeters": 821, "walkingSeconds": 613, "band": 10}, {"stopCode": 51, "lines": "1,2", "name": "Symphony Station", "walkingMeters": 851, "walkingSeconds": 635, "band": 10}, {"stopCode": 50, "lines": "1,2", "name": "Westlake Station", "walkingMeters": 1398, "walkingSeconds": 1043, "band": 15}]}, "geometry": {"type": "Point", "coordinates": [-122.3344193, 47.6020241]}}, {"type": "Feature", "properties": {"id": "7bc17240-3315-489d-b9ec-803cdf89fb84", "name": "Underground Gift Shop", "category": "gift", "tags": ["gift"], "sources": ["overture"], "website": "http://www.undergroundtour.com", "phone": "(206) 682-4646", "address": "606 1st Ave", "stations": [{"stopCode": 52, "lines": "1,2", "name": "Pioneer Square Station", "walkingMeters": 240, "walkingSeconds": 172, "band": 5}, {"stopCode": 53, "lines": "1,2", "name": "International District Station", "walkingMeters": 723, "walkingSeconds": 526, "band": 10}, {"stopCode": 51, "lines": "1,2", "name": "Symphony Station", "walkingMeters": 811, "walkingSeconds": 584, "band": 10}, {"stopCode": 50, "lines": "1,2", "name": "Westlake Station", "walkingMeters": 1337, "walkingSeconds": 962, "band": 15}]}, "geometry": {"type": "Point", "coordinates": [-122.3335037, 47.6021767]}}, {"type": "Feature", "properties": {"id": "642ee978-4a41-4136-a20c-55ba488ac424", "name": "The Works Seattle", "category": "gift", "tags": ["gift"], "sources": ["overture"], "website": "https://www.theworksseattle.com", "phone": "+12064755974", "address": "512 2nd Ave Ste 100", "stations": [{"stopCode": 52, "lines": "1,2", "name": "Pioneer Square Station", "walkingMeters": 92, "walkingSeconds": 69, "band": 5}, {"stopCode": 53, "lines": "1,2", "name": "International District Station", "walkingMeters": 666, "walkingSeconds": 497, "band": 10}, {"stopCode": 51, "lines": "1,2", "name": "Symphony Station", "walkingMeters": 914, "walkingSeconds": 682, "band": 10}, {"stopCode": 50, "lines": "1,2", "name": "Westlake Station", "walkingMeters": 1443, "walkingSeconds": 1077, "band": 15}]}, "geometry": {"type": "Point", "coordinates": [-122.3319092, 47.6021309]}}, {"type": "Feature", "properties": {"id": "4fad6c43-44f9-43be-b23a-e40eab4f4b6c", "name": "Topper's European Floral Design", "category": "florist", "tags": ["florist"], "sources": ["overture"], "website": "toppersfloral.com", "phone": "12066226330", "address": "600 2nd Ave", "stations": [{"stopCode": 52, "lines": "1,2", "name": "Pioneer Square Station", "walkingMeters": 107, "walkingSeconds": 80, "band": 5}, {"stopCode": 53, "lines": "1,2", "name": "International District Station", "walkingMeters": 743, "walkingSeconds": 554, "band": 10}, {"stopCode": 51, "lines": "1,2", "name": "Symphony Station", "walkingMeters": 837, "walkingSeconds": 625, "band": 10}, {"stopCode": 50, "lines": "1,2", "name": "Westlake Station", "walkingMeters": 1368, "walkingSeconds": 1021, "band": 15}]}, "geometry": {"type": "Point", "coordinates": [-122.3323135, 47.6025887]}}, {"type": "Feature", "properties": {"id": "3ed9ede7-e80a-451a-8fae-9e9369674683", "name": "Sew Generously Bespoke", "category": "clothes", "tags": ["clothes", "mens"], "sources": ["overture"], "website": "https://linktr.ee/sewgenerouslybespoke", "phone": "+12062509697", "address": "610 2nd Ave", "stations": [{"stopCode": 52, "lines": "1,2", "name": "Pioneer Square Station", "walkingMeters": 153, "walkingSeconds": 110, "band": 5}, {"stopCode": 53, "lines": "1,2", "name": "International District Station", "walkingMeters": 695, "walkingSeconds": 502, "band": 10}, {"stopCode": 51, "lines": "1,2", "name": "Symphony Station", "walkingMeters": 709, "walkingSeconds": 510, "band": 10}, {"stopCode": 50, "lines": "1,2", "name": "Westlake Station", "walkingMeters": 1237, "walkingSeconds": 890, "band": 15}]}, "geometry": {"type": "Point", "coordinates": [-122.3325272, 47.6027069]}}, {"type": "Feature", "properties": {"id": "57dfa74f-39ee-4b14-bf41-11d302165efb", "name": "Tarboo", "category": "clothes", "tags": ["clothes", "mens"], "sources": ["overture"], "phone": "+12069925687", "address": "608 2nd Ave", "stations": [{"stopCode": 52, "lines": "1,2", "name": "Pioneer Square Station", "walkingMeters": 118, "walkingSeconds": 88, "band": 5}, {"stopCode": 53, "lines": "1,2", "name": "International District Station", "walkingMeters": 761, "walkingSeconds": 568, "band": 10}, {"stopCode": 51, "lines": "1,2", "name": "Symphony Station", "walkingMeters": 819, "walkingSeconds": 611, "band": 10}, {"stopCode": 50, "lines": "1,2", "name": "Westlake Station", "walkingMeters": 1350, "walkingSeconds": 1007, "band": 15}]}, "geometry": {"type": "Point", "coordinates": [-122.3324051, 47.6026993]}}, {"type": "Feature", "properties": {"id": "82f7904d-cc88-4d52-ae83-e12d8ea25eba", "name": "Betty Blue", "category": "clothes", "tags": ["clothes", "mens"], "sources": ["overture"], "website": "redbeatzslc.com", "address": "608 2nd Ave", "stations": [{"stopCode": 52, "lines": "1,2", "name": "Pioneer Square Station", "walkingMeters": 118, "walkingSeconds": 88, "band": 5}, {"stopCode": 53, "lines": "1,2", "name": "International District Station", "walkingMeters": 761, "walkingSeconds": 568, "band": 10}, {"stopCode": 51, "lines": "1,2", "name": "Symphony Station", "walkingMeters": 819, "walkingSeconds": 611, "band": 10}, {"stopCode": 50, "lines": "1,2", "name": "Westlake Station", "walkingMeters": 1350, "walkingSeconds": 1007, "band": 15}]}, "geometry": {"type": "Point", "coordinates": [-122.3324051, 47.6026993]}}, {"type": "Feature", "properties": {"id": "2e784ed0-dee5-48e4-b893-d0128898dbc7", "name": "Hungryet", "category": "supermarket", "tags": ["supermarket"], "sources": ["overture"], "address": "113 Cherry St PMB 39268", "stations": [{"stopCode": 52, "lines": "1,2", "name": "Pioneer Square Station", "walkingMeters": 228, "walkingSeconds": 170, "band": 5}, {"stopCode": 51, "lines": "1,2", "name": "Symphony Station", "walkingMeters": 784, "walkingSeconds": 585, "band": 10}, {"stopCode": 53, "lines": "1,2", "name": "International District Station", "walkingMeters": 823, "walkingSeconds": 614, "band": 10}, {"stopCode": 50, "lines": "1,2", "name": "Westlake Station", "walkingMeters": 1327, "walkingSeconds": 990, "band": 15}]}, "geometry": {"type": "Point", "coordinates": [-122.3335495, 47.6026459]}}, {"type": "Feature", "properties": {"id": "91b09b6d-75be-4102-9072-037417474dd3", "name": "Tytus Development", "category": "doityourself", "tags": ["doityourself", "home", "improvement"], "sources": ["overture"], "website": "http://Tytusdevelopment.com/", "phone": "+12065572540", "address": "113 Cherry St #33222", "stations": [{"stopCode": 52, "lines": "1,2", "name": "Pioneer Square Station", "walkingMeters": 216, "walkingSeconds": 161, "band": 5}, {"stopCode": 51, "lines": "1,2", "name": "Symphony Station", "walkingMeters": 761, "walkingSeconds": 568, "band": 10}, {"stopCode": 53, "lines": "1,2", "name": "International District Station", "walkingMeters": 836, "walkingSeconds": 624, "band": 10}, {"stopCode": 50, "lines": "1,2", "name": "Westlake Station", "walkingMeters": 1302, "walkingSeconds": 972, "band": 15}]}, "geometry": {"type": "Point", "coordinates": [-122.3333893, 47.6028519]}}, {"type": "Feature", "properties": {"id": "4072d49e-e862-4c49-944c-82c88e6006eb", "name": "K mart", "category": "supermarket", "tags": ["supermarket"], "sources": ["overture"], "website": "http://www.kmart.com/", "phone": "+12062040145", "address": "600 4th Ave", "stations": [{"stopCode": 52, "lines": "1,2", "name": "Pioneer Square Station", "walkingMeters": 214, "walkingSeconds": 160, "band": 5}, {"stopCode": 53, "lines": "1,2", "name": "International District Station", "walkingMeters": 811, "walkingSeconds": 605, "band": 10}, {"stopCode": 51, "lines": "1,2", "name": "Symphony Station", "walkingMeters": 824, "walkingSeconds": 615, "band": 10}, {"stopCode": 50, "lines": "1,2", "name": "Westlake Station", "walkingMeters": 1300, "walkingSeconds": 970, "band": 15}]}, "geometry": {"type": "Point", "coordinates": [-122.3300171, 47.6037979]}}, {"type": "Feature", "properties": {"id": "dd9a1f05-3d30-420c-a988-57163a4ebf7b", "name": "Projectline Services, Inc - Yesler", "category": "clothes", "tags": ["clothes"], "sources": ["overture"], "website": "http://www.yesler.com/", "phone": "2063822025", "address": "506 2nd Ave Ste 400", "stations": [{"stopCode": 52, "lines": "1,2", "name": "Pioneer Square Station", "walkingMeters": 114, "walkingSeconds": 85, "band": 5}, {"stopCode": 53, "lines": "1,2", "name": "International District Station", "walkingMeters": 634, "walkingSeconds": 473, "band": 10}, {"stopCode": 51, "lines": "1,2", "name": "Symphony Station", "walkingMeters": 947, "walkingSeconds": 707, "band": 10}, {"stopCode": 50, "lines": "1,2", "name": "Westlake Station", "walkingMeters": 1478, "walkingSeconds": 1103, "band": 15}]}, "geometry": {"type": "Point", "coordinates": [-122.3318405, 47.6018944]}}, {"type": "Feature", "properties": {"id": "5bf2dee3-0b74-4f58-9732-d8a434195995", "name": "Tat's Deli", "category": "deli", "tags": ["deli", "delicatessen", "american"], "sources": ["overture"], "website": "http://tatsdeli.com/", "phone": "+12062648287", "address": "159 Yesler Wy", "stations": [{"stopCode": 52, "lines": "1,2", "name": "Pioneer Square Station", "walkingMeters": 203, "walkingSeconds": 148, "band": 5}, {"stopCode": 53, "lines": "1,2", "name": "International District Station", "walkingMeters": 593, "walkingSeconds": 432, "band": 10}, {"stopCode": 51, "lines": "1,2", "name": "Symphony Station", "walkingMeters": 856, "walkingSeconds": 616, "band": 10}]}, "geometry": {"type": "Point", "coordinates": [-122.3323669, 47.6015739]}}, {"type": "Feature", "properties": {"id": "ed73bbda-f413-4614-9fb7-5f5c0da5d0ee", "name": "Seattle Mart", "category": "convenience", "tags": ["convenience"], "sources": ["overture"], "website": "https://seattledigs.com", "address": "409 2nd Avenue Ext S", "stations": [{"stopCode": 52, "lines": "1,2", "name": "Pioneer Square Station", "walkingMeters": 193, "walkingSeconds": 139, "band": 5}, {"stopCode": 53, "lines": "1,2", "name": "International District Station", "walkingMeters": 726, "walkingSeconds": 523, "band": 10}, {"stopCode": 51, "lines": "1,2", "name": "Symphony Station", "walkingMeters": 791, "walkingSeconds": 570, "band": 10}]}, "geometry": {"type": "Point", "coordinates": [-122.3318863, 47.6012383]}}, {"type": "Feature", "properties": {"id": "e9423f56-902d-4a09-ab21-a31c8961aceb", "name": "Masins Furniture & Interior Design", "category": "furniture", "tags": ["furniture"], "sources": ["overture"], "website": "http://www.masins.com", "phone": "(206) 622-5606", "address": "220 2nd Ave S Ste 200", "stations": [{"stopCode": 52, "lines": "1,2", "name": "Pioneer Square Station", "walkingMeters": 319, "walkingSeconds": 233, "band": 5}, {"stopCode": 53, "lines": "1,2", "name": "International District Station", "walkingMeters": 466, "walkingSeconds": 337, "band": 5}, {"stopCode": 51, "lines": "1,2", "name": "Symphony Station", "walkingMeters": 1004, "walkingSeconds": 724, "band": 15}]}, "geometry": {"type": "Point", "coordinates": [-122.3312683, 47.6004448]}}, {"type": "Feature", "properties": {"id": "f8da4b65-58c4-4d51-8203-52efb88dce02", "name": "Crema.co", "category": "supermarket", "tags": ["supermarket"], "sources": ["overture"], "website": "crema.co", "address": "220 2nd Ave S", "stations": [{"stopCode": 52, "lines": "1,2", "name": "Pioneer Square Station", "walkingMeters": 322, "walkingSeconds": 240, "band": 5}, {"stopCode": 53, "lines": "1,2", "name": "International District Station", "walkingMeters": 422, "walkingSeconds": 315, "band": 5}, {"stopCode": 51, "lines": "1,2", "name": "Symphony Station", "walkingMeters": 1179, "walkingSeconds": 880, "band": 15}, {"stopCode": 54, "lines": "1", "name": "Stadium Station", "walkingMeters": 1390, "walkingSeconds": 1037, "band": 15}]}, "geometry": {"type": "Point", "coordinates": [-122.3311768, 47.6003342]}}, {"type": "Feature", "properties": {"id": "77a4ff26-c4a7-4949-b762-283cc4ff56a9", "name": "Isle Of Plants", "category": "supermarket", "tags": ["supermarket"], "sources": ["overture"], "address": "216 Alaskan Way S", "stations": [{"stopCode": 52, "lines": "1,2", "name": "Pioneer Square Station", "walkingMeters": 498, "walkingSeconds": 372, "band": 10}, {"stopCode": 53, "lines": "1,2", "name": "International District Station", "walkingMeters": 753, "walkingSeconds": 562, "band": 10}, {"stopCode": 51, "lines": "1,2", "name": "Symphony Station", "walkingMeters": 1083, "walkingSeconds": 808, "band": 15}]}, "geometry": {"type": "Point", "coordinates": [-122.3351288, 47.6003456]}}, {"type": "Feature", "properties": {"id": "89855f19-69c2-4347-91f1-9780aff2883d", "name": "Crisis Clothing", "category": "clothes", "tags": ["clothes", "womens"], "sources": ["overture"], "website": "crisis-clothing.com", "phone": "+12066598659", "address": "216 Alaskan Way S", "stations": [{"stopCode": 52, "lines": "1,2", "name": "Pioneer Square Station", "walkingMeters": 498, "walkingSeconds": 372, "band": 10}, {"stopCode": 53, "lines": "1,2", "name": "International District Station", "walkingMeters": 753, "walkingSeconds": 562, "band": 10}, {"stopCode": 51, "lines": "1,2", "name": "Symphony Station", "walkingMeters": 1083, "walkingSeconds": 808, "band": 15}]}, "geometry": {"type": "Point", "coordinates": [-122.3351288, 47.6003456]}}, {"type": "Feature", "properties": {"id": "1bdadd0d-5153-489f-9053-e60c8aa7b038", "name": "Tatoosh Seafood Llc", "category": "supermarket", "tags": ["supermarket"], "sources": ["overture"], "address": "219 1st Ave S", "stations": [{"stopCode": 52, "lines": "1,2", "name": "Pioneer Square Station", "walkingMeters": 473, "walkingSeconds": 353, "band": 5}, {"stopCode": 53, "lines": "1,2", "name": "International District Station", "walkingMeters": 698, "walkingSeconds": 521, "band": 10}, {"stopCode": 51, "lines": "1,2", "name": "Symphony Station", "walkingMeters": 1107, "walkingSeconds": 826, "band": 15}]}, "geometry": {"type": "Point", "coordinates": [-122.3345947, 47.6002159]}}, {"type": "Feature", "properties": {"id": "9cb3f6c5-1f62-4df3-aa3b-afbadd4dc8b6", "name": "The Clog Factory", "category": "shoes", "tags": ["shoes", "shoe"], "sources": ["overture"], "website": "http://clogheaven.com", "phone": "(206) 682-2564", "address": "217 1st Ave S", "stations": [{"stopCode": 52, "lines": "1,2", "name": "Pioneer Square Station", "walkingMeters": 487, "walkingSeconds": 350, "band": 5}, {"stopCode": 53, "lines": "1,2", "name": "International District Station", "walkingMeters": 669, "walkingSeconds": 483, "band": 10}, {"stopCode": 51, "lines": "1,2", "name": "Symphony Station", "walkingMeters": 1055, "walkingSeconds": 759, "band": 15}]}, "geometry": {"type": "Point", "coordinates": [-122.33461, 47.6002083]}}, {"type": "Feature", "properties": {"id": "94e7eefa-2efd-43d1-a62c-81faeaf06f84", "name": "E. Smith Mercantile", "category": "gift", "tags": ["gift"], "sources": ["overture"], "website": "http://www.esmithmercantile.com", "phone": "(206) 641-7250", "address": "208 1st Ave S", "stations": [{"stopCode": 52, "lines": "1,2", "name": "Pioneer Square Station", "walkingMeters": 414, "walkingSeconds": 298, "band": 5}, {"stopCode": 53, "lines": "1,2", "name": "International District Station", "walkingMeters": 671, "walkingSeconds": 484, "band": 10}, {"stopCode": 51, "lines": "1,2", "name": "Symphony Station", "walkingMeters": 990, "walkingSeconds": 715, "band": 15}]}, "geometry": {"type": "Point", "coordinates": [-122.334137, 47.6004562]}}, {"type": "Feature", "properties": {"id": "7d4486bf-9296-414f-875f-6af7812748e8", "name": "Ars Obscura", "category": "books", "tags": ["books"], "sources": ["overture"], "website": "http://arsobscurabookbinding.com", "phone": "+12063408810", "address": "214 1st Ave S", "stations": [{"stopCode": 52, "lines": "1,2", "name": "Pioneer Square Station", "walkingMeters": 420, "walkingSeconds": 302, "band": 5}, {"stopCode": 53, "lines": "1,2", "name": "International District Station", "walkingMeters": 652, "walkingSeconds": 471, "band": 10}, {"stopCode": 51, "lines": "1,2", "name": "Symphony Station", "walkingMeters": 1000, "walkingSeconds": 720, "band": 15}]}, "geometry": {"type": "Point", "coordinates": [-122.3339081, 47.6004105]}}, {"type": "Feature", "properties": {"id": "4df2fd35-99b7-4ca1-9667-b77d3678097e", "name": "The Globe Bookstore", "category": "books", "tags": ["books"], "sources": ["overture"], "website": "http://www.pioneersquare.org/the-neighborhood/retail/the-globe-bookstore", "phone": "+12066826882", "address": "218 1st Ave S", "stations": [{"stopCode": 52, "lines": "1,2", "name": "Pioneer Square Station", "walkingMeters": 397, "walkingSeconds": 296, "band": 5}, {"stopCode": 53, "lines": "1,2", "name": "International District Station", "walkingMeters": 645, "walkingSeconds": 481, "band": 10}, {"stopCode": 51, "lines": "1,2", "name": "Symphony Station", "walkingMeters": 1085, "walkingSeconds": 810, "band": 15}]}, "geometry": {"type": "Point", "coordinates": [-122.3338318, 47.6004524]}}, {"type": "Feature", "properties": {"id": "24c59aa6-b451-4ccc-a0d3-a46b8fcd4fd6", "name": "Ko Phresh Company", "category": "clothes", "tags": ["clothes", "mens"], "sources": ["overture"], "phone": "+12066570839", "address": "77 S Washington St", "stations": [{"stopCode": 52, "lines": "1,2", "name": "Pioneer Square Station", "walkingMeters": 479, "walkingSeconds": 357, "band": 5}, {"stopCode": 53, "lines": "1,2", "name": "International District Station", "walkingMeters": 789, "walkingSeconds": 589, "band": 10}, {"stopCode": 51, "lines": "1,2", "name": "Symphony Station", "walkingMeters": 1029, "walkingSeconds": 768, "band": 15}]}, "geometry": {"type": "Point", "coordinates": [-122.3352966, 47.6007118]}}, {"type": "Feature", "properties": {"id": "5bf2053e-d057-47c7-b71f-869c17391683", "name": "Your Secret Admirer", "category": "gift", "tags": ["gift"], "sources": ["overture"], "phone": "2067395998", "address": "112 S Washington St", "stations": [{"stopCode": 52, "lines": "1,2", "name": "Pioneer Square Station", "walkingMeters": 331, "walkingSeconds": 238, "band": 5}, {"stopCode": 53, "lines": "1,2", "name": "International District Station", "walkingMeters": 663, "walkingSeconds": 478, "band": 10}, {"stopCode": 51, "lines": "1,2", "name": "Symphony Station", "walkingMeters": 951, "walkingSeconds": 684, "band": 15}]}, "geometry": {"type": "Point", "coordinates": [-122.3337326, 47.6010056]}}, {"type": "Feature", "properties": {"id": "b74084ea-d4a1-41db-b456-2f03707a1a9d", "name": "Millstream", "category": "jewelry", "tags": ["jewelry"], "sources": ["overture"], "phone": "+12066231960", "address": "112 1st Ave S", "stations": [{"stopCode": 52, "lines": "1,2", "name": "Pioneer Square Station", "walkingMeters": 307, "walkingSeconds": 221, "band": 5}, {"stopCode": 53, "lines": "1,2", "name": "International District Station", "walkingMeters": 727, "walkingSeconds": 525, "band": 10}, {"stopCode": 51, "lines": "1,2", "name": "Symphony Station", "walkingMeters": 886, "walkingSeconds": 638, "band": 10}]}, "geometry": {"type": "Point", "coordinates": [-122.333786, 47.6012459]}}, {"type": "Feature", "properties": {"id": "a68f2a1e-42bb-4092-809d-253a764ece52", "name": "Benexcel Global Resources Ltd", "category": "furniture", "tags": ["furniture"], "sources": ["overture"], "phone": "+2347086144196", "address": "Suite 112, First Floor Fedan Plaza, Alaba International", "stations": [{"stopCode": 52, "lines": "1,2", "name": "Pioneer Square Station", "walkingMeters": 316, "walkingSeconds": 236, "band": 5}, {"stopCode": 53, "lines": "1,2", "name": "International District Station", "walkingMeters": 707, "walkingSeconds": 528, "band": 10}, {"stopCode": 51, "lines": "1,2", "name": "Symphony Station", "walkingMeters": 970, "walkingSeconds": 724, "band": 10}]}, "geometry": {"type": "Point", "coordinates": [-122.3338242, 47.601265]}}, {"type": "Feature", "properties": {"id": "b8ef846a-e3fe-40b6-a309-b7c34be17a66", "name": "Distant Lands", "category": "furniture", "tags": ["furniture"], "sources": ["overture"], "website": "https://distantlandsimporters.com", "phone": "2063402868", "address": "109 1st Ave S", "stations": [{"stopCode": 52, "lines": "1,2", "name": "Pioneer Square Station", "walkingMeters": 332, "walkingSeconds": 239, "band": 5}, {"stopCode": 53, "lines": "1,2", "name": "International District Station", "walkingMeters": 742, "walkingSeconds": 535, "band": 10}, {"stopCode": 51, "lines": "1,2", "name": "Symphony Station", "walkingMeters": 899, "walkingSeconds": 647, "band": 15}]}, "geometry": {"type": "Point", "coordinates": [-122.3346024, 47.6012726]}}, {"type": "Feature", "properties": {"id": "471e2596-d97e-449d-9e47-dc284287180d", "name": "Delicatus Pioneer Square", "category": "deli", "tags": ["deli", "delicatessen"], "sources": ["overture"], "website": "https://www.delicatusseattle.com", "phone": "2066233780", "address": "103 1st Ave S", "stations": [{"stopCode": 52, "lines": "1,2", "name": "Pioneer Square Station", "walkingMeters": 349, "walkingSeconds": 260, "band": 5}, {"stopCode": 53, "lines": "1,2", "name": "International District Station", "walkingMeters": 768, "walkingSeconds": 573, "band": 10}, {"stopCode": 51, "lines": "1,2", "name": "Symphony Station", "walkingMeters": 933, "walkingSeconds": 696, "band": 10}]}, "geometry": {"type": "Point", "coordinates": [-122.3343964, 47.6014481]}}, {"type": "Feature", "properties": {"id": "23ad8a19-4691-4c6a-9e2b-cfdbab244495", "name": "EcigExpress Seattle", "category": "tobacco", "tags": ["tobacco"], "sources": ["overture"], "website": "http://www.ecignorthwest.com/", "phone": "2063973993", "address": "118 1st Ave S", "stations": [{"stopCode": 52, "lines": "1,2", "name": "Pioneer Square Station", "walkingMeters": 296, "walkingSeconds": 213, "band": 5}, {"stopCode": 53, "lines": "1,2", "name": "International District Station", "walkingMeters": 747, "walkingSeconds": 539, "band": 10}, {"stopCode": 51, "lines": "1,2", "name": "Symphony Station", "walkingMeters": 874, "walkingSeconds": 629, "band": 10}]}, "geometry": {"type": "Point", "coordinates": [-122.3341217, 47.6015015]}}, {"type": "Feature", "properties": {"id": "879143e7-4a01-49cd-a908-bf3347e283e6", "name": "Magic Mouse Toys", "category": "toys", "tags": ["toys"], "sources": ["overture"], "website": "http://www.magicmousetoys.com/home.html", "phone": "+12068485203", "address": "603 1st Ave", "stations": [{"stopCode": 52, "lines": "1,2", "name": "Pioneer Square Station", "walkingMeters": 325, "walkingSeconds": 243, "band": 5}, {"stopCode": 53, "lines": "1,2", "name": "International District Station", "walkingMeters": 810, "walkingSeconds": 604, "band": 10}, {"stopCode": 51, "lines": "1,2", "name": "Symphony Station", "walkingMeters": 867, "walkingSeconds": 647, "band": 10}]}, "geometry": {"type": "Point", "coordinates": [-122.3344116, 47.6019096]}}, {"type": "Feature", "properties": {"id": "e50435fc-d96b-49a7-b1d6-2ac6372b02c1", "name": "Curated Vintage", "category": "clothes", "tags": ["clothes"], "sources": ["overture"], "website": "http://www.curatedvintage.com/", "phone": "+12064857405", "address": "85 Yesler Way", "stations": [{"stopCode": 52, "lines": "1,2", "name": "Pioneer Square Station", "walkingMeters": 350, "walkingSeconds": 251, "band": 5}, {"stopCode": 53, "lines": "1,2", "name": "International District Station", "walkingMeters": 802, "walkingSeconds": 583, "band": 10}, {"stopCode": 51, "lines": "1,2", "name": "Symphony Station", "walkingMeters": 895, "walkingSeconds": 644, "band": 10}]}, "geometry": {"type": "Point", "coordinates": [-122.3351746, 47.6015015]}}, {"type": "Feature", "properties": {"id": 9547938796, "name": "CVS Pharmacy", "category": "pharmacy", "tags": ["pharmacy"], "sources": ["osm", "overture"], "website": "https://www.cvs.com/store-locator/cvs-pharmacy-address/1401+2nd+Ave-Seattle-WA-98101/storeid=17637?WT.mc_id=LS_FACEBOOK_RX_17637", "phone": "+12064943251", "address": "1401 2nd Ave", "stations": [{"stopCode": 51, "lines": "1,2", "name": "Symphony Station", "walkingMeters": 326, "walkingSeconds": 234, "band": 5}, {"stopCode": 50, "lines": "1,2", "name": "Westlake Station", "walkingMeters": 490, "walkingSeconds": 354, "band": 10}, {"stopCode": 52, "lines": "1,2", "name": "Pioneer Square Station", "walkingMeters": 1019, "walkingSeconds": 733, "band": 15}]}, "geometry": {"type": "Point", "coordinates": [-122.3388898, 47.6085844]}}, {"type": "Feature", "properties": {"id": 2404244874, "name": "ZoomCare", "category": "clinic", "tags": ["clinic"], "sources": ["osm"], "address": "517 Union Street", "stations": [{"stopCode": 50, "lines": "1,2", "name": "Westlake Station", "walkingMeters": 354, "walkingSeconds": 256, "band": 5}, {"stopCode": 51, "lines": "1,2", "name": "Symphony Station", "walkingMeters": 374, "walkingSeconds": 269, "band": 5}, {"stopCode": 52, "lines": "1,2", "name": "Pioneer Square Station", "walkingMeters": 1051, "walkingSeconds": 758, "band": 15}]}, "geometry": {"type": "Point", "coordinates": [-122.333804, 47.609864]}}, {"type": "Feature", "properties": {"id": 2404247474, "name": "Walgreens", "category": "pharmacy", "tags": ["pharmacy"], "sources": ["osm"], "website": "https://www.walgreens.com/", "phone": "+1-206-903-8392", "address": "222 Pike Street", "hours": "Mo-Fr 07:00-20:00; Sa 07:00-20:00; Su 07:00-20:00", "stations": [{"stopCode": 51, "lines": "1,2", "name": "Symphony Station", "walkingMeters": 282, "walkingSeconds": 205, "band": 5}, {"stopCode": 50, "lines": "1,2", "name": "Westlake Station", "walkingMeters": 291, "walkingSeconds": 210, "band": 5}, {"stopCode": 52, "lines": "1,2", "name": "Pioneer Square Station", "walkingMeters": 982, "walkingSeconds": 707, "band": 15}]}, "geometry": {"type": "Point", "coordinates": [-122.3381513, 47.6097823]}}, {"type": "Feature", "properties": {"id": 2351712047, "name": "Pioneer Square Clinic", "category": "clinic", "tags": ["clinic"], "sources": ["osm"], "phone": "+1-206-521-1750", "address": "206 3rd Avenue South", "stations": [{"stopCode": 52, "lines": "1,2", "name": "Pioneer Square Station", "walkingMeters": 254, "walkingSeconds": 191, "band": 5}, {"stopCode": 53, "lines": "1,2", "name": "International District Station", "walkingMeters": 402, "walkingSeconds": 290, "band": 5}, {"stopCode": 51, "lines": "1,2", "name": "Symphony Station", "walkingMeters": 967, "walkingSeconds": 696, "band": 15}, {"stopCode": 54, "lines": "1", "name": "Stadium Station", "walkingMeters": 1224, "walkingSeconds": 887, "band": 15}]}, "geometry": {"type": "Point", "coordinates": [-122.330051, 47.6005663]}}, {"type": "Feature", "properties": {"id": 9815565782, "name": "Passport Health Downtown Seattle Travel Clinic", "category": "clinic", "tags": ["clinic"], "sources": ["osm"], "address": "1511 3rd Avenue", "stations": [{"stopCode": 50, "lines": "1,2", "name": "Westlake Station", "walkingMeters": 285, "walkingSeconds": 207, "band": 5}, {"stopCode": 51, "lines": "1,2", "name": "Symphony Station", "walkingMeters": 291, "walkingSeconds": 212, "band": 5}, {"stopCode": 52, "lines": "1,2", "name": "Pioneer Square Station", "walkingMeters": 991, "walkingSeconds": 713, "band": 15}]}, "geometry": {"type": "Point", "coordinates": [-122.3381744, 47.6098914]}}, {"type": "Feature", "properties": {"id": "fda71dc1-d4ed-44c4-aae4-e62972f30a1d", "name": "Bartell Drugs", "category": "pharmacy", "tags": ["pharmacy"], "sources": ["overture"], "website": "https://www.bartelldrugs.com/store/3rd-and-union/", "phone": "2066241366", "address": "1404 3rd Ave", "stations": [{"stopCode": 51, "lines": "1,2", "name": "Symphony Station", "walkingMeters": 167, "walkingSeconds": 120, "band": 5}, {"stopCode": 50, "lines": "1,2", "name": "Westlake Station", "walkingMeters": 364, "walkingSeconds": 262, "band": 5}, {"stopCode": 52, "lines": "1,2", "name": "Pioneer Square Station", "walkingMeters": 864, "walkingSeconds": 621, "band": 15}]}, "geometry": {"type": "Point", "coordinates": [-122.336792, 47.6091461]}}, {"type": "Feature", "properties": {"id": "0c2002e1-d7de-4420-8a39-8eb632ffda8d", "name": "Bartell Drugs", "category": "pharmacy", "tags": ["pharmacy"], "sources": ["overture"], "phone": "12066242211", "address": "910 4th Ave", "stations": [{"stopCode": 51, "lines": "1,2", "name": "Symphony Station", "walkingMeters": 561, "walkingSeconds": 404, "band": 10}, {"stopCode": 52, "lines": "1,2", "name": "Pioneer Square Station", "walkingMeters": 613, "walkingSeconds": 440, "band": 10}, {"stopCode": 50, "lines": "1,2", "name": "Westlake Station", "walkingMeters": 802, "walkingSeconds": 577, "band": 10}, {"stopCode": 53, "lines": "1,2", "name": "International District Station", "walkingMeters": 1068, "walkingSeconds": 769, "band": 15}]}, "geometry": {"type": "Point", "coordinates": [-122.3322601, 47.6060715]}}, {"type": "Feature", "properties": {"id": "a08eadda-4801-41ea-807e-92955b6c0994", "name": "Walgreens Pharmacy", "category": "pharmacy", "tags": ["pharmacy"], "sources": ["overture"], "website": "https://www.walgreens.com", "phone": "+12069038392", "address": "222 Pike St", "stations": [{"stopCode": 51, "lines": "1,2", "name": "Symphony Station", "walkingMeters": 286, "walkingSeconds": 208, "band": 5}, {"stopCode": 50, "lines": "1,2", "name": "Westlake Station", "walkingMeters": 290, "walkingSeconds": 211, "band": 5}, {"stopCode": 52, "lines": "1,2", "name": "Pioneer Square Station", "walkingMeters": 986, "walkingSeconds": 709, "band": 15}]}, "geometry": {"type": "Point", "coordinates": [-122.3382187, 47.6098137]}}, {"type": "Feature", "properties": {"id": "4c735bd6-2d72-4041-ad95-38987c84e432", "name": "UW Medicine Contact Center", "category": "clinic", "tags": ["clinic", "medical"], "sources": ["overture"], "website": "https://www.uwmedicine.org/about/contact-us", "phone": "(206) 520-5000", "stations": [{"stopCode": 51, "lines": "1,2", "name": "Symphony Station", "walkingMeters": 79, "walkingSeconds": 57, "band": 5}, {"stopCode": 50, "lines": "1,2", "name": "Westlake Station", "walkingMeters": 481, "walkingSeconds": 349, "band": 10}, {"stopCode": 52, "lines": "1,2", "name": "Pioneer Square Station", "walkingMeters": 743, "walkingSeconds": 534, "band": 10}]}, "geometry": {"type": "Point", "coordinates": [-122.3350906, 47.6079292]}}, {"type": "Feature", "properties": {"id": "4436e25d-0e20-4c47-b156-658de3159098", "name": "Dendreon", "category": "hospital", "tags": ["hospital"], "sources": ["overture"], "website": "http://www.dendreon.com", "phone": "+12062564545", "address": "1301 2nd Ave", "stations": [{"stopCode": 51, "lines": "1,2", "name": "Symphony Station", "walkingMeters": 178, "walkingSeconds": 128, "band": 5}, {"stopCode": 50, "lines": "1,2", "name": "Westlake Station", "walkingMeters": 570, "walkingSeconds": 410, "band": 10}, {"stopCode": 52, "lines": "1,2", "name": "Pioneer Square Station", "walkingMeters": 860, "walkingSeconds": 618, "band": 15}]}, "geometry": {"type": "Point", "coordinates": [-122.3381729, 47.6076851]}}, {"type": "Feature", "properties": {"id": "021a2fb7-1fe2-4eca-9b52-fc334b135a20", "name": "Seattle Swedish Hospital", "category": "hospital", "tags": ["hospital"], "sources": ["overture"], "website": "https://www.swedish.org/about", "stations": [{"stopCode": 51, "lines": "1,2", "name": "Symphony Station", "walkingMeters": 296, "walkingSeconds": 221, "band": 5}, {"stopCode": 50, "lines": "1,2", "name": "Westlake Station", "walkingMeters": 320, "walkingSeconds": 239, "band": 5}, {"stopCode": 52, "lines": "1,2", "name": "Pioneer Square Station", "walkingMeters": 1096, "walkingSeconds": 818, "band": 15}]}, "geometry": {"type": "Point", "coordinates": [-122.3349304, 47.6097183]}}, {"type": "Feature", "properties": {"id": "752aace0-0c7e-4828-9791-fcec08a9e940", "name": "St Jude Medical", "category": "hospital", "tags": ["hospital"], "sources": ["overture"], "website": "https://washington.providence.org/contact-us", "phone": "+12062644812", "address": "1200 5th Ave Ste 1410", "stations": [{"stopCode": 51, "lines": "1,2", "name": "Symphony Station", "walkingMeters": 302, "walkingSeconds": 225, "band": 5}, {"stopCode": 50, "lines": "1,2", "name": "Westlake Station", "walkingMeters": 579, "walkingSeconds": 432, "band": 10}, {"stopCode": 52, "lines": "1,2", "name": "Pioneer Square Station", "walkingMeters": 866, "walkingSeconds": 646, "band": 15}]}, "geometry": {"type": "Point", "coordinates": [-122.3330536, 47.6084213]}}, {"type": "Feature", "properties": {"id": "b9bffd3a-9320-46be-aabf-ea27622c0f54", "name": "Seattle Grace Mercy West Hospital", "category": "hospital", "tags": ["hospital"], "sources": ["overture"], "website": "http://greysanatomy.wikia.com/wiki/Seattle_Grace_Mercy_West_Hospital", "phone": "+17163346674", "address": "The Intern's House - Grey's Anatomy, 303 W Comstock St", "stations": [{"stopCode": 51, "lines": "1,2", "name": "Symphony Station", "walkingMeters": 401, "walkingSeconds": 299, "band": 5}, {"stopCode": 50, "lines": "1,2", "name": "Westlake Station", "walkingMeters": 452, "walkingSeconds": 337, "band": 10}, {"stopCode": 52, "lines": "1,2", "name": "Pioneer Square Station", "walkingMeters": 1047, "walkingSeconds": 781, "band": 15}]}, "geometry": {"type": "Point", "coordinates": [-122.3330002, 47.6096992]}}, {"type": "Feature", "properties": {"id": "1a2c506f-1265-4773-8ffb-7b8e080d16a0", "name": "Northwest Medical Experts", "category": "clinic", "tags": ["clinic", "medical"], "sources": ["overture"], "website": "http://www.nwmedicalexperts.com/", "phone": "2069263756", "address": "600 University St Ste 2325", "stations": [{"stopCode": 51, "lines": "1,2", "name": "Symphony Station", "walkingMeters": 418, "walkingSeconds": 301, "band": 5}, {"stopCode": 50, "lines": "1,2", "name": "Westlake Station", "walkingMeters": 554, "walkingSeconds": 398, "band": 10}, {"stopCode": 52, "lines": "1,2", "name": "Pioneer Square Station", "walkingMeters": 1076, "walkingSeconds": 776, "band": 15}]}, "geometry": {"type": "Point", "coordinates": [-122.3321304, 47.609726]}}, {"type": "Feature", "properties": {"id": "4260c828-5ce0-4ef3-81be-81021ce09bdc", "name": "Bisonpharmacy.com", "category": "pharmacy", "tags": ["pharmacy"], "sources": ["overture"], "website": "https://bisonpharmacy.com", "phone": "(888) 668-2808", "address": "300 Lenora St PMB 861", "stations": [{"stopCode": 51, "lines": "1,2", "name": "Symphony Station", "walkingMeters": 364, "walkingSeconds": 262, "band": 5}, {"stopCode": 50, "lines": "1,2", "name": "Westlake Station", "walkingMeters": 638, "walkingSeconds": 459, "band": 10}, {"stopCode": 52, "lines": "1,2", "name": "Pioneer Square Station", "walkingMeters": 644, "walkingSeconds": 463, "band": 10}, {"stopCode": 53, "lines": "1,2", "name": "International District Station", "walkingMeters": 1141, "walkingSeconds": 821, "band": 15}]}, "geometry": {"type": "Point", "coordinates": [-122.3326492, 47.6069794]}}, {"type": "Feature", "properties": {"id": "fb87a464-d9da-4a5b-b714-6b98ba20a415", "name": "Swedish Center for Research and Innovation", "category": "hospital", "tags": ["hospital"], "sources": ["overture"], "website": "https://www.swedish.org/locations/center-for-research-and-innovation?ls=location&y_source=1_MTAwNDg4MDkyMS00ODMtbG9jYXRpb24ud2Vic2l0ZQ%3D%3D", "phone": "2062153100", "address": "800 5th Ave, 11th Fl", "stations": [{"stopCode": 52, "lines": "1,2", "name": "Pioneer Square Station", "walkingMeters": 543, "walkingSeconds": 390, "band": 10}, {"stopCode": 51, "lines": "1,2", "name": "Symphony Station", "walkingMeters": 630, "walkingSeconds": 454, "band": 10}, {"stopCode": 50, "lines": "1,2", "name": "Westlake Station", "walkingMeters": 849, "walkingSeconds": 619, "band": 15}, {"stopCode": 53, "lines": "1,2", "name": "International District Station", "walkingMeters": 988, "walkingSeconds": 711, "band": 15}]}, "geometry": {"type": "Point", "coordinates": [-122.3302917, 47.6058388]}}, {"type": "Feature", "properties": {"id": "74e1be1b-0652-4059-8807-3809fabb45fd", "name": "Kindex Pharmaceuticals", "category": "pharmacy", "tags": ["pharmacy"], "sources": ["overture"], "website": "https://www.indexpharma.com", "phone": "+12069222912", "address": "800 5th Ave Ste 4100", "stations": [{"stopCode": 52, "lines": "1,2", "name": "Pioneer Square Station", "walkingMeters": 479, "walkingSeconds": 357, "band": 10}, {"stopCode": 51, "lines": "1,2", "name": "Symphony Station", "walkingMeters": 617, "walkingSeconds": 460, "band": 10}, {"stopCode": 50, "lines": "1,2", "name": "Westlake Station", "walkingMeters": 1033, "walkingSeconds": 771, "band": 15}, {"stopCode": 53, "lines": "1,2", "name": "International District Station", "walkingMeters": 1106, "walkingSeconds": 825, "band": 15}]}, "geometry": {"type": "Point", "coordinates": [-122.3304138, 47.6058273]}}, {"type": "Feature", "properties": {"id": 4639109902, "name": "Christian Science Reading Room", "category": "library", "tags": ["library"], "sources": ["osm"], "address": "1523 2nd Avenue", "hours": "Mo-Fr 11:00-18:00", "stations": [{"stopCode": 50, "lines": "1,2", "name": "Westlake Station", "walkingMeters": 331, "walkingSeconds": 240, "band": 5}, {"stopCode": 51, "lines": "1,2", "name": "Symphony Station", "walkingMeters": 442, "walkingSeconds": 320, "band": 5}, {"stopCode": 52, "lines": "1,2", "name": "Pioneer Square Station", "walkingMeters": 1135, "walkingSeconds": 819, "band": 15}]}, "geometry": {"type": "Point", "coordinates": [-122.3397133, 47.6098432]}}, {"type": "Feature", "properties": {"id": 5599473322, "name": "Union Bank", "category": "bank", "tags": ["bank", "credit", "union"], "sources": ["osm", "overture"], "website": "https://www.unionbank.com/locations/washington/seattle/1200-5th-ave-suite-100-98101", "phone": "2063810550", "address": "1200 5th Ave Ste 100", "stations": [{"stopCode": 51, "lines": "1,2", "name": "Symphony Station", "walkingMeters": 263, "walkingSeconds": 191, "band": 5}, {"stopCode": 50, "lines": "1,2", "name": "Westlake Station", "walkingMeters": 478, "walkingSeconds": 346, "band": 10}, {"stopCode": 52, "lines": "1,2", "name": "Pioneer Square Station", "walkingMeters": 815, "walkingSeconds": 589, "band": 15}]}, "geometry": {"type": "Point", "coordinates": [-122.333159, 47.6083399]}}, {"type": "Feature", "properties": {"id": 2404244807, "name": "Bank of America", "category": "bank", "tags": ["bank"], "sources": ["osm"], "website": "https://locators.bankofamerica.com/wa/seattle/financial-centers-seattle-8358.html", "address": "1309 4th Avenue", "stations": [{"stopCode": 51, "lines": "1,2", "name": "Symphony Station", "walkingMeters": 117, "walkingSeconds": 84, "band": 5}, {"stopCode": 50, "lines": "1,2", "name": "Westlake Station", "walkingMeters": 417, "walkingSeconds": 303, "band": 5}, {"stopCode": 52, "lines": "1,2", "name": "Pioneer Square Station", "walkingMeters": 806, "walkingSeconds": 580, "band": 10}]}, "geometry": {"type": "Point", "coordinates": [-122.3353508, 47.6084092]}}, {"type": "Feature", "properties": {"id": 4763099523, "name": "Bank of America", "category": "bank", "tags": ["bank", "credit", "union"], "sources": ["osm", "overture"], "website": "https://locators.bankofamerica.com/wa/seattle/financial-centers-seattle-16815.html", "phone": "+18444018500", "address": "1001 4th Ave STE 515", "stations": [{"stopCode": 51, "lines": "1,2", "name": "Symphony Station", "walkingMeters": 304, "walkingSeconds": 219, "band": 5}, {"stopCode": 52, "lines": "1,2", "name": "Pioneer Square Station", "walkingMeters": 557, "walkingSeconds": 400, "band": 10}, {"stopCode": 50, "lines": "1,2", "name": "Westlake Station", "walkingMeters": 670, "walkingSeconds": 484, "band": 10}, {"stopCode": 53, "lines": "1,2", "name": "International District Station", "walkingMeters": 1116, "walkingSeconds": 803, "band": 15}]}, "geometry": {"type": "Point", "coordinates": [-122.3336274, 47.6064995]}}, {"type": "Feature", "properties": {"id": "43da6e30-a2bf-436b-8430-4b6cea5ae6e1", "name": "Bank of America", "category": "bank", "tags": ["bank", "credit", "union"], "sources": ["overture"], "phone": "2063580500", "address": "701 2nd Ave", "stations": [{"stopCode": 52, "lines": "1,2", "name": "Pioneer Square Station", "walkingMeters": 237, "walkingSeconds": 170, "band": 5}, {"stopCode": 51, "lines": "1,2", "name": "Symphony Station", "walkingMeters": 647, "walkingSeconds": 466, "band": 10}, {"stopCode": 53, "lines": "1,2", "name": "International District Station", "walkingMeters": 755, "walkingSeconds": 555, "band": 10}, {"stopCode": 50, "lines": "1,2", "name": "Westlake Station", "walkingMeters": 1175, "walkingSeconds": 846, "band": 15}]}, "geometry": {"type": "Point", "coordinates": [-122.3332977, 47.6031456]}}, {"type": "Feature", "properties": {"id": "a01992ea-a228-458a-91ff-e379c58ad838", "name": "Charles Schwab", "category": "bank", "tags": ["bank", "credit", "union"], "sources": ["overture"], "website": "https://client.schwab.com/public/branchlocator/branchdetails.aspx?branchid=1204", "phone": "2062873816", "address": "508 Union St", "stations": [{"stopCode": 50, "lines": "1,2", "name": "Westlake Station", "walkingMeters": 297, "walkingSeconds": 216, "band": 5}, {"stopCode": 51, "lines": "1,2", "name": "Symphony Station", "walkingMeters": 353, "walkingSeconds": 254, "band": 5}, {"stopCode": 52, "lines": "1,2", "name": "Pioneer Square Station", "walkingMeters": 1030, "walkingSeconds": 745, "band": 15}]}, "geometry": {"type": "Point", "coordinates": [-122.3342819, 47.6098366]}}, {"type": "Feature", "properties": {"id": 3996640131, "name": "Umpqua Bank", "category": "bank", "tags": ["bank"], "sources": ["osm"], "stations": [{"stopCode": 51, "lines": "1,2", "name": "Symphony Station", "walkingMeters": 122, "walkingSeconds": 88, "band": 5}, {"stopCode": 52, "lines": "1,2", "name": "Pioneer Square Station", "walkingMeters": 590, "walkingSeconds": 425, "band": 10}, {"stopCode": 50, "lines": "1,2", "name": "Westlake Station", "walkingMeters": 652, "walkingSeconds": 469, "band": 10}]}, "geometry": {"type": "Point", "coordinates": [-122.3354034, 47.6068694]}}, {"type": "Feature", "properties": {"id": "2958d7d0-1ca1-40e4-badf-eb53bb5280d3", "name": "Umpqua Bank", "category": "bank", "tags": ["bank", "credit", "union"], "sources": ["overture"], "website": "https://locations.umpquabank.com/wa/seattle/721-2nd-ave", "phone": "2062231000", "address": "721 2nd Ave", "stations": [{"stopCode": 52, "lines": "1,2", "name": "Pioneer Square Station", "walkingMeters": 306, "walkingSeconds": 220, "band": 5}, {"stopCode": 51, "lines": "1,2", "name": "Symphony Station", "walkingMeters": 600, "walkingSeconds": 432, "band": 10}, {"stopCode": 53, "lines": "1,2", "name": "International District Station", "walkingMeters": 823, "walkingSeconds": 600, "band": 15}, {"stopCode": 50, "lines": "1,2", "name": "Westlake Station", "walkingMeters": 1126, "walkingSeconds": 810, "band": 15}]}, "geometry": {"type": "Point", "coordinates": [-122.3339386, 47.6035042]}}, {"type": "Feature", "properties": {"id": 2052359557, "name": "KeyBank", "category": "bank", "tags": ["bank"], "sources": ["osm"], "address": "815 2nd Avenue", "stations": [{"stopCode": 52, "lines": "1,2", "name": "Pioneer Square Station", "walkingMeters": 382, "walkingSeconds": 275, "band": 5}, {"stopCode": 51, "lines": "1,2", "name": "Symphony Station", "walkingMeters": 521, "walkingSeconds": 375, "band": 10}, {"stopCode": 53, "lines": "1,2", "name": "International District Station", "walkingMeters": 902, "walkingSeconds": 657, "band": 15}, {"stopCode": 50, "lines": "1,2", "name": "Westlake Station", "walkingMeters": 1046, "walkingSeconds": 753, "band": 15}]}, "geometry": {"type": "Point", "coordinates": [-122.3344501, 47.6041022]}}, {"type": "Feature", "properties": {"id": 397023121, "name": "KeyBank", "category": "bank", "tags": ["bank"], "sources": ["osm"], "website": "https://locations.key.com/wa/seattle/1329-fourth-ave-.html", "phone": "+1-206-447-5767", "address": "1329 4th Avenue", "hours": "Mo-Fr 09:00-17:00", "stations": [{"stopCode": 51, "lines": "1,2", "name": "Symphony Station", "walkingMeters": 188, "walkingSeconds": 135, "band": 5}, {"stopCode": 50, "lines": "1,2", "name": "Westlake Station", "walkingMeters": 347, "walkingSeconds": 252, "band": 5}, {"stopCode": 52, "lines": "1,2", "name": "Pioneer Square Station", "walkingMeters": 877, "walkingSeconds": 631, "band": 15}]}, "geometry": {"type": "Point", "coordinates": [-122.3358665, 47.6089348]}}, {"type": "Feature", "properties": {"id": 2354350263, "name": "U.S. Bank", "category": "bank", "tags": ["bank", "credit", "union"], "sources": ["osm", "overture"], "website": "https://www.usbank.com/locations", "phone": "2063442322", "address": "723 1st Ave", "stations": [{"stopCode": 52, "lines": "1,2", "name": "Pioneer Square Station", "walkingMeters": 398, "walkingSeconds": 286, "band": 5}, {"stopCode": 51, "lines": "1,2", "name": "Symphony Station", "walkingMeters": 691, "walkingSeconds": 497, "band": 10}, {"stopCode": 53, "lines": "1,2", "name": "International District Station", "walkingMeters": 881, "walkingSeconds": 640, "band": 15}, {"stopCode": 50, "lines": "1,2", "name": "Westlake Station", "walkingMeters": 1216, "walkingSeconds": 875, "band": 15}]}, "geometry": {"type": "Point", "coordinates": [-122.33497, 47.6030541]}}, {"type": "Feature", "properties": {"id": 2404316420, "name": "The UPS Store", "category": "post_office", "tags": ["post-office"], "sources": ["osm"], "address": "815 1st Avenue", "stations": [{"stopCode": 52, "lines": "1,2", "name": "Pioneer Square Station", "walkingMeters": 472, "walkingSeconds": 339, "band": 10}, {"stopCode": 51, "lines": "1,2", "name": "Symphony Station", "walkingMeters": 616, "walkingSeconds": 443, "band": 10}, {"stopCode": 53, "lines": "1,2", "name": "International District Station", "walkingMeters": 956, "walkingSeconds": 694, "band": 15}, {"stopCode": 50, "lines": "1,2", "name": "Westlake Station", "walkingMeters": 1141, "walkingSeconds": 821, "band": 15}]}, "geometry": {"type": "Point", "coordinates": [-122.33551, 47.6036066]}}, {"type": "Feature", "properties": {"id": 4639109925, "name": "The UPS Store", "category": "post_office", "tags": ["post-office"], "sources": ["osm"], "stations": [{"stopCode": 52, "lines": "1,2", "name": "Pioneer Square Station", "walkingMeters": 457, "walkingSeconds": 328, "band": 10}, {"stopCode": 51, "lines": "1,2", "name": "Symphony Station", "walkingMeters": 636, "walkingSeconds": 458, "band": 10}, {"stopCode": 50, "lines": "1,2", "name": "Westlake Station", "walkingMeters": 854, "walkingSeconds": 623, "band": 15}, {"stopCode": 53, "lines": "1,2", "name": "International District Station", "walkingMeters": 901, "walkingSeconds": 649, "band": 15}]}, "geometry": {"type": "Point", "coordinates": [-122.330586, 47.6055095]}}, {"type": "Feature", "properties": {"id": 5830451695, "name": "Wells Fargo", "category": "bank", "tags": ["bank", "credit", "union"], "sources": ["osm", "overture"], "website": "http://www.wellsfargo.com", "phone": "+12068334400", "address": "999 3 Rd Ave", "stations": [{"stopCode": 51, "lines": "1,2", "name": "Symphony Station", "walkingMeters": 330, "walkingSeconds": 237, "band": 5}, {"stopCode": 52, "lines": "1,2", "name": "Pioneer Square Station", "walkingMeters": 424, "walkingSeconds": 306, "band": 5}, {"stopCode": 50, "lines": "1,2", "name": "Westlake Station", "walkingMeters": 858, "walkingSeconds": 618, "band": 10}, {"stopCode": 53, "lines": "1,2", "name": "International District Station", "walkingMeters": 1062, "walkingSeconds": 767, "band": 15}]}, "geometry": {"type": "Point", "coordinates": [-122.3342424, 47.6052449]}}, {"type": "Feature", "properties": {"id": 11663016263, "name": "Wells Fargo", "category": "bank", "tags": ["bank"], "sources": ["osm"], "stations": [{"stopCode": 51, "lines": "1,2", "name": "Symphony Station", "walkingMeters": 308, "walkingSeconds": 222, "band": 5}, {"stopCode": 50, "lines": "1,2", "name": "Westlake Station", "walkingMeters": 392, "walkingSeconds": 282, "band": 5}, {"stopCode": 52, "lines": "1,2", "name": "Pioneer Square Station", "walkingMeters": 1002, "walkingSeconds": 721, "band": 15}]}, "geometry": {"type": "Point", "coordinates": [-122.3384713, 47.6091779]}}, {"type": "Feature", "properties": {"id": "7fd2e121-648f-47af-8cb8-398def42bec7", "name": "Wells Fargo", "category": "bank", "tags": ["bank", "credit", "union"], "sources": ["overture"], "phone": "2062231978", "address": "1215 4th Ave", "stations": [{"stopCode": 51, "lines": "1,2", "name": "Symphony Station", "walkingMeters": 162, "walkingSeconds": 116, "band": 5}, {"stopCode": 50, "lines": "1,2", "name": "Westlake Station", "walkingMeters": 512, "walkingSeconds": 371, "band": 10}, {"stopCode": 52, "lines": "1,2", "name": "Pioneer Square Station", "walkingMeters": 717, "walkingSeconds": 516, "band": 10}]}, "geometry": {"type": "Point", "coordinates": [-122.3344421, 47.6077385]}}, {"type": "Feature", "properties": {"id": 3942806457, "name": "Chase", "category": "bank", "tags": ["bank"], "sources": ["osm"], "website": "https://locator.chase.com/wa/seattle/1301-2nd-ave", "phone": "+1-206-500-5000", "address": "1301 2nd Avenue", "hours": "Mo-Fr 09:00-17:00; Sa-Su off", "stations": [{"stopCode": 51, "lines": "1,2", "name": "Symphony Station", "walkingMeters": 220, "walkingSeconds": 158, "band": 5}, {"stopCode": 50, "lines": "1,2", "name": "Westlake Station", "walkingMeters": 528, "walkingSeconds": 380, "band": 10}, {"stopCode": 52, "lines": "1,2", "name": "Pioneer Square Station", "walkingMeters": 902, "walkingSeconds": 649, "band": 15}]}, "geometry": {"type": "Point", "coordinates": [-122.338077, 47.6080722]}}, {"type": "Feature", "properties": {"id": 5723976070, "name": "Chase", "category": "bank", "tags": ["bank"], "sources": ["osm"], "stations": [{"stopCode": 51, "lines": "1,2", "name": "Symphony Station", "walkingMeters": 36, "walkingSeconds": 26, "band": 5}, {"stopCode": 50, "lines": "1,2", "name": "Westlake Station", "walkingMeters": 566, "walkingSeconds": 407, "band": 10}, {"stopCode": 52, "lines": "1,2", "name": "Pioneer Square Station", "walkingMeters": 704, "walkingSeconds": 507, "band": 10}]}, "geometry": {"type": "Point", "coordinates": [-122.3361355, 47.6075315]}}, {"type": "Feature", "properties": {"id": 3325594244, "name": "HomeStreet Bank", "category": "bank", "tags": ["bank", "credit", "union"], "sources": ["osm", "overture"], "website": "http://www.homestreet.com/", "phone": "2066210100", "address": "1314 6th Ave", "stations": [{"stopCode": 51, "lines": "1,2", "name": "Symphony Station", "walkingMeters": 362, "walkingSeconds": 260, "band": 5}, {"stopCode": 50, "lines": "1,2", "name": "Westlake Station", "walkingMeters": 451, "walkingSeconds": 324, "band": 10}, {"stopCode": 52, "lines": "1,2", "name": "Pioneer Square Station", "walkingMeters": 1023, "walkingSeconds": 738, "band": 15}]}, "geometry": {"type": "Point", "coordinates": [-122.3328978, 47.6096544]}}, {"type": "Feature", "properties": {"id": 3664980125, "name": "Banner Bank", "category": "bank", "tags": ["bank"], "sources": ["osm"], "stations": [{"stopCode": 51, "lines": "1,2", "name": "Symphony Station", "walkingMeters": 330, "walkingSeconds": 238, "band": 5}, {"stopCode": 52, "lines": "1,2", "name": "Pioneer Square Station", "walkingMeters": 528, "walkingSeconds": 380, "band": 10}, {"stopCode": 50, "lines": "1,2", "name": "Westlake Station", "walkingMeters": 858, "walkingSeconds": 617, "band": 10}, {"stopCode": 53, "lines": "1,2", "name": "International District Station", "walkingMeters": 1075, "walkingSeconds": 775, "band": 15}]}, "geometry": {"type": "Point", "coordinates": [-122.335196, 47.6055629]}}, {"type": "Feature", "properties": {"id": 2404244853, "name": "Midtown Post Office", "category": "post_office", "tags": ["post-office"], "sources": ["osm"], "website": "https://tools.usps.com/locations/details/1371479", "address": "301 Union Street", "hours": "Mo-Fr 08:30-17:30", "stations": [{"stopCode": 51, "lines": "1,2", "name": "Symphony Station", "walkingMeters": 137, "walkingSeconds": 99, "band": 5}, {"stopCode": 50, "lines": "1,2", "name": "Westlake Station", "walkingMeters": 394, "walkingSeconds": 286, "band": 5}, {"stopCode": 52, "lines": "1,2", "name": "Pioneer Square Station", "walkingMeters": 834, "walkingSeconds": 600, "band": 15}]}, "geometry": {"type": "Point", "coordinates": [-122.336487, 47.6087197]}}, {"type": "Feature", "properties": {"id": 3006177464, "name": "Seattle Metropolitan Credit Union", "category": "bank", "tags": ["bank"], "sources": ["osm"], "address": "722 3rd Avenue", "hours": "Mo-Fr 09:00-17:00; Sa,Su off", "stations": [{"stopCode": 52, "lines": "1,2", "name": "Pioneer Square Station", "walkingMeters": 207, "walkingSeconds": 149, "band": 5}, {"stopCode": 51, "lines": "1,2", "name": "Symphony Station", "walkingMeters": 506, "walkingSeconds": 364, "band": 10}, {"stopCode": 53, "lines": "1,2", "name": "International District Station", "walkingMeters": 841, "walkingSeconds": 606, "band": 15}, {"stopCode": 50, "lines": "1,2", "name": "Westlake Station", "walkingMeters": 1020, "walkingSeconds": 734, "band": 15}]}, "geometry": {"type": "Point", "coordinates": [-122.3323783, 47.6041457]}}, {"type": "Feature", "properties": {"id": 3629590204, "name": "Bank of the West", "category": "bank", "tags": ["bank"], "sources": ["osm"], "stations": [{"stopCode": 51, "lines": "1,2", "name": "Symphony Station", "walkingMeters": 243, "walkingSeconds": 175, "band": 5}, {"stopCode": 52, "lines": "1,2", "name": "Pioneer Square Station", "walkingMeters": 660, "walkingSeconds": 475, "band": 10}, {"stopCode": 50, "lines": "1,2", "name": "Westlake Station", "walkingMeters": 767, "walkingSeconds": 551, "band": 10}, {"stopCode": 53, "lines": "1,2", "name": "International District Station", "walkingMeters": 1182, "walkingSeconds": 858, "band": 15}]}, "geometry": {"type": "Point", "coordinates": [-122.3363794, 47.6062151]}}, {"type": "Feature", "properties": {"id": 3655991028, "name": "Northwest Bank", "category": "bank", "tags": ["bank"], "sources": ["osm"], "stations": [{"stopCode": 51, "lines": "1,2", "name": "Symphony Station", "walkingMeters": 348, "walkingSeconds": 251, "band": 5}, {"stopCode": 52, "lines": "1,2", "name": "Pioneer Square Station", "walkingMeters": 365, "walkingSeconds": 262, "band": 5}, {"stopCode": 50, "lines": "1,2", "name": "Westlake Station", "walkingMeters": 862, "walkingSeconds": 620, "band": 10}, {"stopCode": 53, "lines": "1,2", "name": "International District Station", "walkingMeters": 999, "walkingSeconds": 719, "band": 15}]}, "geometry": {"type": "Point", "coordinates": [-122.333448, 47.605336]}}, {"type": "Feature", "properties": {"id": "a16de844-b623-4f9d-b951-763ae58e4405", "name": "Northwest Bank", "category": "bank", "tags": ["bank", "credit", "union"], "sources": ["overture"], "website": "https://www.northwest-bank.com/", "phone": "2066210808", "address": "1301 5th Ave Ste 2110", "stations": [{"stopCode": 51, "lines": "1,2", "name": "Symphony Station", "walkingMeters": 167, "walkingSeconds": 120, "band": 5}, {"stopCode": 50, "lines": "1,2", "name": "Westlake Station", "walkingMeters": 431, "walkingSeconds": 310, "band": 5}, {"stopCode": 52, "lines": "1,2", "name": "Pioneer Square Station", "walkingMeters": 850, "walkingSeconds": 611, "band": 15}]}, "geometry": {"type": "Point", "coordinates": [-122.3344116, 47.6087799]}}, {"type": "Feature", "properties": {"id": 4037698490, "name": "HSBC", "category": "bank", "tags": ["bank"], "sources": ["osm"], "stations": [{"stopCode": 50, "lines": "1,2", "name": "Westlake Station", "walkingMeters": 383, "walkingSeconds": 275, "band": 5}, {"stopCode": 51, "lines": "1,2", "name": "Symphony Station", "walkingMeters": 399, "walkingSeconds": 287, "band": 5}, {"stopCode": 52, "lines": "1,2", "name": "Pioneer Square Station", "walkingMeters": 1070, "walkingSeconds": 770, "band": 15}]}, "geometry": {"type": "Point", "coordinates": [-122.3336121, 47.6099626]}}, {"type": "Feature", "properties": {"id": 4458635048, "name": "United States Post Office", "category": "post_office", "tags": ["post-office"], "sources": ["osm"], "stations": [{"stopCode": 51, "lines": "1,2", "name": "Symphony Station", "walkingMeters": 305, "walkingSeconds": 220, "band": 5}, {"stopCode": 52, "lines": "1,2", "name": "Pioneer Square Station", "walkingMeters": 445, "walkingSeconds": 320, "band": 10}, {"stopCode": 50, "lines": "1,2", "name": "Westlake Station", "walkingMeters": 785, "walkingSeconds": 567, "band": 10}, {"stopCode": 53, "lines": "1,2", "name": "International District Station", "walkingMeters": 1079, "walkingSeconds": 777, "band": 15}]}, "geometry": {"type": "Point", "coordinates": [-122.333827, 47.6058925]}}, {"type": "Feature", "properties": {"id": 5979983486, "name": "Madison St Post Office", "category": "post_office", "tags": ["post-office"], "sources": ["osm"], "hours": "Mo-Fr 07:00-17:00", "stations": [{"stopCode": 51, "lines": "1,2", "name": "Symphony Station", "walkingMeters": 462, "walkingSeconds": 332, "band": 5}, {"stopCode": 52, "lines": "1,2", "name": "Pioneer Square Station", "walkingMeters": 568, "walkingSeconds": 408, "band": 10}, {"stopCode": 50, "lines": "1,2", "name": "Westlake Station", "walkingMeters": 987, "walkingSeconds": 710, "band": 15}, {"stopCode": 53, "lines": "1,2", "name": "International District Station", "walkingMeters": 1082, "walkingSeconds": 784, "band": 15}]}, "geometry": {"type": "Point", "coordinates": [-122.3358939, 47.6046848]}}, {"type": "Feature", "properties": {"id": "fcd8786e-3aeb-4a56-9d35-561dd701a8bb", "name": "Pacific Premier Bank", "category": "bank", "tags": ["bank", "credit", "union"], "sources": ["overture"], "website": "https://www.ppbi.com/", "phone": "2066241447", "address": "1401 4th Ave", "stations": [{"stopCode": 51, "lines": "1,2", "name": "Symphony Station", "walkingMeters": 238, "walkingSeconds": 171, "band": 5}, {"stopCode": 50, "lines": "1,2", "name": "Westlake Station", "walkingMeters": 294, "walkingSeconds": 214, "band": 5}, {"stopCode": 52, "lines": "1,2", "name": "Pioneer Square Station", "walkingMeters": 931, "walkingSeconds": 670, "band": 15}]}, "geometry": {"type": "Point", "coordinates": [-122.3359375, 47.609375]}}, {"type": "Feature", "properties": {"id": "299827d2-870e-467b-a35f-7e740e9c8312", "name": "King County Law Library", "category": "library", "tags": ["library"], "sources": ["overture"], "website": "https://kcll.org", "phone": "+12064771305", "address": "516 3rd Ave", "stations": [{"stopCode": 52, "lines": "1,2", "name": "Pioneer Square Station", "walkingMeters": 64, "walkingSeconds": 46, "band": 5}, {"stopCode": 53, "lines": "1,2", "name": "International District Station", "walkingMeters": 694, "walkingSeconds": 500, "band": 10}, {"stopCode": 51, "lines": "1,2", "name": "Symphony Station", "walkingMeters": 718, "walkingSeconds": 516, "band": 10}, {"stopCode": 50, "lines": "1,2", "name": "Westlake Station", "walkingMeters": 1170, "walkingSeconds": 842, "band": 15}]}, "geometry": {"type": "Point", "coordinates": [-122.3306808, 47.6026764]}}, {"type": "Feature", "properties": {"id": "2a710791-9723-45f7-ac78-23f23d774a5b", "name": "US Post Office", "category": "post_office", "tags": ["post-office", "office"], "sources": ["overture"], "website": "https://www.usps.com", "phone": "(206) 625-2293", "address": "701 5th Ave Ste 306", "stations": [{"stopCode": 52, "lines": "1,2", "name": "Pioneer Square Station", "walkingMeters": 409, "walkingSeconds": 294, "band": 5}, {"stopCode": 51, "lines": "1,2", "name": "Symphony Station", "walkingMeters": 703, "walkingSeconds": 506, "band": 10}, {"stopCode": 53, "lines": "1,2", "name": "International District Station", "walkingMeters": 855, "walkingSeconds": 615, "band": 15}, {"stopCode": 50, "lines": "1,2", "name": "Westlake Station", "walkingMeters": 945, "walkingSeconds": 680, "band": 15}]}, "geometry": {"type": "Point", "coordinates": [-122.3305664, 47.6046753]}}, {"type": "Feature", "properties": {"id": "dbcc3354-bbe8-46a1-b2ea-ee08586e33ec", "name": "United States Postal Service", "category": "post_office", "tags": ["post-office", "office"], "sources": ["overture"], "website": "https://tools.usps.com/find-location.htm?location=1371479", "phone": "+18002758777", "address": "301 Union St", "stations": [{"stopCode": 51, "lines": "1,2", "name": "Symphony Station", "walkingMeters": 136, "walkingSeconds": 98, "band": 5}, {"stopCode": 50, "lines": "1,2", "name": "Westlake Station", "walkingMeters": 396, "walkingSeconds": 287, "band": 5}, {"stopCode": 52, "lines": "1,2", "name": "Pioneer Square Station", "walkingMeters": 832, "walkingSeconds": 598, "band": 15}]}, "geometry": {"type": "Point", "coordinates": [-122.3365097, 47.6087151]}}, {"type": "Feature", "properties": {"id": "b47944c4-2bd6-4382-a5b3-152e0314413c", "name": "United States Postal Service", "category": "post_office", "tags": ["post-office", "office"], "sources": ["overture"], "website": "http://www.usps.com", "phone": "+18002758777", "address": "909 1st Ave Ste 100", "stations": [{"stopCode": 51, "lines": "1,2", "name": "Symphony Station", "walkingMeters": 528, "walkingSeconds": 380, "band": 10}, {"stopCode": 52, "lines": "1,2", "name": "Pioneer Square Station", "walkingMeters": 562, "walkingSeconds": 404, "band": 10}, {"stopCode": 50, "lines": "1,2", "name": "Westlake Station", "walkingMeters": 1053, "walkingSeconds": 758, "band": 15}, {"stopCode": 53, "lines": "1,2", "name": "International District Station", "walkingMeters": 1047, "walkingSeconds": 759, "band": 15}]}, "geometry": {"type": "Point", "coordinates": [-122.3361282, 47.60429]}}, {"type": "Feature", "properties": {"id": "2d0fd500-9c00-467e-a301-b3eb7d93cba7", "name": "Bank of America ATM", "category": "bank", "tags": ["bank", "credit", "union"], "sources": ["overture"], "website": "https://locators.bankofamerica.com/wa/seattle/atm-seattle-102546.html", "phone": "8444018500", "address": "800 5th Ave", "stations": [{"stopCode": 52, "lines": "1,2", "name": "Pioneer Square Station", "walkingMeters": 457, "walkingSeconds": 328, "band": 10}, {"stopCode": 51, "lines": "1,2", "name": "Symphony Station", "walkingMeters": 636, "walkingSeconds": 458, "band": 10}, {"stopCode": 50, "lines": "1,2", "name": "Westlake Station", "walkingMeters": 854, "walkingSeconds": 623, "band": 15}, {"stopCode": 53, "lines": "1,2", "name": "International District Station", "walkingMeters": 901, "walkingSeconds": 649, "band": 15}]}, "geometry": {"type": "Point", "coordinates": [-122.3305511, 47.6054649]}}, {"type": "Feature", "properties": {"id": "5f8f21e7-22b2-43c3-ae49-983cbc973348", "name": "\u897f\u96c5\u56fe\u4e2d\u592e\u56fe\u4e66\u9986", "category": "library", "tags": ["library", "chinese"], "sources": ["overture"], "website": "http://es.wikipedia.org/wiki/Biblioteca_Central_de_Seattle", "stations": [{"stopCode": 51, "lines": "1,2", "name": "Symphony Station", "walkingMeters": 395, "walkingSeconds": 284, "band": 5}, {"stopCode": 52, "lines": "1,2", "name": "Pioneer Square Station", "walkingMeters": 499, "walkingSeconds": 359, "band": 10}, {"stopCode": 50, "lines": "1,2", "name": "Westlake Station", "walkingMeters": 728, "walkingSeconds": 524, "band": 10}, {"stopCode": 53, "lines": "1,2", "name": "International District Station", "walkingMeters": 1042, "walkingSeconds": 750, "band": 15}]}, "geometry": {"type": "Point", "coordinates": [-122.3327789, 47.6061096]}}, {"type": "Feature", "properties": {"id": "4be85af5-2918-496f-aeef-867a132293a7", "name": "Wells Fargo Bank", "category": "bank", "tags": ["bank", "credit", "union"], "sources": ["overture"], "website": "https://www.wellsfargo.com/locator/bank/1436__2ND__AVE_SEATTLE_WA_98101/?utm_campaign=Local_Listings&utm_source=Others&group=Community_Bank&loc=AD79449", "phone": "2062192014", "address": "1436 2ND Ave", "stations": [{"stopCode": 51, "lines": "1,2", "name": "Symphony Station", "walkingMeters": 319, "walkingSeconds": 230, "band": 5}, {"stopCode": 50, "lines": "1,2", "name": "Westlake Station", "walkingMeters": 402, "walkingSeconds": 290, "band": 5}, {"stopCode": 52, "lines": "1,2", "name": "Pioneer Square Station", "walkingMeters": 1013, "walkingSeconds": 729, "band": 15}]}, "geometry": {"type": "Point", "coordinates": [-122.3387299, 47.6090698]}}, {"type": "Feature", "properties": {"id": "bb5a1102-33dc-41ae-ac7c-1ae6f2e8cf63", "name": "Bank of America Mortgage", "category": "bank", "tags": ["bank", "credit", "union"], "sources": ["overture"], "website": "https://www.bankofamerica.com/mortgage/home-mortgage/", "phone": "7472190599", "address": "2305 E Cesar E Chavez Ave", "stations": [{"stopCode": 52, "lines": "1,2", "name": "Pioneer Square Station", "walkingMeters": 457, "walkingSeconds": 328, "band": 10}, {"stopCode": 51, "lines": "1,2", "name": "Symphony Station", "walkingMeters": 636, "walkingSeconds": 458, "band": 10}, {"stopCode": 50, "lines": "1,2", "name": "Westlake Station", "walkingMeters": 854, "walkingSeconds": 623, "band": 15}, {"stopCode": 53, "lines": "1,2", "name": "International District Station", "walkingMeters": 901, "walkingSeconds": 649, "band": 15}]}, "geometry": {"type": "Point", "coordinates": [-122.3302841, 47.6057091]}}, {"type": "Feature", "properties": {"id": "d2462164-5491-4ffe-9fba-2b0026583167", "name": "AmericanWest Bank", "category": "bank", "tags": ["bank", "credit", "union"], "sources": ["overture"], "website": "https://www.awbank.net/", "phone": "2063264920", "address": "1202 2nd Ave", "stations": [{"stopCode": 51, "lines": "1,2", "name": "Symphony Station", "walkingMeters": 193, "walkingSeconds": 139, "band": 5}, {"stopCode": 52, "lines": "1,2", "name": "Pioneer Square Station", "walkingMeters": 687, "walkingSeconds": 497, "band": 10}, {"stopCode": 50, "lines": "1,2", "name": "Westlake Station", "walkingMeters": 720, "walkingSeconds": 518, "band": 10}]}, "geometry": {"type": "Point", "coordinates": [-122.336441, 47.6066055]}}, {"type": "Feature", "properties": {"id": "0f20ab6a-1225-45b1-a27c-23a1ec0e1234", "name": "Fortune Bank", "category": "bank", "tags": ["bank", "credit", "union"], "sources": ["overture"], "website": "http://fortunebankwa.com/", "phone": "2066245700", "address": "1201 3rd Ave Ste 700", "stations": [{"stopCode": 51, "lines": "1,2", "name": "Symphony Station", "walkingMeters": 52, "walkingSeconds": 38, "band": 5}, {"stopCode": 50, "lines": "1,2", "name": "Westlake Station", "walkingMeters": 582, "walkingSeconds": 419, "band": 10}, {"stopCode": 52, "lines": "1,2", "name": "Pioneer Square Station", "walkingMeters": 634, "walkingSeconds": 471, "band": 10}]}, "geometry": {"type": "Point", "coordinates": [-122.3356857, 47.6073952]}}, {"type": "Feature", "properties": {"id": "38034820-3a02-45ef-91cb-4bc45b0add17", "name": "Chase Bank", "category": "bank", "tags": ["bank", "credit", "union"], "sources": ["overture"], "website": "http://www.chase.com", "phone": "+12064616475", "address": "1215 4th Ave", "stations": [{"stopCode": 51, "lines": "1,2", "name": "Symphony Station", "walkingMeters": 117, "walkingSeconds": 87, "band": 5}, {"stopCode": 50, "lines": "1,2", "name": "Westlake Station", "walkingMeters": 593, "walkingSeconds": 443, "band": 10}, {"stopCode": 52, "lines": "1,2", "name": "Pioneer Square Station", "walkingMeters": 819, "walkingSeconds": 611, "band": 10}]}, "geometry": {"type": "Point", "coordinates": [-122.3348389, 47.6076698]}}, {"type": "Feature", "properties": {"id": "d5a79a78-54be-4bd1-ab26-f1d11b1d7f08", "name": "Jpmorgan", "category": "bank", "tags": ["bank", "credit", "union"], "sources": ["overture"], "website": "https://www.jpmorganchase.com/", "phone": "+12065004111", "address": "1301 2nd Ave", "stations": [{"stopCode": 51, "lines": "1,2", "name": "Symphony Station", "walkingMeters": 195, "walkingSeconds": 140, "band": 5}, {"stopCode": 50, "lines": "1,2", "name": "Westlake Station", "walkingMeters": 553, "walkingSeconds": 398, "band": 10}, {"stopCode": 52, "lines": "1,2", "name": "Pioneer Square Station", "walkingMeters": 877, "walkingSeconds": 631, "band": 15}]}, "geometry": {"type": "Point", "coordinates": [-122.33815, 47.6077766]}}, {"type": "Feature", "properties": {"id": "226a365e-616f-4d9a-b850-ae71d96fa780", "name": "Opus Bank", "category": "bank", "tags": ["bank", "credit", "union"], "sources": ["overture"], "website": "https://www.opusbank.com/location/seattle", "phone": "2066241447", "address": "1401 4th Ave", "stations": [{"stopCode": 51, "lines": "1,2", "name": "Symphony Station", "walkingMeters": 238, "walkingSeconds": 171, "band": 5}, {"stopCode": 50, "lines": "1,2", "name": "Westlake Station", "walkingMeters": 294, "walkingSeconds": 214, "band": 5}, {"stopCode": 52, "lines": "1,2", "name": "Pioneer Square Station", "walkingMeters": 931, "walkingSeconds": 670, "band": 15}]}, "geometry": {"type": "Point", "coordinates": [-122.3359375, 47.609375]}}, {"type": "Feature", "properties": {"id": "89d9549b-6cee-4be8-9f61-0f026d144654", "name": "Seattle Bank", "category": "bank", "tags": ["bank", "credit", "union"], "sources": ["overture"], "website": "http://www.seattlebank.com", "phone": "+12062811500", "address": "401 Union St Fl 2900", "stations": [{"stopCode": 51, "lines": "1,2", "name": "Symphony Station", "walkingMeters": 214, "walkingSeconds": 160, "band": 5}, {"stopCode": 50, "lines": "1,2", "name": "Westlake Station", "walkingMeters": 358, "walkingSeconds": 267, "band": 5}, {"stopCode": 52, "lines": "1,2", "name": "Pioneer Square Station", "walkingMeters": 1051, "walkingSeconds": 784, "band": 15}]}, "geometry": {"type": "Point", "coordinates": [-122.3354645, 47.6092453]}}, {"type": "Feature", "properties": {"id": "7d7e2663-d316-4fa8-bb4d-685e5e5fceab", "name": "Bank of America Private Bank", "category": "bank", "tags": ["bank", "credit", "union"], "sources": ["overture"], "website": "https://locations.privatebank.bankofamerica.com/wa/seattle/wealth-management-seattle-wa-wa1-510-24-01.html", "phone": "8008787878", "address": "401 Union St Floor 24", "stations": [{"stopCode": 51, "lines": "1,2", "name": "Symphony Station", "walkingMeters": 227, "walkingSeconds": 163, "band": 5}, {"stopCode": 50, "lines": "1,2", "name": "Westlake Station", "walkingMeters": 325, "walkingSeconds": 234, "band": 5}, {"stopCode": 52, "lines": "1,2", "name": "Pioneer Square Station", "walkingMeters": 916, "walkingSeconds": 659, "band": 15}]}, "geometry": {"type": "Point", "coordinates": [-122.3354034, 47.6093674]}}, {"type": "Feature", "properties": {"id": "4da7e2f6-ddea-4f76-ba32-61300a8acde9", "name": "Goldman Sachs", "category": "bank", "tags": ["bank", "credit", "union"], "sources": ["overture"], "website": "http://www.goldmansachs.com/", "phone": "2066135500", "address": "401 Union St Ste 3700", "stations": [{"stopCode": 51, "lines": "1,2", "name": "Symphony Station", "walkingMeters": 227, "walkingSeconds": 163, "band": 5}, {"stopCode": 50, "lines": "1,2", "name": "Westlake Station", "walkingMeters": 325, "walkingSeconds": 234, "band": 5}, {"stopCode": 52, "lines": "1,2", "name": "Pioneer Square Station", "walkingMeters": 916, "walkingSeconds": 659, "band": 15}]}, "geometry": {"type": "Point", "coordinates": [-122.3354416, 47.6091805]}}, {"type": "Feature", "properties": {"id": "1033b798-936d-4901-925d-d7b733d9b37b", "name": "HSBC Bank", "category": "bank", "tags": ["bank", "credit", "union"], "sources": ["overture"], "website": "https://www.us.hsbc.com/", "phone": "8009754722", "address": "523 Union St", "stations": [{"stopCode": 50, "lines": "1,2", "name": "Westlake Station", "walkingMeters": 386, "walkingSeconds": 278, "band": 5}, {"stopCode": 51, "lines": "1,2", "name": "Symphony Station", "walkingMeters": 395, "walkingSeconds": 284, "band": 5}, {"stopCode": 52, "lines": "1,2", "name": "Pioneer Square Station", "walkingMeters": 1066, "walkingSeconds": 767, "band": 15}]}, "geometry": {"type": "Point", "coordinates": [-122.33358, 47.6099396]}}, {"type": "Feature", "properties": {"id": "ce4c759c-10d6-4011-a8d1-6649f6481b5b", "name": "United Capital Financial Advisors", "category": "bank", "tags": ["bank", "credit", "union"], "sources": ["overture"], "website": "https://unitedcapitalwealth.com/location/seattle/?utm_source=bingplacesforbusiness&utm_medium=organic&utm_campaign=seattle_wa", "phone": "2065838300", "address": "601 Union St Ste 5301", "stations": [{"stopCode": 50, "lines": "1,2", "name": "Westlake Station", "walkingMeters": 447, "walkingSeconds": 321, "band": 10}, {"stopCode": 51, "lines": "1,2", "name": "Symphony Station", "walkingMeters": 471, "walkingSeconds": 339, "band": 5}, {"stopCode": 52, "lines": "1,2", "name": "Pioneer Square Station", "walkingMeters": 1141, "walkingSeconds": 823, "band": 15}]}, "geometry": {"type": "Point", "coordinates": [-122.3327179, 47.6099091]}}, {"type": "Feature", "properties": {"id": "61c9454c-dbe0-4063-ad82-b00a61c9f470", "name": "HSBC Commercial Banking", "category": "bank", "tags": ["bank", "credit", "union"], "sources": ["overture"], "website": "http://www.us.hsbc.com/1/2/home/business", "phone": "8774722249", "address": "600 University St", "stations": [{"stopCode": 51, "lines": "1,2", "name": "Symphony Station", "walkingMeters": 423, "walkingSeconds": 304, "band": 5}, {"stopCode": 50, "lines": "1,2", "name": "Westlake Station", "walkingMeters": 549, "walkingSeconds": 395, "band": 10}, {"stopCode": 52, "lines": "1,2", "name": "Pioneer Square Station", "walkingMeters": 1082, "walkingSeconds": 780, "band": 15}]}, "geometry": {"type": "Point", "coordinates": [-122.3320694, 47.6098022]}}, {"type": "Feature", "properties": {"id": "a950f77a-81ae-4634-b23c-2a982172f7d4", "name": "Seattle Public Library", "category": "library", "tags": ["library"], "sources": ["overture"], "website": "http://www.spl.org/", "phone": "+12063864636", "address": "1000 4th Ave", "stations": [{"stopCode": 51, "lines": "1,2", "name": "Symphony Station", "walkingMeters": 426, "walkingSeconds": 307, "band": 5}, {"stopCode": 52, "lines": "1,2", "name": "Pioneer Square Station", "walkingMeters": 557, "walkingSeconds": 401, "band": 10}, {"stopCode": 50, "lines": "1,2", "name": "Westlake Station", "walkingMeters": 729, "walkingSeconds": 524, "band": 10}, {"stopCode": 53, "lines": "1,2", "name": "International District Station", "walkingMeters": 1077, "walkingSeconds": 775, "band": 15}]}, "geometry": {"type": "Point", "coordinates": [-122.3325195, 47.6066208]}}, {"type": "Feature", "properties": {"id": "8897f195-04e9-4728-aeb3-76924d28d0ea", "name": "Mail Boxes Etc.", "category": "post_office", "tags": ["post-office", "office"], "sources": ["overture"], "website": "https://www.mbecorporate.com", "phone": "(206) 382-9177", "address": "800 5th Ave Ste 100", "stations": [{"stopCode": 52, "lines": "1,2", "name": "Pioneer Square Station", "walkingMeters": 457, "walkingSeconds": 328, "band": 10}, {"stopCode": 51, "lines": "1,2", "name": "Symphony Station", "walkingMeters": 636, "walkingSeconds": 458, "band": 10}, {"stopCode": 50, "lines": "1,2", "name": "Westlake Station", "walkingMeters": 854, "walkingSeconds": 623, "band": 15}, {"stopCode": 53, "lines": "1,2", "name": "International District Station", "walkingMeters": 901, "walkingSeconds": 649, "band": 15}]}, "geometry": {"type": "Point", "coordinates": [-122.3303833, 47.6057396]}}, {"type": "Feature", "properties": {"id": "3d58006f-6365-403f-bcfb-6272fa949ca5", "name": "iMerge Advisors Inc", "category": "bank", "tags": ["bank", "credit", "union"], "sources": ["overture"], "website": "http://www.imergeadvisors.com/", "phone": "8888824324", "address": "701 5th Ave 4200", "stations": [{"stopCode": 52, "lines": "1,2", "name": "Pioneer Square Station", "walkingMeters": 328, "walkingSeconds": 236, "band": 5}, {"stopCode": 51, "lines": "1,2", "name": "Symphony Station", "walkingMeters": 737, "walkingSeconds": 532, "band": 10}, {"stopCode": 53, "lines": "1,2", "name": "International District Station", "walkingMeters": 754, "walkingSeconds": 556, "band": 15}, {"stopCode": 50, "lines": "1,2", "name": "Westlake Station", "walkingMeters": 952, "walkingSeconds": 701, "band": 15}]}, "geometry": {"type": "Point", "coordinates": [-122.3300095, 47.6045189]}}, {"type": "Feature", "properties": {"id": "4d52aef2-eda4-44ef-b336-6c9921dd3da9", "name": "Asset Guardian", "category": "bank", "tags": ["bank", "credit", "union"], "sources": ["overture"], "website": "https://www.assetguardian.org/", "phone": "4257771316", "address": "701 5th Ave Ste 42", "stations": [{"stopCode": 52, "lines": "1,2", "name": "Pioneer Square Station", "walkingMeters": 409, "walkingSeconds": 294, "band": 5}, {"stopCode": 51, "lines": "1,2", "name": "Symphony Station", "walkingMeters": 703, "walkingSeconds": 506, "band": 10}, {"stopCode": 53, "lines": "1,2", "name": "International District Station", "walkingMeters": 855, "walkingSeconds": 615, "band": 15}, {"stopCode": 50, "lines": "1,2", "name": "Westlake Station", "walkingMeters": 945, "walkingSeconds": 680, "band": 15}]}, "geometry": {"type": "Point", "coordinates": [-122.3307648, 47.6046295]}}, {"type": "Feature", "properties": {"id": "1d455d5f-d440-49fc-bae9-1ba2d216d709", "name": "Alexander Hutton", "category": "bank", "tags": ["bank", "credit", "union"], "sources": ["overture"], "website": "http://alexanderhutton.com/", "phone": "2063419800", "address": "1301 5th Ave Ste 3405", "stations": [{"stopCode": 52, "lines": "1,2", "name": "Pioneer Square Station", "walkingMeters": 135, "walkingSeconds": 99, "band": 5}, {"stopCode": 53, "lines": "1,2", "name": "International District Station", "walkingMeters": 605, "walkingSeconds": 438, "band": 10}, {"stopCode": 51, "lines": "1,2", "name": "Symphony Station", "walkingMeters": 830, "walkingSeconds": 597, "band": 10}, {"stopCode": 50, "lines": "1,2", "name": "Westlake Station", "walkingMeters": 1358, "walkingSeconds": 978, "band": 15}]}, "geometry": {"type": "Point", "coordinates": [-122.3316422, 47.6019249]}}, {"type": "Feature", "properties": {"id": 2351695731, "name": "Bodytonic Pilates", "category": "fitness_centre", "tags": ["fitness-centre", "pilates", "studio"], "sources": ["osm", "overture"], "website": "http://www.bodytonicpilates.com/", "phone": "+12064122015", "address": "89 Yesler Wy #304", "stations": [{"stopCode": 52, "lines": "1,2", "name": "Pioneer Square Station", "walkingMeters": 338, "walkingSeconds": 243, "band": 5}, {"stopCode": 53, "lines": "1,2", "name": "International District Station", "walkingMeters": 790, "walkingSeconds": 574, "band": 10}, {"stopCode": 51, "lines": "1,2", "name": "Symphony Station", "walkingMeters": 883, "walkingSeconds": 636, "band": 10}]}, "geometry": {"type": "Point", "coordinates": [-122.334764, 47.6016119]}}, {"type": "Feature", "properties": {"id": 2354406521, "name": "The Exercise Space", "category": "fitness_centre", "tags": ["fitness-centre"], "sources": ["osm"], "website": "http://theexercisespace.com", "phone": "+1-206-388-7428", "address": "89 Yesler Way", "stations": [{"stopCode": 52, "lines": "1,2", "name": "Pioneer Square Station", "walkingMeters": 340, "walkingSeconds": 244, "band": 5}, {"stopCode": 53, "lines": "1,2", "name": "International District Station", "walkingMeters": 792, "walkingSeconds": 576, "band": 10}, {"stopCode": 51, "lines": "1,2", "name": "Symphony Station", "walkingMeters": 885, "walkingSeconds": 637, "band": 10}]}, "geometry": {"type": "Point", "coordinates": [-122.3347652, 47.6015942]}}, {"type": "Feature", "properties": {"id": 2404244822, "name": "Washington Athletic Club", "category": "sports_centre", "tags": ["sports-centre", "multi"], "sources": ["osm"], "website": "https://www.wac.net/", "phone": "+1-206-622-7900", "address": "1325 6th Avenue", "hours": "Mo-Fr 04:00-22:00; Sa-Su 05:30-19:30", "stations": [{"stopCode": 51, "lines": "1,2", "name": "Symphony Station", "walkingMeters": 338, "walkingSeconds": 243, "band": 5}, {"stopCode": 50, "lines": "1,2", "name": "Westlake Station", "walkingMeters": 369, "walkingSeconds": 268, "band": 5}, {"stopCode": 52, "lines": "1,2", "name": "Pioneer Square Station", "walkingMeters": 1006, "walkingSeconds": 726, "band": 15}]}, "geometry": {"type": "Point", "coordinates": [-122.3336001, 47.6097167]}}, {"type": "Feature", "properties": {"id": 2404255649, "name": "Riot Athletics", "category": "fitness_centre", "tags": ["fitness-centre"], "sources": ["osm"], "website": "https://www.riotathletics.com/", "address": "1223 Western Avenue", "stations": [{"stopCode": 51, "lines": "1,2", "name": "Symphony Station", "walkingMeters": 344, "walkingSeconds": 247, "band": 5}, {"stopCode": 50, "lines": "1,2", "name": "Westlake Station", "walkingMeters": 857, "walkingSeconds": 617, "band": 10}, {"stopCode": 52, "lines": "1,2", "name": "Pioneer Square Station", "walkingMeters": 936, "walkingSeconds": 673, "band": 15}]}, "geometry": {"type": "Point", "coordinates": [-122.339265, 47.6060944]}}, {"type": "Feature", "properties": {"id": 2404269693, "name": "YWCA", "category": "sports_centre", "tags": ["sports-centre"], "sources": ["osm"], "website": "https://www.ywcaworks.org/", "address": "1118 5th Avenue", "stations": [{"stopCode": 51, "lines": "1,2", "name": "Symphony Station", "walkingMeters": 314, "walkingSeconds": 226, "band": 5}, {"stopCode": 50, "lines": "1,2", "name": "Westlake Station", "walkingMeters": 531, "walkingSeconds": 390, "band": 10}, {"stopCode": 52, "lines": "1,2", "name": "Pioneer Square Station", "walkingMeters": 758, "walkingSeconds": 546, "band": 15}]}, "geometry": {"type": "Point", "coordinates": [-122.3328088, 47.6078772]}}, {"type": "Feature", "properties": {"id": "3ed023dd-15ec-4161-84ce-65a161d66034", "name": "Xplore CrossFit", "category": "fitness_centre", "tags": ["fitness-centre", "gym"], "sources": ["overture"], "website": "http://xplorecrossfit.com", "phone": "(206) 696-2345", "address": "1223 Western Ave", "stations": [{"stopCode": 51, "lines": "1,2", "name": "Symphony Station", "walkingMeters": 361, "walkingSeconds": 260, "band": 5}, {"stopCode": 50, "lines": "1,2", "name": "Westlake Station", "walkingMeters": 874, "walkingSeconds": 629, "band": 10}, {"stopCode": 52, "lines": "1,2", "name": "Pioneer Square Station", "walkingMeters": 919, "walkingSeconds": 660, "band": 15}]}, "geometry": {"type": "Point", "coordinates": [-122.3393173, 47.6058846]}}, {"type": "Feature", "properties": {"id": "1414c130-b797-4d6d-9a18-7c9c81689e86", "name": "Riot Athletics Crossfit", "category": "fitness_centre", "tags": ["fitness-centre", "gym"], "sources": ["overture"], "website": "https://www.riotathletics.com", "phone": "12067757969", "address": "1223 Western Ave", "stations": [{"stopCode": 51, "lines": "1,2", "name": "Symphony Station", "walkingMeters": 418, "walkingSeconds": 312, "band": 5}, {"stopCode": 50, "lines": "1,2", "name": "Westlake Station", "walkingMeters": 845, "walkingSeconds": 631, "band": 10}, {"stopCode": 52, "lines": "1,2", "name": "Pioneer Square Station", "walkingMeters": 938, "walkingSeconds": 700, "band": 15}]}, "geometry": {"type": "Point", "coordinates": [-122.3393707, 47.6060066]}}, {"type": "Feature", "properties": {"id": "072c3d78-7adf-4209-95b8-8a52aa90dac1", "name": "The Cascade Classic", "category": "fitness_centre", "tags": ["fitness-centre", "gym"], "sources": ["overture"], "website": "www.thecascadeclassic.com", "phone": "12064566236", "address": "1223 Western Ave", "stations": [{"stopCode": 51, "lines": "1,2", "name": "Symphony Station", "walkingMeters": 418, "walkingSeconds": 312, "band": 5}, {"stopCode": 50, "lines": "1,2", "name": "Westlake Station", "walkingMeters": 845, "walkingSeconds": 631, "band": 10}, {"stopCode": 52, "lines": "1,2", "name": "Pioneer Square Station", "walkingMeters": 938, "walkingSeconds": 700, "band": 15}]}, "geometry": {"type": "Point", "coordinates": [-122.3393707, 47.6060066]}}, {"type": "Feature", "properties": {"id": "9e3aefd1-8ee9-4da8-9946-7f85e2fae661", "name": "Four Seasons Gym", "category": "fitness_centre", "tags": ["fitness-centre", "gym"], "sources": ["overture"], "website": "https://www.fourseasons.com/seattle/spa", "phone": "(206) 749-7000", "stations": [{"stopCode": 51, "lines": "1,2", "name": "Symphony Station", "walkingMeters": 336, "walkingSeconds": 251, "band": 5}, {"stopCode": 50, "lines": "1,2", "name": "Westlake Station", "walkingMeters": 675, "walkingSeconds": 504, "band": 10}, {"stopCode": 52, "lines": "1,2", "name": "Pioneer Square Station", "walkingMeters": 1046, "walkingSeconds": 781, "band": 15}]}, "geometry": {"type": "Point", "coordinates": [-122.3393707, 47.6072617]}}, {"type": "Feature", "properties": {"id": "8b0aca35-b114-455f-bdd2-ccbba7bb195c", "name": "WeWork 1201 3rd Ave", "category": "fitness_centre", "tags": ["fitness-centre", "gym"], "sources": ["overture"], "website": "https://www.wework.com/buildings/400-spectrum-center--orange-county--CA?utm_source=Facebook&utm_campaign=Organic&utm_medium=Listings", "phone": "+14252170715", "address": "1201 3rd Ave", "stations": [{"stopCode": 51, "lines": "1,2", "name": "Symphony Station", "walkingMeters": 64, "walkingSeconds": 46, "band": 5}, {"stopCode": 50, "lines": "1,2", "name": "Westlake Station", "walkingMeters": 594, "walkingSeconds": 427, "band": 10}, {"stopCode": 52, "lines": "1,2", "name": "Pioneer Square Station", "walkingMeters": 651, "walkingSeconds": 469, "band": 10}]}, "geometry": {"type": "Point", "coordinates": [-122.3359146, 47.6071815]}}, {"type": "Feature", "properties": {"id": "70e5543a-51df-4e71-af94-70a69e6a8275", "name": "SWEAT\u00ae Fitness Center - W Seattle", "category": "fitness_centre", "tags": ["fitness-centre", "gym"], "sources": ["overture"], "phone": "(206) 264-6000", "address": "1112 4th Ave", "stations": [{"stopCode": 51, "lines": "1,2", "name": "Symphony Station", "walkingMeters": 227, "walkingSeconds": 164, "band": 5}, {"stopCode": 50, "lines": "1,2", "name": "Westlake Station", "walkingMeters": 557, "walkingSeconds": 401, "band": 10}, {"stopCode": 52, "lines": "1,2", "name": "Pioneer Square Station", "walkingMeters": 670, "walkingSeconds": 482, "band": 10}]}, "geometry": {"type": "Point", "coordinates": [-122.3337936, 47.6074524]}}, {"type": "Feature", "properties": {"id": "e12d0094-20cc-41cd-b68b-7da5877060ee", "name": "National Personal Training Institute", "category": "fitness_centre", "tags": ["fitness-centre", "fitness", "trainer"], "sources": ["overture"], "phone": "+18009606294", "address": "1419 3rd Ave", "stations": [{"stopCode": 51, "lines": "1,2", "name": "Symphony Station", "walkingMeters": 283, "walkingSeconds": 211, "band": 5}, {"stopCode": 50, "lines": "1,2", "name": "Westlake Station", "walkingMeters": 345, "walkingSeconds": 257, "band": 5}, {"stopCode": 52, "lines": "1,2", "name": "Pioneer Square Station", "walkingMeters": 1173, "walkingSeconds": 875, "band": 15}]}, "geometry": {"type": "Point", "coordinates": [-122.3378754, 47.6093178]}}, {"type": "Feature", "properties": {"id": "2bcddc30-f678-4733-a163-666621ff2c81", "name": "Seattle Strength and Power", "category": "fitness_centre", "tags": ["fitness-centre", "gym"], "sources": ["overture"], "phone": "+12068189740", "address": "1511 3rd Ave", "stations": [{"stopCode": 50, "lines": "1,2", "name": "Westlake Station", "walkingMeters": 275, "walkingSeconds": 200, "band": 5}, {"stopCode": 51, "lines": "1,2", "name": "Symphony Station", "walkingMeters": 301, "walkingSeconds": 219, "band": 5}, {"stopCode": 52, "lines": "1,2", "name": "Pioneer Square Station", "walkingMeters": 1001, "walkingSeconds": 720, "band": 15}]}, "geometry": {"type": "Point", "coordinates": [-122.3382416, 47.6099663]}}, {"type": "Feature", "properties": {"id": "f5330da5-4d63-43c3-8d8a-50644ce7f336", "name": "Equinox Rainier Square", "category": "fitness_centre", "tags": ["fitness-centre", "gym"], "sources": ["overture"], "website": "https://www.equinox.com", "address": "401 Union Street", "stations": [{"stopCode": 51, "lines": "1,2", "name": "Symphony Station", "walkingMeters": 209, "walkingSeconds": 150, "band": 5}, {"stopCode": 50, "lines": "1,2", "name": "Westlake Station", "walkingMeters": 390, "walkingSeconds": 280, "band": 5}, {"stopCode": 52, "lines": "1,2", "name": "Pioneer Square Station", "walkingMeters": 891, "walkingSeconds": 641, "band": 15}]}, "geometry": {"type": "Point", "coordinates": [-122.3341827, 47.6087761]}}, {"type": "Feature", "properties": {"id": "4198e935-5176-47ed-a030-b29b04df8e65", "name": "Gold's Gym: Seattle - Downtown", "category": "fitness_centre", "tags": ["fitness-centre", "gym"], "sources": ["overture"], "website": "http://www.goldsgym.com/seattledowntownwa/", "phone": "+12065830640", "address": "1310 4th Ave", "stations": [{"stopCode": 51, "lines": "1,2", "name": "Symphony Station", "walkingMeters": 178, "walkingSeconds": 128, "band": 5}, {"stopCode": 50, "lines": "1,2", "name": "Westlake Station", "walkingMeters": 360, "walkingSeconds": 259, "band": 5}, {"stopCode": 52, "lines": "1,2", "name": "Pioneer Square Station", "walkingMeters": 867, "walkingSeconds": 624, "band": 15}]}, "geometry": {"type": "Point", "coordinates": [-122.3349304, 47.6090279]}}, {"type": "Feature", "properties": {"id": "72787ffe-5dd3-44c2-8fc5-97f0dfc84ecb", "name": "Davis Fitness Method", "category": "fitness_centre", "tags": ["fitness-centre", "fitness", "trainer"], "sources": ["overture"], "website": "https://davisfitnessmethod.com/", "phone": "+12067901169", "address": "720 Seneca St Ste G-100", "stations": [{"stopCode": 51, "lines": "1,2", "name": "Symphony Station", "walkingMeters": 540, "walkingSeconds": 390, "band": 10}, {"stopCode": 50, "lines": "1,2", "name": "Westlake Station", "walkingMeters": 748, "walkingSeconds": 538, "band": 10}, {"stopCode": 52, "lines": "1,2", "name": "Pioneer Square Station", "walkingMeters": 1014, "walkingSeconds": 732, "band": 15}]}, "geometry": {"type": "Point", "coordinates": [-122.3302307, 47.6093063]}}, {"type": "Feature", "properties": {"id": "7dd706a6-2762-4ecf-a113-47ec15bce65e", "name": "Beasts Train Mean, Llc", "category": "fitness_centre", "tags": ["fitness-centre", "fitness", "trainer"], "sources": ["overture"], "website": "https://beaststrainmean.com", "phone": "14253149172", "address": "720 Seneca St  Ste 107 # 682", "stations": [{"stopCode": 51, "lines": "1,2", "name": "Symphony Station", "walkingMeters": 605, "walkingSeconds": 451, "band": 10}, {"stopCode": 50, "lines": "1,2", "name": "Westlake Station", "walkingMeters": 696, "walkingSeconds": 519, "band": 10}, {"stopCode": 52, "lines": "1,2", "name": "Pioneer Square Station", "walkingMeters": 1000, "walkingSeconds": 746, "band": 15}]}, "geometry": {"type": "Point", "coordinates": [-122.330307, 47.6094475]}}, {"type": "Feature", "properties": {"id": "d5976787-a83a-45e1-9556-92e844597784", "name": "fifth avenue fitness", "category": "fitness_centre", "tags": ["fitness-centre", "gym"], "sources": ["overture"], "website": "http://www.800fifthavenue.com", "phone": "(206) 621-9172", "address": "800 5th Ave", "stations": [{"stopCode": 52, "lines": "1,2", "name": "Pioneer Square Station", "walkingMeters": 537, "walkingSeconds": 386, "band": 10}, {"stopCode": 51, "lines": "1,2", "name": "Symphony Station", "walkingMeters": 624, "walkingSeconds": 449, "band": 10}, {"stopCode": 50, "lines": "1,2", "name": "Westlake Station", "walkingMeters": 842, "walkingSeconds": 614, "band": 15}, {"stopCode": 53, "lines": "1,2", "name": "International District Station", "walkingMeters": 981, "walkingSeconds": 706, "band": 15}]}, "geometry": {"type": "Point", "coordinates": [-122.3303375, 47.6057739]}}, {"type": "Feature", "properties": {"id": "13fecef0-2a06-4c78-ac02-12d32218443c", "name": "P-makers", "category": "sports_centre", "tags": ["sports-centre", "sports", "club", "league"], "sources": ["overture"], "website": "http://playmakers.be", "phone": "+12063868797", "address": "901 5th Ave Ste 4100", "stations": [{"stopCode": 51, "lines": "1,2", "name": "Symphony Station", "walkingMeters": 473, "walkingSeconds": 353, "band": 10}, {"stopCode": 52, "lines": "1,2", "name": "Pioneer Square Station", "walkingMeters": 498, "walkingSeconds": 372, "band": 10}, {"stopCode": 50, "lines": "1,2", "name": "Westlake Station", "walkingMeters": 932, "walkingSeconds": 696, "band": 10}, {"stopCode": 53, "lines": "1,2", "name": "International District Station", "walkingMeters": 1167, "walkingSeconds": 871, "band": 15}]}, "geometry": {"type": "Point", "coordinates": [-122.332016, 47.6059608]}}, {"type": "Feature", "properties": {"id": "4f8b4bce-cd76-4602-88ae-e3225e14da42", "name": "Vision Quest Sport and Fitness", "category": "fitness_centre", "tags": ["fitness-centre", "gym"], "sources": ["overture"], "website": "http://www.visionquestsportandfitness.com/", "phone": "2062249000", "address": "808 2nd Ave", "stations": [{"stopCode": 52, "lines": "1,2", "name": "Pioneer Square Station", "walkingMeters": 320, "walkingSeconds": 230, "band": 5}, {"stopCode": 51, "lines": "1,2", "name": "Symphony Station", "walkingMeters": 538, "walkingSeconds": 387, "band": 10}, {"stopCode": 53, "lines": "1,2", "name": "International District Station", "walkingMeters": 866, "walkingSeconds": 625, "band": 15}, {"stopCode": 50, "lines": "1,2", "name": "Westlake Station", "walkingMeters": 1067, "walkingSeconds": 767, "band": 15}]}, "geometry": {"type": "Point", "coordinates": [-122.3338089, 47.6039505]}}, {"type": "Feature", "properties": {"id": "e1f11ec3-1fbc-47d9-a314-aef9cf51b19f", "name": "Mind.Body.Hum", "category": "fitness_centre", "tags": ["fitness-centre", "yoga", "studio"], "sources": ["overture"], "website": "http://www.mindbodyhum.com/", "phone": "+12063385535", "address": "905 Western Ave", "stations": [{"stopCode": 52, "lines": "1,2", "name": "Pioneer Square Station", "walkingMeters": 619, "walkingSeconds": 444, "band": 10}, {"stopCode": 51, "lines": "1,2", "name": "Symphony Station", "walkingMeters": 639, "walkingSeconds": 460, "band": 10}, {"stopCode": 53, "lines": "1,2", "name": "International District Station", "walkingMeters": 1089, "walkingSeconds": 789, "band": 15}, {"stopCode": 50, "lines": "1,2", "name": "Westlake Station", "walkingMeters": 1162, "walkingSeconds": 836, "band": 15}]}, "geometry": {"type": "Point", "coordinates": [-122.337059, 47.6036911]}}, {"type": "Feature", "properties": {"id": "b650efba-6c43-424c-b604-5a8032092128", "name": "Tn Multisports", "category": "fitness_centre", "tags": ["fitness-centre", "fitness", "trainer"], "sources": ["overture"], "website": "https://tnmultisports.com", "phone": "12068189591", "address": "911 Western Ave", "stations": [{"stopCode": 51, "lines": "1,2", "name": "Symphony Station", "walkingMeters": 607, "walkingSeconds": 453, "band": 10}, {"stopCode": 52, "lines": "1,2", "name": "Pioneer Square Station", "walkingMeters": 626, "walkingSeconds": 467, "band": 10}, {"stopCode": 50, "lines": "1,2", "name": "Westlake Station", "walkingMeters": 1137, "walkingSeconds": 849, "band": 15}, {"stopCode": 53, "lines": "1,2", "name": "International District Station", "walkingMeters": 1201, "walkingSeconds": 896, "band": 15}]}, "geometry": {"type": "Point", "coordinates": [-122.33741, 47.6037178]}}, {"type": "Feature", "properties": {"id": "f0984dad-d285-483b-9fae-70834128f1d2", "name": "Earths Feminine DBA The Creatrix Academy", "category": "fitness_centre", "tags": ["fitness-centre", "fitness", "trainer"], "sources": ["overture"], "website": "http://www.earthsfeminine.com/", "phone": "+18008846067", "address": "600 1st Ave Ste 102 - 2284", "stations": [{"stopCode": 52, "lines": "1,2", "name": "Pioneer Square Station", "walkingMeters": 241, "walkingSeconds": 180, "band": 5}, {"stopCode": 53, "lines": "1,2", "name": "International District Station", "walkingMeters": 759, "walkingSeconds": 566, "band": 10}, {"stopCode": 51, "lines": "1,2", "name": "Symphony Station", "walkingMeters": 870, "walkingSeconds": 649, "band": 10}, {"stopCode": 50, "lines": "1,2", "name": "Westlake Station", "walkingMeters": 1414, "walkingSeconds": 1055, "band": 15}]}, "geometry": {"type": "Point", "coordinates": [-122.3335571, 47.6020241]}}, {"type": "Feature", "properties": {"id": "a7b10d6b-906c-4b01-9e0c-2fb55abc7c10", "name": "Courtyard by Marriot - Fitness Center", "category": "fitness_centre", "tags": ["fitness-centre", "gym"], "sources": ["overture"], "website": "http://www.marriott.com/hotels/travel/seaps-courtyard-seattle-downtown-pioneer-square/?scid=45f93f1b-bd77-45c9-8dab-83b6a417f6fe", "phone": "+12066253270", "address": "612 2nd Ave", "stations": [{"stopCode": 52, "lines": "1,2", "name": "Pioneer Square Station", "walkingMeters": 183, "walkingSeconds": 132, "band": 5}, {"stopCode": 51, "lines": "1,2", "name": "Symphony Station", "walkingMeters": 679, "walkingSeconds": 488, "band": 10}, {"stopCode": 53, "lines": "1,2", "name": "International District Station", "walkingMeters": 725, "walkingSeconds": 524, "band": 10}, {"stopCode": 50, "lines": "1,2", "name": "Westlake Station", "walkingMeters": 1207, "walkingSeconds": 868, "band": 15}]}, "geometry": {"type": "Point", "coordinates": [-122.3328552, 47.6028862]}}, {"type": "Feature", "properties": {"id": "68d174df-f8c7-473b-a42e-c134159f5533", "name": "Seattle Happyfeet", "category": "sports_centre", "tags": ["sports-centre", "sports", "club", "league"], "sources": ["overture"], "website": "https://www.seattlehappyfeet.com", "phone": "12063956061", "address": "113 Cherry St PMB 86957", "stations": [{"stopCode": 52, "lines": "1,2", "name": "Pioneer Square Station", "walkingMeters": 228, "walkingSeconds": 170, "band": 5}, {"stopCode": 51, "lines": "1,2", "name": "Symphony Station", "walkingMeters": 784, "walkingSeconds": 585, "band": 10}, {"stopCode": 53, "lines": "1,2", "name": "International District Station", "walkingMeters": 823, "walkingSeconds": 614, "band": 10}, {"stopCode": 50, "lines": "1,2", "name": "Westlake Station", "walkingMeters": 1327, "walkingSeconds": 990, "band": 15}]}, "geometry": {"type": "Point", "coordinates": [-122.3335495, 47.6026459]}}]}