{"type": "FeatureCollection", "features": [{"type": "Feature", "properties": {"id": 3009266533, "name": "Subway", "category": "fast_food", "tags": ["fast-food", "sandwich", "takeaway", "restaurant"], "sources": ["osm", "overture"], "website": "https://www.subway.com", "phone": "12062672323", "address": "1220 Howell St  Fl 1", "hours": "09:00-22:00", "stations": [{"stopCode": 50, "lines": "1,2", "name": "Westlake Station", "walkingMeters": 945, "walkingSeconds": 679, "band": 15}, {"stopCode": 49, "lines": "1,2", "name": "Capitol Hill Station", "walkingMeters": 987, "walkingSeconds": 717, "band": 10}]}, "geometry": {"type": "Point", "coordinates": [-122.3300108, 47.6174921]}}, {"type": "Feature", "properties": {"id": 3586700097, "name": "Subway", "category": "fast_food", "tags": ["fast-food", "sandwich", "takeaway", "fast", "food"], "sources": ["osm", "overture"], "website": "https://restaurants.subway.com/united-states/wa/seattle/725-pike-st?utm_source=yxt-bing&utm_medium=local&utm_term=acq&utm_content=11801-1&utm_campaign=evergreen-2020&y_source=1_MTQ5MDI3MDUtNDgzLWxvY2F0aW9uLndlYnNpdGU%3D", "phone": "2065055149", "address": "725 Pike St, 4th Floor", "hours": "09:00-21:00", "stations": [{"stopCode": 50, "lines": "1,2", "name": "Westlake Station", "walkingMeters": 411, "walkingSeconds": 298, "band": 10}, {"stopCode": 51, "lines": "1,2", "name": "Symphony Station", "walkingMeters": 689, "walkingSeconds": 496, "band": 10}]}, "geometry": {"type": "Point", "coordinates": [-122.3324996, 47.6117021]}}, {"type": "Feature", "properties": {"id": 4531038753, "name": "Subway", "category": "fast_food", "tags": ["fast-food", "sandwich", "takeaway", "restaurant"], "sources": ["osm", "overture"], "website": "https://www.subway.com", "phone": "12062921566", "address": "1620 4th Ave  Ste 3", "hours": "Mo-Fr 11:00-17:00; Sa 11:00-16:00; Su 12:00-16:00", "stations": [{"stopCode": 50, "lines": "1,2", "name": "Westlake Station", "walkingMeters": 135, "walkingSeconds": 97, "band": 5}, {"stopCode": 51, "lines": "1,2", "name": "Symphony Station", "walkingMeters": 569, "walkingSeconds": 409, "band": 10}]}, "geometry": {"type": "Point", "coordinates": [-122.3379385, 47.6119041]}}, {"type": "Feature", "properties": {"id": 6437396179, "name": "Subway", "category": "fast_food", "tags": ["fast-food", "sandwich", "takeaway", "restaurant"], "sources": ["osm", "overture"], "website": "https://restaurants.subway.com/united-states/wa/seattle/820-stewart-street", "phone": "+12064135481", "address": "820 Stewart Street", "hours": "09:00-21:00", "stations": [{"stopCode": 50, "lines": "1,2", "name": "Westlake Station", "walkingMeters": 602, "walkingSeconds": 435, "band": 10}, {"stopCode": 51, "lines": "1,2", "name": "Symphony Station", "walkingMeters": 1120, "walkingSeconds": 808, "band": 15}, {"stopCode": 49, "lines": "1,2", "name": "Capitol Hill Station", "walkingMeters": 1295, "walkingSeconds": 939, "band": 15}]}, "geometry": {"type": "Point", "coordinates": [-122.3348958, 47.6156931]}}, {"type": "Feature", "properties": {"id": 2404210878, "name": "Starbucks", "category": "cafe", "tags": ["cafe", "coffee-shop", "takeaway", "wifi", "coffee"], "sources": ["osm", "overture"], "website": "https://www.starbucks.com/store-locator/store/14913/", "phone": "+12062648921", "address": "1524 7th Ave", "stations": [{"stopCode": 50, "lines": "1,2", "name": "Westlake Station", "walkingMeters": 270, "walkingSeconds": 196, "band": 5}, {"stopCode": 51, "lines": "1,2", "name": "Symphony Station", "walkingMeters": 724, "walkingSeconds": 521, "band": 10}]}, "geometry": {"type": "Point", "coordinates": [-122.3337235, 47.6123184]}}, {"type": "Feature", "properties": {"id": 2541471554, "name": "Starbucks", "category": "cafe", "tags": ["cafe", "coffee-shop", "takeaway", "wheelchair-accessible", "wifi", "coffee"], "sources": ["osm", "overture"], "website": "https://www.starbucks.com/store-locator/store/14184/", "phone": "+12063820636", "address": "1700 7th Ave Nordstrom Building", "stations": [{"stopCode": 50, "lines": "1,2", "name": "Westlake Station", "walkingMeters": 396, "walkingSeconds": 287, "band": 5}, {"stopCode": 51, "lines": "1,2", "name": "Symphony Station", "walkingMeters": 914, "walkingSeconds": 660, "band": 15}]}, "geometry": {"type": "Point", "coordinates": [-122.335886, 47.6143]}}, {"type": "Feature", "properties": {"id": 2552684504, "name": "Starbucks", "category": "cafe", "tags": ["cafe", "coffee-shop", "outdoor-seating", "takeaway", "wifi", "coffee"], "sources": ["osm", "overture"], "phone": "2063821201", "address": "515 Pine St Pine St", "hours": "Mo-Fr 05:30-21:00; Sa-Su 06:30-20:00", "stations": [{"stopCode": 50, "lines": "1,2", "name": "Westlake Station", "walkingMeters": 184, "walkingSeconds": 134, "band": 5}, {"stopCode": 51, "lines": "1,2", "name": "Symphony Station", "walkingMeters": 702, "walkingSeconds": 507, "band": 10}]}, "geometry": {"type": "Point", "coordinates": [-122.335624, 47.612661]}}, {"type": "Feature", "properties": {"id": 3885566432, "name": "Starbucks", "category": "cafe", "tags": ["cafe", "coffee-shop", "outdoor-seating", "indoor-seating", "takeaway", "wheelchair-accessible"], "sources": ["osm", "overture"], "website": "https://www.starbucks.com/store-locator/store/1013713/", "phone": "+12064968523", "address": "2011 7th Ave R2", "hours": "Mo-Sa 05:00-21:00; Su 05:30-20:00", "stations": [{"stopCode": 50, "lines": "1,2", "name": "Westlake Station", "walkingMeters": 470, "walkingSeconds": 341, "band": 5}, {"stopCode": 51, "lines": "1,2", "name": "Symphony Station", "walkingMeters": 985, "walkingSeconds": 711, "band": 15}]}, "geometry": {"type": "Point", "coordinates": [-122.3381174, 47.6152375]}}, {"type": "Feature", "properties": {"id": 4027142313, "name": "Starbucks", "category": "cafe", "tags": ["cafe", "coffee-shop", "takeaway", "coffee"], "sources": ["osm", "overture"], "website": "https://www.starbucks.com/store-locator/store/7328", "phone": "(206) 264-2534", "address": "601 Union St", "stations": [{"stopCode": 50, "lines": "1,2", "name": "Westlake Station", "walkingMeters": 470, "walkingSeconds": 338, "band": 10}, {"stopCode": 51, "lines": "1,2", "name": "Symphony Station", "walkingMeters": 495, "walkingSeconds": 356, "band": 10}, {"stopCode": 52, "lines": "1,2", "name": "Pioneer Square Station", "walkingMeters": 1165, "walkingSeconds": 840, "band": 15}]}, "geometry": {"type": "Point", "coordinates": [-122.3324456, 47.6100229]}}, {"type": "Feature", "properties": {"id": 4715890845, "name": "Starbucks", "category": "cafe", "tags": ["cafe", "coffee-shop", "takeaway", "coffee"], "sources": ["osm", "overture"], "website": "https://www.starbucks.com/store-locator/store/1028653", "phone": "+12062233400", "address": "425 Pike St", "stations": [{"stopCode": 50, "lines": "1,2", "name": "Westlake Station", "walkingMeters": 216, "walkingSeconds": 157, "band": 5}, {"stopCode": 51, "lines": "1,2", "name": "Symphony Station", "walkingMeters": 390, "walkingSeconds": 280, "band": 5}, {"stopCode": 52, "lines": "1,2", "name": "Pioneer Square Station", "walkingMeters": 1069, "walkingSeconds": 775, "band": 15}]}, "geometry": {"type": "Point", "coordinates": [-122.3347195, 47.6103933]}}, {"type": "Feature", "properties": {"id": "13343bc6-babd-4466-ae13-684e024771e9", "name": "Starbucks", "category": "cafe", "tags": ["cafe", "coffee"], "sources": ["overture"], "website": "http://www.starbucks.com", "phone": "(206) 467-5103", "address": "2001 8th Ave", "stations": [{"stopCode": 50, "lines": "1,2", "name": "Westlake Station", "walkingMeters": 628, "walkingSeconds": 469, "band": 10}, {"stopCode": 51, "lines": "1,2", "name": "Symphony Station", "walkingMeters": 1175, "walkingSeconds": 877, "band": 15}]}, "geometry": {"type": "Point", "coordinates": [-122.3370285, 47.6159134]}}, {"type": "Feature", "properties": {"id": "75c6283d-0c51-46ee-b8c2-eb01a61f9038", "name": "Starbucks", "category": "cafe", "tags": ["cafe", "coffee"], "sources": ["overture"], "website": "https://www.starbucks.com/store-locator/store/1022375", "phone": "2067552683", "address": "1400 6th Ave", "stations": [{"stopCode": 50, "lines": "1,2", "name": "Westlake Station", "walkingMeters": 342, "walkingSeconds": 246, "band": 5}, {"stopCode": 51, "lines": "1,2", "name": "Symphony Station", "walkingMeters": 460, "walkingSeconds": 331, "band": 10}, {"stopCode": 52, "lines": "1,2", "name": "Pioneer Square Station", "walkingMeters": 1137, "walkingSeconds": 822, "band": 15}]}, "geometry": {"type": "Point", "coordinates": [-122.3335648, 47.6106606]}}, {"type": "Feature", "properties": {"id": "ca26d27b-e620-4973-99ac-1596ea95bf78", "name": "Starbucks", "category": "cafe", "tags": ["cafe", "coffee"], "sources": ["overture"], "phone": "2066251255", "address": "1501 4th Ave Century Sq", "stations": [{"stopCode": 50, "lines": "1,2", "name": "Westlake Station", "walkingMeters": 167, "walkingSeconds": 120, "band": 5}, {"stopCode": 51, "lines": "1,2", "name": "Symphony Station", "walkingMeters": 385, "walkingSeconds": 277, "band": 5}, {"stopCode": 52, "lines": "1,2", "name": "Pioneer Square Station", "walkingMeters": 1082, "walkingSeconds": 778, "band": 15}]}, "geometry": {"type": "Point", "coordinates": [-122.3369751, 47.6105118]}}, {"type": "Feature", "properties": {"id": "01b3b1f5-f93e-459e-98bc-a208d14cea7a", "name": "Starbucks", "category": "cafe", "tags": ["cafe", "coffee"], "sources": ["overture"], "phone": "2064416898", "address": "600 Stewart St 600", "stations": [{"stopCode": 50, "lines": "1,2", "name": "Westlake Station", "walkingMeters": 313, "walkingSeconds": 229, "band": 5}, {"stopCode": 51, "lines": "1,2", "name": "Symphony Station", "walkingMeters": 831, "walkingSeconds": 602, "band": 10}]}, "geometry": {"type": "Point", "coordinates": [-122.3367767, 47.6138191]}}, {"type": "Feature", "properties": {"id": 2404231092, "name": "McDonald's", "category": "fast_food", "tags": ["fast-food", "burger", "takeaway", "wifi", "fast", "food", "american"], "sources": ["osm", "overture"], "website": "https://www.mcdonalds.com/us/en-us/location/wa/seattle/1530-3rd-ave/4308.html?cid=RF%3AYXT%3ARoN%3A%3AClicks%3Fcid%3DRF%3AYXT%3AFB%3A%3AClicks", "phone": "+12069572295", "address": "1530 3rd Ave", "hours": "Mo-Fr 04:00-23:00; Sa-Su 05:00-23:00", "stations": [{"stopCode": 50, "lines": "1,2", "name": "Westlake Station", "walkingMeters": 170, "walkingSeconds": 122, "band": 5}, {"stopCode": 51, "lines": "1,2", "name": "Symphony Station", "walkingMeters": 394, "walkingSeconds": 284, "band": 5}, {"stopCode": 52, "lines": "1,2", "name": "Pioneer Square Station", "walkingMeters": 1091, "walkingSeconds": 785, "band": 15}]}, "geometry": {"type": "Point", "coordinates": [-122.3383912, 47.6107012]}}, {"type": "Feature", "properties": {"id": "293442aa-c9b9-42bb-88a2-e24fd74a89e1", "name": "McDonald's", "category": "fast_food", "tags": ["fast-food", "fast", "food"], "sources": ["overture"], "website": "https://www.mcdonalds.com/us/en-us/location/wa/seattle/1950-6th-ave/5217.html", "phone": "(206) 374-9596", "address": "1950 6th Ave", "stations": [{"stopCode": 50, "lines": "1,2", "name": "Westlake Station", "walkingMeters": 397, "walkingSeconds": 288, "band": 5}, {"stopCode": 51, "lines": "1,2", "name": "Symphony Station", "walkingMeters": 911, "walkingSeconds": 658, "band": 15}]}, "geometry": {"type": "Point", "coordinates": [-122.3379517, 47.6144981]}}, {"type": "Feature", "properties": {"id": 223937024, "name": "Just Poke", "category": "restaurant", "tags": ["restaurant", "seafood", "poke"], "sources": ["osm", "overture"], "website": "http://www.justpoke.com", "phone": "+12062238543", "address": "800 Olive Way", "hours": "Mo-Sa 11:00-20:00; Su 11:00-19:00", "stations": [{"stopCode": 50, "lines": "1,2", "name": "Westlake Station", "walkingMeters": 528, "walkingSeconds": 382, "band": 10}, {"stopCode": 51, "lines": "1,2", "name": "Symphony Station", "walkingMeters": 1046, "walkingSeconds": 755, "band": 15}, {"stopCode": 49, "lines": "1,2", "name": "Capitol Hill Station", "walkingMeters": 1217, "walkingSeconds": 880, "band": 15}]}, "geometry": {"type": "Point", "coordinates": [-122.3332233, 47.6145848]}}, {"type": "Feature", "properties": {"id": 2700939597, "name": "Taco Del Mar", "category": "fast_food", "tags": ["fast-food", "mexican", "takeaway", "restaurant", "taco", "texmex"], "sources": ["osm", "overture"], "website": "http://www.tacodelmar.com/", "phone": "+12066244300", "address": "908 Stewart St", "stations": [{"stopCode": 50, "lines": "1,2", "name": "Westlake Station", "walkingMeters": 609, "walkingSeconds": 440, "band": 10}, {"stopCode": 51, "lines": "1,2", "name": "Symphony Station", "walkingMeters": 1126, "walkingSeconds": 812, "band": 15}, {"stopCode": 49, "lines": "1,2", "name": "Capitol Hill Station", "walkingMeters": 1252, "walkingSeconds": 908, "band": 15}]}, "geometry": {"type": "Point", "coordinates": [-122.3344681, 47.6158168]}}, {"type": "Feature", "properties": {"id": 3559868718, "name": "Taco Del Mar", "category": "fast_food", "tags": ["fast-food", "mexican", "takeaway", "restaurant", "taco"], "sources": ["osm", "overture"], "website": "https://www.tacodelmar.com/Content/TacoDelMar/Food.aspx", "phone": "+12066288982", "address": "725 Pike St", "stations": [{"stopCode": 50, "lines": "1,2", "name": "Westlake Station", "walkingMeters": 505, "walkingSeconds": 367, "band": 10}, {"stopCode": 51, "lines": "1,2", "name": "Symphony Station", "walkingMeters": 698, "walkingSeconds": 504, "band": 10}]}, "geometry": {"type": "Point", "coordinates": [-122.3317647, 47.6115906]}}, {"type": "Feature", "properties": {"id": 4531038754, "name": "Taco Del Mar", "category": "fast_food", "tags": ["fast-food", "mexican", "takeaway", "restaurant"], "sources": ["osm", "overture"], "website": "https://www.quiznossub.co.uk", "phone": "+12063430400", "address": "1620 4th Ave", "stations": [{"stopCode": 50, "lines": "1,2", "name": "Westlake Station", "walkingMeters": 135, "walkingSeconds": 97, "band": 5}, {"stopCode": 51, "lines": "1,2", "name": "Symphony Station", "walkingMeters": 569, "walkingSeconds": 409, "band": 10}]}, "geometry": {"type": "Point", "coordinates": [-122.337843, 47.6119426]}}, {"type": "Feature", "properties": {"id": 3613731314, "name": "Jimmy John's", "category": "fast_food", "tags": ["fast-food", "sandwich", "takeaway", "restaurant"], "sources": ["osm", "overture"], "website": "https://locations.jimmyjohns.com/wa/seattle/sandwiches-1088.html", "phone": "+12066239500", "address": "1420 Fifth Ave Ste. 200", "stations": [{"stopCode": 50, "lines": "1,2", "name": "Westlake Station", "walkingMeters": 330, "walkingSeconds": 237, "band": 5}, {"stopCode": 51, "lines": "1,2", "name": "Symphony Station", "walkingMeters": 436, "walkingSeconds": 314, "band": 5}, {"stopCode": 52, "lines": "1,2", "name": "Pioneer Square Station", "walkingMeters": 1113, "walkingSeconds": 805, "band": 15}]}, "geometry": {"type": "Point", "coordinates": [-122.3341402, 47.6102752]}}, {"type": "Feature", "properties": {"id": "e539df1d-8beb-44d6-9fcf-a3b44b573f13", "name": "Jimmy John's", "category": "fast_food", "tags": ["fast-food", "fast", "food"], "sources": ["overture"], "website": "https://locations.jimmyjohns.com/wa/seattle/sandwiches-1517.html", "phone": "2062451986", "address": "1629 6th Ave", "stations": [{"stopCode": 50, "lines": "1,2", "name": "Westlake Station", "walkingMeters": 182, "walkingSeconds": 136, "band": 5}, {"stopCode": 51, "lines": "1,2", "name": "Symphony Station", "walkingMeters": 719, "walkingSeconds": 537, "band": 10}]}, "geometry": {"type": "Point", "coordinates": [-122.3362122, 47.6127853]}}, {"type": "Feature", "properties": {"id": 2562166766, "name": "Caffe Ladro", "category": "cafe", "tags": ["cafe", "coffee-shop", "wheelchair-accessible"], "sources": ["osm", "overture"], "website": "http://CaffeLadro.com/", "phone": "+12064051950", "address": "801 Pine St", "hours": "07:00-18:00", "stations": [{"stopCode": 50, "lines": "1,2", "name": "Westlake Station", "walkingMeters": 356, "walkingSeconds": 258, "band": 5}, {"stopCode": 51, "lines": "1,2", "name": "Symphony Station", "walkingMeters": 866, "walkingSeconds": 623, "band": 15}, {"stopCode": 49, "lines": "1,2", "name": "Capitol Hill Station", "walkingMeters": 1328, "walkingSeconds": 963, "band": 15}]}, "geometry": {"type": "Point", "coordinates": [-122.3327191, 47.6130444]}}, {"type": "Feature", "properties": {"id": 3580813143, "name": "Caffe Ladro", "category": "cafe", "tags": ["cafe"], "sources": ["osm"], "website": "https://caffeladro.com/1800-ninth-caffe-ladro/", "phone": "+1-206-708-1387", "address": "1800 9th Avenue", "hours": "Mo-Fr 06:00-18:00", "stations": [{"stopCode": 50, "lines": "1,2", "name": "Westlake Station", "walkingMeters": 604, "walkingSeconds": 435, "band": 10}, {"stopCode": 51, "lines": "1,2", "name": "Symphony Station", "walkingMeters": 1122, "walkingSeconds": 807, "band": 15}, {"stopCode": 49, "lines": "1,2", "name": "Capitol Hill Station", "walkingMeters": 1264, "walkingSeconds": 914, "band": 15}]}, "geometry": {"type": "Point", "coordinates": [-122.3335082, 47.6152597]}}, {"type": "Feature", "properties": {"id": 2327723251, "name": "Shake Shack", "category": "fast_food", "tags": ["fast-food", "burger", "takeaway", "wheelchair-accessible", "restaurant", "american"], "sources": ["osm", "overture"], "website": "https://www.shakeshack.com/location/south-lake-union-wa?utm_source=facebook&utm_medium=listing", "phone": "+12062792313", "address": "2115 Westlake Ave N", "stations": [{"stopCode": 50, "lines": "1,2", "name": "Westlake Station", "walkingMeters": 674, "walkingSeconds": 487, "band": 10}, {"stopCode": 51, "lines": "1,2", "name": "Symphony Station", "walkingMeters": 1188, "walkingSeconds": 857, "band": 15}]}, "geometry": {"type": "Point", "coordinates": [-122.338426, 47.6170156]}}, {"type": "Feature", "properties": {"id": 2404231142, "name": "Victrola Coffee Roasters", "category": "cafe", "tags": ["cafe", "coffee-shop", "indoor-seating", "coffee"], "sources": ["osm", "overture"], "website": "https://www.victrolacoffee.com/pages/downtown", "phone": "+18005755282", "address": "300 Pine St Ste 100", "hours": "Mo-Fr 07:00-16:00; Sa-Su 08:00-16:00", "stations": [{"stopCode": 50, "lines": "1,2", "name": "Westlake Station", "walkingMeters": 163, "walkingSeconds": 119, "band": 5}, {"stopCode": 51, "lines": "1,2", "name": "Symphony Station", "walkingMeters": 415, "walkingSeconds": 299, "band": 5}, {"stopCode": 52, "lines": "1,2", "name": "Pioneer Square Station", "walkingMeters": 1112, "walkingSeconds": 800, "band": 15}]}, "geometry": {"type": "Point", "coordinates": [-122.3386025, 47.6109956]}}, {"type": "Feature", "properties": {"id": "00c37130-3767-4605-a0a2-5dc1e21f9875", "name": "Uptown Espresso", "category": "cafe", "tags": ["cafe", "coffee"], "sources": ["overture"], "website": "http://uptownespresso.net", "phone": "(206) 728-8842", "address": "1933 7th Ave", "stations": [{"stopCode": 50, "lines": "1,2", "name": "Westlake Station", "walkingMeters": 458, "walkingSeconds": 333, "band": 5}, {"stopCode": 51, "lines": "1,2", "name": "Symphony Station", "walkingMeters": 976, "walkingSeconds": 706, "band": 15}]}, "geometry": {"type": "Point", "coordinates": [-122.337326, 47.6151314]}}, {"type": "Feature", "properties": {"id": 3885566439, "name": "Evergreens", "category": "fast_food", "tags": ["fast-food", "salad", "takeaway", "wheelchair-accessible"], "sources": ["osm"], "website": "https://evergreens.com/", "phone": "+1-206-294-3168", "address": "2070 6th Avenue", "hours": "Mo-Fr 10:30-19:00", "stations": [{"stopCode": 50, "lines": "1,2", "name": "Westlake Station", "walkingMeters": 500, "walkingSeconds": 362, "band": 10}, {"stopCode": 51, "lines": "1,2", "name": "Symphony Station", "walkingMeters": 1014, "walkingSeconds": 732, "band": 15}]}, "geometry": {"type": "Point", "coordinates": [-122.339229, 47.6151875]}}, {"type": "Feature", "properties": {"id": 6148513989, "name": "Daniel's Broiler", "category": "restaurant", "tags": ["restaurant", "steak-house", "indoor-seating", "steakhouse", "american"], "sources": ["osm", "overture"], "website": "https://danielsbroiler.com/pages/locations-daniels-downtown", "phone": "+12065969512", "address": "808 Howell St", "stations": [{"stopCode": 50, "lines": "1,2", "name": "Westlake Station", "walkingMeters": 482, "walkingSeconds": 346, "band": 10}, {"stopCode": 51, "lines": "1,2", "name": "Symphony Station", "walkingMeters": 1000, "walkingSeconds": 719, "band": 15}, {"stopCode": 49, "lines": "1,2", "name": "Capitol Hill Station", "walkingMeters": 1309, "walkingSeconds": 946, "band": 15}]}, "geometry": {"type": "Point", "coordinates": [-122.3341547, 47.614524]}}, {"type": "Feature", "properties": {"id": "7403e6e9-4d2c-49af-a572-e9f7203ecc3d", "name": "45th Stop N Shop & Poke Bar", "category": "restaurant", "tags": ["restaurant", "poke"], "sources": ["overture"], "website": "https://www.45thstopnshop.com/location", "phone": "+12062575124", "address": "2121 Terry Ave", "stations": [{"stopCode": 50, "lines": "1,2", "name": "Westlake Station", "walkingMeters": 881, "walkingSeconds": 636, "band": 10}, {"stopCode": 49, "lines": "1,2", "name": "Capitol Hill Station", "walkingMeters": 1367, "walkingSeconds": 994, "band": 15}]}, "geometry": {"type": "Point", "coordinates": [-122.3372116, 47.6181412]}}, {"type": "Feature", "properties": {"id": 3885566430, "name": "Potbelly", "category": "fast_food", "tags": ["fast-food", "sandwich", "outdoor-seating", "indoor-seating", "takeaway", "wheelchair-accessible", "vegetarian", "restaurant"], "sources": ["osm", "overture"], "website": "https://www.potbelly.com/locations/washington/lenora-6th", "phone": "+12068584288", "address": "2030 6th Ave", "hours": "Mo-Fr 07:00-21:00; Sa,Su 10:00-21:00", "stations": [{"stopCode": 50, "lines": "1,2", "name": "Westlake Station", "walkingMeters": 448, "walkingSeconds": 325, "band": 5}, {"stopCode": 51, "lines": "1,2", "name": "Symphony Station", "walkingMeters": 963, "walkingSeconds": 695, "band": 15}]}, "geometry": {"type": "Point", "coordinates": [-122.3387467, 47.6148558]}}, {"type": "Feature", "properties": {"id": "03fa1e2b-de4f-4e76-a40b-75c41d4e98ce", "name": "Piroshky Piroshky", "category": "restaurant", "tags": ["restaurant", "russian"], "sources": ["overture"], "website": "http://piroshkybakery.com", "address": "1000 Pine St", "stations": [{"stopCode": 50, "lines": "1,2", "name": "Westlake Station", "walkingMeters": 520, "walkingSeconds": 376, "band": 10}, {"stopCode": 51, "lines": "1,2", "name": "Symphony Station", "walkingMeters": 1012, "walkingSeconds": 728, "band": 15}, {"stopCode": 49, "lines": "1,2", "name": "Capitol Hill Station", "walkingMeters": 1156, "walkingSeconds": 834, "band": 15}]}, "geometry": {"type": "Point", "coordinates": [-122.3311615, 47.6140938]}}, {"type": "Feature", "properties": {"id": 2169931806, "name": "Qiao Lin Hotpot", "category": "restaurant", "tags": ["restaurant", "chinese", "asian"], "sources": ["osm", "overture"], "website": "https://www.qiaolinhotpot.com", "phone": "+12064207028", "address": "1510 7th Ave", "stations": [{"stopCode": 50, "lines": "1,2", "name": "Westlake Station", "walkingMeters": 308, "walkingSeconds": 224, "band": 5}, {"stopCode": 51, "lines": "1,2", "name": "Symphony Station", "walkingMeters": 686, "walkingSeconds": 494, "band": 10}]}, "geometry": {"type": "Point", "coordinates": [-122.3334716, 47.6120215]}}, {"type": "Feature", "properties": {"id": 2312065984, "name": "Einstein Bros. Bagels", "category": "fast_food", "tags": ["fast-food", "bagel", "takeaway", "wheelchair-accessible", "bakery", "breakfast-and-brunch"], "sources": ["osm", "overture"], "website": "http://t.co/S7XqBfvkZn", "phone": "+12064961236", "address": "2201 Westlake Ave Ste 101", "hours": "06:00-14:00", "stations": [{"stopCode": 50, "lines": "1,2", "name": "Westlake Station", "walkingMeters": 816, "walkingSeconds": 590, "band": 10}]}, "geometry": {"type": "Point", "coordinates": [-122.338965, 47.6181143]}}, {"type": "Feature", "properties": {"id": "7ef64b39-48bd-45b0-8ff8-5105bfc579fa", "name": "A Pizza Mart", "category": "restaurant", "tags": ["restaurant", "pizza", "italian"], "sources": ["overture"], "website": "http://www.apizzamartonline.com/", "phone": "+12069038500", "address": "925 Stewart St", "stations": [{"stopCode": 50, "lines": "1,2", "name": "Westlake Station", "walkingMeters": 682, "walkingSeconds": 493, "band": 10}, {"stopCode": 49, "lines": "1,2", "name": "Capitol Hill Station", "walkingMeters": 1176, "walkingSeconds": 853, "band": 15}, {"stopCode": 51, "lines": "1,2", "name": "Symphony Station", "walkingMeters": 1200, "walkingSeconds": 866, "band": 15}]}, "geometry": {"type": "Point", "coordinates": [-122.3335419, 47.6160431]}}, {"type": "Feature", "properties": {"id": 2327723036, "name": "Willmott\u2019s Ghost", "category": "restaurant", "tags": ["restaurant", "italian", "pizza", "wheelchair-accessible"], "sources": ["osm", "overture"], "website": "https://www.willmottsghost.com/", "phone": "+12069009650", "address": "2100 6th Ave", "hours": "Mo-Th 08:00-21:00; Fr 08:00-22:00; Sa 16:00-22:00", "stations": [{"stopCode": 50, "lines": "1,2", "name": "Westlake Station", "walkingMeters": 538, "walkingSeconds": 389, "band": 10}, {"stopCode": 51, "lines": "1,2", "name": "Symphony Station", "walkingMeters": 1052, "walkingSeconds": 759, "band": 15}]}, "geometry": {"type": "Point", "coordinates": [-122.3396249, 47.6153914]}}, {"type": "Feature", "properties": {"id": 2327723369, "name": "Monorail Espresso", "category": "cafe", "tags": ["cafe", "wheelchair-accessible", "coffee"], "sources": ["osm", "overture"], "website": "http://www.monorailespresso.com", "phone": "+12064220736", "address": "2120 Westlake Ave N", "stations": [{"stopCode": 50, "lines": "1,2", "name": "Westlake Station", "walkingMeters": 708, "walkingSeconds": 511, "band": 10}, {"stopCode": 51, "lines": "1,2", "name": "Symphony Station", "walkingMeters": 1225, "walkingSeconds": 883, "band": 15}]}, "geometry": {"type": "Point", "coordinates": [-122.3380418, 47.6172956]}}, {"type": "Feature", "properties": {"id": 2404231206, "name": "Monorail Espresso", "category": "cafe", "tags": ["cafe", "coffee-shop", "outdoor-seating", "coffee"], "sources": ["osm", "overture"], "website": "http://www.monorailespresso.com/", "phone": "+12064220736", "address": "510 Pike St", "hours": "Mo-Fr 06:00-18:00; Sa-Su 07:00-18:00", "stations": [{"stopCode": 50, "lines": "1,2", "name": "Westlake Station", "walkingMeters": 172, "walkingSeconds": 124, "band": 5}, {"stopCode": 51, "lines": "1,2", "name": "Symphony Station", "walkingMeters": 486, "walkingSeconds": 350, "band": 10}, {"stopCode": 52, "lines": "1,2", "name": "Pioneer Square Station", "walkingMeters": 1166, "walkingSeconds": 845, "band": 15}]}, "geometry": {"type": "Point", "coordinates": [-122.3353021, 47.610966]}}, {"type": "Feature", "properties": {"id": 2327723381, "name": "The Butcher's Table", "category": "restaurant", "tags": ["restaurant", "wheelchair-accessible", "steakhouse", "american"], "sources": ["osm", "overture"], "website": "https://order.toasttab.com/online/the-butchers-table", "phone": "+12062095990", "address": "2121 Westlake Ave", "stations": [{"stopCode": 50, "lines": "1,2", "name": "Westlake Station", "walkingMeters": 733, "walkingSeconds": 530, "band": 10}, {"stopCode": 51, "lines": "1,2", "name": "Symphony Station", "walkingMeters": 1248, "walkingSeconds": 900, "band": 15}]}, "geometry": {"type": "Point", "coordinates": [-122.3385311, 47.6175425]}}, {"type": "Feature", "properties": {"id": 2327723385, "name": "The Moo Bar", "category": "cafe", "tags": ["cafe", "ice-cream", "wheelchair-accessible", "bar"], "sources": ["osm", "overture"], "website": "http://themoomilkbar.com/", "phone": "+12064673191", "address": "2124 Westlake Ave N", "stations": [{"stopCode": 50, "lines": "1,2", "name": "Westlake Station", "walkingMeters": 713, "walkingSeconds": 515, "band": 10}, {"stopCode": 51, "lines": "1,2", "name": "Symphony Station", "walkingMeters": 1230, "walkingSeconds": 887, "band": 15}]}, "geometry": {"type": "Point", "coordinates": [-122.3380491, 47.617343]}}, {"type": "Feature", "properties": {"id": 2327741524, "name": "3rd Ave Cafe", "category": "cafe", "tags": ["cafe", "coffee-shop"], "sources": ["osm"], "address": "1908 3rd Avenue", "stations": [{"stopCode": 50, "lines": "1,2", "name": "Westlake Station", "walkingMeters": 330, "walkingSeconds": 238, "band": 5}, {"stopCode": 51, "lines": "1,2", "name": "Symphony Station", "walkingMeters": 572, "walkingSeconds": 411, "band": 10}]}, "geometry": {"type": "Point", "coordinates": [-122.3399314, 47.6120244]}}, {"type": "Feature", "properties": {"id": 2327741583, "name": "Le Caviste", "category": "bar", "tags": ["bar", "wheelchair-accessible", "wine", "french"], "sources": ["osm", "overture"], "website": "http://lecavisteseattle.com", "phone": "+12067282657", "address": "1919 7th Ave", "stations": [{"stopCode": 50, "lines": "1,2", "name": "Westlake Station", "walkingMeters": 457, "walkingSeconds": 331, "band": 5}, {"stopCode": 51, "lines": "1,2", "name": "Symphony Station", "walkingMeters": 975, "walkingSeconds": 704, "band": 15}]}, "geometry": {"type": "Point", "coordinates": [-122.3371456, 47.6147087]}}, {"type": "Feature", "properties": {"id": 2327741601, "name": "Ph\u1edf B\u1eafc", "category": "restaurant", "tags": ["restaurant", "vietnamese"], "sources": ["osm", "overture"], "website": "https://www.thephobac.com", "phone": "12065380191", "address": "1923 7th Ave", "stations": [{"stopCode": 50, "lines": "1,2", "name": "Westlake Station", "walkingMeters": 458, "walkingSeconds": 332, "band": 5}, {"stopCode": 51, "lines": "1,2", "name": "Symphony Station", "walkingMeters": 976, "walkingSeconds": 704, "band": 15}]}, "geometry": {"type": "Point", "coordinates": [-122.3372433, 47.6147655]}}, {"type": "Feature", "properties": {"id": 2327741692, "name": "Petra Mediterranean Bistro", "category": "fast_food", "tags": ["fast-food", "wheelchair-accessible", "restaurant", "mediterranean", "european"], "sources": ["osm", "overture"], "website": "https://www.petrabistro.com/", "phone": "+12067285389", "address": "1933 7th Ave", "hours": "Mo-Fr 07:00-16:00, Su 08:00-15:00", "stations": [{"stopCode": 50, "lines": "1,2", "name": "Westlake Station", "walkingMeters": 423, "walkingSeconds": 306, "band": 5}, {"stopCode": 51, "lines": "1,2", "name": "Symphony Station", "walkingMeters": 941, "walkingSeconds": 679, "band": 15}]}, "geometry": {"type": "Point", "coordinates": [-122.3374642, 47.6148464]}}, {"type": "Feature", "properties": {"id": 2327741711, "name": "Barolo Ristorante", "category": "restaurant", "tags": ["restaurant", "italian", "reservations", "wheelchair-accessible"], "sources": ["osm", "overture"], "website": "http://www.baroloseattle.com/", "phone": "+12067709000", "address": "1940 Westlake Ave", "stations": [{"stopCode": 50, "lines": "1,2", "name": "Westlake Station", "walkingMeters": 387, "walkingSeconds": 281, "band": 5}, {"stopCode": 51, "lines": "1,2", "name": "Symphony Station", "walkingMeters": 905, "walkingSeconds": 653, "band": 15}]}, "geometry": {"type": "Point", "coordinates": [-122.3374592, 47.6145988]}}, {"type": "Feature", "properties": {"id": 2327741767, "name": "Suite 410 Bar & Lounge", "category": "bar", "tags": ["bar"], "sources": ["osm"], "address": "410 Stewart Street", "stations": [{"stopCode": 50, "lines": "1,2", "name": "Westlake Station", "walkingMeters": 236, "walkingSeconds": 170, "band": 5}, {"stopCode": 51, "lines": "1,2", "name": "Symphony Station", "walkingMeters": 649, "walkingSeconds": 467, "band": 10}]}, "geometry": {"type": "Point", "coordinates": [-122.3386268, 47.6125905]}}, {"type": "Feature", "properties": {"id": 2327741785, "name": "Miller's Guild", "category": "restaurant", "tags": ["restaurant", "steakhouse"], "sources": ["osm", "overture"], "website": "http://www.millersguild.com/", "phone": "2064433663", "address": "612 Stewart St", "stations": [{"stopCode": 50, "lines": "1,2", "name": "Westlake Station", "walkingMeters": 352, "walkingSeconds": 256, "band": 5}, {"stopCode": 51, "lines": "1,2", "name": "Symphony Station", "walkingMeters": 870, "walkingSeconds": 628, "band": 10}]}, "geometry": {"type": "Point", "coordinates": [-122.3366353, 47.6141226]}}, {"type": "Feature", "properties": {"id": 2327794517, "name": "Keys on Main", "category": "bar", "tags": ["bar"], "sources": ["osm"], "website": "https://keysonmain.com", "address": "1114 Howell Street", "stations": [{"stopCode": 50, "lines": "1,2", "name": "Westlake Station", "walkingMeters": 820, "walkingSeconds": 589, "band": 10}, {"stopCode": 49, "lines": "1,2", "name": "Capitol Hill Station", "walkingMeters": 1056, "walkingSeconds": 765, "band": 15}]}, "geometry": {"type": "Point", "coordinates": [-122.331073, 47.6166458]}}, {"type": "Feature", "properties": {"id": 2327794519, "name": "Midori Teriyaki", "category": "restaurant", "tags": ["restaurant", "japanese", "takeaway", "vegetarian", "asian", "fast-food"], "sources": ["osm", "overture"], "website": "https://midoriteriyaki.com/menu", "phone": "+12066247273", "address": "1120 Howell St", "hours": "Mo-Fr 09:30-16:00", "stations": [{"stopCode": 50, "lines": "1,2", "name": "Westlake Station", "walkingMeters": 836, "walkingSeconds": 602, "band": 15}, {"stopCode": 49, "lines": "1,2", "name": "Capitol Hill Station", "walkingMeters": 1039, "walkingSeconds": 753, "band": 15}]}, "geometry": {"type": "Point", "coordinates": [-122.3309196, 47.6167589]}}, {"type": "Feature", "properties": {"id": 2327794580, "name": "The Raven", "category": "bar", "tags": ["bar"], "sources": ["osm"], "address": "1809 Minor Avenue", "stations": [{"stopCode": 50, "lines": "1,2", "name": "Westlake Station", "walkingMeters": 878, "walkingSeconds": 632, "band": 15}, {"stopCode": 49, "lines": "1,2", "name": "Capitol Hill Station", "walkingMeters": 1048, "walkingSeconds": 761, "band": 15}]}, "geometry": {"type": "Point", "coordinates": [-122.3310274, 47.6169641]}}, {"type": "Feature", "properties": {"id": 2327794638, "name": "Zane+Wylie's Seattle Steakhouse", "category": "restaurant", "tags": ["restaurant", "steak", "bar"], "sources": ["osm", "overture"], "website": "https://zaneandwylies.com/", "phone": "2063974287", "address": "624 Olive Way", "stations": [{"stopCode": 50, "lines": "1,2", "name": "Westlake Station", "walkingMeters": 330, "walkingSeconds": 237, "band": 5}, {"stopCode": 51, "lines": "1,2", "name": "Symphony Station", "walkingMeters": 848, "walkingSeconds": 610, "band": 10}, {"stopCode": 49, "lines": "1,2", "name": "Capitol Hill Station", "walkingMeters": 1396, "walkingSeconds": 1015, "band": 15}]}, "geometry": {"type": "Point", "coordinates": [-122.3354441, 47.6136139]}}, {"type": "Feature", "properties": {"id": 2327794662, "name": "A Pizza Mart - Stewart", "category": "restaurant", "tags": ["restaurant", "pizza", "takeaway", "has-bar", "air-conditioned"], "sources": ["osm"], "website": "https://www.apizzamartseattle.com/", "phone": "+1-206-624-0090", "address": "925 Stewart Street", "hours": "Mo-Su 10:00-04:00", "stations": [{"stopCode": 50, "lines": "1,2", "name": "Westlake Station", "walkingMeters": 681, "walkingSeconds": 492, "band": 10}, {"stopCode": 49, "lines": "1,2", "name": "Capitol Hill Station", "walkingMeters": 1174, "walkingSeconds": 852, "band": 15}, {"stopCode": 51, "lines": "1,2", "name": "Symphony Station", "walkingMeters": 1198, "walkingSeconds": 864, "band": 15}]}, "geometry": {"type": "Point", "coordinates": [-122.333539, 47.6160673]}}, {"type": "Feature", "properties": {"id": 4038730144, "name": "Mr West Cafe Bar", "category": "cafe", "tags": ["cafe"], "sources": ["osm"], "website": "https://mrwestcafebar.com/", "phone": "+1-206-900-9378", "address": "720 Olive Way", "stations": [{"stopCode": 50, "lines": "1,2", "name": "Westlake Station", "walkingMeters": 447, "walkingSeconds": 322, "band": 5}, {"stopCode": 51, "lines": "1,2", "name": "Symphony Station", "walkingMeters": 965, "walkingSeconds": 694, "band": 15}, {"stopCode": 49, "lines": "1,2", "name": "Capitol Hill Station", "walkingMeters": 1314, "walkingSeconds": 950, "band": 15}]}, "geometry": {"type": "Point", "coordinates": [-122.3344939, 47.6141114]}}, {"type": "Feature", "properties": {"id": 12210555574, "name": "Olympia Coffee", "category": "cafe", "tags": ["cafe", "coffee-shop"], "sources": ["osm"], "website": "https://www.olympiacoffee.com/pages/downtown-seattle", "phone": "+1-206-644-5000", "address": "1420 5th Avenue", "hours": "Mo-Fr 06:00-18:00; Sa,Su 07:00-18:00; PH 07:00-18:00", "stations": [{"stopCode": 50, "lines": "1,2", "name": "Westlake Station", "walkingMeters": 195, "walkingSeconds": 142, "band": 5}, {"stopCode": 51, "lines": "1,2", "name": "Symphony Station", "walkingMeters": 411, "walkingSeconds": 296, "band": 5}, {"stopCode": 52, "lines": "1,2", "name": "Pioneer Square Station", "walkingMeters": 1090, "walkingSeconds": 790, "band": 15}]}, "geometry": {"type": "Point", "coordinates": [-122.3351654, 47.6104308]}}, {"type": "Feature", "properties": {"id": 2348904974, "name": "Spin Seattle", "category": "bar", "tags": ["bar", "table-tennis", "wifi"], "sources": ["osm"], "address": "1511 6th Avenue", "hours": "Tu-Th 16:00-22:00, Fr 16:00-00:00, Sa 14:00-00:00, Su 12:00-18:00", "stations": [{"stopCode": 50, "lines": "1,2", "name": "Westlake Station", "walkingMeters": 182, "walkingSeconds": 133, "band": 5}, {"stopCode": 51, "lines": "1,2", "name": "Symphony Station", "walkingMeters": 587, "walkingSeconds": 422, "band": 10}]}, "geometry": {"type": "Point", "coordinates": [-122.3350611, 47.6114967]}}, {"type": "Feature", "properties": {"id": 2348905025, "name": "Tap House Grill", "category": "pub", "tags": ["pub"], "sources": ["osm"], "website": "https://taphousegrill.com/", "phone": "+1-206-816-3314", "address": "1506 6th Avenue", "hours": "Su-Th 11:00-01:00; Fr-Sa 11:00-02:00", "stations": [{"stopCode": 50, "lines": "1,2", "name": "Westlake Station", "walkingMeters": 205, "walkingSeconds": 149, "band": 5}, {"stopCode": 51, "lines": "1,2", "name": "Symphony Station", "walkingMeters": 602, "walkingSeconds": 432, "band": 10}]}, "geometry": {"type": "Point", "coordinates": [-122.3346425, 47.6116164]}}, {"type": "Feature", "properties": {"id": 2561809363, "name": "CaffeUmbria", "category": "cafe", "tags": ["cafe", "coffee-shop"], "sources": ["osm"], "website": "http://caffesensounico.com/", "phone": "+1-206-264-7611", "address": "622 Olive Way", "hours": "Mo-Fr 07:00-15:00; Sa 07:00-13:30; Su 07:00-12:00", "stations": [{"stopCode": 50, "lines": "1,2", "name": "Westlake Station", "walkingMeters": 323, "walkingSeconds": 232, "band": 5}, {"stopCode": 51, "lines": "1,2", "name": "Symphony Station", "walkingMeters": 841, "walkingSeconds": 605, "band": 10}]}, "geometry": {"type": "Point", "coordinates": [-122.3355284, 47.6135839]}}, {"type": "Feature", "properties": {"id": 2404211120, "name": "Cherry Street Coffee House", "category": "cafe", "tags": ["cafe", "wheelchair-accessible", "coffee"], "sources": ["osm", "overture"], "website": "http://cherryst.com", "phone": "+12066233005", "address": "509 Olive Wy", "hours": "Mo-Fr 07:00-15:00; Sa-Su 08:00-15:00", "stations": [{"stopCode": 50, "lines": "1,2", "name": "Westlake Station", "walkingMeters": 172, "walkingSeconds": 124, "band": 5}, {"stopCode": 51, "lines": "1,2", "name": "Symphony Station", "walkingMeters": 690, "walkingSeconds": 496, "band": 10}]}, "geometry": {"type": "Point", "coordinates": [-122.3368796, 47.6127431]}}, {"type": "Feature", "properties": {"id": 10930765134, "name": "Chan Seattle", "category": "restaurant", "tags": ["restaurant", "korean", "asian"], "sources": ["osm", "overture"], "website": "https://www.chanseattle.com/", "phone": "+12066873176", "address": "724 Pine St", "hours": "Fr-Sa 16:00-22:00; Tu-Th 16:00-21:00", "stations": [{"stopCode": 50, "lines": "1,2", "name": "Westlake Station", "walkingMeters": 329, "walkingSeconds": 238, "band": 5}, {"stopCode": 51, "lines": "1,2", "name": "Symphony Station", "walkingMeters": 846, "walkingSeconds": 611, "band": 15}, {"stopCode": 49, "lines": "1,2", "name": "Capitol Hill Station", "walkingMeters": 1367, "walkingSeconds": 986, "band": 15}]}, "geometry": {"type": "Point", "coordinates": [-122.3334864, 47.6131589]}}, {"type": "Feature", "properties": {"id": "f3d75cfd-cb4f-4a5d-8e9e-73b7b22acd51", "name": "Saffron Spice", "category": "fast_food", "tags": ["fast-food", "food", "truck"], "sources": ["overture"], "website": "https://saffronspiceseattle.com", "phone": "(206) 325-5332", "address": "1901 Rainier Ave S, Seattle, WA 98144", "stations": [{"stopCode": 50, "lines": "1,2", "name": "Westlake Station", "walkingMeters": 775, "walkingSeconds": 559, "band": 10}, {"stopCode": 49, "lines": "1,2", "name": "Capitol Hill Station", "walkingMeters": 1076, "walkingSeconds": 781, "band": 15}]}, "geometry": {"type": "Point", "coordinates": [-122.332695, 47.6167564]}}, {"type": "Feature", "properties": {"id": 4354834795, "name": "Pike Place Chowder", "category": "fast_food", "tags": ["fast-food", "chowder", "restaurant", "seafood", "soup", "american"], "sources": ["osm", "overture"], "website": "http://www.pikeplacechowder.com", "phone": "+12068385680", "address": "600 Pine St", "hours": "Mo-Th 11:00-20:00; Fr-Sa 11:00-21:00; Su 11:00-19:00", "stations": [{"stopCode": 50, "lines": "1,2", "name": "Westlake Station", "walkingMeters": 172, "walkingSeconds": 125, "band": 5}, {"stopCode": 51, "lines": "1,2", "name": "Symphony Station", "walkingMeters": 689, "walkingSeconds": 498, "band": 10}]}, "geometry": {"type": "Point", "coordinates": [-122.3353286, 47.6126509]}}, {"type": "Feature", "properties": {"id": 2400043335, "name": "Sushi Katsu-ya", "category": "restaurant", "tags": ["restaurant", "sushi", "japanese", "asian"], "sources": ["osm", "overture"], "website": "https://www.katsu-yagroup.com", "phone": "+12065800080", "address": "122 Westlake Ave N", "stations": [{"stopCode": 50, "lines": "1,2", "name": "Westlake Station", "walkingMeters": 948, "walkingSeconds": 684, "band": 15}]}, "geometry": {"type": "Point", "coordinates": [-122.338233, 47.6193834]}}, {"type": "Feature", "properties": {"id": 2404210863, "name": "NYC Deli Market", "category": "cafe", "tags": ["cafe", "american", "deli", "delicatessen"], "sources": ["osm", "overture"], "website": "http://nycdeli7thave.com/", "phone": "+12066827011", "address": "1520 7th Ave", "stations": [{"stopCode": 50, "lines": "1,2", "name": "Westlake Station", "walkingMeters": 280, "walkingSeconds": 203, "band": 5}, {"stopCode": 51, "lines": "1,2", "name": "Symphony Station", "walkingMeters": 714, "walkingSeconds": 514, "band": 10}]}, "geometry": {"type": "Point", "coordinates": [-122.3336528, 47.612244]}}, {"type": "Feature", "properties": {"id": 2404211049, "name": "Vietlicious Bakery and Boba", "category": "cafe", "tags": ["cafe", "vietnamese", "takeaway", "bakery"], "sources": ["osm", "overture"], "phone": "+12066186995", "address": "1629 6th Ave", "hours": "Mo-Fr 10:00-19:00, Sa 11:00-20:00, Su 11:00-18:00", "stations": [{"stopCode": 50, "lines": "1,2", "name": "Westlake Station", "walkingMeters": 210, "walkingSeconds": 153, "band": 5}, {"stopCode": 51, "lines": "1,2", "name": "Symphony Station", "walkingMeters": 728, "walkingSeconds": 526, "band": 10}]}, "geometry": {"type": "Point", "coordinates": [-122.3362326, 47.6128434]}}, {"type": "Feature", "properties": {"id": 2404211276, "name": "Caf\u00e9 Yumm!", "category": "fast_food", "tags": ["fast-food", "american", "takeaway", "restaurant", "sandwich", "vegetarian"], "sources": ["osm", "overture"], "website": "https://cafeyumm-7th-pine.hrpos.heartland.us/", "phone": "2066249866", "address": "717 Pine St", "stations": [{"stopCode": 50, "lines": "1,2", "name": "Westlake Station", "walkingMeters": 287, "walkingSeconds": 208, "band": 5}, {"stopCode": 51, "lines": "1,2", "name": "Symphony Station", "walkingMeters": 797, "walkingSeconds": 573, "band": 10}, {"stopCode": 49, "lines": "1,2", "name": "Capitol Hill Station", "walkingMeters": 1400, "walkingSeconds": 1018, "band": 15}]}, "geometry": {"type": "Point", "coordinates": [-122.3334076, 47.612719]}}, {"type": "Feature", "properties": {"id": 2404211360, "name": "Ruth's Chris Steak House", "category": "restaurant", "tags": ["restaurant", "american", "steak-house", "steakhouse"], "sources": ["osm", "overture"], "website": "https://www.ruthschris.com/locations/wa/seattle/seattle/7339?cmpid=br%3Arc_ag%3Aie_ch%3Asoc_ca%3ARCFB_sn%3Afacebook_gt%3Aseattle-wa-7339_pl%3Alocurl_rd%3A1042", "phone": "+12066248524", "address": "727 Pine St", "hours": "Mo-Sa 06:30-23:00; Su 06:30-21:00", "stations": [{"stopCode": 50, "lines": "1,2", "name": "Westlake Station", "walkingMeters": 330, "walkingSeconds": 239, "band": 5}, {"stopCode": 51, "lines": "1,2", "name": "Symphony Station", "walkingMeters": 833, "walkingSeconds": 600, "band": 10}, {"stopCode": 49, "lines": "1,2", "name": "Capitol Hill Station", "walkingMeters": 1376, "walkingSeconds": 997, "band": 15}]}, "geometry": {"type": "Point", "coordinates": [-122.333169, 47.612817]}}, {"type": "Feature", "properties": {"id": 2404211428, "name": "Wild Rye", "category": "cafe", "tags": ["cafe"], "sources": ["osm"], "address": "806 Pike Street", "stations": [{"stopCode": 50, "lines": "1,2", "name": "Westlake Station", "walkingMeters": 459, "walkingSeconds": 332, "band": 10}, {"stopCode": 51, "lines": "1,2", "name": "Symphony Station", "walkingMeters": 775, "walkingSeconds": 558, "band": 10}]}, "geometry": {"type": "Point", "coordinates": [-122.3320454, 47.6123653]}}, {"type": "Feature", "properties": {"id": 2404211502, "name": "Daawat Grill & Bar", "category": "restaurant", "tags": ["restaurant", "indian", "vegetarian"], "sources": ["osm"], "address": "820 Pike Street", "stations": [{"stopCode": 50, "lines": "1,2", "name": "Westlake Station", "walkingMeters": 511, "walkingSeconds": 369, "band": 10}, {"stopCode": 51, "lines": "1,2", "name": "Symphony Station", "walkingMeters": 789, "walkingSeconds": 567, "band": 10}, {"stopCode": 49, "lines": "1,2", "name": "Capitol Hill Station", "walkingMeters": 1332, "walkingSeconds": 964, "band": 15}]}, "geometry": {"type": "Point", "coordinates": [-122.33146, 47.6125994]}}, {"type": "Feature", "properties": {"id": 2404211589, "name": "The Grilled Cheese Experience", "category": "cafe", "tags": ["cafe", "sandwich"], "sources": ["osm"], "address": "909 Pike Street", "stations": [{"stopCode": 50, "lines": "1,2", "name": "Westlake Station", "walkingMeters": 567, "walkingSeconds": 409, "band": 10}, {"stopCode": 51, "lines": "1,2", "name": "Symphony Station", "walkingMeters": 760, "walkingSeconds": 547, "band": 10}, {"stopCode": 49, "lines": "1,2", "name": "Capitol Hill Station", "walkingMeters": 1337, "walkingSeconds": 967, "band": 15}]}, "geometry": {"type": "Point", "coordinates": [-122.3309519, 47.6123727]}}, {"type": "Feature", "properties": {"id": 2404231004, "name": "Dog In the Park", "category": "fast_food", "tags": ["fast-food"], "sources": ["osm"], "phone": "+1-206-254-0943", "address": "1520 4th Avenue", "stations": [{"stopCode": 50, "lines": "1,2", "name": "Westlake Station", "walkingMeters": 85, "walkingSeconds": 62, "band": 5}, {"stopCode": 51, "lines": "1,2", "name": "Symphony Station", "walkingMeters": 445, "walkingSeconds": 320, "band": 5}, {"stopCode": 52, "lines": "1,2", "name": "Pioneer Square Station", "walkingMeters": 1141, "walkingSeconds": 821, "band": 15}]}, "geometry": {"type": "Point", "coordinates": [-122.3367461, 47.611022]}}, {"type": "Feature", "properties": {"id": 2404231221, "name": "Alder & Ash", "category": "restaurant", "tags": ["restaurant", "american"], "sources": ["osm"], "website": "https://www.alderandashsea.com/", "phone": "+1-206-486-7699", "address": "629 Pike Street", "hours": "Mo-Su 06:00-22:00", "stations": [{"stopCode": 50, "lines": "1,2", "name": "Westlake Station", "walkingMeters": 328, "walkingSeconds": 238, "band": 5}, {"stopCode": 51, "lines": "1,2", "name": "Symphony Station", "walkingMeters": 604, "walkingSeconds": 435, "band": 10}]}, "geometry": {"type": "Point", "coordinates": [-122.3334588, 47.6113383]}}, {"type": "Feature", "properties": {"id": 2404238298, "name": "Cortina", "category": "restaurant", "tags": ["restaurant", "italian"], "sources": ["osm", "overture"], "website": "https://ethanstowellrestaurants.com/restaurants/cortina-union-square-seattle", "phone": "+12067367888", "address": "621 Union St", "hours": "Mo-Fr 11:00-22:00; Sa 16:00-22:00; Su 16:00-21:00", "stations": [{"stopCode": 50, "lines": "1,2", "name": "Westlake Station", "walkingMeters": 442, "walkingSeconds": 318, "band": 10}, {"stopCode": 51, "lines": "1,2", "name": "Symphony Station", "walkingMeters": 472, "walkingSeconds": 340, "band": 10}, {"stopCode": 52, "lines": "1,2", "name": "Pioneer Square Station", "walkingMeters": 1143, "walkingSeconds": 824, "band": 15}]}, "geometry": {"type": "Point", "coordinates": [-122.3327365, 47.6103382]}}, {"type": "Feature", "properties": {"id": "a71188ed-b19f-406d-8010-4a9919e70e33", "name": "Blue Water Taco Grill", "category": "restaurant", "tags": ["restaurant", "taco"], "sources": ["overture"], "website": "http://www.bluewatertacogrill.com", "phone": "(206) 838-7625", "address": "1100 Olive Way", "stations": [{"stopCode": 50, "lines": "1,2", "name": "Westlake Station", "walkingMeters": 790, "walkingSeconds": 571, "band": 10}, {"stopCode": 49, "lines": "1,2", "name": "Capitol Hill Station", "walkingMeters": 1032, "walkingSeconds": 747, "band": 15}]}, "geometry": {"type": "Point", "coordinates": [-122.3308792, 47.6160355]}}, {"type": "Feature", "properties": {"id": 2404247456, "name": "Pho 25", "category": "restaurant", "tags": ["restaurant", "vietnamese", "asian", "noodles"], "sources": ["osm", "overture"], "website": "http://www.pho25.net/", "phone": "+12065870862", "address": "1525 3rd Ave", "stations": [{"stopCode": 50, "lines": "1,2", "name": "Westlake Station", "walkingMeters": 222, "walkingSeconds": 161, "band": 5}, {"stopCode": 51, "lines": "1,2", "name": "Symphony Station", "walkingMeters": 354, "walkingSeconds": 257, "band": 5}, {"stopCode": 52, "lines": "1,2", "name": "Pioneer Square Station", "walkingMeters": 1054, "walkingSeconds": 759, "band": 15}]}, "geometry": {"type": "Point", "coordinates": [-122.3386589, 47.6103545]}}, {"type": "Feature", "properties": {"id": "dca2854b-6636-42d5-b296-6c7ae1e9a435", "name": "Black Arrows Coffee", "category": "cafe", "tags": ["cafe", "coffee"], "sources": ["overture"], "website": "https://www.blackarrowscoffee.com", "phone": "(206) 380-0046", "address": "600 Pine St", "stations": [{"stopCode": 50, "lines": "1,2", "name": "Westlake Station", "walkingMeters": 167, "walkingSeconds": 122, "band": 5}, {"stopCode": 51, "lines": "1,2", "name": "Symphony Station", "walkingMeters": 684, "walkingSeconds": 494, "band": 10}]}, "geometry": {"type": "Point", "coordinates": [-122.335228, 47.6126251]}}, {"type": "Feature", "properties": {"id": 2561809366, "name": "Cafe Madeline", "category": "fast_food", "tags": ["fast-food", "korean", "sandwich", "takeaway"], "sources": ["osm"], "address": "700 Stewart Street", "hours": "Mo-Fr 07:00-14:00", "stations": [{"stopCode": 50, "lines": "1,2", "name": "Westlake Station", "walkingMeters": 463, "walkingSeconds": 335, "band": 5}, {"stopCode": 51, "lines": "1,2", "name": "Symphony Station", "walkingMeters": 981, "walkingSeconds": 708, "band": 15}]}, "geometry": {"type": "Point", "coordinates": [-122.337057, 47.6150805]}}, {"type": "Feature", "properties": {"id": 2561809370, "name": "Nordstrom eBar", "category": "cafe", "tags": ["cafe", "coffee-shop", "outdoor-seating"], "sources": ["osm"], "hours": "Mo-Fr 06:30-19:00, Sa 08:00-19:00, Su 09:00-18:00", "stations": [{"stopCode": 50, "lines": "1,2", "name": "Westlake Station", "walkingMeters": 141, "walkingSeconds": 104, "band": 5}, {"stopCode": 51, "lines": "1,2", "name": "Symphony Station", "walkingMeters": 659, "walkingSeconds": 476, "band": 10}]}, "geometry": {"type": "Point", "coordinates": [-122.3357879, 47.6123052]}}, {"type": "Feature", "properties": {"id": 2561809377, "name": "Vinason", "category": "restaurant", "tags": ["restaurant", "vietnamese"], "sources": ["osm"], "website": "https://www.vinason.net/", "address": "2134 Westlake Avenue", "stations": [{"stopCode": 50, "lines": "1,2", "name": "Westlake Station", "walkingMeters": 742, "walkingSeconds": 536, "band": 10}, {"stopCode": 51, "lines": "1,2", "name": "Symphony Station", "walkingMeters": 1260, "walkingSeconds": 909, "band": 15}]}, "geometry": {"type": "Point", "coordinates": [-122.3381114, 47.6176069]}}, {"type": "Feature", "properties": {"id": 4905145994, "name": "Din Tai Fung", "category": "restaurant", "tags": ["restaurant", "taiwanese", "dim-sum", "dim", "sum", "chinese", "asian"], "sources": ["osm", "overture"], "website": "https://dtf.com/us/locations/seattle-pacific-place.html", "phone": "+12066829888", "address": "600 Pine St", "hours": "Mo-Fr 11:00-22:00; Sa-Su 10:00-22:00", "stations": [{"stopCode": 50, "lines": "1,2", "name": "Westlake Station", "walkingMeters": 163, "walkingSeconds": 119, "band": 5}, {"stopCode": 51, "lines": "1,2", "name": "Symphony Station", "walkingMeters": 681, "walkingSeconds": 492, "band": 10}]}, "geometry": {"type": "Point", "coordinates": [-122.335194, 47.6125289]}}, {"type": "Feature", "properties": {"id": 2865123238, "name": "Oliver's Lounge", "category": "bar", "tags": ["bar", "indoor-seating", "wheelchair-accessible", "cocktail"], "sources": ["osm", "overture"], "website": "https://www.mayflowerpark.com/olivers-lounge/", "phone": "+12066238700", "address": "405 Olive Way", "stations": [{"stopCode": 50, "lines": "1,2", "name": "Westlake Station", "walkingMeters": 183, "walkingSeconds": 132, "band": 5}, {"stopCode": 51, "lines": "1,2", "name": "Symphony Station", "walkingMeters": 617, "walkingSeconds": 444, "band": 10}]}, "geometry": {"type": "Point", "coordinates": [-122.3382256, 47.6121922]}}, {"type": "Feature", "properties": {"id": 2866810701, "name": "Andaluca", "category": "restaurant", "tags": ["restaurant", "spanish", "indoor-seating", "takeaway", "wifi"], "sources": ["osm"], "website": "https://www.andaluca.com/", "phone": "+1-206-382-6999", "address": "407 Olive Way", "hours": "Mo-Fr 07:00-11:00, Sa,Su 07:00-12:00, Tu-Th 17:00-21:00, Fr,Sa 17:00-22:00", "stations": [{"stopCode": 50, "lines": "1,2", "name": "Westlake Station", "walkingMeters": 170, "walkingSeconds": 122, "band": 5}, {"stopCode": 51, "lines": "1,2", "name": "Symphony Station", "walkingMeters": 661, "walkingSeconds": 476, "band": 10}]}, "geometry": {"type": "Point", "coordinates": [-122.337685, 47.612359]}}, {"type": "Feature", "properties": {"id": 3006168290, "name": "Marination", "category": "restaurant", "tags": ["restaurant", "mexican", "asian", "fusion"], "sources": ["osm", "overture"], "website": "http://marinationmobile.com/", "phone": "+12063279860", "address": "2000 6th Ave", "stations": [{"stopCode": 50, "lines": "1,2", "name": "Westlake Station", "walkingMeters": 411, "walkingSeconds": 298, "band": 5}, {"stopCode": 51, "lines": "1,2", "name": "Symphony Station", "walkingMeters": 926, "walkingSeconds": 668, "band": 15}]}, "geometry": {"type": "Point", "coordinates": [-122.3383718, 47.6146391]}}, {"type": "Feature", "properties": {"id": 3006168291, "name": "Cinque Terre", "category": "restaurant", "tags": ["restaurant", "italian", "wheelchair-accessible"], "sources": ["osm"], "website": "https://www.cinqueterreseattle.com/", "address": "2001 Westlake Avenue", "stations": [{"stopCode": 50, "lines": "1,2", "name": "Westlake Station", "walkingMeters": 447, "walkingSeconds": 324, "band": 5}, {"stopCode": 51, "lines": "1,2", "name": "Symphony Station", "walkingMeters": 962, "walkingSeconds": 694, "band": 15}]}, "geometry": {"type": "Point", "coordinates": [-122.3380756, 47.615083]}}, {"type": "Feature", "properties": {"id": 3006168301, "name": "Great State Burger - Downtown", "category": "restaurant", "tags": ["restaurant", "burger", "wheelchair-accessible"], "sources": ["osm"], "website": "https://greatstateburger.com", "phone": "+1-206-775-7880", "address": "2041 7th Avenue", "hours": "Mo-Fr 07:00-21:00; Sa-Su 11:00-21:00", "stations": [{"stopCode": 50, "lines": "1,2", "name": "Westlake Station", "walkingMeters": 509, "walkingSeconds": 368, "band": 10}, {"stopCode": 51, "lines": "1,2", "name": "Symphony Station", "walkingMeters": 1024, "walkingSeconds": 738, "band": 15}]}, "geometry": {"type": "Point", "coordinates": [-122.3385073, 47.6154608]}}, {"type": "Feature", "properties": {"id": 3006168302, "name": "King Leroy", "category": "restaurant", "tags": ["restaurant", "wheelchair-accessible", "has-bar", "bar"], "sources": ["osm", "overture"], "website": "http://kingleroyseattle.com/", "phone": "+12066053885", "address": "2051 7th Ave", "stations": [{"stopCode": 50, "lines": "1,2", "name": "Westlake Station", "walkingMeters": 523, "walkingSeconds": 379, "band": 10}, {"stopCode": 51, "lines": "1,2", "name": "Symphony Station", "walkingMeters": 1038, "walkingSeconds": 749, "band": 15}]}, "geometry": {"type": "Point", "coordinates": [-122.338632, 47.6155601]}}, {"type": "Feature", "properties": {"id": 4544229597, "name": "Dough Zone", "category": "restaurant", "tags": ["restaurant", "chinese"], "sources": ["osm"], "website": "http://sanseiseattle.com", "address": "815 Pine Street", "hours": "Mo-Su 11:00-22:00", "stations": [{"stopCode": 50, "lines": "1,2", "name": "Westlake Station", "walkingMeters": 408, "walkingSeconds": 295, "band": 10}, {"stopCode": 51, "lines": "1,2", "name": "Symphony Station", "walkingMeters": 907, "walkingSeconds": 652, "band": 15}, {"stopCode": 49, "lines": "1,2", "name": "Capitol Hill Station", "walkingMeters": 1276, "walkingSeconds": 925, "band": 15}]}, "geometry": {"type": "Point", "coordinates": [-122.3321463, 47.6133133]}}, {"type": "Feature", "properties": {"id": 9936599380, "name": "Kitanda", "category": "cafe", "tags": ["cafe", "coffee-shop", "takeaway"], "sources": ["osm"], "website": "https://www.kitanda.com/", "address": "2202 8th Avenue", "stations": [{"stopCode": 50, "lines": "1,2", "name": "Westlake Station", "walkingMeters": 792, "walkingSeconds": 572, "band": 10}, {"stopCode": 51, "lines": "1,2", "name": "Symphony Station", "walkingMeters": 1306, "walkingSeconds": 942, "band": 15}]}, "geometry": {"type": "Point", "coordinates": [-122.3396428, 47.617685]}}, {"type": "Feature", "properties": {"id": 3559868714, "name": "Gyro Stop", "category": "fast_food", "tags": ["fast-food"], "sources": ["osm"], "address": "725 Pike Street", "stations": [{"stopCode": 50, "lines": "1,2", "name": "Westlake Station", "walkingMeters": 494, "walkingSeconds": 359, "band": 10}, {"stopCode": 51, "lines": "1,2", "name": "Symphony Station", "walkingMeters": 709, "walkingSeconds": 512, "band": 10}]}, "geometry": {"type": "Point", "coordinates": [-122.331671, 47.611744]}}, {"type": "Feature", "properties": {"id": "c9589f9b-ec0a-42f8-a19e-f81c92d079f7", "name": "Anchorhead Coffee", "category": "cafe", "tags": ["cafe", "coffee"], "sources": ["overture"], "website": "http://anchorheadcoffee.com/", "phone": "+12062222222", "address": "1600 7th Ave", "stations": [{"stopCode": 50, "lines": "1,2", "name": "Westlake Station", "walkingMeters": 315, "walkingSeconds": 228, "band": 5}, {"stopCode": 51, "lines": "1,2", "name": "Symphony Station", "walkingMeters": 832, "walkingSeconds": 601, "band": 10}, {"stopCode": 49, "lines": "1,2", "name": "Capitol Hill Station", "walkingMeters": 1407, "walkingSeconds": 1017, "band": 15}]}, "geometry": {"type": "Point", "coordinates": [-122.3347397, 47.613369]}}, {"type": "Feature", "properties": {"id": 3554940356, "name": "Caf\u00e9 Amazon", "category": "cafe", "tags": ["cafe", "coffee-shop", "takeaway"], "sources": ["osm"], "stations": [{"stopCode": 50, "lines": "1,2", "name": "Westlake Station", "walkingMeters": 579, "walkingSeconds": 419, "band": 10}, {"stopCode": 51, "lines": "1,2", "name": "Symphony Station", "walkingMeters": 1097, "walkingSeconds": 791, "band": 15}, {"stopCode": 49, "lines": "1,2", "name": "Capitol Hill Station", "walkingMeters": 1437, "walkingSeconds": 1041, "band": 15}]}, "geometry": {"type": "Point", "coordinates": [-122.3360093, 47.615623]}}, {"type": "Feature", "properties": {"id": 3559868712, "name": "Espresso Caffe Dior", "category": "cafe", "tags": ["cafe", "coffee-shop", "coffee"], "sources": ["osm", "overture"], "website": "https://espresso-dior.edan.io", "phone": "+12066240814", "address": "800 Convention Pl", "stations": [{"stopCode": 50, "lines": "1,2", "name": "Westlake Station", "walkingMeters": 480, "walkingSeconds": 349, "band": 10}, {"stopCode": 51, "lines": "1,2", "name": "Symphony Station", "walkingMeters": 724, "walkingSeconds": 522, "band": 10}]}, "geometry": {"type": "Point", "coordinates": [-122.3319548, 47.6117819]}}, {"type": "Feature", "properties": {"id": 3584221907, "name": "The Carlile Room", "category": "restaurant", "tags": ["restaurant", "american", "regional", "bar", "cocktail", "bar-and-grill"], "sources": ["osm", "overture"], "website": "http://thecarlile.com/", "phone": "+12069469720", "address": "820 Pine St", "hours": "We-Su 16:30-24:00", "stations": [{"stopCode": 50, "lines": "1,2", "name": "Westlake Station", "walkingMeters": 404, "walkingSeconds": 293, "band": 5}, {"stopCode": 51, "lines": "1,2", "name": "Symphony Station", "walkingMeters": 922, "walkingSeconds": 665, "band": 15}, {"stopCode": 49, "lines": "1,2", "name": "Capitol Hill Station", "walkingMeters": 1271, "walkingSeconds": 918, "band": 15}]}, "geometry": {"type": "Point", "coordinates": [-122.3323964, 47.6135477]}}, {"type": "Feature", "properties": {"id": 3586700098, "name": "La Creperie Voila", "category": "fast_food", "tags": ["fast-food", "french"], "sources": ["osm"], "website": "http://www.lacreperievoila.com/", "phone": "+1-206-447-2737", "address": "707 Pike Street", "stations": [{"stopCode": 50, "lines": "1,2", "name": "Westlake Station", "walkingMeters": 400, "walkingSeconds": 290, "band": 5}, {"stopCode": 51, "lines": "1,2", "name": "Symphony Station", "walkingMeters": 678, "walkingSeconds": 488, "band": 10}]}, "geometry": {"type": "Point", "coordinates": [-122.3326378, 47.6116604]}}, {"type": "Feature", "properties": {"id": 3613727943, "name": "Sushi Kudasai", "category": "fast_food", "tags": ["fast-food", "sushi", "restaurant", "japanese", "asian"], "sources": ["osm", "overture"], "website": "http://www.sushikudasaiseattle.com/", "phone": "+12066828000", "address": "1420 5th Ave #203", "hours": "Mo-Fr 10:00-19:00; Sa 12:00-17:00", "stations": [{"stopCode": 50, "lines": "1,2", "name": "Westlake Station", "walkingMeters": 324, "walkingSeconds": 233, "band": 5}, {"stopCode": 51, "lines": "1,2", "name": "Symphony Station", "walkingMeters": 442, "walkingSeconds": 318, "band": 5}, {"stopCode": 52, "lines": "1,2", "name": "Pioneer Square Station", "walkingMeters": 1119, "walkingSeconds": 809, "band": 15}]}, "geometry": {"type": "Point", "coordinates": [-122.3340529, 47.610375]}}, {"type": "Feature", "properties": {"id": 7549054065, "name": "Sushi Kudasai", "category": "fast_food", "tags": ["fast-food", "sushi"], "sources": ["osm"], "website": "http://www.sushikudasaiseattle.com/", "phone": "+1-206-839-4016", "address": "1501 4th Avenue", "stations": [{"stopCode": 50, "lines": "1,2", "name": "Westlake Station", "walkingMeters": 255, "walkingSeconds": 183, "band": 5}, {"stopCode": 51, "lines": "1,2", "name": "Symphony Station", "walkingMeters": 308, "walkingSeconds": 222, "band": 5}, {"stopCode": 52, "lines": "1,2", "name": "Pioneer Square Station", "walkingMeters": 1005, "walkingSeconds": 723, "band": 15}]}, "geometry": {"type": "Point", "coordinates": [-122.3377635, 47.6102175]}}, {"type": "Feature", "properties": {"id": 3613736396, "name": "Wildfire Taqueria", "category": "fast_food", "tags": ["fast-food", "mexican", "fast", "food"], "sources": ["osm", "overture"], "website": "http://www.wildfiretaqueria.com/", "phone": "2064674512", "address": "1420 5th Ave, Ste 204", "stations": [{"stopCode": 50, "lines": "1,2", "name": "Westlake Station", "walkingMeters": 313, "walkingSeconds": 225, "band": 5}, {"stopCode": 51, "lines": "1,2", "name": "Symphony Station", "walkingMeters": 455, "walkingSeconds": 328, "band": 5}, {"stopCode": 52, "lines": "1,2", "name": "Pioneer Square Station", "walkingMeters": 1132, "walkingSeconds": 819, "band": 15}]}, "geometry": {"type": "Point", "coordinates": [-122.3341119, 47.610436]}}, {"type": "Feature", "properties": {"id": 3645055323, "name": "Market Fresh", "category": "restaurant", "tags": ["restaurant"], "sources": ["osm"], "phone": "+1-206-370-0211", "address": "720 Olive Way", "stations": [{"stopCode": 50, "lines": "1,2", "name": "Westlake Station", "walkingMeters": 465, "walkingSeconds": 334, "band": 5}, {"stopCode": 51, "lines": "1,2", "name": "Symphony Station", "walkingMeters": 983, "walkingSeconds": 707, "band": 15}, {"stopCode": 49, "lines": "1,2", "name": "Capitol Hill Station", "walkingMeters": 1332, "walkingSeconds": 963, "band": 15}]}, "geometry": {"type": "Point", "coordinates": [-122.3347325, 47.6141811]}}, {"type": "Feature", "properties": {"id": 6824203385, "name": "Xi'an Noodles", "category": "restaurant", "tags": ["restaurant", "chinese", "noodles", "indoor-seating", "asian"], "sources": ["osm", "overture"], "website": "http://www.xiannoodles.com", "phone": "+12065229999", "address": "400 Pine St", "hours": "Mo-Sa 11:00-19:00; Su 12:00-19:00", "stations": [{"stopCode": 50, "lines": "1,2", "name": "Westlake Station", "walkingMeters": 72, "walkingSeconds": 52, "band": 5}, {"stopCode": 51, "lines": "1,2", "name": "Symphony Station", "walkingMeters": 565, "walkingSeconds": 407, "band": 10}]}, "geometry": {"type": "Point", "coordinates": [-122.3374111, 47.6117016]}}, {"type": "Feature", "properties": {"id": 3831131716, "name": "Poke Alice 2", "category": "restaurant", "tags": ["restaurant", "hawaiian", "poke"], "sources": ["osm", "overture"], "website": "http://pokealice2seattle3.restaurant-facilities.com", "phone": "(206) 448-3549", "address": "2001 6th Ave Ste 3400", "hours": "Mo-Fr 10:30-15:00", "stations": [{"stopCode": 50, "lines": "1,2", "name": "Westlake Station", "walkingMeters": 422, "walkingSeconds": 305, "band": 5}, {"stopCode": 51, "lines": "1,2", "name": "Symphony Station", "walkingMeters": 936, "walkingSeconds": 676, "band": 15}]}, "geometry": {"type": "Point", "coordinates": [-122.3388944, 47.6144909]}}, {"type": "Feature", "properties": {"id": 3895916769, "name": "Olympia Coffee Roasting Company", "category": "cafe", "tags": ["cafe", "coffee-shop", "coffee"], "sources": ["osm", "overture"], "website": "http://amazon.cafebonappetit.com/cafe/olympia-coffee-roasters/", "address": "2021 7th Ave", "stations": [{"stopCode": 50, "lines": "1,2", "name": "Westlake Station", "walkingMeters": 425, "walkingSeconds": 308, "band": 5}, {"stopCode": 51, "lines": "1,2", "name": "Symphony Station", "walkingMeters": 940, "walkingSeconds": 678, "band": 15}]}, "geometry": {"type": "Point", "coordinates": [-122.338128, 47.6148853]}}, {"type": "Feature", "properties": {"id": 3968905430, "name": "Artly Coffee @ Hill7", "category": "cafe", "tags": ["cafe", "coffee-shop"], "sources": ["osm"], "website": "https://artly.coffee/blogs/news/hill-7", "phone": "+1-206-465-1781", "address": "1099 Stewart Street", "hours": "Mo-Fr 08:00-17:00; Sa-Su 08:00-14:00", "stations": [{"stopCode": 50, "lines": "1,2", "name": "Westlake Station", "walkingMeters": 778, "walkingSeconds": 561, "band": 10}, {"stopCode": 49, "lines": "1,2", "name": "Capitol Hill Station", "walkingMeters": 1078, "walkingSeconds": 783, "band": 15}]}, "geometry": {"type": "Point", "coordinates": [-122.3326615, 47.6167442]}}, {"type": "Feature", "properties": {"id": 3991179115, "name": "Pow Bao", "category": "restaurant", "tags": ["restaurant", "wheelchair-accessible"], "sources": ["osm"], "stations": [{"stopCode": 50, "lines": "1,2", "name": "Westlake Station", "walkingMeters": 422, "walkingSeconds": 306, "band": 5}, {"stopCode": 51, "lines": "1,2", "name": "Symphony Station", "walkingMeters": 937, "walkingSeconds": 676, "band": 15}]}, "geometry": {"type": "Point", "coordinates": [-122.3381863, 47.6147319]}}, {"type": "Feature", "properties": {"id": 3991179116, "name": "Paninoteca", "category": "restaurant", "tags": ["restaurant"], "sources": ["osm"], "stations": [{"stopCode": 50, "lines": "1,2", "name": "Westlake Station", "walkingMeters": 421, "walkingSeconds": 305, "band": 5}, {"stopCode": 51, "lines": "1,2", "name": "Symphony Station", "walkingMeters": 936, "walkingSeconds": 675, "band": 15}]}, "geometry": {"type": "Point", "coordinates": [-122.3382361, 47.6147491]}}, {"type": "Feature", "properties": {"id": "fa0f4fd2-0be6-47f7-ac1d-473e071ad0a0", "name": "Fresh Table Cafe", "category": "cafe", "tags": ["cafe", "american"], "sources": ["overture"], "website": "http://www.freshtablecafe.com/", "address": "1501 4th Ave", "stations": [{"stopCode": 50, "lines": "1,2", "name": "Westlake Station", "walkingMeters": 230, "walkingSeconds": 165, "band": 5}, {"stopCode": 51, "lines": "1,2", "name": "Symphony Station", "walkingMeters": 305, "walkingSeconds": 220, "band": 5}, {"stopCode": 52, "lines": "1,2", "name": "Pioneer Square Station", "walkingMeters": 1002, "walkingSeconds": 720, "band": 15}]}, "geometry": {"type": "Point", "coordinates": [-122.3374176, 47.6101341]}}, {"type": "Feature", "properties": {"id": 4039354689, "name": "Vivienne's Bistro", "category": "restaurant", "tags": ["restaurant", "asian", "chinese"], "sources": ["osm", "overture"], "website": "https://www.viviennesbistro.com", "address": "600 Union St", "hours": "Mo-Sa 11:00-15:00,16:00-21:00", "stations": [{"stopCode": 50, "lines": "1,2", "name": "Westlake Station", "walkingMeters": 362, "walkingSeconds": 261, "band": 5}, {"stopCode": 51, "lines": "1,2", "name": "Symphony Station", "walkingMeters": 440, "walkingSeconds": 317, "band": 10}, {"stopCode": 52, "lines": "1,2", "name": "Pioneer Square Station", "walkingMeters": 1117, "walkingSeconds": 808, "band": 15}]}, "geometry": {"type": "Point", "coordinates": [-122.3335166, 47.6103644]}}, {"type": "Feature", "properties": {"id": 4075609804, "name": "TCBY", "category": "ice_cream", "tags": ["ice-cream", "frozen-yogurt", "takeaway"], "sources": ["osm"], "address": "1420 5th Avenue", "stations": [{"stopCode": 50, "lines": "1,2", "name": "Westlake Station", "walkingMeters": 331, "walkingSeconds": 238, "band": 5}, {"stopCode": 51, "lines": "1,2", "name": "Symphony Station", "walkingMeters": 434, "walkingSeconds": 313, "band": 5}, {"stopCode": 52, "lines": "1,2", "name": "Pioneer Square Station", "walkingMeters": 1112, "walkingSeconds": 804, "band": 15}]}, "geometry": {"type": "Point", "coordinates": [-122.3339805, 47.6103275]}}, {"type": "Feature", "properties": {"id": 4269010989, "name": "Relish Burger Bistro", "category": "restaurant", "tags": ["restaurant", "burger", "wheelchair-accessible"], "sources": ["osm"], "website": "https://www.relishbistroseattle.com/", "phone": "+1-206-256-7600", "hours": "Mo-Su 06:30-23:00", "stations": [{"stopCode": 50, "lines": "1,2", "name": "Westlake Station", "walkingMeters": 233, "walkingSeconds": 170, "band": 5}, {"stopCode": 51, "lines": "1,2", "name": "Symphony Station", "walkingMeters": 748, "walkingSeconds": 540, "band": 10}]}, "geometry": {"type": "Point", "coordinates": [-122.3378302, 47.6133299]}}, {"type": "Feature", "properties": {"id": 4346649141, "name": "Gyo Gyo En", "category": "restaurant", "tags": ["restaurant", "ramen", "sushi", "takeaway"], "sources": ["osm"], "phone": "+1-206-829-9811", "address": "2028 8th Avenue", "stations": [{"stopCode": 50, "lines": "1,2", "name": "Westlake Station", "walkingMeters": 641, "walkingSeconds": 463, "band": 10}, {"stopCode": 51, "lines": "1,2", "name": "Symphony Station", "walkingMeters": 1158, "walkingSeconds": 835, "band": 15}]}, "geometry": {"type": "Point", "coordinates": [-122.3373676, 47.6163723]}}, {"type": "Feature", "properties": {"id": 4354827091, "name": "Seng Tong Thai", "category": "restaurant", "tags": ["restaurant", "thai", "asian"], "sources": ["osm", "overture"], "website": "https://sengtongthaiseattlewa.smiledining.com/", "phone": "+12062629888", "address": "600 Pine St", "hours": "Su-Th 11:00-21:30; Fr-Sa 11:00-22:30", "stations": [{"stopCode": 50, "lines": "1,2", "name": "Westlake Station", "walkingMeters": 192, "walkingSeconds": 140, "band": 5}, {"stopCode": 51, "lines": "1,2", "name": "Symphony Station", "walkingMeters": 710, "walkingSeconds": 512, "band": 10}]}, "geometry": {"type": "Point", "coordinates": [-122.3354984, 47.6128009]}}, {"type": "Feature", "properties": {"id": 4458635037, "name": "New Saigon", "category": "restaurant", "tags": ["restaurant", "vietnamese"], "sources": ["osm"], "address": "1529 6th Avenue", "stations": [{"stopCode": 50, "lines": "1,2", "name": "Westlake Station", "walkingMeters": 136, "walkingSeconds": 100, "band": 5}, {"stopCode": 51, "lines": "1,2", "name": "Symphony Station", "walkingMeters": 633, "walkingSeconds": 455, "band": 10}]}, "geometry": {"type": "Point", "coordinates": [-122.3353312, 47.6118732]}}, {"type": "Feature", "properties": {"id": 4465621911, "name": "Yard House", "category": "restaurant", "tags": ["restaurant", "american", "bar-and-grill", "bar", "grill"], "sources": ["osm", "overture"], "website": "https://www.yardhouse.com/locations/wa/seattle/seattle-4th-and-pike/8343?cmpid=br%3Ayh_ag%3Aie_ch%3Asoc_ca%3AYHFB_sn%3Afacebook_gt%3Aseattle-wa-8343_pl%3Alocurl_rd%3A1041", "phone": "+12066822087", "address": "1501 4th Ave", "hours": "Su-Th 11:00-23:00; Fr-Sa 11:00-24:00", "stations": [{"stopCode": 50, "lines": "1,2", "name": "Westlake Station", "walkingMeters": 161, "walkingSeconds": 116, "band": 5}, {"stopCode": 51, "lines": "1,2", "name": "Symphony Station", "walkingMeters": 391, "walkingSeconds": 282, "band": 5}, {"stopCode": 52, "lines": "1,2", "name": "Pioneer Square Station", "walkingMeters": 1088, "walkingSeconds": 782, "band": 15}]}, "geometry": {"type": "Point", "coordinates": [-122.337244, 47.610557]}}, {"type": "Feature", "properties": {"id": 4480252436, "name": "Urban Donburi Kitchen", "category": "restaurant", "tags": ["restaurant", "japanese", "korean"], "sources": ["osm", "overture"], "website": "http://www.urbansushikitchen.com", "phone": "(206) 829-9669", "address": "2001 8th Ave #150", "stations": [{"stopCode": 50, "lines": "1,2", "name": "Westlake Station", "walkingMeters": 313, "walkingSeconds": 228, "band": 5}, {"stopCode": 51, "lines": "1,2", "name": "Symphony Station", "walkingMeters": 831, "walkingSeconds": 600, "band": 10}]}, "geometry": {"type": "Point", "coordinates": [-122.3371684, 47.6138932]}}, {"type": "Feature", "properties": {"id": 4531038755, "name": "Wild Tiger Pizza & Salads", "category": "fast_food", "tags": ["fast-food", "pizza"], "sources": ["osm"], "website": "https://www.wildtigerpizza.com/", "stations": [{"stopCode": 50, "lines": "1,2", "name": "Westlake Station", "walkingMeters": 125, "walkingSeconds": 90, "band": 5}, {"stopCode": 51, "lines": "1,2", "name": "Symphony Station", "walkingMeters": 559, "walkingSeconds": 402, "band": 10}]}, "geometry": {"type": "Point", "coordinates": [-122.3378722, 47.6118314]}}, {"type": "Feature", "properties": {"id": 4531209989, "name": "Fountain Wine Bar & Lounge", "category": "bar", "tags": ["bar"], "sources": ["osm"], "phone": "+1-206-621-9000", "address": "1400 6th Avenue", "hours": "Mo-Su 15:00-24:00", "stations": [{"stopCode": 50, "lines": "1,2", "name": "Westlake Station", "walkingMeters": 278, "walkingSeconds": 202, "band": 5}, {"stopCode": 51, "lines": "1,2", "name": "Symphony Station", "walkingMeters": 554, "walkingSeconds": 399, "band": 10}]}, "geometry": {"type": "Point", "coordinates": [-122.334003, 47.611069]}}, {"type": "Feature", "properties": {"id": 4617448916, "name": "World Fresh Asian Eatery", "category": "restaurant", "tags": ["restaurant", "asian"], "sources": ["osm"], "stations": [{"stopCode": 50, "lines": "1,2", "name": "Westlake Station", "walkingMeters": 461, "walkingSeconds": 331, "band": 10}, {"stopCode": 51, "lines": "1,2", "name": "Symphony Station", "walkingMeters": 485, "walkingSeconds": 349, "band": 10}, {"stopCode": 52, "lines": "1,2", "name": "Pioneer Square Station", "walkingMeters": 1155, "walkingSeconds": 833, "band": 15}]}, "geometry": {"type": "Point", "coordinates": [-122.332665, 47.6100576]}}, {"type": "Feature", "properties": {"id": 5256944642, "name": "Anchorhead Coffee Co", "category": "cafe", "tags": ["cafe", "coffee-shop"], "sources": ["osm"], "website": "https://anchorheadcoffee.com", "address": "1600 7th Avenue", "hours": "07:00-18:00", "stations": [{"stopCode": 50, "lines": "1,2", "name": "Westlake Station", "walkingMeters": 313, "walkingSeconds": 227, "band": 5}, {"stopCode": 51, "lines": "1,2", "name": "Symphony Station", "walkingMeters": 831, "walkingSeconds": 600, "band": 10}, {"stopCode": 49, "lines": "1,2", "name": "Capitol Hill Station", "walkingMeters": 1409, "walkingSeconds": 1018, "band": 15}]}, "geometry": {"type": "Point", "coordinates": [-122.3346773, 47.6133741]}}, {"type": "Feature", "properties": {"id": 4640938289, "name": "Buffalo Wild Wings", "category": "restaurant", "tags": ["restaurant", "wings", "bar", "fast-food"], "sources": ["osm", "overture"], "website": "https://www.buffalowildwings.com/locations/us/wa/seattle/1624-4th-avenue/sports-bar-1129", "phone": "2064672743", "address": "1624 4th Ave", "hours": "Mo-Su 10:00-22:00", "stations": [{"stopCode": 50, "lines": "1,2", "name": "Westlake Station", "walkingMeters": 147, "walkingSeconds": 106, "band": 5}, {"stopCode": 51, "lines": "1,2", "name": "Symphony Station", "walkingMeters": 581, "walkingSeconds": 418, "band": 10}]}, "geometry": {"type": "Point", "coordinates": [-122.338055, 47.6119867]}}, {"type": "Feature", "properties": {"id": 4715890846, "name": "Specialty's Cafe and Bakery", "category": "cafe", "tags": ["cafe"], "sources": ["osm"], "stations": [{"stopCode": 50, "lines": "1,2", "name": "Westlake Station", "walkingMeters": 189, "walkingSeconds": 136, "band": 5}, {"stopCode": 51, "lines": "1,2", "name": "Symphony Station", "walkingMeters": 466, "walkingSeconds": 336, "band": 5}, {"stopCode": 52, "lines": "1,2", "name": "Pioneer Square Station", "walkingMeters": 1146, "walkingSeconds": 830, "band": 15}]}, "geometry": {"type": "Point", "coordinates": [-122.3350458, 47.6105816]}}, {"type": "Feature", "properties": {"id": "7616d456-5485-4d98-aeb6-3c087a9a56c8", "name": "Juicy Cafe", "category": "restaurant", "tags": ["restaurant"], "sources": ["overture"], "website": "http://www.thejuicycafe.com", "phone": "12064675501", "address": "720 Olive Way", "stations": [{"stopCode": 50, "lines": "1,2", "name": "Westlake Station", "walkingMeters": 426, "walkingSeconds": 318, "band": 5}, {"stopCode": 51, "lines": "1,2", "name": "Symphony Station", "walkingMeters": 934, "walkingSeconds": 697, "band": 15}, {"stopCode": 49, "lines": "1,2", "name": "Capitol Hill Station", "walkingMeters": 1587, "walkingSeconds": 1184, "band": 15}]}, "geometry": {"type": "Point", "coordinates": [-122.3348083, 47.6142197]}}, {"type": "Feature", "properties": {"id": "c186f9fa-fd8f-45a8-9648-c64964d3e919", "name": "Great State Burger", "category": "restaurant", "tags": ["restaurant", "burger", "american"], "sources": ["overture"], "website": "http://greatstateburger.com/", "phone": "+12067757880", "address": "2041 7th Ave", "stations": [{"stopCode": 50, "lines": "1,2", "name": "Westlake Station", "walkingMeters": 503, "walkingSeconds": 364, "band": 10}, {"stopCode": 51, "lines": "1,2", "name": "Symphony Station", "walkingMeters": 1018, "walkingSeconds": 734, "band": 15}]}, "geometry": {"type": "Point", "coordinates": [-122.3384628, 47.6154175]}}, {"type": "Feature", "properties": {"id": "4b853dd2-4cbb-4dc6-b7bd-a115448fcb31", "name": "Auntie Anne's", "category": "bakery", "tags": ["bakery"], "sources": ["overture"], "website": "http://www.auntieannes.com", "phone": "(206) 623-9999", "address": "Cash and Carry", "stations": [{"stopCode": 50, "lines": "1,2", "name": "Westlake Station", "walkingMeters": 56, "walkingSeconds": 41, "band": 5}, {"stopCode": 51, "lines": "1,2", "name": "Symphony Station", "walkingMeters": 574, "walkingSeconds": 413, "band": 10}]}, "geometry": {"type": "Point", "coordinates": [-122.3371048, 47.6118546]}}, {"type": "Feature", "properties": {"id": 5136218812, "name": "Urban Sushi Kitchen", "category": "restaurant", "tags": ["restaurant", "sushi", "japanese", "asian"], "sources": ["osm", "overture"], "website": "http://urbansushikitchen.com/", "phone": "+12064486953", "address": "2001 8th Ave #150", "hours": "Mo-Fr 10:30-18:00", "stations": [{"stopCode": 50, "lines": "1,2", "name": "Westlake Station", "walkingMeters": 580, "walkingSeconds": 421, "band": 10}, {"stopCode": 51, "lines": "1,2", "name": "Symphony Station", "walkingMeters": 1098, "walkingSeconds": 794, "band": 15}]}, "geometry": {"type": "Point", "coordinates": [-122.3371636, 47.6159163]}}, {"type": "Feature", "properties": {"id": 5256944640, "name": "The Market Hall", "category": "restaurant", "tags": ["restaurant", "indoor-seating"], "sources": ["osm"], "website": "http://www.themarkethall.com", "address": "809 Olive Way", "stations": [{"stopCode": 50, "lines": "1,2", "name": "Westlake Station", "walkingMeters": 413, "walkingSeconds": 300, "band": 5}, {"stopCode": 51, "lines": "1,2", "name": "Symphony Station", "walkingMeters": 931, "walkingSeconds": 672, "band": 15}, {"stopCode": 49, "lines": "1,2", "name": "Capitol Hill Station", "walkingMeters": 1300, "walkingSeconds": 940, "band": 15}]}, "geometry": {"type": "Point", "coordinates": [-122.3335958, 47.6138293]}}, {"type": "Feature", "properties": {"id": 5256944641, "name": "Tidal Seafood", "category": "restaurant", "tags": ["restaurant", "seafood", "indoor-seating"], "sources": ["osm"], "stations": [{"stopCode": 50, "lines": "1,2", "name": "Westlake Station", "walkingMeters": 420, "walkingSeconds": 304, "band": 5}, {"stopCode": 51, "lines": "1,2", "name": "Symphony Station", "walkingMeters": 938, "walkingSeconds": 677, "band": 15}, {"stopCode": 49, "lines": "1,2", "name": "Capitol Hill Station", "walkingMeters": 1300, "walkingSeconds": 940, "band": 15}]}, "geometry": {"type": "Point", "coordinates": [-122.3341419, 47.6138537]}}, {"type": "Feature", "properties": {"id": 5416734323, "name": "Rider", "category": "restaurant", "tags": ["restaurant", "barbecue", "seafood"], "sources": ["osm", "overture"], "website": "http://www.riderseattle.com/", "phone": "2068594242", "address": "619 Pine St", "hours": "Mo-Fr 11:00-23:00; Sa-Su 10:00-11:00", "stations": [{"stopCode": 50, "lines": "1,2", "name": "Westlake Station", "walkingMeters": 223, "walkingSeconds": 162, "band": 5}, {"stopCode": 51, "lines": "1,2", "name": "Symphony Station", "walkingMeters": 733, "walkingSeconds": 527, "band": 10}]}, "geometry": {"type": "Point", "coordinates": [-122.334295, 47.6124201]}}, {"type": "Feature", "properties": {"id": 5476859723, "name": "Little Maria's Pizza", "category": "restaurant", "tags": ["restaurant", "pizza"], "sources": ["osm", "overture"], "website": "littlemariaspizza.com", "phone": "2064674988", "address": "1809 Minor Ave", "stations": [{"stopCode": 50, "lines": "1,2", "name": "Westlake Station", "walkingMeters": 883, "walkingSeconds": 635, "band": 15}, {"stopCode": 49, "lines": "1,2", "name": "Capitol Hill Station", "walkingMeters": 1051, "walkingSeconds": 763, "band": 15}]}, "geometry": {"type": "Point", "coordinates": [-122.3310804, 47.6169872]}}, {"type": "Feature", "properties": {"id": 5782061754, "name": "General Porpoise Doughnuts - Amazon Spheres", "category": "cafe", "tags": ["cafe", "donut", "wheelchair-accessible"], "sources": ["osm"], "website": "https://www.gpdoughnuts.com/locations/amazon-spheres", "address": "2101 7th Avenue", "hours": "Mo-Fr 09:00-18:00; Sa 09:00-15:00", "stations": [{"stopCode": 50, "lines": "1,2", "name": "Westlake Station", "walkingMeters": 558, "walkingSeconds": 403, "band": 10}, {"stopCode": 51, "lines": "1,2", "name": "Symphony Station", "walkingMeters": 1072, "walkingSeconds": 774, "band": 15}]}, "geometry": {"type": "Point", "coordinates": [-122.3395343, 47.6155767]}}, {"type": "Feature", "properties": {"id": 5782106054, "name": "Frolik Kitchen + Cocktails", "category": "restaurant", "tags": ["restaurant", "american"], "sources": ["osm", "overture"], "website": "https://www.frolikseattle.com/", "phone": "+12069718015", "address": "1415 5th Ave", "hours": "Mo-Fr 06:30-10:00,16:00-22:00; Sa-Su 06:30-11:00,16:00-22:00", "stations": [{"stopCode": 50, "lines": "1,2", "name": "Westlake Station", "walkingMeters": 210, "walkingSeconds": 151, "band": 5}, {"stopCode": 51, "lines": "1,2", "name": "Symphony Station", "walkingMeters": 398, "walkingSeconds": 286, "band": 5}, {"stopCode": 52, "lines": "1,2", "name": "Pioneer Square Station", "walkingMeters": 1087, "walkingSeconds": 782, "band": 15}]}, "geometry": {"type": "Point", "coordinates": [-122.3354477, 47.6101217]}}, {"type": "Feature", "properties": {"id": 5794108453, "name": "Piroshky Piroshky at Century Square", "category": "cafe", "tags": ["cafe", "bakery"], "sources": ["osm"], "website": "https://www.piroshkybakery.com/index.html", "phone": "+1-206-764-1000", "address": "1501 4th Avenue", "hours": "Mo-Fr 07:00-18:00; Sa-Su 09:00-19:00", "stations": [{"stopCode": 50, "lines": "1,2", "name": "Westlake Station", "walkingMeters": 266, "walkingSeconds": 192, "band": 5}, {"stopCode": 51, "lines": "1,2", "name": "Symphony Station", "walkingMeters": 297, "walkingSeconds": 214, "band": 5}, {"stopCode": 52, "lines": "1,2", "name": "Pioneer Square Station", "walkingMeters": 994, "walkingSeconds": 715, "band": 15}]}, "geometry": {"type": "Point", "coordinates": [-122.3377999, 47.6100836]}}, {"type": "Feature", "properties": {"id": 5799745554, "name": "Mendocino Farms", "category": "restaurant", "tags": ["restaurant", "american", "vegetarian", "vegan", "gluten-free", "sandwich"], "sources": ["osm", "overture"], "website": "https://www.mendocinofarms.com/locations/South-Lake-Union", "phone": "+12065082374", "address": "2118 Westlake Ave N", "hours": "Mo-Su 10:00-21:00", "stations": [{"stopCode": 50, "lines": "1,2", "name": "Westlake Station", "walkingMeters": 699, "walkingSeconds": 505, "band": 10}, {"stopCode": 51, "lines": "1,2", "name": "Symphony Station", "walkingMeters": 1217, "walkingSeconds": 877, "band": 15}]}, "geometry": {"type": "Point", "coordinates": [-122.3380398, 47.6172191]}}, {"type": "Feature", "properties": {"id": 5823462555, "name": "Wild Ginger - McKenzie", "category": "restaurant", "tags": ["restaurant", "asian", "wheelchair-accessible"], "sources": ["osm", "overture"], "website": "http://www.wildginger.net/", "phone": "+12067070396", "address": "2202 8th Ave", "stations": [{"stopCode": 50, "lines": "1,2", "name": "Westlake Station", "walkingMeters": 756, "walkingSeconds": 546, "band": 10}, {"stopCode": 51, "lines": "1,2", "name": "Symphony Station", "walkingMeters": 1271, "walkingSeconds": 917, "band": 15}]}, "geometry": {"type": "Point", "coordinates": [-122.33925, 47.6175001]}}, {"type": "Feature", "properties": {"id": 5855398686, "name": "Fog Room", "category": "bar", "tags": ["bar", "outdoor-seating", "cocktail"], "sources": ["osm", "overture"], "website": "https://www.fogroomseattle.com/?utm_source=fb&utm_medium=yext", "phone": "+12062567525", "address": "1610 2nd Ave", "hours": "17:00-24:00", "stations": [{"stopCode": 50, "lines": "1,2", "name": "Westlake Station", "walkingMeters": 332, "walkingSeconds": 243, "band": 5}, {"stopCode": 51, "lines": "1,2", "name": "Symphony Station", "walkingMeters": 538, "walkingSeconds": 390, "band": 10}]}, "geometry": {"type": "Point", "coordinates": [-122.3399742, 47.6111373]}}, {"type": "Feature", "properties": {"id": 5862642388, "name": "Deep Dive", "category": "bar", "tags": ["bar", "wheelchair-accessible", "cocktail"], "sources": ["osm", "overture"], "website": "http://baratthespheres.com/", "phone": "+12069009390", "address": "620 Lenora St", "hours": "Su-Th 16:00-22:00; Fr-Sa 16:00-24:00", "stations": [{"stopCode": 50, "lines": "1,2", "name": "Westlake Station", "walkingMeters": 570, "walkingSeconds": 412, "band": 10}, {"stopCode": 51, "lines": "1,2", "name": "Symphony Station", "walkingMeters": 1085, "walkingSeconds": 783, "band": 15}]}, "geometry": {"type": "Point", "coordinates": [-122.3393252, 47.615603]}}, {"type": "Feature", "properties": {"id": 5996815885, "name": "Nana\u2019s Green Tea", "category": "cafe", "tags": ["cafe", "japanese", "dessert", "outdoor-seating", "takeaway", "air-conditioned", "restaurant"], "sources": ["osm", "overture"], "website": "http://www.nanasgreentea.com/en", "phone": "+12067856477", "address": "1007 Stewart St #103", "hours": "Mo-Su 11:00-21:00", "stations": [{"stopCode": 50, "lines": "1,2", "name": "Westlake Station", "walkingMeters": 717, "walkingSeconds": 518, "band": 10}, {"stopCode": 49, "lines": "1,2", "name": "Capitol Hill Station", "walkingMeters": 1179, "walkingSeconds": 855, "band": 15}, {"stopCode": 51, "lines": "1,2", "name": "Symphony Station", "walkingMeters": 1234, "walkingSeconds": 890, "band": 15}]}, "geometry": {"type": "Point", "coordinates": [-122.3330473, 47.6161711]}}, {"type": "Feature", "properties": {"id": "22d8336e-72c3-4e0e-847c-5182d087fcea", "name": "Ma'ono Fried Chicken", "category": "restaurant", "tags": ["restaurant", "chicken", "fast-food"], "sources": ["overture"], "website": "https://www.maonoseattle.com/slu", "phone": "+12063768497", "address": "2112 7th Ave", "stations": [{"stopCode": 50, "lines": "1,2", "name": "Westlake Station", "walkingMeters": 608, "walkingSeconds": 440, "band": 10}, {"stopCode": 51, "lines": "1,2", "name": "Symphony Station", "walkingMeters": 1123, "walkingSeconds": 810, "band": 15}]}, "geometry": {"type": "Point", "coordinates": [-122.339119, 47.6161613]}}, {"type": "Feature", "properties": {"id": 6030952686, "name": "Sweetgreen", "category": "fast_food", "tags": ["fast-food", "salad", "takeaway", "restaurant", "health-food", "health", "food"], "sources": ["osm", "overture"], "website": "https://www.sweetgreen.com/", "phone": "2539002464", "address": "801 Lenora St", "hours": "Mo-Su 10:30-21:00", "stations": [{"stopCode": 50, "lines": "1,2", "name": "Westlake Station", "walkingMeters": 615, "walkingSeconds": 445, "band": 10}, {"stopCode": 51, "lines": "1,2", "name": "Symphony Station", "walkingMeters": 1133, "walkingSeconds": 817, "band": 15}]}, "geometry": {"type": "Point", "coordinates": [-122.3376528, 47.6164977]}}, {"type": "Feature", "properties": {"id": 6148538788, "name": "Andare", "category": "restaurant", "tags": ["restaurant", "italian", "indoor-seating"], "sources": ["osm"], "stations": [{"stopCode": 50, "lines": "1,2", "name": "Westlake Station", "walkingMeters": 498, "walkingSeconds": 358, "band": 10}, {"stopCode": 51, "lines": "1,2", "name": "Symphony Station", "walkingMeters": 1016, "walkingSeconds": 731, "band": 15}, {"stopCode": 49, "lines": "1,2", "name": "Capitol Hill Station", "walkingMeters": 1325, "walkingSeconds": 958, "band": 15}]}, "geometry": {"type": "Point", "coordinates": [-122.3343062, 47.614631]}}, {"type": "Feature", "properties": {"id": "959f665b-b362-4d0b-b59d-8b1a9796af8c", "name": "The Athenian Seafood Restaurant and Bar", "category": "bar", "tags": ["bar", "breakfast-and-brunch", "seafood"], "sources": ["overture"], "website": "https://www.athenianseattle.com/", "phone": "2066247166", "address": "1517 Pike Place Market", "stations": [{"stopCode": 50, "lines": "1,2", "name": "Westlake Station", "walkingMeters": 323, "walkingSeconds": 232, "band": 5}, {"stopCode": 51, "lines": "1,2", "name": "Symphony Station", "walkingMeters": 462, "walkingSeconds": 333, "band": 10}, {"stopCode": 52, "lines": "1,2", "name": "Pioneer Square Station", "walkingMeters": 1140, "walkingSeconds": 824, "band": 15}]}, "geometry": {"type": "Point", "coordinates": [-122.3338852, 47.6105423]}}, {"type": "Feature", "properties": {"id": 6426633994, "name": "45th Stop N Shop", "category": "restaurant", "tags": ["restaurant"], "sources": ["osm"], "stations": [{"stopCode": 50, "lines": "1,2", "name": "Westlake Station", "walkingMeters": 861, "walkingSeconds": 621, "band": 10}, {"stopCode": 49, "lines": "1,2", "name": "Capitol Hill Station", "walkingMeters": 1395, "walkingSeconds": 1014, "band": 15}]}, "geometry": {"type": "Point", "coordinates": [-122.3373643, 47.6181445]}}, {"type": "Feature", "properties": {"id": 6489188258, "name": "Cortina Caf\u00e9", "category": "cafe", "tags": ["cafe", "coffee-shop"], "sources": ["osm"], "stations": [{"stopCode": 50, "lines": "1,2", "name": "Westlake Station", "walkingMeters": 559, "walkingSeconds": 402, "band": 10}, {"stopCode": 51, "lines": "1,2", "name": "Symphony Station", "walkingMeters": 593, "walkingSeconds": 426, "band": 10}]}, "geometry": {"type": "Point", "coordinates": [-122.3318286, 47.6106143]}}, {"type": "Feature", "properties": {"id": 6577532710, "name": "Casco Antiguo", "category": "restaurant", "tags": ["restaurant", "mexican", "outdoor-seating", "wheelchair-accessible", "has-bar", "latin-american"], "sources": ["osm", "overture"], "website": "http://cascoantiguorestaurants.com/", "phone": "+12062907432", "address": "2102 7th Ave", "stations": [{"stopCode": 50, "lines": "1,2", "name": "Westlake Station", "walkingMeters": 601, "walkingSeconds": 434, "band": 10}, {"stopCode": 51, "lines": "1,2", "name": "Symphony Station", "walkingMeters": 1116, "walkingSeconds": 805, "band": 15}]}, "geometry": {"type": "Point", "coordinates": [-122.3389244, 47.6162071]}}, {"type": "Feature", "properties": {"id": 7549054066, "name": "Gyros Place", "category": "fast_food", "tags": ["fast-food", "greek", "restaurant", "mediterranean"], "sources": ["osm", "overture"], "website": "https://gyros-place.business.site", "phone": "12066822721", "address": "1501 4th Ave  Ste 109", "hours": "Mo-Fr 11:00-14:00; Sa,Su off", "stations": [{"stopCode": 50, "lines": "1,2", "name": "Westlake Station", "walkingMeters": 266, "walkingSeconds": 192, "band": 5}, {"stopCode": 51, "lines": "1,2", "name": "Symphony Station", "walkingMeters": 297, "walkingSeconds": 214, "band": 5}, {"stopCode": 52, "lines": "1,2", "name": "Pioneer Square Station", "walkingMeters": 994, "walkingSeconds": 715, "band": 15}]}, "geometry": {"type": "Point", "coordinates": [-122.3376848, 47.6101315]}}, {"type": "Feature", "properties": {"id": 7549054067, "name": "Taste of Asia", "category": "fast_food", "tags": ["fast-food", "asian", "restaurant", "chinese"], "sources": ["osm", "overture"], "website": "http://www.tasteofasia.biz", "phone": "(206) 682-1913", "address": "1501 4th Ave", "stations": [{"stopCode": 50, "lines": "1,2", "name": "Westlake Station", "walkingMeters": 244, "walkingSeconds": 175, "band": 5}, {"stopCode": 51, "lines": "1,2", "name": "Symphony Station", "walkingMeters": 320, "walkingSeconds": 230, "band": 5}, {"stopCode": 52, "lines": "1,2", "name": "Pioneer Square Station", "walkingMeters": 1016, "walkingSeconds": 731, "band": 15}]}, "geometry": {"type": "Point", "coordinates": [-122.3378421, 47.6103035]}}, {"type": "Feature", "properties": {"id": "5a0d0eb7-88b4-4a6c-974c-08b543ca66ba", "name": "Sbarro", "category": "restaurant", "tags": ["restaurant", "pizza"], "sources": ["overture"], "website": "http://www.sbarro.com", "phone": "(206) 287-9884", "address": "400 Pine St #332", "stations": [{"stopCode": 50, "lines": "1,2", "name": "Westlake Station", "walkingMeters": 56, "walkingSeconds": 41, "band": 5}, {"stopCode": 51, "lines": "1,2", "name": "Symphony Station", "walkingMeters": 574, "walkingSeconds": 413, "band": 10}]}, "geometry": {"type": "Point", "coordinates": [-122.3371048, 47.6118546]}}, {"type": "Feature", "properties": {"id": "92eb4bb8-c6f4-41cf-9b33-c3e1c441b59a", "name": "CaliBurger", "category": "restaurant", "tags": ["restaurant", "burger", "american"], "sources": ["overture"], "website": "https://caliburger.com/seattle", "phone": "+12064671600", "address": "400 Pine St", "stations": [{"stopCode": 50, "lines": "1,2", "name": "Westlake Station", "walkingMeters": 55, "walkingSeconds": 40, "band": 5}, {"stopCode": 51, "lines": "1,2", "name": "Symphony Station", "walkingMeters": 553, "walkingSeconds": 397, "band": 10}]}, "geometry": {"type": "Point", "coordinates": [-122.337204, 47.6118584]}}, {"type": "Feature", "properties": {"id": 9854697117, "name": "Haidilao Hot Pot", "category": "restaurant", "tags": ["restaurant", "chinese", "hotpot"], "sources": ["osm"], "hours": "Su-Th 11:00-21:30; Fr-Sa 11:00-22:00", "stations": [{"stopCode": 50, "lines": "1,2", "name": "Westlake Station", "walkingMeters": 162, "walkingSeconds": 119, "band": 5}, {"stopCode": 51, "lines": "1,2", "name": "Symphony Station", "walkingMeters": 680, "walkingSeconds": 491, "band": 10}]}, "geometry": {"type": "Point", "coordinates": [-122.335356, 47.6125443]}}, {"type": "Feature", "properties": {"id": 9758014093, "name": "Hotel Max breakfast", "category": "cafe", "tags": ["cafe"], "sources": ["osm"], "stations": [{"stopCode": 50, "lines": "1,2", "name": "Westlake Station", "walkingMeters": 394, "walkingSeconds": 286, "band": 5}, {"stopCode": 51, "lines": "1,2", "name": "Symphony Station", "walkingMeters": 912, "walkingSeconds": 658, "band": 10}]}, "geometry": {"type": "Point", "coordinates": [-122.3365765, 47.6142873]}}, {"type": "Feature", "properties": {"id": 9773263744, "name": "Tous les Jours", "category": "cafe", "tags": ["cafe"], "sources": ["osm"], "address": "101 Terry Avenue North", "stations": [{"stopCode": 50, "lines": "1,2", "name": "Westlake Station", "walkingMeters": 956, "walkingSeconds": 689, "band": 10}, {"stopCode": 49, "lines": "1,2", "name": "Capitol Hill Station", "walkingMeters": 1358, "walkingSeconds": 989, "band": 15}]}, "geometry": {"type": "Point", "coordinates": [-122.3374367, 47.6188088]}}, {"type": "Feature", "properties": {"id": 9910574179, "name": "Grumpy Bean", "category": "cafe", "tags": ["cafe", "coffee-shop", "takeaway", "wheelchair-accessible", "coffee", "latin-american"], "sources": ["osm", "overture"], "website": "http://grumpybeanseattle.com/", "phone": "+12062232173", "address": "910 Stewart St", "stations": [{"stopCode": 50, "lines": "1,2", "name": "Westlake Station", "walkingMeters": 613, "walkingSeconds": 443, "band": 10}, {"stopCode": 51, "lines": "1,2", "name": "Symphony Station", "walkingMeters": 1131, "walkingSeconds": 816, "band": 15}, {"stopCode": 49, "lines": "1,2", "name": "Capitol Hill Station", "walkingMeters": 1248, "walkingSeconds": 904, "band": 15}]}, "geometry": {"type": "Point", "coordinates": [-122.3344228, 47.6158477]}}, {"type": "Feature", "properties": {"id": 10964569193, "name": "House of Eve", "category": "restaurant", "tags": ["restaurant", "american"], "sources": ["osm", "overture"], "website": "http://houseofeveseattle.com/", "phone": "+12066008827", "address": "730 Blanchard St", "stations": [{"stopCode": 50, "lines": "1,2", "name": "Westlake Station", "walkingMeters": 748, "walkingSeconds": 540, "band": 10}, {"stopCode": 51, "lines": "1,2", "name": "Symphony Station", "walkingMeters": 1262, "walkingSeconds": 910, "band": 15}]}, "geometry": {"type": "Point", "coordinates": [-122.33953, 47.6172377]}}, {"type": "Feature", "properties": {"id": 10982888190, "name": "Cafe Zum Zum", "category": "fast_food", "tags": ["fast-food", "indian", "cafe"], "sources": ["osm", "overture"], "website": "https://cafezumzum.com/", "phone": "+12066227391", "address": "1501 4th Ave Ste 101", "stations": [{"stopCode": 50, "lines": "1,2", "name": "Westlake Station", "walkingMeters": 238, "walkingSeconds": 171, "band": 5}, {"stopCode": 51, "lines": "1,2", "name": "Symphony Station", "walkingMeters": 326, "walkingSeconds": 234, "band": 5}, {"stopCode": 52, "lines": "1,2", "name": "Pioneer Square Station", "walkingMeters": 1022, "walkingSeconds": 736, "band": 15}]}, "geometry": {"type": "Point", "coordinates": [-122.3379846, 47.6103092]}}, {"type": "Feature", "properties": {"id": 11214850362, "name": "Xing Fu Tang", "category": "cafe", "tags": ["cafe", "bubble-tea", "takeaway"], "sources": ["osm"], "website": "https://www.xingfutangwa.com/", "phone": "+1-206-785-2622", "address": "1905 4th Avenue", "hours": "Fr-Sa 11:00-23:00; Mo-Th,Su 11:00-22:00", "stations": [{"stopCode": 50, "lines": "1,2", "name": "Westlake Station", "walkingMeters": 250, "walkingSeconds": 180, "band": 5}, {"stopCode": 51, "lines": "1,2", "name": "Symphony Station", "walkingMeters": 619, "walkingSeconds": 446, "band": 10}]}, "geometry": {"type": "Point", "coordinates": [-122.3391522, 47.6122913]}}, {"type": "Feature", "properties": {"id": 11554323130, "name": "Craft Bar & Kitchen", "category": "restaurant", "tags": ["restaurant", "american"], "sources": ["osm", "overture"], "website": "https://www.hiltongardeninn3.hilton.com/en/hotels/washington/hilton-garden-inn-seattle-downtown-SEABAGI/dining/index.html", "phone": "(206) 566-5252", "address": "1821 Boren Ave", "stations": [{"stopCode": 50, "lines": "1,2", "name": "Westlake Station", "walkingMeters": 745, "walkingSeconds": 536, "band": 10}, {"stopCode": 49, "lines": "1,2", "name": "Capitol Hill Station", "walkingMeters": 1095, "walkingSeconds": 793, "band": 15}, {"stopCode": 51, "lines": "1,2", "name": "Symphony Station", "walkingMeters": 1263, "walkingSeconds": 909, "band": 15}]}, "geometry": {"type": "Point", "coordinates": [-122.3316988, 47.6161544]}}, {"type": "Feature", "properties": {"id": 11810500321, "name": "BENTOFUL", "category": "restaurant", "tags": ["restaurant"], "sources": ["osm"], "address": "720 Olive Way", "hours": "Mo-Fr 10:30-14:30", "stations": [{"stopCode": 50, "lines": "1,2", "name": "Westlake Station", "walkingMeters": 425, "walkingSeconds": 305, "band": 5}, {"stopCode": 51, "lines": "1,2", "name": "Symphony Station", "walkingMeters": 942, "walkingSeconds": 678, "band": 15}, {"stopCode": 49, "lines": "1,2", "name": "Capitol Hill Station", "walkingMeters": 1365, "walkingSeconds": 993, "band": 15}]}, "geometry": {"type": "Point", "coordinates": [-122.3348513, 47.614199]}}, {"type": "Feature", "properties": {"id": 12147022601, "name": "Monorail Esspresso", "category": "cafe", "tags": ["cafe", "coffee-shop", "outdoor-seating"], "sources": ["osm"], "stations": [{"stopCode": 50, "lines": "1,2", "name": "Westlake Station", "walkingMeters": 561, "walkingSeconds": 406, "band": 10}, {"stopCode": 51, "lines": "1,2", "name": "Symphony Station", "walkingMeters": 1054, "walkingSeconds": 758, "band": 15}, {"stopCode": 49, "lines": "1,2", "name": "Capitol Hill Station", "walkingMeters": 1114, "walkingSeconds": 805, "band": 15}]}, "geometry": {"type": "Point", "coordinates": [-122.3306455, 47.6142421]}}, {"type": "Feature", "properties": {"id": 12207102614, "name": "Phocific Standard Time", "category": "bar", "tags": ["bar"], "sources": ["osm"], "website": "https://www.thephobac.com/", "hours": "Mo,Su off; Tu-Sa 17:00-24:00", "stations": [{"stopCode": 50, "lines": "1,2", "name": "Westlake Station", "walkingMeters": 461, "walkingSeconds": 334, "band": 5}, {"stopCode": 51, "lines": "1,2", "name": "Symphony Station", "walkingMeters": 978, "walkingSeconds": 706, "band": 15}]}, "geometry": {"type": "Point", "coordinates": [-122.3372723, 47.614704]}}, {"type": "Feature", "properties": {"id": 12228004001, "name": "Spruce Cafe", "category": "restaurant", "tags": ["restaurant", "breakfast", "cafe", "breakfast-and-brunch", "american"], "sources": ["osm", "overture"], "website": "http://www.sprucecafeseattle.com/", "phone": "+12069020348", "address": "724 Pine St", "stations": [{"stopCode": 50, "lines": "1,2", "name": "Westlake Station", "walkingMeters": 303, "walkingSeconds": 220, "band": 5}, {"stopCode": 51, "lines": "1,2", "name": "Symphony Station", "walkingMeters": 821, "walkingSeconds": 592, "band": 10}, {"stopCode": 49, "lines": "1,2", "name": "Capitol Hill Station", "walkingMeters": 1372, "walkingSeconds": 990, "band": 15}]}, "geometry": {"type": "Point", "coordinates": [-122.3335343, 47.613078]}}, {"type": "Feature", "properties": {"id": 12955400411, "name": "Metropolitan Cafe", "category": "cafe", "tags": ["cafe"], "sources": ["osm", "overture"], "website": "http://Metropolitandeliandcafe.com/", "phone": "+12063974385", "address": "1801 Boren Ave", "hours": "Mo-Fr 06:00-22:00; Sa 08:00-22:00; Su 08:00-20:00", "stations": [{"stopCode": 50, "lines": "1,2", "name": "Westlake Station", "walkingMeters": 794, "walkingSeconds": 571, "band": 10}, {"stopCode": 49, "lines": "1,2", "name": "Capitol Hill Station", "walkingMeters": 1135, "walkingSeconds": 822, "band": 15}, {"stopCode": 51, "lines": "1,2", "name": "Symphony Station", "walkingMeters": 1312, "walkingSeconds": 944, "band": 15}]}, "geometry": {"type": "Point", "coordinates": [-122.332098, 47.6163881]}}, {"type": "Feature", "properties": {"id": 13054194034, "name": "Drift", "category": "restaurant", "tags": ["restaurant", "has-bar", "jewelry"], "sources": ["osm", "overture"], "website": "https://www.1hotels.com/seattle/taste/drift", "phone": "2062648111", "address": "2125 Terry Ave", "stations": [{"stopCode": 50, "lines": "1,2", "name": "Westlake Station", "walkingMeters": 887, "walkingSeconds": 640, "band": 10}, {"stopCode": 49, "lines": "1,2", "name": "Capitol Hill Station", "walkingMeters": 1375, "walkingSeconds": 1000, "band": 15}]}, "geometry": {"type": "Point", "coordinates": [-122.3377054, 47.6183094]}}, {"type": "Feature", "properties": {"id": 13054194035, "name": "La Loba", "category": "restaurant", "tags": ["restaurant", "spanish", "american"], "sources": ["osm", "overture"], "website": "https://www.1hotels.com/seattle/taste/la-loba", "phone": "+12062899010", "address": "2125 Terry Ave", "stations": [{"stopCode": 50, "lines": "1,2", "name": "Westlake Station", "walkingMeters": 901, "walkingSeconds": 650, "band": 10}, {"stopCode": 49, "lines": "1,2", "name": "Capitol Hill Station", "walkingMeters": 1350, "walkingSeconds": 982, "band": 15}]}, "geometry": {"type": "Point", "coordinates": [-122.3374281, 47.6182484]}}, {"type": "Feature", "properties": {"id": 13075328410, "name": "Urban Coffee House", "category": "cafe", "tags": ["cafe", "coffee"], "sources": ["osm", "overture"], "website": "http://www.urbanyogaspa.com/coffee/", "phone": "+12064200222", "address": "1900 4th Ave", "stations": [{"stopCode": 50, "lines": "1,2", "name": "Westlake Station", "walkingMeters": 225, "walkingSeconds": 162, "band": 5}, {"stopCode": 51, "lines": "1,2", "name": "Symphony Station", "walkingMeters": 638, "walkingSeconds": 459, "band": 10}]}, "geometry": {"type": "Point", "coordinates": [-122.3387356, 47.6125212]}}, {"type": "Feature", "properties": {"id": 13084034302, "name": "Pike Brewing Taproom", "category": "bar", "tags": ["bar"], "sources": ["osm"], "address": "108 Pine Street", "hours": "Tu-Su 12:00-20:30", "stations": [{"stopCode": 50, "lines": "1,2", "name": "Westlake Station", "walkingMeters": 579, "walkingSeconds": 419, "band": 10}, {"stopCode": 51, "lines": "1,2", "name": "Symphony Station", "walkingMeters": 1072, "walkingSeconds": 771, "band": 15}, {"stopCode": 49, "lines": "1,2", "name": "Capitol Hill Station", "walkingMeters": 1096, "walkingSeconds": 792, "band": 15}]}, "geometry": {"type": "Point", "coordinates": [-122.3305087, 47.6144046]}}, {"type": "Feature", "properties": {"id": 13085553684, "name": "HEYTEA (South Lake Union)", "category": "cafe", "tags": ["cafe", "tea", "chinese", "bubble-tea", "organic"], "sources": ["osm"], "website": "https://www.heytea.com/", "phone": "+1-206-310-3718", "address": "910 John Street", "hours": "Mo-Su 11:00-21:00", "stations": [{"stopCode": 50, "lines": "1,2", "name": "Westlake Station", "walkingMeters": 1055, "walkingSeconds": 761, "band": 15}]}, "geometry": {"type": "Point", "coordinates": [-122.3395642, 47.6198577]}}, {"type": "Feature", "properties": {"id": "f9a61b6c-f49c-4bb3-8e64-f03ffc7205f0", "name": "P.F. Chang's", "category": "restaurant", "tags": ["restaurant", "chinese"], "sources": ["overture"], "website": "https://www.pfchangs.com/locations/us/wa/seattle/400-pine-st/9957-permanently-closed.html", "phone": "(206) 393-0070", "address": "400 Pine St Ste 136", "stations": [{"stopCode": 50, "lines": "1,2", "name": "Westlake Station", "walkingMeters": 94, "walkingSeconds": 67, "band": 5}, {"stopCode": 51, "lines": "1,2", "name": "Symphony Station", "walkingMeters": 546, "walkingSeconds": 393, "band": 10}]}, "geometry": {"type": "Point", "coordinates": [-122.3377075, 47.6117363]}}, {"type": "Feature", "properties": {"id": 13765289848, "name": "Social Fabric", "category": "cafe", "tags": ["cafe"], "sources": ["osm"], "stations": [{"stopCode": 50, "lines": "1,2", "name": "Westlake Station", "walkingMeters": 929, "walkingSeconds": 671, "band": 15}, {"stopCode": 49, "lines": "1,2", "name": "Capitol Hill Station", "walkingMeters": 1056, "walkingSeconds": 768, "band": 15}]}, "geometry": {"type": "Point", "coordinates": [-122.3335457, 47.6183246]}}, {"type": "Feature", "properties": {"id": 13963825323, "name": "Thai Thani Kitchen", "category": "restaurant", "tags": ["restaurant", "thai", "asian"], "sources": ["osm", "overture"], "website": "http://thaithanikitchen.com/SouthLakeUnion.html", "phone": "+12066241485", "address": "201 Boren Ave N", "stations": [{"stopCode": 50, "lines": "1,2", "name": "Westlake Station", "walkingMeters": 1125, "walkingSeconds": 811, "band": 15}, {"stopCode": 49, "lines": "1,2", "name": "Capitol Hill Station", "walkingMeters": 1378, "walkingSeconds": 1000, "band": 15}]}, "geometry": {"type": "Point", "coordinates": [-122.3360978, 47.6199538]}}, {"type": "Feature", "properties": {"id": 14038763224, "name": "Taz Matcha", "category": "cafe", "tags": ["cafe", "tea", "asian"], "sources": ["osm"], "address": "1514 4th Avenue", "stations": [{"stopCode": 50, "lines": "1,2", "name": "Westlake Station", "walkingMeters": 115, "walkingSeconds": 83, "band": 5}, {"stopCode": 51, "lines": "1,2", "name": "Symphony Station", "walkingMeters": 415, "walkingSeconds": 299, "band": 5}, {"stopCode": 52, "lines": "1,2", "name": "Pioneer Square Station", "walkingMeters": 1112, "walkingSeconds": 800, "band": 15}]}, "geometry": {"type": "Point", "coordinates": [-122.3366804, 47.6107581]}}, {"type": "Feature", "properties": {"id": 14038763225, "name": "Lingon", "category": "restaurant", "tags": ["restaurant", "swedish"], "sources": ["osm"], "address": "1518 4th Avenue", "hours": "Tu-Su 14:00-22:00", "stations": [{"stopCode": 50, "lines": "1,2", "name": "Westlake Station", "walkingMeters": 102, "walkingSeconds": 74, "band": 5}, {"stopCode": 51, "lines": "1,2", "name": "Symphony Station", "walkingMeters": 428, "walkingSeconds": 308, "band": 5}, {"stopCode": 52, "lines": "1,2", "name": "Pioneer Square Station", "walkingMeters": 1125, "walkingSeconds": 809, "band": 15}]}, "geometry": {"type": "Point", "coordinates": [-122.3367074, 47.6108758]}}, {"type": "Feature", "properties": {"id": "ebe0c005-6e4b-4518-be3e-8e9cf8a458a5", "name": "Tutta Bella Neapolitan Pizzeria", "category": "restaurant", "tags": ["restaurant", "italian", "pizza"], "sources": ["overture"], "website": "https://tuttabella.com/", "phone": "+12066244422", "address": "1100 Virginia St", "stations": [{"stopCode": 50, "lines": "1,2", "name": "Westlake Station", "walkingMeters": 910, "walkingSeconds": 657, "band": 15}, {"stopCode": 49, "lines": "1,2", "name": "Capitol Hill Station", "walkingMeters": 1076, "walkingSeconds": 782, "band": 15}]}, "geometry": {"type": "Point", "coordinates": [-122.3337173, 47.6181984]}}, {"type": "Feature", "properties": {"id": "1c1cff24-bc8f-4684-9012-d4671e2c9ed7", "name": "Chick'n Fix", "category": "restaurant", "tags": ["restaurant", "chicken", "fast-food"], "sources": ["overture"], "website": "http://www.chicknfix.com/", "phone": "+12069140610", "address": "  Fairview Ave N", "stations": [{"stopCode": 50, "lines": "1,2", "name": "Westlake Station", "walkingMeters": 639, "walkingSeconds": 464, "band": 10}, {"stopCode": 51, "lines": "1,2", "name": "Symphony Station", "walkingMeters": 1157, "walkingSeconds": 837, "band": 15}, {"stopCode": 49, "lines": "1,2", "name": "Capitol Hill Station", "walkingMeters": 1342, "walkingSeconds": 976, "band": 15}]}, "geometry": {"type": "Point", "coordinates": [-122.3358078, 47.6163788]}}, {"type": "Feature", "properties": {"id": "f96c8e05-3fd8-4aab-a4e1-99a57860b63e", "name": "Johnny Rockets", "category": "restaurant", "tags": ["restaurant", "burger"], "sources": ["overture"], "website": "https://www.johnnyrockets.com", "phone": "12067499803", "address": "600 Pine St", "stations": [{"stopCode": 50, "lines": "1,2", "name": "Westlake Station", "walkingMeters": 195, "walkingSeconds": 146, "band": 5}, {"stopCode": 51, "lines": "1,2", "name": "Symphony Station", "walkingMeters": 678, "walkingSeconds": 506, "band": 10}]}, "geometry": {"type": "Point", "coordinates": [-122.3352203, 47.6124687]}}, {"type": "Feature", "properties": {"id": "001fe32a-18e8-4aec-b178-1929bfe9e76f", "name": "Dilettante Mocha Caf\u00e9", "category": "cafe", "tags": ["cafe", "coffee"], "sources": ["overture"], "website": "https://www.dilettante.com/Mocha-Cafe/818-Stewart", "phone": "2066822929", "address": "818 Stewart St", "stations": [{"stopCode": 50, "lines": "1,2", "name": "Westlake Station", "walkingMeters": 570, "walkingSeconds": 412, "band": 10}, {"stopCode": 51, "lines": "1,2", "name": "Symphony Station", "walkingMeters": 1088, "walkingSeconds": 785, "band": 15}, {"stopCode": 49, "lines": "1,2", "name": "Capitol Hill Station", "walkingMeters": 1344, "walkingSeconds": 974, "band": 15}]}, "geometry": {"type": "Point", "coordinates": [-122.3350677, 47.6156387]}}, {"type": "Feature", "properties": {"id": "4788e2fa-3d51-4e93-bbdc-73974c5411e1", "name": "Dilettante Mocha Caf\u00e9", "category": "cafe", "tags": ["cafe", "coffee"], "sources": ["overture"], "website": "https://www.dilettante.com/Mocha-Cafe/Westlake-Tower", "phone": "2062586658", "address": "1601 5th Ave Ste 100", "stations": [{"stopCode": 50, "lines": "1,2", "name": "Westlake Station", "walkingMeters": 120, "walkingSeconds": 86, "band": 5}, {"stopCode": 51, "lines": "1,2", "name": "Symphony Station", "walkingMeters": 638, "walkingSeconds": 459, "band": 10}]}, "geometry": {"type": "Point", "coordinates": [-122.337204, 47.6124687]}}, {"type": "Feature", "properties": {"id": "25d904c9-cacf-4c44-9392-ac1eea70e93d", "name": "Pike Place Market", "category": "restaurant", "tags": ["restaurant"], "sources": ["overture"], "website": "www.pikeplacebakery.com", "phone": "+12066827453", "address": "85 Pike St", "stations": [{"stopCode": 50, "lines": "1,2", "name": "Westlake Station", "walkingMeters": 76, "walkingSeconds": 56, "band": 5}, {"stopCode": 51, "lines": "1,2", "name": "Symphony Station", "walkingMeters": 593, "walkingSeconds": 429, "band": 10}]}, "geometry": {"type": "Point", "coordinates": [-122.3335876, 47.6112022]}}, {"type": "Feature", "properties": {"id": "ab254fc5-c980-4889-b0c9-840273799415", "name": "Specialty\u2019s Caf\u00e9 & Bakery", "category": "bakery", "tags": ["bakery"], "sources": ["overture"], "website": "http://www.specialtys.com/location.aspx?store=se08", "phone": "(415) 362-2052", "address": "1918 8th Ave", "stations": [{"stopCode": 50, "lines": "1,2", "name": "Westlake Station", "walkingMeters": 579, "walkingSeconds": 418, "band": 10}, {"stopCode": 51, "lines": "1,2", "name": "Symphony Station", "walkingMeters": 1096, "walkingSeconds": 791, "band": 15}]}, "geometry": {"type": "Point", "coordinates": [-122.3361282, 47.6155167]}}, {"type": "Feature", "properties": {"id": "80d09fc7-5e51-4a90-b1b5-5e36d07293f6", "name": "Specialty's Cafe & Bakery", "category": "cafe", "tags": ["cafe"], "sources": ["overture"], "website": "http://www.specialtys.com/", "phone": "8775022837", "address": "1400 5th Ave", "stations": [{"stopCode": 50, "lines": "1,2", "name": "Westlake Station", "walkingMeters": 306, "walkingSeconds": 228, "band": 5}, {"stopCode": 51, "lines": "1,2", "name": "Symphony Station", "walkingMeters": 352, "walkingSeconds": 263, "band": 5}, {"stopCode": 52, "lines": "1,2", "name": "Pioneer Square Station", "walkingMeters": 1129, "walkingSeconds": 843, "band": 15}]}, "geometry": {"type": "Point", "coordinates": [-122.3345566, 47.6100388]}}, {"type": "Feature", "properties": {"id": "1c8cc3f5-9b5e-44c7-9f6a-a85893a86860", "name": "La Toscanella", "category": "restaurant", "tags": ["restaurant"], "sources": ["overture"], "phone": "2066821044", "address": "116 Westlake Ave N", "stations": [{"stopCode": 50, "lines": "1,2", "name": "Westlake Station", "walkingMeters": 946, "walkingSeconds": 683, "band": 10}]}, "geometry": {"type": "Point", "coordinates": [-122.338089, 47.6190605]}}, {"type": "Feature", "properties": {"id": "dd5cf1d0-e7d8-4277-bf8c-8de34b55dbd2", "name": "Mio Sushi", "category": "restaurant", "tags": ["restaurant", "sushi"], "sources": ["overture"], "website": "http://miosushi.com", "phone": "(206) 971-0069", "address": "120 Westlake Ave N", "stations": [{"stopCode": 50, "lines": "1,2", "name": "Westlake Station", "walkingMeters": 924, "walkingSeconds": 667, "band": 15}]}, "geometry": {"type": "Point", "coordinates": [-122.3386078, 47.6192322]}}, {"type": "Feature", "properties": {"id": "dabb45dd-a2af-4c48-bc31-80e71dae1df9", "name": "Tlj Terry Llc", "category": "restaurant", "tags": ["restaurant"], "sources": ["overture"], "address": "101 Terry Ave N", "stations": [{"stopCode": 50, "lines": "1,2", "name": "Westlake Station", "walkingMeters": 1046, "walkingSeconds": 781, "band": 10}, {"stopCode": 49, "lines": "1,2", "name": "Capitol Hill Station", "walkingMeters": 1693, "walkingSeconds": 1263, "band": 15}]}, "geometry": {"type": "Point", "coordinates": [-122.3375626, 47.6187859]}}, {"type": "Feature", "properties": {"id": "1181cbb9-5ff0-42db-9d00-d8f6619f2f5b", "name": "TOUS les JOURS Bakery Caf\u00e9 - Seattle Terry", "category": "bakery", "tags": ["bakery"], "sources": ["overture"], "website": "https://www.tljus.com/", "phone": "+12064575096", "address": "101 Terry Ave N", "stations": [{"stopCode": 50, "lines": "1,2", "name": "Westlake Station", "walkingMeters": 1028, "walkingSeconds": 767, "band": 10}, {"stopCode": 49, "lines": "1,2", "name": "Capitol Hill Station", "walkingMeters": 1668, "walkingSeconds": 1245, "band": 15}]}, "geometry": {"type": "Point", "coordinates": [-122.3373032, 47.6186752]}}, {"type": "Feature", "properties": {"id": "b97e2f42-c225-46c1-8bcd-3459ea7ca1c3", "name": "13 Coins Restaurant", "category": "restaurant", "tags": ["restaurant", "american", "bar-and-grill"], "sources": ["overture"], "website": "http://www.13coins.com/", "phone": "+12066822513", "address": "125 Boren Ave N", "stations": [{"stopCode": 50, "lines": "1,2", "name": "Westlake Station", "walkingMeters": 1055, "walkingSeconds": 761, "band": 15}, {"stopCode": 49, "lines": "1,2", "name": "Capitol Hill Station", "walkingMeters": 1321, "walkingSeconds": 958, "band": 15}]}, "geometry": {"type": "Point", "coordinates": [-122.3360748, 47.6193352]}}, {"type": "Feature", "properties": {"id": "6803a83d-da02-40a5-a426-7a68e71fb75b", "name": "Soup Daddy Soups", "category": "restaurant", "tags": ["restaurant", "american"], "sources": ["overture"], "website": "http://www.soupdaddysoups.com", "phone": "(206) 682-7202", "address": "211 Fairview Ave N", "stations": [{"stopCode": 50, "lines": "1,2", "name": "Westlake Station", "walkingMeters": 1094, "walkingSeconds": 789, "band": 15}, {"stopCode": 49, "lines": "1,2", "name": "Capitol Hill Station", "walkingMeters": 1242, "walkingSeconds": 902, "band": 15}]}, "geometry": {"type": "Point", "coordinates": [-122.3342438, 47.6199112]}}, {"type": "Feature", "properties": {"id": "c636b5a6-d0c9-4840-aea6-0d500aae1724", "name": "Canteenm", "category": "bar", "tags": ["bar"], "sources": ["overture"], "website": "www.citizenm.com", "phone": "12063363525", "address": "201 Westlake Ave N", "stations": [{"stopCode": 50, "lines": "1,2", "name": "Westlake Station", "walkingMeters": 1231, "walkingSeconds": 919, "band": 15}]}, "geometry": {"type": "Point", "coordinates": [-122.3388748, 47.6199608]}}, {"type": "Feature", "properties": {"id": "547c0831-9e07-490e-90c7-1a7dbbfd7ab3", "name": "Fresh, Llc", "category": "restaurant", "tags": ["restaurant"], "sources": ["overture"], "website": "https://www.freshpent.com", "address": "209 Yale Ave N", "stations": [{"stopCode": 49, "lines": "1,2", "name": "Capitol Hill Station", "walkingMeters": 1022, "walkingSeconds": 763, "band": 15}, {"stopCode": 50, "lines": "1,2", "name": "Westlake Station", "walkingMeters": 1350, "walkingSeconds": 1007, "band": 15}]}, "geometry": {"type": "Point", "coordinates": [-122.3306046, 47.6199493]}}, {"type": "Feature", "properties": {"id": "33644746-9be2-4678-bd76-03b539d4fd89", "name": "Blue Water Taco Grill - Met Park", "category": "restaurant", "tags": ["restaurant", "taco"], "sources": ["overture"], "website": "http://www.bluewatertacogrill.com", "phone": "(206) 838-7625", "address": "1730 Minor Ave", "stations": [{"stopCode": 50, "lines": "1,2", "name": "Westlake Station", "walkingMeters": 989, "walkingSeconds": 738, "band": 15}, {"stopCode": 49, "lines": "1,2", "name": "Capitol Hill Station", "walkingMeters": 1024, "walkingSeconds": 764, "band": 15}]}, "geometry": {"type": "Point", "coordinates": [-122.3301468, 47.616787]}}, {"type": "Feature", "properties": {"id": "b252a3ee-0057-4f8a-8590-be4795c6de93", "name": "Pine Street Food Center, Inc", "category": "restaurant", "tags": ["restaurant"], "sources": ["overture"], "address": "1830 Minor Ave", "stations": [{"stopCode": 50, "lines": "1,2", "name": "Westlake Station", "walkingMeters": 992, "walkingSeconds": 740, "band": 15}, {"stopCode": 49, "lines": "1,2", "name": "Capitol Hill Station", "walkingMeters": 1081, "walkingSeconds": 807, "band": 15}]}, "geometry": {"type": "Point", "coordinates": [-122.3309479, 47.6172218]}}, {"type": "Feature", "properties": {"id": "956da3cb-98a1-4a2e-a836-ad717c11353c", "name": "Little Maria's Llc", "category": "restaurant", "tags": ["restaurant"], "sources": ["overture"], "website": "littlemariaspizza.com", "address": "1809 Minor Ave Ste 101", "stations": [{"stopCode": 50, "lines": "1,2", "name": "Westlake Station", "walkingMeters": 936, "walkingSeconds": 699, "band": 15}, {"stopCode": 49, "lines": "1,2", "name": "Capitol Hill Station", "walkingMeters": 1117, "walkingSeconds": 834, "band": 15}]}, "geometry": {"type": "Point", "coordinates": [-122.3311844, 47.6168633]}}, {"type": "Feature", "properties": {"id": "5a8e415c-03bf-4147-9038-b7aa822ed132", "name": "Nohm sushi bar & kaisendon", "category": "restaurant", "tags": ["restaurant", "sushi", "japanese", "asian"], "sources": ["overture"], "website": "https://nohmseattle.com/", "phone": "+12064925169", "address": "1099 Stewart St #101", "stations": [{"stopCode": 50, "lines": "1,2", "name": "Westlake Station", "walkingMeters": 738, "walkingSeconds": 533, "band": 10}, {"stopCode": 49, "lines": "1,2", "name": "Capitol Hill Station", "walkingMeters": 1102, "walkingSeconds": 800, "band": 15}, {"stopCode": 51, "lines": "1,2", "name": "Symphony Station", "walkingMeters": 1256, "walkingSeconds": 906, "band": 15}]}, "geometry": {"type": "Point", "coordinates": [-122.3329697, 47.6166]}}, {"type": "Feature", "properties": {"id": "9b48cfc4-65f5-4528-9896-931c5038a51d", "name": "Da Spot Hookah Lounge", "category": "bar", "tags": ["bar", "hookah"], "sources": ["overture"], "website": "http://www.daspothookahlounge.com", "phone": "(206) 913-2968", "address": "1914 Minor Avenue", "stations": [{"stopCode": 50, "lines": "1,2", "name": "Westlake Station", "walkingMeters": 934, "walkingSeconds": 674, "band": 15}, {"stopCode": 49, "lines": "1,2", "name": "Capitol Hill Station", "walkingMeters": 998, "walkingSeconds": 725, "band": 10}]}, "geometry": {"type": "Point", "coordinates": [-122.3321381, 47.6180344]}}, {"type": "Feature", "properties": {"id": "5d320972-f8cd-427a-9bae-b6a0d956c25e", "name": "Bloom Restaurant", "category": "restaurant", "tags": ["restaurant", "health-food", "health", "food"], "sources": ["overture"], "phone": "12066513683", "address": "1808 Minor Ave  Ste 100", "stations": [{"stopCode": 49, "lines": "1,2", "name": "Capitol Hill Station", "walkingMeters": 1096, "walkingSeconds": 818, "band": 10}, {"stopCode": 50, "lines": "1,2", "name": "Westlake Station", "walkingMeters": 1098, "walkingSeconds": 819, "band": 15}]}, "geometry": {"type": "Point", "coordinates": [-122.3313828, 47.6182632]}}, {"type": "Feature", "properties": {"id": "14f4fb09-456a-403e-9a01-cb5e9ad4940b", "name": "Lobby Bar at REN", "category": "bar", "tags": ["bar"], "sources": ["overture"], "website": "http://www.lobbybarREN.com/", "phone": "+12066016301", "address": "1161 Denny Wy", "stations": [{"stopCode": 50, "lines": "1,2", "name": "Westlake Station", "walkingMeters": 1031, "walkingSeconds": 769, "band": 15}, {"stopCode": 49, "lines": "1,2", "name": "Capitol Hill Station", "walkingMeters": 1324, "walkingSeconds": 988, "band": 15}]}, "geometry": {"type": "Point", "coordinates": [-122.3337479, 47.6184158]}}, {"type": "Feature", "properties": {"id": "41666084-1827-4e4f-bcad-2275b12ac4ed", "name": "South Lake Kitchen + Bar", "category": "restaurant", "tags": ["restaurant", "bar-and-grill", "bar", "grill"], "sources": ["overture"], "website": "https://www.panpacificseattle.com", "phone": "12062648111", "address": "2125 Terry Ave", "stations": [{"stopCode": 50, "lines": "1,2", "name": "Westlake Station", "walkingMeters": 968, "walkingSeconds": 722, "band": 10}, {"stopCode": 49, "lines": "1,2", "name": "Capitol Hill Station", "walkingMeters": 1682, "walkingSeconds": 1255, "band": 15}]}, "geometry": {"type": "Point", "coordinates": [-122.3374176, 47.6182518]}}, {"type": "Feature", "properties": {"id": "cbdd9f72-b2db-46a3-b6e5-2fdcc5de4295", "name": "Taqueria", "category": "restaurant", "tags": ["restaurant", "mexican"], "sources": ["overture"], "website": "https://www.wholefoodsmarket.com/stores/westlake", "phone": "2066219700", "address": "2210 Westlake Ave", "stations": [{"stopCode": 50, "lines": "1,2", "name": "Westlake Station", "walkingMeters": 817, "walkingSeconds": 590, "band": 10}]}, "geometry": {"type": "Point", "coordinates": [-122.3378983, 47.618248]}}, {"type": "Feature", "properties": {"id": "32a3564a-c13c-40c9-98a5-6e8d345a5d08", "name": "Spike and Steam Bar", "category": "bar", "tags": ["bar"], "sources": ["overture"], "website": "https://www.wholefoodsmarket.com/stores/westlake", "phone": "2066219700", "address": "2210 Westlake Ave", "stations": [{"stopCode": 50, "lines": "1,2", "name": "Westlake Station", "walkingMeters": 817, "walkingSeconds": 590, "band": 10}]}, "geometry": {"type": "Point", "coordinates": [-122.3378983, 47.618248]}}, {"type": "Feature", "properties": {"id": "a1855729-6b71-4761-a7f5-c7112df50403", "name": "Vinason Pho Kitchen - South Lake Union Seattle", "category": "restaurant", "tags": ["restaurant", "vietnamese", "asian"], "sources": ["overture"], "website": "http://www.vinason.net/", "phone": "+12066826886", "address": "2134 Westlake Ave N", "stations": [{"stopCode": 50, "lines": "1,2", "name": "Westlake Station", "walkingMeters": 744, "walkingSeconds": 538, "band": 10}, {"stopCode": 51, "lines": "1,2", "name": "Symphony Station", "walkingMeters": 1262, "walkingSeconds": 910, "band": 15}]}, "geometry": {"type": "Point", "coordinates": [-122.3380966, 47.6176186]}}, {"type": "Feature", "properties": {"id": "20729501-f7d0-438f-9773-44f72edde327", "name": "Swan Healthy Gourmet, LLC", "category": "cafe", "tags": ["cafe", "coffee"], "sources": ["overture"], "website": "http://seattleboba.com/", "phone": "2065356189", "address": "2100 9th Ave", "stations": [{"stopCode": 50, "lines": "1,2", "name": "Westlake Station", "walkingMeters": 889, "walkingSeconds": 663, "band": 10}, {"stopCode": 51, "lines": "1,2", "name": "Symphony Station", "walkingMeters": 1436, "walkingSeconds": 1072, "band": 15}]}, "geometry": {"type": "Point", "coordinates": [-122.3375854, 47.617691]}}, {"type": "Feature", "properties": {"id": "1d20edf1-8146-44ed-8100-8a15cf5b38af", "name": "Molly Moon\u2019s Ice Cream", "category": "restaurant", "tags": ["restaurant"], "sources": ["overture"], "address": "2210 Westlake Ave", "stations": [{"stopCode": 50, "lines": "1,2", "name": "Westlake Station", "walkingMeters": 901, "walkingSeconds": 672, "band": 10}, {"stopCode": 49, "lines": "1,2", "name": "Capitol Hill Station", "walkingMeters": 1623, "walkingSeconds": 1211, "band": 15}]}, "geometry": {"type": "Point", "coordinates": [-122.3367462, 47.6178017]}}, {"type": "Feature", "properties": {"id": "37a6524f-ff03-431e-8733-c2c87167fc5c", "name": "Kikka Sushi", "category": "restaurant", "tags": ["restaurant", "sushi"], "sources": ["overture"], "address": "2210 Westlake Ave", "stations": [{"stopCode": 50, "lines": "1,2", "name": "Westlake Station", "walkingMeters": 901, "walkingSeconds": 672, "band": 10}, {"stopCode": 49, "lines": "1,2", "name": "Capitol Hill Station", "walkingMeters": 1623, "walkingSeconds": 1211, "band": 15}]}, "geometry": {"type": "Point", "coordinates": [-122.3367462, 47.6178017]}}, {"type": "Feature", "properties": {"id": "1b028b8d-ca6d-4eeb-88b5-25979820747e", "name": "Seastar Restaurant & Raw Bar", "category": "bar", "tags": ["bar"], "sources": ["overture"], "website": "http://www.seastarrestaurant.com/", "phone": "2064624364", "address": "2121 Terry Ave", "stations": [{"stopCode": 50, "lines": "1,2", "name": "Westlake Station", "walkingMeters": 836, "walkingSeconds": 603, "band": 10}, {"stopCode": 49, "lines": "1,2", "name": "Capitol Hill Station", "walkingMeters": 1302, "walkingSeconds": 947, "band": 15}]}, "geometry": {"type": "Point", "coordinates": [-122.3366318, 47.6179123]}}, {"type": "Feature", "properties": {"id": "24031b3d-cb6c-40be-8457-d85ddabb6533", "name": "Toi Taco", "category": "restaurant", "tags": ["restaurant", "taco"], "sources": ["overture"], "website": "http://toitaco.com", "phone": "(206) 632-5936", "address": "2134 Westlake Ave", "stations": [{"stopCode": 50, "lines": "1,2", "name": "Westlake Station", "walkingMeters": 730, "walkingSeconds": 527, "band": 10}, {"stopCode": 51, "lines": "1,2", "name": "Symphony Station", "walkingMeters": 1248, "walkingSeconds": 900, "band": 15}]}, "geometry": {"type": "Point", "coordinates": [-122.3380432, 47.6175041]}}, {"type": "Feature", "properties": {"id": "20509bff-2072-4d11-85ae-d4dc75e95ef5", "name": "Wheelhouse Coffee", "category": "cafe", "tags": ["cafe", "coffee"], "sources": ["overture"], "website": "http://wheelhousecoffee.com", "phone": "(206) 467-0160", "address": "2113 Westlake Ave", "stations": [{"stopCode": 50, "lines": "1,2", "name": "Westlake Station", "walkingMeters": 640, "walkingSeconds": 473, "band": 10}, {"stopCode": 51, "lines": "1,2", "name": "Symphony Station", "walkingMeters": 1171, "walkingSeconds": 845, "band": 15}]}, "geometry": {"type": "Point", "coordinates": [-122.3382339, 47.6168671]}}, {"type": "Feature", "properties": {"id": "d835531f-0c58-4666-b346-b57318dce14a", "name": "Vale Matcha & Coffee", "category": "cafe", "tags": ["cafe"], "sources": ["overture"], "website": "https://www.valenow.com/", "phone": "+12062220524", "address": "2000 Terry Ave", "stations": [{"stopCode": 50, "lines": "1,2", "name": "Westlake Station", "walkingMeters": 784, "walkingSeconds": 566, "band": 10}, {"stopCode": 49, "lines": "1,2", "name": "Capitol Hill Station", "walkingMeters": 1212, "walkingSeconds": 881, "band": 15}]}, "geometry": {"type": "Point", "coordinates": [-122.3349152, 47.6174088]}}, {"type": "Feature", "properties": {"id": "bd25cb02-ab17-487e-b157-1455b69e2aaf", "name": "Java Jungle", "category": "cafe", "tags": ["cafe", "coffee"], "sources": ["overture"], "website": "http://www.menuism.com", "phone": "(206) 442-9393", "address": "1908 Terry Ave", "stations": [{"stopCode": 50, "lines": "1,2", "name": "Westlake Station", "walkingMeters": 723, "walkingSeconds": 522, "band": 10}, {"stopCode": 49, "lines": "1,2", "name": "Capitol Hill Station", "walkingMeters": 1191, "walkingSeconds": 864, "band": 15}, {"stopCode": 51, "lines": "1,2", "name": "Symphony Station", "walkingMeters": 1241, "walkingSeconds": 895, "band": 15}]}, "geometry": {"type": "Point", "coordinates": [-122.3337936, 47.6166573]}}, {"type": "Feature", "properties": {"id": "23449358-aa50-4676-a225-97eec5a71ac5", "name": "Chai Sutra", "category": "cafe", "tags": ["cafe"], "sources": ["overture"], "website": "http://www.chaisutra.com/", "phone": "+12069318464", "address": "818 Stewart St", "stations": [{"stopCode": 50, "lines": "1,2", "name": "Westlake Station", "walkingMeters": 614, "walkingSeconds": 458, "band": 10}, {"stopCode": 51, "lines": "1,2", "name": "Symphony Station", "walkingMeters": 1140, "walkingSeconds": 851, "band": 15}, {"stopCode": 49, "lines": "1,2", "name": "Capitol Hill Station", "walkingMeters": 1528, "walkingSeconds": 1140, "band": 15}]}, "geometry": {"type": "Point", "coordinates": [-122.3350449, 47.6156693]}}, {"type": "Feature", "properties": {"id": "a076c803-debf-4d62-9388-eeb7ffd37e88", "name": "Hana Teriyaki", "category": "restaurant", "tags": ["restaurant"], "sources": ["overture"], "website": "https://hanateriyaki-wa.com", "address": "1914 8th Ave", "stations": [{"stopCode": 50, "lines": "1,2", "name": "Westlake Station", "walkingMeters": 576, "walkingSeconds": 430, "band": 10}, {"stopCode": 51, "lines": "1,2", "name": "Symphony Station", "walkingMeters": 1111, "walkingSeconds": 829, "band": 15}, {"stopCode": 49, "lines": "1,2", "name": "Capitol Hill Station", "walkingMeters": 1592, "walkingSeconds": 1188, "band": 15}]}, "geometry": {"type": "Point", "coordinates": [-122.3356552, 47.6154938]}}, {"type": "Feature", "properties": {"id": "da708a4b-07a7-4bd8-81af-3a17e0863d95", "name": "Gourmondo Blackfoot Cafe", "category": "cafe", "tags": ["cafe", "coffee"], "sources": ["overture"], "website": "http://www.amazon.com", "address": "1918 8th Ave", "stations": [{"stopCode": 50, "lines": "1,2", "name": "Westlake Station", "walkingMeters": 574, "walkingSeconds": 415, "band": 10}, {"stopCode": 51, "lines": "1,2", "name": "Symphony Station", "walkingMeters": 1092, "walkingSeconds": 788, "band": 15}, {"stopCode": 49, "lines": "1,2", "name": "Capitol Hill Station", "walkingMeters": 1442, "walkingSeconds": 1044, "band": 15}]}, "geometry": {"type": "Point", "coordinates": [-122.3360367, 47.6156731]}}, {"type": "Feature", "properties": {"id": "d95437ec-02ff-4fb2-a669-1b6db5eb9d06", "name": "Amazon Cloud Cafe", "category": "cafe", "tags": ["cafe", "coffee", "american"], "sources": ["overture"], "phone": "+12065870190", "address": "1918 8th Ave", "stations": [{"stopCode": 50, "lines": "1,2", "name": "Westlake Station", "walkingMeters": 620, "walkingSeconds": 448, "band": 10}, {"stopCode": 51, "lines": "1,2", "name": "Symphony Station", "walkingMeters": 1137, "walkingSeconds": 820, "band": 15}]}, "geometry": {"type": "Point", "coordinates": [-122.3361816, 47.6159477]}}, {"type": "Feature", "properties": {"id": "33ca52fc-465d-49f6-b60b-6d6e857c02b9", "name": "Bounty Kitchen", "category": "restaurant", "tags": ["restaurant"], "sources": ["overture"], "website": "http://www.bountykitchenseattle.com", "phone": "(206) 602-6045", "address": "801 Lenora St", "stations": [{"stopCode": 50, "lines": "1,2", "name": "Westlake Station", "walkingMeters": 629, "walkingSeconds": 454, "band": 10}, {"stopCode": 51, "lines": "1,2", "name": "Symphony Station", "walkingMeters": 1147, "walkingSeconds": 827, "band": 15}]}, "geometry": {"type": "Point", "coordinates": [-122.3374634, 47.6164589]}}, {"type": "Feature", "properties": {"id": "b722dbf5-db86-404a-b5ef-f98a4d9d78d1", "name": "China Harbor Seafood Restaurant", "category": "restaurant", "tags": ["restaurant", "chinese", "seafood"], "sources": ["overture"], "website": "http://www.chinaharborseattle.com", "phone": "+12065779658", "address": "2040 Westlake Ave", "stations": [{"stopCode": 50, "lines": "1,2", "name": "Westlake Station", "walkingMeters": 641, "walkingSeconds": 463, "band": 10}, {"stopCode": 51, "lines": "1,2", "name": "Symphony Station", "walkingMeters": 1159, "walkingSeconds": 836, "band": 15}]}, "geometry": {"type": "Point", "coordinates": [-122.3379135, 47.6160927]}}, {"type": "Feature", "properties": {"id": "40084572-ede7-42a9-9e33-9f1b412f5d1e", "name": "Kiki Ramen", "category": "restaurant", "tags": ["restaurant", "noodles"], "sources": ["overture"], "website": "http://www.kikiramen.com", "phone": "(206) 775-7070", "address": "2051 7th Ave", "stations": [{"stopCode": 50, "lines": "1,2", "name": "Westlake Station", "walkingMeters": 559, "walkingSeconds": 404, "band": 10}, {"stopCode": 51, "lines": "1,2", "name": "Symphony Station", "walkingMeters": 1073, "walkingSeconds": 774, "band": 15}]}, "geometry": {"type": "Point", "coordinates": [-122.3386002, 47.6158829]}}, {"type": "Feature", "properties": {"id": "cd7d77a2-b743-4a0c-a6fe-e5bc78089bad", "name": "U.S.K", "category": "restaurant", "tags": ["restaurant", "japanese", "sushi"], "sources": ["overture"], "website": "http://www.urbansushikitchen.com/", "address": "2001 8th Ave", "stations": [{"stopCode": 50, "lines": "1,2", "name": "Westlake Station", "walkingMeters": 577, "walkingSeconds": 419, "band": 10}, {"stopCode": 51, "lines": "1,2", "name": "Symphony Station", "walkingMeters": 1094, "walkingSeconds": 791, "band": 15}]}, "geometry": {"type": "Point", "coordinates": [-122.3371429, 47.6158867]}}, {"type": "Feature", "properties": {"id": "002fae6d-fbd8-494d-8a1c-2653d96ece5e", "name": "Corner 8 Seattle", "category": "cafe", "tags": ["cafe", "breakfast-and-brunch"], "sources": ["overture"], "website": "https://www.corner8seattle.com/", "phone": "+12067370023", "address": "2001 8th Ave Ste 110", "stations": [{"stopCode": 50, "lines": "1,2", "name": "Westlake Station", "walkingMeters": 620, "walkingSeconds": 463, "band": 10}, {"stopCode": 51, "lines": "1,2", "name": "Symphony Station", "walkingMeters": 1167, "walkingSeconds": 871, "band": 15}]}, "geometry": {"type": "Point", "coordinates": [-122.3370514, 47.6158562]}}, {"type": "Feature", "properties": {"id": "2ed21b2f-14e8-43df-8252-fe2f4c212d1e", "name": "Courthouse Cafe", "category": "restaurant", "tags": ["restaurant"], "sources": ["overture"], "website": "http://uscourthousecafe.com", "phone": "(206) 233-0233", "address": "700 Stewart St", "stations": [{"stopCode": 50, "lines": "1,2", "name": "Westlake Station", "walkingMeters": 479, "walkingSeconds": 349, "band": 5}, {"stopCode": 51, "lines": "1,2", "name": "Symphony Station", "walkingMeters": 997, "walkingSeconds": 721, "band": 15}]}, "geometry": {"type": "Point", "coordinates": [-122.3373642, 47.6152916]}}, {"type": "Feature", "properties": {"id": "f1473ee8-8f43-4ea1-bf88-d90fe16f4840", "name": "Seoul Kitchen", "category": "fast_food", "tags": ["fast-food", "food", "truck"], "sources": ["overture"], "website": "http://seoulkitchenseattle.com", "phone": "(206) 719-7100", "address": "401 Pine St", "stations": [{"stopCode": 50, "lines": "1,2", "name": "Westlake Station", "walkingMeters": 465, "walkingSeconds": 338, "band": 5}, {"stopCode": 51, "lines": "1,2", "name": "Symphony Station", "walkingMeters": 982, "walkingSeconds": 711, "band": 15}]}, "geometry": {"type": "Point", "coordinates": [-122.3373108, 47.6152039]}}, {"type": "Feature", "properties": {"id": "424defc8-9d08-4e22-a40d-f595aa507927", "name": "Skillet Counter @ Regrade", "category": "restaurant", "tags": ["restaurant", "american"], "sources": ["overture"], "website": "https://www.skilletfood.com", "phone": "12065122002", "address": "2050 6th Ave", "stations": [{"stopCode": 50, "lines": "1,2", "name": "Westlake Station", "walkingMeters": 495, "walkingSeconds": 358, "band": 10}, {"stopCode": 51, "lines": "1,2", "name": "Symphony Station", "walkingMeters": 1010, "walkingSeconds": 729, "band": 15}]}, "geometry": {"type": "Point", "coordinates": [-122.3388367, 47.6151085]}}, {"type": "Feature", "properties": {"id": "6ea31d66-b832-4d4e-bf2c-3e6d2bd879d3", "name": "Skillet Restaurant", "category": "restaurant", "tags": ["restaurant"], "sources": ["overture"], "phone": "+12065122004", "address": "2050 6th Ave", "stations": [{"stopCode": 50, "lines": "1,2", "name": "Westlake Station", "walkingMeters": 551, "walkingSeconds": 411, "band": 10}, {"stopCode": 51, "lines": "1,2", "name": "Symphony Station", "walkingMeters": 1090, "walkingSeconds": 813, "band": 15}]}, "geometry": {"type": "Point", "coordinates": [-122.3388367, 47.6151085]}}, {"type": "Feature", "properties": {"id": "97e5ebf6-7a3b-47a8-89d2-5363b65c1262", "name": "Anar", "category": "restaurant", "tags": ["restaurant", "vegetarian"], "sources": ["overture"], "website": "https://www.nadimama.com", "phone": "+12064534654", "address": "2040 6th Ave", "stations": [{"stopCode": 50, "lines": "1,2", "name": "Westlake Station", "walkingMeters": 513, "walkingSeconds": 371, "band": 10}, {"stopCode": 51, "lines": "1,2", "name": "Symphony Station", "walkingMeters": 1027, "walkingSeconds": 741, "band": 15}]}, "geometry": {"type": "Point", "coordinates": [-122.3386841, 47.6150208]}}, {"type": "Feature", "properties": {"id": "fe9fd125-f89e-4655-a0dd-1b45d7c77d3b", "name": "Street Eats", "category": "restaurant", "tags": ["restaurant", "mediterranean"], "sources": ["overture"], "website": "http://www.nadimama.com/streeteats", "phone": "(206) 327-9121", "address": "6th Ave", "stations": [{"stopCode": 50, "lines": "1,2", "name": "Westlake Station", "walkingMeters": 485, "walkingSeconds": 351, "band": 10}, {"stopCode": 51, "lines": "1,2", "name": "Symphony Station", "walkingMeters": 1000, "walkingSeconds": 722, "band": 15}]}, "geometry": {"type": "Point", "coordinates": [-122.3387146, 47.6150246]}}, {"type": "Feature", "properties": {"id": "8b4f532f-c661-4d94-b129-8e6aae424547", "name": "Cinque Terre Ristorante", "category": "restaurant", "tags": ["restaurant", "italian", "seafood"], "sources": ["overture"], "website": "http://www.cinqueterreseattle.com/", "phone": "+12064566300", "address": "2001 Westlake Ave", "stations": [{"stopCode": 50, "lines": "1,2", "name": "Westlake Station", "walkingMeters": 443, "walkingSeconds": 321, "band": 5}, {"stopCode": 51, "lines": "1,2", "name": "Symphony Station", "walkingMeters": 958, "walkingSeconds": 691, "band": 15}]}, "geometry": {"type": "Point", "coordinates": [-122.3379288, 47.6150589]}}, {"type": "Feature", "properties": {"id": "b678111a-f9bf-44cc-bdb6-95c9c17f8092", "name": "Lenora & 6th", "category": "restaurant", "tags": ["restaurant", "sandwich", "fast-food", "wrap"], "sources": ["overture"], "address": "2030 6th Avenue", "stations": [{"stopCode": 50, "lines": "1,2", "name": "Westlake Station", "walkingMeters": 525, "walkingSeconds": 392, "band": 5}, {"stopCode": 51, "lines": "1,2", "name": "Symphony Station", "walkingMeters": 1063, "walkingSeconds": 793, "band": 15}]}, "geometry": {"type": "Point", "coordinates": [-122.3387909, 47.6149216]}}, {"type": "Feature", "properties": {"id": "c7e66454-acaf-481a-9ab1-8b870b80edbc", "name": "Mamnoon Street", "category": "restaurant", "tags": ["restaurant", "middle-eastern", "middle", "eastern", "mediterranean"], "sources": ["overture"], "website": "http://www.mamnoonstreet.com/", "phone": "+12063279121", "address": "2020 6th Ave", "stations": [{"stopCode": 50, "lines": "1,2", "name": "Westlake Station", "walkingMeters": 442, "walkingSeconds": 320, "band": 5}, {"stopCode": 51, "lines": "1,2", "name": "Symphony Station", "walkingMeters": 956, "walkingSeconds": 690, "band": 15}]}, "geometry": {"type": "Point", "coordinates": [-122.3387375, 47.614769]}}, {"type": "Feature", "properties": {"id": "6854ddbf-da7a-460e-92fe-a5230c37787f", "name": "Cinque Terre Llc", "category": "restaurant", "tags": ["restaurant"], "sources": ["overture"], "website": "https://www.cinqueterreseattle.com/", "address": "1940 Westlake Ave", "stations": [{"stopCode": 50, "lines": "1,2", "name": "Westlake Station", "walkingMeters": 439, "walkingSeconds": 328, "band": 5}, {"stopCode": 51, "lines": "1,2", "name": "Symphony Station", "walkingMeters": 987, "walkingSeconds": 737, "band": 15}]}, "geometry": {"type": "Point", "coordinates": [-122.3374939, 47.614563]}}, {"type": "Feature", "properties": {"id": "0106bd4c-3def-4927-b1fc-63b09efdef69", "name": "Seoul Bowl-westlake", "category": "restaurant", "tags": ["restaurant"], "sources": ["overture"], "website": "https://seoulbowlco.com", "phone": "+12067799612", "address": "700 Stewart St", "stations": [{"stopCode": 50, "lines": "1,2", "name": "Westlake Station", "walkingMeters": 483, "walkingSeconds": 360, "band": 5}, {"stopCode": 51, "lines": "1,2", "name": "Symphony Station", "walkingMeters": 1026, "walkingSeconds": 766, "band": 15}]}, "geometry": {"type": "Point", "coordinates": [-122.3363419, 47.6149025]}}, {"type": "Feature", "properties": {"id": "21b008b1-7fbd-4d52-94be-a6dc2eee4f50", "name": "Fresh Taste Cafe And Catering", "category": "restaurant", "tags": ["restaurant"], "sources": ["overture"], "phone": "2066241287", "address": "700 Stewart St", "stations": [{"stopCode": 50, "lines": "1,2", "name": "Westlake Station", "walkingMeters": 483, "walkingSeconds": 360, "band": 5}, {"stopCode": 51, "lines": "1,2", "name": "Symphony Station", "walkingMeters": 1026, "walkingSeconds": 766, "band": 15}]}, "geometry": {"type": "Point", "coordinates": [-122.3363419, 47.6149025]}}, {"type": "Feature", "properties": {"id": "0e11fa6f-6d94-4c48-bf22-d4be9f6afb3a", "name": "Citrus Thai Restaurant Inc", "category": "restaurant", "tags": ["restaurant"], "sources": ["overture"], "website": "https://www.seathairestaurant.com", "address": "800 Olive Way", "stations": [{"stopCode": 50, "lines": "1,2", "name": "Westlake Station", "walkingMeters": 612, "walkingSeconds": 442, "band": 10}, {"stopCode": 51, "lines": "1,2", "name": "Symphony Station", "walkingMeters": 1129, "walkingSeconds": 815, "band": 15}, {"stopCode": 49, "lines": "1,2", "name": "Capitol Hill Station", "walkingMeters": 1167, "walkingSeconds": 844, "band": 15}]}, "geometry": {"type": "Point", "coordinates": [-122.3333664, 47.6144943]}}, {"type": "Feature", "properties": {"id": "309950f1-d808-49c2-8a7b-2567b5a9455d", "name": "Chinese Deli Restaurant", "category": "restaurant", "tags": ["restaurant", "chinese"], "sources": ["overture"], "website": "http://www.jaderestaurantseattle.com", "phone": "(206) 233-9133", "address": "927 Howell St", "stations": [{"stopCode": 50, "lines": "1,2", "name": "Westlake Station", "walkingMeters": 608, "walkingSeconds": 440, "band": 10}, {"stopCode": 51, "lines": "1,2", "name": "Symphony Station", "walkingMeters": 1126, "walkingSeconds": 812, "band": 15}, {"stopCode": 49, "lines": "1,2", "name": "Capitol Hill Station", "walkingMeters": 1170, "walkingSeconds": 847, "band": 15}]}, "geometry": {"type": "Point", "coordinates": [-122.3325653, 47.6151314]}}, {"type": "Feature", "properties": {"id": "d78bc54c-b55e-4ebb-8fa4-a57ee6c71436", "name": "Caffe Ladro - 1800 9th At Howell", "category": "cafe", "tags": ["cafe", "coffee"], "sources": ["overture"], "website": "caffeladro.com", "phone": "12067081387", "address": "1800 9th Ave", "stations": [{"stopCode": 50, "lines": "1,2", "name": "Westlake Station", "walkingMeters": 631, "walkingSeconds": 471, "band": 10}, {"stopCode": 51, "lines": "1,2", "name": "Symphony Station", "walkingMeters": 1114, "walkingSeconds": 831, "band": 15}, {"stopCode": 49, "lines": "1,2", "name": "Capitol Hill Station", "walkingMeters": 1393, "walkingSeconds": 1040, "band": 15}]}, "geometry": {"type": "Point", "coordinates": [-122.3333588, 47.6153069]}}, {"type": "Feature", "properties": {"id": "8a30a619-e3c5-4069-8ea4-3336b1d51701", "name": "Eighteen15 Bar & Restaurant", "category": "bar", "tags": ["bar"], "sources": ["overture"], "website": "http://www.residenceinnseattledowntown.com/eighteen15-meetings-and-events/", "phone": "+12063881000", "address": "1815 Terry Ave", "stations": [{"stopCode": 50, "lines": "1,2", "name": "Westlake Station", "walkingMeters": 696, "walkingSeconds": 519, "band": 10}, {"stopCode": 51, "lines": "1,2", "name": "Symphony Station", "walkingMeters": 1173, "walkingSeconds": 875, "band": 15}, {"stopCode": 49, "lines": "1,2", "name": "Capitol Hill Station", "walkingMeters": 1335, "walkingSeconds": 996, "band": 15}]}, "geometry": {"type": "Point", "coordinates": [-122.3329315, 47.6156502]}}, {"type": "Feature", "properties": {"id": "2078fe72-ef9c-4b49-934d-a4cb3999eb0e", "name": "Garden Grille And Bar", "category": "restaurant", "tags": ["restaurant"], "sources": ["overture"], "website": "http://hiltongardeninn3.hilton.com/en/hotels/washington/hilton-garden-inn-seattle-downtown-SEABAGI/dining/index.html", "phone": "(206) 467-7770", "address": "1821 Boren Ave", "stations": [{"stopCode": 50, "lines": "1,2", "name": "Westlake Station", "walkingMeters": 733, "walkingSeconds": 527, "band": 10}, {"stopCode": 49, "lines": "1,2", "name": "Capitol Hill Station", "walkingMeters": 1108, "walkingSeconds": 802, "band": 15}, {"stopCode": 51, "lines": "1,2", "name": "Symphony Station", "walkingMeters": 1250, "walkingSeconds": 899, "band": 15}]}, "geometry": {"type": "Point", "coordinates": [-122.3319244, 47.6161346]}}, {"type": "Feature", "properties": {"id": "36899e79-b350-4853-b0dd-107145b356c0", "name": "Tribeca Kitchen & Bar", "category": "bar", "tags": ["bar", "pizza"], "sources": ["overture"], "website": "http://www.tribecaseattle.com/", "phone": "2065882090", "address": "809 Olive Way", "stations": [{"stopCode": 50, "lines": "1,2", "name": "Westlake Station", "walkingMeters": 466, "walkingSeconds": 338, "band": 10}, {"stopCode": 51, "lines": "1,2", "name": "Symphony Station", "walkingMeters": 984, "walkingSeconds": 710, "band": 15}, {"stopCode": 49, "lines": "1,2", "name": "Capitol Hill Station", "walkingMeters": 1252, "walkingSeconds": 906, "band": 15}]}, "geometry": {"type": "Point", "coordinates": [-122.3331604, 47.6141586]}}, {"type": "Feature", "properties": {"id": "d669af36-cba4-4935-86e9-2c87fc8ff4a0", "name": "Bombo Italian Kitchen", "category": "restaurant", "tags": ["restaurant", "italian", "pizza"], "sources": ["overture"], "website": "https://ethanstowellrestaurants.com/restaurants/bombo-italian-kitchen-convention-center-seattle", "phone": "+12068449710", "address": "1600 9th Ave", "stations": [{"stopCode": 50, "lines": "1,2", "name": "Westlake Station", "walkingMeters": 451, "walkingSeconds": 327, "band": 10}, {"stopCode": 51, "lines": "1,2", "name": "Symphony Station", "walkingMeters": 954, "walkingSeconds": 687, "band": 15}, {"stopCode": 49, "lines": "1,2", "name": "Capitol Hill Station", "walkingMeters": 1257, "walkingSeconds": 908, "band": 15}]}, "geometry": {"type": "Point", "coordinates": [-122.3319321, 47.6138687]}}, {"type": "Feature", "properties": {"id": "31151c18-13fb-4a21-a579-674041fe0742", "name": "Sansei Seafood Restaurant & Sushi Bar", "category": "restaurant", "tags": ["restaurant"], "sources": ["overture"], "website": "https://sanseiseattle.com", "address": "815 Pine St", "stations": [{"stopCode": 50, "lines": "1,2", "name": "Westlake Station", "walkingMeters": 398, "walkingSeconds": 294, "band": 10}, {"stopCode": 51, "lines": "1,2", "name": "Symphony Station", "walkingMeters": 911, "walkingSeconds": 656, "band": 15}, {"stopCode": 49, "lines": "1,2", "name": "Capitol Hill Station", "walkingMeters": 1263, "walkingSeconds": 917, "band": 15}]}, "geometry": {"type": "Point", "coordinates": [-122.3322372, 47.6132355]}}, {"type": "Feature", "properties": {"id": "e5744810-1d81-497f-873e-df9d1249ceb3", "name": "Dough Zone Dumpling House", "category": "restaurant", "tags": ["restaurant", "chinese", "asian"], "sources": ["overture"], "website": "https://www.doughzonedumplinghouse.com", "phone": "+12066826666", "address": "815 Pine St", "stations": [{"stopCode": 50, "lines": "1,2", "name": "Westlake Station", "walkingMeters": 398, "walkingSeconds": 288, "band": 5}, {"stopCode": 51, "lines": "1,2", "name": "Symphony Station", "walkingMeters": 908, "walkingSeconds": 653, "band": 15}, {"stopCode": 49, "lines": "1,2", "name": "Capitol Hill Station", "walkingMeters": 1286, "walkingSeconds": 932, "band": 15}]}, "geometry": {"type": "Point", "coordinates": [-122.3323212, 47.613327]}}, {"type": "Feature", "properties": {"id": "b2e84f04-6d5f-417c-a2e4-3b9ff0a465aa", "name": "Dragonfish Asian Cafe", "category": "restaurant", "tags": ["restaurant", "asian"], "sources": ["overture"], "website": "http://www.dragonfishcafe.com/", "phone": "(206) 467-7777", "address": "722 Pine St", "stations": [{"stopCode": 50, "lines": "1,2", "name": "Westlake Station", "walkingMeters": 305, "walkingSeconds": 221, "band": 5}, {"stopCode": 51, "lines": "1,2", "name": "Symphony Station", "walkingMeters": 823, "walkingSeconds": 594, "band": 10}, {"stopCode": 49, "lines": "1,2", "name": "Capitol Hill Station", "walkingMeters": 1370, "walkingSeconds": 989, "band": 15}]}, "geometry": {"type": "Point", "coordinates": [-122.3334503, 47.613018]}}, {"type": "Feature", "properties": {"id": "7d364e36-6910-4a51-9a37-caa927b5c1ed", "name": "727 Pine", "category": "restaurant", "tags": ["restaurant"], "sources": ["overture"], "website": "http://ruthchris.com", "phone": "(206) 774-6400", "address": "727 Pine St", "stations": [{"stopCode": 50, "lines": "1,2", "name": "Westlake Station", "walkingMeters": 387, "walkingSeconds": 280, "band": 5}, {"stopCode": 51, "lines": "1,2", "name": "Symphony Station", "walkingMeters": 777, "walkingSeconds": 559, "band": 10}]}, "geometry": {"type": "Point", "coordinates": [-122.3327789, 47.612381]}}, {"type": "Feature", "properties": {"id": "f413b30c-8a31-4187-a491-3079634d39e3", "name": "Wild Rye Cafe Bakery", "category": "bakery", "tags": ["bakery"], "sources": ["overture"], "website": "http://wildryecafe.com", "phone": "(206) 694-5049", "address": "806 Pike St", "stations": [{"stopCode": 50, "lines": "1,2", "name": "Westlake Station", "walkingMeters": 455, "walkingSeconds": 329, "band": 10}, {"stopCode": 51, "lines": "1,2", "name": "Symphony Station", "walkingMeters": 771, "walkingSeconds": 555, "band": 10}]}, "geometry": {"type": "Point", "coordinates": [-122.3321304, 47.6123848]}}, {"type": "Feature", "properties": {"id": "4655e0fd-f2e1-4683-9b89-302132a98daf", "name": "Audacity Wine Bar - Alexandria Nicole Cellars", "category": "bar", "tags": ["bar", "wine"], "sources": ["overture"], "website": "http://www.ancwines.com/", "phone": "+12064147363", "address": "806 Pike St", "stations": [{"stopCode": 50, "lines": "1,2", "name": "Westlake Station", "walkingMeters": 470, "walkingSeconds": 340, "band": 10}, {"stopCode": 51, "lines": "1,2", "name": "Symphony Station", "walkingMeters": 786, "walkingSeconds": 565, "band": 10}]}, "geometry": {"type": "Point", "coordinates": [-122.331871, 47.612381]}}, {"type": "Feature", "properties": {"id": "f6712f52-a1e9-4b81-b187-5ebcf66cdb10", "name": "Metropole American Kitchen & Bar", "category": "restaurant", "tags": ["restaurant", "american"], "sources": ["overture"], "website": "http://www.metropoleseattle.com", "phone": "(206) 832-5555", "address": "820 Pike St", "stations": [{"stopCode": 50, "lines": "1,2", "name": "Westlake Station", "walkingMeters": 516, "walkingSeconds": 373, "band": 10}, {"stopCode": 51, "lines": "1,2", "name": "Symphony Station", "walkingMeters": 799, "walkingSeconds": 575, "band": 10}, {"stopCode": 49, "lines": "1,2", "name": "Capitol Hill Station", "walkingMeters": 1336, "walkingSeconds": 966, "band": 15}]}, "geometry": {"type": "Point", "coordinates": [-122.3314438, 47.6126518]}}, {"type": "Feature", "properties": {"id": "9d7b7a51-33f6-4877-82e3-a38ca9d9a2ba", "name": "Cyber-Dogs Internet Cafe", "category": "cafe", "tags": ["cafe", "internet"], "sources": ["overture"], "website": "http://www.cyber-dogs.com/", "phone": "(206) 405-3647", "address": "909 Pike St", "stations": [{"stopCode": 50, "lines": "1,2", "name": "Westlake Station", "walkingMeters": 548, "walkingSeconds": 396, "band": 10}, {"stopCode": 51, "lines": "1,2", "name": "Symphony Station", "walkingMeters": 812, "walkingSeconds": 586, "band": 10}, {"stopCode": 49, "lines": "1,2", "name": "Capitol Hill Station", "walkingMeters": 1341, "walkingSeconds": 970, "band": 15}]}, "geometry": {"type": "Point", "coordinates": [-122.331337, 47.6127777]}}, {"type": "Feature", "properties": {"id": "9ba05cb0-dba5-4f91-8c1c-e640f4d91e9c", "name": "Daawat Indian Grill and Bar", "category": "restaurant", "tags": ["restaurant", "indian", "bar-and-grill"], "sources": ["overture"], "website": "http://www.daawatgrillbar.com/", "phone": "+12064677272", "address": "820 Pike St", "stations": [{"stopCode": 50, "lines": "1,2", "name": "Westlake Station", "walkingMeters": 512, "walkingSeconds": 370, "band": 10}, {"stopCode": 51, "lines": "1,2", "name": "Symphony Station", "walkingMeters": 787, "walkingSeconds": 566, "band": 10}, {"stopCode": 49, "lines": "1,2", "name": "Capitol Hill Station", "walkingMeters": 1330, "walkingSeconds": 962, "band": 15}]}, "geometry": {"type": "Point", "coordinates": [-122.3313828, 47.6125374]}}, {"type": "Feature", "properties": {"id": "0ee34d2e-0c89-4b43-a744-b60c3c84ad2a", "name": "Ogo Catering", "category": "restaurant", "tags": ["restaurant", "american"], "sources": ["overture"], "website": "http://www.ogocateringwa.com", "phone": "(206) 427-0916", "address": "601 Union St", "stations": [{"stopCode": 51, "lines": "1,2", "name": "Symphony Station", "walkingMeters": 488, "walkingSeconds": 357, "band": 10}, {"stopCode": 50, "lines": "1,2", "name": "Westlake Station", "walkingMeters": 497, "walkingSeconds": 357, "band": 10}]}, "geometry": {"type": "Point", "coordinates": [-122.3320007, 47.6104622]}}, {"type": "Feature", "properties": {"id": "c7e7a907-9417-4cd1-a154-ba39ff08fc89", "name": "Walla Walla Farms Caf\u00e9 And Catering", "category": "cafe", "tags": ["cafe"], "sources": ["overture"], "website": "https://wallawallafarms.com", "phone": "12069205261", "address": "601 Union St  Ste 224a", "stations": [{"stopCode": 50, "lines": "1,2", "name": "Westlake Station", "walkingMeters": 464, "walkingSeconds": 346, "band": 10}, {"stopCode": 51, "lines": "1,2", "name": "Symphony Station", "walkingMeters": 509, "walkingSeconds": 380, "band": 10}, {"stopCode": 52, "lines": "1,2", "name": "Pioneer Square Station", "walkingMeters": 1126, "walkingSeconds": 840, "band": 15}]}, "geometry": {"type": "Point", "coordinates": [-122.3323441, 47.6103134]}}, {"type": "Feature", "properties": {"id": "27f5e342-3c4e-4620-96b5-310bc7541b62", "name": "Tkrmg Llc Dba Loulay Kitchen &amp Bar", "category": "restaurant", "tags": ["restaurant"], "sources": ["overture"], "address": "600 Union St", "stations": [{"stopCode": 50, "lines": "1,2", "name": "Westlake Station", "walkingMeters": 372, "walkingSeconds": 267, "band": 5}, {"stopCode": 51, "lines": "1,2", "name": "Symphony Station", "walkingMeters": 433, "walkingSeconds": 314, "band": 10}, {"stopCode": 52, "lines": "1,2", "name": "Pioneer Square Station", "walkingMeters": 1109, "walkingSeconds": 800, "band": 15}]}, "geometry": {"type": "Point", "coordinates": [-122.3335266, 47.6103668]}}, {"type": "Feature", "properties": {"id": "3790cdbd-3f46-4eb1-b03d-8f8de948db09", "name": "Oyster Bar", "category": "bar", "tags": ["bar"], "sources": ["overture"], "website": "http://www.seattlemag.com/article/best-oyster-palaces-and-raw-bars-seattle", "phone": "(206) 287-5585", "address": "1400 6th Ave", "stations": [{"stopCode": 50, "lines": "1,2", "name": "Westlake Station", "walkingMeters": 390, "walkingSeconds": 280, "band": 5}, {"stopCode": 51, "lines": "1,2", "name": "Symphony Station", "walkingMeters": 456, "walkingSeconds": 328, "band": 10}, {"stopCode": 52, "lines": "1,2", "name": "Pioneer Square Station", "walkingMeters": 1131, "walkingSeconds": 815, "band": 15}]}, "geometry": {"type": "Point", "coordinates": [-122.3333435, 47.6104317]}}, {"type": "Feature", "properties": {"id": "b81dffe0-eadf-468b-8d88-2b132baef184", "name": "Daily Grill", "category": "bar", "tags": ["bar", "breakfast-and-brunch"], "sources": ["overture"], "website": "http://www.dailygrill.com/", "phone": "2066248400", "address": "629 Pike St", "stations": [{"stopCode": 50, "lines": "1,2", "name": "Westlake Station", "walkingMeters": 362, "walkingSeconds": 262, "band": 5}, {"stopCode": 51, "lines": "1,2", "name": "Symphony Station", "walkingMeters": 600, "walkingSeconds": 432, "band": 10}]}, "geometry": {"type": "Point", "coordinates": [-122.3335114, 47.6113968]}}, {"type": "Feature", "properties": {"id": "ce415918-cb0b-4a9d-a291-faff4df3398f", "name": "Alder and Ash", "category": "restaurant", "tags": ["restaurant", "bar-and-grill", "bar", "grill", "american"], "sources": ["overture"], "website": "https://www.alderandashsea.com", "phone": "+12064867699", "address": "629 Pike St", "stations": [{"stopCode": 50, "lines": "1,2", "name": "Westlake Station", "walkingMeters": 357, "walkingSeconds": 259, "band": 5}, {"stopCode": 51, "lines": "1,2", "name": "Symphony Station", "walkingMeters": 605, "walkingSeconds": 436, "band": 10}]}, "geometry": {"type": "Point", "coordinates": [-122.3334045, 47.6113091]}}, {"type": "Feature", "properties": {"id": "38b993d3-2b49-4497-8f7a-b4099a39de8d", "name": "Accolade", "category": "cafe", "tags": ["cafe"], "sources": ["overture"], "website": "http://accoladellc.com", "phone": "+16108342989", "address": "701 Pike St", "stations": [{"stopCode": 50, "lines": "1,2", "name": "Westlake Station", "walkingMeters": 364, "walkingSeconds": 264, "band": 5}, {"stopCode": 51, "lines": "1,2", "name": "Symphony Station", "walkingMeters": 642, "walkingSeconds": 462, "band": 10}]}, "geometry": {"type": "Point", "coordinates": [-122.333107, 47.6115608]}}, {"type": "Feature", "properties": {"id": "425aa313-5217-40f4-98db-dc5a7197cfa0", "name": "The Juicy Eatery Llc", "category": "restaurant", "tags": ["restaurant"], "sources": ["overture"], "address": "725 Pike St Fl 2", "stations": [{"stopCode": 50, "lines": "1,2", "name": "Westlake Station", "walkingMeters": 490, "walkingSeconds": 366, "band": 10}, {"stopCode": 51, "lines": "1,2", "name": "Symphony Station", "walkingMeters": 731, "walkingSeconds": 546, "band": 10}]}, "geometry": {"type": "Point", "coordinates": [-122.3317261, 47.6119576]}}, {"type": "Feature", "properties": {"id": "d928bf9c-52e5-497b-a5f3-d95b0dbea2cf", "name": "Moby\u2019s Restaurant", "category": "restaurant", "tags": ["restaurant"], "sources": ["overture"], "website": "mobysseattle.com", "address": "725 Pike St", "stations": [{"stopCode": 50, "lines": "1,2", "name": "Westlake Station", "walkingMeters": 490, "walkingSeconds": 366, "band": 10}, {"stopCode": 51, "lines": "1,2", "name": "Symphony Station", "walkingMeters": 731, "walkingSeconds": 546, "band": 10}]}, "geometry": {"type": "Point", "coordinates": [-122.3317261, 47.6119576]}}, {"type": "Feature", "properties": {"id": "dcbf7fe9-8812-4b47-96dc-a0271db6cea5", "name": "Los Agaves at Pike Place & Catering", "category": "fast_food", "tags": ["fast-food", "fast", "food", "mexican"], "sources": ["overture"], "website": "http://www.losagaves.net/", "phone": "2065040202", "address": "1514 Pike Place Market Ave # 7", "stations": [{"stopCode": 50, "lines": "1,2", "name": "Westlake Station", "walkingMeters": 302, "walkingSeconds": 219, "band": 5}, {"stopCode": 51, "lines": "1,2", "name": "Symphony Station", "walkingMeters": 679, "walkingSeconds": 489, "band": 10}]}, "geometry": {"type": "Point", "coordinates": [-122.3336411, 47.6119499]}}, {"type": "Feature", "properties": {"id": "be331ee4-cbce-4f8c-8280-03c9132cbba7", "name": "Vons Grand City Cafe", "category": "restaurant", "tags": ["restaurant"], "sources": ["overture"], "address": "619 Pine St", "stations": [{"stopCode": 50, "lines": "1,2", "name": "Westlake Station", "walkingMeters": 260, "walkingSeconds": 194, "band": 5}, {"stopCode": 51, "lines": "1,2", "name": "Symphony Station", "walkingMeters": 669, "walkingSeconds": 499, "band": 10}]}, "geometry": {"type": "Point", "coordinates": [-122.3342743, 47.6122856]}}, {"type": "Feature", "properties": {"id": "22b9ceb1-1506-4ad9-80c1-2dea370998c8", "name": "Blue C Sushi", "category": "restaurant", "tags": ["restaurant", "sushi"], "sources": ["overture"], "website": "http://www.bluecsushi.com/", "phone": "(206) 467-4022", "address": "1510 7th Ave", "stations": [{"stopCode": 50, "lines": "1,2", "name": "Westlake Station", "walkingMeters": 291, "walkingSeconds": 211, "band": 5}, {"stopCode": 51, "lines": "1,2", "name": "Symphony Station", "walkingMeters": 690, "walkingSeconds": 497, "band": 10}]}, "geometry": {"type": "Point", "coordinates": [-122.3337326, 47.6120338]}}, {"type": "Feature", "properties": {"id": "bb7e3736-2f31-4074-8098-80ff9fae249e", "name": "Todai", "category": "restaurant", "tags": ["restaurant", "asian"], "sources": ["overture"], "website": "http://www.todai.com", "phone": "(206) 749-5100", "address": "600 Pine St", "stations": [{"stopCode": 50, "lines": "1,2", "name": "Westlake Station", "walkingMeters": 148, "walkingSeconds": 109, "band": 5}, {"stopCode": 51, "lines": "1,2", "name": "Symphony Station", "walkingMeters": 666, "walkingSeconds": 481, "band": 10}]}, "geometry": {"type": "Point", "coordinates": [-122.3352356, 47.6123161]}}, {"type": "Feature", "properties": {"id": "7894131c-6ba1-4d71-91c7-ffe6658e4eab", "name": "Ebar", "category": "cafe", "tags": ["cafe"], "sources": ["overture"], "website": "https://www.nordstrom.com/store-details/nordstrom-downtown-seattle?sp_source=other&utm_channel=low_nd_seo_local&sp_campaign=food", "phone": "(206) 628-2111", "address": "500 Pine St", "stations": [{"stopCode": 50, "lines": "1,2", "name": "Westlake Station", "walkingMeters": 125, "walkingSeconds": 92, "band": 5}, {"stopCode": 51, "lines": "1,2", "name": "Symphony Station", "walkingMeters": 643, "walkingSeconds": 465, "band": 10}]}, "geometry": {"type": "Point", "coordinates": [-122.3355865, 47.6122208]}}, {"type": "Feature", "properties": {"id": "da947019-7b8c-46d6-b3e8-89de3e789cac", "name": "Nordstrom Grill", "category": "restaurant", "tags": ["restaurant", "bar-and-grill", "bar", "grill"], "sources": ["overture"], "phone": "12066281620", "address": "500 Pine St", "stations": [{"stopCode": 50, "lines": "1,2", "name": "Westlake Station", "walkingMeters": 150, "walkingSeconds": 110, "band": 5}, {"stopCode": 51, "lines": "1,2", "name": "Symphony Station", "walkingMeters": 668, "walkingSeconds": 482, "band": 10}]}, "geometry": {"type": "Point", "coordinates": [-122.3359985, 47.6119652]}}, {"type": "Feature", "properties": {"id": "ff327e69-6a65-4915-ad4c-02bafa6735c6", "name": "New Saigon Restaurant", "category": "restaurant", "tags": ["restaurant", "vietnamese"], "sources": ["overture"], "phone": "12066230212", "address": "1529 6th Ave", "stations": [{"stopCode": 50, "lines": "1,2", "name": "Westlake Station", "walkingMeters": 125, "walkingSeconds": 92, "band": 5}, {"stopCode": 51, "lines": "1,2", "name": "Symphony Station", "walkingMeters": 634, "walkingSeconds": 456, "band": 10}]}, "geometry": {"type": "Point", "coordinates": [-122.3353729, 47.6118889]}}, {"type": "Feature", "properties": {"id": "d0d06823-fb8d-4fb5-af0c-4653c3b87ed5", "name": "5th avenue cafe", "category": "cafe", "tags": ["cafe", "coffee"], "sources": ["overture"], "website": "https://dan.com/buy-domain/faction.us?redirected=true", "phone": "(206) 621-7137", "address": "1522 5th Ave", "stations": [{"stopCode": 50, "lines": "1,2", "name": "Westlake Station", "walkingMeters": 59, "walkingSeconds": 42, "band": 5}, {"stopCode": 51, "lines": "1,2", "name": "Symphony Station", "walkingMeters": 551, "walkingSeconds": 396, "band": 10}]}, "geometry": {"type": "Point", "coordinates": [-122.3360672, 47.6115112]}}, {"type": "Feature", "properties": {"id": "d909f200-769a-43ce-b5c2-6012e99914aa", "name": "Tap House Grill Seattle Llc", "category": "restaurant", "tags": ["restaurant"], "sources": ["overture"], "website": "https://www.taphousegrill.com", "address": "1506 6th Ave", "stations": [{"stopCode": 50, "lines": "1,2", "name": "Westlake Station", "walkingMeters": 219, "walkingSeconds": 163, "band": 5}, {"stopCode": 51, "lines": "1,2", "name": "Symphony Station", "walkingMeters": 571, "walkingSeconds": 426, "band": 10}]}, "geometry": {"type": "Point", "coordinates": [-122.3344727, 47.6116219]}}, {"type": "Feature", "properties": {"id": "bbb4b030-82db-4e4b-99f9-2957a1e3c103", "name": "Chika Cafe", "category": "cafe", "tags": ["cafe"], "sources": ["overture"], "website": "http://www.theperfectformat.com/jane-austen-banknote-unveiled.html", "phone": "+15733264016", "address": "6899 Shady Bear Line", "stations": [{"stopCode": 50, "lines": "1,2", "name": "Westlake Station", "walkingMeters": 181, "walkingSeconds": 135, "band": 5}, {"stopCode": 51, "lines": "1,2", "name": "Symphony Station", "walkingMeters": 508, "walkingSeconds": 379, "band": 10}]}, "geometry": {"type": "Point", "coordinates": [-122.3349304, 47.6112442]}}, {"type": "Feature", "properties": {"id": "e937c961-ab57-4731-9bab-bf4f138e3c69", "name": "Fountain Wine Bar", "category": "bar", "tags": ["bar", "wine"], "sources": ["overture"], "website": "http://www.sheratonseattle.com/lobby-lounge", "phone": "+12066219000", "address": "1400 6th Ave", "stations": [{"stopCode": 50, "lines": "1,2", "name": "Westlake Station", "walkingMeters": 296, "walkingSeconds": 212, "band": 5}, {"stopCode": 51, "lines": "1,2", "name": "Symphony Station", "walkingMeters": 507, "walkingSeconds": 365, "band": 10}, {"stopCode": 52, "lines": "1,2", "name": "Pioneer Square Station", "walkingMeters": 1184, "walkingSeconds": 856, "band": 15}]}, "geometry": {"type": "Point", "coordinates": [-122.3339539, 47.6108894]}}, {"type": "Feature", "properties": {"id": "71e8ad63-9d3a-4ecc-9451-6aec079861ad", "name": "Locust Cider Post Alley", "category": "bar", "tags": ["bar", "brewery", "pizza"], "sources": ["overture"], "website": "http://www.locustcider.com/", "phone": "2064857561", "address": "1222 Post Aly", "stations": [{"stopCode": 50, "lines": "1,2", "name": "Westlake Station", "walkingMeters": 323, "walkingSeconds": 232, "band": 5}, {"stopCode": 51, "lines": "1,2", "name": "Symphony Station", "walkingMeters": 462, "walkingSeconds": 333, "band": 10}, {"stopCode": 52, "lines": "1,2", "name": "Pioneer Square Station", "walkingMeters": 1140, "walkingSeconds": 824, "band": 15}]}, "geometry": {"type": "Point", "coordinates": [-122.3338852, 47.6105423]}}, {"type": "Feature", "properties": {"id": "bf84a5af-ff74-4dbf-a561-3daae367e9c8", "name": "Olympia Coffee Roasting", "category": "cafe", "tags": ["cafe", "coffee"], "sources": ["overture"], "website": "https://www.olympiacoffee.com/pages/downtown-seattle", "address": "1420 5th Ave", "stations": [{"stopCode": 50, "lines": "1,2", "name": "Westlake Station", "walkingMeters": 218, "walkingSeconds": 159, "band": 5}, {"stopCode": 51, "lines": "1,2", "name": "Symphony Station", "walkingMeters": 388, "walkingSeconds": 279, "band": 5}, {"stopCode": 52, "lines": "1,2", "name": "Pioneer Square Station", "walkingMeters": 1068, "walkingSeconds": 774, "band": 15}]}, "geometry": {"type": "Point", "coordinates": [-122.3349152, 47.6102905]}}, {"type": "Feature", "properties": {"id": "150fc5b5-6faa-4a0c-b975-851e7de120f3", "name": "Gourmondo Coffee Cart", "category": "cafe", "tags": ["cafe"], "sources": ["overture"], "website": "https://www.gourmondoco.com", "address": "1420 5th Ave", "stations": [{"stopCode": 50, "lines": "1,2", "name": "Westlake Station", "walkingMeters": 247, "walkingSeconds": 184, "band": 5}, {"stopCode": 51, "lines": "1,2", "name": "Symphony Station", "walkingMeters": 414, "walkingSeconds": 309, "band": 5}, {"stopCode": 52, "lines": "1,2", "name": "Pioneer Square Station", "walkingMeters": 1202, "walkingSeconds": 897, "band": 15}]}, "geometry": {"type": "Point", "coordinates": [-122.3347092, 47.6105347]}}, {"type": "Feature", "properties": {"id": "e107a5a8-68ed-4615-b577-ffd735f04e81", "name": "Carmines 5th Avenue", "category": "restaurant", "tags": ["restaurant"], "sources": ["overture"], "website": "https://carminesonfifth.com/", "phone": "+12065060886", "address": "1420 5th Ave", "stations": [{"stopCode": 50, "lines": "1,2", "name": "Westlake Station", "walkingMeters": 247, "walkingSeconds": 184, "band": 5}, {"stopCode": 51, "lines": "1,2", "name": "Symphony Station", "walkingMeters": 415, "walkingSeconds": 310, "band": 5}, {"stopCode": 52, "lines": "1,2", "name": "Pioneer Square Station", "walkingMeters": 1202, "walkingSeconds": 897, "band": 15}]}, "geometry": {"type": "Point", "coordinates": [-122.3347015, 47.6105385]}}, {"type": "Feature", "properties": {"id": "ab4505ec-cd50-4607-936b-4fb29a44b246", "name": "Palomino", "category": "restaurant", "tags": ["restaurant", "italian"], "sources": ["overture"], "website": "http://www.palomino.com/", "phone": "(206) 623-1300", "address": "1420 5th Ave", "stations": [{"stopCode": 50, "lines": "1,2", "name": "Westlake Station", "walkingMeters": 196, "walkingSeconds": 143, "band": 5}, {"stopCode": 51, "lines": "1,2", "name": "Symphony Station", "walkingMeters": 411, "walkingSeconds": 295, "band": 5}, {"stopCode": 52, "lines": "1,2", "name": "Pioneer Square Station", "walkingMeters": 1090, "walkingSeconds": 790, "band": 15}]}, "geometry": {"type": "Point", "coordinates": [-122.3352051, 47.6104088]}}, {"type": "Feature", "properties": {"id": "b2b906ab-ccc2-41db-b8c5-aa0bc08c9f93", "name": "Protein Planet", "category": "cafe", "tags": ["cafe"], "sources": ["overture"], "website": "http://proteinplanet.biz", "phone": "(206) 625-3203", "address": "415 Pike St", "stations": [{"stopCode": 50, "lines": "1,2", "name": "Westlake Station", "walkingMeters": 173, "walkingSeconds": 124, "band": 5}, {"stopCode": 51, "lines": "1,2", "name": "Symphony Station", "walkingMeters": 393, "walkingSeconds": 283, "band": 5}, {"stopCode": 52, "lines": "1,2", "name": "Pioneer Square Station", "walkingMeters": 1083, "walkingSeconds": 779, "band": 15}]}, "geometry": {"type": "Point", "coordinates": [-122.3362274, 47.6104164]}}, {"type": "Feature", "properties": {"id": "ff98bd9a-3207-473d-8893-0bb8b6cb59ce", "name": "Gmd Development", "category": "restaurant", "tags": ["restaurant"], "sources": ["overture"], "address": "520 Pike St", "stations": [{"stopCode": 50, "lines": "1,2", "name": "Westlake Station", "walkingMeters": 174, "walkingSeconds": 130, "band": 5}, {"stopCode": 51, "lines": "1,2", "name": "Symphony Station", "walkingMeters": 504, "walkingSeconds": 376, "band": 10}]}, "geometry": {"type": "Point", "coordinates": [-122.3350067, 47.6112289]}}, {"type": "Feature", "properties": {"id": "38462461-8637-421f-ba69-a470549ce03f", "name": "Bobachine Llc", "category": "cafe", "tags": ["cafe"], "sources": ["overture"], "website": "visiongaming.com", "phone": "2064472622", "address": "1514 4th Ave", "stations": [{"stopCode": 50, "lines": "1,2", "name": "Westlake Station", "walkingMeters": 108, "walkingSeconds": 81, "band": 5}, {"stopCode": 51, "lines": "1,2", "name": "Symphony Station", "walkingMeters": 441, "walkingSeconds": 329, "band": 5}, {"stopCode": 52, "lines": "1,2", "name": "Pioneer Square Station", "walkingMeters": 1309, "walkingSeconds": 977, "band": 15}]}, "geometry": {"type": "Point", "coordinates": [-122.3367004, 47.6108246]}}, {"type": "Feature", "properties": {"id": "fe94c376-670c-4db2-b7f4-5be9269e93f6", "name": "Lingon Restaurant", "category": "restaurant", "tags": ["restaurant", "scandinavian", "european"], "sources": ["overture"], "website": "https://lingonseattle.com/", "phone": "+12063343765", "address": "1518 4th Ave", "stations": [{"stopCode": 50, "lines": "1,2", "name": "Westlake Station", "walkingMeters": 105, "walkingSeconds": 78, "band": 5}, {"stopCode": 51, "lines": "1,2", "name": "Symphony Station", "walkingMeters": 444, "walkingSeconds": 331, "band": 5}, {"stopCode": 52, "lines": "1,2", "name": "Pioneer Square Station", "walkingMeters": 1313, "walkingSeconds": 980, "band": 15}]}, "geometry": {"type": "Point", "coordinates": [-122.3367386, 47.6108437]}}, {"type": "Feature", "properties": {"id": "e3059fcf-2b3b-4116-8608-51610747409a", "name": "Dog in the Park - Westlake Plaza Location", "category": "fast_food", "tags": ["fast-food", "fast", "food", "hot-dog"], "sources": ["overture"], "website": "https://doginthepark.wordpress.com/", "phone": "+12062540943", "address": "1520 4th Ave", "stations": [{"stopCode": 50, "lines": "1,2", "name": "Westlake Station", "walkingMeters": 95, "walkingSeconds": 68, "band": 5}, {"stopCode": 51, "lines": "1,2", "name": "Symphony Station", "walkingMeters": 436, "walkingSeconds": 314, "band": 5}, {"stopCode": 52, "lines": "1,2", "name": "Pioneer Square Station", "walkingMeters": 1132, "walkingSeconds": 815, "band": 15}]}, "geometry": {"type": "Point", "coordinates": [-122.3368988, 47.6109276]}}, {"type": "Feature", "properties": {"id": "06738b84-59e4-4132-8492-72beba1f0959", "name": "Amalia's Llc Dba Fresh Table Cafe", "category": "restaurant", "tags": ["restaurant"], "sources": ["overture"], "address": "1501 4th Ave", "stations": [{"stopCode": 50, "lines": "1,2", "name": "Westlake Station", "walkingMeters": 203, "walkingSeconds": 151, "band": 5}, {"stopCode": 51, "lines": "1,2", "name": "Symphony Station", "walkingMeters": 385, "walkingSeconds": 287, "band": 5}, {"stopCode": 52, "lines": "1,2", "name": "Pioneer Square Station", "walkingMeters": 1273, "walkingSeconds": 950, "band": 15}]}, "geometry": {"type": "Point", "coordinates": [-122.3375168, 47.6102715]}}, {"type": "Feature", "properties": {"id": "ba472d62-ab3e-43d7-b400-ff90e0de9a01", "name": "City Kitchens Inc.", "category": "restaurant", "tags": ["restaurant"], "sources": ["overture"], "website": "https://fatcitykitchen.com", "phone": "+12063821423", "address": "1525 4th Ave", "stations": [{"stopCode": 50, "lines": "1,2", "name": "Westlake Station", "walkingMeters": 54, "walkingSeconds": 38, "band": 5}, {"stopCode": 51, "lines": "1,2", "name": "Symphony Station", "walkingMeters": 498, "walkingSeconds": 359, "band": 5}, {"stopCode": 52, "lines": "1,2", "name": "Pioneer Square Station", "walkingMeters": 1195, "walkingSeconds": 860, "band": 15}]}, "geometry": {"type": "Point", "coordinates": [-122.3376923, 47.6107635]}}, {"type": "Feature", "properties": {"id": "600943e8-a4d8-4c52-bb17-2d46b6097475", "name": "Dreamy Drinks", "category": "bar", "tags": ["bar"], "sources": ["overture"], "website": "https://www.dreamydrinksseattle.com", "phone": "+14253820796", "address": "305 Pine St", "stations": [{"stopCode": 50, "lines": "1,2", "name": "Westlake Station", "walkingMeters": 158, "walkingSeconds": 113, "band": 5}, {"stopCode": 51, "lines": "1,2", "name": "Symphony Station", "walkingMeters": 406, "walkingSeconds": 292, "band": 5}, {"stopCode": 52, "lines": "1,2", "name": "Pioneer Square Station", "walkingMeters": 1102, "walkingSeconds": 793, "band": 15}]}, "geometry": {"type": "Point", "coordinates": [-122.3382339, 47.6107292]}}, {"type": "Feature", "properties": {"id": "82a60ab9-9171-4285-b82f-26fa3f8ee717", "name": "New Vietnamese Restaurant", "category": "restaurant", "tags": ["restaurant", "vietnamese"], "sources": ["overture"], "website": "http://www.newvietnamese.com", "phone": "(206) 398-1888", "address": "1525 3rd Ave", "stations": [{"stopCode": 50, "lines": "1,2", "name": "Westlake Station", "walkingMeters": 208, "walkingSeconds": 149, "band": 5}, {"stopCode": 51, "lines": "1,2", "name": "Symphony Station", "walkingMeters": 356, "walkingSeconds": 256, "band": 5}, {"stopCode": 52, "lines": "1,2", "name": "Pioneer Square Station", "walkingMeters": 1052, "walkingSeconds": 757, "band": 15}]}, "geometry": {"type": "Point", "coordinates": [-122.338356, 47.6104698]}}, {"type": "Feature", "properties": {"id": "5c15236d-660a-476d-b05e-da26d0429553", "name": "Asean Streat Food Hall", "category": "restaurant", "tags": ["restaurant", "asian"], "sources": ["overture"], "website": "http://www.aseanstreat.com", "phone": "(206) 695-2597", "address": "400 Pine St Ste 136", "stations": [{"stopCode": 50, "lines": "1,2", "name": "Westlake Station", "walkingMeters": 83, "walkingSeconds": 60, "band": 5}, {"stopCode": 51, "lines": "1,2", "name": "Symphony Station", "walkingMeters": 557, "walkingSeconds": 401, "band": 10}, {"stopCode": 52, "lines": "1,2", "name": "Pioneer Square Station", "walkingMeters": 1434, "walkingSeconds": 1070, "band": 15}]}, "geometry": {"type": "Point", "coordinates": [-122.3374863, 47.6115341]}}, {"type": "Feature", "properties": {"id": "b9b0574c-7ded-48fa-a6cd-a296be52a818", "name": "NOLA DOGS", "category": "restaurant", "tags": ["restaurant"], "sources": ["overture"], "phone": "+12066364862", "address": "400 Pine St", "stations": [{"stopCode": 50, "lines": "1,2", "name": "Westlake Station", "walkingMeters": 62, "walkingSeconds": 44, "band": 5}, {"stopCode": 51, "lines": "1,2", "name": "Symphony Station", "walkingMeters": 555, "walkingSeconds": 400, "band": 10}]}, "geometry": {"type": "Point", "coordinates": [-122.3373032, 47.6118736]}}, {"type": "Feature", "properties": {"id": "f3502283-d10f-4108-906a-e9704620fcbf", "name": "Zuba", "category": "restaurant", "tags": ["restaurant", "mediterranean", "middle-eastern"], "sources": ["overture"], "website": "http://www.zubaeats.com/", "phone": "+12062570857", "address": "400 Pine St", "stations": [{"stopCode": 50, "lines": "1,2", "name": "Westlake Station", "walkingMeters": 72, "walkingSeconds": 52, "band": 5}, {"stopCode": 51, "lines": "1,2", "name": "Symphony Station", "walkingMeters": 590, "walkingSeconds": 424, "band": 10}]}, "geometry": {"type": "Point", "coordinates": [-122.3371048, 47.6120186]}}, {"type": "Feature", "properties": {"id": "008797a9-a781-465a-b087-a4978da87c12", "name": "Charley's Grilled Subs", "category": "restaurant", "tags": ["restaurant", "sandwich"], "sources": ["overture"], "website": "http://charleyssteakery.com/", "phone": "(206) 382-1006", "address": "400 Pine St", "stations": [{"stopCode": 50, "lines": "1,2", "name": "Westlake Station", "walkingMeters": 47, "walkingSeconds": 34, "band": 5}, {"stopCode": 51, "lines": "1,2", "name": "Symphony Station", "walkingMeters": 560, "walkingSeconds": 403, "band": 10}]}, "geometry": {"type": "Point", "coordinates": [-122.3370972, 47.611824]}}, {"type": "Feature", "properties": {"id": "2abfb146-e858-4580-a9dc-0c49f9f20359", "name": "Salena Mexicana", "category": "restaurant", "tags": ["restaurant", "mexican"], "sources": ["overture"], "website": "http://www.westlakecenter.com/html", "phone": "(206) 622-8226", "address": "400 Pine St", "stations": [{"stopCode": 50, "lines": "1,2", "name": "Westlake Station", "walkingMeters": 50, "walkingSeconds": 36, "band": 5}, {"stopCode": 51, "lines": "1,2", "name": "Symphony Station", "walkingMeters": 558, "walkingSeconds": 401, "band": 10}]}, "geometry": {"type": "Point", "coordinates": [-122.3371277, 47.6118279]}}, {"type": "Feature", "properties": {"id": "74d44565-3b45-4a92-8046-84591e68be8b", "name": "Andaluca Restaurant", "category": "restaurant", "tags": ["restaurant", "mediterranean"], "sources": ["overture"], "website": "http://www.mayflowerpark.com/", "phone": "+12063826999", "address": "407 Olive Way", "stations": [{"stopCode": 50, "lines": "1,2", "name": "Westlake Station", "walkingMeters": 187, "walkingSeconds": 135, "band": 5}, {"stopCode": 51, "lines": "1,2", "name": "Symphony Station", "walkingMeters": 631, "walkingSeconds": 454, "band": 10}]}, "geometry": {"type": "Point", "coordinates": [-122.3380203, 47.6122131]}}, {"type": "Feature", "properties": {"id": "499bf936-34e5-419e-b0bd-e1d8690e013e", "name": "Crawfish Chef Grab'n Go", "category": "restaurant", "tags": ["restaurant", "seafood"], "sources": ["overture"], "website": "http://www.crawfishchef.com", "address": "400 Pine St  Ste 136", "stations": [{"stopCode": 50, "lines": "1,2", "name": "Westlake Station", "walkingMeters": 110, "walkingSeconds": 82, "band": 5}, {"stopCode": 51, "lines": "1,2", "name": "Symphony Station", "walkingMeters": 624, "walkingSeconds": 466, "band": 10}]}, "geometry": {"type": "Point", "coordinates": [-122.337677, 47.6119804]}}, {"type": "Feature", "properties": {"id": "9d9d4f16-e510-4fc8-bed8-87beccfe9710", "name": "Barakat Restaurant Group Inc", "category": "restaurant", "tags": ["restaurant"], "sources": ["overture"], "website": "https://www.barakatrestaurant.com", "address": "400 Pine St Ste 326", "stations": [{"stopCode": 50, "lines": "1,2", "name": "Westlake Station", "walkingMeters": 110, "walkingSeconds": 82, "band": 5}, {"stopCode": 51, "lines": "1,2", "name": "Symphony Station", "walkingMeters": 624, "walkingSeconds": 466, "band": 10}]}, "geometry": {"type": "Point", "coordinates": [-122.337677, 47.6119804]}}, {"type": "Feature", "properties": {"id": "9df187d5-5f0b-4f50-a8f4-59e03faaeb2a", "name": "Rolling Wok", "category": "restaurant", "tags": ["restaurant", "asian", "fusion"], "sources": ["overture"], "address": "400 Pine St Ste 136", "stations": [{"stopCode": 50, "lines": "1,2", "name": "Westlake Station", "walkingMeters": 110, "walkingSeconds": 82, "band": 5}, {"stopCode": 51, "lines": "1,2", "name": "Symphony Station", "walkingMeters": 624, "walkingSeconds": 466, "band": 10}]}, "geometry": {"type": "Point", "coordinates": [-122.337677, 47.6119804]}}, {"type": "Feature", "properties": {"id": "1491c307-69bb-4588-b704-d69d99d476cc", "name": "Hi Fry", "category": "restaurant", "tags": ["restaurant", "thai"], "sources": ["overture"], "address": "400 Pine St Ste 136", "stations": [{"stopCode": 50, "lines": "1,2", "name": "Westlake Station", "walkingMeters": 110, "walkingSeconds": 82, "band": 5}, {"stopCode": 51, "lines": "1,2", "name": "Symphony Station", "walkingMeters": 624, "walkingSeconds": 466, "band": 10}]}, "geometry": {"type": "Point", "coordinates": [-122.337677, 47.6119804]}}, {"type": "Feature", "properties": {"id": "b13e39b9-b2f5-45a1-b4ef-cebe11173854", "name": "Ij Sushi Burrito -westlake Center", "category": "restaurant", "tags": ["restaurant", "sushi"], "sources": ["overture"], "website": "https://www.ijsushiburrito.com", "phone": "12062584933", "address": "400 Pine St  # 3035", "stations": [{"stopCode": 50, "lines": "1,2", "name": "Westlake Station", "walkingMeters": 110, "walkingSeconds": 82, "band": 5}, {"stopCode": 51, "lines": "1,2", "name": "Symphony Station", "walkingMeters": 624, "walkingSeconds": 466, "band": 10}]}, "geometry": {"type": "Point", "coordinates": [-122.337677, 47.6119804]}}, {"type": "Feature", "properties": {"id": "9d328d8f-cd91-404e-a764-704f8948866a", "name": "Broncos Bbq", "category": "restaurant", "tags": ["restaurant"], "sources": ["overture"], "address": "400 Pine St", "stations": [{"stopCode": 50, "lines": "1,2", "name": "Westlake Station", "walkingMeters": 110, "walkingSeconds": 82, "band": 5}, {"stopCode": 51, "lines": "1,2", "name": "Symphony Station", "walkingMeters": 624, "walkingSeconds": 466, "band": 10}]}, "geometry": {"type": "Point", "coordinates": [-122.337677, 47.6119804]}}, {"type": "Feature", "properties": {"id": "2b5a640f-ad59-4f00-b566-0c3b8a1e6f1e", "name": "Wild Tiger Pizza", "category": "restaurant", "tags": ["restaurant", "pizza"], "sources": ["overture"], "website": "https://www.wildtigerpizzamenu.com/?utm_source=organic_bing&utm_medium=bing_pw", "phone": "2066825747", "address": "1620 4th Ave", "stations": [{"stopCode": 50, "lines": "1,2", "name": "Westlake Station", "walkingMeters": 138, "walkingSeconds": 100, "band": 5}, {"stopCode": 51, "lines": "1,2", "name": "Symphony Station", "walkingMeters": 572, "walkingSeconds": 412, "band": 10}]}, "geometry": {"type": "Point", "coordinates": [-122.3379135, 47.6118698]}}, {"type": "Feature", "properties": {"id": "39466a6b-1dde-4867-8ed2-aac526e9734d", "name": "Suite 410", "category": "bar", "tags": ["bar", "cocktail"], "sources": ["overture"], "website": "https://suite410bar.com/?utm_source=organic&utm_medium=yext&utm_campaign=website_url", "phone": "2066824101", "address": "410 Stewart St", "stations": [{"stopCode": 50, "lines": "1,2", "name": "Westlake Station", "walkingMeters": 234, "walkingSeconds": 168, "band": 5}, {"stopCode": 51, "lines": "1,2", "name": "Symphony Station", "walkingMeters": 669, "walkingSeconds": 482, "band": 10}]}, "geometry": {"type": "Point", "coordinates": [-122.3383942, 47.6126938]}}, {"type": "Feature", "properties": {"id": "0c0d2a01-7ce6-42bf-899d-d34c870f1795", "name": "Roy's", "category": "restaurant", "tags": ["restaurant"], "sources": ["overture"], "website": "http://www.roysrestaurant.com", "phone": "(206) 256-7697", "address": "1900 5th Ave Westin Seattle", "stations": [{"stopCode": 50, "lines": "1,2", "name": "Westlake Station", "walkingMeters": 224, "walkingSeconds": 163, "band": 5}, {"stopCode": 51, "lines": "1,2", "name": "Symphony Station", "walkingMeters": 739, "walkingSeconds": 534, "band": 10}]}, "geometry": {"type": "Point", "coordinates": [-122.337944, 47.6132164]}}, {"type": "Feature", "properties": {"id": "11094d1b-c98e-440f-8f93-a9bc546c1cd0", "name": "Go Philly", "category": "restaurant", "tags": ["restaurant", "sandwich"], "sources": ["overture"], "website": "http://www.gophillycheesesteaks.com", "phone": "(206) 623-3737", "address": "Westlake Center", "stations": [{"stopCode": 50, "lines": "1,2", "name": "Westlake Station", "walkingMeters": 204, "walkingSeconds": 147, "band": 5}, {"stopCode": 51, "lines": "1,2", "name": "Symphony Station", "walkingMeters": 710, "walkingSeconds": 513, "band": 10}]}, "geometry": {"type": "Point", "coordinates": [-122.3380585, 47.6129913]}}, {"type": "Feature", "properties": {"id": "8367b5d0-4dc2-434e-b487-84e393aa4cee", "name": "Il Fornaio Seattle", "category": "restaurant", "tags": ["restaurant", "italian"], "sources": ["overture"], "website": "http://www.ilfornaio.com", "phone": "(206) 264-0994", "address": "600 Pine St", "stations": [{"stopCode": 50, "lines": "1,2", "name": "Westlake Station", "walkingMeters": 226, "walkingSeconds": 162, "band": 5}, {"stopCode": 51, "lines": "1,2", "name": "Symphony Station", "walkingMeters": 744, "walkingSeconds": 535, "band": 10}]}, "geometry": {"type": "Point", "coordinates": [-122.3363037, 47.6130257]}}, {"type": "Feature", "properties": {"id": "5bd7a3ee-2302-468a-aec3-3b320db61038", "name": "Teavana", "category": "cafe", "tags": ["cafe", "tea", "room"], "sources": ["overture"], "website": "https://locations.teavana.com/us/wa/seattle/600-pine-street.html", "phone": "(206) 623-3581", "address": "600 Pine St #255", "stations": [{"stopCode": 50, "lines": "1,2", "name": "Westlake Station", "walkingMeters": 183, "walkingSeconds": 134, "band": 5}, {"stopCode": 51, "lines": "1,2", "name": "Symphony Station", "walkingMeters": 701, "walkingSeconds": 506, "band": 10}]}, "geometry": {"type": "Point", "coordinates": [-122.3355255, 47.61269]}}, {"type": "Feature", "properties": {"id": "8d3cab29-3092-4d2d-be87-366757158f5a", "name": "Mexico Cantina Y Cocina", "category": "fast_food", "tags": ["fast-food", "fast", "food", "mexican"], "sources": ["overture"], "website": "http://eatatmexico.com/", "phone": "2064053400", "address": "600 Pine Street, Level 4", "stations": [{"stopCode": 50, "lines": "1,2", "name": "Westlake Station", "walkingMeters": 182, "walkingSeconds": 133, "band": 5}, {"stopCode": 51, "lines": "1,2", "name": "Symphony Station", "walkingMeters": 700, "walkingSeconds": 505, "band": 10}]}, "geometry": {"type": "Point", "coordinates": [-122.3349609, 47.6125946]}}, {"type": "Feature", "properties": {"id": "e934af84-0c18-4ca6-b4f9-c2183f185a7a", "name": "Thai Ginger Pacific Place", "category": "restaurant", "tags": ["restaurant", "thai"], "sources": ["overture"], "website": "thaiginger.com", "phone": "12067499100", "address": "600 Pine St  # Level", "stations": [{"stopCode": 50, "lines": "1,2", "name": "Westlake Station", "walkingMeters": 276, "walkingSeconds": 200, "band": 5}, {"stopCode": 51, "lines": "1,2", "name": "Symphony Station", "walkingMeters": 793, "walkingSeconds": 573, "band": 10}]}, "geometry": {"type": "Point", "coordinates": [-122.3352203, 47.6124687]}}, {"type": "Feature", "properties": {"id": "1dd9c61a-53bb-4e7d-9089-d4f0ade8f324", "name": "Capuli Club - Sips & Treats", "category": "cafe", "tags": ["cafe", "tea", "room"], "sources": ["overture"], "website": "https://www.capuliclub.com", "phone": "13602160775", "address": "600 Pine St  Apt 342", "stations": [{"stopCode": 50, "lines": "1,2", "name": "Westlake Station", "walkingMeters": 276, "walkingSeconds": 200, "band": 5}, {"stopCode": 51, "lines": "1,2", "name": "Symphony Station", "walkingMeters": 793, "walkingSeconds": 573, "band": 10}]}, "geometry": {"type": "Point", "coordinates": [-122.3352203, 47.6124687]}}, {"type": "Feature", "properties": {"id": "fbf3acf4-55bd-4886-a14c-20ffde7a77a6", "name": "Pnk Restaurant & Ultra Lounge", "category": "restaurant", "tags": ["restaurant"], "sources": ["overture"], "website": "https://www.pnkultralounge.com", "address": "600 Pine St", "stations": [{"stopCode": 50, "lines": "1,2", "name": "Westlake Station", "walkingMeters": 195, "walkingSeconds": 146, "band": 5}, {"stopCode": 51, "lines": "1,2", "name": "Symphony Station", "walkingMeters": 678, "walkingSeconds": 506, "band": 10}]}, "geometry": {"type": "Point", "coordinates": [-122.3352203, 47.6124687]}}, {"type": "Feature", "properties": {"id": "471bb4c1-bcbb-4a91-9c1b-ed57f9571ba9", "name": "Haidilao Hot Pot Seattle", "category": "restaurant", "tags": ["restaurant", "chinese", "asian"], "sources": ["overture"], "website": "https://www.haidilao-inc.com/us", "phone": "+12068581803", "address": "600 Pine St", "stations": [{"stopCode": 50, "lines": "1,2", "name": "Westlake Station", "walkingMeters": 156, "walkingSeconds": 115, "band": 5}, {"stopCode": 51, "lines": "1,2", "name": "Symphony Station", "walkingMeters": 674, "walkingSeconds": 487, "band": 10}]}, "geometry": {"type": "Point", "coordinates": [-122.3352585, 47.612484]}}, {"type": "Feature", "properties": {"id": "b2d7bee8-af12-4d2a-a1d9-29125a27d099", "name": "Made Coffee", "category": "cafe", "tags": ["cafe", "coffee"], "sources": ["overture"], "website": "http://madecoffee.com", "phone": "+12066211200", "address": "1531 7th Ave", "stations": [{"stopCode": 50, "lines": "1,2", "name": "Westlake Station", "walkingMeters": 229, "walkingSeconds": 166, "band": 5}, {"stopCode": 51, "lines": "1,2", "name": "Symphony Station", "walkingMeters": 734, "walkingSeconds": 529, "band": 10}]}, "geometry": {"type": "Point", "coordinates": [-122.3342285, 47.6123962]}}, {"type": "Feature", "properties": {"id": "d5e5922d-3542-4821-9d04-7ebddefd31f7", "name": "Gordon Biersch Brewery Restaurant", "category": "bar", "tags": ["bar", "brewery"], "sources": ["overture"], "website": "https://gordonbiersch.com/locations/seattle", "phone": "(206) 405-4205", "address": "600 Pine St #401", "stations": [{"stopCode": 50, "lines": "1,2", "name": "Westlake Station", "walkingMeters": 244, "walkingSeconds": 178, "band": 5}, {"stopCode": 51, "lines": "1,2", "name": "Symphony Station", "walkingMeters": 762, "walkingSeconds": 550, "band": 10}]}, "geometry": {"type": "Point", "coordinates": [-122.3347321, 47.6127968]}}, {"type": "Feature", "properties": {"id": "a2b9acc4-7922-4c85-a626-6994d3e147b0", "name": "Caffe Umbria Olive Way", "category": "cafe", "tags": ["cafe", "coffee"], "sources": ["overture"], "website": "http://caffesensounico.com", "phone": "(206) 264-7611", "address": "622 Olive Way", "stations": [{"stopCode": 50, "lines": "1,2", "name": "Westlake Station", "walkingMeters": 314, "walkingSeconds": 225, "band": 5}, {"stopCode": 51, "lines": "1,2", "name": "Symphony Station", "walkingMeters": 831, "walkingSeconds": 598, "band": 10}]}, "geometry": {"type": "Point", "coordinates": [-122.3356781, 47.6135826]}}, {"type": "Feature", "properties": {"id": "e446e734-6a7c-4b44-bb78-bc5ccf60542d", "name": "Blueacre Seafood", "category": "restaurant", "tags": ["restaurant", "live-and-raw-food", "live", "raw", "food", "seafood"], "sources": ["overture"], "website": "http://www.blueacreseafood.com/", "phone": "2066590737", "address": "1700 7th Ave", "stations": [{"stopCode": 50, "lines": "1,2", "name": "Westlake Station", "walkingMeters": 369, "walkingSeconds": 265, "band": 5}, {"stopCode": 51, "lines": "1,2", "name": "Symphony Station", "walkingMeters": 887, "walkingSeconds": 638, "band": 10}, {"stopCode": 49, "lines": "1,2", "name": "Capitol Hill Station", "walkingMeters": 1386, "walkingSeconds": 1008, "band": 15}]}, "geometry": {"type": "Point", "coordinates": [-122.3351822, 47.613884]}}, {"type": "Feature", "properties": {"id": "a631292c-7569-432b-8332-db1f1882c547", "name": "Circadia", "category": "restaurant", "tags": ["restaurant"], "sources": ["overture"], "website": "circadiaseattle.com", "address": "624 Olive Way", "stations": [{"stopCode": 50, "lines": "1,2", "name": "Westlake Station", "walkingMeters": 308, "walkingSeconds": 230, "band": 5}, {"stopCode": 51, "lines": "1,2", "name": "Symphony Station", "walkingMeters": 833, "walkingSeconds": 622, "band": 10}]}, "geometry": {"type": "Point", "coordinates": [-122.3355942, 47.6135635]}}, {"type": "Feature", "properties": {"id": "aab367cb-6b44-4ea5-bd43-7a7f93484efd", "name": "Tidal", "category": "restaurant", "tags": ["restaurant"], "sources": ["overture"], "website": "https://www.hyatt.com/en-US/hotel/washington/hyatt-at-olive-8/seahs/dining", "phone": "+12066764600", "address": "1639 8th Ave", "stations": [{"stopCode": 50, "lines": "1,2", "name": "Westlake Station", "walkingMeters": 407, "walkingSeconds": 295, "band": 5}, {"stopCode": 51, "lines": "1,2", "name": "Symphony Station", "walkingMeters": 925, "walkingSeconds": 667, "band": 15}, {"stopCode": 49, "lines": "1,2", "name": "Capitol Hill Station", "walkingMeters": 1314, "walkingSeconds": 950, "band": 15}]}, "geometry": {"type": "Point", "coordinates": [-122.3340683, 47.6137428]}}, {"type": "Feature", "properties": {"id": "0f1e5f99-b29c-4aa1-ad13-d1dab625112a", "name": "O8 Bagel Shop", "category": "restaurant", "tags": ["restaurant"], "sources": ["overture"], "website": "https://www.hyatt.com", "phone": "12066764600", "address": "1635 8th Ave", "stations": [{"stopCode": 50, "lines": "1,2", "name": "Westlake Station", "walkingMeters": 412, "walkingSeconds": 296, "band": 5}, {"stopCode": 51, "lines": "1,2", "name": "Symphony Station", "walkingMeters": 929, "walkingSeconds": 668, "band": 15}, {"stopCode": 49, "lines": "1,2", "name": "Capitol Hill Station", "walkingMeters": 1309, "walkingSeconds": 946, "band": 15}]}, "geometry": {"type": "Point", "coordinates": [-122.3343964, 47.6137161]}}, {"type": "Feature", "properties": {"id": "e97bdc52-d5aa-4d93-a87a-75e6361cee62", "name": "Mr West Cafe Bar Downtown", "category": "bar", "tags": ["bar", "wine", "breakfast-and-brunch"], "sources": ["overture"], "website": "https://mrwestcafebar.com/", "phone": "2069009378", "address": "720 Olive Way", "stations": [{"stopCode": 50, "lines": "1,2", "name": "Westlake Station", "walkingMeters": 449, "walkingSeconds": 322, "band": 5}, {"stopCode": 51, "lines": "1,2", "name": "Symphony Station", "walkingMeters": 966, "walkingSeconds": 695, "band": 15}, {"stopCode": 49, "lines": "1,2", "name": "Capitol Hill Station", "walkingMeters": 1316, "walkingSeconds": 951, "band": 15}]}, "geometry": {"type": "Point", "coordinates": [-122.3345108, 47.6141167]}}, {"type": "Feature", "properties": {"id": "4c68e00e-c22a-4f95-aa2b-b5cfe62f8d4c", "name": "Urbane", "category": "restaurant", "tags": ["restaurant", "american"], "sources": ["overture"], "website": "http://urbaneseattle.com", "phone": "(206) 676-4600", "address": "1639 8th Ave", "stations": [{"stopCode": 50, "lines": "1,2", "name": "Westlake Station", "walkingMeters": 421, "walkingSeconds": 302, "band": 5}, {"stopCode": 51, "lines": "1,2", "name": "Symphony Station", "walkingMeters": 939, "walkingSeconds": 675, "band": 15}, {"stopCode": 49, "lines": "1,2", "name": "Capitol Hill Station", "walkingMeters": 1299, "walkingSeconds": 939, "band": 15}]}, "geometry": {"type": "Point", "coordinates": [-122.3341599, 47.6139221]}}, {"type": "Feature", "properties": {"id": "e6ab4dcb-66a3-4fb5-ac3a-000e21b414d4", "name": "Pita Xpress", "category": "restaurant", "tags": ["restaurant", "mediterranean"], "sources": ["overture"], "website": "http://pitaxpress.com", "phone": "(206) 447-4142", "address": "802 Howell St", "stations": [{"stopCode": 50, "lines": "1,2", "name": "Westlake Station", "walkingMeters": 477, "walkingSeconds": 346, "band": 10}, {"stopCode": 51, "lines": "1,2", "name": "Symphony Station", "walkingMeters": 995, "walkingSeconds": 718, "band": 15}, {"stopCode": 49, "lines": "1,2", "name": "Capitol Hill Station", "walkingMeters": 1247, "walkingSeconds": 902, "band": 15}]}, "geometry": {"type": "Point", "coordinates": [-122.3337326, 47.6142845]}}, {"type": "Feature", "properties": {"id": "76ad2aa3-0888-441e-b6aa-a3dbad4b2bd6", "name": "Andare Kitchen & Bar", "category": "restaurant", "tags": ["restaurant", "italian"], "sources": ["overture"], "website": "https://www.hyatt.com/en-US/hotel/washington/hyatt-regency-seattle/sears/dining", "phone": "+12068596777", "address": "808 Howell St", "stations": [{"stopCode": 50, "lines": "1,2", "name": "Westlake Station", "walkingMeters": 488, "walkingSeconds": 351, "band": 10}, {"stopCode": 51, "lines": "1,2", "name": "Symphony Station", "walkingMeters": 1006, "walkingSeconds": 724, "band": 15}, {"stopCode": 49, "lines": "1,2", "name": "Capitol Hill Station", "walkingMeters": 1279, "walkingSeconds": 925, "band": 15}]}, "geometry": {"type": "Point", "coordinates": [-122.3340759, 47.6143646]}}, {"type": "Feature", "properties": {"id": "2dbb5738-3e81-4c01-8da4-c4ca356724e0", "name": "Vs Services, Llc", "category": "restaurant", "tags": ["restaurant"], "sources": ["overture"], "address": "720 Olive Way Ste 108", "stations": [{"stopCode": 50, "lines": "1,2", "name": "Westlake Station", "walkingMeters": 424, "walkingSeconds": 316, "band": 5}, {"stopCode": 51, "lines": "1,2", "name": "Symphony Station", "walkingMeters": 932, "walkingSeconds": 696, "band": 15}, {"stopCode": 49, "lines": "1,2", "name": "Capitol Hill Station", "walkingMeters": 1585, "walkingSeconds": 1183, "band": 15}]}, "geometry": {"type": "Point", "coordinates": [-122.3347778, 47.6142006]}}, {"type": "Feature", "properties": {"id": "a92481a8-b047-40d5-860c-907db024fa99", "name": "Riverplace Associates Llc", "category": "restaurant", "tags": ["restaurant"], "sources": ["overture"], "address": "720 Olive Way", "stations": [{"stopCode": 50, "lines": "1,2", "name": "Westlake Station", "walkingMeters": 426, "walkingSeconds": 318, "band": 5}, {"stopCode": 51, "lines": "1,2", "name": "Symphony Station", "walkingMeters": 934, "walkingSeconds": 697, "band": 15}, {"stopCode": 49, "lines": "1,2", "name": "Capitol Hill Station", "walkingMeters": 1587, "walkingSeconds": 1184, "band": 15}]}, "geometry": {"type": "Point", "coordinates": [-122.3348083, 47.6142197]}}, {"type": "Feature", "properties": {"id": "e7a8c73e-1e4e-4719-a75f-0599782a248e", "name": "Abacus Hospitality", "category": "restaurant", "tags": ["restaurant"], "sources": ["overture"], "address": "1700 7th Ave # 116-303", "stations": [{"stopCode": 50, "lines": "1,2", "name": "Westlake Station", "walkingMeters": 377, "walkingSeconds": 281, "band": 5}, {"stopCode": 51, "lines": "1,2", "name": "Symphony Station", "walkingMeters": 894, "walkingSeconds": 667, "band": 15}, {"stopCode": 49, "lines": "1,2", "name": "Capitol Hill Station", "walkingMeters": 1637, "walkingSeconds": 1222, "band": 15}]}, "geometry": {"type": "Point", "coordinates": [-122.3351974, 47.6139679]}}, {"type": "Feature", "properties": {"id": "4e6c011f-2a7d-4c83-b01e-8d6f9a661bf4", "name": "Romio's Franchise Group Inc", "category": "restaurant", "tags": ["restaurant"], "sources": ["overture"], "phone": "2062708782", "address": "600 Stewart St  Ste 1300", "stations": [{"stopCode": 50, "lines": "1,2", "name": "Westlake Station", "walkingMeters": 354, "walkingSeconds": 264, "band": 5}, {"stopCode": 51, "lines": "1,2", "name": "Symphony Station", "walkingMeters": 902, "walkingSeconds": 673, "band": 10}]}, "geometry": {"type": "Point", "coordinates": [-122.3371124, 47.614006]}}, {"type": "Feature", "properties": {"id": "ddbf4032-11a2-4ec7-af86-8d4ecee42fdf", "name": "Red Fin", "category": "restaurant", "tags": ["restaurant", "sushi"], "sources": ["overture"], "website": "http://www.redfinsushi.com", "phone": "(206) 441-4340", "address": "612 Stewart St", "stations": [{"stopCode": 50, "lines": "1,2", "name": "Westlake Station", "walkingMeters": 354, "walkingSeconds": 257, "band": 5}, {"stopCode": 51, "lines": "1,2", "name": "Symphony Station", "walkingMeters": 872, "walkingSeconds": 629, "band": 10}]}, "geometry": {"type": "Point", "coordinates": [-122.3363037, 47.6140594]}}, {"type": "Feature", "properties": {"id": "d13349a4-f0b5-422a-bfd7-422e5d1e1eeb", "name": "Pamela\u2019s Fine Foods", "category": "restaurant", "tags": ["restaurant"], "sources": ["overture"], "website": "pamelasfinefoods.com", "address": "607 Stewart St", "stations": [{"stopCode": 50, "lines": "1,2", "name": "Westlake Station", "walkingMeters": 321, "walkingSeconds": 233, "band": 5}, {"stopCode": 51, "lines": "1,2", "name": "Symphony Station", "walkingMeters": 838, "walkingSeconds": 605, "band": 10}]}, "geometry": {"type": "Point", "coordinates": [-122.3366013, 47.6137428]}}, {"type": "Feature", "properties": {"id": "4a47714e-c403-4087-89e1-909dd46d627c", "name": "1900 Fifth Bar + Lounge", "category": "bar", "tags": ["bar", "cocktail"], "sources": ["overture"], "website": "http://www.westinseattle.com/1900Fifth", "phone": "+12067281000", "address": "1900 5th Ave", "stations": [{"stopCode": 50, "lines": "1,2", "name": "Westlake Station", "walkingMeters": 287, "walkingSeconds": 208, "band": 5}, {"stopCode": 51, "lines": "1,2", "name": "Symphony Station", "walkingMeters": 801, "walkingSeconds": 578, "band": 10}]}, "geometry": {"type": "Point", "coordinates": [-122.3379745, 47.6136703]}}, {"type": "Feature", "properties": {"id": "1bacdcfc-36b1-4757-82a0-9a4148487fe9", "name": "Relish Bistro", "category": "restaurant", "tags": ["restaurant", "american"], "sources": ["overture"], "website": "relishbistroseattle.com", "address": "1900 5th Ave", "stations": [{"stopCode": 50, "lines": "1,2", "name": "Westlake Station", "walkingMeters": 355, "walkingSeconds": 265, "band": 5}, {"stopCode": 51, "lines": "1,2", "name": "Symphony Station", "walkingMeters": 892, "walkingSeconds": 666, "band": 10}]}, "geometry": {"type": "Point", "coordinates": [-122.338295, 47.6137848]}}, {"type": "Feature", "properties": {"id": "8a7dea6c-27e6-4cde-96d7-e4e2da6c9593", "name": "Icon Grill", "category": "restaurant", "tags": ["restaurant", "american"], "sources": ["overture"], "website": "https://www.icongrill.net", "phone": "2064416330", "address": "1933 5th Ave", "stations": [{"stopCode": 50, "lines": "1,2", "name": "Westlake Station", "walkingMeters": 304, "walkingSeconds": 219, "band": 5}, {"stopCode": 51, "lines": "1,2", "name": "Symphony Station", "walkingMeters": 812, "walkingSeconds": 584, "band": 10}]}, "geometry": {"type": "Point", "coordinates": [-122.3392258, 47.6135139]}}, {"type": "Feature", "properties": {"id": "1d3f1e60-d759-471f-8183-4850bb8ce29c", "name": "Gee Whiz Coffee Shop", "category": "cafe", "tags": ["cafe", "coffee"], "sources": ["overture"], "website": "http://www.coffeeshopsusa.com", "phone": "(206) 441-0511", "address": "1925 5th Ave # AVE-1203", "stations": [{"stopCode": 50, "lines": "1,2", "name": "Westlake Station", "walkingMeters": 273, "walkingSeconds": 196, "band": 5}, {"stopCode": 51, "lines": "1,2", "name": "Symphony Station", "walkingMeters": 781, "walkingSeconds": 562, "band": 10}]}, "geometry": {"type": "Point", "coordinates": [-122.338974, 47.6132774]}}, {"type": "Feature", "properties": {"id": "78ed279e-e514-4dcc-8033-976cfe44ec9c", "name": "Toi", "category": "restaurant", "tags": ["restaurant", "thai"], "sources": ["overture"], "website": "http://www.toiseattle.com", "phone": "(206) 267-1017", "address": "1904 4th Ave", "stations": [{"stopCode": 50, "lines": "1,2", "name": "Westlake Station", "walkingMeters": 243, "walkingSeconds": 175, "band": 5}, {"stopCode": 51, "lines": "1,2", "name": "Symphony Station", "walkingMeters": 653, "walkingSeconds": 470, "band": 10}]}, "geometry": {"type": "Point", "coordinates": [-122.3388901, 47.6126289]}}, {"type": "Feature", "properties": {"id": "fc671788-8bba-4091-beee-f43b799df898", "name": "Third Avenue Cafe", "category": "cafe", "tags": ["cafe", "coffee"], "sources": ["overture"], "website": "http://www.thirdavecafe.com", "phone": "+12066227778", "address": "1908 3rd Ave", "stations": [{"stopCode": 50, "lines": "1,2", "name": "Westlake Station", "walkingMeters": 324, "walkingSeconds": 233, "band": 5}, {"stopCode": 51, "lines": "1,2", "name": "Symphony Station", "walkingMeters": 566, "walkingSeconds": 407, "band": 10}]}, "geometry": {"type": "Point", "coordinates": [-122.3398972, 47.611927]}}, {"type": "Feature", "properties": {"id": "c1afbdf9-c846-4741-9510-738dedccc805", "name": "Yumbit Food Truck", "category": "fast_food", "tags": ["fast-food", "food", "truck"], "sources": ["overture"], "website": "https://www.yumbitseattle.com", "phone": "(425) 443-2822", "stations": [{"stopCode": 50, "lines": "1,2", "name": "Westlake Station", "walkingMeters": 546, "walkingSeconds": 395, "band": 10}, {"stopCode": 51, "lines": "1,2", "name": "Symphony Station", "walkingMeters": 1060, "walkingSeconds": 765, "band": 15}]}, "geometry": {"type": "Point", "coordinates": [-122.3394623, 47.615387]}}, {"type": "Feature", "properties": {"id": "df927a0f-8fa2-4875-a865-c7406169c777", "name": "Amazon Community Banana Stand", "category": "fast_food", "tags": ["fast-food", "food", "truck"], "sources": ["overture"], "address": "2031 7th Ave", "stations": [{"stopCode": 50, "lines": "1,2", "name": "Westlake Station", "walkingMeters": 609, "walkingSeconds": 454, "band": 10}, {"stopCode": 51, "lines": "1,2", "name": "Symphony Station", "walkingMeters": 1147, "walkingSeconds": 856, "band": 15}]}, "geometry": {"type": "Point", "coordinates": [-122.3390503, 47.6154785]}}, {"type": "Feature", "properties": {"id": "032ab3d5-0aa6-41db-8db8-ad04268ce535", "name": "Bar at The Spheres", "category": "bar", "tags": ["bar"], "sources": ["overture"], "website": "http://deepdiveseattle.com/", "phone": "+12069009390", "address": "620 Lenora St", "stations": [{"stopCode": 50, "lines": "1,2", "name": "Westlake Station", "walkingMeters": 562, "walkingSeconds": 406, "band": 10}, {"stopCode": 51, "lines": "1,2", "name": "Symphony Station", "walkingMeters": 1076, "walkingSeconds": 776, "band": 15}]}, "geometry": {"type": "Point", "coordinates": [-122.3392639, 47.6156311]}}, {"type": "Feature", "properties": {"id": "ff82c9a4-1a90-4c11-8d79-f8f948448365", "name": "Supreme Dumplings (South Lake Union)", "category": "restaurant", "tags": ["restaurant", "taiwanese", "chinese", "dim-sum"], "sources": ["overture"], "website": "https://www.supreme-dumplings.com/", "phone": "+18772306026", "address": "2202 7th Ave", "stations": [{"stopCode": 50, "lines": "1,2", "name": "Westlake Station", "walkingMeters": 841, "walkingSeconds": 628, "band": 10}, {"stopCode": 51, "lines": "1,2", "name": "Symphony Station", "walkingMeters": 1378, "walkingSeconds": 1028, "band": 15}]}, "geometry": {"type": "Point", "coordinates": [-122.3399506, 47.6169662]}}, {"type": "Feature", "properties": {"id": "6e5664af-574d-41f1-bedc-08e71564a8a6", "name": "Kitanda Espresso & Acai - Mckenzie", "category": "cafe", "tags": ["cafe", "coffee"], "sources": ["overture"], "website": "kitanda.com", "phone": "14258204381", "address": "2202 8th Ave  Ste A", "stations": [{"stopCode": 50, "lines": "1,2", "name": "Westlake Station", "walkingMeters": 918, "walkingSeconds": 685, "band": 10}, {"stopCode": 51, "lines": "1,2", "name": "Symphony Station", "walkingMeters": 1462, "walkingSeconds": 1091, "band": 15}]}, "geometry": {"type": "Point", "coordinates": [-122.3393097, 47.6176758]}}, {"type": "Feature", "properties": {"id": "6872e3b6-ae36-40cd-b4a3-b0952918e073", "name": "Organic To Go", "category": "restaurant", "tags": ["restaurant"], "sources": ["overture"], "website": "http://www.organictogo.com", "phone": "(206) 381-5730", "address": "601 Union St Ste 224A", "stations": [{"stopCode": 50, "lines": "1,2", "name": "Westlake Station", "walkingMeters": 472, "walkingSeconds": 340, "band": 10}, {"stopCode": 51, "lines": "1,2", "name": "Symphony Station", "walkingMeters": 497, "walkingSeconds": 357, "band": 10}, {"stopCode": 52, "lines": "1,2", "name": "Pioneer Square Station", "walkingMeters": 1167, "walkingSeconds": 842, "band": 15}]}, "geometry": {"type": "Point", "coordinates": [-122.3324661, 47.6102409]}}, {"type": "Feature", "properties": {"id": "5aad7ea4-e582-4d93-b53f-f0b53b3b871d", "name": "RN74", "category": "restaurant", "tags": ["restaurant", "french"], "sources": ["overture"], "website": "https://www.michaelmina.net/restaurants/rn74/", "phone": "(206) 456-7474", "address": "1433 4th Ave", "stations": [{"stopCode": 50, "lines": "1,2", "name": "Westlake Station", "walkingMeters": 207, "walkingSeconds": 151, "band": 5}, {"stopCode": 51, "lines": "1,2", "name": "Symphony Station", "walkingMeters": 323, "walkingSeconds": 232, "band": 5}, {"stopCode": 52, "lines": "1,2", "name": "Pioneer Square Station", "walkingMeters": 1017, "walkingSeconds": 732, "band": 15}]}, "geometry": {"type": "Point", "coordinates": [-122.3367767, 47.6100082]}}, {"type": "Feature", "properties": {"id": "ac5dc65d-80c9-4db5-ae04-1ee80353a476", "name": "Georgio's Subs", "category": "restaurant", "tags": ["restaurant", "sandwich"], "sources": ["overture"], "website": "http://www.georgiossubs.com", "phone": "(206) 381-5700", "address": "404 Pike St", "stations": [{"stopCode": 50, "lines": "1,2", "name": "Westlake Station", "walkingMeters": 193, "walkingSeconds": 139, "band": 5}, {"stopCode": 51, "lines": "1,2", "name": "Symphony Station", "walkingMeters": 372, "walkingSeconds": 268, "band": 5}, {"stopCode": 52, "lines": "1,2", "name": "Pioneer Square Station", "walkingMeters": 1062, "walkingSeconds": 764, "band": 15}]}, "geometry": {"type": "Point", "coordinates": [-122.3362198, 47.6102371]}}, {"type": "Feature", "properties": {"id": "fab39cf7-5bfe-4377-b349-35d84961cf4d", "name": "Ec Restaurants Seattle Corp", "category": "restaurant", "tags": ["restaurant"], "sources": ["overture"], "address": "1415 5th Ave", "stations": [{"stopCode": 50, "lines": "1,2", "name": "Westlake Station", "walkingMeters": 257, "walkingSeconds": 192, "band": 5}, {"stopCode": 51, "lines": "1,2", "name": "Symphony Station", "walkingMeters": 324, "walkingSeconds": 242, "band": 5}, {"stopCode": 52, "lines": "1,2", "name": "Pioneer Square Station", "walkingMeters": 1154, "walkingSeconds": 861, "band": 15}]}, "geometry": {"type": "Point", "coordinates": [-122.335434, 47.6100197]}}, {"type": "Feature", "properties": {"id": "de5b5be1-0617-48a4-8a91-dbe5cd2dd674", "name": "Terrace Garden Restaurant", "category": "restaurant", "tags": ["restaurant"], "sources": ["overture"], "website": "https://www.theterracegardens.com", "address": "1415 5th Ave Fl 5", "stations": [{"stopCode": 50, "lines": "1,2", "name": "Westlake Station", "walkingMeters": 257, "walkingSeconds": 192, "band": 5}, {"stopCode": 51, "lines": "1,2", "name": "Symphony Station", "walkingMeters": 324, "walkingSeconds": 242, "band": 5}, {"stopCode": 52, "lines": "1,2", "name": "Pioneer Square Station", "walkingMeters": 1154, "walkingSeconds": 861, "band": 15}]}, "geometry": {"type": "Point", "coordinates": [-122.335434, 47.6100197]}}, {"type": "Feature", "properties": {"id": "396b1597-1aff-48b3-ae97-131a1c6c51b9", "name": "Kumi Union", "category": "restaurant", "tags": ["restaurant", "asian", "fusion"], "sources": ["overture"], "website": "https://www.kumibysbe.com", "phone": "+14255048520", "address": "1400 5th Ave", "stations": [{"stopCode": 50, "lines": "1,2", "name": "Westlake Station", "walkingMeters": 305, "walkingSeconds": 228, "band": 5}, {"stopCode": 51, "lines": "1,2", "name": "Symphony Station", "walkingMeters": 352, "walkingSeconds": 263, "band": 5}, {"stopCode": 52, "lines": "1,2", "name": "Pioneer Square Station", "walkingMeters": 1129, "walkingSeconds": 843, "band": 15}]}, "geometry": {"type": "Point", "coordinates": [-122.3345642, 47.6100388]}}, {"type": "Feature", "properties": {"id": "558bcf78-3ab1-41ab-a0fa-7e05c8965cdf", "name": "Torchy's Restaurant Bar & Den", "category": "restaurant", "tags": ["restaurant", "american"], "sources": ["overture"], "website": "https://www.wac.net/facility/torchys-restaurant-bar", "phone": "+12064644626", "address": "1325 6th Ave", "stations": [{"stopCode": 50, "lines": "1,2", "name": "Westlake Station", "walkingMeters": 402, "walkingSeconds": 289, "band": 5}, {"stopCode": 51, "lines": "1,2", "name": "Symphony Station", "walkingMeters": 426, "walkingSeconds": 307, "band": 5}, {"stopCode": 52, "lines": "1,2", "name": "Pioneer Square Station", "walkingMeters": 1097, "walkingSeconds": 791, "band": 15}]}, "geometry": {"type": "Point", "coordinates": [-122.3332672, 47.6101074]}}, {"type": "Feature", "properties": {"id": "195db448-ef90-443d-b0ac-2dd42a872c33", "name": "Sullivan's Steakhouse", "category": "restaurant", "tags": ["restaurant", "steakhouse"], "sources": ["overture"], "phone": "2064944442", "address": "621 Union St", "stations": [{"stopCode": 50, "lines": "1,2", "name": "Westlake Station", "walkingMeters": 422, "walkingSeconds": 303, "band": 10}, {"stopCode": 51, "lines": "1,2", "name": "Symphony Station", "walkingMeters": 452, "walkingSeconds": 325, "band": 10}, {"stopCode": 52, "lines": "1,2", "name": "Pioneer Square Station", "walkingMeters": 1122, "walkingSeconds": 810, "band": 15}]}, "geometry": {"type": "Point", "coordinates": [-122.3329544, 47.6102257]}}, {"type": "Feature", "properties": {"id": 2404231197, "name": "Actual", "category": "gallery", "tags": ["gallery"], "sources": ["osm"], "website": "https://actualize.space", "address": "500 Pike Street", "stations": [{"stopCode": 50, "lines": "1,2", "name": "Westlake Station", "walkingMeters": 156, "walkingSeconds": 112, "band": 5}, {"stopCode": 51, "lines": "1,2", "name": "Symphony Station", "walkingMeters": 470, "walkingSeconds": 338, "band": 10}, {"stopCode": 52, "lines": "1,2", "name": "Pioneer Square Station", "walkingMeters": 1150, "walkingSeconds": 833, "band": 15}]}, "geometry": {"type": "Point", "coordinates": [-122.3355117, 47.6109217]}}, {"type": "Feature", "properties": {"id": 2561809369, "name": "Discovery Portal", "category": "museum", "tags": ["museum", "coffee-shop"], "sources": ["osm"], "website": "https://www.seattlechildrens.org/research/discovery-portal/", "phone": "+1-206-884-7834", "hours": "Mo-Su 08:00-16:30", "stations": [{"stopCode": 50, "lines": "1,2", "name": "Westlake Station", "walkingMeters": 624, "walkingSeconds": 451, "band": 10}, {"stopCode": 51, "lines": "1,2", "name": "Symphony Station", "walkingMeters": 1142, "walkingSeconds": 824, "band": 15}, {"stopCode": 49, "lines": "1,2", "name": "Capitol Hill Station", "walkingMeters": 1285, "walkingSeconds": 931, "band": 15}]}, "geometry": {"type": "Point", "coordinates": [-122.334652, 47.6159388]}}, {"type": "Feature", "properties": {"id": 3211770170, "name": "Children's Art Tiles", "category": "artwork", "tags": ["artwork"], "sources": ["osm"], "address": "401 Pine Street", "stations": [{"stopCode": 50, "lines": "1,2", "name": "Westlake Station", "walkingMeters": 98, "walkingSeconds": 70, "band": 5}, {"stopCode": 51, "lines": "1,2", "name": "Symphony Station", "walkingMeters": 433, "walkingSeconds": 311, "band": 5}, {"stopCode": 52, "lines": "1,2", "name": "Pioneer Square Station", "walkingMeters": 1129, "walkingSeconds": 812, "band": 15}]}, "geometry": {"type": "Point", "coordinates": [-122.3369, 47.6109]}}, {"type": "Feature", "properties": {"id": 3211770174, "name": "Governor John Harte Mcgraw", "category": "artwork", "tags": ["artwork", "wheelchair-accessible"], "sources": ["osm"], "stations": [{"stopCode": 50, "lines": "1,2", "name": "Westlake Station", "walkingMeters": 189, "walkingSeconds": 138, "band": 5}, {"stopCode": 51, "lines": "1,2", "name": "Symphony Station", "walkingMeters": 706, "walkingSeconds": 510, "band": 10}]}, "geometry": {"type": "Point", "coordinates": [-122.3376053, 47.6129815]}}, {"type": "Feature", "properties": {"id": 3559868719, "name": "Urban Garden", "category": "artwork", "tags": ["artwork"], "sources": ["osm"], "stations": [{"stopCode": 50, "lines": "1,2", "name": "Westlake Station", "walkingMeters": 446, "walkingSeconds": 323, "band": 10}, {"stopCode": 51, "lines": "1,2", "name": "Symphony Station", "walkingMeters": 516, "walkingSeconds": 371, "band": 10}]}, "geometry": {"type": "Point", "coordinates": [-122.3326794, 47.6106699]}}, {"type": "Feature", "properties": {"id": 4844750939, "name": "The Bell of Friendship", "category": "artwork", "tags": ["artwork"], "sources": ["osm"], "stations": [{"stopCode": 51, "lines": "1,2", "name": "Symphony Station", "walkingMeters": 603, "walkingSeconds": 436, "band": 10}, {"stopCode": 50, "lines": "1,2", "name": "Westlake Station", "walkingMeters": 625, "walkingSeconds": 449, "band": 10}]}, "geometry": {"type": "Point", "coordinates": [-122.3313974, 47.6108688]}}, {"type": "Feature", "properties": {"id": 5352025419, "name": "Seattle George Monument", "category": "artwork", "tags": ["artwork"], "sources": ["osm"], "website": "http://www.bustersimpson.net/seattlegeorge/", "stations": [{"stopCode": 51, "lines": "1,2", "name": "Symphony Station", "walkingMeters": 716, "walkingSeconds": 517, "band": 10}, {"stopCode": 50, "lines": "1,2", "name": "Westlake Station", "walkingMeters": 848, "walkingSeconds": 612, "band": 10}]}, "geometry": {"type": "Point", "coordinates": [-122.3304365, 47.6111442]}}, {"type": "Feature", "properties": {"id": 6797551982, "name": "Switchwall", "category": "artwork", "tags": ["artwork"], "sources": ["osm"], "stations": [{"stopCode": 49, "lines": "1,2", "name": "Capitol Hill Station", "walkingMeters": 928, "walkingSeconds": 677, "band": 10}, {"stopCode": 50, "lines": "1,2", "name": "Westlake Station", "walkingMeters": 1097, "walkingSeconds": 791, "band": 15}]}, "geometry": {"type": "Point", "coordinates": [-122.3311906, 47.6191322]}}, {"type": "Feature", "properties": {"id": 6797551983, "name": "Transforest", "category": "artwork", "tags": ["artwork"], "sources": ["osm"], "stations": [{"stopCode": 50, "lines": "1,2", "name": "Westlake Station", "walkingMeters": 992, "walkingSeconds": 716, "band": 15}, {"stopCode": 49, "lines": "1,2", "name": "Capitol Hill Station", "walkingMeters": 1018, "walkingSeconds": 741, "band": 15}]}, "geometry": {"type": "Point", "coordinates": [-122.3328368, 47.6187489]}}, {"type": "Feature", "properties": {"id": 9757936302, "name": "Pillar Arc", "category": "artwork", "tags": ["artwork"], "sources": ["osm"], "website": "https://www.mingfay.com/seattle-courthouse", "stations": [{"stopCode": 50, "lines": "1,2", "name": "Westlake Station", "walkingMeters": 426, "walkingSeconds": 309, "band": 5}, {"stopCode": 51, "lines": "1,2", "name": "Symphony Station", "walkingMeters": 944, "walkingSeconds": 681, "band": 15}]}, "geometry": {"type": "Point", "coordinates": [-122.3361174, 47.6146428]}}, {"type": "Feature", "properties": {"id": 11661736095, "name": "Universal Adaptor", "category": "artwork", "tags": ["artwork"], "sources": ["osm"], "stations": [{"stopCode": 50, "lines": "1,2", "name": "Westlake Station", "walkingMeters": 864, "walkingSeconds": 624, "band": 10}]}, "geometry": {"type": "Point", "coordinates": [-122.3392439, 47.618429]}}, {"type": "Feature", "properties": {"id": 11829387370, "name": "Tetris Mural", "category": "artwork", "tags": ["artwork"], "sources": ["osm"], "stations": [{"stopCode": 50, "lines": "1,2", "name": "Westlake Station", "walkingMeters": 400, "walkingSeconds": 290, "band": 5}, {"stopCode": 51, "lines": "1,2", "name": "Symphony Station", "walkingMeters": 918, "walkingSeconds": 663, "band": 15}, {"stopCode": 49, "lines": "1,2", "name": "Capitol Hill Station", "walkingMeters": 1313, "walkingSeconds": 949, "band": 15}]}, "geometry": {"type": "Point", "coordinates": [-122.3335885, 47.6136963]}}, {"type": "Feature", "properties": {"id": 12039988692, "name": "Tonbi", "category": "artwork", "tags": ["artwork"], "sources": ["osm"], "stations": [{"stopCode": 50, "lines": "1,2", "name": "Westlake Station", "walkingMeters": 639, "walkingSeconds": 462, "band": 10}, {"stopCode": 51, "lines": "1,2", "name": "Symphony Station", "walkingMeters": 1154, "walkingSeconds": 832, "band": 15}]}, "geometry": {"type": "Point", "coordinates": [-122.3393048, 47.6164359]}}, {"type": "Feature", "properties": {"id": 12056223204, "name": "Petros", "category": "artwork", "tags": ["artwork"], "sources": ["osm"], "stations": [{"stopCode": 50, "lines": "1,2", "name": "Westlake Station", "walkingMeters": 498, "walkingSeconds": 360, "band": 10}, {"stopCode": 51, "lines": "1,2", "name": "Symphony Station", "walkingMeters": 1012, "walkingSeconds": 730, "band": 15}]}, "geometry": {"type": "Point", "coordinates": [-122.3383582, 47.615377]}}, {"type": "Feature", "properties": {"id": 12056223206, "name": "Mike's Song", "category": "artwork", "tags": ["artwork"], "sources": ["osm"], "stations": [{"stopCode": 50, "lines": "1,2", "name": "Westlake Station", "walkingMeters": 498, "walkingSeconds": 360, "band": 10}, {"stopCode": 51, "lines": "1,2", "name": "Symphony Station", "walkingMeters": 1013, "walkingSeconds": 730, "band": 15}]}, "geometry": {"type": "Point", "coordinates": [-122.3396252, 47.6149699]}}, {"type": "Feature", "properties": {"id": 12115351773, "name": "Seattle Doesn\u2019t Settle", "category": "artwork", "tags": ["artwork"], "sources": ["osm"], "stations": [{"stopCode": 50, "lines": "1,2", "name": "Westlake Station", "walkingMeters": 349, "walkingSeconds": 253, "band": 5}, {"stopCode": 51, "lines": "1,2", "name": "Symphony Station", "walkingMeters": 866, "walkingSeconds": 625, "band": 10}]}, "geometry": {"type": "Point", "coordinates": [-122.3367546, 47.6140841]}}, {"type": "Feature", "properties": {"id": 12146953275, "name": "Mowitch Man", "category": "artwork", "tags": ["artwork"], "sources": ["osm"], "stations": [{"stopCode": 50, "lines": "1,2", "name": "Westlake Station", "walkingMeters": 448, "walkingSeconds": 324, "band": 10}, {"stopCode": 51, "lines": "1,2", "name": "Symphony Station", "walkingMeters": 941, "walkingSeconds": 677, "band": 15}, {"stopCode": 49, "lines": "1,2", "name": "Capitol Hill Station", "walkingMeters": 1227, "walkingSeconds": 886, "band": 15}]}, "geometry": {"type": "Point", "coordinates": [-122.3319642, 47.6137496]}}, {"type": "Feature", "properties": {"id": 12148056155, "name": "Onyx Fine Art Gallery", "category": "gallery", "tags": ["gallery"], "sources": ["osm"], "website": "https://www.onyxarts.org/", "address": "600 Pine Street", "hours": "Fr-Su 12:00-18:00", "stations": [{"stopCode": 50, "lines": "1,2", "name": "Westlake Station", "walkingMeters": 183, "walkingSeconds": 133, "band": 5}, {"stopCode": 51, "lines": "1,2", "name": "Symphony Station", "walkingMeters": 700, "walkingSeconds": 506, "band": 10}]}, "geometry": {"type": "Point", "coordinates": [-122.3354719, 47.6127078]}}, {"type": "Feature", "properties": {"id": 13725371810, "name": "Swami Vivekananda", "category": "artwork", "tags": ["artwork"], "sources": ["osm"], "stations": [{"stopCode": 50, "lines": "1,2", "name": "Westlake Station", "walkingMeters": 282, "walkingSeconds": 205, "band": 5}, {"stopCode": 51, "lines": "1,2", "name": "Symphony Station", "walkingMeters": 800, "walkingSeconds": 578, "band": 10}]}, "geometry": {"type": "Point", "coordinates": [-122.3373617, 47.6136771]}}, {"type": "Feature", "properties": {"id": "112d7071-d0ce-4c82-8dba-dc1ec0dbbae5", "name": "Orion", "category": "attraction", "tags": ["attraction", "landmark", "historical", "building"], "sources": ["overture"], "website": "https://www.orionseattle.com/", "phone": "+18556974095", "address": "910 John St", "stations": [{"stopCode": 50, "lines": "1,2", "name": "Westlake Station", "walkingMeters": 1230, "walkingSeconds": 918, "band": 15}]}, "geometry": {"type": "Point", "coordinates": [-122.3394165, 47.6198845]}}, {"type": "Feature", "properties": {"id": "a841739d-1416-4ded-afff-56fb0b83991a", "name": "Rollin Street Flats", "category": "attraction", "tags": ["attraction", "landmark", "historical", "building"], "sources": ["overture"], "website": "http://www.rollinstreet.com/", "phone": "+12069628201", "address": "120 Westlake Ave N", "stations": [{"stopCode": 50, "lines": "1,2", "name": "Westlake Station", "walkingMeters": 916, "walkingSeconds": 661, "band": 10}]}, "geometry": {"type": "Point", "coordinates": [-122.3382874, 47.6191025]}}, {"type": "Feature", "properties": {"id": "d926a587-d0cb-46e4-80fd-f5ee7fbb3233", "name": "Kiara Seattle", "category": "attraction", "tags": ["attraction", "landmark", "historical", "building"], "sources": ["overture"], "website": "https://www.hollandresidential.com/wa/seattle/kiara/", "phone": "+18337510567", "address": "111 Terry Ave N", "stations": [{"stopCode": 50, "lines": "1,2", "name": "Westlake Station", "walkingMeters": 983, "walkingSeconds": 709, "band": 15}, {"stopCode": 49, "lines": "1,2", "name": "Capitol Hill Station", "walkingMeters": 1385, "walkingSeconds": 1008, "band": 15}]}, "geometry": {"type": "Point", "coordinates": [-122.3374329, 47.6190529]}}, {"type": "Feature", "properties": {"id": "93332425-d990-4589-8c8e-a7720d5e1dbc", "name": "Onni South Lake Union", "category": "attraction", "tags": ["attraction", "landmark", "historical", "building"], "sources": ["overture"], "website": "https://www.onnislu.com/", "phone": "+18332348149", "address": "112 Boren Ave N", "stations": [{"stopCode": 50, "lines": "1,2", "name": "Westlake Station", "walkingMeters": 1046, "walkingSeconds": 754, "band": 15}, {"stopCode": 49, "lines": "1,2", "name": "Capitol Hill Station", "walkingMeters": 1294, "walkingSeconds": 939, "band": 15}]}, "geometry": {"type": "Point", "coordinates": [-122.3353882, 47.6191177]}}, {"type": "Feature", "properties": {"id": "3f53d1a0-ab3a-4511-9861-74a1b724859e", "name": "The Brewster Apts.", "category": "attraction", "tags": ["attraction", "landmark", "historical", "building"], "sources": ["overture"], "website": "www.capitolhillhousing.org", "phone": "+12063297303", "address": "133 Pontius Ave N", "stations": [{"stopCode": 49, "lines": "1,2", "name": "Capitol Hill Station", "walkingMeters": 1081, "walkingSeconds": 786, "band": 15}, {"stopCode": 50, "lines": "1,2", "name": "Westlake Station", "walkingMeters": 1115, "walkingSeconds": 804, "band": 15}]}, "geometry": {"type": "Point", "coordinates": [-122.3325195, 47.6195068]}}, {"type": "Feature", "properties": {"id": "8a439c39-6bc5-4862-81a1-a58bed0ad81e", "name": "NEXUS Seattle", "category": "attraction", "tags": ["attraction", "landmark", "historical", "building"], "sources": ["overture"], "website": "http://www.nexusseattle.com/", "phone": "+12068808325", "address": "1808 Minor Ave", "stations": [{"stopCode": 50, "lines": "1,2", "name": "Westlake Station", "walkingMeters": 875, "walkingSeconds": 629, "band": 15}, {"stopCode": 49, "lines": "1,2", "name": "Capitol Hill Station", "walkingMeters": 1025, "walkingSeconds": 745, "band": 15}]}, "geometry": {"type": "Point", "coordinates": [-122.3306961, 47.6169891]}}, {"type": "Feature", "properties": {"id": "50ef745d-5fbb-4f77-b9cd-597444b3c8d5", "name": "Arion Court", "category": "attraction", "tags": ["attraction", "landmark", "historical", "building"], "sources": ["overture"], "website": "http://lihi.org", "phone": "+12063431375", "address": "1814 Minor Ave #203", "stations": [{"stopCode": 50, "lines": "1,2", "name": "Westlake Station", "walkingMeters": 993, "walkingSeconds": 741, "band": 15}, {"stopCode": 49, "lines": "1,2", "name": "Capitol Hill Station", "walkingMeters": 1080, "walkingSeconds": 806, "band": 15}]}, "geometry": {"type": "Point", "coordinates": [-122.3309402, 47.6172295]}}, {"type": "Feature", "properties": {"id": "7b77d754-2023-4687-82fa-6a137394dd83", "name": "Kinects Tower", "category": "attraction", "tags": ["attraction", "landmark", "historical", "building"], "sources": ["overture"], "website": "https://www.kinectstower.com/?utm_source=SocialMedia&utm_medium=social-media&utm_campaign=KinectsTower_Facebook", "phone": "+15642443413", "address": "1823 Minor Ave", "stations": [{"stopCode": 50, "lines": "1,2", "name": "Westlake Station", "walkingMeters": 913, "walkingSeconds": 656, "band": 10}, {"stopCode": 49, "lines": "1,2", "name": "Capitol Hill Station", "walkingMeters": 1021, "walkingSeconds": 742, "band": 15}]}, "geometry": {"type": "Point", "coordinates": [-122.3317566, 47.6170807]}}, {"type": "Feature", "properties": {"id": "ae889e00-51d2-43b8-9adc-4c4ffefdee65", "name": "The Ivey on Boren", "category": "attraction", "tags": ["attraction", "landmark", "historical", "building"], "sources": ["overture"], "website": "https://www.hollandresidential.com/wa/seattle/the-ivey-on-boren/", "phone": "+18443740422", "address": "2019 Boren Ave", "stations": [{"stopCode": 50, "lines": "1,2", "name": "Westlake Station", "walkingMeters": 871, "walkingSeconds": 628, "band": 10}, {"stopCode": 49, "lines": "1,2", "name": "Capitol Hill Station", "walkingMeters": 1224, "walkingSeconds": 891, "band": 15}]}, "geometry": {"type": "Point", "coordinates": [-122.335434, 47.6181984]}}, {"type": "Feature", "properties": {"id": "b6999f2c-999a-4540-a89a-f1160436a98a", "name": "2200 Condominium", "category": "attraction", "tags": ["attraction", "landmark", "historical", "building"], "sources": ["overture"], "website": "http://www.ensocondominiums.com", "phone": "+12062238987", "address": "2200 Westlake Ave", "stations": [{"stopCode": 50, "lines": "1,2", "name": "Westlake Station", "walkingMeters": 880, "walkingSeconds": 634, "band": 10}, {"stopCode": 49, "lines": "1,2", "name": "Capitol Hill Station", "walkingMeters": 1365, "walkingSeconds": 993, "band": 15}, {"stopCode": 51, "lines": "1,2", "name": "Symphony Station", "walkingMeters": 1443, "walkingSeconds": 1077, "band": 15}]}, "geometry": {"type": "Point", "coordinates": [-122.3368225, 47.617775]}}, {"type": "Feature", "properties": {"id": "2e601179-ff2a-4f60-8c5a-2f4aee2729c2", "name": "Woodside Braseth Gallery", "category": "gallery", "tags": ["gallery", "art"], "sources": ["overture"], "website": "http://www.woodsidebrasethgallery.com", "phone": "+12066227243", "address": "2101 9th Ave", "stations": [{"stopCode": 50, "lines": "1,2", "name": "Westlake Station", "walkingMeters": 717, "walkingSeconds": 518, "band": 10}, {"stopCode": 51, "lines": "1,2", "name": "Symphony Station", "walkingMeters": 1235, "walkingSeconds": 890, "band": 15}]}, "geometry": {"type": "Point", "coordinates": [-122.3373413, 47.6171722]}}, {"type": "Feature", "properties": {"id": "252f2a25-a462-488f-9d4a-3cec072fae2e", "name": "Windsor Cirrus Apartments", "category": "attraction", "tags": ["attraction", "landmark", "historical", "building"], "sources": ["overture"], "website": "https://www.windsorcirrus.com/", "phone": "+12066734829", "address": "2030 8th Ave", "stations": [{"stopCode": 50, "lines": "1,2", "name": "Westlake Station", "walkingMeters": 631, "walkingSeconds": 456, "band": 10}, {"stopCode": 51, "lines": "1,2", "name": "Symphony Station", "walkingMeters": 1149, "walkingSeconds": 828, "band": 15}]}, "geometry": {"type": "Point", "coordinates": [-122.337471, 47.6165161]}}, {"type": "Feature", "properties": {"id": "305fbbb9-ba5d-4be4-b5be-67448aa3f5b2", "name": "Stratus Apartments", "category": "attraction", "tags": ["attraction", "landmark", "historical", "building"], "sources": ["overture"], "website": "https://www.stratusseattle.com/", "phone": "+12068752526", "address": "820 Lenora St", "stations": [{"stopCode": 50, "lines": "1,2", "name": "Westlake Station", "walkingMeters": 680, "walkingSeconds": 491, "band": 10}, {"stopCode": 51, "lines": "1,2", "name": "Symphony Station", "walkingMeters": 1197, "walkingSeconds": 863, "band": 15}]}, "geometry": {"type": "Point", "coordinates": [-122.3374786, 47.616951]}}, {"type": "Feature", "properties": {"id": "0e90429f-eefc-4a25-b811-6e74241ac9df", "name": "Carbon 56", "category": "attraction", "tags": ["attraction", "landmark", "historical", "building", "fast-food"], "sources": ["overture"], "phone": "+12066241681", "address": "2015 Terry Ave", "stations": [{"stopCode": 50, "lines": "1,2", "name": "Westlake Station", "walkingMeters": 831, "walkingSeconds": 620, "band": 10}, {"stopCode": 51, "lines": "1,2", "name": "Symphony Station", "walkingMeters": 1370, "walkingSeconds": 1022, "band": 15}, {"stopCode": 49, "lines": "1,2", "name": "Capitol Hill Station", "walkingMeters": 1540, "walkingSeconds": 1149, "band": 15}]}, "geometry": {"type": "Point", "coordinates": [-122.3357773, 47.6172829]}}, {"type": "Feature", "properties": {"id": "53353ed6-f8e2-42b3-9a14-eea34da7facb", "name": "The Ayer", "category": "attraction", "tags": ["attraction", "landmark", "historical", "building"], "sources": ["overture"], "website": "https://www.hollandresidential.com/wa/seattle/the-ayer", "phone": "+18444062624", "address": "2010 Terry Ave", "stations": [{"stopCode": 50, "lines": "1,2", "name": "Westlake Station", "walkingMeters": 784, "walkingSeconds": 566, "band": 10}, {"stopCode": 49, "lines": "1,2", "name": "Capitol Hill Station", "walkingMeters": 1212, "walkingSeconds": 881, "band": 15}]}, "geometry": {"type": "Point", "coordinates": [-122.3349152, 47.6174049]}}, {"type": "Feature", "properties": {"id": "a4e5984b-42c3-47d1-b47b-ece21114bb78", "name": "Cosmopolitan Condominium", "category": "attraction", "tags": ["attraction", "landmark", "historical", "building"], "sources": ["overture"], "website": "https://stroupe.com/condobuilding/cosmopolitan", "phone": "+12069030484", "address": "819 Virginia St UNIT 1509", "stations": [{"stopCode": 50, "lines": "1,2", "name": "Westlake Station", "walkingMeters": 614, "walkingSeconds": 444, "band": 10}, {"stopCode": 51, "lines": "1,2", "name": "Symphony Station", "walkingMeters": 1132, "walkingSeconds": 816, "band": 15}, {"stopCode": 49, "lines": "1,2", "name": "Capitol Hill Station", "walkingMeters": 1350, "walkingSeconds": 980, "band": 15}]}, "geometry": {"type": "Point", "coordinates": [-122.3357925, 47.6161118]}}, {"type": "Feature", "properties": {"id": "10ec7d76-d0b3-4171-a913-15ebe46e1373", "name": "Julie Apartments", "category": "attraction", "tags": ["attraction", "landmark", "historical", "building"], "sources": ["overture"], "website": "https://www.lihi.org", "phone": "+12064475175", "address": "1922 9th Ave", "stations": [{"stopCode": 50, "lines": "1,2", "name": "Westlake Station", "walkingMeters": 677, "walkingSeconds": 489, "band": 10}, {"stopCode": 51, "lines": "1,2", "name": "Symphony Station", "walkingMeters": 1194, "walkingSeconds": 861, "band": 15}, {"stopCode": 49, "lines": "1,2", "name": "Capitol Hill Station", "walkingMeters": 1337, "walkingSeconds": 969, "band": 15}]}, "geometry": {"type": "Point", "coordinates": [-122.3352356, 47.6162033]}}, {"type": "Feature", "properties": {"id": "9abce777-35c8-4653-9633-7d494854580d", "name": "Art/Not Terminal Gallery", "category": "gallery", "tags": ["gallery", "art"], "sources": ["overture"], "website": "http://www.antgallery.org", "phone": "(206) 233-0680", "address": "2045 Westlake Ave", "stations": [{"stopCode": 50, "lines": "1,2", "name": "Westlake Station", "walkingMeters": 575, "walkingSeconds": 416, "band": 10}, {"stopCode": 51, "lines": "1,2", "name": "Symphony Station", "walkingMeters": 1089, "walkingSeconds": 786, "band": 15}]}, "geometry": {"type": "Point", "coordinates": [-122.3383026, 47.6159401]}}, {"type": "Feature", "properties": {"id": "ce7126bd-5767-43b4-8eaf-7fdd4677659c", "name": "Larned Apartments", "category": "attraction", "tags": ["attraction", "landmark", "historical", "building"], "sources": ["overture"], "website": "http://capitolhillhousing.org", "phone": "+12062048709", "address": "2030 7th Ave", "stations": [{"stopCode": 50, "lines": "1,2", "name": "Westlake Station", "walkingMeters": 571, "walkingSeconds": 413, "band": 10}, {"stopCode": 51, "lines": "1,2", "name": "Symphony Station", "walkingMeters": 1085, "walkingSeconds": 783, "band": 15}]}, "geometry": {"type": "Point", "coordinates": [-122.3383331, 47.6159096]}}, {"type": "Feature", "properties": {"id": "cfdfd302-9d9a-47e0-ac73-4a6b3cdd4e13", "name": "Met Tower", "category": "attraction", "tags": ["attraction", "landmark", "historical", "building"], "sources": ["overture"], "website": "https://www.mettowerseattle.com/", "phone": "+12062540811", "address": "1942 Westlake Ave", "stations": [{"stopCode": 50, "lines": "1,2", "name": "Westlake Station", "walkingMeters": 458, "walkingSeconds": 332, "band": 5}, {"stopCode": 51, "lines": "1,2", "name": "Symphony Station", "walkingMeters": 976, "walkingSeconds": 704, "band": 15}]}, "geometry": {"type": "Point", "coordinates": [-122.3372116, 47.614666]}}, {"type": "Feature", "properties": {"id": "fb119b52-b176-44f6-96b9-3cbc3c263017", "name": "Downtown Seattle", "category": "attraction", "tags": ["attraction", "landmark", "historical", "building"], "sources": ["overture"], "phone": "+12066226878", "address": "917 Howell St", "stations": [{"stopCode": 50, "lines": "1,2", "name": "Westlake Station", "walkingMeters": 623, "walkingSeconds": 450, "band": 10}, {"stopCode": 51, "lines": "1,2", "name": "Symphony Station", "walkingMeters": 1141, "walkingSeconds": 823, "band": 15}, {"stopCode": 49, "lines": "1,2", "name": "Capitol Hill Station", "walkingMeters": 1155, "walkingSeconds": 836, "band": 15}]}, "geometry": {"type": "Point", "coordinates": [-122.3323822, 47.6152039]}}, {"type": "Feature", "properties": {"id": "e4364a47-9089-4b34-9259-0c5dab775e43", "name": "Aspira Apartments", "category": "attraction", "tags": ["attraction", "landmark", "historical", "building"], "sources": ["overture"], "website": "https://www.aspiraseattle.com/", "phone": "+12066238900", "address": "1823 Terry Ave", "stations": [{"stopCode": 50, "lines": "1,2", "name": "Westlake Station", "walkingMeters": 699, "walkingSeconds": 522, "band": 10}, {"stopCode": 51, "lines": "1,2", "name": "Symphony Station", "walkingMeters": 1191, "walkingSeconds": 889, "band": 15}, {"stopCode": 49, "lines": "1,2", "name": "Capitol Hill Station", "walkingMeters": 1366, "walkingSeconds": 1019, "band": 15}]}, "geometry": {"type": "Point", "coordinates": [-122.3333817, 47.6158524]}}, {"type": "Feature", "properties": {"id": "07fad635-55d1-4835-a4ca-168c29ccd7e5", "name": "AMLI Arc", "category": "attraction", "tags": ["attraction", "landmark", "historical", "building"], "sources": ["overture"], "website": "https://www.amli.com/apartments/seattle/downtown-seattle-apartments/amli-arc?switch_code=58700&utm_source=facebook&utm_medium=social&utm_campaign=arc", "phone": "+18552076584", "address": "1800 Boren Ave", "stations": [{"stopCode": 50, "lines": "1,2", "name": "Westlake Station", "walkingMeters": 786, "walkingSeconds": 565, "band": 10}, {"stopCode": 49, "lines": "1,2", "name": "Capitol Hill Station", "walkingMeters": 1090, "walkingSeconds": 789, "band": 15}]}, "geometry": {"type": "Point", "coordinates": [-122.3314056, 47.6164398]}}, {"type": "Feature", "properties": {"id": "93e74a8a-1425-4c46-a490-3a3d5ff1601b", "name": "Olive Tower Apartments", "category": "attraction", "tags": ["attraction", "landmark", "historical", "building"], "sources": ["overture"], "website": "http://www.bellwetherhousing.org", "phone": "+12063401150", "address": "1624 Boren Ave", "stations": [{"stopCode": 50, "lines": "1,2", "name": "Westlake Station", "walkingMeters": 722, "walkingSeconds": 521, "band": 10}, {"stopCode": 49, "lines": "1,2", "name": "Capitol Hill Station", "walkingMeters": 1006, "walkingSeconds": 728, "band": 15}, {"stopCode": 51, "lines": "1,2", "name": "Symphony Station", "walkingMeters": 1202, "walkingSeconds": 867, "band": 15}]}, "geometry": {"type": "Point", "coordinates": [-122.3302612, 47.6152458]}}, {"type": "Feature", "properties": {"id": "0aad0fd1-8954-4400-9288-780b09a66fd2", "name": "The Olivian", "category": "attraction", "tags": ["attraction", "landmark", "historical", "building"], "sources": ["overture"], "website": "https://www.theolivianapts.com/", "phone": "+12062071310", "address": "809 Olive Wy", "stations": [{"stopCode": 50, "lines": "1,2", "name": "Westlake Station", "walkingMeters": 468, "walkingSeconds": 339, "band": 10}, {"stopCode": 51, "lines": "1,2", "name": "Symphony Station", "walkingMeters": 986, "walkingSeconds": 711, "band": 15}, {"stopCode": 49, "lines": "1,2", "name": "Capitol Hill Station", "walkingMeters": 1251, "walkingSeconds": 904, "band": 15}]}, "geometry": {"type": "Point", "coordinates": [-122.3333206, 47.6141052]}}, {"type": "Feature", "properties": {"id": "a46608bc-cc45-4169-a04c-b01203e33326", "name": "Premiere on Pine", "category": "attraction", "tags": ["attraction", "landmark", "historical", "building"], "sources": ["overture"], "website": "https://www.premiereonpine.com/?utm_source=SocialMedia&utm_medium=social-media&utm_campaign=PremiereonPine_Facebook", "phone": "+12067742880", "address": "1525 9th Ave", "stations": [{"stopCode": 50, "lines": "1,2", "name": "Westlake Station", "walkingMeters": 516, "walkingSeconds": 385, "band": 10}, {"stopCode": 51, "lines": "1,2", "name": "Symphony Station", "walkingMeters": 874, "walkingSeconds": 652, "band": 15}, {"stopCode": 49, "lines": "1,2", "name": "Capitol Hill Station", "walkingMeters": 1428, "walkingSeconds": 1066, "band": 15}]}, "geometry": {"type": "Point", "coordinates": [-122.3320236, 47.613224]}}, {"type": "Feature", "properties": {"id": "d12526c9-d039-4aeb-91be-6b1c158ba604", "name": "Tower 801", "category": "attraction", "tags": ["attraction", "landmark", "historical", "building"], "sources": ["overture"], "website": "http://www.tower801.com/", "phone": "+12062026870", "address": "801 Pine St", "stations": [{"stopCode": 50, "lines": "1,2", "name": "Westlake Station", "walkingMeters": 356, "walkingSeconds": 258, "band": 5}, {"stopCode": 51, "lines": "1,2", "name": "Symphony Station", "walkingMeters": 866, "walkingSeconds": 623, "band": 15}, {"stopCode": 49, "lines": "1,2", "name": "Capitol Hill Station", "walkingMeters": 1328, "walkingSeconds": 962, "band": 15}]}, "geometry": {"type": "Point", "coordinates": [-122.3327484, 47.6130791]}}, {"type": "Feature", "properties": {"id": "3f449286-b906-40dd-9a8a-68bb46130c60", "name": "Washington Numismatic Gallery", "category": "gallery", "tags": ["gallery", "art"], "sources": ["overture"], "website": "https://stamp-coin.com", "phone": "12066241400", "address": "725 Pike St", "stations": [{"stopCode": 50, "lines": "1,2", "name": "Westlake Station", "walkingMeters": 490, "walkingSeconds": 366, "band": 10}, {"stopCode": 51, "lines": "1,2", "name": "Symphony Station", "walkingMeters": 731, "walkingSeconds": 546, "band": 10}]}, "geometry": {"type": "Point", "coordinates": [-122.3317261, 47.6119576]}}, {"type": "Feature", "properties": {"id": "72b53b0c-eacc-4a37-a95f-40b82cf6383c", "name": "520 Pike Tower", "category": "attraction", "tags": ["attraction", "landmark", "historical", "building"], "sources": ["overture"], "website": "http://www.tishmanspeyer.com/properties/Property.aspx?id=50", "phone": "+12064424337", "address": "520 Pike St", "stations": [{"stopCode": 50, "lines": "1,2", "name": "Westlake Station", "walkingMeters": 182, "walkingSeconds": 133, "band": 5}, {"stopCode": 51, "lines": "1,2", "name": "Symphony Station", "walkingMeters": 508, "walkingSeconds": 366, "band": 10}]}, "geometry": {"type": "Point", "coordinates": [-122.3349228, 47.6112518]}}, {"type": "Feature", "properties": {"id": "a40da7eb-60ff-4d22-b211-f7752e3dd64f", "name": "Seattle Tours Tour Of Pike Place Market Classic Food Tour Seattle", "category": "attraction", "tags": ["attraction", "landmark", "historical", "building"], "sources": ["overture"], "website": "http://seattletours.us", "phone": "+18003059617", "address": "Pike Street Pike Market", "stations": [{"stopCode": 50, "lines": "1,2", "name": "Westlake Station", "walkingMeters": 231, "walkingSeconds": 166, "band": 5}, {"stopCode": 51, "lines": "1,2", "name": "Symphony Station", "walkingMeters": 508, "walkingSeconds": 366, "band": 10}, {"stopCode": 52, "lines": "1,2", "name": "Pioneer Square Station", "walkingMeters": 1188, "walkingSeconds": 860, "band": 15}]}, "geometry": {"type": "Point", "coordinates": [-122.3345871, 47.6108742]}}, {"type": "Feature", "properties": {"id": "a1bb150c-b2f6-42e4-b8c6-d318293d8ea7", "name": "Seaboard Building", "category": "attraction", "tags": ["attraction", "landmark", "historical", "building"], "sources": ["overture"], "website": "http://pinest.com/seaboard", "phone": "+12063409897", "address": "1500 4th Ave", "stations": [{"stopCode": 50, "lines": "1,2", "name": "Westlake Station", "walkingMeters": 170, "walkingSeconds": 123, "band": 5}, {"stopCode": 51, "lines": "1,2", "name": "Symphony Station", "walkingMeters": 396, "walkingSeconds": 285, "band": 5}, {"stopCode": 52, "lines": "1,2", "name": "Pioneer Square Station", "walkingMeters": 1085, "walkingSeconds": 781, "band": 15}]}, "geometry": {"type": "Point", "coordinates": [-122.3364105, 47.6104965]}}, {"type": "Feature", "properties": {"id": "19374dec-0a0e-40eb-8b39-241c374b9634", "name": "Century Square", "category": "attraction", "tags": ["attraction", "landmark", "historical", "building"], "sources": ["overture"], "website": "http://centurysquareseattle.com", "phone": "+12066237385", "address": "1501 4th Ave", "stations": [{"stopCode": 50, "lines": "1,2", "name": "Westlake Station", "walkingMeters": 166, "walkingSeconds": 124, "band": 5}, {"stopCode": 51, "lines": "1,2", "name": "Symphony Station", "walkingMeters": 397, "walkingSeconds": 296, "band": 5}, {"stopCode": 52, "lines": "1,2", "name": "Pioneer Square Station", "walkingMeters": 1278, "walkingSeconds": 954, "band": 15}]}, "geometry": {"type": "Point", "coordinates": [-122.3371277, 47.6104546]}}, {"type": "Feature", "properties": {"id": "5495d5b8-920b-4c9f-b87d-27da383d6b47", "name": "Fischer Studio Building", "category": "attraction", "tags": ["attraction", "landmark", "historical", "building"], "sources": ["overture"], "address": "1523 3rd Ave", "stations": [{"stopCode": 50, "lines": "1,2", "name": "Westlake Station", "walkingMeters": 257, "walkingSeconds": 192, "band": 5}, {"stopCode": 51, "lines": "1,2", "name": "Symphony Station", "walkingMeters": 434, "walkingSeconds": 324, "band": 5}, {"stopCode": 52, "lines": "1,2", "name": "Pioneer Square Station", "walkingMeters": 1325, "walkingSeconds": 989, "band": 15}]}, "geometry": {"type": "Point", "coordinates": [-122.3385391, 47.6102829]}}, {"type": "Feature", "properties": {"id": "172f519b-86dd-436a-b5b1-1acbbda68442", "name": "Fireworks Gallery", "category": "gallery", "tags": ["gallery", "art"], "sources": ["overture"], "website": "http://www.fireworksgallery.net", "phone": "+12066826462", "address": "400 Pine St", "stations": [{"stopCode": 50, "lines": "1,2", "name": "Westlake Station", "walkingMeters": 139, "walkingSeconds": 100, "band": 5}, {"stopCode": 51, "lines": "1,2", "name": "Symphony Station", "walkingMeters": 657, "walkingSeconds": 473, "band": 10}]}, "geometry": {"type": "Point", "coordinates": [-122.3374939, 47.6124611]}}, {"type": "Feature", "properties": {"id": "e0fe0150-5817-4b9e-a46d-00ab2f1b325e", "name": "Ghost Gallery", "category": "gallery", "tags": ["gallery", "art"], "sources": ["overture"], "website": "https://ghostgallery.org/pages/gallery-memberships", "phone": "+1206885183", "address": "600 Pine St Ste 253", "stations": [{"stopCode": 50, "lines": "1,2", "name": "Westlake Station", "walkingMeters": 182, "walkingSeconds": 133, "band": 5}, {"stopCode": 51, "lines": "1,2", "name": "Symphony Station", "walkingMeters": 699, "walkingSeconds": 505, "band": 10}]}, "geometry": {"type": "Point", "coordinates": [-122.3354263, 47.6127167]}}, {"type": "Feature", "properties": {"id": "91310075-d78b-48b5-a13c-6ebbac8ce22e", "name": "GALLERY ONYX", "category": "gallery", "tags": ["gallery", "art"], "sources": ["overture"], "website": "http://ghostgalleryshop.com", "phone": "+12067220489", "address": "600 Pine St", "stations": [{"stopCode": 50, "lines": "1,2", "name": "Westlake Station", "walkingMeters": 185, "walkingSeconds": 135, "band": 5}, {"stopCode": 51, "lines": "1,2", "name": "Symphony Station", "walkingMeters": 702, "walkingSeconds": 508, "band": 10}]}, "geometry": {"type": "Point", "coordinates": [-122.33535, 47.6127815]}}, {"type": "Feature", "properties": {"id": "3f2cc7d6-be5d-4bbd-82e7-667aee5cb9c7", "name": "Wow Gallery", "category": "gallery", "tags": ["gallery", "art"], "sources": ["overture"], "phone": "+12068878183", "address": "600 Pine St", "stations": [{"stopCode": 50, "lines": "1,2", "name": "Westlake Station", "walkingMeters": 195, "walkingSeconds": 146, "band": 5}, {"stopCode": 51, "lines": "1,2", "name": "Symphony Station", "walkingMeters": 678, "walkingSeconds": 506, "band": 10}]}, "geometry": {"type": "Point", "coordinates": [-122.3352203, 47.6124687]}}, {"type": "Feature", "properties": {"id": "9c8f7938-015b-461c-bec3-da4bc1ed61c6", "name": "Escala", "category": "attraction", "tags": ["attraction", "landmark", "historical", "building"], "sources": ["overture"], "website": "http://www.escalamidtown.com/", "phone": "+12064323939", "address": "1920 4th Ave", "stations": [{"stopCode": 50, "lines": "1,2", "name": "Westlake Station", "walkingMeters": 300, "walkingSeconds": 216, "band": 5}, {"stopCode": 51, "lines": "1,2", "name": "Symphony Station", "walkingMeters": 710, "walkingSeconds": 510, "band": 10}]}, "geometry": {"type": "Point", "coordinates": [-122.3395157, 47.6129227]}}, {"type": "Feature", "properties": {"id": "8490e87e-304f-4fd7-b5c8-85b9dbf1628f", "name": "Base Camp Studios 2", "category": "gallery", "tags": ["gallery", "art"], "sources": ["overture"], "website": "https://www.basecamp206.com", "address": "1901 3rd Ave", "stations": [{"stopCode": 50, "lines": "1,2", "name": "Westlake Station", "walkingMeters": 313, "walkingSeconds": 234, "band": 5}, {"stopCode": 51, "lines": "1,2", "name": "Symphony Station", "walkingMeters": 666, "walkingSeconds": 497, "band": 10}]}, "geometry": {"type": "Point", "coordinates": [-122.3399353, 47.6115875]}}, {"type": "Feature", "properties": {"id": "926d94e9-bc7c-4c13-a7b3-5319559fb40b", "name": "Fossil and Stone", "category": "gallery", "tags": ["gallery", "art"], "sources": ["overture"], "website": "http://www.fossilandstone.com/", "phone": "+12066026033", "address": "204 Pine St", "stations": [{"stopCode": 50, "lines": "1,2", "name": "Westlake Station", "walkingMeters": 343, "walkingSeconds": 256, "band": 5}, {"stopCode": 51, "lines": "1,2", "name": "Symphony Station", "walkingMeters": 532, "walkingSeconds": 397, "band": 10}, {"stopCode": 52, "lines": "1,2", "name": "Pioneer Square Station", "walkingMeters": 1416, "walkingSeconds": 1057, "band": 15}]}, "geometry": {"type": "Point", "coordinates": [-122.3398209, 47.6104546]}}, {"type": "Feature", "properties": {"id": "0b15831d-0614-4508-b53e-47aed8e4bb57", "name": "Helios Apartments", "category": "attraction", "tags": ["attraction", "landmark", "historical", "building"], "sources": ["overture"], "website": "http://www.equityapartments.com/seattle/downtown-seattle/helios-apartments", "phone": "+12063810364", "address": "1600 2nd Ave", "stations": [{"stopCode": 50, "lines": "1,2", "name": "Westlake Station", "walkingMeters": 289, "walkingSeconds": 212, "band": 5}, {"stopCode": 51, "lines": "1,2", "name": "Symphony Station", "walkingMeters": 495, "walkingSeconds": 358, "band": 10}, {"stopCode": 52, "lines": "1,2", "name": "Pioneer Square Station", "walkingMeters": 1194, "walkingSeconds": 860, "band": 15}]}, "geometry": {"type": "Point", "coordinates": [-122.3397141, 47.61063]}}, {"type": "Feature", "properties": {"id": "bb58ee37-32c1-4e6f-a7b8-0ac10cab5336", "name": "The Understory", "category": "museum", "tags": ["museum"], "sources": ["overture"], "website": "https://www.seattlespheres.com/visit-understory", "address": "2101 7th Ave", "stations": [{"stopCode": 50, "lines": "1,2", "name": "Westlake Station", "walkingMeters": 576, "walkingSeconds": 417, "band": 10}, {"stopCode": 51, "lines": "1,2", "name": "Symphony Station", "walkingMeters": 1091, "walkingSeconds": 787, "band": 15}]}, "geometry": {"type": "Point", "coordinates": [-122.3391724, 47.6158409]}}, {"type": "Feature", "properties": {"id": "bffdea8c-3fc4-4b64-9c35-0b8e709a3afc", "name": "McKenzie Apartments", "category": "attraction", "tags": ["attraction", "landmark", "historical", "building"], "sources": ["overture"], "website": "https://mckenzieseattle.com/", "phone": "+12062035062", "address": "2202 8th Ave", "stations": [{"stopCode": 50, "lines": "1,2", "name": "Westlake Station", "walkingMeters": 785, "walkingSeconds": 567, "band": 10}, {"stopCode": 51, "lines": "1,2", "name": "Symphony Station", "walkingMeters": 1300, "walkingSeconds": 938, "band": 15}]}, "geometry": {"type": "Point", "coordinates": [-122.3395004, 47.6177063]}}, {"type": "Feature", "properties": {"id": 8097291, "name": "Westlake Park", "category": "park", "tags": ["park"], "sources": ["osm", "overture"], "website": "https://downtownseattle.org/programs-services/parks-and-public-spaces/westlake-park/", "phone": "+12066844075", "address": "401 Pine St", "hours": "06:00-22:00", "stations": [{"stopCode": 50, "lines": "1,2", "name": "Westlake Station", "walkingMeters": 115, "walkingSeconds": 83, "band": 5}, {"stopCode": 51, "lines": "1,2", "name": "Symphony Station", "walkingMeters": 438, "walkingSeconds": 315, "band": 5}, {"stopCode": 52, "lines": "1,2", "name": "Pioneer Square Station", "walkingMeters": 1135, "walkingSeconds": 816, "band": 15}]}, "geometry": {"type": "Point", "coordinates": [-122.3370747, 47.6109076]}}, {"type": "Feature", "properties": {"id": 57883629, "name": "McGraw Square", "category": "park", "tags": ["park"], "sources": ["osm"], "address": "1801 Westlake Avenue", "stations": [{"stopCode": 50, "lines": "1,2", "name": "Westlake Station", "walkingMeters": 254, "walkingSeconds": 184, "band": 5}, {"stopCode": 51, "lines": "1,2", "name": "Symphony Station", "walkingMeters": 771, "walkingSeconds": 557, "band": 10}]}, "geometry": {"type": "Point", "coordinates": [-122.3373318, 47.6130637]}}, {"type": "Feature", "properties": {"id": 75978288, "name": "Westlake Square", "category": "park", "tags": ["park"], "sources": ["osm", "overture"], "website": "https://www.seattle.gov/parks/allparks/westlake-square", "address": "2420 7th Ave W Ave, Stewart St & Westlake Ave", "stations": [{"stopCode": 50, "lines": "1,2", "name": "Westlake Station", "walkingMeters": 276, "walkingSeconds": 200, "band": 5}, {"stopCode": 51, "lines": "1,2", "name": "Symphony Station", "walkingMeters": 794, "walkingSeconds": 573, "band": 10}]}, "geometry": {"type": "Point", "coordinates": [-122.3372974, 47.6136257]}}, {"type": "Feature", "properties": {"id": 174856218, "name": "The Park at Onni South Lake Union", "category": "park", "tags": ["park"], "sources": ["osm"], "stations": [{"stopCode": 50, "lines": "1,2", "name": "Westlake Station", "walkingMeters": 1082, "walkingSeconds": 780, "band": 15}, {"stopCode": 49, "lines": "1,2", "name": "Capitol Hill Station", "walkingMeters": 1258, "walkingSeconds": 914, "band": 15}]}, "geometry": {"type": "Point", "coordinates": [-122.3348123, 47.619451]}}, {"type": "Feature", "properties": {"id": 232078505, "name": "Arne Gillam Courtyard", "category": "garden", "tags": ["garden"], "sources": ["osm"], "stations": [{"stopCode": 50, "lines": "1,2", "name": "Westlake Station", "walkingMeters": 440, "walkingSeconds": 316, "band": 10}, {"stopCode": 51, "lines": "1,2", "name": "Symphony Station", "walkingMeters": 464, "walkingSeconds": 334, "band": 10}, {"stopCode": 52, "lines": "1,2", "name": "Pioneer Square Station", "walkingMeters": 1134, "walkingSeconds": 818, "band": 15}]}, "geometry": {"type": "Point", "coordinates": [-122.3327696, 47.6101341]}}, {"type": "Feature", "properties": {"id": 338886326, "name": "Urban Triangle Park", "category": "park", "tags": ["park"], "sources": ["osm"], "stations": [{"stopCode": 50, "lines": "1,2", "name": "Westlake Station", "walkingMeters": 663, "walkingSeconds": 478, "band": 10}, {"stopCode": 51, "lines": "1,2", "name": "Symphony Station", "walkingMeters": 1180, "walkingSeconds": 851, "band": 15}]}, "geometry": {"type": "Point", "coordinates": [-122.3378125, 47.6169131]}}, {"type": "Feature", "properties": {"id": 1099750452, "name": "Westlake Park Children\u2019s Play Area", "category": "playground", "tags": ["playground"], "sources": ["osm"], "stations": [{"stopCode": 50, "lines": "1,2", "name": "Westlake Station", "walkingMeters": 85, "walkingSeconds": 61, "band": 5}, {"stopCode": 51, "lines": "1,2", "name": "Symphony Station", "walkingMeters": 472, "walkingSeconds": 340, "band": 5}, {"stopCode": 52, "lines": "1,2", "name": "Pioneer Square Station", "walkingMeters": 1169, "walkingSeconds": 841, "band": 15}]}, "geometry": {"type": "Point", "coordinates": [-122.3369253, 47.6110145]}}, {"type": "Feature", "properties": {"id": "caa1cb79-94df-4553-9a5a-12d76074b8e1", "name": "Denny Substation \u2013 Operated by City Light", "category": "park", "tags": ["park", "dog"], "sources": ["overture"], "stations": [{"stopCode": 50, "lines": "1,2", "name": "Westlake Station", "walkingMeters": 1170, "walkingSeconds": 873, "band": 15}, {"stopCode": 49, "lines": "1,2", "name": "Capitol Hill Station", "walkingMeters": 1217, "walkingSeconds": 908, "band": 15}]}, "geometry": {"type": "Point", "coordinates": [-122.3326874, 47.6191978]}}, {"type": "Feature", "properties": {"id": "62b4011b-fd59-4a8d-b67e-79a90452657b", "name": "Seattle City Light Dog Park", "category": "park", "tags": ["park", "dog"], "sources": ["overture"], "website": "http://www.seattle.gov/light/dennysub/substation.asp", "address": "1251 E John St", "stations": [{"stopCode": 50, "lines": "1,2", "name": "Westlake Station", "walkingMeters": 1071, "walkingSeconds": 773, "band": 15}, {"stopCode": 49, "lines": "1,2", "name": "Capitol Hill Station", "walkingMeters": 1103, "walkingSeconds": 802, "band": 15}]}, "geometry": {"type": "Point", "coordinates": [-122.3328247, 47.6192245]}}, {"type": "Feature", "properties": {"id": "f8d40668-fa66-4dc3-9da5-f017b5e4eda3", "name": "Metropolitan Park North Garage", "category": "park", "tags": ["park"], "sources": ["overture"], "website": "http://www.ipmseattle.com", "phone": "+12065356487", "address": "1220 Howell St", "stations": [{"stopCode": 49, "lines": "1,2", "name": "Capitol Hill Station", "walkingMeters": 895, "walkingSeconds": 651, "band": 10}, {"stopCode": 50, "lines": "1,2", "name": "Westlake Station", "walkingMeters": 944, "walkingSeconds": 682, "band": 15}]}, "geometry": {"type": "Point", "coordinates": [-122.3312302, 47.6180191]}}, {"type": "Feature", "properties": {"id": "037bb908-d5c9-4142-bcf6-adc2a801673f", "name": "Space Needle Park", "category": "park", "tags": ["park"], "sources": ["overture"], "website": "http://www.spaceneedle.com", "address": "5th Ave", "stations": [{"stopCode": 50, "lines": "1,2", "name": "Westlake Station", "walkingMeters": 183, "walkingSeconds": 132, "band": 5}, {"stopCode": 51, "lines": "1,2", "name": "Symphony Station", "walkingMeters": 401, "walkingSeconds": 289, "band": 5}, {"stopCode": 52, "lines": "1,2", "name": "Pioneer Square Station", "walkingMeters": 1090, "walkingSeconds": 785, "band": 15}]}, "geometry": {"type": "Point", "coordinates": [-122.3355026, 47.6103287]}}, {"type": "Feature", "properties": {"id": "5cffbd68-412f-4147-9bba-02fa5c956869", "name": "The Spheres", "category": "park", "tags": ["park"], "sources": ["overture"], "website": "https://www.seattlespheres.com/", "phone": "+12062664064", "address": "2111 7th Ave", "stations": [{"stopCode": 50, "lines": "1,2", "name": "Westlake Station", "walkingMeters": 667, "walkingSeconds": 498, "band": 10}, {"stopCode": 51, "lines": "1,2", "name": "Symphony Station", "walkingMeters": 1203, "walkingSeconds": 898, "band": 15}]}, "geometry": {"type": "Point", "coordinates": [-122.3394623, 47.615799]}}, {"type": "Feature", "properties": {"id": "e5e508a4-fc69-443e-a2a7-90220bf6ccc0", "name": "Amazon - Day 1 Dog Park", "category": "park", "tags": ["park", "dog"], "sources": ["overture"], "address": "2112 6th Ave", "stations": [{"stopCode": 50, "lines": "1,2", "name": "Westlake Station", "walkingMeters": 676, "walkingSeconds": 504, "band": 10}, {"stopCode": 51, "lines": "1,2", "name": "Symphony Station", "walkingMeters": 1205, "walkingSeconds": 899, "band": 15}]}, "geometry": {"type": "Point", "coordinates": [-122.33992, 47.6157227]}}, {"type": "Feature", "properties": {"id": "ee761885-313d-4dbd-bc5e-b7a6709c4df0", "name": "Jim Ellis Freeway Park", "category": "park", "tags": ["park"], "sources": ["overture"], "address": "1227 9th Ave, 6th Ave and Seneca St", "stations": [{"stopCode": 51, "lines": "1,2", "name": "Symphony Station", "walkingMeters": 566, "walkingSeconds": 409, "band": 10}, {"stopCode": 50, "lines": "1,2", "name": "Westlake Station", "walkingMeters": 766, "walkingSeconds": 551, "band": 10}]}, "geometry": {"type": "Point", "coordinates": [-122.3300171, 47.6102028]}}, {"type": "Feature", "properties": {"id": 2404211298, "name": "Grand Hyatt Seattle", "category": "hotel", "tags": ["hotel"], "sources": ["osm", "overture"], "website": "https://www.hyatt.com/en-US/hotel/washington/grand-hyatt-seattle/seagh?src=prop_sm_seagh_grand_facebk_home_organicsocial", "phone": "+12067741234", "address": "721 Pine St", "stations": [{"stopCode": 50, "lines": "1,2", "name": "Westlake Station", "walkingMeters": 287, "walkingSeconds": 208, "band": 5}, {"stopCode": 51, "lines": "1,2", "name": "Symphony Station", "walkingMeters": 797, "walkingSeconds": 573, "band": 10}]}, "geometry": {"type": "Point", "coordinates": [-122.3334479, 47.6125018]}}, {"type": "Feature", "properties": {"id": 3799181422, "name": "Hyatt at Olive 8", "category": "hotel", "tags": ["hotel"], "sources": ["osm", "overture"], "website": "http://olive8.hyatt.com/", "phone": "+12066951234", "address": "1635 8th Ave", "stations": [{"stopCode": 50, "lines": "1,2", "name": "Westlake Station", "walkingMeters": 408, "walkingSeconds": 296, "band": 5}, {"stopCode": 51, "lines": "1,2", "name": "Symphony Station", "walkingMeters": 926, "walkingSeconds": 668, "band": 15}, {"stopCode": 49, "lines": "1,2", "name": "Capitol Hill Station", "walkingMeters": 1313, "walkingSeconds": 949, "band": 15}]}, "geometry": {"type": "Point", "coordinates": [-122.334167, 47.6137114]}}, {"type": "Feature", "properties": {"id": "c416f1f1-4aea-45f5-a451-02e1817b7548", "name": "Hilton Garden Inn", "category": "hotel", "tags": ["hotel"], "sources": ["overture"], "website": "http://seattledowntown.hgi.com/", "phone": "+12064677770", "address": "1821 Boren Ave", "stations": [{"stopCode": 50, "lines": "1,2", "name": "Westlake Station", "walkingMeters": 815, "walkingSeconds": 586, "band": 10}, {"stopCode": 49, "lines": "1,2", "name": "Capitol Hill Station", "walkingMeters": 1116, "walkingSeconds": 810, "band": 15}, {"stopCode": 51, "lines": "1,2", "name": "Symphony Station", "walkingMeters": 1333, "walkingSeconds": 959, "band": 15}]}, "geometry": {"type": "Point", "coordinates": [-122.3323669, 47.6164818]}}, {"type": "Feature", "properties": {"id": 223926948, "name": "La Quinta Inn & Suites Seattle Downtown", "category": "hotel", "tags": ["hotel", "wheelchair-accessible"], "sources": ["osm"], "website": "https://www.wyndhamhotels.com/laquinta/seattle-washington/la-quinta-seattle-downtown/overview", "phone": "+1-206-624-6820", "address": "2224 8th Avenue", "stations": [{"stopCode": 50, "lines": "1,2", "name": "Westlake Station", "walkingMeters": 856, "walkingSeconds": 618, "band": 10}]}, "geometry": {"type": "Point", "coordinates": [-122.339762, 47.6179537]}}, {"type": "Feature", "properties": {"id": 223927923, "name": "1 Hotel Seattle", "category": "hotel", "tags": ["hotel", "wifi"], "sources": ["osm", "overture"], "website": "https://www.1hotels.com/seattle", "phone": "+12062648111", "address": "2125 Terry Ave", "stations": [{"stopCode": 50, "lines": "1,2", "name": "Westlake Station", "walkingMeters": 894, "walkingSeconds": 645, "band": 10}, {"stopCode": 49, "lines": "1,2", "name": "Capitol Hill Station", "walkingMeters": 1368, "walkingSeconds": 994, "band": 15}]}, "geometry": {"type": "Point", "coordinates": [-122.3376109, 47.6182583]}}, {"type": "Feature", "properties": {"id": 223929030, "name": "Hotel Max", "category": "hotel", "tags": ["hotel", "wheelchair-accessible"], "sources": ["osm", "overture"], "website": "https://www.hotelmaxseattle.com/", "phone": "+12067286299", "address": "620 Stewart St", "stations": [{"stopCode": 50, "lines": "1,2", "name": "Westlake Station", "walkingMeters": 362, "walkingSeconds": 262, "band": 5}, {"stopCode": 51, "lines": "1,2", "name": "Symphony Station", "walkingMeters": 880, "walkingSeconds": 635, "band": 10}]}, "geometry": {"type": "Point", "coordinates": [-122.3366004, 47.6142172]}}, {"type": "Feature", "properties": {"id": 223937045, "name": "Hilton Garden Inn Seattle Downtown", "category": "hotel", "tags": ["hotel", "wheelchair-accessible", "air-conditioned", "wifi"], "sources": ["osm"], "website": "https://www.hilton.com/en/hotels/seabagi-hilton-garden-inn-seattle-downtown/", "phone": "+1-206-467-7770", "address": "1821 Boren Avenue", "stations": [{"stopCode": 50, "lines": "1,2", "name": "Westlake Station", "walkingMeters": 769, "walkingSeconds": 553, "band": 10}, {"stopCode": 49, "lines": "1,2", "name": "Capitol Hill Station", "walkingMeters": 1110, "walkingSeconds": 804, "band": 15}, {"stopCode": 51, "lines": "1,2", "name": "Symphony Station", "walkingMeters": 1287, "walkingSeconds": 926, "band": 15}]}, "geometry": {"type": "Point", "coordinates": [-122.3319563, 47.6161551]}}, {"type": "Feature", "properties": {"id": 232076568, "name": "Worldmark Seattle - The Camlin", "category": "hotel", "tags": ["hotel", "resort"], "sources": ["osm", "overture"], "website": "https://www.extraholidays.com/seattle-washington/worldmark-seattle-the-camlin/specials", "phone": "2064052600", "address": "1619 9th Ave", "stations": [{"stopCode": 50, "lines": "1,2", "name": "Westlake Station", "walkingMeters": 476, "walkingSeconds": 344, "band": 10}, {"stopCode": 51, "lines": "1,2", "name": "Symphony Station", "walkingMeters": 979, "walkingSeconds": 704, "band": 15}, {"stopCode": 49, "lines": "1,2", "name": "Capitol Hill Station", "walkingMeters": 1242, "walkingSeconds": 899, "band": 15}]}, "geometry": {"type": "Point", "coordinates": [-122.332819, 47.6139432]}}, {"type": "Feature", "properties": {"id": 232076569, "name": "The Paramount Hotel", "category": "hotel", "tags": ["hotel"], "sources": ["osm", "overture"], "website": "http://www.paramounthotelseattle.com/", "phone": "+12062929500", "address": "724 Pine St", "stations": [{"stopCode": 50, "lines": "1,2", "name": "Westlake Station", "walkingMeters": 323, "walkingSeconds": 234, "band": 5}, {"stopCode": 51, "lines": "1,2", "name": "Symphony Station", "walkingMeters": 840, "walkingSeconds": 607, "band": 15}, {"stopCode": 49, "lines": "1,2", "name": "Capitol Hill Station", "walkingMeters": 1435, "walkingSeconds": 1037, "band": 15}]}, "geometry": {"type": "Point", "coordinates": [-122.3336395, 47.6131504]}}, {"type": "Feature", "properties": {"id": 232078049, "name": "Hilton Motif Seattle", "category": "hotel", "tags": ["hotel", "wifi"], "sources": ["osm", "overture"], "website": "https://www.hilton.com/en/hotels/seamfhh-hilton-motif-seattle/", "phone": "12069718000", "address": "1415 5th Ave", "stations": [{"stopCode": 50, "lines": "1,2", "name": "Westlake Station", "walkingMeters": 233, "walkingSeconds": 168, "band": 5}, {"stopCode": 51, "lines": "1,2", "name": "Symphony Station", "walkingMeters": 332, "walkingSeconds": 239, "band": 5}, {"stopCode": 52, "lines": "1,2", "name": "Pioneer Square Station", "walkingMeters": 1021, "walkingSeconds": 735, "band": 15}]}, "geometry": {"type": "Point", "coordinates": [-122.3355346, 47.6100147]}}, {"type": "Feature", "properties": {"id": 232078056, "name": "Sheraton Seattle", "category": "hotel", "tags": ["hotel"], "sources": ["osm"], "website": "http://www.sheratonseattle.com/", "phone": "+1-206-621-9000", "address": "1400 6th Avenue", "stations": [{"stopCode": 50, "lines": "1,2", "name": "Westlake Station", "walkingMeters": 396, "walkingSeconds": 286, "band": 5}, {"stopCode": 51, "lines": "1,2", "name": "Symphony Station", "walkingMeters": 566, "walkingSeconds": 408, "band": 10}]}, "geometry": {"type": "Point", "coordinates": [-122.3334629, 47.6108757]}}, {"type": "Feature", "properties": {"id": 331163045, "name": "Mayflower Park Hotel Seattle", "category": "hotel", "tags": ["hotel", "wifi"], "sources": ["osm"], "website": "https://www.mayflowerpark.com/", "phone": "+1-206-623-8700", "address": "405 Olive Way", "stations": [{"stopCode": 50, "lines": "1,2", "name": "Westlake Station", "walkingMeters": 190, "walkingSeconds": 137, "band": 5}, {"stopCode": 51, "lines": "1,2", "name": "Symphony Station", "walkingMeters": 628, "walkingSeconds": 452, "band": 10}]}, "geometry": {"type": "Point", "coordinates": [-122.3380479, 47.6121884]}}, {"type": "Feature", "properties": {"id": 331291911, "name": "The Westin Seattle", "category": "hotel", "tags": ["hotel", "wheelchair-accessible", "wifi"], "sources": ["osm"], "website": "http://www.westinseattle.com/", "phone": "+1-206-728-1000", "address": "1900 5th Avenue", "stations": [{"stopCode": 50, "lines": "1,2", "name": "Westlake Station", "walkingMeters": 279, "walkingSeconds": 202, "band": 5}, {"stopCode": 51, "lines": "1,2", "name": "Symphony Station", "walkingMeters": 794, "walkingSeconds": 573, "band": 10}]}, "geometry": {"type": "Point", "coordinates": [-122.3382709, 47.6137004]}}, {"type": "Feature", "properties": {"id": 363046838, "name": "Hotel Theodore", "category": "hotel", "tags": ["hotel"], "sources": ["osm", "overture"], "website": "https://www.riderseattle.com/", "phone": "+12066211200", "address": "1531 7th Ave", "stations": [{"stopCode": 50, "lines": "1,2", "name": "Westlake Station", "walkingMeters": 197, "walkingSeconds": 144, "band": 5}, {"stopCode": 51, "lines": "1,2", "name": "Symphony Station", "walkingMeters": 708, "walkingSeconds": 509, "band": 10}]}, "geometry": {"type": "Point", "coordinates": [-122.3344232, 47.6122929]}}, {"type": "Feature", "properties": {"id": 492680045, "name": "citizenM", "category": "hotel", "tags": ["hotel", "reservations", "wheelchair-accessible", "has-bar", "air-conditioned", "wifi"], "sources": ["osm"], "website": "https://www.citizenm.com/", "address": "201 Westlake Avenue North", "stations": [{"stopCode": 50, "lines": "1,2", "name": "Westlake Station", "walkingMeters": 1005, "walkingSeconds": 726, "band": 15}]}, "geometry": {"type": "Point", "coordinates": [-122.3388784, 47.6199666]}}, {"type": "Feature", "properties": {"id": 520654959, "name": "Hyatt Regency Seattle", "category": "hotel", "tags": ["hotel", "wheelchair-accessible"], "sources": ["osm"], "website": "https://www.hyatt.com/en-US/hotel/washington/hyatt-regency-seattle/sears", "phone": "+1-206-973-1234", "address": "808 Howell Street", "stations": [{"stopCode": 50, "lines": "1,2", "name": "Westlake Station", "walkingMeters": 553, "walkingSeconds": 398, "band": 10}, {"stopCode": 51, "lines": "1,2", "name": "Symphony Station", "walkingMeters": 1071, "walkingSeconds": 770, "band": 15}, {"stopCode": 49, "lines": "1,2", "name": "Capitol Hill Station", "walkingMeters": 1342, "walkingSeconds": 970, "band": 15}]}, "geometry": {"type": "Point", "coordinates": [-122.3344587, 47.61486]}}, {"type": "Feature", "properties": {"id": 827069612, "name": "Residence Inn Seattle Downtown/Convention Center", "category": "hotel", "tags": ["hotel", "wifi"], "sources": ["osm"], "website": "https://www.marriott.com/seaav", "phone": "+1-206-388-1000", "address": "1815 Terry Avenue", "stations": [{"stopCode": 50, "lines": "1,2", "name": "Westlake Station", "walkingMeters": 677, "walkingSeconds": 487, "band": 10}, {"stopCode": 49, "lines": "1,2", "name": "Capitol Hill Station", "walkingMeters": 1176, "walkingSeconds": 853, "band": 15}, {"stopCode": 51, "lines": "1,2", "name": "Symphony Station", "walkingMeters": 1195, "walkingSeconds": 859, "band": 15}]}, "geometry": {"type": "Point", "coordinates": [-122.3328572, 47.6155277]}}, {"type": "Feature", "properties": {"id": 1395854286, "name": "AC Hotel Seattle Downtown", "category": "hotel", "tags": ["hotel", "has-bar"], "sources": ["osm", "overture"], "website": "http://www.marriott.com/SEADA", "phone": "+12064927963", "address": "117 Yale Ave N", "stations": [{"stopCode": 49, "lines": "1,2", "name": "Capitol Hill Station", "walkingMeters": 920, "walkingSeconds": 668, "band": 10}, {"stopCode": 50, "lines": "1,2", "name": "Westlake Station", "walkingMeters": 1096, "walkingSeconds": 791, "band": 15}]}, "geometry": {"type": "Point", "coordinates": [-122.3307913, 47.619148]}}, {"type": "Feature", "properties": {"id": "7b2bcc40-9be9-441b-9674-e13092c7f37e", "name": "citizenM Seattle South Lake", "category": "hotel", "tags": ["hotel"], "sources": ["overture"], "website": "https://www.citizenm.com/hotels/united-states/seattle/seattle-south-lake-union-hotel?utm_source=Facebook&utm_medium=Yext&y_source=1_NDkyNzM5MjUtNTU5LWxvY2F0aW9uLndlYnNpdGU%3D", "phone": "+12063363525", "address": "201 Westlake Ave N", "stations": [{"stopCode": 50, "lines": "1,2", "name": "Westlake Station", "walkingMeters": 996, "walkingSeconds": 719, "band": 15}]}, "geometry": {"type": "Point", "coordinates": [-122.3388596, 47.619957]}}, {"type": "Feature", "properties": {"id": "b5848b9a-b49d-4b9d-8d0f-083a699c3676", "name": "Hyatt Regency", "category": "hotel", "tags": ["hotel"], "sources": ["overture"], "website": "http://hyattregencyseattle.com/", "phone": "+12069731234", "address": "1812 8th Ave", "stations": [{"stopCode": 50, "lines": "1,2", "name": "Westlake Station", "walkingMeters": 500, "walkingSeconds": 359, "band": 10}, {"stopCode": 51, "lines": "1,2", "name": "Symphony Station", "walkingMeters": 1017, "walkingSeconds": 732, "band": 15}, {"stopCode": 49, "lines": "1,2", "name": "Capitol Hill Station", "walkingMeters": 1327, "walkingSeconds": 959, "band": 15}]}, "geometry": {"type": "Point", "coordinates": [-122.3343582, 47.6146164]}}, {"type": "Feature", "properties": {"id": "047dcf55-2e82-4080-b655-61be97f704a2", "name": "The Roosevelt", "category": "hotel", "tags": ["hotel"], "sources": ["overture"], "website": "http://roosevelthotel.com", "phone": "+12066211200", "address": "1531 7th Ave", "stations": [{"stopCode": 50, "lines": "1,2", "name": "Westlake Station", "walkingMeters": 232, "walkingSeconds": 168, "band": 5}, {"stopCode": 51, "lines": "1,2", "name": "Symphony Station", "walkingMeters": 732, "walkingSeconds": 527, "band": 10}]}, "geometry": {"type": "Point", "coordinates": [-122.3343582, 47.6123009]}}, {"type": "Feature", "properties": {"id": "59344412-e9fd-4e65-9db3-8cd72a7235d3", "name": "Seattle Sheridan Hotel", "category": "hotel", "tags": ["hotel"], "sources": ["overture"], "address": "6th Ave", "stations": [{"stopCode": 50, "lines": "1,2", "name": "Westlake Station", "walkingMeters": 230, "walkingSeconds": 172, "band": 5}, {"stopCode": 51, "lines": "1,2", "name": "Symphony Station", "walkingMeters": 530, "walkingSeconds": 396, "band": 10}]}, "geometry": {"type": "Point", "coordinates": [-122.3343964, 47.6113129]}}, {"type": "Feature", "properties": {"id": "816d77ca-37da-465f-bfe9-0331b44c4552", "name": "Mayflower Park Hotel", "category": "hotel", "tags": ["hotel"], "sources": ["overture"], "website": "https://mayflowerpark.com/", "phone": "+12066238700", "address": "405 Olive Wy", "stations": [{"stopCode": 50, "lines": "1,2", "name": "Westlake Station", "walkingMeters": 157, "walkingSeconds": 117, "band": 5}, {"stopCode": 51, "lines": "1,2", "name": "Symphony Station", "walkingMeters": 655, "walkingSeconds": 489, "band": 10}]}, "geometry": {"type": "Point", "coordinates": [-122.3381195, 47.612114]}}, {"type": "Feature", "properties": {"id": "a750d0ef-a0ad-4462-9675-4402912427b7", "name": "Vacationhouse Destinations", "category": "guest_house", "tags": ["guest-house", "guest", "house"], "sources": ["overture"], "website": "http://www.vacationhousedestinations.com", "phone": "+18888134569", "address": "1700 7th Ave Ste 116 Pmb 405", "stations": [{"stopCode": 50, "lines": "1,2", "name": "Westlake Station", "walkingMeters": 377, "walkingSeconds": 281, "band": 5}, {"stopCode": 51, "lines": "1,2", "name": "Symphony Station", "walkingMeters": 894, "walkingSeconds": 667, "band": 15}, {"stopCode": 49, "lines": "1,2", "name": "Capitol Hill Station", "walkingMeters": 1637, "walkingSeconds": 1222, "band": 15}]}, "geometry": {"type": "Point", "coordinates": [-122.3351974, 47.6139679]}}, {"type": "Feature", "properties": {"id": "753d1dbb-e13c-4fac-824f-9364c7b93600", "name": "Westin", "category": "hotel", "tags": ["hotel"], "sources": ["overture"], "website": "https://www.marriott.com/en-us/hotels/seawi-the-westin-seattle/overview/?scid=d2406702-e8ea-4b45-bb9b-69cddaaef03d", "phone": "+12067281000", "address": "1900 5th Ave", "stations": [{"stopCode": 50, "lines": "1,2", "name": "Westlake Station", "walkingMeters": 340, "walkingSeconds": 254, "band": 5}, {"stopCode": 51, "lines": "1,2", "name": "Symphony Station", "walkingMeters": 878, "walkingSeconds": 655, "band": 10}]}, "geometry": {"type": "Point", "coordinates": [-122.3382111, 47.6137009]}}, {"type": "Feature", "properties": {"id": "9e58c1f1-1251-4d96-a4ef-09c8e2ed8569", "name": "La Quinta Inn and Suites", "category": "hotel", "tags": ["hotel"], "sources": ["overture"], "website": "http://436.lq.com/", "phone": "+12066246820", "address": "2224 8th Ave", "stations": [{"stopCode": 50, "lines": "1,2", "name": "Westlake Station", "walkingMeters": 825, "walkingSeconds": 596, "band": 10}]}, "geometry": {"type": "Point", "coordinates": [-122.3399048, 47.617939]}}, {"type": "Feature", "properties": {"id": "866e32a0-d432-4803-949c-cf7134fd563a", "name": "Stevens Pass Ski Resort", "category": "hotel", "tags": ["hotel"], "sources": ["overture"], "website": "http://www.stevenspass.com", "phone": "(206) 634-1645", "address": "500 Union St Ste 500", "stations": [{"stopCode": 50, "lines": "1,2", "name": "Westlake Station", "walkingMeters": 304, "walkingSeconds": 220, "band": 5}, {"stopCode": 51, "lines": "1,2", "name": "Symphony Station", "walkingMeters": 360, "walkingSeconds": 259, "band": 5}, {"stopCode": 52, "lines": "1,2", "name": "Pioneer Square Station", "walkingMeters": 1037, "walkingSeconds": 750, "band": 15}]}, "geometry": {"type": "Point", "coordinates": [-122.3344345, 47.6100426]}}, {"type": "Feature", "properties": {"id": "a79375b2-c9d0-4628-9460-c4fb6480f866", "name": "Candela Hotels Incorporated", "category": "hotel", "tags": ["hotel"], "sources": ["overture"], "phone": "2063880980", "address": "601 Union St", "stations": [{"stopCode": 50, "lines": "1,2", "name": "Westlake Station", "walkingMeters": 372, "walkingSeconds": 267, "band": 5}, {"stopCode": 51, "lines": "1,2", "name": "Symphony Station", "walkingMeters": 408, "walkingSeconds": 294, "band": 5}, {"stopCode": 52, "lines": "1,2", "name": "Pioneer Square Station", "walkingMeters": 1087, "walkingSeconds": 784, "band": 15}]}, "geometry": {"type": "Point", "coordinates": [-122.3336105, 47.6101227]}}, {"type": "Feature", "properties": {"id": 6148544385, "name": "The Market", "category": "convenience", "tags": ["convenience", "cafe"], "sources": ["osm", "overture"], "website": "https://www.hyatt.com", "phone": "12068594751", "address": "808 Howell St", "hours": "24/7", "stations": [{"stopCode": 50, "lines": "1,2", "name": "Westlake Station", "walkingMeters": 478, "walkingSeconds": 344, "band": 10}, {"stopCode": 51, "lines": "1,2", "name": "Symphony Station", "walkingMeters": 996, "walkingSeconds": 716, "band": 15}, {"stopCode": 49, "lines": "1,2", "name": "Capitol Hill Station", "walkingMeters": 1289, "walkingSeconds": 932, "band": 15}]}, "geometry": {"type": "Point", "coordinates": [-122.3340886, 47.614463]}}, {"type": "Feature", "properties": {"id": 2327794616, "name": "7-Eleven", "category": "convenience", "tags": ["convenience"], "sources": ["osm", "overture"], "website": "https://www.7-eleven.com/", "phone": "+12067246138", "address": "1830 Minor Ave", "stations": [{"stopCode": 50, "lines": "1,2", "name": "Westlake Station", "walkingMeters": 889, "walkingSeconds": 642, "band": 15}, {"stopCode": 49, "lines": "1,2", "name": "Capitol Hill Station", "walkingMeters": 958, "walkingSeconds": 696, "band": 10}]}, "geometry": {"type": "Point", "coordinates": [-122.3316247, 47.6176102]}}, {"type": "Feature", "properties": {"id": 2700939607, "name": "7-Eleven", "category": "convenience", "tags": ["convenience", "delivery"], "sources": ["osm", "overture"], "website": "https://www.7-eleven.com/", "phone": "+12066230413", "address": "819 Virginia St", "stations": [{"stopCode": 50, "lines": "1,2", "name": "Westlake Station", "walkingMeters": 604, "walkingSeconds": 437, "band": 10}, {"stopCode": 51, "lines": "1,2", "name": "Symphony Station", "walkingMeters": 1122, "walkingSeconds": 809, "band": 15}, {"stopCode": 49, "lines": "1,2", "name": "Capitol Hill Station", "walkingMeters": 1360, "walkingSeconds": 987, "band": 15}]}, "geometry": {"type": "Point", "coordinates": [-122.3358948, 47.6160516]}}, {"type": "Feature", "properties": {"id": 2400043352, "name": "Play It Again Sports", "category": "sports", "tags": ["sports", "second-hand"], "sources": ["osm"], "website": "https://playitagainsports.com/locations/seattle-wa", "phone": "+1-206-264-9255", "address": "1304 Stewart Street", "hours": "Mo-Fr 10:00-19:00; Sa 10:00-18:00; Su 10:00-17:00", "stations": [{"stopCode": 49, "lines": "1,2", "name": "Capitol Hill Station", "walkingMeters": 858, "walkingSeconds": 624, "band": 10}, {"stopCode": 50, "lines": "1,2", "name": "Westlake Station", "walkingMeters": 1035, "walkingSeconds": 747, "band": 15}]}, "geometry": {"type": "Point", "coordinates": [-122.3307687, 47.618676]}}, {"type": "Feature", "properties": {"id": 1934511929, "name": "Whole Foods Market", "category": "supermarket", "tags": ["supermarket", "wheelchair-accessible"], "sources": ["osm", "overture"], "website": "https://www.wholefoodsmarket.com/stores/westlake", "phone": "+12066219700", "address": "2210 Westlake Ave N", "hours": "Mo-Su 08:00-22:00", "stations": [{"stopCode": 50, "lines": "1,2", "name": "Westlake Station", "walkingMeters": 830, "walkingSeconds": 599, "band": 10}]}, "geometry": {"type": "Point", "coordinates": [-122.3381763, 47.6183162]}}, {"type": "Feature", "properties": {"id": 2404231211, "name": "Barnes & Noble", "category": "books", "tags": ["books"], "sources": ["osm", "overture"], "website": "https://stores.barnesandnoble.com/store/3592", "phone": "+12062919088", "address": "520 Pike St", "stations": [{"stopCode": 50, "lines": "1,2", "name": "Westlake Station", "walkingMeters": 219, "walkingSeconds": 157, "band": 5}, {"stopCode": 51, "lines": "1,2", "name": "Symphony Station", "walkingMeters": 533, "walkingSeconds": 383, "band": 10}]}, "geometry": {"type": "Point", "coordinates": [-122.334787, 47.6111981]}}, {"type": "Feature", "properties": {"id": 4326500635, "name": "Nordstrom Rack", "category": "clothes", "tags": ["clothes"], "sources": ["osm"], "website": "https://stores.nordstromrack.com/us/wa/seattle/400-pine-st", "phone": "+1-206-448-8522", "address": "400 Pine Street", "hours": "Mo-Sa 09:30-21:00; Su 10:00-20:00", "stations": [{"stopCode": 50, "lines": "1,2", "name": "Westlake Station", "walkingMeters": 28, "walkingSeconds": 20, "band": 5}, {"stopCode": 51, "lines": "1,2", "name": "Symphony Station", "walkingMeters": 546, "walkingSeconds": 393, "band": 10}]}, "geometry": {"type": "Point", "coordinates": [-122.3368337, 47.6117644]}}, {"type": "Feature", "properties": {"id": 2404231207, "name": "Old Navy", "category": "clothes", "tags": ["clothes"], "sources": ["osm"], "website": "https://www.oldnavy.com/products/seattle-wa-store-3068.jsp?tid=onss000002", "phone": "+1-206-623-1800", "address": "511 Pine Street", "stations": [{"stopCode": 50, "lines": "1,2", "name": "Westlake Station", "walkingMeters": 64, "walkingSeconds": 48, "band": 5}, {"stopCode": 51, "lines": "1,2", "name": "Symphony Station", "walkingMeters": 573, "walkingSeconds": 412, "band": 10}]}, "geometry": {"type": "Point", "coordinates": [-122.3359769, 47.6117163]}}, {"type": "Feature", "properties": {"id": 2404231080, "name": "T-Mobile", "category": "mobile_phone", "tags": ["mobile-phone", "mobile"], "sources": ["osm", "overture"], "website": "https://www.t-mobile.com/stores/bd/t-mobile-seattle-wa-98101-430?utm_source=facebook&utm_medium=lastmile&utm_campaign=430", "phone": "+12062231480", "address": "1527 6th Ave", "hours": "Mo-Fr 10:00-20:00,10:00-20:00, Fr-Sa 10:00-20:00, Su 11:00-18:00", "stations": [{"stopCode": 50, "lines": "1,2", "name": "Westlake Station", "walkingMeters": 143, "walkingSeconds": 105, "band": 5}, {"stopCode": 51, "lines": "1,2", "name": "Symphony Station", "walkingMeters": 626, "walkingSeconds": 450, "band": 10}]}, "geometry": {"type": "Point", "coordinates": [-122.335315, 47.6118044]}}, {"type": "Feature", "properties": {"id": "a35d894d-39c4-4200-a873-b1025f962a16", "name": "T-mobile", "category": "mobile_phone", "tags": ["mobile-phone", "mobile"], "sources": ["overture"], "website": "https://www.t-mobile.com", "phone": "+12069625000", "address": "1523 3rd Ave", "stations": [{"stopCode": 50, "lines": "1,2", "name": "Westlake Station", "walkingMeters": 279, "walkingSeconds": 203, "band": 5}, {"stopCode": 51, "lines": "1,2", "name": "Symphony Station", "walkingMeters": 377, "walkingSeconds": 271, "band": 5}, {"stopCode": 52, "lines": "1,2", "name": "Pioneer Square Station", "walkingMeters": 1074, "walkingSeconds": 773, "band": 15}]}, "geometry": {"type": "Point", "coordinates": [-122.3387222, 47.6102867]}}, {"type": "Feature", "properties": {"id": 3584221908, "name": "AT&T", "category": "mobile_phone", "tags": ["mobile-phone"], "sources": ["osm"], "address": "1504 6th Avenue", "stations": [{"stopCode": 50, "lines": "1,2", "name": "Westlake Station", "walkingMeters": 214, "walkingSeconds": 156, "band": 5}, {"stopCode": 51, "lines": "1,2", "name": "Symphony Station", "walkingMeters": 593, "walkingSeconds": 426, "band": 10}]}, "geometry": {"type": "Point", "coordinates": [-122.3345915, 47.6115477]}}, {"type": "Feature", "properties": {"id": "7ee703ed-f6fd-4952-9ae5-a81367527199", "name": "White House Black Market", "category": "clothes", "tags": ["clothes", "womens"], "sources": ["overture"], "phone": "2063826242", "address": "600 Pine St Ste 301", "stations": [{"stopCode": 50, "lines": "1,2", "name": "Westlake Station", "walkingMeters": 167, "walkingSeconds": 124, "band": 5}, {"stopCode": 51, "lines": "1,2", "name": "Symphony Station", "walkingMeters": 685, "walkingSeconds": 497, "band": 10}]}, "geometry": {"type": "Point", "coordinates": [-122.3348541, 47.6123886]}}, {"type": "Feature", "properties": {"id": 2327732060, "name": "Sephora", "category": "cosmetics", "tags": ["cosmetics"], "sources": ["osm"], "website": "https://www.sephora.com", "address": "2020 Westlake Avenue", "stations": [{"stopCode": 50, "lines": "1,2", "name": "Westlake Station", "walkingMeters": 611, "walkingSeconds": 441, "band": 10}, {"stopCode": 51, "lines": "1,2", "name": "Symphony Station", "walkingMeters": 1128, "walkingSeconds": 814, "band": 15}]}, "geometry": {"type": "Point", "coordinates": [-122.3377856, 47.6162296]}}, {"type": "Feature", "properties": {"id": 2404231193, "name": "Sephora", "category": "cosmetics", "tags": ["cosmetics"], "sources": ["osm"], "website": "https://www.sephora.com/", "phone": "+1-206-624-7003", "address": "415 Pine Street", "hours": "Mo-Sa 10:00-19:00; Su 11:00-18:00", "stations": [{"stopCode": 50, "lines": "1,2", "name": "Westlake Station", "walkingMeters": 48, "walkingSeconds": 34, "band": 5}, {"stopCode": 51, "lines": "1,2", "name": "Symphony Station", "walkingMeters": 483, "walkingSeconds": 347, "band": 10}, {"stopCode": 52, "lines": "1,2", "name": "Pioneer Square Station", "walkingMeters": 1179, "walkingSeconds": 848, "band": 15}]}, "geometry": {"type": "Point", "coordinates": [-122.3367568, 47.6113634]}}, {"type": "Feature", "properties": {"id": "63bd439f-ac95-4e14-a050-ffbc532c07ca", "name": "Banana Republic", "category": "clothes", "tags": ["clothes", "mens"], "sources": ["overture"], "website": "https://bananarepublic.gap.com/stores/wa/seattle/banana-republic-7664.html", "phone": "+12066218447", "address": "1512 5th Ave", "stations": [{"stopCode": 50, "lines": "1,2", "name": "Westlake Station", "walkingMeters": 119, "walkingSeconds": 86, "band": 5}, {"stopCode": 51, "lines": "1,2", "name": "Symphony Station", "walkingMeters": 491, "walkingSeconds": 353, "band": 10}, {"stopCode": 52, "lines": "1,2", "name": "Pioneer Square Station", "walkingMeters": 1168, "walkingSeconds": 848, "band": 15}]}, "geometry": {"type": "Point", "coordinates": [-122.335556, 47.611084]}}, {"type": "Feature", "properties": {"id": "1424da15-22f0-4e82-b381-2cd1fc6e5b95", "name": "Gap", "category": "clothes", "tags": ["clothes"], "sources": ["overture"], "website": "https://www.gap.com/stores/wa/seattle/gap-1707.html", "phone": "+12062548000", "address": "1530 5th Ave", "stations": [{"stopCode": 50, "lines": "1,2", "name": "Westlake Station", "walkingMeters": 60, "walkingSeconds": 45, "band": 5}, {"stopCode": 51, "lines": "1,2", "name": "Symphony Station", "walkingMeters": 542, "walkingSeconds": 404, "band": 10}]}, "geometry": {"type": "Point", "coordinates": [-122.3361053, 47.611557]}}, {"type": "Feature", "properties": {"id": 2404230979, "name": "Metro by T-Mobile", "category": "mobile_phone", "tags": ["mobile-phone", "mobile"], "sources": ["osm", "overture"], "website": "https://www.metrobyt-mobile.com/stores/bd/metro-by-t-mobile-seattle-wa-10292581/?utm_source=facebook&utm_medium=lastmile&utm_campaign=33826", "phone": "+12066231274", "address": "1518 3rd Ave", "stations": [{"stopCode": 50, "lines": "1,2", "name": "Westlake Station", "walkingMeters": 230, "walkingSeconds": 165, "band": 5}, {"stopCode": 51, "lines": "1,2", "name": "Symphony Station", "walkingMeters": 334, "walkingSeconds": 240, "band": 5}, {"stopCode": 52, "lines": "1,2", "name": "Pioneer Square Station", "walkingMeters": 1030, "walkingSeconds": 741, "band": 15}]}, "geometry": {"type": "Point", "coordinates": [-122.338091, 47.6103498]}}, {"type": "Feature", "properties": {"id": 5799687014, "name": "Aveda", "category": "cosmetics", "tags": ["cosmetics"], "sources": ["osm"], "stations": [{"stopCode": 50, "lines": "1,2", "name": "Westlake Station", "walkingMeters": 199, "walkingSeconds": 145, "band": 5}, {"stopCode": 51, "lines": "1,2", "name": "Symphony Station", "walkingMeters": 717, "walkingSeconds": 518, "band": 10}]}, "geometry": {"type": "Point", "coordinates": [-122.335619, 47.6128261]}}, {"type": "Feature", "properties": {"id": 2312066005, "name": "west elm", "category": "furniture", "tags": ["furniture", "wheelchair-accessible"], "sources": ["osm", "overture"], "website": "http://www.westelm.com/", "phone": "+12064675798", "address": "2201 Westlake Ave N Unit 100", "hours": "Mo-Fr 10:00-19:00; Sa 10:00-20:00; Su 11:00-18:00", "stations": [{"stopCode": 50, "lines": "1,2", "name": "Westlake Station", "walkingMeters": 885, "walkingSeconds": 639, "band": 10}]}, "geometry": {"type": "Point", "coordinates": [-122.339661, 47.6183857]}}, {"type": "Feature", "properties": {"id": 4326994368, "name": "Floral Masters", "category": "florist", "tags": ["florist"], "sources": ["osm", "overture"], "website": "http://www.floralmasters.net", "phone": "(206) 838-7290", "address": "601 Union St #124", "stations": [{"stopCode": 50, "lines": "1,2", "name": "Westlake Station", "walkingMeters": 456, "walkingSeconds": 328, "band": 10}, {"stopCode": 51, "lines": "1,2", "name": "Symphony Station", "walkingMeters": 486, "walkingSeconds": 350, "band": 10}, {"stopCode": 52, "lines": "1,2", "name": "Pioneer Square Station", "walkingMeters": 1156, "walkingSeconds": 834, "band": 15}]}, "geometry": {"type": "Point", "coordinates": [-122.3325871, 47.6104002]}}, {"type": "Feature", "properties": {"id": 2327732086, "name": "Fantasy Unlimited", "category": "clothes", "tags": ["clothes"], "sources": ["osm"], "address": "2027 Westlake Avenue", "stations": [{"stopCode": 50, "lines": "1,2", "name": "Westlake Station", "walkingMeters": 521, "walkingSeconds": 377, "band": 10}, {"stopCode": 51, "lines": "1,2", "name": "Symphony Station", "walkingMeters": 1035, "walkingSeconds": 747, "band": 15}]}, "geometry": {"type": "Point", "coordinates": [-122.338169, 47.6156981]}}, {"type": "Feature", "properties": {"id": 2327794521, "name": "Market-House Corned Beef", "category": "deli", "tags": ["deli"], "sources": ["osm"], "website": "http://www.markethousemeats.co/", "phone": "+1-206-624-9248", "address": "1124 Howell Street", "hours": "Mo-Sa 08:00-16:00", "stations": [{"stopCode": 50, "lines": "1,2", "name": "Westlake Station", "walkingMeters": 847, "walkingSeconds": 609, "band": 15}, {"stopCode": 49, "lines": "1,2", "name": "Capitol Hill Station", "walkingMeters": 1028, "walkingSeconds": 745, "band": 15}]}, "geometry": {"type": "Point", "coordinates": [-122.3308228, 47.6168301]}}, {"type": "Feature", "properties": {"id": 2327794560, "name": "Mariners Team Store", "category": "sports", "tags": ["sports", "wheelchair-accessible"], "sources": ["osm"], "address": "1800 4th Avenue", "hours": "Mo-Th 11:00-16:00; Fr-Su 11:00-17:00", "stations": [{"stopCode": 50, "lines": "1,2", "name": "Westlake Station", "walkingMeters": 206, "walkingSeconds": 148, "band": 5}, {"stopCode": 51, "lines": "1,2", "name": "Symphony Station", "walkingMeters": 639, "walkingSeconds": 460, "band": 10}]}, "geometry": {"type": "Point", "coordinates": [-122.3384308, 47.6123709]}}, {"type": "Feature", "properties": {"id": 2327794581, "name": "Do The Extraordinary", "category": "clothes", "tags": ["clothes", "mens"], "sources": ["osm", "overture"], "website": "http://dotheextraordinary.com/", "address": "1810 6th Ave", "stations": [{"stopCode": 50, "lines": "1,2", "name": "Westlake Station", "walkingMeters": 262, "walkingSeconds": 188, "band": 5}, {"stopCode": 51, "lines": "1,2", "name": "Symphony Station", "walkingMeters": 779, "walkingSeconds": 560, "band": 10}]}, "geometry": {"type": "Point", "coordinates": [-122.3362808, 47.6133248]}}, {"type": "Feature", "properties": {"id": 2327794590, "name": "Downtown Spirits", "category": "alcohol", "tags": ["alcohol"], "sources": ["osm", "overture"], "website": "http://www.downtownspirits.com/", "phone": "+12068126591", "address": "1813 7th Ave", "stations": [{"stopCode": 50, "lines": "1,2", "name": "Westlake Station", "walkingMeters": 370, "walkingSeconds": 266, "band": 5}, {"stopCode": 51, "lines": "1,2", "name": "Symphony Station", "walkingMeters": 887, "walkingSeconds": 638, "band": 10}]}, "geometry": {"type": "Point", "coordinates": [-122.3357279, 47.6138125]}}, {"type": "Feature", "properties": {"id": 2327794611, "name": "Buki Pop-Up Shop", "category": "clothes", "tags": ["clothes"], "sources": ["osm"], "address": "1826 6th Avenue", "stations": [{"stopCode": 50, "lines": "1,2", "name": "Westlake Station", "walkingMeters": 301, "walkingSeconds": 216, "band": 5}, {"stopCode": 51, "lines": "1,2", "name": "Symphony Station", "walkingMeters": 819, "walkingSeconds": 589, "band": 10}]}, "geometry": {"type": "Point", "coordinates": [-122.33668, 47.613577]}}, {"type": "Feature", "properties": {"id": 2327794619, "name": "Alexandra's", "category": "clothes", "tags": ["clothes"], "sources": ["osm"], "website": "https://alexandrasonline.com/", "phone": "+1-206-623-1214", "address": "412 Olive Way", "hours": "Mo-We 10:00-18:00; Th-Fr 10:00-19:00; Sa 10:00-18:00", "stations": [{"stopCode": 50, "lines": "1,2", "name": "Westlake Station", "walkingMeters": 189, "walkingSeconds": 136, "band": 5}, {"stopCode": 51, "lines": "1,2", "name": "Symphony Station", "walkingMeters": 668, "walkingSeconds": 481, "band": 10}]}, "geometry": {"type": "Point", "coordinates": [-122.3381004, 47.6125023]}}, {"type": "Feature", "properties": {"id": 2327794630, "name": "Young Flower", "category": "florist", "tags": ["florist"], "sources": ["osm"], "address": "607 Stewart Street", "stations": [{"stopCode": 50, "lines": "1,2", "name": "Westlake Station", "walkingMeters": 314, "walkingSeconds": 228, "band": 5}, {"stopCode": 51, "lines": "1,2", "name": "Symphony Station", "walkingMeters": 832, "walkingSeconds": 600, "band": 10}]}, "geometry": {"type": "Point", "coordinates": [-122.3365927, 47.6137521]}}, {"type": "Feature", "properties": {"id": 2400039500, "name": "Fresh Deli & Mart", "category": "convenience", "tags": ["convenience", "deli", "delicatessen"], "sources": ["osm", "overture"], "phone": "+12064204187", "address": "209 Yale Ave N", "hours": "Mo-Fr 06:00-21:00; Sa 08:30-21:00; Su 11:00-21:00", "stations": [{"stopCode": 49, "lines": "1,2", "name": "Capitol Hill Station", "walkingMeters": 995, "walkingSeconds": 723, "band": 15}, {"stopCode": 50, "lines": "1,2", "name": "Westlake Station", "walkingMeters": 1180, "walkingSeconds": 851, "band": 15}]}, "geometry": {"type": "Point", "coordinates": [-122.3306081, 47.6198994]}}, {"type": "Feature", "properties": {"id": 2404211069, "name": "Verizon", "category": "mobile_phone", "tags": ["mobile-phone"], "sources": ["osm"], "phone": "+1-206-254-0415", "address": "1633 6th Avenue", "stations": [{"stopCode": 50, "lines": "1,2", "name": "Westlake Station", "walkingMeters": 226, "walkingSeconds": 164, "band": 5}, {"stopCode": 51, "lines": "1,2", "name": "Symphony Station", "walkingMeters": 744, "walkingSeconds": 537, "band": 10}]}, "geometry": {"type": "Point", "coordinates": [-122.336365, 47.6129569]}}, {"type": "Feature", "properties": {"id": 2404211114, "name": "Trudy's Floral Designs", "category": "florist", "tags": ["florist"], "sources": ["osm"], "website": "https://trudysflowers.com/", "phone": "+1-206-340-1502", "address": "509 Olive Way", "stations": [{"stopCode": 50, "lines": "1,2", "name": "Westlake Station", "walkingMeters": 178, "walkingSeconds": 128, "band": 5}, {"stopCode": 51, "lines": "1,2", "name": "Symphony Station", "walkingMeters": 696, "walkingSeconds": 501, "band": 10}]}, "geometry": {"type": "Point", "coordinates": [-122.3368093, 47.6127723]}}, {"type": "Feature", "properties": {"id": 2404211170, "name": "The Handmade Showroom", "category": "gift", "tags": ["gift"], "sources": ["osm"], "website": "https://thehandmadeshowroom.com/", "phone": "+1-206-623-0504", "address": "600 Pine Street", "stations": [{"stopCode": 50, "lines": "1,2", "name": "Westlake Station", "walkingMeters": 178, "walkingSeconds": 130, "band": 5}, {"stopCode": 51, "lines": "1,2", "name": "Symphony Station", "walkingMeters": 696, "walkingSeconds": 503, "band": 10}]}, "geometry": {"type": "Point", "coordinates": [-122.3349834, 47.6125546]}}, {"type": "Feature", "properties": {"id": 2404211469, "name": "Ethioblue", "category": "convenience", "tags": ["convenience"], "sources": ["osm"], "address": "815 Pike Street", "stations": [{"stopCode": 50, "lines": "1,2", "name": "Westlake Station", "walkingMeters": 462, "walkingSeconds": 336, "band": 10}, {"stopCode": 51, "lines": "1,2", "name": "Symphony Station", "walkingMeters": 741, "walkingSeconds": 535, "band": 10}]}, "geometry": {"type": "Point", "coordinates": [-122.3319121, 47.6119776]}}, {"type": "Feature", "properties": {"id": 2404230927, "name": "AllSaints", "category": "clothes", "tags": ["clothes"], "sources": ["osm"], "website": "https://www.us.allsaints.com/", "phone": "+1-206-508-0018", "address": "1511 5th Avenue", "stations": [{"stopCode": 50, "lines": "1,2", "name": "Westlake Station", "walkingMeters": 38, "walkingSeconds": 27, "band": 5}, {"stopCode": 51, "lines": "1,2", "name": "Symphony Station", "walkingMeters": 539, "walkingSeconds": 388, "band": 10}, {"stopCode": 52, "lines": "1,2", "name": "Pioneer Square Station", "walkingMeters": 1230, "walkingSeconds": 885, "band": 15}]}, "geometry": {"type": "Point", "coordinates": [-122.33651, 47.611377]}}, {"type": "Feature", "properties": {"id": 2404230951, "name": "Mario's", "category": "clothes", "tags": ["clothes", "mens"], "sources": ["osm", "overture"], "website": "http://www.marios.com/", "phone": "+12062231461", "address": "1513 6th Ave", "stations": [{"stopCode": 50, "lines": "1,2", "name": "Westlake Station", "walkingMeters": 173, "walkingSeconds": 126, "band": 5}, {"stopCode": 51, "lines": "1,2", "name": "Symphony Station", "walkingMeters": 597, "walkingSeconds": 429, "band": 10}]}, "geometry": {"type": "Point", "coordinates": [-122.3351168, 47.6115766]}}, {"type": "Feature", "properties": {"id": 2404231029, "name": "International Cigar and Tobacco", "category": "tobacco", "tags": ["tobacco"], "sources": ["osm", "overture"], "website": "http://seattletobacco.com/", "phone": "2063829284", "address": "1522 3rd Ave", "stations": [{"stopCode": 50, "lines": "1,2", "name": "Westlake Station", "walkingMeters": 224, "walkingSeconds": 161, "band": 5}, {"stopCode": 51, "lines": "1,2", "name": "Symphony Station", "walkingMeters": 340, "walkingSeconds": 244, "band": 5}, {"stopCode": 52, "lines": "1,2", "name": "Pioneer Square Station", "walkingMeters": 1036, "walkingSeconds": 745, "band": 15}]}, "geometry": {"type": "Point", "coordinates": [-122.3381162, 47.6103987]}}, {"type": "Feature", "properties": {"id": 2404231076, "name": "Dr. Martens", "category": "shoes", "tags": ["shoes"], "sources": ["osm"], "address": "1527 4th Avenue", "hours": "Mo-Su 11:00-19:00", "stations": [{"stopCode": 50, "lines": "1,2", "name": "Westlake Station", "walkingMeters": 125, "walkingSeconds": 90, "band": 5}, {"stopCode": 51, "lines": "1,2", "name": "Symphony Station", "walkingMeters": 428, "walkingSeconds": 308, "band": 5}, {"stopCode": 52, "lines": "1,2", "name": "Pioneer Square Station", "walkingMeters": 1124, "walkingSeconds": 809, "band": 15}]}, "geometry": {"type": "Point", "coordinates": [-122.337504, 47.6108323]}}, {"type": "Feature", "properties": {"id": 2404231096, "name": "Ben Bridge", "category": "jewelry", "tags": ["jewelry"], "sources": ["osm"], "address": "1530 5th Avenue", "stations": [{"stopCode": 50, "lines": "1,2", "name": "Westlake Station", "walkingMeters": 46, "walkingSeconds": 33, "band": 5}, {"stopCode": 51, "lines": "1,2", "name": "Symphony Station", "walkingMeters": 548, "walkingSeconds": 394, "band": 10}]}, "geometry": {"type": "Point", "coordinates": [-122.336179, 47.6115947]}}, {"type": "Feature", "properties": {"id": 2404231188, "name": "Carhartt", "category": "clothes", "tags": ["clothes", "mens"], "sources": ["osm", "overture"], "website": "http://www.carhartt.com/", "phone": "2064702503", "address": "409 Pike St", "hours": "Mo-Sa 10:00-18:00; Su 11:00-17:00", "stations": [{"stopCode": 50, "lines": "1,2", "name": "Westlake Station", "walkingMeters": 188, "walkingSeconds": 135, "band": 5}, {"stopCode": 51, "lines": "1,2", "name": "Symphony Station", "walkingMeters": 377, "walkingSeconds": 271, "band": 5}, {"stopCode": 52, "lines": "1,2", "name": "Pioneer Square Station", "walkingMeters": 1067, "walkingSeconds": 768, "band": 15}]}, "geometry": {"type": "Point", "coordinates": [-122.3361449, 47.6102422]}}, {"type": "Feature", "properties": {"id": 2404231189, "name": "Self-Made Couture", "category": "clothes", "tags": ["clothes"], "sources": ["osm"], "website": "https://selfmadecouture.com", "address": "410 Pike Street", "stations": [{"stopCode": 50, "lines": "1,2", "name": "Westlake Station", "walkingMeters": 157, "walkingSeconds": 113, "band": 5}, {"stopCode": 51, "lines": "1,2", "name": "Symphony Station", "walkingMeters": 422, "walkingSeconds": 303, "band": 5}, {"stopCode": 52, "lines": "1,2", "name": "Pioneer Square Station", "walkingMeters": 1111, "walkingSeconds": 800, "band": 15}]}, "geometry": {"type": "Point", "coordinates": [-122.3361115, 47.6106368]}}, {"type": "Feature", "properties": {"id": 2404231209, "name": "Pandora", "category": "jewelry", "tags": ["jewelry"], "sources": ["osm"], "address": "517 Pine Street", "stations": [{"stopCode": 50, "lines": "1,2", "name": "Westlake Station", "walkingMeters": 87, "walkingSeconds": 64, "band": 5}, {"stopCode": 51, "lines": "1,2", "name": "Symphony Station", "walkingMeters": 596, "walkingSeconds": 429, "band": 10}]}, "geometry": {"type": "Point", "coordinates": [-122.3357132, 47.6118276]}}, {"type": "Feature", "properties": {"id": 2404231210, "name": "Crane Jeweler", "category": "jewelry", "tags": ["jewelry"], "sources": ["osm"], "address": "519 Pine Street", "stations": [{"stopCode": 50, "lines": "1,2", "name": "Westlake Station", "walkingMeters": 97, "walkingSeconds": 72, "band": 5}, {"stopCode": 51, "lines": "1,2", "name": "Symphony Station", "walkingMeters": 606, "walkingSeconds": 436, "band": 10}]}, "geometry": {"type": "Point", "coordinates": [-122.3355956, 47.6118686]}}, {"type": "Feature", "properties": {"id": 2404231214, "name": "Eileen Fisher", "category": "clothes", "tags": ["clothes", "womens"], "sources": ["osm", "overture"], "website": "https://locations.eileenfisher.com/us/wa/seattle/womens-clothing-eus016.html", "phone": "+12067480770", "address": "525 Pine St", "hours": "Mo-Fr 10:00-19:00; Sa 10:00-18:00; Su 12:00-17:00", "stations": [{"stopCode": 50, "lines": "1,2", "name": "Westlake Station", "walkingMeters": 127, "walkingSeconds": 93, "band": 5}, {"stopCode": 51, "lines": "1,2", "name": "Symphony Station", "walkingMeters": 637, "walkingSeconds": 458, "band": 10}]}, "geometry": {"type": "Point", "coordinates": [-122.3354253, 47.6119319]}}, {"type": "Feature", "properties": {"id": 2404231216, "name": "Forever 21", "category": "clothes", "tags": ["clothes", "mens"], "sources": ["osm", "overture"], "website": "https://www.forever21.com/us/shop", "phone": "2066232154", "address": "601 Pine St", "stations": [{"stopCode": 50, "lines": "1,2", "name": "Westlake Station", "walkingMeters": 146, "walkingSeconds": 107, "band": 5}, {"stopCode": 51, "lines": "1,2", "name": "Symphony Station", "walkingMeters": 657, "walkingSeconds": 472, "band": 10}]}, "geometry": {"type": "Point", "coordinates": [-122.3350552, 47.6120621]}}, {"type": "Feature", "properties": {"id": 2404247459, "name": "Tobaccorner", "category": "tobacco", "tags": ["tobacco"], "sources": ["osm"], "phone": "+1-206-436-6837", "address": "1535 3rd Avenue", "stations": [{"stopCode": 50, "lines": "1,2", "name": "Westlake Station", "walkingMeters": 202, "walkingSeconds": 147, "band": 5}, {"stopCode": 51, "lines": "1,2", "name": "Symphony Station", "walkingMeters": 374, "walkingSeconds": 271, "band": 5}, {"stopCode": 52, "lines": "1,2", "name": "Pioneer Square Station", "walkingMeters": 1074, "walkingSeconds": 773, "band": 15}]}, "geometry": {"type": "Point", "coordinates": [-122.33879, 47.6105134]}}, {"type": "Feature", "properties": {"id": 2404247468, "name": "Simple Life", "category": "clothes", "tags": ["clothes"], "sources": ["osm"], "website": "https://simplelifeblog.com/", "phone": "+1-206-628-7077", "address": "201 Pine Street", "hours": "Mo-Su 10:00-18:00", "stations": [{"stopCode": 50, "lines": "1,2", "name": "Westlake Station", "walkingMeters": 265, "walkingSeconds": 192, "band": 5}, {"stopCode": 51, "lines": "1,2", "name": "Symphony Station", "walkingMeters": 455, "walkingSeconds": 329, "band": 5}, {"stopCode": 52, "lines": "1,2", "name": "Pioneer Square Station", "walkingMeters": 1154, "walkingSeconds": 831, "band": 15}]}, "geometry": {"type": "Point", "coordinates": [-122.3395381, 47.6102632]}}, {"type": "Feature", "properties": {"id": 2404247470, "name": "John Fluevog Shoes", "category": "shoes", "tags": ["shoes"], "sources": ["osm"], "address": "205 Pine Street", "hours": "Mo-Sa 11:00-19:00; Su 11:00-18:00", "stations": [{"stopCode": 50, "lines": "1,2", "name": "Westlake Station", "walkingMeters": 252, "walkingSeconds": 183, "band": 5}, {"stopCode": 51, "lines": "1,2", "name": "Symphony Station", "walkingMeters": 442, "walkingSeconds": 320, "band": 5}, {"stopCode": 52, "lines": "1,2", "name": "Pioneer Square Station", "walkingMeters": 1141, "walkingSeconds": 821, "band": 15}]}, "geometry": {"type": "Point", "coordinates": [-122.3393916, 47.6103235]}}, {"type": "Feature", "properties": {"id": "338847da-a31d-4eb4-9812-3f258595ec22", "name": "Anthropologie", "category": "clothes", "tags": ["clothes", "womens"], "sources": ["overture"], "website": "https://www.anthropologie.com/stores/downtown-seattle", "phone": "2063815900", "address": "1509 5th Ave", "stations": [{"stopCode": 50, "lines": "1,2", "name": "Westlake Station", "walkingMeters": 66, "walkingSeconds": 48, "band": 5}, {"stopCode": 51, "lines": "1,2", "name": "Symphony Station", "walkingMeters": 512, "walkingSeconds": 368, "band": 10}, {"stopCode": 52, "lines": "1,2", "name": "Pioneer Square Station", "walkingMeters": 1201, "walkingSeconds": 864, "band": 15}]}, "geometry": {"type": "Point", "coordinates": [-122.3360367, 47.6111794]}}, {"type": "Feature", "properties": {"id": 2873793801, "name": "Uniqlo", "category": "clothes", "tags": ["clothes", "wifi"], "sources": ["osm"], "address": "300 Pine Street", "hours": "Mo-Su 10:00-19:00", "stations": [{"stopCode": 50, "lines": "1,2", "name": "Westlake Station", "walkingMeters": 106, "walkingSeconds": 77, "band": 5}, {"stopCode": 51, "lines": "1,2", "name": "Symphony Station", "walkingMeters": 489, "walkingSeconds": 352, "band": 10}, {"stopCode": 52, "lines": "1,2", "name": "Pioneer Square Station", "walkingMeters": 1186, "walkingSeconds": 853, "band": 15}]}, "geometry": {"type": "Point", "coordinates": [-122.337947, 47.6112636]}}, {"type": "Feature", "properties": {"id": 3006168231, "name": "Urban Outfitters", "category": "clothes", "tags": ["clothes"], "sources": ["osm", "overture"], "website": "https://www.urbanoutfitters.com/stores/seattle-downtown", "phone": "+12063813777", "address": "1507 5th Ave", "hours": "Mo-Sa 10:00-19:00; Su 10:00-18:00", "stations": [{"stopCode": 50, "lines": "1,2", "name": "Westlake Station", "walkingMeters": 85, "walkingSeconds": 61, "band": 5}, {"stopCode": 51, "lines": "1,2", "name": "Symphony Station", "walkingMeters": 494, "walkingSeconds": 355, "band": 10}, {"stopCode": 52, "lines": "1,2", "name": "Pioneer Square Station", "walkingMeters": 1183, "walkingSeconds": 851, "band": 15}]}, "geometry": {"type": "Point", "coordinates": [-122.3361238, 47.6110443]}}, {"type": "Feature", "properties": {"id": 3006168286, "name": "Ace Hardware", "category": "doityourself", "tags": ["doityourself"], "sources": ["osm"], "website": "https://www.acehardware.com/mystore/index.jsp", "phone": "+1-206-454-7999", "address": "1915 4th Avenue", "hours": "Mo-Fr 08:00-17:00; Sa-Su 10:00-17:00", "stations": [{"stopCode": 50, "lines": "1,2", "name": "Westlake Station", "walkingMeters": 294, "walkingSeconds": 212, "band": 5}, {"stopCode": 51, "lines": "1,2", "name": "Symphony Station", "walkingMeters": 663, "walkingSeconds": 477, "band": 10}]}, "geometry": {"type": "Point", "coordinates": [-122.339597, 47.6125447]}}, {"type": "Feature", "properties": {"id": 3618023693, "name": "Roche Bobois", "category": "furniture", "tags": ["furniture"], "sources": ["osm", "overture"], "website": "https://www.roche-bobois.com/en-US/showrooms/wa-seattle/s1516.html", "phone": "+12063329744", "address": "1922 4th Ave", "hours": "Mo-Sa 10:00-18:00; Su 12:00-17:00", "stations": [{"stopCode": 50, "lines": "1,2", "name": "Westlake Station", "walkingMeters": 323, "walkingSeconds": 232, "band": 5}, {"stopCode": 51, "lines": "1,2", "name": "Symphony Station", "walkingMeters": 732, "walkingSeconds": 527, "band": 10}]}, "geometry": {"type": "Point", "coordinates": [-122.339712, 47.6130786]}}, {"type": "Feature", "properties": {"id": 3895916770, "name": "Market pl", "category": "convenience", "tags": ["convenience"], "sources": ["osm"], "stations": [{"stopCode": 50, "lines": "1,2", "name": "Westlake Station", "walkingMeters": 428, "walkingSeconds": 310, "band": 5}, {"stopCode": 51, "lines": "1,2", "name": "Symphony Station", "walkingMeters": 943, "walkingSeconds": 680, "band": 15}]}, "geometry": {"type": "Point", "coordinates": [-122.3382112, 47.6148271]}}, {"type": "Feature", "properties": {"id": 3884139676, "name": "Goodsoul", "category": "clothes", "tags": ["clothes"], "sources": ["osm"], "website": "https://goodsoul.com/", "address": "900 Lenora Street", "stations": [{"stopCode": 50, "lines": "1,2", "name": "Westlake Station", "walkingMeters": 759, "walkingSeconds": 548, "band": 10}, {"stopCode": 51, "lines": "1,2", "name": "Symphony Station", "walkingMeters": 1276, "walkingSeconds": 920, "band": 15}]}, "geometry": {"type": "Point", "coordinates": [-122.3373462, 47.6174944]}}, {"type": "Feature", "properties": {"id": 3968905431, "name": "nohm sushi", "category": "deli", "tags": ["deli", "sushi"], "sources": ["osm"], "website": "https://nohmseattle.com/", "phone": "+1-206-492-5169", "address": "1099 Stewart Street", "stations": [{"stopCode": 50, "lines": "1,2", "name": "Westlake Station", "walkingMeters": 759, "walkingSeconds": 548, "band": 10}, {"stopCode": 49, "lines": "1,2", "name": "Capitol Hill Station", "walkingMeters": 1080, "walkingSeconds": 784, "band": 15}, {"stopCode": 51, "lines": "1,2", "name": "Symphony Station", "walkingMeters": 1277, "walkingSeconds": 921, "band": 15}]}, "geometry": {"type": "Point", "coordinates": [-122.3327111, 47.6167026]}}, {"type": "Feature", "properties": {"id": 4228584500, "name": "Sean's Place", "category": "convenience", "tags": ["convenience"], "sources": ["osm"], "stations": [{"stopCode": 50, "lines": "1,2", "name": "Westlake Station", "walkingMeters": 452, "walkingSeconds": 325, "band": 10}, {"stopCode": 51, "lines": "1,2", "name": "Symphony Station", "walkingMeters": 482, "walkingSeconds": 347, "band": 10}, {"stopCode": 52, "lines": "1,2", "name": "Pioneer Square Station", "walkingMeters": 1153, "walkingSeconds": 831, "band": 15}]}, "geometry": {"type": "Point", "coordinates": [-122.3326287, 47.6103868]}}, {"type": "Feature", "properties": {"id": 4465621915, "name": "Zara", "category": "clothes", "tags": ["clothes"], "sources": ["osm", "overture"], "website": "http://www.zara.com", "phone": "+18332472473", "address": "400 Pine St", "stations": [{"stopCode": 50, "lines": "1,2", "name": "Westlake Station", "walkingMeters": 46, "walkingSeconds": 33, "band": 5}, {"stopCode": 51, "lines": "1,2", "name": "Symphony Station", "walkingMeters": 562, "walkingSeconds": 404, "band": 10}, {"stopCode": 52, "lines": "1,2", "name": "Pioneer Square Station", "walkingMeters": 1258, "walkingSeconds": 905, "band": 15}]}, "geometry": {"type": "Point", "coordinates": [-122.337055, 47.6116696]}}, {"type": "Feature", "properties": {"id": 4541694684, "name": "Amazon Go", "category": "convenience", "tags": ["convenience", "wheelchair-accessible"], "sources": ["osm", "overture"], "website": "https://www.amazon.com/gostore", "phone": "+18882804331", "address": "2131 7th Ave", "hours": "Mo-Fr 07:00-21:00; PH off", "stations": [{"stopCode": 50, "lines": "1,2", "name": "Westlake Station", "walkingMeters": 646, "walkingSeconds": 467, "band": 10}, {"stopCode": 51, "lines": "1,2", "name": "Symphony Station", "walkingMeters": 1161, "walkingSeconds": 837, "band": 15}]}, "geometry": {"type": "Point", "coordinates": [-122.339865, 47.616261]}}, {"type": "Feature", "properties": {"id": "a5fa3ad0-9025-4381-84b0-1b4d93fc0e5a", "name": "Chico's", "category": "clothes", "tags": ["clothes", "womens"], "sources": ["overture"], "phone": "2066245549", "address": "600 Pine St Ste 304", "stations": [{"stopCode": 50, "lines": "1,2", "name": "Westlake Station", "walkingMeters": 167, "walkingSeconds": 124, "band": 5}, {"stopCode": 51, "lines": "1,2", "name": "Symphony Station", "walkingMeters": 685, "walkingSeconds": 497, "band": 10}]}, "geometry": {"type": "Point", "coordinates": [-122.3348541, 47.6123886]}}, {"type": "Feature", "properties": {"id": 5799687018, "name": "JNBY", "category": "clothes", "tags": ["clothes"], "sources": ["osm", "overture"], "website": "http://jnby.us", "phone": "+12066230753", "address": "600 Pine St", "hours": "Fr,Su 12:00-19:00; Sa 11:00-19:00; Mo-Th off", "stations": [{"stopCode": 50, "lines": "1,2", "name": "Westlake Station", "walkingMeters": 257, "walkingSeconds": 187, "band": 5}, {"stopCode": 51, "lines": "1,2", "name": "Symphony Station", "walkingMeters": 775, "walkingSeconds": 560, "band": 10}]}, "geometry": {"type": "Point", "coordinates": [-122.3349047, 47.6128635]}}, {"type": "Feature", "properties": {"id": 6582458906, "name": "Sub Pop on 7th", "category": "music", "tags": ["music"], "sources": ["osm"], "website": "https://www.subpop.com/sub_pop_on_7th", "address": "2130 7th Avenue", "hours": "Mo-Su 11:00-19:00", "stations": [{"stopCode": 50, "lines": "1,2", "name": "Westlake Station", "walkingMeters": 659, "walkingSeconds": 476, "band": 10}, {"stopCode": 51, "lines": "1,2", "name": "Symphony Station", "walkingMeters": 1174, "walkingSeconds": 847, "band": 15}]}, "geometry": {"type": "Point", "coordinates": [-122.3395564, 47.6165175]}}, {"type": "Feature", "properties": {"id": 6606893096, "name": "Indochino", "category": "clothes", "tags": ["clothes", "wheelchair-accessible"], "sources": ["osm", "overture"], "website": "https://www.indochino.com/showroom/seattle", "phone": "+12066238310", "address": "1801 5th Ave", "stations": [{"stopCode": 50, "lines": "1,2", "name": "Westlake Station", "walkingMeters": 167, "walkingSeconds": 120, "band": 5}, {"stopCode": 51, "lines": "1,2", "name": "Symphony Station", "walkingMeters": 685, "walkingSeconds": 493, "band": 10}]}, "geometry": {"type": "Point", "coordinates": [-122.3378226, 47.612727]}}, {"type": "Feature", "properties": {"id": "0c1b3ad2-bb6d-4177-9be7-b9e6017d5d09", "name": "kate spade new york", "category": "clothes", "tags": ["clothes", "womens"], "sources": ["overture"], "website": "http://www.katespade.com", "phone": "(206) 223-5539", "address": "600 Pine St", "stations": [{"stopCode": 50, "lines": "1,2", "name": "Westlake Station", "walkingMeters": 227, "walkingSeconds": 169, "band": 5}, {"stopCode": 51, "lines": "1,2", "name": "Symphony Station", "walkingMeters": 705, "walkingSeconds": 526, "band": 10}]}, "geometry": {"type": "Point", "coordinates": [-122.3350143, 47.6126366]}}, {"type": "Feature", "properties": {"id": "23c44a35-a6a5-49b9-9bb8-5a2a9144026c", "name": "ALDO", "category": "shoes", "tags": ["shoes", "shoe"], "sources": ["overture"], "website": "http://www.aldoshoes.com/", "phone": "(206) 340-8014", "address": "1420 5th Ave", "stations": [{"stopCode": 50, "lines": "1,2", "name": "Westlake Station", "walkingMeters": 212, "walkingSeconds": 154, "band": 5}, {"stopCode": 51, "lines": "1,2", "name": "Symphony Station", "walkingMeters": 394, "walkingSeconds": 284, "band": 5}, {"stopCode": 52, "lines": "1,2", "name": "Pioneer Square Station", "walkingMeters": 1074, "walkingSeconds": 778, "band": 15}]}, "geometry": {"type": "Point", "coordinates": [-122.3350601, 47.6102982]}}, {"type": "Feature", "properties": {"id": 8843884407, "name": "Fossil & Stone", "category": "art", "tags": ["art"], "sources": ["osm"], "website": "https://www.fossilandstone.com", "phone": "+1-206-602-6033", "address": "204 Pine Street", "hours": "Tu-Sa 10:00-18:00; Su,Mo 10:00-17:00", "stations": [{"stopCode": 50, "lines": "1,2", "name": "Westlake Station", "walkingMeters": 276, "walkingSeconds": 202, "band": 5}, {"stopCode": 51, "lines": "1,2", "name": "Symphony Station", "walkingMeters": 482, "walkingSeconds": 348, "band": 10}, {"stopCode": 52, "lines": "1,2", "name": "Pioneer Square Station", "walkingMeters": 1181, "walkingSeconds": 850, "band": 15}]}, "geometry": {"type": "Point", "coordinates": [-122.339744, 47.6104802]}}, {"type": "Feature", "properties": {"id": "e65a986c-e982-4e7a-8798-961cbf19fac2", "name": "Vans", "category": "shoes", "tags": ["shoes", "shoe"], "sources": ["overture"], "website": "https://www.vans.com", "phone": "12066235545", "address": "1519 4th Ave", "stations": [{"stopCode": 50, "lines": "1,2", "name": "Westlake Station", "walkingMeters": 208, "walkingSeconds": 155, "band": 5}, {"stopCode": 51, "lines": "1,2", "name": "Symphony Station", "walkingMeters": 376, "walkingSeconds": 281, "band": 5}, {"stopCode": 52, "lines": "1,2", "name": "Pioneer Square Station", "walkingMeters": 1264, "walkingSeconds": 943, "band": 15}]}, "geometry": {"type": "Point", "coordinates": [-122.3374634, 47.6102219]}}, {"type": "Feature", "properties": {"id": "ee554935-4287-40e8-8468-ccae6ecfeed7", "name": "Ann Taylor", "category": "clothes", "tags": ["clothes"], "sources": ["overture"], "website": "https://stores.anntaylor.com/wa/seattle/600-pine-street.html", "phone": "(206) 652-0663", "address": "600 Pine St", "stations": [{"stopCode": 50, "lines": "1,2", "name": "Westlake Station", "walkingMeters": 248, "walkingSeconds": 180, "band": 5}, {"stopCode": 51, "lines": "1,2", "name": "Symphony Station", "walkingMeters": 765, "walkingSeconds": 553, "band": 10}]}, "geometry": {"type": "Point", "coordinates": [-122.3347626, 47.6128197]}}, {"type": "Feature", "properties": {"id": 12148056157, "name": "Proto101", "category": "clothes", "tags": ["clothes"], "sources": ["osm", "overture"], "website": "http://www.proto101official.com/", "phone": "+13103871133", "address": "600 Pine St", "hours": "Mo-Sa 11:00-19:00; Su 12:00-19:00", "stations": [{"stopCode": 50, "lines": "1,2", "name": "Westlake Station", "walkingMeters": 162, "walkingSeconds": 118, "band": 5}, {"stopCode": 51, "lines": "1,2", "name": "Symphony Station", "walkingMeters": 680, "walkingSeconds": 491, "band": 10}]}, "geometry": {"type": "Point", "coordinates": [-122.3352608, 47.6125768]}}, {"type": "Feature", "properties": {"id": 9910574178, "name": "MBR Bike Shop", "category": "bicycle", "tags": ["bicycle"], "sources": ["osm"], "stations": [{"stopCode": 50, "lines": "1,2", "name": "Westlake Station", "walkingMeters": 647, "walkingSeconds": 468, "band": 10}, {"stopCode": 51, "lines": "1,2", "name": "Symphony Station", "walkingMeters": 1165, "walkingSeconds": 840, "band": 15}, {"stopCode": 49, "lines": "1,2", "name": "Capitol Hill Station", "walkingMeters": 1340, "walkingSeconds": 971, "band": 15}]}, "geometry": {"type": "Point", "coordinates": [-122.3353545, 47.6159516]}}, {"type": "Feature", "properties": {"id": 11214850363, "name": "Young Flowers", "category": "florist", "tags": ["florist"], "sources": ["osm"], "stations": [{"stopCode": 50, "lines": "1,2", "name": "Westlake Station", "walkingMeters": 256, "walkingSeconds": 184, "band": 5}, {"stopCode": 51, "lines": "1,2", "name": "Symphony Station", "walkingMeters": 625, "walkingSeconds": 449, "band": 10}]}, "geometry": {"type": "Point", "coordinates": [-122.339196, 47.6123302]}}, {"type": "Feature", "properties": {"id": "984e17a6-acff-4802-a85e-fb86dec4a1bc", "name": "Express", "category": "clothes", "tags": ["clothes"], "sources": ["overture"], "website": "http://www.express.com", "phone": "(206) 652-8481", "address": "600 Pine St", "stations": [{"stopCode": 50, "lines": "1,2", "name": "Westlake Station", "walkingMeters": 178, "walkingSeconds": 130, "band": 5}, {"stopCode": 51, "lines": "1,2", "name": "Symphony Station", "walkingMeters": 696, "walkingSeconds": 503, "band": 10}]}, "geometry": {"type": "Point", "coordinates": [-122.3350601, 47.6126366]}}, {"type": "Feature", "properties": {"id": 12109096339, "name": "Shine", "category": "gift", "tags": ["gift"], "sources": ["osm"], "address": "207 Pontius Avenue North", "stations": [{"stopCode": 49, "lines": "1,2", "name": "Capitol Hill Station", "walkingMeters": 1059, "walkingSeconds": 771, "band": 15}, {"stopCode": 50, "lines": "1,2", "name": "Westlake Station", "walkingMeters": 1141, "walkingSeconds": 823, "band": 15}]}, "geometry": {"type": "Point", "coordinates": [-122.3318889, 47.619797]}}, {"type": "Feature", "properties": {"id": 12148056156, "name": "Play Line Friends", "category": "clothes", "tags": ["clothes"], "sources": ["osm"], "hours": "Mo-Su 12:00-20:00", "stations": [{"stopCode": 50, "lines": "1,2", "name": "Westlake Station", "walkingMeters": 177, "walkingSeconds": 129, "band": 5}, {"stopCode": 51, "lines": "1,2", "name": "Symphony Station", "walkingMeters": 695, "walkingSeconds": 502, "band": 10}]}, "geometry": {"type": "Point", "coordinates": [-122.3354094, 47.6126754]}}, {"type": "Feature", "properties": {"id": 12148056159, "name": "S2Heart", "category": "clothes", "tags": ["clothes"], "sources": ["osm"], "hours": "Mo-Tu off; We-Th 11:00-19:00; Fr-Sa 11:00-20:00; Su 11:00-19:00", "stations": [{"stopCode": 50, "lines": "1,2", "name": "Westlake Station", "walkingMeters": 294, "walkingSeconds": 213, "band": 5}, {"stopCode": 51, "lines": "1,2", "name": "Symphony Station", "walkingMeters": 811, "walkingSeconds": 586, "band": 10}, {"stopCode": 49, "lines": "1,2", "name": "Capitol Hill Station", "walkingMeters": 1428, "walkingSeconds": 1031, "band": 15}]}, "geometry": {"type": "Point", "coordinates": [-122.3352407, 47.6131076]}}, {"type": "Feature", "properties": {"id": 12205104587, "name": "Bouquet", "category": "florist", "tags": ["florist"], "sources": ["osm"], "stations": [{"stopCode": 50, "lines": "1,2", "name": "Westlake Station", "walkingMeters": 674, "walkingSeconds": 487, "band": 10}, {"stopCode": 51, "lines": "1,2", "name": "Symphony Station", "walkingMeters": 1188, "walkingSeconds": 857, "band": 15}]}, "geometry": {"type": "Point", "coordinates": [-122.3397139, 47.6165956]}}, {"type": "Feature", "properties": {"id": "6a9ea8ef-111a-47ff-ba9e-ce8cf4dd85d2", "name": "J.Jill", "category": "clothes", "tags": ["clothes", "womens"], "sources": ["overture"], "website": "http://www.jjill.com/", "phone": "2064671455", "address": "600 Pine St", "stations": [{"stopCode": 50, "lines": "1,2", "name": "Westlake Station", "walkingMeters": 167, "walkingSeconds": 124, "band": 5}, {"stopCode": 51, "lines": "1,2", "name": "Symphony Station", "walkingMeters": 685, "walkingSeconds": 497, "band": 10}]}, "geometry": {"type": "Point", "coordinates": [-122.3348541, 47.6123886]}}, {"type": "Feature", "properties": {"id": 12980831074, "name": "Cartier", "category": "jewelry", "tags": ["jewelry"], "sources": ["osm"], "stations": [{"stopCode": 50, "lines": "1,2", "name": "Westlake Station", "walkingMeters": 65, "walkingSeconds": 47, "band": 5}, {"stopCode": 51, "lines": "1,2", "name": "Symphony Station", "walkingMeters": 545, "walkingSeconds": 392, "band": 10}]}, "geometry": {"type": "Point", "coordinates": [-122.3360507, 47.6114492]}}, {"type": "Feature", "properties": {"id": 44130342, "name": "Nordstrom", "category": "department_store", "tags": ["department-store", "wheelchair-accessible", "department"], "sources": ["osm", "overture"], "website": "https://press.nordstrom.com", "phone": "12066282111", "address": "500 Pine St", "hours": "Mo-Sa 09:30-21:00; Su 10:00-19:00", "stations": [{"stopCode": 50, "lines": "1,2", "name": "Westlake Station", "walkingMeters": 94, "walkingSeconds": 69, "band": 5}, {"stopCode": 51, "lines": "1,2", "name": "Symphony Station", "walkingMeters": 611, "walkingSeconds": 442, "band": 10}]}, "geometry": {"type": "Point", "coordinates": [-122.3362968, 47.6123054]}}, {"type": "Feature", "properties": {"id": "230886ad-31b6-4fb1-925a-4765e07f5e93", "name": "Eddie Bauer", "category": "clothes", "tags": ["clothes"], "sources": ["overture"], "website": "http://www.eddiebauer.com", "phone": "(206) 622-2766", "address": "600 Pine St Ste 230", "stations": [{"stopCode": 50, "lines": "1,2", "name": "Westlake Station", "walkingMeters": 182, "walkingSeconds": 133, "band": 5}, {"stopCode": 51, "lines": "1,2", "name": "Symphony Station", "walkingMeters": 699, "walkingSeconds": 505, "band": 10}]}, "geometry": {"type": "Point", "coordinates": [-122.3349991, 47.6126289]}}, {"type": "Feature", "properties": {"id": 563630460, "name": "Bloom Foods", "category": "deli", "tags": ["deli"], "sources": ["osm"], "website": "https://bloomfoods.com", "address": "1200 Howell Street", "hours": "Mo-Fr 11:00-15:00", "stations": [{"stopCode": 50, "lines": "1,2", "name": "Westlake Station", "walkingMeters": 890, "walkingSeconds": 640, "band": 15}, {"stopCode": 49, "lines": "1,2", "name": "Capitol Hill Station", "walkingMeters": 1040, "walkingSeconds": 753, "band": 15}]}, "geometry": {"type": "Point", "coordinates": [-122.3304861, 47.6171217]}}, {"type": "Feature", "properties": {"id": "04852ee5-122a-4942-a9ea-150142f20822", "name": "Ligne Roset", "category": "furniture", "tags": ["furniture"], "sources": ["overture"], "website": "http://www.ligne-roset-usa.com", "phone": "(206) 341-9990", "address": "112 Westlake Ave N", "stations": [{"stopCode": 50, "lines": "1,2", "name": "Westlake Station", "walkingMeters": 912, "walkingSeconds": 658, "band": 10}]}, "geometry": {"type": "Point", "coordinates": [-122.3381958, 47.6190605]}}, {"type": "Feature", "properties": {"id": "4f5b99dd-8af2-4e1c-b227-4670f5665e87", "name": "District H", "category": "supermarket", "tags": ["supermarket"], "sources": ["overture"], "website": "https://www.hmartus.com/districth", "phone": "+12065808019", "address": "101 Terry Ave N", "stations": [{"stopCode": 50, "lines": "1,2", "name": "Westlake Station", "walkingMeters": 939, "walkingSeconds": 678, "band": 10}, {"stopCode": 49, "lines": "1,2", "name": "Capitol Hill Station", "walkingMeters": 1341, "walkingSeconds": 977, "band": 15}]}, "geometry": {"type": "Point", "coordinates": [-122.3373337, 47.61866]}}, {"type": "Feature", "properties": {"id": "c3ab6f87-0565-4adf-b168-688ff057ac99", "name": "Born To Run", "category": "shoes", "tags": ["shoes", "shoe"], "sources": ["overture"], "phone": "2066731711", "address": "213 Yale Ave N", "stations": [{"stopCode": 49, "lines": "1,2", "name": "Capitol Hill Station", "walkingMeters": 1015, "walkingSeconds": 738, "band": 15}, {"stopCode": 50, "lines": "1,2", "name": "Westlake Station", "walkingMeters": 1209, "walkingSeconds": 872, "band": 15}]}, "geometry": {"type": "Point", "coordinates": [-122.3304291, 47.6198502]}}, {"type": "Feature", "properties": {"id": "c10dbf4e-1d7b-41a2-beba-8a0d2726fc79", "name": "Market House Meats", "category": "deli", "tags": ["deli", "delicatessen"], "sources": ["overture"], "website": "http://Markethousemeats.co/", "phone": "+12066249248", "address": "1124 Howell St", "stations": [{"stopCode": 50, "lines": "1,2", "name": "Westlake Station", "walkingMeters": 844, "walkingSeconds": 607, "band": 15}, {"stopCode": 49, "lines": "1,2", "name": "Capitol Hill Station", "walkingMeters": 1031, "walkingSeconds": 747, "band": 15}]}, "geometry": {"type": "Point", "coordinates": [-122.3308029, 47.6167831]}}, {"type": "Feature", "properties": {"id": "b7eeb20f-09f9-4a7d-b5c5-ce859dc7ab8d", "name": "Michael's Market", "category": "deli", "tags": ["deli", "delicatessen"], "sources": ["overture"], "website": "http://michaels.com", "phone": "(206) 682-8225", "address": "2010 Fairview Ave", "stations": [{"stopCode": 50, "lines": "1,2", "name": "Westlake Station", "walkingMeters": 1002, "walkingSeconds": 748, "band": 15}, {"stopCode": 49, "lines": "1,2", "name": "Capitol Hill Station", "walkingMeters": 1342, "walkingSeconds": 1001, "band": 15}]}, "geometry": {"type": "Point", "coordinates": [-122.3339081, 47.6182365]}}, {"type": "Feature", "properties": {"id": "645ff7af-9515-4fe7-b523-310ebaad19b3", "name": "WFM Coffee & Juice Bar", "category": "supermarket", "tags": ["supermarket"], "sources": ["overture"], "phone": "2066219700", "address": "2210 Westlake Ave", "stations": [{"stopCode": 50, "lines": "1,2", "name": "Westlake Station", "walkingMeters": 864, "walkingSeconds": 624, "band": 10}, {"stopCode": 49, "lines": "1,2", "name": "Capitol Hill Station", "walkingMeters": 1392, "walkingSeconds": 1012, "band": 15}]}, "geometry": {"type": "Point", "coordinates": [-122.3373795, 47.6180038]}}, {"type": "Feature", "properties": {"id": "2d7a5cfd-a6ff-4920-becc-8732184253c4", "name": "Seaport Pizza", "category": "supermarket", "tags": ["supermarket", "pizza"], "sources": ["overture"], "website": "https://www.wholefoodsmarket.com/stores/westlake", "phone": "2066219700", "address": "2210 Westlake Ave", "stations": [{"stopCode": 50, "lines": "1,2", "name": "Westlake Station", "walkingMeters": 864, "walkingSeconds": 624, "band": 10}, {"stopCode": 49, "lines": "1,2", "name": "Capitol Hill Station", "walkingMeters": 1392, "walkingSeconds": 1012, "band": 15}]}, "geometry": {"type": "Point", "coordinates": [-122.3373795, 47.6180038]}}, {"type": "Feature", "properties": {"id": "99f1838b-1638-45ff-9263-a8ff98c04f8f", "name": "Summit Sandwiches", "category": "supermarket", "tags": ["supermarket"], "sources": ["overture"], "phone": "2066219700", "address": "2210 Westlake Ave", "stations": [{"stopCode": 50, "lines": "1,2", "name": "Westlake Station", "walkingMeters": 817, "walkingSeconds": 590, "band": 10}, {"stopCode": 49, "lines": "1,2", "name": "Capitol Hill Station", "walkingMeters": 1681, "walkingSeconds": 1254, "band": 15}]}, "geometry": {"type": "Point", "coordinates": [-122.3373795, 47.6180038]}}, {"type": "Feature", "properties": {"id": "a1802ae9-b72a-4051-a807-621b31bef5c5", "name": "F. K. Kirsten Tobacconist", "category": "tobacco", "tags": ["tobacco"], "sources": ["overture"], "website": "http://www.kirstenpipe.com/", "phone": "+12062642966", "address": "2200 Westlake Ave", "stations": [{"stopCode": 50, "lines": "1,2", "name": "Westlake Station", "walkingMeters": 868, "walkingSeconds": 626, "band": 10}, {"stopCode": 49, "lines": "1,2", "name": "Capitol Hill Station", "walkingMeters": 1388, "walkingSeconds": 1009, "band": 15}]}, "geometry": {"type": "Point", "coordinates": [-122.3373337, 47.6179886]}}, {"type": "Feature", "properties": {"id": "d4fa4603-0bf9-4981-aa53-80ab79034e44", "name": "Scraps Dog Bakery", "category": "pet", "tags": ["pet"], "sources": ["overture"], "website": "http://www.scrapsonline.com/", "phone": "2063329663", "address": "900 Lenora St Ste 120", "stations": [{"stopCode": 50, "lines": "1,2", "name": "Westlake Station", "walkingMeters": 726, "walkingSeconds": 524, "band": 10}, {"stopCode": 51, "lines": "1,2", "name": "Symphony Station", "walkingMeters": 1244, "walkingSeconds": 897, "band": 15}]}, "geometry": {"type": "Point", "coordinates": [-122.3368912, 47.6172485]}}, {"type": "Feature", "properties": {"id": "f1cda5bb-0a10-4d5f-a13c-e7317e2ad82d", "name": "Seattle Diamonds", "category": "jewelry", "tags": ["jewelry"], "sources": ["overture"], "website": "http://www.seattlediamonds.com/", "phone": "+12066250105", "address": "900 Lenora St W100", "stations": [{"stopCode": 50, "lines": "1,2", "name": "Westlake Station", "walkingMeters": 760, "walkingSeconds": 549, "band": 10}, {"stopCode": 51, "lines": "1,2", "name": "Symphony Station", "walkingMeters": 1278, "walkingSeconds": 921, "band": 15}]}, "geometry": {"type": "Point", "coordinates": [-122.3370438, 47.6174126]}}, {"type": "Feature", "properties": {"id": "df7e333b-6a73-449c-bd58-f3380a80dcb5", "name": "Touchstone", "category": "doityourself", "tags": ["doityourself", "home", "improvement"], "sources": ["overture"], "website": "http://www.touchstonecorp.com", "phone": "(206) 223-7209", "address": "1900 9th Ave", "stations": [{"stopCode": 50, "lines": "1,2", "name": "Westlake Station", "walkingMeters": 619, "walkingSeconds": 447, "band": 10}, {"stopCode": 51, "lines": "1,2", "name": "Symphony Station", "walkingMeters": 1137, "walkingSeconds": 820, "band": 15}, {"stopCode": 49, "lines": "1,2", "name": "Capitol Hill Station", "walkingMeters": 1279, "walkingSeconds": 927, "band": 15}]}, "geometry": {"type": "Point", "coordinates": [-122.3345413, 47.6159477]}}, {"type": "Feature", "properties": {"id": "1df402e8-74bb-4c43-bd8b-b7d29b25a135", "name": "St Martins On Westlake", "category": "toys", "tags": ["toys"], "sources": ["overture"], "website": "http://ccsww.org", "phone": "+12063400410", "address": "2008 Westlake Ave", "stations": [{"stopCode": 50, "lines": "1,2", "name": "Westlake Station", "walkingMeters": 492, "walkingSeconds": 356, "band": 10}, {"stopCode": 51, "lines": "1,2", "name": "Symphony Station", "walkingMeters": 1010, "walkingSeconds": 729, "band": 15}]}, "geometry": {"type": "Point", "coordinates": [-122.337616, 47.6155472]}}, {"type": "Feature", "properties": {"id": "ff587fe7-4de2-448b-a175-8fb68bd403ea", "name": "DOWNTOWN SEATTLE", "category": "mobile_phone", "tags": ["mobile-phone", "mobile"], "sources": ["overture"], "website": "https://www.att.com/stores/washington/seattle/244190", "address": "1504 6th Ave", "stations": [{"stopCode": 50, "lines": "1,2", "name": "Westlake Station", "walkingMeters": 210, "walkingSeconds": 157, "band": 5}, {"stopCode": 51, "lines": "1,2", "name": "Symphony Station", "walkingMeters": 561, "walkingSeconds": 419, "band": 10}]}, "geometry": {"type": "Point", "coordinates": [-122.3345642, 47.6115685]}}, {"type": "Feature", "properties": {"id": "aec2968a-40de-4e55-ae2a-f8bcc9b9ec8f", "name": "Butch Blum", "category": "clothes", "tags": ["clothes"], "sources": ["overture"], "website": "https://www.butchblum.com", "address": "1332 6th Ave", "stations": [{"stopCode": 50, "lines": "1,2", "name": "Westlake Station", "walkingMeters": 475, "walkingSeconds": 354, "band": 10}, {"stopCode": 51, "lines": "1,2", "name": "Symphony Station", "walkingMeters": 519, "walkingSeconds": 387, "band": 10}, {"stopCode": 52, "lines": "1,2", "name": "Pioneer Square Station", "walkingMeters": 1126, "walkingSeconds": 840, "band": 15}]}, "geometry": {"type": "Point", "coordinates": [-122.3322144, 47.610321]}}, {"type": "Feature", "properties": {"id": "da9e11c3-c0a6-43d5-9625-7d26d2a8e00e", "name": "Ethioblue C-Store", "category": "supermarket", "tags": ["supermarket"], "sources": ["overture"], "website": "http://www.pikeplacemarket.org", "phone": "(206) 264-0306", "address": "815 Pike St", "stations": [{"stopCode": 50, "lines": "1,2", "name": "Westlake Station", "walkingMeters": 464, "walkingSeconds": 337, "band": 10}, {"stopCode": 51, "lines": "1,2", "name": "Symphony Station", "walkingMeters": 745, "walkingSeconds": 536, "band": 10}]}, "geometry": {"type": "Point", "coordinates": [-122.3319473, 47.6120491]}}, {"type": "Feature", "properties": {"id": "946d775e-7d24-4466-a296-27b6c93f18c2", "name": "Juice It", "category": "supermarket", "tags": ["supermarket"], "sources": ["overture"], "address": "825 Pike St", "stations": [{"stopCode": 50, "lines": "1,2", "name": "Westlake Station", "walkingMeters": 486, "walkingSeconds": 363, "band": 10}, {"stopCode": 51, "lines": "1,2", "name": "Symphony Station", "walkingMeters": 743, "walkingSeconds": 554, "band": 10}]}, "geometry": {"type": "Point", "coordinates": [-122.3317871, 47.6120834]}}, {"type": "Feature", "properties": {"id": "653a133e-c3b0-425a-b9bb-e599ea6d7d75", "name": "Clay's Market", "category": "supermarket", "tags": ["supermarket"], "sources": ["overture"], "website": "http://www.pikeplacemarket.org", "phone": "+12062640306", "address": "815 Pike St", "stations": [{"stopCode": 50, "lines": "1,2", "name": "Westlake Station", "walkingMeters": 465, "walkingSeconds": 338, "band": 5}, {"stopCode": 51, "lines": "1,2", "name": "Symphony Station", "walkingMeters": 738, "walkingSeconds": 533, "band": 10}]}, "geometry": {"type": "Point", "coordinates": [-122.3327179, 47.6123238]}}, {"type": "Feature", "properties": {"id": "dbe52f0a-0d23-4a0d-9449-dfa431d73ff5", "name": "Tara Nash Jeweler", "category": "jewelry", "tags": ["jewelry"], "sources": ["overture"], "website": "http://taranash.com/", "phone": "+14252189899", "address": "1411 4th Ave", "stations": [{"stopCode": 50, "lines": "1,2", "name": "Westlake Station", "walkingMeters": 305, "walkingSeconds": 228, "band": 5}, {"stopCode": 51, "lines": "1,2", "name": "Symphony Station", "walkingMeters": 667, "walkingSeconds": 498, "band": 10}]}, "geometry": {"type": "Point", "coordinates": [-122.3337173, 47.6121559]}}, {"type": "Feature", "properties": {"id": "299b42f8-716c-4bd8-9e12-3f085b3c7017", "name": "NYC Cafe", "category": "deli", "tags": ["deli", "delicatessen"], "sources": ["overture"], "website": "http://grandseattle.hyatt.com/en/hotel/dining/NYCDeliMarket.html", "phone": "(206) 682-7011", "address": "1520 7th Ave", "stations": [{"stopCode": 50, "lines": "1,2", "name": "Westlake Station", "walkingMeters": 289, "walkingSeconds": 216, "band": 5}, {"stopCode": 51, "lines": "1,2", "name": "Symphony Station", "walkingMeters": 650, "walkingSeconds": 485, "band": 10}]}, "geometry": {"type": "Point", "coordinates": [-122.333847, 47.6120644]}}, {"type": "Feature", "properties": {"id": "36acd485-bd17-4db2-9ba6-6b46315cf422", "name": "8telier", "category": "clothes", "tags": ["clothes", "womens"], "sources": ["overture"], "website": "http://www.8telier.com/", "phone": "4259563304", "address": "600 Pine St Ste 120A", "stations": [{"stopCode": 50, "lines": "1,2", "name": "Westlake Station", "walkingMeters": 128, "walkingSeconds": 96, "band": 5}, {"stopCode": 51, "lines": "1,2", "name": "Symphony Station", "walkingMeters": 646, "walkingSeconds": 469, "band": 10}]}, "geometry": {"type": "Point", "coordinates": [-122.3353195, 47.6121864]}}, {"type": "Feature", "properties": {"id": "367d82c9-62d1-4671-880a-02b951c6a13a", "name": "Ermenegildo Zegna at Mario's", "category": "clothes", "tags": ["clothes", "mens"], "sources": ["overture"], "website": "http://www.zegna.us/", "phone": "2062231461", "address": "1513 6th Ave", "stations": [{"stopCode": 50, "lines": "1,2", "name": "Westlake Station", "walkingMeters": 174, "walkingSeconds": 127, "band": 5}, {"stopCode": 51, "lines": "1,2", "name": "Symphony Station", "walkingMeters": 614, "walkingSeconds": 442, "band": 10}]}, "geometry": {"type": "Point", "coordinates": [-122.3350067, 47.6117096]}}, {"type": "Feature", "properties": {"id": "c9ae9912-2e6f-48cd-afe7-1ebbf18c69c1", "name": "Farinaz Taghavi", "category": "clothes", "tags": ["clothes", "womens"], "sources": ["overture"], "website": "https://www.farinaz.com", "phone": "12066231880", "address": "1523 6th Ave", "stations": [{"stopCode": 50, "lines": "1,2", "name": "Westlake Station", "walkingMeters": 145, "walkingSeconds": 108, "band": 5}, {"stopCode": 51, "lines": "1,2", "name": "Symphony Station", "walkingMeters": 553, "walkingSeconds": 413, "band": 10}]}, "geometry": {"type": "Point", "coordinates": [-122.3352356, 47.611599]}}, {"type": "Feature", "properties": {"id": "e4bc0b8a-eb70-47ea-a580-6389ff9bab33", "name": "Crane Jeweller", "category": "jewelry", "tags": ["jewelry"], "sources": ["overture"], "website": "http://www.cranejewelers.com", "phone": "(206) 624-1531", "address": "519 Pine St", "stations": [{"stopCode": 50, "lines": "1,2", "name": "Westlake Station", "walkingMeters": 96, "walkingSeconds": 71, "band": 5}, {"stopCode": 51, "lines": "1,2", "name": "Symphony Station", "walkingMeters": 594, "walkingSeconds": 427, "band": 10}]}, "geometry": {"type": "Point", "coordinates": [-122.335907, 47.6116371]}}, {"type": "Feature", "properties": {"id": "e38b3ca4-0d83-443f-bb86-ca5a58a89fd7", "name": "Ben Bridge Jeweler", "category": "jewelry", "tags": ["jewelry"], "sources": ["overture"], "website": "https://benbridge.com", "phone": "12066286800", "address": "1530 5th Ave", "stations": [{"stopCode": 50, "lines": "1,2", "name": "Westlake Station", "walkingMeters": 41, "walkingSeconds": 30, "band": 5}, {"stopCode": 51, "lines": "1,2", "name": "Symphony Station", "walkingMeters": 543, "walkingSeconds": 391, "band": 10}]}, "geometry": {"type": "Point", "coordinates": [-122.3361053, 47.6115456]}}, {"type": "Feature", "properties": {"id": "e3a20ccf-b8fe-4ef6-a10e-ad1f0886438a", "name": "Cindy Payne Stylist", "category": "clothes", "tags": ["clothes", "womens"], "sources": ["overture"], "website": "http://styledseattle.com/", "phone": "+12063493401", "address": "1513 6th Ave", "stations": [{"stopCode": 50, "lines": "1,2", "name": "Westlake Station", "walkingMeters": 154, "walkingSeconds": 115, "band": 5}, {"stopCode": 51, "lines": "1,2", "name": "Symphony Station", "walkingMeters": 541, "walkingSeconds": 404, "band": 10}]}, "geometry": {"type": "Point", "coordinates": [-122.335144, 47.6115036]}}, {"type": "Feature", "properties": {"id": "3ab91c0c-fab4-4df4-94f2-2975faebdd1d", "name": "Nike Seattle", "category": "shoes", "tags": ["shoes", "shoe"], "sources": ["overture"], "phone": "+12064476453", "address": "1500 6th Ave", "stations": [{"stopCode": 50, "lines": "1,2", "name": "Westlake Station", "walkingMeters": 224, "walkingSeconds": 167, "band": 5}, {"stopCode": 51, "lines": "1,2", "name": "Symphony Station", "walkingMeters": 545, "walkingSeconds": 407, "band": 10}]}, "geometry": {"type": "Point", "coordinates": [-122.3344345, 47.6114273]}}, {"type": "Feature", "properties": {"id": "96a26613-2246-464f-8f0f-d2c1f2630efa", "name": "American Apparel", "category": "clothes", "tags": ["clothes"], "sources": ["overture"], "website": "http://americanapparel.net", "phone": "(206) 381-3400", "address": "1504 6th Ave", "stations": [{"stopCode": 50, "lines": "1,2", "name": "Westlake Station", "walkingMeters": 208, "walkingSeconds": 151, "band": 5}, {"stopCode": 51, "lines": "1,2", "name": "Symphony Station", "walkingMeters": 581, "walkingSeconds": 418, "band": 10}]}, "geometry": {"type": "Point", "coordinates": [-122.3347855, 47.6114464]}}, {"type": "Feature", "properties": {"id": "3db7f2a0-8318-4b21-93fb-bed65be90a11", "name": "American Eagle & Aerie Store", "category": "clothes", "tags": ["clothes"], "sources": ["overture"], "website": "https://storelocations.ae.com/us/wa/seattle/1420-fifth-avenue.html", "phone": "(206) 264-4994", "address": "1420 Fifth Avenue, Suite 105", "stations": [{"stopCode": 50, "lines": "1,2", "name": "Westlake Station", "walkingMeters": 257, "walkingSeconds": 184, "band": 5}, {"stopCode": 51, "lines": "1,2", "name": "Symphony Station", "walkingMeters": 509, "walkingSeconds": 366, "band": 10}, {"stopCode": 52, "lines": "1,2", "name": "Pioneer Square Station", "walkingMeters": 1186, "walkingSeconds": 857, "band": 15}]}, "geometry": {"type": "Point", "coordinates": [-122.3345184, 47.6108894]}}, {"type": "Feature", "properties": {"id": "80b4927d-c1a3-4e00-8450-a8fff3099386", "name": "Bentall Us", "category": "department_store", "tags": ["department-store", "department"], "sources": ["overture"], "phone": "+12066248800", "address": "1420 5th Ave Ste 450", "stations": [{"stopCode": 50, "lines": "1,2", "name": "Westlake Station", "walkingMeters": 247, "walkingSeconds": 184, "band": 5}, {"stopCode": 51, "lines": "1,2", "name": "Symphony Station", "walkingMeters": 414, "walkingSeconds": 309, "band": 5}, {"stopCode": 52, "lines": "1,2", "name": "Pioneer Square Station", "walkingMeters": 1202, "walkingSeconds": 897, "band": 15}]}, "geometry": {"type": "Point", "coordinates": [-122.3347092, 47.6105347]}}, {"type": "Feature", "properties": {"id": "9b8510ca-6281-4109-ac63-0d79b335feac", "name": "Juice Plant", "category": "supermarket", "tags": ["supermarket"], "sources": ["overture"], "address": "1420 5th Ave", "stations": [{"stopCode": 50, "lines": "1,2", "name": "Westlake Station", "walkingMeters": 247, "walkingSeconds": 184, "band": 5}, {"stopCode": 51, "lines": "1,2", "name": "Symphony Station", "walkingMeters": 414, "walkingSeconds": 309, "band": 5}, {"stopCode": 52, "lines": "1,2", "name": "Pioneer Square Station", "walkingMeters": 1202, "walkingSeconds": 897, "band": 15}]}, "geometry": {"type": "Point", "coordinates": [-122.3347092, 47.6105347]}}, {"type": "Feature", "properties": {"id": "a0e7bec4-ddcb-44dc-906b-da62e9c75921", "name": "David Jacobson", "category": "supermarket", "tags": ["supermarket"], "sources": ["overture"], "website": "http://www.davidjacobson.net", "address": "1420 5th Ave", "stations": [{"stopCode": 50, "lines": "1,2", "name": "Westlake Station", "walkingMeters": 247, "walkingSeconds": 184, "band": 5}, {"stopCode": 51, "lines": "1,2", "name": "Symphony Station", "walkingMeters": 414, "walkingSeconds": 309, "band": 5}, {"stopCode": 52, "lines": "1,2", "name": "Pioneer Square Station", "walkingMeters": 1202, "walkingSeconds": 897, "band": 15}]}, "geometry": {"type": "Point", "coordinates": [-122.3347092, 47.6105347]}}, {"type": "Feature", "properties": {"id": "39deb5fe-4e67-4cc7-9326-e8192fa538b6", "name": "Delusional Bird", "category": "clothes", "tags": ["clothes"], "sources": ["overture"], "website": "http://www.delusionalbird.com/", "phone": "+14258761572", "address": "1503 5th Ave", "stations": [{"stopCode": 50, "lines": "1,2", "name": "Westlake Station", "walkingMeters": 122, "walkingSeconds": 91, "band": 5}, {"stopCode": 51, "lines": "1,2", "name": "Symphony Station", "walkingMeters": 438, "walkingSeconds": 327, "band": 5}, {"stopCode": 52, "lines": "1,2", "name": "Pioneer Square Station", "walkingMeters": 1288, "walkingSeconds": 961, "band": 15}]}, "geometry": {"type": "Point", "coordinates": [-122.3360901, 47.6108398]}}, {"type": "Feature", "properties": {"id": "19379569-c3be-440b-9ea9-3471f4690766", "name": "Doc Martins Retail", "category": "shoes", "tags": ["shoes", "shoe"], "sources": ["overture"], "website": "http://www.dmusastore.com", "phone": "+12062230755", "address": "1509 2nd Ave", "stations": [{"stopCode": 50, "lines": "1,2", "name": "Westlake Station", "walkingMeters": 90, "walkingSeconds": 66, "band": 5}, {"stopCode": 51, "lines": "1,2", "name": "Symphony Station", "walkingMeters": 467, "walkingSeconds": 336, "band": 10}, {"stopCode": 52, "lines": "1,2", "name": "Pioneer Square Station", "walkingMeters": 1163, "walkingSeconds": 837, "band": 15}]}, "geometry": {"type": "Point", "coordinates": [-122.3375244, 47.611145]}}, {"type": "Feature", "properties": {"id": "708203a5-852f-4a29-ae92-5c67164a623f", "name": "Romax Shoes", "category": "shoes", "tags": ["shoes", "shoe"], "sources": ["overture"], "website": "https://www.romaxcomfortshoes.com", "phone": "2062238536", "address": "1512 4th Ave", "stations": [{"stopCode": 50, "lines": "1,2", "name": "Westlake Station", "walkingMeters": 119, "walkingSeconds": 89, "band": 5}, {"stopCode": 51, "lines": "1,2", "name": "Symphony Station", "walkingMeters": 429, "walkingSeconds": 320, "band": 5}, {"stopCode": 52, "lines": "1,2", "name": "Pioneer Square Station", "walkingMeters": 1296, "walkingSeconds": 967, "band": 15}]}, "geometry": {"type": "Point", "coordinates": [-122.3366241, 47.6107521]}}, {"type": "Feature", "properties": {"id": "58926823-8c87-47ae-9e63-826c65c748aa", "name": "Dr. Martens Seattle 4th", "category": "shoes", "tags": ["shoes", "shoe"], "sources": ["overture"], "website": "https://www.drmartens.com/uk", "phone": "12062230755", "address": "1527 4th Ave", "stations": [{"stopCode": 50, "lines": "1,2", "name": "Westlake Station", "walkingMeters": 121, "walkingSeconds": 87, "band": 5}, {"stopCode": 51, "lines": "1,2", "name": "Symphony Station", "walkingMeters": 431, "walkingSeconds": 310, "band": 5}, {"stopCode": 52, "lines": "1,2", "name": "Pioneer Square Station", "walkingMeters": 1127, "walkingSeconds": 811, "band": 15}]}, "geometry": {"type": "Point", "coordinates": [-122.3376389, 47.6107407]}}, {"type": "Feature", "properties": {"id": "bb905465-6b90-45e9-b3d5-5aa0384d170d", "name": "Cequint", "category": "mobile_phone", "tags": ["mobile-phone", "mobile"], "sources": ["overture"], "website": "https://www.cequint.com", "phone": "+12062641909", "address": "1525 4th Ave Ste 700", "stations": [{"stopCode": 50, "lines": "1,2", "name": "Westlake Station", "walkingMeters": 150, "walkingSeconds": 112, "band": 5}, {"stopCode": 51, "lines": "1,2", "name": "Symphony Station", "walkingMeters": 457, "walkingSeconds": 341, "band": 5}, {"stopCode": 52, "lines": "1,2", "name": "Pioneer Square Station", "walkingMeters": 1343, "walkingSeconds": 1002, "band": 15}]}, "geometry": {"type": "Point", "coordinates": [-122.3376923, 47.6107635]}}, {"type": "Feature", "properties": {"id": "56de1b51-a484-474b-a3e4-aa0127e2dc88", "name": "Asa Wireless", "category": "mobile_phone", "tags": ["mobile-phone", "mobile"], "sources": ["overture"], "phone": "+12066231274", "address": "1518 3rd Ave", "stations": [{"stopCode": 50, "lines": "1,2", "name": "Westlake Station", "walkingMeters": 201, "walkingSeconds": 150, "band": 5}, {"stopCode": 51, "lines": "1,2", "name": "Symphony Station", "walkingMeters": 421, "walkingSeconds": 314, "band": 5}, {"stopCode": 52, "lines": "1,2", "name": "Pioneer Square Station", "walkingMeters": 1311, "walkingSeconds": 978, "band": 15}]}, "geometry": {"type": "Point", "coordinates": [-122.3379059, 47.6104317]}}, {"type": "Feature", "properties": {"id": "34a38455-10e6-43e8-9033-cdf3f1859e44", "name": "Payless ShoeSource", "category": "shoes", "tags": ["shoes", "shoe"], "sources": ["overture"], "website": "https://www.payless.com/stores-location/WA-SEATTLE-3717.html", "phone": "2078747483", "address": "1529 3rd Ave", "stations": [{"stopCode": 50, "lines": "1,2", "name": "Westlake Station", "walkingMeters": 205, "walkingSeconds": 149, "band": 5}, {"stopCode": 51, "lines": "1,2", "name": "Symphony Station", "walkingMeters": 353, "walkingSeconds": 258, "band": 5}, {"stopCode": 52, "lines": "1,2", "name": "Pioneer Square Station", "walkingMeters": 1040, "walkingSeconds": 767, "band": 15}]}, "geometry": {"type": "Point", "coordinates": [-122.3385162, 47.6105003]}}, {"type": "Feature", "properties": {"id": "af0543e5-9055-4762-8de4-3ebe114e9025", "name": "7-Eleven - Closed", "category": "convenience", "tags": ["convenience"], "sources": ["overture"], "website": "https://www.7-eleven.com/locations/wa/seattle/1524-3rd-ave-36683", "phone": "2066233904", "address": "1524 3rd Ave", "stations": [{"stopCode": 50, "lines": "1,2", "name": "Westlake Station", "walkingMeters": 228, "walkingSeconds": 166, "band": 5}, {"stopCode": 51, "lines": "1,2", "name": "Symphony Station", "walkingMeters": 330, "walkingSeconds": 242, "band": 5}, {"stopCode": 52, "lines": "1,2", "name": "Pioneer Square Station", "walkingMeters": 1016, "walkingSeconds": 750, "band": 15}]}, "geometry": {"type": "Point", "coordinates": [-122.338356, 47.610321]}}, {"type": "Feature", "properties": {"id": "2a89e581-19ea-4007-8f63-e9ff0b2dd0c1", "name": "Finish Line (located inside Macy's)", "category": "shoes", "tags": ["shoes", "shoe"], "sources": ["overture"], "phone": "2065066000", "address": "300 Pine St", "stations": [{"stopCode": 50, "lines": "1,2", "name": "Westlake Station", "walkingMeters": 173, "walkingSeconds": 127, "band": 5}, {"stopCode": 51, "lines": "1,2", "name": "Symphony Station", "walkingMeters": 387, "walkingSeconds": 285, "band": 5}, {"stopCode": 52, "lines": "1,2", "name": "Pioneer Square Station", "walkingMeters": 1102, "walkingSeconds": 793, "band": 15}]}, "geometry": {"type": "Point", "coordinates": [-122.3386993, 47.6107712]}}, {"type": "Feature", "properties": {"id": "b8f71f20-869a-4b45-a8d6-92a4a58bea48", "name": "abercrombie kids", "category": "clothes", "tags": ["clothes", "childrens"], "sources": ["overture"], "website": "https://www.abercrombie.com/shop/us/clothing-stores/US/Seattle/WA/21447/?cmp=Yext_NaturalSearch_Local_Bing_21447", "phone": "2063819164", "address": "1531 4th Ave", "stations": [{"stopCode": 50, "lines": "1,2", "name": "Westlake Station", "walkingMeters": 110, "walkingSeconds": 79, "band": 5}, {"stopCode": 51, "lines": "1,2", "name": "Symphony Station", "walkingMeters": 454, "walkingSeconds": 326, "band": 5}, {"stopCode": 52, "lines": "1,2", "name": "Pioneer Square Station", "walkingMeters": 1150, "walkingSeconds": 827, "band": 15}]}, "geometry": {"type": "Point", "coordinates": [-122.3376999, 47.6109695]}}, {"type": "Feature", "properties": {"id": "8fc72807-a8c6-441e-b891-6a13cdacc5a8", "name": "Uniqlo Pine Street", "category": "clothes", "tags": ["clothes"], "sources": ["overture"], "website": "https://www.uniqlo.com", "phone": "18554864756", "address": "300 Pine St", "stations": [{"stopCode": 50, "lines": "1,2", "name": "Westlake Station", "walkingMeters": 184, "walkingSeconds": 137, "band": 5}, {"stopCode": 51, "lines": "1,2", "name": "Symphony Station", "walkingMeters": 587, "walkingSeconds": 438, "band": 10}, {"stopCode": 52, "lines": "1,2", "name": "Pioneer Square Station", "walkingMeters": 1477, "walkingSeconds": 1102, "band": 15}]}, "geometry": {"type": "Point", "coordinates": [-122.3386078, 47.6114769]}}, {"type": "Feature", "properties": {"id": "bf043cae-0d1c-4b07-8c06-27a4a5270b02", "name": "Amazon Go (Restricted)", "category": "convenience", "tags": ["convenience"], "sources": ["overture"], "website": "http://www.amazon.com/go", "phone": "(888) 280-4331", "address": "300 Pine St", "stations": [{"stopCode": 50, "lines": "1,2", "name": "Westlake Station", "walkingMeters": 154, "walkingSeconds": 111, "band": 5}, {"stopCode": 51, "lines": "1,2", "name": "Symphony Station", "walkingMeters": 536, "walkingSeconds": 386, "band": 10}, {"stopCode": 52, "lines": "1,2", "name": "Pioneer Square Station", "walkingMeters": 1233, "walkingSeconds": 887, "band": 15}]}, "geometry": {"type": "Point", "coordinates": [-122.338623, 47.6114807]}}, {"type": "Feature", "properties": {"id": "7be93551-1c2c-4103-a361-93010c8b4710", "name": "Pandora Jewelry", "category": "jewelry", "tags": ["jewelry"], "sources": ["overture"], "website": "https://stores.pandora.net/en-us/wa/seattle/pandora-jewelry-usb4d27506.html", "phone": "2064674493", "address": "400 Pine St", "stations": [{"stopCode": 50, "lines": "1,2", "name": "Westlake Station", "walkingMeters": 76, "walkingSeconds": 55, "band": 5}, {"stopCode": 51, "lines": "1,2", "name": "Symphony Station", "walkingMeters": 501, "walkingSeconds": 360, "band": 10}, {"stopCode": 52, "lines": "1,2", "name": "Pioneer Square Station", "walkingMeters": 1197, "walkingSeconds": 861, "band": 15}]}, "geometry": {"type": "Point", "coordinates": [-122.3375244, 47.6113663]}}, {"type": "Feature", "properties": {"id": "8060db97-c63f-413b-820d-0b4519325801", "name": "Allsaints Seattle", "category": "clothes", "tags": ["clothes"], "sources": ["overture"], "website": "http://www.allsaints.com/", "phone": "+12065080018", "address": "1511 5th Ave", "stations": [{"stopCode": 50, "lines": "1,2", "name": "Westlake Station", "walkingMeters": 26, "walkingSeconds": 19, "band": 5}, {"stopCode": 51, "lines": "1,2", "name": "Symphony Station", "walkingMeters": 528, "walkingSeconds": 380, "band": 10}, {"stopCode": 52, "lines": "1,2", "name": "Pioneer Square Station", "walkingMeters": 1224, "walkingSeconds": 881, "band": 15}]}, "geometry": {"type": "Point", "coordinates": [-122.3365402, 47.6114845]}}, {"type": "Feature", "properties": {"id": "79e07975-4576-434c-b87b-d563248e8c98", "name": "Lorna Jane Downtown Seattle", "category": "clothes", "tags": ["clothes", "womens"], "sources": ["overture"], "website": "http://www.lornajane.com", "phone": "(206) 623-1035", "address": "400 Pine St", "stations": [{"stopCode": 50, "lines": "1,2", "name": "Westlake Station", "walkingMeters": 72, "walkingSeconds": 54, "band": 5}, {"stopCode": 51, "lines": "1,2", "name": "Symphony Station", "walkingMeters": 561, "walkingSeconds": 419, "band": 10}, {"stopCode": 52, "lines": "1,2", "name": "Pioneer Square Station", "walkingMeters": 1437, "walkingSeconds": 1072, "band": 15}]}, "geometry": {"type": "Point", "coordinates": [-122.3374634, 47.6115646]}}, {"type": "Feature", "properties": {"id": "3e353ee2-4671-4b08-a30a-e44a2cae66d7", "name": "Saks OFF 5TH Seattle", "category": "clothes", "tags": ["clothes"], "sources": ["overture"], "website": "http://www.saksoff5th.com/", "phone": "+12067511395", "address": "400 Pine St", "stations": [{"stopCode": 50, "lines": "1,2", "name": "Westlake Station", "walkingMeters": 62, "walkingSeconds": 44, "band": 5}, {"stopCode": 51, "lines": "1,2", "name": "Symphony Station", "walkingMeters": 555, "walkingSeconds": 400, "band": 10}]}, "geometry": {"type": "Point", "coordinates": [-122.3373108, 47.6118393]}}, {"type": "Feature", "properties": {"id": "a1ac8ffa-647c-48d2-89fd-bc005426bef5", "name": "Marbles: The Brain Store (Westlake Center)", "category": "gift", "tags": ["gift"], "sources": ["overture"], "website": "http://www.marblesthebrainstore.com/", "phone": "2066821325", "address": "400 Pine St", "stations": [{"stopCode": 50, "lines": "1,2", "name": "Westlake Station", "walkingMeters": 63, "walkingSeconds": 45, "band": 5}, {"stopCode": 51, "lines": "1,2", "name": "Symphony Station", "walkingMeters": 556, "walkingSeconds": 400, "band": 10}]}, "geometry": {"type": "Point", "coordinates": [-122.3373184, 47.6118813]}}, {"type": "Feature", "properties": {"id": "116f5e36-9118-4c40-8399-86a27410cf9e", "name": "Bene", "category": "jewelry", "tags": ["jewelry"], "sources": ["overture"], "website": "https://bene-corp.com", "phone": "+12066246392", "address": "400 Pine St", "stations": [{"stopCode": 50, "lines": "1,2", "name": "Westlake Station", "walkingMeters": 110, "walkingSeconds": 82, "band": 5}, {"stopCode": 51, "lines": "1,2", "name": "Symphony Station", "walkingMeters": 624, "walkingSeconds": 466, "band": 10}]}, "geometry": {"type": "Point", "coordinates": [-122.337677, 47.6119804]}}, {"type": "Feature", "properties": {"id": "90d75efd-cb1a-4007-82fe-8116eebe3875", "name": "Cache", "category": "clothes", "tags": ["clothes", "womens"], "sources": ["overture"], "website": "https://www.cache-cache.fr", "phone": "+12066235567", "address": "400 Pine St Ste 224", "stations": [{"stopCode": 50, "lines": "1,2", "name": "Westlake Station", "walkingMeters": 110, "walkingSeconds": 82, "band": 5}, {"stopCode": 51, "lines": "1,2", "name": "Symphony Station", "walkingMeters": 624, "walkingSeconds": 466, "band": 10}]}, "geometry": {"type": "Point", "coordinates": [-122.337677, 47.6119804]}}, {"type": "Feature", "properties": {"id": "a61ebe12-dce3-47ff-b780-d6bc00d2ec9f", "name": "Emerald City Gold & Coin", "category": "jewelry", "tags": ["jewelry"], "sources": ["overture"], "website": "https://emeraldcoin.com", "phone": "+12066232103", "address": "400 Pine St Ste 300", "stations": [{"stopCode": 50, "lines": "1,2", "name": "Westlake Station", "walkingMeters": 110, "walkingSeconds": 82, "band": 5}, {"stopCode": 51, "lines": "1,2", "name": "Symphony Station", "walkingMeters": 624, "walkingSeconds": 466, "band": 10}]}, "geometry": {"type": "Point", "coordinates": [-122.337677, 47.6119804]}}, {"type": "Feature", "properties": {"id": "15a2166a-6a7f-46ca-ad38-0b8d436bc07a", "name": "Rochester", "category": "clothes", "tags": ["clothes", "mens"], "sources": ["overture"], "phone": "+12066525900", "address": "1801 5th Ave", "stations": [{"stopCode": 50, "lines": "1,2", "name": "Westlake Station", "walkingMeters": 197, "walkingSeconds": 147, "band": 5}, {"stopCode": 51, "lines": "1,2", "name": "Symphony Station", "walkingMeters": 730, "walkingSeconds": 545, "band": 10}]}, "geometry": {"type": "Point", "coordinates": [-122.337822, 47.6127129]}}, {"type": "Feature", "properties": {"id": "4a4683fb-6188-4627-9546-9f91457e6f45", "name": "Sway & Cake", "category": "clothes", "tags": ["clothes", "womens"], "sources": ["overture"], "website": "http://www.swayandcake.com", "phone": "(206) 624-2699", "address": "1631 6th Ave", "stations": [{"stopCode": 50, "lines": "1,2", "name": "Westlake Station", "walkingMeters": 188, "walkingSeconds": 140, "band": 5}, {"stopCode": 51, "lines": "1,2", "name": "Symphony Station", "walkingMeters": 729, "walkingSeconds": 544, "band": 10}]}, "geometry": {"type": "Point", "coordinates": [-122.3363419, 47.6128502]}}, {"type": "Feature", "properties": {"id": "23fd7b7d-6215-4487-8331-f269ea2a6f22", "name": "Northwest Jewelry", "category": "jewelry", "tags": ["jewelry"], "sources": ["overture"], "website": "www.tazsjewelrycreations.com", "phone": "+12066250179", "address": "509 Olive Way Ste 1402", "stations": [{"stopCode": 50, "lines": "1,2", "name": "Westlake Station", "walkingMeters": 173, "walkingSeconds": 129, "band": 5}, {"stopCode": 51, "lines": "1,2", "name": "Symphony Station", "walkingMeters": 721, "walkingSeconds": 538, "band": 10}]}, "geometry": {"type": "Point", "coordinates": [-122.3368301, 47.6127663]}}, {"type": "Feature", "properties": {"id": "4ab80691-b8e2-4057-a0e8-7f70e2032cf7", "name": "Trudy's Floral Design Llc", "category": "florist", "tags": ["florist"], "sources": ["overture"], "website": "http://trudysflowers.com/", "phone": "2063401502", "address": "509 Olive Way", "stations": [{"stopCode": 50, "lines": "1,2", "name": "Westlake Station", "walkingMeters": 166, "walkingSeconds": 120, "band": 5}, {"stopCode": 51, "lines": "1,2", "name": "Symphony Station", "walkingMeters": 684, "walkingSeconds": 492, "band": 10}]}, "geometry": {"type": "Point", "coordinates": [-122.3371506, 47.6128044]}}, {"type": "Feature", "properties": {"id": "6bf0a52f-deb9-4836-8ce7-614f05d3f20e", "name": "Clarks", "category": "shoes", "tags": ["shoes", "shoe"], "sources": ["overture"], "website": "https://www.clarksusa.com/", "phone": "2066821620", "address": "600 Pine St Spc 311", "stations": [{"stopCode": 50, "lines": "1,2", "name": "Westlake Station", "walkingMeters": 263, "walkingSeconds": 191, "band": 5}, {"stopCode": 51, "lines": "1,2", "name": "Symphony Station", "walkingMeters": 781, "walkingSeconds": 564, "band": 10}]}, "geometry": {"type": "Point", "coordinates": [-122.3351135, 47.6128387]}}, {"type": "Feature", "properties": {"id": "40bdc6b8-421c-4418-82de-75690d75db11", "name": "Club Monaco", "category": "clothes", "tags": ["clothes"], "sources": ["overture"], "website": "http://https://www.clubmonaco.com/", "phone": "(206) 264-8001", "address": "600 Pine St", "stations": [{"stopCode": 50, "lines": "1,2", "name": "Westlake Station", "walkingMeters": 181, "walkingSeconds": 132, "band": 5}, {"stopCode": 51, "lines": "1,2", "name": "Symphony Station", "walkingMeters": 699, "walkingSeconds": 505, "band": 10}]}, "geometry": {"type": "Point", "coordinates": [-122.3349838, 47.6126099]}}, {"type": "Feature", "properties": {"id": "2d41de55-debe-41c9-9416-a0147cceaf7d", "name": "Club Monaco", "category": "clothes", "tags": ["clothes"], "sources": ["overture"], "website": "clubmonaco.com", "phone": "12062238229", "address": "1600 7th Ave  Ste 120", "stations": [{"stopCode": 50, "lines": "1,2", "name": "Westlake Station", "walkingMeters": 329, "walkingSeconds": 246, "band": 5}, {"stopCode": 51, "lines": "1,2", "name": "Symphony Station", "walkingMeters": 800, "walkingSeconds": 597, "band": 10}, {"stopCode": 49, "lines": "1,2", "name": "Capitol Hill Station", "walkingMeters": 1621, "walkingSeconds": 1210, "band": 15}]}, "geometry": {"type": "Point", "coordinates": [-122.3344193, 47.6132393]}}, {"type": "Feature", "properties": {"id": "cd23b29c-737e-4586-9a21-b21c2278a0a3", "name": "True Religion", "category": "clothes", "tags": ["clothes"], "sources": ["overture"], "website": "http://www.truereligion.com/", "phone": "+12066230384", "address": "600 Pine St #205", "stations": [{"stopCode": 50, "lines": "1,2", "name": "Westlake Station", "walkingMeters": 174, "walkingSeconds": 128, "band": 5}, {"stopCode": 51, "lines": "1,2", "name": "Symphony Station", "walkingMeters": 692, "walkingSeconds": 500, "band": 10}]}, "geometry": {"type": "Point", "coordinates": [-122.3350296, 47.6125412]}}, {"type": "Feature", "properties": {"id": "a7e554f0-7196-412f-bdf6-c184521d1ffb", "name": "Coach", "category": "clothes", "tags": ["clothes", "mens"], "sources": ["overture"], "phone": "+12062640372", "address": "600 Pine St Ste 110", "stations": [{"stopCode": 50, "lines": "1,2", "name": "Westlake Station", "walkingMeters": 195, "walkingSeconds": 146, "band": 5}, {"stopCode": 51, "lines": "1,2", "name": "Symphony Station", "walkingMeters": 678, "walkingSeconds": 506, "band": 10}]}, "geometry": {"type": "Point", "coordinates": [-122.3352203, 47.6124687]}}, {"type": "Feature", "properties": {"id": "393a2867-dee3-4828-a520-cd76f684d911", "name": "Tiffany & Co.", "category": "jewelry", "tags": ["jewelry"], "sources": ["overture"], "website": "https://www.tiffany.com", "phone": "12062641400", "address": "600 Pine St", "stations": [{"stopCode": 50, "lines": "1,2", "name": "Westlake Station", "walkingMeters": 173, "walkingSeconds": 127, "band": 5}, {"stopCode": 51, "lines": "1,2", "name": "Symphony Station", "walkingMeters": 691, "walkingSeconds": 499, "band": 10}]}, "geometry": {"type": "Point", "coordinates": [-122.3352203, 47.6124687]}}, {"type": "Feature", "properties": {"id": "163fd192-a50f-4e65-8c6c-875800b10006", "name": "Guess", "category": "department_store", "tags": ["department-store", "department"], "sources": ["overture"], "website": "https://www.guess.com", "phone": "+12066827005", "address": "600 Pine St", "stations": [{"stopCode": 50, "lines": "1,2", "name": "Westlake Station", "walkingMeters": 195, "walkingSeconds": 146, "band": 5}, {"stopCode": 51, "lines": "1,2", "name": "Symphony Station", "walkingMeters": 678, "walkingSeconds": 506, "band": 10}]}, "geometry": {"type": "Point", "coordinates": [-122.3352203, 47.6124687]}}, {"type": "Feature", "properties": {"id": "c79d3fee-f306-4caa-8f02-1af7e70d3907", "name": "bebe", "category": "clothes", "tags": ["clothes", "womens"], "sources": ["overture"], "website": "http://www.bebe.com/", "phone": "2064429410", "address": "600 Pine St #215", "stations": [{"stopCode": 50, "lines": "1,2", "name": "Westlake Station", "walkingMeters": 167, "walkingSeconds": 124, "band": 5}, {"stopCode": 51, "lines": "1,2", "name": "Symphony Station", "walkingMeters": 685, "walkingSeconds": 497, "band": 10}]}, "geometry": {"type": "Point", "coordinates": [-122.3348541, 47.6123886]}}, {"type": "Feature", "properties": {"id": "1f4fa425-c179-4d2d-b4c5-e0b11fb80b0d", "name": "Debonair Decor Couture", "category": "clothes", "tags": ["clothes"], "sources": ["overture"], "website": "https://debonairdecorcouture.com", "phone": "+17186685814", "address": "600 Pine St", "stations": [{"stopCode": 50, "lines": "1,2", "name": "Westlake Station", "walkingMeters": 250, "walkingSeconds": 182, "band": 5}, {"stopCode": 51, "lines": "1,2", "name": "Symphony Station", "walkingMeters": 768, "walkingSeconds": 554, "band": 10}]}, "geometry": {"type": "Point", "coordinates": [-122.3348389, 47.612812]}}, {"type": "Feature", "properties": {"id": "4d52b7eb-3f4d-477f-9b2c-e0fc3f1068e6", "name": "BCBG", "category": "clothes", "tags": ["clothes", "womens"], "sources": ["overture"], "website": "http://www.bcbg.com", "phone": "(206) 447-3400", "address": "600 Pine St Ste 115", "stations": [{"stopCode": 50, "lines": "1,2", "name": "Westlake Station", "walkingMeters": 234, "walkingSeconds": 175, "band": 5}, {"stopCode": 51, "lines": "1,2", "name": "Symphony Station", "walkingMeters": 735, "walkingSeconds": 549, "band": 10}]}, "geometry": {"type": "Point", "coordinates": [-122.335289, 47.6128731]}}, {"type": "Feature", "properties": {"id": "354aeae1-594b-4ba8-8036-14fbe9a0818d", "name": "Firesteed Corporation", "category": "wine", "tags": ["wine", "winery"], "sources": ["overture"], "website": "https://erraticoaks.com", "phone": "2062330683", "address": "1809 7th Ave  # 801", "stations": [{"stopCode": 50, "lines": "1,2", "name": "Westlake Station", "walkingMeters": 330, "walkingSeconds": 246, "band": 5}, {"stopCode": 51, "lines": "1,2", "name": "Symphony Station", "walkingMeters": 857, "walkingSeconds": 640, "band": 10}]}, "geometry": {"type": "Point", "coordinates": [-122.33564, 47.6137352]}}, {"type": "Feature", "properties": {"id": "1e72b006-074d-405a-84f3-9c70edfc0ec6", "name": "Boberck", "category": "clothes", "tags": ["clothes"], "sources": ["overture"], "website": "https://boberck.cl", "phone": "2063578485", "address": "1700 7th Ave  Ste 2100", "stations": [{"stopCode": 50, "lines": "1,2", "name": "Westlake Station", "walkingMeters": 377, "walkingSeconds": 281, "band": 5}, {"stopCode": 51, "lines": "1,2", "name": "Symphony Station", "walkingMeters": 894, "walkingSeconds": 667, "band": 15}, {"stopCode": 49, "lines": "1,2", "name": "Capitol Hill Station", "walkingMeters": 1637, "walkingSeconds": 1222, "band": 15}]}, "geometry": {"type": "Point", "coordinates": [-122.3351974, 47.6139679]}}, {"type": "Feature", "properties": {"id": "4d3bffb6-11a8-41a9-b792-871185041fe2", "name": "Market Multipliers", "category": "supermarket", "tags": ["supermarket"], "sources": ["overture"], "website": "http://marketmultipliers.com", "phone": "+18888262465", "address": "1700 7th Ave Ste 116-265", "stations": [{"stopCode": 50, "lines": "1,2", "name": "Westlake Station", "walkingMeters": 377, "walkingSeconds": 281, "band": 5}, {"stopCode": 51, "lines": "1,2", "name": "Symphony Station", "walkingMeters": 894, "walkingSeconds": 667, "band": 15}, {"stopCode": 49, "lines": "1,2", "name": "Capitol Hill Station", "walkingMeters": 1637, "walkingSeconds": 1222, "band": 15}]}, "geometry": {"type": "Point", "coordinates": [-122.3351974, 47.6139679]}}, {"type": "Feature", "properties": {"id": "57880a80-8207-4680-bbc2-34ffa388a3bb", "name": "Tower Deli", "category": "deli", "tags": ["deli", "delicatessen"], "sources": ["overture"], "website": "http://dhl.com/", "phone": "(206) 682-8583", "address": "1809 7th Ave", "stations": [{"stopCode": 50, "lines": "1,2", "name": "Westlake Station", "walkingMeters": 360, "walkingSeconds": 269, "band": 5}, {"stopCode": 51, "lines": "1,2", "name": "Symphony Station", "walkingMeters": 894, "walkingSeconds": 667, "band": 10}]}, "geometry": {"type": "Point", "coordinates": [-122.3358612, 47.6139946]}}, {"type": "Feature", "properties": {"id": "94d9f3d1-47a0-4a84-9980-b14a0aacba23", "name": "Watchworks", "category": "jewelry", "tags": ["jewelry"], "sources": ["overture"], "website": "http://www.thewatchworksseattle.com", "phone": "(206) 682-7467", "address": "603 Stewart St Ste 915", "stations": [{"stopCode": 50, "lines": "1,2", "name": "Westlake Station", "walkingMeters": 327, "walkingSeconds": 244, "band": 5}, {"stopCode": 51, "lines": "1,2", "name": "Symphony Station", "walkingMeters": 872, "walkingSeconds": 651, "band": 10}]}, "geometry": {"type": "Point", "coordinates": [-122.3366394, 47.6138306]}}, {"type": "Feature", "properties": {"id": "0ee8f2b5-5f63-4763-b2e2-22f08c5568d9", "name": "Buki - Luxury Technical Clothing", "category": "clothes", "tags": ["clothes"], "sources": ["overture"], "website": "https://www.bukibrand.com/pages/privacy-policy", "phone": "(206) 624-1969", "address": "1826 6th Ave", "stations": [{"stopCode": 50, "lines": "1,2", "name": "Westlake Station", "walkingMeters": 308, "walkingSeconds": 223, "band": 5}, {"stopCode": 51, "lines": "1,2", "name": "Symphony Station", "walkingMeters": 825, "walkingSeconds": 596, "band": 10}]}, "geometry": {"type": "Point", "coordinates": [-122.3366013, 47.6136818]}}, {"type": "Feature", "properties": {"id": "52522c8c-0f56-4aaf-8070-75f3d2375781", "name": "Collier", "category": "clothes", "tags": ["clothes", "mens"], "sources": ["overture"], "website": "http://www.ofsa-ks.com", "address": "601 Stewart St", "stations": [{"stopCode": 50, "lines": "1,2", "name": "Westlake Station", "walkingMeters": 305, "walkingSeconds": 228, "band": 5}, {"stopCode": 51, "lines": "1,2", "name": "Symphony Station", "walkingMeters": 850, "walkingSeconds": 634, "band": 10}]}, "geometry": {"type": "Point", "coordinates": [-122.3365784, 47.6136818]}}, {"type": "Feature", "properties": {"id": "3d1d6f31-7297-4f3f-bcc0-a87ac4892d75", "name": "Brooks Running", "category": "shoes", "tags": ["shoes", "shoe"], "sources": ["overture"], "website": "http://www.brooksrunning.com", "phone": "+12065385052", "address": "2001 6th Ave", "stations": [{"stopCode": 50, "lines": "1,2", "name": "Westlake Station", "walkingMeters": 407, "walkingSeconds": 295, "band": 5}, {"stopCode": 51, "lines": "1,2", "name": "Symphony Station", "walkingMeters": 921, "walkingSeconds": 665, "band": 10}]}, "geometry": {"type": "Point", "coordinates": [-122.3385773, 47.6143608]}}, {"type": "Feature", "properties": {"id": "c1b0fc61-46ca-43b3-991d-8bee67285ea2", "name": "Tata Communications", "category": "mobile_phone", "tags": ["mobile-phone", "mobile"], "sources": ["overture"], "website": "https://www.tatacommunications.com", "phone": "12064482009", "address": "2001 6th Ave", "stations": [{"stopCode": 50, "lines": "1,2", "name": "Westlake Station", "walkingMeters": 454, "walkingSeconds": 339, "band": 5}, {"stopCode": 51, "lines": "1,2", "name": "Symphony Station", "walkingMeters": 986, "walkingSeconds": 736, "band": 15}]}, "geometry": {"type": "Point", "coordinates": [-122.3388748, 47.6143532]}}, {"type": "Feature", "properties": {"id": "34607263-afdf-4ea4-a5f9-49a2a2bf0937", "name": "Seattle 4th Avenue Hardware Llc", "category": "supermarket", "tags": ["supermarket"], "sources": ["overture"], "address": "1915 4th Ave", "stations": [{"stopCode": 50, "lines": "1,2", "name": "Westlake Station", "walkingMeters": 282, "walkingSeconds": 210, "band": 5}, {"stopCode": 51, "lines": "1,2", "name": "Symphony Station", "walkingMeters": 737, "walkingSeconds": 550, "band": 10}]}, "geometry": {"type": "Point", "coordinates": [-122.3393555, 47.6123848]}}, {"type": "Feature", "properties": {"id": "c46aa421-f23f-40fc-a8cd-496bfd643b95", "name": "Steepologie Teas", "category": "gift", "tags": ["gift"], "sources": ["overture"], "website": "https://www.steepologie.com/", "phone": "2066247745", "address": "1905 4th Ave", "stations": [{"stopCode": 50, "lines": "1,2", "name": "Westlake Station", "walkingMeters": 245, "walkingSeconds": 176, "band": 5}, {"stopCode": 51, "lines": "1,2", "name": "Symphony Station", "walkingMeters": 614, "walkingSeconds": 441, "band": 10}]}, "geometry": {"type": "Point", "coordinates": [-122.3390656, 47.612278]}}, {"type": "Feature", "properties": {"id": "e59aaa62-98b8-44c5-8266-864af3832993", "name": "Barone Crystal", "category": "gift", "tags": ["gift"], "sources": ["overture"], "website": "https://baronecrystal.com", "address": "1907 4th Ave", "stations": [{"stopCode": 50, "lines": "1,2", "name": "Westlake Station", "walkingMeters": 272, "walkingSeconds": 203, "band": 5}, {"stopCode": 51, "lines": "1,2", "name": "Symphony Station", "walkingMeters": 725, "walkingSeconds": 541, "band": 10}]}, "geometry": {"type": "Point", "coordinates": [-122.3392868, 47.6123161]}}, {"type": "Feature", "properties": {"id": "1ec70dae-067e-4115-af85-d52d5c27a4e9", "name": "Columbia Sportswear", "category": "clothes", "tags": ["clothes"], "sources": ["overture"], "website": "https://stores.columbia.com/seattle", "phone": "2064437639", "address": "290 Pine St", "stations": [{"stopCode": 50, "lines": "1,2", "name": "Westlake Station", "walkingMeters": 203, "walkingSeconds": 150, "band": 5}, {"stopCode": 51, "lines": "1,2", "name": "Symphony Station", "walkingMeters": 410, "walkingSeconds": 297, "band": 5}, {"stopCode": 52, "lines": "1,2", "name": "Pioneer Square Station", "walkingMeters": 1109, "walkingSeconds": 798, "band": 15}]}, "geometry": {"type": "Point", "coordinates": [-122.3390427, 47.6107635]}}, {"type": "Feature", "properties": {"id": "28b8f4d6-be3c-4a19-8031-0cd3e478e490", "name": "John Fluevog Shoes Seattle", "category": "shoes", "tags": ["shoes", "shoe"], "sources": ["overture"], "website": "http://www.fluevog.com", "phone": "+12064411065", "address": "205 Pine St", "stations": [{"stopCode": 50, "lines": "1,2", "name": "Westlake Station", "walkingMeters": 236, "walkingSeconds": 171, "band": 5}, {"stopCode": 51, "lines": "1,2", "name": "Symphony Station", "walkingMeters": 425, "walkingSeconds": 308, "band": 5}, {"stopCode": 52, "lines": "1,2", "name": "Pioneer Square Station", "walkingMeters": 1125, "walkingSeconds": 810, "band": 15}]}, "geometry": {"type": "Point", "coordinates": [-122.339241, 47.6104431]}}, {"type": "Feature", "properties": {"id": "7eea051f-25e7-4fd1-b03f-f4466dcbe0f8", "name": "Wayward", "category": "clothes", "tags": ["clothes"], "sources": ["overture"], "website": "https://waywardcollective.com", "phone": "2064875992", "address": "204 Pine St", "stations": [{"stopCode": 50, "lines": "1,2", "name": "Westlake Station", "walkingMeters": 330, "walkingSeconds": 246, "band": 5}, {"stopCode": 51, "lines": "1,2", "name": "Symphony Station", "walkingMeters": 545, "walkingSeconds": 407, "band": 10}, {"stopCode": 52, "lines": "1,2", "name": "Pioneer Square Station", "walkingMeters": 1430, "walkingSeconds": 1067, "band": 15}]}, "geometry": {"type": "Point", "coordinates": [-122.3397827, 47.6105957]}}, {"type": "Feature", "properties": {"id": "c3531244-39d8-4ba8-86e3-6cca6e2ac320", "name": "Jazz Alley", "category": "clothes", "tags": ["clothes"], "sources": ["overture"], "phone": "+353879782124", "address": "main street roscrea", "stations": [{"stopCode": 50, "lines": "1,2", "name": "Westlake Station", "walkingMeters": 503, "walkingSeconds": 364, "band": 10}, {"stopCode": 51, "lines": "1,2", "name": "Symphony Station", "walkingMeters": 1018, "walkingSeconds": 734, "band": 15}]}, "geometry": {"type": "Point", "coordinates": [-122.3393631, 47.6151314]}}, {"type": "Feature", "properties": {"id": "0c5d248e-1b7f-4a77-be88-4d1dd25494e1", "name": "Total Wireless", "category": "mobile_phone", "tags": ["mobile-phone", "mobile"], "sources": ["overture"], "website": "https://www.totalwireless.com/stores/wa/seattle/1523-3rd-ave?utm_campaign=list", "phone": "2069007944", "address": "1523 3rd Ave", "stations": [{"stopCode": 50, "lines": "1,2", "name": "Westlake Station", "walkingMeters": 280, "walkingSeconds": 204, "band": 5}, {"stopCode": 51, "lines": "1,2", "name": "Symphony Station", "walkingMeters": 376, "walkingSeconds": 270, "band": 5}, {"stopCode": 52, "lines": "1,2", "name": "Pioneer Square Station", "walkingMeters": 1072, "walkingSeconds": 772, "band": 15}]}, "geometry": {"type": "Point", "coordinates": [-122.3386612, 47.6101646]}}, {"type": "Feature", "properties": {"id": "e723cf73-4468-4531-8773-7863cb31761a", "name": "Ed's Jeweler", "category": "jewelry", "tags": ["jewelry"], "sources": ["overture"], "phone": "+12066248879", "address": "1424 4th Ave Lbby", "stations": [{"stopCode": 50, "lines": "1,2", "name": "Westlake Station", "walkingMeters": 217, "walkingSeconds": 162, "band": 5}, {"stopCode": 51, "lines": "1,2", "name": "Symphony Station", "walkingMeters": 334, "walkingSeconds": 249, "band": 5}, {"stopCode": 52, "lines": "1,2", "name": "Pioneer Square Station", "walkingMeters": 1194, "walkingSeconds": 891, "band": 15}]}, "geometry": {"type": "Point", "coordinates": [-122.3361511, 47.6101189]}}, {"type": "Feature", "properties": {"id": "a8912932-427d-4de5-b4fd-1c36bd080d36", "name": "Lemonde Fine Jewelry", "category": "jewelry", "tags": ["jewelry"], "sources": ["overture"], "website": "https://lemondeglobe.com", "phone": "14254010145", "address": "1424 4th Ave  Ste 510", "stations": [{"stopCode": 50, "lines": "1,2", "name": "Westlake Station", "walkingMeters": 217, "walkingSeconds": 162, "band": 5}, {"stopCode": 51, "lines": "1,2", "name": "Symphony Station", "walkingMeters": 334, "walkingSeconds": 249, "band": 5}, {"stopCode": 52, "lines": "1,2", "name": "Pioneer Square Station", "walkingMeters": 1194, "walkingSeconds": 891, "band": 15}]}, "geometry": {"type": "Point", "coordinates": [-122.3361511, 47.6101189]}}, {"type": "Feature", "properties": {"id": "a52c63ae-0660-4a34-9ad0-3f77b7a62663", "name": "Washington Gems And Jewelry", "category": "jewelry", "tags": ["jewelry"], "sources": ["overture"], "phone": "+12066229084", "address": "1424 4th Ave Ste 930", "stations": [{"stopCode": 50, "lines": "1,2", "name": "Westlake Station", "walkingMeters": 114, "walkingSeconds": 82, "band": 5}, {"stopCode": 51, "lines": "1,2", "name": "Symphony Station", "walkingMeters": 496, "walkingSeconds": 357, "band": 5}, {"stopCode": 52, "lines": "1,2", "name": "Pioneer Square Station", "walkingMeters": 1173, "walkingSeconds": 852, "band": 15}]}, "geometry": {"type": "Point", "coordinates": [-122.3361511, 47.6101189]}}, {"type": "Feature", "properties": {"id": "a00f3497-816a-4fdc-a5fc-952f080f9a8d", "name": "Prestige Fine Jewelry", "category": "jewelry", "tags": ["jewelry"], "sources": ["overture"], "website": "prestige-gifts.keeq.io", "phone": "12066230085", "address": "1424 4th Ave  Ste 510", "stations": [{"stopCode": 50, "lines": "1,2", "name": "Westlake Station", "walkingMeters": 217, "walkingSeconds": 162, "band": 5}, {"stopCode": 51, "lines": "1,2", "name": "Symphony Station", "walkingMeters": 334, "walkingSeconds": 249, "band": 5}, {"stopCode": 52, "lines": "1,2", "name": "Pioneer Square Station", "walkingMeters": 1194, "walkingSeconds": 891, "band": 15}]}, "geometry": {"type": "Point", "coordinates": [-122.3361511, 47.6101189]}}, {"type": "Feature", "properties": {"id": "813dd65b-7cd9-4421-a0c8-a84c884753bf", "name": "Reibman & Rosen", "category": "jewelry", "tags": ["jewelry"], "sources": ["overture"], "phone": "+12066236244", "address": "1424 4th Ave Fl 9", "stations": [{"stopCode": 50, "lines": "1,2", "name": "Westlake Station", "walkingMeters": 217, "walkingSeconds": 162, "band": 5}, {"stopCode": 51, "lines": "1,2", "name": "Symphony Station", "walkingMeters": 334, "walkingSeconds": 249, "band": 5}, {"stopCode": 52, "lines": "1,2", "name": "Pioneer Square Station", "walkingMeters": 1194, "walkingSeconds": 891, "band": 15}]}, "geometry": {"type": "Point", "coordinates": [-122.3361511, 47.6101189]}}, {"type": "Feature", "properties": {"id": "185ddd02-de6b-47a3-a835-e7153bd50274", "name": "Vital Juice", "category": "supermarket", "tags": ["supermarket"], "sources": ["overture"], "website": "vitaljuice.com", "address": "1424 4th Ave", "stations": [{"stopCode": 50, "lines": "1,2", "name": "Westlake Station", "walkingMeters": 217, "walkingSeconds": 162, "band": 5}, {"stopCode": 51, "lines": "1,2", "name": "Symphony Station", "walkingMeters": 334, "walkingSeconds": 249, "band": 5}, {"stopCode": 52, "lines": "1,2", "name": "Pioneer Square Station", "walkingMeters": 1194, "walkingSeconds": 891, "band": 15}]}, "geometry": {"type": "Point", "coordinates": [-122.3361511, 47.6101189]}}, {"type": "Feature", "properties": {"id": "a201b261-e40f-4230-bd49-16cb134a5a04", "name": "Gem Cut Company", "category": "jewelry", "tags": ["jewelry"], "sources": ["overture"], "phone": "+12066224635", "address": "1424 4th Ave Lbby", "stations": [{"stopCode": 50, "lines": "1,2", "name": "Westlake Station", "walkingMeters": 217, "walkingSeconds": 162, "band": 5}, {"stopCode": 51, "lines": "1,2", "name": "Symphony Station", "walkingMeters": 334, "walkingSeconds": 249, "band": 5}, {"stopCode": 52, "lines": "1,2", "name": "Pioneer Square Station", "walkingMeters": 1194, "walkingSeconds": 891, "band": 15}]}, "geometry": {"type": "Point", "coordinates": [-122.3361511, 47.6101189]}}, {"type": "Feature", "properties": {"id": "7003c033-471c-47e6-ba70-a3f0ae00102f", "name": "The Walking Company", "category": "shoes", "tags": ["shoes", "shoe"], "sources": ["overture"], "website": "http://thewalkingcompany.com", "phone": "(206) 624-9215", "address": "1428 4th Ave. First Level #1069", "stations": [{"stopCode": 50, "lines": "1,2", "name": "Westlake Station", "walkingMeters": 206, "walkingSeconds": 148, "band": 5}, {"stopCode": 51, "lines": "1,2", "name": "Symphony Station", "walkingMeters": 332, "walkingSeconds": 238, "band": 5}, {"stopCode": 52, "lines": "1,2", "name": "Pioneer Square Station", "walkingMeters": 1021, "walkingSeconds": 735, "band": 15}]}, "geometry": {"type": "Point", "coordinates": [-122.3362045, 47.6101227]}}, {"type": "Feature", "properties": {"id": "e400e353-44e7-4da9-83f3-7dd08464db55", "name": "Chamaty Diamonds", "category": "jewelry", "tags": ["jewelry"], "sources": ["overture"], "website": "https://isaac-chamaty.squarespace.com/", "phone": "2062426289", "address": "1424 4th Ave 400", "stations": [{"stopCode": 50, "lines": "1,2", "name": "Westlake Station", "walkingMeters": 197, "walkingSeconds": 142, "band": 5}, {"stopCode": 51, "lines": "1,2", "name": "Symphony Station", "walkingMeters": 368, "walkingSeconds": 265, "band": 5}, {"stopCode": 52, "lines": "1,2", "name": "Pioneer Square Station", "walkingMeters": 1057, "walkingSeconds": 761, "band": 15}]}, "geometry": {"type": "Point", "coordinates": [-122.3361588, 47.6101303]}}, {"type": "Feature", "properties": {"id": "6b9e546a-a7db-4c87-a79c-bcc0df54ffc6", "name": "Aerosoles", "category": "shoes", "tags": ["shoes", "shoe"], "sources": ["overture"], "website": "http://aerosoles.com/", "phone": "2063810538", "address": "1420 5th Ave, 107", "stations": [{"stopCode": 50, "lines": "1,2", "name": "Westlake Station", "walkingMeters": 207, "walkingSeconds": 151, "band": 5}, {"stopCode": 51, "lines": "1,2", "name": "Symphony Station", "walkingMeters": 388, "walkingSeconds": 279, "band": 5}, {"stopCode": 52, "lines": "1,2", "name": "Pioneer Square Station", "walkingMeters": 1067, "walkingSeconds": 774, "band": 15}]}, "geometry": {"type": "Point", "coordinates": [-122.3351746, 47.6102409]}}, {"type": "Feature", "properties": {"id": 2400043330, "name": "ZoomCare", "category": "clinic", "tags": ["clinic"], "sources": ["osm"], "website": "https://www.zoomcare.com/clinic/zoomcare-south-lake-union", "address": "116 Westlake Avenue North", "stations": [{"stopCode": 50, "lines": "1,2", "name": "Westlake Station", "walkingMeters": 899, "walkingSeconds": 649, "band": 10}]}, "geometry": {"type": "Point", "coordinates": [-122.338252, 47.6189497]}}, {"type": "Feature", "properties": {"id": 9773263745, "name": "One Medical", "category": "clinic", "tags": ["clinic"], "sources": ["osm"], "address": "970 Denny Way", "stations": [{"stopCode": 50, "lines": "1,2", "name": "Westlake Station", "walkingMeters": 904, "walkingSeconds": 652, "band": 10}, {"stopCode": 49, "lines": "1,2", "name": "Capitol Hill Station", "walkingMeters": 1367, "walkingSeconds": 996, "band": 15}]}, "geometry": {"type": "Point", "coordinates": [-122.3377492, 47.6186723]}}, {"type": "Feature", "properties": {"id": 3428135285, "name": "Downtown Seattle Medical Center", "category": "clinic", "tags": ["clinic"], "sources": ["osm"], "website": "http://www.ghc.org/locations/medcenters/4/index.jhtml", "address": "1420 5th Avenue", "stations": [{"stopCode": 50, "lines": "1,2", "name": "Westlake Station", "walkingMeters": 336, "walkingSeconds": 242, "band": 5}, {"stopCode": 51, "lines": "1,2", "name": "Symphony Station", "walkingMeters": 429, "walkingSeconds": 309, "band": 5}, {"stopCode": 52, "lines": "1,2", "name": "Pioneer Square Station", "walkingMeters": 1106, "walkingSeconds": 800, "band": 15}]}, "geometry": {"type": "Point", "coordinates": [-122.3340592, 47.610242]}}, {"type": "Feature", "properties": {"id": 10183379656, "name": "Seattle Infectious Disease Clinic", "category": "clinic", "tags": ["clinic"], "sources": ["osm"], "website": "https://www.seattleidc.com/", "phone": "+1-206-682-3444", "address": "509 Olive Way", "stations": [{"stopCode": 50, "lines": "1,2", "name": "Westlake Station", "walkingMeters": 184, "walkingSeconds": 132, "band": 5}, {"stopCode": 51, "lines": "1,2", "name": "Symphony Station", "walkingMeters": 702, "walkingSeconds": 505, "band": 10}]}, "geometry": {"type": "Point", "coordinates": [-122.3367365, 47.6127982]}}, {"type": "Feature", "properties": {"id": 10958541777, "name": "Capsule", "category": "pharmacy", "tags": ["pharmacy"], "sources": ["osm", "overture"], "phone": "12063387111", "address": "2033 6th Ave  Ste 120", "hours": "Mo-Fr 09:00-17:00", "stations": [{"stopCode": 50, "lines": "1,2", "name": "Westlake Station", "walkingMeters": 450, "walkingSeconds": 326, "band": 5}, {"stopCode": 51, "lines": "1,2", "name": "Symphony Station", "walkingMeters": 965, "walkingSeconds": 696, "band": 15}]}, "geometry": {"type": "Point", "coordinates": [-122.339204, 47.6146415]}}, {"type": "Feature", "properties": {"id": "08ce9c9b-46ef-4074-900f-61b417a933b5", "name": "Bartell Drugs", "category": "pharmacy", "tags": ["pharmacy"], "sources": ["overture"], "phone": "12066220581", "address": "1628 5th Ave", "stations": [{"stopCode": 50, "lines": "1,2", "name": "Westlake Station", "walkingMeters": 133, "walkingSeconds": 96, "band": 5}, {"stopCode": 51, "lines": "1,2", "name": "Symphony Station", "walkingMeters": 651, "walkingSeconds": 468, "band": 10}]}, "geometry": {"type": "Point", "coordinates": [-122.3370209, 47.6124992]}}, {"type": "Feature", "properties": {"id": "32b2e808-39c9-48f0-9433-95a97776933e", "name": "Sunrise Medical Consultants", "category": "clinic", "tags": ["clinic", "medical"], "sources": ["overture"], "website": "https://sunrisemed.net", "phone": "+18663919911", "address": "801 Pine St Ste 100", "stations": [{"stopCode": 50, "lines": "1,2", "name": "Westlake Station", "walkingMeters": 449, "walkingSeconds": 335, "band": 5}, {"stopCode": 51, "lines": "1,2", "name": "Symphony Station", "walkingMeters": 818, "walkingSeconds": 610, "band": 15}, {"stopCode": 49, "lines": "1,2", "name": "Capitol Hill Station", "walkingMeters": 1495, "walkingSeconds": 1116, "band": 15}]}, "geometry": {"type": "Point", "coordinates": [-122.3326111, 47.6129799]}}, {"type": "Feature", "properties": {"id": "ae91b86d-09e8-4e43-82a9-245bfc09edc1", "name": "Kaiser Permanente Downtown Seattle Medical Center", "category": "clinic", "tags": ["clinic", "medical"], "sources": ["overture"], "website": "https://wa.kaiserpermanente.org/html/public/locations/downtown", "phone": "+12062232611", "address": "1420 5th Ave", "stations": [{"stopCode": 50, "lines": "1,2", "name": "Westlake Station", "walkingMeters": 326, "walkingSeconds": 234, "band": 5}, {"stopCode": 51, "lines": "1,2", "name": "Symphony Station", "walkingMeters": 439, "walkingSeconds": 316, "band": 5}, {"stopCode": 52, "lines": "1,2", "name": "Pioneer Square Station", "walkingMeters": 1116, "walkingSeconds": 807, "band": 15}]}, "geometry": {"type": "Point", "coordinates": [-122.3346252, 47.6104889]}}, {"type": "Feature", "properties": {"id": "e5a6fc2e-7fa5-408e-9e05-9dda60d76e8c", "name": "Thams Jason M", "category": "pharmacy", "tags": ["pharmacy"], "sources": ["overture"], "website": "https://www.ghc.org", "phone": "12062232611", "address": "1420 5th Ave  Ste 375", "stations": [{"stopCode": 50, "lines": "1,2", "name": "Westlake Station", "walkingMeters": 247, "walkingSeconds": 184, "band": 5}, {"stopCode": 51, "lines": "1,2", "name": "Symphony Station", "walkingMeters": 414, "walkingSeconds": 309, "band": 5}, {"stopCode": 52, "lines": "1,2", "name": "Pioneer Square Station", "walkingMeters": 1202, "walkingSeconds": 897, "band": 15}]}, "geometry": {"type": "Point", "coordinates": [-122.3347092, 47.6105347]}}, {"type": "Feature", "properties": {"id": "79df5c19-bd4e-4550-bc5d-5e893ae7ca98", "name": "Virginia Mason Digestive Disease Institute", "category": "hospital", "tags": ["hospital"], "sources": ["overture"], "website": "https://www.virginiamason.org/ddi", "phone": "2062232319", "address": "1100 9th Ave 3", "stations": [{"stopCode": 50, "lines": "1,2", "name": "Westlake Station", "walkingMeters": 172, "walkingSeconds": 126, "band": 5}, {"stopCode": 51, "lines": "1,2", "name": "Symphony Station", "walkingMeters": 518, "walkingSeconds": 373, "band": 10}, {"stopCode": 52, "lines": "1,2", "name": "Pioneer Square Station", "walkingMeters": 1198, "walkingSeconds": 868, "band": 15}]}, "geometry": {"type": "Point", "coordinates": [-122.3350906, 47.6111794]}}, {"type": "Feature", "properties": {"id": "4b78a42a-db4d-49ad-ac8d-51da41d5282b", "name": "Virginia Mason Cancer Institute", "category": "clinic", "tags": ["clinic", "medical"], "sources": ["overture"], "website": "https://www.virginiamason.org/cancer", "phone": "2062236193", "address": "1100 9th Ave 2", "stations": [{"stopCode": 50, "lines": "1,2", "name": "Westlake Station", "walkingMeters": 168, "walkingSeconds": 123, "band": 5}, {"stopCode": 51, "lines": "1,2", "name": "Symphony Station", "walkingMeters": 522, "walkingSeconds": 375, "band": 10}]}, "geometry": {"type": "Point", "coordinates": [-122.3351135, 47.6112022]}}, {"type": "Feature", "properties": {"id": "a42d4a2b-051d-420b-a512-063a7e34d951", "name": "The Work Clinic", "category": "clinic", "tags": ["clinic", "medical"], "sources": ["overture"], "website": "https://www.theworkclinic.com/", "phone": "+12069958868", "address": "509 Olive Wy Ste 201", "stations": [{"stopCode": 50, "lines": "1,2", "name": "Westlake Station", "walkingMeters": 186, "walkingSeconds": 134, "band": 5}, {"stopCode": 51, "lines": "1,2", "name": "Symphony Station", "walkingMeters": 704, "walkingSeconds": 506, "band": 10}]}, "geometry": {"type": "Point", "coordinates": [-122.3367767, 47.6128693]}}, {"type": "Feature", "properties": {"id": "4aeeab25-9939-47ac-b697-438b07a693a5", "name": "Medical Dental Building", "category": "clinic", "tags": ["clinic", "medical"], "sources": ["overture"], "website": "https://medicaldentalbuilding.com/", "phone": "+12062230525", "address": "509 Olive Wy", "stations": [{"stopCode": 50, "lines": "1,2", "name": "Westlake Station", "walkingMeters": 185, "walkingSeconds": 133, "band": 5}, {"stopCode": 51, "lines": "1,2", "name": "Symphony Station", "walkingMeters": 703, "walkingSeconds": 506, "band": 10}]}, "geometry": {"type": "Point", "coordinates": [-122.3367615, 47.6128387]}}, {"type": "Feature", "properties": {"id": "a25bbb0f-5fcb-4148-bb1d-5e8997642efa", "name": "Proliance Surgeons, Ps", "category": "clinic", "tags": ["clinic", "medical"], "sources": ["overture"], "phone": "+12062648100", "address": "720 Olive Way", "stations": [{"stopCode": 50, "lines": "1,2", "name": "Westlake Station", "walkingMeters": 426, "walkingSeconds": 318, "band": 5}, {"stopCode": 51, "lines": "1,2", "name": "Symphony Station", "walkingMeters": 934, "walkingSeconds": 697, "band": 15}, {"stopCode": 49, "lines": "1,2", "name": "Capitol Hill Station", "walkingMeters": 1587, "walkingSeconds": 1184, "band": 15}]}, "geometry": {"type": "Point", "coordinates": [-122.3348083, 47.6142197]}}, {"type": "Feature", "properties": {"id": "77cd3617-3a03-4f1e-97eb-9ba7fd207701", "name": "Paradigm Malibu", "category": "clinic", "tags": ["clinic", "medical"], "sources": ["overture"], "website": "http://paradigmmalibu.com", "phone": "(310) 359-6157", "address": "600 Stewart Street, Suites 300 & 400", "stations": [{"stopCode": 50, "lines": "1,2", "name": "Westlake Station", "walkingMeters": 316, "walkingSeconds": 229, "band": 5}, {"stopCode": 51, "lines": "1,2", "name": "Symphony Station", "walkingMeters": 833, "walkingSeconds": 602, "band": 10}]}, "geometry": {"type": "Point", "coordinates": [-122.3371124, 47.6139679]}}, {"type": "Feature", "properties": {"id": 3884139674, "name": "Bank of America", "category": "bank", "tags": ["bank", "credit", "union"], "sources": ["osm", "overture"], "website": "https://locators.bankofamerica.com/wa/seattle/financial-centers-seattle-15902.html", "phone": "+12062629091", "address": "2202 Westlake Ave", "hours": "Mo-Fr 09:00-16:00; Sa,Su off", "stations": [{"stopCode": 50, "lines": "1,2", "name": "Westlake Station", "walkingMeters": 794, "walkingSeconds": 573, "band": 10}, {"stopCode": 51, "lines": "1,2", "name": "Symphony Station", "walkingMeters": 1311, "walkingSeconds": 946, "band": 15}]}, "geometry": {"type": "Point", "coordinates": [-122.3381549, 47.6180305]}}, {"type": "Feature", "properties": {"id": 4438089561, "name": "Bank of America", "category": "bank", "tags": ["bank", "credit", "union"], "sources": ["osm", "overture"], "website": "http://www.bankofamerica.com", "phone": "+18444018500", "address": "408 Pike St", "hours": "Mo-Fr 09:00-18:00", "stations": [{"stopCode": 50, "lines": "1,2", "name": "Westlake Station", "walkingMeters": 175, "walkingSeconds": 126, "band": 5}, {"stopCode": 51, "lines": "1,2", "name": "Symphony Station", "walkingMeters": 392, "walkingSeconds": 282, "band": 5}, {"stopCode": 52, "lines": "1,2", "name": "Pioneer Square Station", "walkingMeters": 1081, "walkingSeconds": 778, "band": 15}]}, "geometry": {"type": "Point", "coordinates": [-122.3365313, 47.610553]}}, {"type": "Feature", "properties": {"id": "068127cb-4aac-41bb-8f0b-c1069a176ad0", "name": "Charles Schwab", "category": "bank", "tags": ["bank", "credit", "union"], "sources": ["overture"], "website": "https://client.schwab.com/Public/BranchLocator/branchdetails.aspx?branchid=2024&utm_source=bing&utm_medium=local&utm_campaign=localmaps&utm_content=2024", "phone": "8004354000", "address": "1600 7th Ave Ste 115", "stations": [{"stopCode": 50, "lines": "1,2", "name": "Westlake Station", "walkingMeters": 257, "walkingSeconds": 187, "band": 5}, {"stopCode": 51, "lines": "1,2", "name": "Symphony Station", "walkingMeters": 775, "walkingSeconds": 559, "band": 10}]}, "geometry": {"type": "Point", "coordinates": [-122.3372498, 47.61343]}}, {"type": "Feature", "properties": {"id": 3006164973, "name": "Umpqua Bank", "category": "bank", "tags": ["bank", "wheelchair-accessible"], "sources": ["osm"], "website": "http://slu.umpquabank.com/", "phone": "+1-206-749-7207", "address": "200 Westlake Avenue North", "hours": "Mo-Fr 09:00-17:00", "stations": [{"stopCode": 50, "lines": "1,2", "name": "Westlake Station", "walkingMeters": 1004, "walkingSeconds": 724, "band": 15}]}, "geometry": {"type": "Point", "coordinates": [-122.3381994, 47.61988]}}, {"type": "Feature", "properties": {"id": 5476859822, "name": "Umpqua Bank", "category": "bank", "tags": ["bank"], "sources": ["osm"], "stations": [{"stopCode": 50, "lines": "1,2", "name": "Westlake Station", "walkingMeters": 863, "walkingSeconds": 622, "band": 15}, {"stopCode": 49, "lines": "1,2", "name": "Capitol Hill Station", "walkingMeters": 933, "walkingSeconds": 676, "band": 10}]}, "geometry": {"type": "Point", "coordinates": [-122.330122, 47.616175]}}, {"type": "Feature", "properties": {"id": 3365328895, "name": "U.S. Bank", "category": "bank", "tags": ["bank"], "sources": ["osm"], "website": "https://www.usbank.com/", "address": "1420 5th Avenue", "stations": [{"stopCode": 50, "lines": "1,2", "name": "Westlake Station", "walkingMeters": 189, "walkingSeconds": 136, "band": 5}, {"stopCode": 51, "lines": "1,2", "name": "Symphony Station", "walkingMeters": 466, "walkingSeconds": 336, "band": 5}, {"stopCode": 52, "lines": "1,2", "name": "Pioneer Square Station", "walkingMeters": 1146, "walkingSeconds": 830, "band": 15}]}, "geometry": {"type": "Point", "coordinates": [-122.3350115, 47.6106352]}}, {"type": "Feature", "properties": {"id": 2700939598, "name": "The UPS Store", "category": "post_office", "tags": ["post-office", "wheelchair-accessible"], "sources": ["osm"], "website": "http://seattle-wa-4884.theupsstorelocal.com/", "phone": "+1-206-624-1550", "address": "1700 7th Avenue", "hours": "Mo-Fr 08:00-19:00, Su 10:00-15:00", "stations": [{"stopCode": 50, "lines": "1,2", "name": "Westlake Station", "walkingMeters": 403, "walkingSeconds": 292, "band": 5}, {"stopCode": 51, "lines": "1,2", "name": "Symphony Station", "walkingMeters": 920, "walkingSeconds": 664, "band": 15}]}, "geometry": {"type": "Point", "coordinates": [-122.3358385, 47.614351]}}, {"type": "Feature", "properties": {"id": 4531038750, "name": "Wells Fargo", "category": "bank", "tags": ["bank", "credit", "union"], "sources": ["osm", "overture"], "website": "https://homeloans.wellsfargo.com/stephen-j-trudelle", "phone": "+12062879001", "address": "1601 5th Ave", "stations": [{"stopCode": 50, "lines": "1,2", "name": "Westlake Station", "walkingMeters": 124, "walkingSeconds": 89, "band": 5}, {"stopCode": 51, "lines": "1,2", "name": "Symphony Station", "walkingMeters": 558, "walkingSeconds": 402, "band": 10}]}, "geometry": {"type": "Point", "coordinates": [-122.3378887, 47.6118097]}}, {"type": "Feature", "properties": {"id": 2552684993, "name": "Chase", "category": "bank", "tags": ["bank"], "sources": ["osm"], "address": "600 Pine Street", "hours": "Mo-Fr 09:00-18:00; Sa 09:00-13:00", "stations": [{"stopCode": 50, "lines": "1,2", "name": "Westlake Station", "walkingMeters": 200, "walkingSeconds": 146, "band": 5}, {"stopCode": 51, "lines": "1,2", "name": "Symphony Station", "walkingMeters": 717, "walkingSeconds": 518, "band": 10}]}, "geometry": {"type": "Point", "coordinates": [-122.3357422, 47.6127825]}}, {"type": "Feature", "properties": {"id": 4465621910, "name": "Chase", "category": "bank", "tags": ["bank", "wheelchair-accessible"], "sources": ["osm"], "address": "1501 4th Avenue", "hours": "Mo-Fr 09:00-18:00; Sa 09:00-13:00", "stations": [{"stopCode": 50, "lines": "1,2", "name": "Westlake Station", "walkingMeters": 182, "walkingSeconds": 131, "band": 5}, {"stopCode": 51, "lines": "1,2", "name": "Symphony Station", "walkingMeters": 370, "walkingSeconds": 266, "band": 5}, {"stopCode": 52, "lines": "1,2", "name": "Pioneer Square Station", "walkingMeters": 1067, "walkingSeconds": 767, "band": 15}]}, "geometry": {"type": "Point", "coordinates": [-122.3370837, 47.6103993]}}, {"type": "Feature", "properties": {"id": 926925879, "name": "Chase", "category": "bank", "tags": ["bank"], "sources": ["osm"], "website": "https://locator.chase.com/wa/seattle/1950-6th-ave", "phone": "+1-206-694-6567", "address": "1950 6th Avenue", "hours": "Mo-Fr 09:00-17:00; Sa 09:00-13:00; Su closed", "stations": [{"stopCode": 50, "lines": "1,2", "name": "Westlake Station", "walkingMeters": 393, "walkingSeconds": 285, "band": 5}, {"stopCode": 51, "lines": "1,2", "name": "Symphony Station", "walkingMeters": 908, "walkingSeconds": 655, "band": 15}]}, "geometry": {"type": "Point", "coordinates": [-122.3379787, 47.6144739]}}, {"type": "Feature", "properties": {"id": 2400043328, "name": "BECU", "category": "bank", "tags": ["bank"], "sources": ["osm"], "website": "https://www.becu.org/locations/south-lake-union", "address": "114 Westlake Avenue North", "stations": [{"stopCode": 50, "lines": "1,2", "name": "Westlake Station", "walkingMeters": 891, "walkingSeconds": 643, "band": 10}]}, "geometry": {"type": "Point", "coordinates": [-122.338249, 47.6188785]}}, {"type": "Feature", "properties": {"id": 2404231196, "name": "WaFd Bank", "category": "bank", "tags": ["bank", "credit", "union"], "sources": ["osm", "overture"], "website": "https://www.wafdbank.com/", "phone": "+18003249375", "address": "425 Pike St", "stations": [{"stopCode": 50, "lines": "1,2", "name": "Westlake Station", "walkingMeters": 166, "walkingSeconds": 119, "band": 5}, {"stopCode": 51, "lines": "1,2", "name": "Symphony Station", "walkingMeters": 418, "walkingSeconds": 301, "band": 5}, {"stopCode": 52, "lines": "1,2", "name": "Pioneer Square Station", "walkingMeters": 1108, "walkingSeconds": 797, "band": 15}]}, "geometry": {"type": "Point", "coordinates": [-122.3356219, 47.6104589]}}, {"type": "Feature", "properties": {"id": 2327716504, "name": "First Tech Federal Credit Union", "category": "bank", "tags": ["bank", "wheelchair-accessible"], "sources": ["osm"], "website": "https://www.firsttechfed.com/experience-centers/washington/south-lake-union-experience-center", "address": "2201 Westlake Avenue", "stations": [{"stopCode": 50, "lines": "1,2", "name": "Westlake Station", "walkingMeters": 803, "walkingSeconds": 580, "band": 10}, {"stopCode": 51, "lines": "1,2", "name": "Symphony Station", "walkingMeters": 1317, "walkingSeconds": 950, "band": 15}]}, "geometry": {"type": "Point", "coordinates": [-122.338829, 47.6180469]}}, {"type": "Feature", "properties": {"id": 2327732065, "name": "Washington Talking Book and Braille Library", "category": "library", "tags": ["library"], "sources": ["osm", "overture"], "website": "https://www.wtbbl.org/", "phone": "+12066150400", "address": "2021 9th Ave", "hours": "Mo-Fr 08:30-17:00", "stations": [{"stopCode": 50, "lines": "1,2", "name": "Westlake Station", "walkingMeters": 702, "walkingSeconds": 506, "band": 10}, {"stopCode": 51, "lines": "1,2", "name": "Symphony Station", "walkingMeters": 1219, "walkingSeconds": 879, "band": 15}]}, "geometry": {"type": "Point", "coordinates": [-122.3370104, 47.6169214]}}, {"type": "Feature", "properties": {"id": "af0ecc60-4f02-4329-acd1-d14d01bd080b", "name": "Columbia Bank", "category": "bank", "tags": ["bank", "credit", "union"], "sources": ["overture"], "website": "https://locations.umpquabank.com/wa/seattle/200-westlake-avenue-north", "phone": "2067497200", "address": "200 Westlake Avenue North, Suite 110", "stations": [{"stopCode": 50, "lines": "1,2", "name": "Westlake Station", "walkingMeters": 1011, "walkingSeconds": 730, "band": 15}]}, "geometry": {"type": "Point", "coordinates": [-122.3380966, 47.6199112]}}, {"type": "Feature", "properties": {"id": "4600291e-bcfd-439a-ad77-5933c45aad29", "name": "Heritage Bank", "category": "bank", "tags": ["bank", "credit", "union"], "sources": ["overture"], "website": "https://local.heritagebanknw.com/wa/seattle/1420-fifth-avenue", "phone": "+12062824000", "address": "1420 5th Ave Suite 3600", "stations": [{"stopCode": 50, "lines": "1,2", "name": "Westlake Station", "walkingMeters": 227, "walkingSeconds": 169, "band": 5}, {"stopCode": 51, "lines": "1,2", "name": "Symphony Station", "walkingMeters": 457, "walkingSeconds": 341, "band": 10}, {"stopCode": 52, "lines": "1,2", "name": "Pioneer Square Station", "walkingMeters": 1243, "walkingSeconds": 928, "band": 15}]}, "geometry": {"type": "Point", "coordinates": [-122.3346634, 47.6108398]}}, {"type": "Feature", "properties": {"id": "bb4f9eea-7e0b-4650-b60e-242946325103", "name": "Moneytree", "category": "bank", "tags": ["bank", "credit", "union"], "sources": ["overture"], "website": "https://www.moneytreeinc.com/branch/3rd-pine", "phone": "2062540202", "address": "1528 3rd Ave", "stations": [{"stopCode": 50, "lines": "1,2", "name": "Westlake Station", "walkingMeters": 210, "walkingSeconds": 157, "band": 5}, {"stopCode": 51, "lines": "1,2", "name": "Symphony Station", "walkingMeters": 452, "walkingSeconds": 337, "band": 5}, {"stopCode": 52, "lines": "1,2", "name": "Pioneer Square Station", "walkingMeters": 1343, "walkingSeconds": 1002, "band": 15}]}, "geometry": {"type": "Point", "coordinates": [-122.3382492, 47.6105499]}}, {"type": "Feature", "properties": {"id": 6563185048, "name": "The Commerce Bank of Washington", "category": "bank", "tags": ["bank", "credit", "union"], "sources": ["osm", "overture"], "website": "https://tcbwa.com/", "phone": "+12062923900", "address": "601 Union St Suite 3600", "stations": [{"stopCode": 51, "lines": "1,2", "name": "Symphony Station", "walkingMeters": 487, "walkingSeconds": 356, "band": 10}, {"stopCode": 50, "lines": "1,2", "name": "Westlake Station", "walkingMeters": 497, "walkingSeconds": 357, "band": 10}, {"stopCode": 52, "lines": "1,2", "name": "Pioneer Square Station", "walkingMeters": 1144, "walkingSeconds": 825, "band": 15}]}, "geometry": {"type": "Point", "coordinates": [-122.3321292, 47.6104074]}}, {"type": "Feature", "properties": {"id": "6bbe2734-1bd8-4565-a9ff-98eb66a2a263", "name": "First Interstate Bank", "category": "bank", "tags": ["bank", "credit", "union"], "sources": ["overture"], "website": "https://locations.firstinterstatebank.com/wa/seattle/601-union-st.html?y_source=1_MjA0MTY5NjEtNTU5LWxvY2F0aW9uLndlYnNpdGU%3D", "phone": "+12066240247", "address": "601 Union St", "stations": [{"stopCode": 50, "lines": "1,2", "name": "Westlake Station", "walkingMeters": 444, "walkingSeconds": 331, "band": 10}, {"stopCode": 51, "lines": "1,2", "name": "Symphony Station", "walkingMeters": 496, "walkingSeconds": 370, "band": 10}, {"stopCode": 52, "lines": "1,2", "name": "Pioneer Square Station", "walkingMeters": 1130, "walkingSeconds": 843, "band": 15}]}, "geometry": {"type": "Point", "coordinates": [-122.3325577, 47.6103249]}}, {"type": "Feature", "properties": {"id": "9a55d7b4-93d6-4f90-a1ac-6ef9dc571225", "name": "Wedbush Securities", "category": "bank", "tags": ["bank", "credit", "union"], "sources": ["overture"], "website": "http://www.wedbush.com/office/seattle", "phone": "2066233040", "address": "601 Union St Ste 5050", "stations": [{"stopCode": 50, "lines": "1,2", "name": "Westlake Station", "walkingMeters": 446, "walkingSeconds": 320, "band": 10}, {"stopCode": 51, "lines": "1,2", "name": "Symphony Station", "walkingMeters": 487, "walkingSeconds": 352, "band": 10}, {"stopCode": 52, "lines": "1,2", "name": "Pioneer Square Station", "walkingMeters": 1162, "walkingSeconds": 838, "band": 15}]}, "geometry": {"type": "Point", "coordinates": [-122.3327255, 47.6104965]}}, {"type": "Feature", "properties": {"id": "72c0af68-8228-48e2-929d-720082da21c2", "name": "Washington Trust Bank", "category": "bank", "tags": ["bank", "credit", "union"], "sources": ["overture"], "website": "https://locations.watrust.com/wa/seattle/47/?utm_source=Google&utm_medium=Maps&utm_campaign=Google+Places", "phone": "2066678989", "address": "601 Union St Ste 4747", "stations": [{"stopCode": 50, "lines": "1,2", "name": "Westlake Station", "walkingMeters": 372, "walkingSeconds": 268, "band": 5}, {"stopCode": 51, "lines": "1,2", "name": "Symphony Station", "walkingMeters": 409, "walkingSeconds": 294, "band": 10}, {"stopCode": 52, "lines": "1,2", "name": "Pioneer Square Station", "walkingMeters": 1088, "walkingSeconds": 785, "band": 15}]}, "geometry": {"type": "Point", "coordinates": [-122.3331146, 47.610321]}}, {"type": "Feature", "properties": {"id": "3069a6cf-7d5e-465e-aba1-bc1345eb23cc", "name": "Oppenheimer & Co. Inc.", "category": "bank", "tags": ["bank", "credit", "union"], "sources": ["overture"], "website": "https://www.oppenheimer.com/branch/seattle.aspx?utm_source=Google&utm_medium=GMB&utm_campaign=TrackingGMBTraffic", "phone": "2067573400", "address": "701 Pike St Ste #2100", "stations": [{"stopCode": 50, "lines": "1,2", "name": "Westlake Station", "walkingMeters": 479, "walkingSeconds": 347, "band": 10}, {"stopCode": 51, "lines": "1,2", "name": "Symphony Station", "walkingMeters": 778, "walkingSeconds": 560, "band": 10}]}, "geometry": {"type": "Point", "coordinates": [-122.3317947, 47.6122475]}}, {"type": "Feature", "properties": {"id": "109f929a-1af3-44e9-94f1-0bb7ca922aa3", "name": "Alex Pace - Heritage Bank", "category": "bank", "tags": ["bank", "credit", "union"], "sources": ["overture"], "website": "https://local.heritagebanknw.com/wa/seattle/1420-fifth-avenue/alex-pace", "phone": "2066642406", "address": "1420 Fifth Avenue, Suite 3600", "stations": [{"stopCode": 50, "lines": "1,2", "name": "Westlake Station", "walkingMeters": 324, "walkingSeconds": 233, "band": 5}, {"stopCode": 51, "lines": "1,2", "name": "Symphony Station", "walkingMeters": 441, "walkingSeconds": 317, "band": 5}, {"stopCode": 52, "lines": "1,2", "name": "Pioneer Square Station", "walkingMeters": 1118, "walkingSeconds": 808, "band": 15}]}, "geometry": {"type": "Point", "coordinates": [-122.3341599, 47.610321]}}, {"type": "Feature", "properties": {"id": "cac30cfe-f687-491b-9246-1ca7a0e3555e", "name": "Bank of America Financial Center", "category": "bank", "tags": ["bank", "credit", "union"], "sources": ["overture"], "website": "https://locators.bankofamerica.com/wa/seattle/financial-centers-seattle-7924.html", "phone": "2063581351", "address": "500 Olive Way", "stations": [{"stopCode": 50, "lines": "1,2", "name": "Westlake Station", "walkingMeters": 202, "walkingSeconds": 145, "band": 5}, {"stopCode": 51, "lines": "1,2", "name": "Symphony Station", "walkingMeters": 719, "walkingSeconds": 517, "band": 10}]}, "geometry": {"type": "Point", "coordinates": [-122.3368378, 47.6129074]}}, {"type": "Feature", "properties": {"id": "10518093-4066-459f-af59-48d529876171", "name": "TD Ameritrade", "category": "bank", "tags": ["bank", "credit", "union"], "sources": ["overture"], "website": "https://www.tdameritrade.com/locations/wa/seattle.html?cid=LCLSTDAASEA92516", "phone": "2063898080", "address": "1600 7th Ave Ste 115", "stations": [{"stopCode": 50, "lines": "1,2", "name": "Westlake Station", "walkingMeters": 290, "walkingSeconds": 210, "band": 5}, {"stopCode": 51, "lines": "1,2", "name": "Symphony Station", "walkingMeters": 807, "walkingSeconds": 583, "band": 10}, {"stopCode": 49, "lines": "1,2", "name": "Capitol Hill Station", "walkingMeters": 1432, "walkingSeconds": 1035, "band": 15}]}, "geometry": {"type": "Point", "coordinates": [-122.3344193, 47.6132317]}}, {"type": "Feature", "properties": {"id": "9f910107-2ba1-487e-a439-dae3da5757cb", "name": "Bank of America Mortgage", "category": "bank", "tags": ["bank", "credit", "union"], "sources": ["overture"], "website": "https://www.bankofamerica.com/mortgage/home-mortgage/", "phone": "2534476772", "address": "1700 7th Ave", "stations": [{"stopCode": 50, "lines": "1,2", "name": "Westlake Station", "walkingMeters": 396, "walkingSeconds": 285, "band": 5}, {"stopCode": 51, "lines": "1,2", "name": "Symphony Station", "walkingMeters": 914, "walkingSeconds": 657, "band": 10}]}, "geometry": {"type": "Point", "coordinates": [-122.3356552, 47.6139259]}}, {"type": "Feature", "properties": {"id": "c85611e2-323e-408c-a9c2-4da4f6546314", "name": "Ziegler", "category": "bank", "tags": ["bank", "credit", "union"], "sources": ["overture"], "website": "https://www.ziegler.com/locations/seattle-wa/", "phone": "8003668899", "address": "600 Stewart St Ste 400", "stations": [{"stopCode": 50, "lines": "1,2", "name": "Westlake Station", "walkingMeters": 313, "walkingSeconds": 229, "band": 5}, {"stopCode": 51, "lines": "1,2", "name": "Symphony Station", "walkingMeters": 831, "walkingSeconds": 602, "band": 10}]}, "geometry": {"type": "Point", "coordinates": [-122.3367767, 47.6138191]}}, {"type": "Feature", "properties": {"id": "1a9b1f2e-dccd-4c2e-9f72-7a18fb226bfc", "name": "Private Wealth Management | U.S. Bank", "category": "bank", "tags": ["bank", "credit", "union"], "sources": ["overture"], "website": "https://www.usbank.com/wealth-management/private-wealth-management/seattle-wa.html?utm_source=bing&utm_medium=organic&utm_campaign=bing_lisiting", "phone": "2063444619", "address": "1420 5th Ave Ste 2100", "stations": [{"stopCode": 50, "lines": "1,2", "name": "Westlake Station", "walkingMeters": 207, "walkingSeconds": 151, "band": 5}, {"stopCode": 51, "lines": "1,2", "name": "Symphony Station", "walkingMeters": 388, "walkingSeconds": 279, "band": 5}, {"stopCode": 52, "lines": "1,2", "name": "Pioneer Square Station", "walkingMeters": 1067, "walkingSeconds": 774, "band": 15}]}, "geometry": {"type": "Point", "coordinates": [-122.3351746, 47.6102409]}}, {"type": "Feature", "properties": {"id": "9c417897-7849-4f5a-beb4-1b39210f269a", "name": "Chris Fulton - Heritage Bank", "category": "bank", "tags": ["bank", "credit", "union"], "sources": ["overture"], "phone": "2066647344", "address": "1420 5th Ave Ste 3600", "stations": [{"stopCode": 50, "lines": "1,2", "name": "Westlake Station", "walkingMeters": 207, "walkingSeconds": 151, "band": 5}, {"stopCode": 51, "lines": "1,2", "name": "Symphony Station", "walkingMeters": 388, "walkingSeconds": 279, "band": 5}, {"stopCode": 52, "lines": "1,2", "name": "Pioneer Square Station", "walkingMeters": 1067, "walkingSeconds": 774, "band": 15}]}, "geometry": {"type": "Point", "coordinates": [-122.3351746, 47.6102409]}}, {"type": "Feature", "properties": {"id": "dcee1a92-d56b-44d1-b2a8-f53dc36086e3", "name": "Paul Crawford - Heritage Bank", "category": "bank", "tags": ["bank", "credit", "union"], "sources": ["overture"], "phone": "2066647351", "address": "1420 5th Ave Ste 3600", "stations": [{"stopCode": 50, "lines": "1,2", "name": "Westlake Station", "walkingMeters": 207, "walkingSeconds": 151, "band": 5}, {"stopCode": 51, "lines": "1,2", "name": "Symphony Station", "walkingMeters": 388, "walkingSeconds": 279, "band": 5}, {"stopCode": 52, "lines": "1,2", "name": "Pioneer Square Station", "walkingMeters": 1067, "walkingSeconds": 774, "band": 15}]}, "geometry": {"type": "Point", "coordinates": [-122.3351746, 47.6102409]}}, {"type": "Feature", "properties": {"id": "13853810-3ca2-42ca-aaed-209d03e83479", "name": "Ann Fish - Heritage Bank", "category": "bank", "tags": ["bank", "credit", "union"], "sources": ["overture"], "website": "https://local.heritagebanknw.com/wa/seattle/1420-fifth-avenue/ann-fish", "phone": "2062044095", "address": "1420 5th Ave Ste 3600", "stations": [{"stopCode": 50, "lines": "1,2", "name": "Westlake Station", "walkingMeters": 207, "walkingSeconds": 151, "band": 5}, {"stopCode": 51, "lines": "1,2", "name": "Symphony Station", "walkingMeters": 388, "walkingSeconds": 279, "band": 5}, {"stopCode": 52, "lines": "1,2", "name": "Pioneer Square Station", "walkingMeters": 1067, "walkingSeconds": 774, "band": 15}]}, "geometry": {"type": "Point", "coordinates": [-122.3351746, 47.6102409]}}, {"type": "Feature", "properties": {"id": "da4547f8-4f86-454f-9f71-60bf287a41c0", "name": "Matt Olfson - Heritage Bank", "category": "bank", "tags": ["bank", "credit", "union"], "sources": ["overture"], "website": "https://local.heritagebanknw.com/wa/seattle/1420-fifth-avenue/matt-olfson", "phone": "2062044081", "address": "1420 5th Ave Ste 3600", "stations": [{"stopCode": 50, "lines": "1,2", "name": "Westlake Station", "walkingMeters": 207, "walkingSeconds": 151, "band": 5}, {"stopCode": 51, "lines": "1,2", "name": "Symphony Station", "walkingMeters": 388, "walkingSeconds": 279, "band": 5}, {"stopCode": 52, "lines": "1,2", "name": "Pioneer Square Station", "walkingMeters": 1067, "walkingSeconds": 774, "band": 15}]}, "geometry": {"type": "Point", "coordinates": [-122.3351746, 47.6102409]}}, {"type": "Feature", "properties": {"id": "d55a6374-32a2-4e3d-b180-b426d37d4672", "name": "Beth Meidinger - Heritage Bank", "category": "bank", "tags": ["bank", "credit", "union"], "sources": ["overture"], "website": "https://local.heritagebanknw.com/wa/seattle/1420-fifth-avenue/beth-meidinger", "phone": "2062044084", "address": "1420 5th Ave Ste 3600", "stations": [{"stopCode": 50, "lines": "1,2", "name": "Westlake Station", "walkingMeters": 207, "walkingSeconds": 151, "band": 5}, {"stopCode": 51, "lines": "1,2", "name": "Symphony Station", "walkingMeters": 388, "walkingSeconds": 279, "band": 5}, {"stopCode": 52, "lines": "1,2", "name": "Pioneer Square Station", "walkingMeters": 1067, "walkingSeconds": 774, "band": 15}]}, "geometry": {"type": "Point", "coordinates": [-122.3351746, 47.6102409]}}, {"type": "Feature", "properties": {"id": "77e78013-116d-44b9-8426-720cfecc1223", "name": "Gym", "category": "fitness_centre", "tags": ["fitness-centre", "gym"], "sources": ["overture"], "website": "http://www.thegymdallas.com/", "phone": "+12062621420", "address": "1420 Terry Ave", "stations": [{"stopCode": 50, "lines": "1,2", "name": "Westlake Station", "walkingMeters": 580, "walkingSeconds": 433, "band": 10}, {"stopCode": 51, "lines": "1,2", "name": "Symphony Station", "walkingMeters": 909, "walkingSeconds": 678, "band": 15}, {"stopCode": 49, "lines": "1,2", "name": "Capitol Hill Station", "walkingMeters": 1372, "walkingSeconds": 1024, "band": 15}]}, "geometry": {"type": "Point", "coordinates": [-122.3313141, 47.6132431]}}, {"type": "Feature", "properties": {"id": "18528d7e-e4fe-4302-a2ae-a1e1eacdf40b", "name": "24 Hour Fitness", "category": "fitness_centre", "tags": ["fitness-centre", "gym"], "sources": ["overture"], "website": "https://www.24hourfitness.com", "phone": "12066240651", "address": "1827 Yale Ave", "stations": [{"stopCode": 49, "lines": "1,2", "name": "Capitol Hill Station", "walkingMeters": 1030, "walkingSeconds": 769, "band": 10}, {"stopCode": 50, "lines": "1,2", "name": "Westlake Station", "walkingMeters": 1065, "walkingSeconds": 795, "band": 15}]}, "geometry": {"type": "Point", "coordinates": [-122.3305588, 47.6176567]}}, {"type": "Feature", "properties": {"id": 2312065996, "name": "Barry's", "category": "fitness_centre", "tags": ["fitness-centre", "gym"], "sources": ["osm", "overture"], "website": "https://www.barrys.com/studio/seattle", "phone": "+12066877180", "address": "112 Westlake Ave N", "stations": [{"stopCode": 50, "lines": "1,2", "name": "Westlake Station", "walkingMeters": 867, "walkingSeconds": 626, "band": 10}]}, "geometry": {"type": "Point", "coordinates": [-122.3382439, 47.6186876]}}, {"type": "Feature", "properties": {"id": 2327732098, "name": "Premier Pilates", "category": "sports_centre", "tags": ["sports-centre"], "sources": ["osm"], "website": "http://www.premierpilates1.com/", "phone": "+1-206-743-1841", "address": "2030 9th Avenue", "stations": [{"stopCode": 50, "lines": "1,2", "name": "Westlake Station", "walkingMeters": 730, "walkingSeconds": 527, "band": 10}, {"stopCode": 51, "lines": "1,2", "name": "Symphony Station", "walkingMeters": 1248, "walkingSeconds": 900, "band": 15}]}, "geometry": {"type": "Point", "coordinates": [-122.3366492, 47.6171223]}}, {"type": "Feature", "properties": {"id": 2327741486, "name": "Urban Yoga Spa", "category": "fitness_centre", "tags": ["fitness-centre", "yoga", "studio"], "sources": ["osm", "overture"], "website": "http://www.urbanyogaspa.com/", "phone": "+12064200222", "address": "1900 4th Ave", "stations": [{"stopCode": 50, "lines": "1,2", "name": "Westlake Station", "walkingMeters": 237, "walkingSeconds": 171, "band": 5}, {"stopCode": 51, "lines": "1,2", "name": "Symphony Station", "walkingMeters": 647, "walkingSeconds": 465, "band": 10}]}, "geometry": {"type": "Point", "coordinates": [-122.3388386, 47.6125881]}}, {"type": "Feature", "properties": {"id": 3881573099, "name": "Dryp Yoga", "category": "fitness_centre", "tags": ["fitness-centre", "yoga"], "sources": ["osm"], "address": "900 Lenora Street", "stations": [{"stopCode": 50, "lines": "1,2", "name": "Westlake Station", "walkingMeters": 848, "walkingSeconds": 612, "band": 10}, {"stopCode": 51, "lines": "1,2", "name": "Symphony Station", "walkingMeters": 1365, "walkingSeconds": 984, "band": 15}]}, "geometry": {"type": "Point", "coordinates": [-122.3376665, 47.6178958]}}, {"type": "Feature", "properties": {"id": 5583038825, "name": "SoulCycle", "category": "fitness_centre", "tags": ["fitness-centre", "cycling"], "sources": ["osm"], "website": "https://www.soul-cycle.com/", "phone": "+1-206-880-7880", "address": "2105 9th Avenue", "stations": [{"stopCode": 50, "lines": "1,2", "name": "Westlake Station", "walkingMeters": 716, "walkingSeconds": 517, "band": 10}, {"stopCode": 51, "lines": "1,2", "name": "Symphony Station", "walkingMeters": 1234, "walkingSeconds": 890, "band": 15}]}, "geometry": {"type": "Point", "coordinates": [-122.337356, 47.6171508]}}, {"type": "Feature", "properties": {"id": 5625223041, "name": "Pandora Fitness", "category": "fitness_centre", "tags": ["fitness-centre"], "sources": ["osm"], "website": "https://www.pandorafitness.com/", "phone": "+1-206-726-3672", "address": "1918 8th Avenue", "stations": [{"stopCode": 50, "lines": "1,2", "name": "Westlake Station", "walkingMeters": 556, "walkingSeconds": 402, "band": 10}, {"stopCode": 51, "lines": "1,2", "name": "Symphony Station", "walkingMeters": 1073, "walkingSeconds": 774, "band": 15}]}, "geometry": {"type": "Point", "coordinates": [-122.3362957, 47.6157236]}}, {"type": "Feature", "properties": {"id": 11214850366, "name": "Rowdy Box", "category": "fitness_centre", "tags": ["fitness-centre"], "sources": ["osm"], "address": "1918 4th Avenue", "stations": [{"stopCode": 50, "lines": "1,2", "name": "Westlake Station", "walkingMeters": 267, "walkingSeconds": 192, "band": 5}, {"stopCode": 51, "lines": "1,2", "name": "Symphony Station", "walkingMeters": 676, "walkingSeconds": 486, "band": 10}]}, "geometry": {"type": "Point", "coordinates": [-122.3391547, 47.6127427]}}, {"type": "Feature", "properties": {"id": 12626728185, "name": "SHRED415", "category": "fitness_centre", "tags": ["fitness-centre"], "sources": ["osm"], "address": "1823 Minor Avenue", "stations": [{"stopCode": 50, "lines": "1,2", "name": "Westlake Station", "walkingMeters": 896, "walkingSeconds": 644, "band": 15}, {"stopCode": 49, "lines": "1,2", "name": "Capitol Hill Station", "walkingMeters": 1037, "walkingSeconds": 753, "band": 15}]}, "geometry": {"type": "Point", "coordinates": [-122.3312457, 47.6170363]}}, {"type": "Feature", "properties": {"id": "b785e8df-6521-4a31-8e7c-1a1e86fedba8", "name": "Fitness Center", "category": "fitness_centre", "tags": ["fitness-centre", "gym"], "sources": ["overture"], "phone": "(206) 621-9000", "address": "1400 6th Ave", "stations": [{"stopCode": 50, "lines": "1,2", "name": "Westlake Station", "walkingMeters": 300, "walkingSeconds": 215, "band": 5}, {"stopCode": 51, "lines": "1,2", "name": "Symphony Station", "walkingMeters": 503, "walkingSeconds": 362, "band": 10}]}, "geometry": {"type": "Point", "coordinates": [-122.3336029, 47.6109924]}}, {"type": "Feature", "properties": {"id": "dc644149-164a-4b4c-a8c6-be873e774e3d", "name": "DRYP", "category": "fitness_centre", "tags": ["fitness-centre", "yoga", "studio"], "sources": ["overture"], "website": "http://drypyoga.com/", "phone": "+12066829642", "address": "900 Lenora St Unit 128", "stations": [{"stopCode": 50, "lines": "1,2", "name": "Westlake Station", "walkingMeters": 844, "walkingSeconds": 609, "band": 10}, {"stopCode": 51, "lines": "1,2", "name": "Symphony Station", "walkingMeters": 1362, "walkingSeconds": 982, "band": 15}, {"stopCode": 49, "lines": "1,2", "name": "Capitol Hill Station", "walkingMeters": 1412, "walkingSeconds": 1026, "band": 15}]}, "geometry": {"type": "Point", "coordinates": [-122.337677, 47.6179733]}}, {"type": "Feature", "properties": {"id": "5e7a15c4-65ae-4ad5-80af-b0263a4ab909", "name": "Heroics Training", "category": "fitness_centre", "tags": ["fitness-centre", "fitness", "trainer"], "sources": ["overture"], "website": "http://www.heroicstrainingsystems.com", "phone": "(866) 469-8660", "address": "900 Lenora St Ste 140", "stations": [{"stopCode": 50, "lines": "1,2", "name": "Westlake Station", "walkingMeters": 772, "walkingSeconds": 557, "band": 10}, {"stopCode": 51, "lines": "1,2", "name": "Symphony Station", "walkingMeters": 1289, "walkingSeconds": 929, "band": 15}]}, "geometry": {"type": "Point", "coordinates": [-122.3373871, 47.6176376]}}, {"type": "Feature", "properties": {"id": "26eabbf6-d064-4baa-95d7-1f2f5cdf65bb", "name": "Stretch 22 South Lake Union", "category": "fitness_centre", "tags": ["fitness-centre", "gym"], "sources": ["overture"], "website": "https://www.stretch22.com", "phone": "12062584110", "address": "826 Lenora St", "stations": [{"stopCode": 50, "lines": "1,2", "name": "Westlake Station", "walkingMeters": 685, "walkingSeconds": 495, "band": 10}, {"stopCode": 51, "lines": "1,2", "name": "Symphony Station", "walkingMeters": 1203, "walkingSeconds": 867, "band": 15}]}, "geometry": {"type": "Point", "coordinates": [-122.3373947, 47.6170692]}}, {"type": "Feature", "properties": {"id": "173e059a-fd8a-4563-8331-3d9eae6c3d4c", "name": "Vida Wellness Corporation", "category": "fitness_centre", "tags": ["fitness-centre", "yoga", "studio"], "sources": ["overture"], "phone": "+12062232073", "address": "900 Lenora St Ste 220", "stations": [{"stopCode": 50, "lines": "1,2", "name": "Westlake Station", "walkingMeters": 863, "walkingSeconds": 644, "band": 10}, {"stopCode": 51, "lines": "1,2", "name": "Symphony Station", "walkingMeters": 1411, "walkingSeconds": 1053, "band": 15}]}, "geometry": {"type": "Point", "coordinates": [-122.3372269, 47.6175346]}}, {"type": "Feature", "properties": {"id": "98f20b8a-7dc5-4fa5-879f-208c8d77196a", "name": "Be Luminous Yoga", "category": "fitness_centre", "tags": ["fitness-centre", "yoga", "studio"], "sources": ["overture"], "website": "beluminousyoga.com", "phone": "+12066829642", "address": "900 Lenora St Ste 128", "stations": [{"stopCode": 50, "lines": "1,2", "name": "Westlake Station", "walkingMeters": 863, "walkingSeconds": 644, "band": 10}, {"stopCode": 51, "lines": "1,2", "name": "Symphony Station", "walkingMeters": 1411, "walkingSeconds": 1053, "band": 15}]}, "geometry": {"type": "Point", "coordinates": [-122.3372269, 47.6175346]}}, {"type": "Feature", "properties": {"id": "6ec77646-c398-468d-88af-4d0ae52ee468", "name": "818 Stewart Fitness Center", "category": "fitness_centre", "tags": ["fitness-centre", "gym"], "sources": ["overture"], "website": "http://www.818stewart.info/toc.cfm", "phone": "(206) 436-1101", "address": "818 Stewart St", "stations": [{"stopCode": 50, "lines": "1,2", "name": "Westlake Station", "walkingMeters": 603, "walkingSeconds": 436, "band": 10}, {"stopCode": 51, "lines": "1,2", "name": "Symphony Station", "walkingMeters": 1120, "walkingSeconds": 808, "band": 15}, {"stopCode": 49, "lines": "1,2", "name": "Capitol Hill Station", "walkingMeters": 1296, "walkingSeconds": 939, "band": 15}]}, "geometry": {"type": "Point", "coordinates": [-122.3350067, 47.6156197]}}, {"type": "Feature", "properties": {"id": "4fb1461e-1421-4d99-aea1-d59de2131d38", "name": "Northwest Yoga Conference", "category": "fitness_centre", "tags": ["fitness-centre", "yoga", "studio"], "sources": ["overture"], "website": "https://nwyogaconference.com", "address": "705 Pike St", "stations": [{"stopCode": 50, "lines": "1,2", "name": "Westlake Station", "walkingMeters": 483, "walkingSeconds": 360, "band": 10}, {"stopCode": 51, "lines": "1,2", "name": "Symphony Station", "walkingMeters": 803, "walkingSeconds": 599, "band": 10}, {"stopCode": 49, "lines": "1,2", "name": "Capitol Hill Station", "walkingMeters": 1478, "walkingSeconds": 1103, "band": 15}]}, "geometry": {"type": "Point", "coordinates": [-122.3320389, 47.6126709]}}, {"type": "Feature", "properties": {"id": "a75dfb0c-2169-4199-822b-00c4c197e6cb", "name": "Gomotive", "category": "fitness_centre", "tags": ["fitness-centre", "fitness", "trainer"], "sources": ["overture"], "phone": "2064626379", "address": "1501 4th Ave  Ste 550", "stations": [{"stopCode": 50, "lines": "1,2", "name": "Westlake Station", "walkingMeters": 203, "walkingSeconds": 151, "band": 5}, {"stopCode": 51, "lines": "1,2", "name": "Symphony Station", "walkingMeters": 385, "walkingSeconds": 287, "band": 5}, {"stopCode": 52, "lines": "1,2", "name": "Pioneer Square Station", "walkingMeters": 1273, "walkingSeconds": 950, "band": 15}]}, "geometry": {"type": "Point", "coordinates": [-122.3375168, 47.6102715]}}, {"type": "Feature", "properties": {"id": "18318fb3-059d-4fd0-8c5c-cb5f6deb5139", "name": "Equality Life Coach", "category": "fitness_centre", "tags": ["fitness-centre", "fitness", "trainer"], "sources": ["overture"], "website": "http://Smilemasteryprogram.com/", "phone": "+14253152877", "address": "509 Olive Wy", "stations": [{"stopCode": 50, "lines": "1,2", "name": "Westlake Station", "walkingMeters": 169, "walkingSeconds": 126, "band": 5}, {"stopCode": 51, "lines": "1,2", "name": "Symphony Station", "walkingMeters": 716, "walkingSeconds": 534, "band": 10}]}, "geometry": {"type": "Point", "coordinates": [-122.3366852, 47.6127434]}}, {"type": "Feature", "properties": {"id": "290ddf86-79b9-4056-968c-3404cd58e31d", "name": "Soulful Flow Yoga", "category": "fitness_centre", "tags": ["fitness-centre", "yoga", "studio"], "sources": ["overture"], "website": "https://www.soulfulflowyoga.com", "address": "600 Pine St Suite 340", "stations": [{"stopCode": 50, "lines": "1,2", "name": "Westlake Station", "walkingMeters": 157, "walkingSeconds": 115, "band": 5}, {"stopCode": 51, "lines": "1,2", "name": "Symphony Station", "walkingMeters": 674, "walkingSeconds": 487, "band": 10}]}, "geometry": {"type": "Point", "coordinates": [-122.3353271, 47.6124916]}}, {"type": "Feature", "properties": {"id": "3685b988-0d74-4860-8a01-d646938ae612", "name": "Elevation Gains, Inc", "category": "fitness_centre", "tags": ["fitness-centre", "fitness", "trainer"], "sources": ["overture"], "website": "https://www.elevationgainsnw.com", "address": "1813 7th Ave", "stations": [{"stopCode": 50, "lines": "1,2", "name": "Westlake Station", "walkingMeters": 338, "walkingSeconds": 252, "band": 5}, {"stopCode": 51, "lines": "1,2", "name": "Symphony Station", "walkingMeters": 868, "walkingSeconds": 648, "band": 10}]}, "geometry": {"type": "Point", "coordinates": [-122.3357315, 47.6138115]}}, {"type": "Feature", "properties": {"id": "5fdcd577-4727-4ed7-9809-7589647294d9", "name": "Special Olympics Washington", "category": "sports_centre", "tags": ["sports-centre", "sports", "club", "league"], "sources": ["overture"], "website": "https://www.specialolympicswashington.org", "phone": "+12063624949", "address": "1809 7th Ave Ste 1509", "stations": [{"stopCode": 50, "lines": "1,2", "name": "Westlake Station", "walkingMeters": 330, "walkingSeconds": 246, "band": 5}, {"stopCode": 51, "lines": "1,2", "name": "Symphony Station", "walkingMeters": 857, "walkingSeconds": 640, "band": 10}]}, "geometry": {"type": "Point", "coordinates": [-122.33564, 47.6137352]}}, {"type": "Feature", "properties": {"id": "00649796-d34e-4a20-b613-65f66aefc50f", "name": "Zum Fitness", "category": "fitness_centre", "tags": ["fitness-centre", "gym"], "sources": ["overture"], "phone": "12064433933", "address": "1809 7th Ave  Ste 200", "stations": [{"stopCode": 50, "lines": "1,2", "name": "Westlake Station", "walkingMeters": 369, "walkingSeconds": 265, "band": 5}, {"stopCode": 51, "lines": "1,2", "name": "Symphony Station", "walkingMeters": 886, "walkingSeconds": 637, "band": 10}]}, "geometry": {"type": "Point", "coordinates": [-122.33564, 47.6137352]}}]}