{"type": "FeatureCollection", "features": [{"type": "Feature", "properties": {"id": "ff7563e6-0084-4401-a90d-1a3fcfe59d6d", "name": "Starbucks", "category": "cafe", "tags": ["cafe", "coffee"], "sources": ["overture"], "phone": "2063286920", "address": "417 Broadway E (Qfc-Seattle/Broadway M, Kt #887)", "stations": [{"stopCode": 49, "lines": "1,2", "name": "Capitol Hill Station", "walkingMeters": 473, "walkingSeconds": 342, "band": 10}]}, "geometry": {"type": "Point", "coordinates": [-122.3209305, 47.622551]}}, {"type": "Feature", "properties": {"id": 1539274992, "name": "Top Pot Doughnuts", "category": "cafe", "tags": ["cafe", "donut", "coffee-shop"], "sources": ["osm"], "phone": "+1-206-323-7841", "address": "609 Summit Avenue East", "hours": "Mo-Fr 06:00-19:00, Sa,Su 07:00-19:00", "stations": [{"stopCode": 49, "lines": "1,2", "name": "Capitol Hill Station", "walkingMeters": 1011, "walkingSeconds": 728, "band": 15}]}, "geometry": {"type": "Point", "coordinates": [-122.325475, 47.6246357]}}, {"type": "Feature", "properties": {"id": 1223295896, "name": "Pho Than Brothers", "category": "restaurant", "tags": ["restaurant", "vietnamese", "wheelchair-accessible"], "sources": ["osm", "overture"], "website": "https://www.thanbrothers.com", "phone": "12065687218", "address": "527 Broadway E", "hours": "11:00-20:00", "stations": [{"stopCode": 49, "lines": "1,2", "name": "Capitol Hill Station", "walkingMeters": 607, "walkingSeconds": 443, "band": 10}]}, "geometry": {"type": "Point", "coordinates": [-122.3211171, 47.6238838]}}, {"type": "Feature", "properties": {"id": "d70c5c08-ebb5-448f-8a3b-e6d6c995a21c", "name": "Pam's Kitchen", "category": "restaurant", "tags": ["restaurant", "caribbean"], "sources": ["overture"], "website": "http://pams-kitchen.com", "phone": "(206) 420-2320", "address": "609 Eastlake Ave E"}, "geometry": {"type": "Point", "coordinates": [-122.3294144, 47.6244926]}}, {"type": "Feature", "properties": {"id": "1c50819a-1b03-47a7-a278-3064eca5a62f", "name": "Samurai Noodle", "category": "restaurant", "tags": ["restaurant", "noodles"], "sources": ["overture"], "website": "http://www.samurainoodle.com/home.html", "phone": "(206) 323-7991", "address": "412 Broadway E", "stations": [{"stopCode": 49, "lines": "1,2", "name": "Capitol Hill Station", "walkingMeters": 438, "walkingSeconds": 320, "band": 10}]}, "geometry": {"type": "Point", "coordinates": [-122.3209152, 47.6224518]}}, {"type": "Feature", "properties": {"id": "fe36d525-d757-44ac-a5e3-c019d0b94575", "name": "Jai Thai", "category": "restaurant", "tags": ["restaurant", "thai"], "sources": ["overture"], "website": "jaithaimenu.com", "phone": "2062087010", "address": "235 Broadway E", "stations": [{"stopCode": 49, "lines": "1,2", "name": "Capitol Hill Station", "walkingMeters": 293, "walkingSeconds": 210, "band": 5}]}, "geometry": {"type": "Point", "coordinates": [-122.3211441, 47.6209526]}}, {"type": "Feature", "properties": {"id": 1539275003, "name": "De Luxe Bar & Grill", "category": "pub", "tags": ["pub", "air-conditioned", "restaurant", "bar-and-grill", "bar", "grill", "american"], "sources": ["osm", "overture"], "website": "https://deluxebarandgrill.com/", "phone": "+12063249697", "address": "625 Broadway E", "hours": "Mo-Th 12:00-23:00, Fr 12:00-24:00, Sa 10:00-12:00, Su 10:00-23:00", "stations": [{"stopCode": 49, "lines": "1,2", "name": "Capitol Hill Station", "walkingMeters": 735, "walkingSeconds": 537, "band": 10}]}, "geometry": {"type": "Point", "coordinates": [-122.3211759, 47.6250278]}}, {"type": "Feature", "properties": {"id": 2077157830, "name": "Aoki Sushi & Grill", "category": "restaurant", "tags": ["restaurant", "japanese", "sushi", "asian"], "sources": ["osm", "overture"], "website": "https://www.aokisushiandgrill.com", "phone": "+12065574595", "address": "621 Broadway E", "stations": [{"stopCode": 49, "lines": "1,2", "name": "Capitol Hill Station", "walkingMeters": 722, "walkingSeconds": 528, "band": 10}]}, "geometry": {"type": "Point", "coordinates": [-122.3211244, 47.6249184]}}, {"type": "Feature", "properties": {"id": 2077157832, "name": "Altura", "category": "restaurant", "tags": ["restaurant", "italian", "european"], "sources": ["osm", "overture"], "website": "http://alturarestaurant.com/", "phone": "+12064026749", "address": "617 Broadway E", "hours": "Tu-Th 17:30-22:00; Fr,Sa 17:00-22:00", "stations": [{"stopCode": 49, "lines": "1,2", "name": "Capitol Hill Station", "walkingMeters": 711, "walkingSeconds": 520, "band": 10}]}, "geometry": {"type": "Point", "coordinates": [-122.3211555, 47.6248147]}}, {"type": "Feature", "properties": {"id": 2077157833, "name": "Rom Mai Thai", "category": "restaurant", "tags": ["restaurant", "thai"], "sources": ["osm"], "website": "http://rommaithai.com", "address": "613 Broadway East", "hours": "Mo-Fr 11:00-14:30,16:00-21:30; Sa 11:00-21:30; Su 12:00-21:30", "stations": [{"stopCode": 49, "lines": "1,2", "name": "Capitol Hill Station", "walkingMeters": 702, "walkingSeconds": 513, "band": 10}]}, "geometry": {"type": "Point", "coordinates": [-122.32115, 47.6247346]}}, {"type": "Feature", "properties": {"id": 2077157834, "name": "Bober Tea", "category": "cafe", "tags": ["cafe", "bubble-tea", "donut"], "sources": ["osm"], "website": "https://www.boberteaseattle.com", "address": "605 Broadway East", "hours": "Mo off", "stations": [{"stopCode": 49, "lines": "1,2", "name": "Capitol Hill Station", "walkingMeters": 673, "walkingSeconds": 492, "band": 10}]}, "geometry": {"type": "Point", "coordinates": [-122.3211369, 47.6244757]}}, {"type": "Feature", "properties": {"id": 2077157836, "name": "Corvus & Co.", "category": "bar", "tags": ["bar"], "sources": ["osm"], "website": "https://www.corvusandcompany.com/", "address": "601 Broadway East", "hours": "Mo-Th 16:00-24:00, Fr-Su 14:00-02:00", "stations": [{"stopCode": 49, "lines": "1,2", "name": "Capitol Hill Station", "walkingMeters": 662, "walkingSeconds": 484, "band": 10}]}, "geometry": {"type": "Point", "coordinates": [-122.321133, 47.6243734]}}, {"type": "Feature", "properties": {"id": 2077157840, "name": "Local Bigger Burger", "category": "restaurant", "tags": ["restaurant", "burger"], "sources": ["osm", "overture"], "website": "https://www.localbiggerburger.com/", "phone": "+14255186536", "address": "515 Broadway E", "hours": "Mo-Su 11:00-22:00", "stations": [{"stopCode": 49, "lines": "1,2", "name": "Capitol Hill Station", "walkingMeters": 581, "walkingSeconds": 424, "band": 10}]}, "geometry": {"type": "Point", "coordinates": [-122.321114, 47.62365]}}, {"type": "Feature", "properties": {"id": 2077157841, "name": "Sweet You", "category": "cafe", "tags": ["cafe"], "sources": ["osm"], "address": "509 Broadway East", "stations": [{"stopCode": 49, "lines": "1,2", "name": "Capitol Hill Station", "walkingMeters": 566, "walkingSeconds": 414, "band": 10}]}, "geometry": {"type": "Point", "coordinates": [-122.321113, 47.6235137]}}, {"type": "Feature", "properties": {"id": 2077272330, "name": "Nacho Borracho", "category": "restaurant", "tags": ["restaurant", "mexican", "has-bar", "bar", "cocktail"], "sources": ["osm", "overture"], "website": "http://www.nachoborrachoseattle.com/", "phone": "+12064662434", "address": "209 Broadway E", "stations": [{"stopCode": 49, "lines": "1,2", "name": "Capitol Hill Station", "walkingMeters": 193, "walkingSeconds": 139, "band": 5}]}, "geometry": {"type": "Point", "coordinates": [-122.32104, 47.6201245]}}, {"type": "Feature", "properties": {"id": 2077272332, "name": "Mirch Masala", "category": "restaurant", "tags": ["restaurant", "indian", "wheelchair-accessible", "vegetarian", "vegan"], "sources": ["osm"], "website": "https://www.mirchmasalaseattle.com/", "phone": "+1-206-322-1187", "address": "213 Broadway East", "hours": "Mo-Su 11:00-22:00", "stations": [{"stopCode": 49, "lines": "1,2", "name": "Capitol Hill Station", "walkingMeters": 213, "walkingSeconds": 153, "band": 5}]}, "geometry": {"type": "Point", "coordinates": [-122.3210914, 47.6202975]}}, {"type": "Feature", "properties": {"id": 2077272338, "name": "Americana", "category": "restaurant", "tags": ["restaurant", "american"], "sources": ["osm"], "address": "219 Broadway East", "hours": "09:00-15:00", "stations": [{"stopCode": 49, "lines": "1,2", "name": "Capitol Hill Station", "walkingMeters": 237, "walkingSeconds": 171, "band": 5}]}, "geometry": {"type": "Point", "coordinates": [-122.321088, 47.6205181]}}, {"type": "Feature", "properties": {"id": 2077272339, "name": "Sumo", "category": "restaurant", "tags": ["restaurant"], "sources": ["osm"], "address": "219 Broadway East", "hours": "13:00-25:00", "stations": [{"stopCode": 49, "lines": "1,2", "name": "Capitol Hill Station", "walkingMeters": 248, "walkingSeconds": 179, "band": 5}]}, "geometry": {"type": "Point", "coordinates": [-122.3210883, 47.6206201]}}, {"type": "Feature", "properties": {"id": 2131716660, "name": "Julia's", "category": "bar", "tags": ["bar"], "sources": ["osm"], "address": "300 Broadway East", "hours": "Mo-Su 12:00-16:00", "stations": [{"stopCode": 49, "lines": "1,2", "name": "Capitol Hill Station", "walkingMeters": 300, "walkingSeconds": 216, "band": 5}]}, "geometry": {"type": "Point", "coordinates": [-122.3206536, 47.621253]}}, {"type": "Feature", "properties": {"id": 2131716752, "name": "Seoul Tofu & Jjim", "category": "restaurant", "tags": ["restaurant", "korean", "indoor-seating", "vegetarian"], "sources": ["osm", "overture"], "website": "http://www.tofunjjim.com/", "phone": "2062575642", "address": "406 Broadway E", "hours": "Mo,We-Th 11:00-21:00; Fr-Sa 12:00-22:30; Su 12:00-21:30", "stations": [{"stopCode": 49, "lines": "1,2", "name": "Capitol Hill Station", "walkingMeters": 409, "walkingSeconds": 294, "band": 5}]}, "geometry": {"type": "Point", "coordinates": [-122.3207127, 47.6222063]}}, {"type": "Feature", "properties": {"id": 2131716758, "name": "Pinto Bistro Thai & Sushi Bar", "category": "restaurant", "tags": ["restaurant", "thai", "vegetarian"], "sources": ["osm"], "website": "http://www.pintothaibistro.com/", "phone": "+1-206-724-0559", "address": "408 Broadway East", "stations": [{"stopCode": 49, "lines": "1,2", "name": "Capitol Hill Station", "walkingMeters": 419, "walkingSeconds": 301, "band": 5}]}, "geometry": {"type": "Point", "coordinates": [-122.3207061, 47.6222936]}}, {"type": "Feature", "properties": {"id": 2131716769, "name": "Guillotine", "category": "bar", "tags": ["bar", "cocktail"], "sources": ["osm", "overture"], "website": "https://guillotine.restaurant/", "address": "410 Broadway E", "stations": [{"stopCode": 49, "lines": "1,2", "name": "Capitol Hill Station", "walkingMeters": 428, "walkingSeconds": 308, "band": 5}]}, "geometry": {"type": "Point", "coordinates": [-122.3207011, 47.6223791]}}, {"type": "Feature", "properties": {"id": 2131716777, "name": "Du\u00e9 Cucina Italiana", "category": "restaurant", "tags": ["restaurant", "pasta"], "sources": ["osm"], "website": "https://duecucina.com", "address": "412 Broadway East", "stations": [{"stopCode": 49, "lines": "1,2", "name": "Capitol Hill Station", "walkingMeters": 436, "walkingSeconds": 314, "band": 5}]}, "geometry": {"type": "Point", "coordinates": [-122.3207132, 47.6224488]}}, {"type": "Feature", "properties": {"id": 2131716821, "name": "Chandelier Lounge", "category": "bar", "tags": ["bar"], "sources": ["osm"], "address": "416 Broadway East", "hours": "We-Sa 17:00-24:00, Sa 10:00-14:00, Su 10:00-19:00", "stations": [{"stopCode": 49, "lines": "1,2", "name": "Capitol Hill Station", "walkingMeters": 447, "walkingSeconds": 322, "band": 10}]}, "geometry": {"type": "Point", "coordinates": [-122.320704, 47.622546]}}, {"type": "Feature", "properties": {"id": 2131716853, "name": "Broadway Wok", "category": "restaurant", "tags": ["restaurant", "chinese", "thai", "indoor-seating", "asian"], "sources": ["osm", "overture"], "website": "https://www.broadwaywok.com/", "phone": "+12064202999", "address": "420 Broadway E", "hours": "Mo-Su 11:00-20:00", "stations": [{"stopCode": 49, "lines": "1,2", "name": "Capitol Hill Station", "walkingMeters": 458, "walkingSeconds": 330, "band": 10}]}, "geometry": {"type": "Point", "coordinates": [-122.3206951, 47.6226482]}}, {"type": "Feature", "properties": {"id": 2131716887, "name": "Capitale", "category": "restaurant", "tags": ["restaurant", "pizza", "italian"], "sources": ["osm"], "website": "https://capitalepizzeria.com/", "phone": "+1-206-472-1105", "address": "426 Broadway East", "stations": [{"stopCode": 49, "lines": "1,2", "name": "Capitol Hill Station", "walkingMeters": 476, "walkingSeconds": 343, "band": 10}]}, "geometry": {"type": "Point", "coordinates": [-122.3207093, 47.622812]}}, {"type": "Feature", "properties": {"id": 2131716899, "name": "Emerald City Smoothie", "category": "ice_cream", "tags": ["ice-cream"], "sources": ["osm"], "website": "https://emeraldcitysmoothie.com/", "address": "428 Broadway East", "hours": "Mo-Fr 08:00-19:00; Sa 09:00-19:00; Su 10:00-18:00", "stations": [{"stopCode": 49, "lines": "1,2", "name": "Capitol Hill Station", "walkingMeters": 484, "walkingSeconds": 348, "band": 10}]}, "geometry": {"type": "Point", "coordinates": [-122.3207158, 47.622883]}}, {"type": "Feature", "properties": {"id": 2131716914, "name": "La Cocina y Cantina", "category": "restaurant", "tags": ["restaurant", "mexican", "indoor-seating"], "sources": ["osm"], "website": "https://www.lacocinabroadway.com/", "phone": "+1-206-323-1675", "address": "432 Broadway East", "stations": [{"stopCode": 49, "lines": "1,2", "name": "Capitol Hill Station", "walkingMeters": 491, "walkingSeconds": 354, "band": 10}]}, "geometry": {"type": "Point", "coordinates": [-122.3207259, 47.6229474]}}, {"type": "Feature", "properties": {"id": 2131716935, "name": "Bait Shop", "category": "bar", "tags": ["bar"], "sources": ["osm"], "website": "https://www.baitshopseattle.com/", "phone": "+1-206-324-2635", "address": "606 Broadway East", "hours": "Mo-Su 16:00-02:00", "stations": [{"stopCode": 49, "lines": "1,2", "name": "Capitol Hill Station", "walkingMeters": 683, "walkingSeconds": 492, "band": 10}]}, "geometry": {"type": "Point", "coordinates": [-122.3207356, 47.6246294]}}, {"type": "Feature", "properties": {"id": 2131716956, "name": "BusanJeong", "category": "restaurant", "tags": ["restaurant", "korean"], "sources": ["osm"], "address": "618 Broadway East", "stations": [{"stopCode": 49, "lines": "1,2", "name": "Capitol Hill Station", "walkingMeters": 717, "walkingSeconds": 516, "band": 10}]}, "geometry": {"type": "Point", "coordinates": [-122.3206979, 47.6249235]}}, {"type": "Feature", "properties": {"id": 2131716963, "name": "Carrello", "category": "restaurant", "tags": ["restaurant", "italian", "outdoor-seating", "indoor-seating", "european"], "sources": ["osm", "overture"], "website": "http://carrellorestaurant.com/", "phone": "+12062575622", "address": "622 Broadway E", "stations": [{"stopCode": 49, "lines": "1,2", "name": "Capitol Hill Station", "walkingMeters": 763, "walkingSeconds": 550, "band": 10}]}, "geometry": {"type": "Point", "coordinates": [-122.3205321, 47.6249602]}}, {"type": "Feature", "properties": {"id": 2131717370, "name": "Herb & Bitter", "category": "restaurant", "tags": ["restaurant", "has-bar"], "sources": ["osm"], "website": "https://www.herbandbitter.com/", "phone": "+1-206-708-6468", "address": "516 Broadway East", "hours": "We,Th,Su 16:00-23:00; Fr-Sa 16:00-24:00; Mo,Tu off", "stations": [{"stopCode": 49, "lines": "1,2", "name": "Capitol Hill Station", "walkingMeters": 568, "walkingSeconds": 409, "band": 10}]}, "geometry": {"type": "Point", "coordinates": [-122.3207443, 47.6236124]}}, {"type": "Feature", "properties": {"id": 2131717376, "name": "Espresso Vivace", "category": "cafe", "tags": ["cafe", "coffee-shop", "outdoor-seating", "indoor-seating", "wifi", "coffee"], "sources": ["osm", "overture"], "website": "http://www.espressovivace.com/", "phone": "+12068602722", "address": "532 Broadway E", "hours": "Mo-Su 06:00-19:00", "stations": [{"stopCode": 49, "lines": "1,2", "name": "Capitol Hill Station", "walkingMeters": 588, "walkingSeconds": 424, "band": 10}]}, "geometry": {"type": "Point", "coordinates": [-122.3207443, 47.6238007]}}, {"type": "Feature", "properties": {"id": 2131717379, "name": "Star", "category": "restaurant", "tags": ["restaurant", "japanese", "sushi"], "sources": ["osm"], "address": "538 Broadway East", "hours": "Su-Th 16:00-21:00; Fr,Sa 16:00-21:30; Mo off", "stations": [{"stopCode": 49, "lines": "1,2", "name": "Capitol Hill Station", "walkingMeters": 622, "walkingSeconds": 448, "band": 10}]}, "geometry": {"type": "Point", "coordinates": [-122.3207443, 47.6241073]}}, {"type": "Feature", "properties": {"id": 2147295880, "name": "Sol Liquor Lounge", "category": "bar", "tags": ["bar", "outdoor-seating", "air-conditioned", "wifi", "cocktail"], "sources": ["osm", "overture"], "website": "http://www.sunliquor.com/", "phone": "+12068601130", "address": "607 Summit Ave E", "stations": [{"stopCode": 49, "lines": "1,2", "name": "Capitol Hill Station", "walkingMeters": 1005, "walkingSeconds": 724, "band": 15}]}, "geometry": {"type": "Point", "coordinates": [-122.3254752, 47.6245856]}}, {"type": "Feature", "properties": {"id": 2158667407, "name": "Analog Coffee", "category": "cafe", "tags": ["cafe", "coffee-shop", "outdoor-seating", "indoor-seating", "vegetarian", "vegan", "wifi", "coffee", "american"], "sources": ["osm", "overture"], "website": "http://www.analogcoffee.com/", "phone": "+12063907670", "address": "235 Summit Ave E", "hours": "Mo-Su 07:00-18:00", "stations": [{"stopCode": 49, "lines": "1,2", "name": "Capitol Hill Station", "walkingMeters": 624, "walkingSeconds": 448, "band": 10}]}, "geometry": {"type": "Point", "coordinates": [-122.325462, 47.6207259]}}, {"type": "Feature", "properties": {"id": 2158667650, "name": "B~side Foods", "category": "restaurant", "tags": ["restaurant", "new-american", "vegetarian", "vegan", "breakfast-and-brunch", "breakfast", "brunch"], "sources": ["osm", "overture"], "website": "http://bside.cool/", "phone": "+12063907670", "address": "421 E Lenny Wilkens Way", "hours": "Mo-Su 08:00-14:00", "stations": [{"stopCode": 49, "lines": "1,2", "name": "Capitol Hill Station", "walkingMeters": 632, "walkingSeconds": 454, "band": 10}]}, "geometry": {"type": "Point", "coordinates": [-122.325587, 47.6207302]}}, {"type": "Feature", "properties": {"id": 2158667875, "name": "Ishoni Yakiniku", "category": "restaurant", "tags": ["restaurant", "japanese", "barbecue", "asian"], "sources": ["osm", "overture"], "website": "https://www.sevenrooms.com/explore/ishoniyakiniku/reservations/create/search/", "phone": "+14254550898", "address": "611 Broadway E", "hours": "We-Th 18:30-21:30, Fr-Sa 18:30-23:00, Su 05:30-21:30", "stations": [{"stopCode": 49, "lines": "1,2", "name": "Capitol Hill Station", "walkingMeters": 691, "walkingSeconds": 505, "band": 10}]}, "geometry": {"type": "Point", "coordinates": [-122.3211449, 47.6246337]}}, {"type": "Feature", "properties": {"id": 2158750716, "name": "Rondo", "category": "restaurant", "tags": ["restaurant", "japanese", "outdoor-seating", "indoor-seating", "wifi"], "sources": ["osm"], "website": "https://www.rondojapanesekitchen.com", "phone": "+1-206-588-2051", "address": "224 Broadway East", "hours": "We-Mo 11:30-21:00", "stations": [{"stopCode": 49, "lines": "1,2", "name": "Capitol Hill Station", "walkingMeters": 240, "walkingSeconds": 172, "band": 5}]}, "geometry": {"type": "Point", "coordinates": [-122.3206369, 47.6207375]}}, {"type": "Feature", "properties": {"id": 2158772347, "name": "Single Shot", "category": "restaurant", "tags": ["restaurant", "bar", "american"], "sources": ["osm", "overture"], "website": "http://www.singleshotseattle.com/", "phone": "+12064202238", "address": "611 Summit Ave E", "stations": [{"stopCode": 49, "lines": "1,2", "name": "Capitol Hill Station", "walkingMeters": 1015, "walkingSeconds": 731, "band": 15}]}, "geometry": {"type": "Point", "coordinates": [-122.325476, 47.624673]}}, {"type": "Feature", "properties": {"id": 2158772348, "name": "Summit Public House", "category": "bar", "tags": ["bar", "burger", "pub", "mexican"], "sources": ["osm", "overture"], "website": "http://summitpublichouseseattle.goodbistros.com", "phone": "+12063247611", "address": "601 Summit Ave E #102", "stations": [{"stopCode": 49, "lines": "1,2", "name": "Capitol Hill Station", "walkingMeters": 989, "walkingSeconds": 713, "band": 15}]}, "geometry": {"type": "Point", "coordinates": [-122.325569, 47.6244062]}}, {"type": "Feature", "properties": {"id": 2158772503, "name": "Cafe Lolo", "category": "restaurant", "tags": ["restaurant", "vegetarian"], "sources": ["osm"], "address": "806 East Roy Street", "stations": [{"stopCode": 49, "lines": "1,2", "name": "Capitol Hill Station", "walkingMeters": 807, "walkingSeconds": 589, "band": 10}]}, "geometry": {"type": "Point", "coordinates": [-122.321767, 47.6252241]}}, {"type": "Feature", "properties": {"id": 2198932065, "name": "Bean Espresso", "category": "cafe", "tags": ["cafe", "coffee-shop"], "sources": ["osm"], "address": "321 Broadway East", "hours": "Mo-Su 07:00-17:30", "stations": [{"stopCode": 49, "lines": "1,2", "name": "Capitol Hill Station", "walkingMeters": 356, "walkingSeconds": 258, "band": 5}]}, "geometry": {"type": "Point", "coordinates": [-122.321163, 47.6216095]}}, {"type": "Feature", "properties": {"id": "c090f7b3-43e0-4b9a-8e2f-6d050dffd439", "name": "Einstein Bros Bagels", "category": "bakery", "tags": ["bakery", "bagel"], "sources": ["overture"], "website": "http://www.einsteinbros.com/", "phone": "2064548526", "address": "224 Broadway E", "stations": [{"stopCode": 49, "lines": "1,2", "name": "Capitol Hill Station", "walkingMeters": 232, "walkingSeconds": 167, "band": 5}]}, "geometry": {"type": "Point", "coordinates": [-122.3209076, 47.6206856]}}, {"type": "Feature", "properties": {"id": "d998e667-62ce-4ddf-af71-c7c60098e997", "name": "Cafe flora", "category": "cafe", "tags": ["cafe", "coffee"], "sources": ["overture"], "website": "https://florarestaurantgroup.com/restaurant/cafe-flora-seattle", "phone": "(206) 325-9100", "stations": [{"stopCode": 49, "lines": "1,2", "name": "Capitol Hill Station", "walkingMeters": 882, "walkingSeconds": 641, "band": 15}]}, "geometry": {"type": "Point", "coordinates": [-122.3220825, 47.6255722]}}, {"type": "Feature", "properties": {"id": "3b1bceba-ca1b-4f64-a238-563dd3fc0032", "name": "Mr Gyros", "category": "restaurant", "tags": ["restaurant", "greek"], "sources": ["overture"], "website": "http://www.mrgyroseattle.com", "phone": "(206) 568-2325", "address": "327 Broadway E # E-5414", "stations": [{"stopCode": 49, "lines": "1,2", "name": "Capitol Hill Station", "walkingMeters": 308, "walkingSeconds": 222, "band": 5}]}, "geometry": {"type": "Point", "coordinates": [-122.3207397, 47.6213226]}}, {"type": "Feature", "properties": {"id": 2423558933, "name": "Cornelly", "category": "restaurant", "tags": ["restaurant", "italian", "pizza", "comfort-food", "american"], "sources": ["osm", "overture"], "website": "https://www.cornellyseattle.com", "address": "601 Summit Ave E", "hours": "Su-Th 17:00-21:00; Fr-Sa 17:00-22:00", "stations": [{"stopCode": 49, "lines": "1,2", "name": "Capitol Hill Station", "walkingMeters": 993, "walkingSeconds": 715, "band": 15}]}, "geometry": {"type": "Point", "coordinates": [-122.325473, 47.6244717]}}, {"type": "Feature", "properties": {"id": "040ce0f6-dcb1-4b4c-8e58-2ac76c091523", "name": "Due Cucina", "category": "restaurant", "tags": ["restaurant", "italian", "mediterranean"], "sources": ["overture"], "website": "https://www.duecucina.com", "phone": "+12062086670", "address": "412 Broadway E", "stations": [{"stopCode": 49, "lines": "1,2", "name": "Capitol Hill Station", "walkingMeters": 493, "walkingSeconds": 368, "band": 5}]}, "geometry": {"type": "Point", "coordinates": [-122.3207855, 47.622448]}}, {"type": "Feature", "properties": {"id": "e2659d1d-140d-478d-a867-905d742c8efd", "name": "tea republik", "category": "cafe", "tags": ["cafe", "tea", "room"], "sources": ["overture"], "website": "http://www.tearepublik.com", "phone": "(206) 829-0055", "address": "202 Broadway E", "stations": [{"stopCode": 49, "lines": "1,2", "name": "Capitol Hill Station", "walkingMeters": 152, "walkingSeconds": 109, "band": 5}]}, "geometry": {"type": "Point", "coordinates": [-122.3205566, 47.620079]}}, {"type": "Feature", "properties": {"id": 2735167746, "name": "Tacos Chukis", "category": "restaurant", "tags": ["restaurant", "mexican", "vegetarian", "taco", "latin-american"], "sources": ["osm", "overture"], "website": "http://seattlechukis.com/", "phone": "+12069058537", "address": "The Alley, 219 Broadway E Building, 26B", "hours": "11:00-22:00", "stations": [{"stopCode": 49, "lines": "1,2", "name": "Capitol Hill Station", "walkingMeters": 277, "walkingSeconds": 202, "band": 5}]}, "geometry": {"type": "Point", "coordinates": [-122.3214782, 47.6205379]}}, {"type": "Feature", "properties": {"id": 1282650728, "name": "Kitanda", "category": "cafe", "tags": ["cafe", "coffee-shop", "takeaway"], "sources": ["osm"], "website": "https://www.kitanda.com/", "phone": "+1-206-588-0596", "address": "200 Broadway East", "hours": "Mo-Sa 07:00-19:00; Su 08:00-18:00", "stations": [{"stopCode": 49, "lines": "1,2", "name": "Capitol Hill Station", "walkingMeters": 161, "walkingSeconds": 116, "band": 5}]}, "geometry": {"type": "Point", "coordinates": [-122.3206563, 47.6200355]}}, {"type": "Feature", "properties": {"id": "5d30f756-224b-473f-a718-e7d3b2f1d2e1", "name": "Pho Cyclo Cafe", "category": "restaurant", "tags": ["restaurant", "vietnamese"], "sources": ["overture"], "website": "http://phocyclocafe.com/", "phone": "(206) 329-9256", "address": "406 Broadway E", "stations": [{"stopCode": 49, "lines": "1,2", "name": "Capitol Hill Station", "walkingMeters": 410, "walkingSeconds": 299, "band": 5}]}, "geometry": {"type": "Point", "coordinates": [-122.3209229, 47.6221962]}}, {"type": "Feature", "properties": {"id": "4c976ea5-c909-42e1-ae53-3b63bf413293", "name": "Teriyaki & Wok", "category": "restaurant", "tags": ["restaurant", "japanese"], "sources": ["overture"], "phone": "12067099888", "address": "324 Broadway E", "stations": [{"stopCode": 49, "lines": "1,2", "name": "Capitol Hill Station", "walkingMeters": 374, "walkingSeconds": 269, "band": 5}]}, "geometry": {"type": "Point", "coordinates": [-122.3205032, 47.6218224]}}, {"type": "Feature", "properties": {"id": 5680792525, "name": "Taneda Sushi", "category": "restaurant", "tags": ["restaurant", "japanese", "sushi", "reservations"], "sources": ["osm"], "website": "https://tanedaseattle.com", "address": "219 Broadway East", "stations": [{"stopCode": 49, "lines": "1,2", "name": "Capitol Hill Station", "walkingMeters": 277, "walkingSeconds": 201, "band": 5}]}, "geometry": {"type": "Point", "coordinates": [-122.321342, 47.6205327]}}, {"type": "Feature", "properties": {"id": 5972424385, "name": "Basecamp Cafe", "category": "cafe", "tags": ["cafe", "coffee-shop", "tea", "outdoor-seating", "wifi"], "sources": ["osm"], "website": "https://www.joingearhouse.com/basecampcafe", "phone": "+1-206-309-5088", "address": "800 East Thomas Street", "hours": "Mo-Fr 07:30-20:00; Sa-Su 07:00-19:00", "stations": [{"stopCode": 49, "lines": "1,2", "name": "Capitol Hill Station", "walkingMeters": 356, "walkingSeconds": 256, "band": 5}]}, "geometry": {"type": "Point", "coordinates": [-122.32172, 47.6212133]}}, {"type": "Feature", "properties": {"id": 206084190, "name": "Pizza Twist", "category": "fast_food", "tags": ["fast-food", "pizza", "indoor-seating", "takeaway", "delivery", "vegan", "gluten-free", "restaurant", "vegetarian", "italian"], "sources": ["osm", "overture"], "website": "https://pizzatwist.com/", "phone": "+12066709070", "address": "510 Broadway E", "hours": "Mo-Su 14:00-01:55", "stations": [{"stopCode": 49, "lines": "1,2", "name": "Capitol Hill Station", "walkingMeters": 555, "walkingSeconds": 400, "band": 10}]}, "geometry": {"type": "Point", "coordinates": [-122.3206631, 47.6235036]}}, {"type": "Feature", "properties": {"id": 6405195177, "name": "Mintish", "category": "cafe", "tags": ["cafe", "coffee-shop"], "sources": ["osm"], "website": "https://mintishcoffee.com/", "address": "515 Harvard Avenue East", "hours": "Mo-Su 08:00-18:00", "stations": [{"stopCode": 49, "lines": "1,2", "name": "Capitol Hill Station", "walkingMeters": 674, "walkingSeconds": 487, "band": 10}]}, "geometry": {"type": "Point", "coordinates": [-122.3221771, 47.6237821]}}, {"type": "Feature", "properties": {"id": 6466869097, "name": "Galbi Burger", "category": "restaurant", "tags": ["restaurant", "burger", "korean", "indoor-seating", "vegetarian"], "sources": ["osm"], "website": "https://www.galbi-burger.com", "address": "219 Broadway East", "stations": [{"stopCode": 49, "lines": "1,2", "name": "Capitol Hill Station", "walkingMeters": 282, "walkingSeconds": 205, "band": 5}]}, "geometry": {"type": "Point", "coordinates": [-122.3213415, 47.6205781]}}, {"type": "Feature", "properties": {"id": 8140507222, "name": "Harry's Fine Foods", "category": "restaurant", "tags": ["restaurant", "new-american", "american"], "sources": ["osm", "overture"], "website": "http://www.harrysfinefoods.com/", "phone": "+12064329285", "address": "601 Bellevue Ave E", "hours": "Mo-Th 17:00-21:00; Fr 17:00-22:00; Sa 09:00-15:00, 17:00-22:00; Su 09:00-15:00", "stations": [{"stopCode": 49, "lines": "1,2", "name": "Capitol Hill Station", "walkingMeters": 1086, "walkingSeconds": 782, "band": 15}]}, "geometry": {"type": "Point", "coordinates": [-122.3267763, 47.6244359]}}, {"type": "Feature", "properties": {"id": 8779053497, "name": "Offline Coffee Co.", "category": "cafe", "tags": ["cafe", "coffee-shop"], "sources": ["osm", "overture"], "website": "http://offlinecoffee.co/", "address": "711 Bellevue Ave E", "stations": [{"stopCode": 49, "lines": "1,2", "name": "Capitol Hill Station", "walkingMeters": 1229, "walkingSeconds": 885, "band": 15}]}, "geometry": {"type": "Point", "coordinates": [-122.3268231, 47.625731]}}, {"type": "Feature", "properties": {"id": 9387239468, "name": "The Lookout", "category": "pub", "tags": ["pub", "american", "outdoor-seating", "brewery", "air-conditioned", "restaurant", "bar-and-grill", "bar", "grill"], "sources": ["osm", "overture"], "website": "http://www.thelookoutcapitolhill.com/", "phone": "+12069223767", "address": "757 Bellevue Ave E", "hours": "Mo-Fr 16:00-02:00, Sa-Su 11:00-02:00", "stations": [{"stopCode": 49, "lines": "1,2", "name": "Capitol Hill Station", "walkingMeters": 1306, "walkingSeconds": 942, "band": 15}]}, "geometry": {"type": "Point", "coordinates": [-122.326779, 47.6267473]}}, {"type": "Feature", "properties": {"id": 12098150071, "name": "Antojos Jalisco", "category": "fast_food", "tags": ["fast-food", "mexican", "takeaway"], "sources": ["osm"], "phone": "+1-206-666-5659", "stations": [{"stopCode": 49, "lines": "1,2", "name": "Capitol Hill Station", "walkingMeters": 363, "walkingSeconds": 261, "band": 5}]}, "geometry": {"type": "Point", "coordinates": [-122.3206775, 47.621721]}}, {"type": "Feature", "properties": {"id": 13088669685, "name": "Lowlander Brewing", "category": "bar", "tags": ["bar", "brewery", "air-conditioned"], "sources": ["osm"], "address": "500 Yale Avenue North", "hours": "24/7"}, "geometry": {"type": "Point", "coordinates": [-122.3295779, 47.6236561]}}, {"type": "Feature", "properties": {"id": 13088669686, "name": "Un Po Tipsy Pizzeria", "category": "fast_food", "tags": ["fast-food", "pizza"], "sources": ["osm"], "address": "419 Occidental Ave", "hours": "24/7"}, "geometry": {"type": "Point", "coordinates": [-122.3295705, 47.623535]}}, {"type": "Feature", "properties": {"id": 206047334, "name": "Taqueria El Pastorcito", "category": "restaurant", "tags": ["restaurant"], "sources": ["osm"], "address": "314 Broadway East", "stations": [{"stopCode": 49, "lines": "1,2", "name": "Capitol Hill Station", "walkingMeters": 338, "walkingSeconds": 243, "band": 5}]}, "geometry": {"type": "Point", "coordinates": [-122.3205911, 47.6215894]}}, {"type": "Feature", "properties": {"id": 206074441, "name": "Birreria Jalisco", "category": "restaurant", "tags": ["restaurant", "mexican"], "sources": ["osm"], "address": "324 Broadway East", "stations": [{"stopCode": 49, "lines": "1,2", "name": "Capitol Hill Station", "walkingMeters": 374, "walkingSeconds": 269, "band": 5}]}, "geometry": {"type": "Point", "coordinates": [-122.320498, 47.6218245]}}, {"type": "Feature", "properties": {"id": 818256387, "name": "Post Pike Bar & Cafe", "category": "bar", "tags": ["bar", "outdoor-seating", "indoor-seating", "wheelchair-accessible", "wifi", "cafe"], "sources": ["osm", "overture"], "website": "http://www.postpikebar.com/", "phone": "+12064024983", "address": "212 Broadway E Unit A", "hours": "Mo-Th 08:00-23:00; Fr 08:00-01:00; Sa 09:00-01:00; Su 09:00-22:00", "stations": [{"stopCode": 49, "lines": "1,2", "name": "Capitol Hill Station", "walkingMeters": 206, "walkingSeconds": 148, "band": 5}]}, "geometry": {"type": "Point", "coordinates": [-122.3205547, 47.6203618]}}, {"type": "Feature", "properties": {"id": 1282650725, "name": "Hi Tea Cafe", "category": "cafe", "tags": ["cafe", "bubble-tea"], "sources": ["osm"], "website": "https://www.ordertogo.com/restaurants/yoyo/mesh", "phone": "+1-206-829-8039", "address": "202 Broadway East", "hours": "Th-Tu 12:00-19:00", "stations": [{"stopCode": 49, "lines": "1,2", "name": "Capitol Hill Station", "walkingMeters": 170, "walkingSeconds": 122, "band": 5}]}, "geometry": {"type": "Point", "coordinates": [-122.3206563, 47.6200893]}}, {"type": "Feature", "properties": {"id": "867af5bf-681e-4a3d-97aa-f13008d913bc", "name": "Cafe Venus / Mars Bar", "category": "bar", "tags": ["bar"], "sources": ["overture"], "website": "http://cafevenus.com/", "phone": "(206) 624-4516", "address": "609 Eastlake Ave E"}, "geometry": {"type": "Point", "coordinates": [-122.3292236, 47.6244774]}}, {"type": "Feature", "properties": {"id": "f7ed308f-ee9a-44ed-bf37-257cf2f29edf", "name": "Emerald City Soul Club presents:", "category": "bar", "tags": ["bar"], "sources": ["overture"], "website": "https://emeraldcitysoulclub.wixsite.com/mysite", "phone": "+12069547229", "address": "429 Eastlake Ave E", "stations": [{"stopCode": 49, "lines": "1,2", "name": "Capitol Hill Station", "walkingMeters": 1066, "walkingSeconds": 796, "band": 15}]}, "geometry": {"type": "Point", "coordinates": [-122.3294754, 47.6229591]}}, {"type": "Feature", "properties": {"id": "ada1c315-d005-4574-be94-72961c1483ea", "name": "Victory Lounge", "category": "bar", "tags": ["bar", "dive"], "sources": ["overture"], "website": "http://victorylounge.lbu.com", "phone": "(206) 382-4467", "address": "433 Eastlake Ave E", "stations": [{"stopCode": 49, "lines": "1,2", "name": "Capitol Hill Station", "walkingMeters": 1386, "walkingSeconds": 1004, "band": 15}]}, "geometry": {"type": "Point", "coordinates": [-122.3294144, 47.6230621]}}, {"type": "Feature", "properties": {"id": "003add0f-48c6-42cf-867a-0be7fb36340d", "name": "Al's Gourmet Sausages", "category": "restaurant", "tags": ["restaurant", "hot-dog", "hot", "dog"], "sources": ["overture"], "website": "http://www.alsgourmetsausage.com", "phone": "(206) 551-2399", "address": "222 Yale Ave N", "stations": [{"stopCode": 49, "lines": "1,2", "name": "Capitol Hill Station", "walkingMeters": 1036, "walkingSeconds": 752, "band": 15}]}, "geometry": {"type": "Point", "coordinates": [-122.3296738, 47.6203384]}}, {"type": "Feature", "properties": {"id": "ef64f9e5-1528-4d82-9e68-8afe7751d51d", "name": "World Wrapps", "category": "restaurant", "tags": ["restaurant", "sandwich"], "sources": ["overture"], "website": "http://worldwrapps.com/", "phone": "(206) 328-9727", "address": "406 Broadway E", "stations": [{"stopCode": 49, "lines": "1,2", "name": "Capitol Hill Station", "walkingMeters": 399, "walkingSeconds": 287, "band": 5}]}, "geometry": {"type": "Point", "coordinates": [-122.3207169, 47.6221161]}}, {"type": "Feature", "properties": {"id": "5850d266-e2e2-4150-8a92-7968819e8f29", "name": "Good Citizen", "category": "cafe", "tags": ["cafe", "coffee"], "sources": ["overture"], "website": "https://www.goodcitizen.com", "address": "1720 E Olive Way", "stations": [{"stopCode": 49, "lines": "1,2", "name": "Capitol Hill Station", "walkingMeters": 277, "walkingSeconds": 207, "band": 5}]}, "geometry": {"type": "Point", "coordinates": [-122.3226318, 47.6200523]}}, {"type": "Feature", "properties": {"id": "6e067332-e956-48de-81d5-e7d9d799d58d", "name": "Falafelville", "category": "restaurant", "tags": ["restaurant", "mediterranean", "middle-eastern"], "sources": ["overture"], "website": "https://maps.app.goo.gl/aYg3ESRZ7Sg42eK48?g_st=ic", "phone": "+12066661440", "address": "1800 E Olive Wy", "stations": [{"stopCode": 49, "lines": "1,2", "name": "Capitol Hill Station", "walkingMeters": 208, "walkingSeconds": 155, "band": 5}]}, "geometry": {"type": "Point", "coordinates": [-122.3217545, 47.6200409]}}, {"type": "Feature", "properties": {"id": "4016c05a-7142-4faf-992c-13da2ec7f651", "name": "Paximadi", "category": "bakery", "tags": ["bakery"], "sources": ["overture"], "website": "http://paximadico.samsbiz.com", "phone": "+12063286228", "address": "219 Broadway E Ste 15", "stations": [{"stopCode": 49, "lines": "1,2", "name": "Capitol Hill Station", "walkingMeters": 243, "walkingSeconds": 181, "band": 5}]}, "geometry": {"type": "Point", "coordinates": [-122.3212891, 47.6205711]}}, {"type": "Feature", "properties": {"id": "c5fbd691-7133-4ce0-9371-09992ec7e3b0", "name": "Galbi Burger Broadway", "category": "restaurant", "tags": ["restaurant", "burger", "korean", "american"], "sources": ["overture"], "website": "http://galbi-burger.com/", "phone": "+12068299439", "address": "219 Broadway E Ste 16", "stations": [{"stopCode": 49, "lines": "1,2", "name": "Capitol Hill Station", "walkingMeters": 281, "walkingSeconds": 204, "band": 5}]}, "geometry": {"type": "Point", "coordinates": [-122.3213043, 47.6205711]}}, {"type": "Feature", "properties": {"id": "e189dc0e-874f-41c8-9aaa-a0a123ffc7fc", "name": "Kimchi Bistro", "category": "restaurant", "tags": ["restaurant", "korean"], "sources": ["overture"], "website": "http://kimchibistro.bite2go.com", "phone": "(206) 323-4472", "address": "219 Broadway E", "stations": [{"stopCode": 49, "lines": "1,2", "name": "Capitol Hill Station", "walkingMeters": 277, "walkingSeconds": 201, "band": 5}]}, "geometry": {"type": "Point", "coordinates": [-122.3213272, 47.620533]}}, {"type": "Feature", "properties": {"id": "4df89eb7-3737-402a-bb4d-5707c923f0fa", "name": "Taneda", "category": "restaurant", "tags": ["restaurant", "japanese", "sushi", "asian"], "sources": ["overture"], "website": "http://tanedaseattle.com/", "address": "219 Broadway E", "stations": [{"stopCode": 49, "lines": "1,2", "name": "Capitol Hill Station", "walkingMeters": 243, "walkingSeconds": 175, "band": 5}]}, "geometry": {"type": "Point", "coordinates": [-122.321373, 47.6205597]}}, {"type": "Feature", "properties": {"id": "50079e70-a559-45b2-ab20-d16cbdc903f2", "name": "Guanaco's Tacos Pupuseria", "category": "restaurant", "tags": ["restaurant", "latin-american", "american"], "sources": ["overture"], "website": "http://guanacostacos.weebly.com", "phone": "(206) 328-6288", "address": "219 Broadway E", "stations": [{"stopCode": 49, "lines": "1,2", "name": "Capitol Hill Station", "walkingMeters": 276, "walkingSeconds": 201, "band": 5}]}, "geometry": {"type": "Point", "coordinates": [-122.3213806, 47.6205292]}}, {"type": "Feature", "properties": {"id": "455d3e55-ecb7-45ca-a649-18d925c5c2e4", "name": "Neon Taco", "category": "restaurant", "tags": ["restaurant", "taco"], "sources": ["overture"], "website": "http://www.neontacoseattle.com", "phone": "(323) 577-3045", "address": "209 Broadway E", "stations": [{"stopCode": 49, "lines": "1,2", "name": "Capitol Hill Station", "walkingMeters": 195, "walkingSeconds": 142, "band": 5}]}, "geometry": {"type": "Point", "coordinates": [-122.3212891, 47.6201096]}}, {"type": "Feature", "properties": {"id": "6725e096-09eb-4452-9ac4-d5a6d38843a4", "name": "Noches en Oaxaca", "category": "restaurant", "tags": ["restaurant", "mexican", "taco", "latin-american"], "sources": ["overture"], "website": "http://neontacoseattle.com/", "phone": "+12065865250", "address": "209 Broadway E", "stations": [{"stopCode": 49, "lines": "1,2", "name": "Capitol Hill Station", "walkingMeters": 200, "walkingSeconds": 144, "band": 5}]}, "geometry": {"type": "Point", "coordinates": [-122.3212357, 47.6201859]}}, {"type": "Feature", "properties": {"id": "e606a7fc-896a-446d-8470-6da31c7e84be", "name": "El Xolo", "category": "restaurant", "tags": ["restaurant", "taco"], "sources": ["overture"], "website": "https://www.elxoloseattle.com", "phone": "(206) 331-0601", "address": "209 Broadway E", "stations": [{"stopCode": 49, "lines": "1,2", "name": "Capitol Hill Station", "walkingMeters": 200, "walkingSeconds": 144, "band": 5}]}, "geometry": {"type": "Point", "coordinates": [-122.3212433, 47.6201897]}}, {"type": "Feature", "properties": {"id": "bc11f44a-fa55-4a8b-a80c-8e557c340e05", "name": "Mirch Masala Indian Food Restaurant", "category": "restaurant", "tags": ["restaurant", "indian", "vegetarian"], "sources": ["overture"], "website": "http://www.mirchmasalaseattle.com/", "phone": "+12067090111", "address": "213 Broadway E", "stations": [{"stopCode": 49, "lines": "1,2", "name": "Capitol Hill Station", "walkingMeters": 214, "walkingSeconds": 154, "band": 5}]}, "geometry": {"type": "Point", "coordinates": [-122.3210983, 47.6203079]}}, {"type": "Feature", "properties": {"id": "3a57d09d-63e1-481a-888f-7d63f7b88f68", "name": "Americana Restaurant", "category": "restaurant", "tags": ["restaurant", "american"], "sources": ["overture"], "website": "http://www.americanaseattle.com", "phone": "+12064823850", "address": "219 Broadway E", "stations": [{"stopCode": 49, "lines": "1,2", "name": "Capitol Hill Station", "walkingMeters": 243, "walkingSeconds": 175, "band": 5}]}, "geometry": {"type": "Point", "coordinates": [-122.321106, 47.6205711]}}, {"type": "Feature", "properties": {"id": "bc631b14-fac8-4c46-93a7-2708c820f231", "name": "Hana Restaurant", "category": "restaurant", "tags": ["restaurant", "japanese"], "sources": ["overture"], "website": "http://www.americanaseattle.com", "phone": "(206) 328-1187", "address": "219 Broadway E", "stations": [{"stopCode": 49, "lines": "1,2", "name": "Capitol Hill Station", "walkingMeters": 237, "walkingSeconds": 170, "band": 5}]}, "geometry": {"type": "Point", "coordinates": [-122.3210526, 47.6205139]}}, {"type": "Feature", "properties": {"id": "2335bc36-147f-4ad5-a705-f593d00c806a", "name": "Charlie's On Broadway", "category": "bar", "tags": ["bar"], "sources": ["overture"], "phone": "2064925140", "address": "217 Broadway E", "stations": [{"stopCode": 49, "lines": "1,2", "name": "Capitol Hill Station", "walkingMeters": 235, "walkingSeconds": 169, "band": 5}]}, "geometry": {"type": "Point", "coordinates": [-122.3211136, 47.6204529]}}, {"type": "Feature", "properties": {"id": "21612a49-b368-4394-9618-095cf2093bb3", "name": "Sumo Express", "category": "restaurant", "tags": ["restaurant", "japanese", "sushi", "asian"], "sources": ["overture"], "website": "http://sumoexpress.com/", "phone": "+12064023255", "address": "219 Broadway E #18", "stations": [{"stopCode": 49, "lines": "1,2", "name": "Capitol Hill Station", "walkingMeters": 244, "walkingSeconds": 176, "band": 5}]}, "geometry": {"type": "Point", "coordinates": [-122.3211212, 47.6205826]}}, {"type": "Feature", "properties": {"id": "e21cf9c6-80ad-46c1-a6f1-0db9c5d5bcb6", "name": "Basecamp Coffee Shop", "category": "pub", "tags": ["pub"], "sources": ["overture"], "website": "https://www.joingearhouse.com/basecampcafe", "phone": "2063095088", "address": "800 E Thomas St Ste A", "stations": [{"stopCode": 49, "lines": "1,2", "name": "Capitol Hill Station", "walkingMeters": 351, "walkingSeconds": 262, "band": 5}]}, "geometry": {"type": "Point", "coordinates": [-122.3220367, 47.6211472]}}, {"type": "Feature", "properties": {"id": "7d568c34-682b-40d6-b985-bb46b76b42e7", "name": "Aluel Cellars - Capitol Hill", "category": "bar", "tags": ["bar", "wine"], "sources": ["overture"], "website": "https://www.aluelcellars.com", "phone": "12063295994", "address": "801 E Thomas St  Ste A", "stations": [{"stopCode": 49, "lines": "1,2", "name": "Capitol Hill Station", "walkingMeters": 311, "walkingSeconds": 232, "band": 5}]}, "geometry": {"type": "Point", "coordinates": [-122.3218613, 47.6208954]}}, {"type": "Feature", "properties": {"id": "41229a58-611c-4f8b-84ab-967bad505bc4", "name": "Espresso Vivace Sidewalk Bar", "category": "cafe", "tags": ["cafe", "coffee"], "sources": ["overture"], "website": "http://www.espressovivace.com", "phone": "(206) 860-5869", "address": "321 Broadway E", "stations": [{"stopCode": 49, "lines": "1,2", "name": "Capitol Hill Station", "walkingMeters": 358, "walkingSeconds": 260, "band": 5}]}, "geometry": {"type": "Point", "coordinates": [-122.3210602, 47.6216278]}}, {"type": "Feature", "properties": {"id": "429de2ea-0d4b-4455-ad78-26f238947226", "name": "The Grill on Broadway", "category": "bar", "tags": ["bar"], "sources": ["overture"], "phone": "2063287000", "address": "314 Broadway E", "stations": [{"stopCode": 49, "lines": "1,2", "name": "Capitol Hill Station", "walkingMeters": 340, "walkingSeconds": 247, "band": 5}]}, "geometry": {"type": "Point", "coordinates": [-122.3209076, 47.6215706]}}, {"type": "Feature", "properties": {"id": "23d408ba-528f-4e87-9ccd-46c44893bc07", "name": "Pinto Thai Bistro", "category": "restaurant", "tags": ["restaurant", "thai", "asian", "sushi"], "sources": ["overture"], "website": "http://www.pintobistro.com/", "phone": "+12067240559", "address": "408 Broadway E", "stations": [{"stopCode": 49, "lines": "1,2", "name": "Capitol Hill Station", "walkingMeters": 423, "walkingSeconds": 305, "band": 5}]}, "geometry": {"type": "Point", "coordinates": [-122.3208313, 47.6223335]}}, {"type": "Feature", "properties": {"id": "0c97cf5e-be78-4159-ac39-fa31fbc41407", "name": "Witness", "category": "bar", "tags": ["bar", "cocktail"], "sources": ["overture"], "website": "http://witnessbar.com", "phone": "(206) 329-0248", "address": "410 Broadway E", "stations": [{"stopCode": 49, "lines": "1,2", "name": "Capitol Hill Station", "walkingMeters": 426, "walkingSeconds": 310, "band": 5}]}, "geometry": {"type": "Point", "coordinates": [-122.3209763, 47.6223373]}}, {"type": "Feature", "properties": {"id": "0e7665e6-2e82-4e07-a29b-749a210e18ee", "name": "Wedgwood II Vegetarian Thai", "category": "restaurant", "tags": ["restaurant", "thai"], "sources": ["overture"], "website": "http://www.wedgwoodii.com", "phone": "(206) 724-0655", "address": "420 Broadway E", "stations": [{"stopCode": 49, "lines": "1,2", "name": "Capitol Hill Station", "walkingMeters": 459, "walkingSeconds": 330, "band": 10}]}, "geometry": {"type": "Point", "coordinates": [-122.3208542, 47.6226578]}}, {"type": "Feature", "properties": {"id": "8e471a92-24df-4f11-a615-b096adae439d", "name": "Blue Moon Burgers Capitol Hill", "category": "restaurant", "tags": ["restaurant", "burger"], "sources": ["overture"], "website": "http://bluemoonburgers.com", "phone": "(206) 325-2000", "address": "523 Broadway East", "stations": [{"stopCode": 49, "lines": "1,2", "name": "Capitol Hill Station", "walkingMeters": 575, "walkingSeconds": 420, "band": 10}]}, "geometry": {"type": "Point", "coordinates": [-122.3211594, 47.6235924]}}, {"type": "Feature", "properties": {"id": "9cd85078-36d6-4dd9-acfe-fa9d7ff0fa1f", "name": "Dilettante Mocha Caf\u00e9 & Chocolate Martini Bar", "category": "bar", "tags": ["bar", "cocktail"], "sources": ["overture"], "website": "http://www.dilettante.com/Mocha-Cafes.html", "phone": "(206) 329-6463", "address": "538 Broadway E #100", "stations": [{"stopCode": 49, "lines": "1,2", "name": "Capitol Hill Station", "walkingMeters": 636, "walkingSeconds": 458, "band": 10}]}, "geometry": {"type": "Point", "coordinates": [-122.3208923, 47.6241531]}}, {"type": "Feature", "properties": {"id": "7f01ceac-83f1-4df2-a746-cd68a44b50d8", "name": "Bauhaus Capitol Hill", "category": "cafe", "tags": ["cafe"], "sources": ["overture"], "website": "https://bauhausstrong.coffee", "phone": "(206) 913-2838", "address": "515 Harvard Ave E", "stations": [{"stopCode": 49, "lines": "1,2", "name": "Capitol Hill Station", "walkingMeters": 637, "walkingSeconds": 460, "band": 10}]}, "geometry": {"type": "Point", "coordinates": [-122.3222351, 47.6234474]}}, {"type": "Feature", "properties": {"id": "4bc8d906-3b3d-418f-94ce-51df4af2a3f8", "name": "Mintish Coffee House", "category": "cafe", "tags": ["cafe", "coffee", "mediterranean"], "sources": ["overture"], "phone": "+12067799772", "address": "515 Harvard Ave E", "stations": [{"stopCode": 49, "lines": "1,2", "name": "Capitol Hill Station", "walkingMeters": 699, "walkingSeconds": 522, "band": 10}]}, "geometry": {"type": "Point", "coordinates": [-122.3223038, 47.6236839]}}, {"type": "Feature", "properties": {"id": "5cb187ff-9bfc-42f5-a911-6476d66c41e5", "name": "Thomas Street Bistro", "category": "restaurant", "tags": ["restaurant", "french"], "sources": ["overture"], "website": "http://thomasstbistro.com", "phone": "(206) 323-0914", "address": "421 E Thomas St", "stations": [{"stopCode": 49, "lines": "1,2", "name": "Capitol Hill Station", "walkingMeters": 645, "walkingSeconds": 463, "band": 10}]}, "geometry": {"type": "Point", "coordinates": [-122.3256302, 47.6208725]}}, {"type": "Feature", "properties": {"id": "5f95bbe0-4edd-4462-a121-be8ad9a86600", "name": "Drinkmore Internet Lounge", "category": "cafe", "tags": ["cafe", "coffee"], "sources": ["overture"], "website": "http://www.drinkmorecafe.com", "phone": "(206) 323-1500", "address": "239 Bellevue Ave E", "stations": [{"stopCode": 49, "lines": "1,2", "name": "Capitol Hill Station", "walkingMeters": 711, "walkingSeconds": 511, "band": 10}]}, "geometry": {"type": "Point", "coordinates": [-122.3267441, 47.6205025]}}, {"type": "Feature", "properties": {"id": "0156aa4a-7829-42ba-b5e4-1afb77e814d0", "name": "Unicorn", "category": "bar", "tags": ["bar"], "sources": ["overture"], "website": "http://www.unicornseattle.com", "phone": "+12067130989", "address": "311 E Republican St", "stations": [{"stopCode": 49, "lines": "1,2", "name": "Capitol Hill Station", "walkingMeters": 901, "walkingSeconds": 672, "band": 15}]}, "geometry": {"type": "Point", "coordinates": [-122.3274002, 47.6229706]}}, {"type": "Feature", "properties": {"id": "f49cbddd-2b31-4658-9bb6-cf9a6892758e", "name": "Antojitos Jalisco", "category": "restaurant", "tags": ["restaurant"], "sources": ["overture"], "address": "324 E Roy St", "stations": [{"stopCode": 49, "lines": "1,2", "name": "Capitol Hill Station", "walkingMeters": 1234, "walkingSeconds": 889, "band": 15}]}, "geometry": {"type": "Point", "coordinates": [-122.3277435, 47.6252327]}}, {"type": "Feature", "properties": {"id": "a1a6f040-4cfc-4c11-83a3-f37d4d749ccb", "name": "Klmf Enterprises Llc", "category": "restaurant", "tags": ["restaurant"], "sources": ["overture"], "address": "757 Bellevue Ave E", "stations": [{"stopCode": 49, "lines": "1,2", "name": "Capitol Hill Station", "walkingMeters": 1283, "walkingSeconds": 957, "band": 15}]}, "geometry": {"type": "Point", "coordinates": [-122.3271179, 47.6266098]}}, {"type": "Feature", "properties": {"id": "ed68cf5e-2b96-495a-b6d5-36e6adb7abe1", "name": "Barjot", "category": "cafe", "tags": ["cafe"], "sources": ["overture"], "website": "http://barjotseattle.com", "phone": "(206) 457-5424", "address": "711 Bellevue Ave E", "stations": [{"stopCode": 49, "lines": "1,2", "name": "Capitol Hill Station", "walkingMeters": 1225, "walkingSeconds": 882, "band": 15}]}, "geometry": {"type": "Point", "coordinates": [-122.3267517, 47.6256943]}}, {"type": "Feature", "properties": {"id": "1e43bc64-a632-4b32-beff-af7fa50e0da8", "name": "Phillips Restaurant Group Llc.", "category": "restaurant", "tags": ["restaurant"], "sources": ["overture"], "phone": "+18025988018", "address": "601 Summit Ave E Ste 103", "stations": [{"stopCode": 49, "lines": "1,2", "name": "Capitol Hill Station", "walkingMeters": 939, "walkingSeconds": 701, "band": 15}]}, "geometry": {"type": "Point", "coordinates": [-122.3255768, 47.6244469]}}, {"type": "Feature", "properties": {"id": "c6792f92-aa5b-4ff4-8b24-74fc0464ca52", "name": "Mexico Magico", "category": "restaurant", "tags": ["restaurant"], "sources": ["overture"], "website": "http://www.mexmagico.com/", "address": "1128 Broadway E", "stations": [{"stopCode": 49, "lines": "1,2", "name": "Capitol Hill Station", "walkingMeters": 1246, "walkingSeconds": 898, "band": 15}]}, "geometry": {"type": "Point", "coordinates": [-122.3210831, 47.6295128]}}, {"type": "Feature", "properties": {"id": "721e7bf3-57e2-4aad-beee-f92d955fb2e7", "name": "Dick's Drive-in - Broadway E", "category": "restaurant", "tags": ["restaurant", "burger", "american"], "sources": ["overture"], "website": "http://www.ddir.com", "phone": "+12063231300", "address": "1115 Broadway E", "stations": [{"stopCode": 49, "lines": "1,2", "name": "Capitol Hill Station", "walkingMeters": 1220, "walkingSeconds": 878, "band": 15}]}, "geometry": {"type": "Point", "coordinates": [-122.3216019, 47.6291542]}}, {"type": "Feature", "properties": {"id": "5ff4a43f-fd3e-4e32-a4fb-62be9605ba4b", "name": "Cook Weaver", "category": "restaurant", "tags": ["restaurant", "american"], "sources": ["overture"], "website": "https://www.cookweaver.com", "phone": "12063240599", "address": "806 E Roy St", "stations": [{"stopCode": 49, "lines": "1,2", "name": "Capitol Hill Station", "walkingMeters": 798, "walkingSeconds": 582, "band": 10}]}, "geometry": {"type": "Point", "coordinates": [-122.3218002, 47.6252098]}}, {"type": "Feature", "properties": {"id": "fccf6646-23fe-4d87-90fd-14e4adbded1d", "name": "Restaurant Marron", "category": "restaurant", "tags": ["restaurant", "american"], "sources": ["overture"], "website": "http://www.restaurantmarron.com", "phone": "(206) 322-0409", "address": "806 E Roy St", "stations": [{"stopCode": 49, "lines": "1,2", "name": "Capitol Hill Station", "walkingMeters": 808, "walkingSeconds": 588, "band": 10}]}, "geometry": {"type": "Point", "coordinates": [-122.3218994, 47.6252365]}}, {"type": "Feature", "properties": {"id": "6c6093e8-61c0-41a5-839d-2a708d635d80", "name": "Roy Street Coffee & Tea", "category": "cafe", "tags": ["cafe", "coffee"], "sources": ["overture"], "website": "http://www.roystreetcoffee.com", "phone": "(206) 325-2211", "address": "700 Broadway E", "stations": [{"stopCode": 49, "lines": "1,2", "name": "Capitol Hill Station", "walkingMeters": 766, "walkingSeconds": 561, "band": 10}]}, "geometry": {"type": "Point", "coordinates": [-122.3212585, 47.6251945]}}, {"type": "Feature", "properties": {"id": "d0dd8e13-4247-4ad1-a2d4-92f0ade474f0", "name": "Nomadic Wine Dispensary", "category": "bar", "tags": ["bar", "wine"], "sources": ["overture"], "website": "https://www.nomadicseattle.com/", "phone": "+12066567707", "address": "700 Broadway E", "stations": [{"stopCode": 49, "lines": "1,2", "name": "Capitol Hill Station", "walkingMeters": 769, "walkingSeconds": 554, "band": 10}]}, "geometry": {"type": "Point", "coordinates": [-122.321106, 47.6252632]}}, {"type": "Feature", "properties": {"id": "feb7686b-44db-4d47-bfff-6937b3c1f59e", "name": "Extreme Pizza", "category": "restaurant", "tags": ["restaurant", "pizza"], "sources": ["overture"], "website": "http://www.extremepizza.com", "phone": "(206) 726-8800", "address": "700 Broadway E Ste B", "stations": [{"stopCode": 49, "lines": "1,2", "name": "Capitol Hill Station", "walkingMeters": 786, "walkingSeconds": 566, "band": 10}]}, "geometry": {"type": "Point", "coordinates": [-122.3210983, 47.62537]}}, {"type": "Feature", "properties": {"id": "d9a0ab1f-0802-4d81-9b77-0af9d1ae1226", "name": "Joe Bar", "category": "cafe", "tags": ["cafe", "coffee"], "sources": ["overture"], "website": "http://joebar.org", "phone": "(206) 324-0407", "address": "810 E Roy St", "stations": [{"stopCode": 49, "lines": "1,2", "name": "Capitol Hill Station", "walkingMeters": 790, "walkingSeconds": 576, "band": 10}]}, "geometry": {"type": "Point", "coordinates": [-122.3216324, 47.6251068]}}, {"type": "Feature", "properties": {"id": "7e459bfb-6fc6-43c9-989c-f81c73c3ea97", "name": "The French Guys Bakery", "category": "bakery", "tags": ["bakery"], "sources": ["overture"], "website": "http://www.thefrenchguys.com/", "phone": "+12065011367", "address": "810 E Roy St", "stations": [{"stopCode": 49, "lines": "1,2", "name": "Capitol Hill Station", "walkingMeters": 797, "walkingSeconds": 582, "band": 10}]}, "geometry": {"type": "Point", "coordinates": [-122.32164, 47.6251717]}}, {"type": "Feature", "properties": {"id": "acd16791-8471-4467-b37d-5184262ebf79", "name": "Spirit Animal Llc", "category": "restaurant", "tags": ["restaurant"], "sources": ["overture"], "website": "https://spiritanimalco.com", "address": "601 Broadway E", "stations": [{"stopCode": 49, "lines": "1,2", "name": "Capitol Hill Station", "walkingMeters": 795, "walkingSeconds": 593, "band": 10}]}, "geometry": {"type": "Point", "coordinates": [-122.321312, 47.6245079]}}, {"type": "Feature", "properties": {"id": "043d2885-99dc-412c-9854-4a2e32271874", "name": "Byzantion", "category": "restaurant", "tags": ["restaurant", "greek"], "sources": ["overture"], "website": "http://www.byzantionrestaurant.com", "phone": "(206) 325-7580", "address": "601 Broadway E", "stations": [{"stopCode": 49, "lines": "1,2", "name": "Capitol Hill Station", "walkingMeters": 654, "walkingSeconds": 477, "band": 10}]}, "geometry": {"type": "Point", "coordinates": [-122.321106, 47.6242943]}}, {"type": "Feature", "properties": {"id": "a80b0fd7-97c8-4b59-8157-cf9d1157aa29", "name": "Corvus & Company", "category": "bar", "tags": ["bar", "cocktail", "asian"], "sources": ["overture"], "website": "http://www.corvusandcompany.com/", "phone": "+12065562173", "address": "601 Broadway E", "stations": [{"stopCode": 49, "lines": "1,2", "name": "Capitol Hill Station", "walkingMeters": 658, "walkingSeconds": 482, "band": 10}]}, "geometry": {"type": "Point", "coordinates": [-122.3210526, 47.6243706]}}, {"type": "Feature", "properties": {"id": "abe4cebe-0d2e-4208-92d4-7f5635796efc", "name": "Galerias", "category": "restaurant", "tags": ["restaurant", "mexican"], "sources": ["overture"], "website": "http://www.galeriasgourmet.net/", "phone": "(206) 322-5757", "address": "611 Broadway E", "stations": [{"stopCode": 49, "lines": "1,2", "name": "Capitol Hill Station", "walkingMeters": 681, "walkingSeconds": 498, "band": 10}]}, "geometry": {"type": "Point", "coordinates": [-122.3211288, 47.6245499]}}, {"type": "Feature", "properties": {"id": "5a3c9c7d-3a1a-4d0c-8762-429ce5284840", "name": "Rooster's TEX-MEX-BBQ", "category": "restaurant", "tags": ["restaurant", "texmex"], "sources": ["overture"], "website": "http://www.roostersseattle.com", "phone": "(206) 922-3061", "address": "611 Broadway E", "stations": [{"stopCode": 49, "lines": "1,2", "name": "Capitol Hill Station", "walkingMeters": 673, "walkingSeconds": 493, "band": 10}]}, "geometry": {"type": "Point", "coordinates": [-122.3212051, 47.6244774]}}, {"type": "Feature", "properties": {"id": "f34af5cd-873b-46ec-b9d4-8074542c1a7d", "name": "Rom Mai Thai Restaurant", "category": "restaurant", "tags": ["restaurant", "thai", "asian"], "sources": ["overture"], "website": "http://www.rommaithai.com/", "phone": "+12067269058", "address": "613 Broadway E", "stations": [{"stopCode": 49, "lines": "1,2", "name": "Capitol Hill Station", "walkingMeters": 703, "walkingSeconds": 514, "band": 10}]}, "geometry": {"type": "Point", "coordinates": [-122.3211746, 47.6247406]}}, {"type": "Feature", "properties": {"id": "76834bde-ec69-4184-b809-ecbf25bfd94a", "name": "Bako", "category": "restaurant", "tags": ["restaurant", "chinese"], "sources": ["overture"], "website": "http://www.bakoseattle.com/", "phone": "(206) 829-8958", "address": "606 Broadway E", "stations": [{"stopCode": 49, "lines": "1,2", "name": "Capitol Hill Station", "walkingMeters": 690, "walkingSeconds": 497, "band": 10}]}, "geometry": {"type": "Point", "coordinates": [-122.3206863, 47.624691]}}, {"type": "Feature", "properties": {"id": "d9ba9304-8ba0-4df1-afb5-6c7c6ea7a7da", "name": "Radio One Asia Llc", "category": "restaurant", "tags": ["restaurant"], "sources": ["overture"], "address": "618 Broadway E", "stations": [{"stopCode": 49, "lines": "1,2", "name": "Capitol Hill Station", "walkingMeters": 853, "walkingSeconds": 637, "band": 10}]}, "geometry": {"type": "Point", "coordinates": [-122.3204041, 47.624958]}}, {"type": "Feature", "properties": {"id": "5fe1d1c6-a4dd-4ff1-b668-3fbda6cc4c22", "name": "Poppy", "category": "restaurant", "tags": ["restaurant"], "sources": ["overture"], "website": "http://www.poppyseattle.com/", "phone": "2063241108", "address": "622 Broadway E", "stations": [{"stopCode": 49, "lines": "1,2", "name": "Capitol Hill Station", "walkingMeters": 718, "walkingSeconds": 517, "band": 10}]}, "geometry": {"type": "Point", "coordinates": [-122.3206711, 47.6249237]}}, {"type": "Feature", "properties": {"id": "442361c7-f94c-430b-9996-394c9d8c1ec9", "name": "Rapport Seattle", "category": "restaurant", "tags": ["restaurant"], "sources": ["overture"], "website": "www.rapportseattle.com", "phone": "12067059500", "address": "700 Broadway E  Ste A", "stations": [{"stopCode": 49, "lines": "1,2", "name": "Capitol Hill Station", "walkingMeters": 920, "walkingSeconds": 687, "band": 10}]}, "geometry": {"type": "Point", "coordinates": [-122.3206787, 47.6254196]}}, {"type": "Feature", "properties": {"id": "b9d25dfc-050a-443e-9a29-4981edeafc73", "name": "Star Sushi", "category": "restaurant", "tags": ["restaurant", "sushi", "japanese", "asian"], "sources": ["overture"], "website": "http://www.Starbroadway.com/", "phone": "+12062575127", "address": "538 Broadway E", "stations": [{"stopCode": 49, "lines": "1,2", "name": "Capitol Hill Station", "walkingMeters": 608, "walkingSeconds": 438, "band": 10}]}, "geometry": {"type": "Point", "coordinates": [-122.320755, 47.6242065]}}, {"type": "Feature", "properties": {"id": "8d06202f-91f5-4535-a705-962e53336949", "name": "Herb and Bitter Public House", "category": "bar", "tags": ["bar", "cocktail"], "sources": ["overture"], "website": "http://www.herbandbitter.com/", "phone": "+12067086468", "address": "516 Broadway E", "stations": [{"stopCode": 49, "lines": "1,2", "name": "Capitol Hill Station", "walkingMeters": 566, "walkingSeconds": 408, "band": 10}]}, "geometry": {"type": "Point", "coordinates": [-122.3207626, 47.6236038]}}, {"type": "Feature", "properties": {"id": "8ead83a4-6317-4c1d-9302-bb8701741d18", "name": "India Express", "category": "restaurant", "tags": ["restaurant", "indian"], "sources": ["overture"], "website": "http://indiaexp.com/", "phone": "(206) 324-9449", "address": "510 Broadway E", "stations": [{"stopCode": 49, "lines": "1,2", "name": "Capitol Hill Station", "walkingMeters": 560, "walkingSeconds": 404, "band": 10}]}, "geometry": {"type": "Point", "coordinates": [-122.3207397, 47.6235504]}}, {"type": "Feature", "properties": {"id": "c4b37468-2e67-4245-b8af-5c287e5e8dbc", "name": "Ammi's Pakwan", "category": "restaurant", "tags": ["restaurant", "halal", "indian", "seafood"], "sources": ["overture"], "website": "https://eat.chownow.com/discover/restaurant/35017", "phone": "+12063249449", "address": "510 Broadway E", "stations": [{"stopCode": 49, "lines": "1,2", "name": "Capitol Hill Station", "walkingMeters": 552, "walkingSeconds": 397, "band": 10}]}, "geometry": {"type": "Point", "coordinates": [-122.3206406, 47.6234703]}}, {"type": "Feature", "properties": {"id": "7f87af5a-7ca1-4bca-ac53-0e3e8b9a2d24", "name": "La Cocina and Cantina", "category": "restaurant", "tags": ["restaurant", "mexican", "latin-american", "bar-and-grill"], "sources": ["overture"], "website": "http://www.lacocinanc.com", "phone": "+12063231675", "address": "432 Broadway E", "stations": [{"stopCode": 49, "lines": "1,2", "name": "Capitol Hill Station", "walkingMeters": 492, "walkingSeconds": 354, "band": 10}]}, "geometry": {"type": "Point", "coordinates": [-122.3208008, 47.6229591]}}, {"type": "Feature", "properties": {"id": "6f154518-54f6-4ab0-86c1-a7280837f3be", "name": "Capitale Pizzeria", "category": "restaurant", "tags": ["restaurant", "pizza", "italian"], "sources": ["overture"], "website": "https://capitalepizzeria.com/", "phone": "+12064721105", "address": "426 Broadway E", "stations": [{"stopCode": 49, "lines": "1,2", "name": "Capitol Hill Station", "walkingMeters": 475, "walkingSeconds": 342, "band": 10}]}, "geometry": {"type": "Point", "coordinates": [-122.3205948, 47.6228027]}}, {"type": "Feature", "properties": {"id": "8729c881-081b-4482-b42b-c9a68277dfb4", "name": "Corretto Trattoria and Bar", "category": "restaurant", "tags": ["restaurant", "italian"], "sources": ["overture"], "website": "http://correttoseattle.com", "phone": "(206) 328-7817", "address": "416 Broadway E", "stations": [{"stopCode": 49, "lines": "1,2", "name": "Capitol Hill Station", "walkingMeters": 449, "walkingSeconds": 323, "band": 10}]}, "geometry": {"type": "Point", "coordinates": [-122.3206558, 47.6225662]}}, {"type": "Feature", "properties": {"id": "04f98192-9069-4afa-86c0-bb93ebb51a39", "name": "Boca Restobar & Grill", "category": "bar", "tags": ["bar", "argentine", "barbecue", "spanish"], "sources": ["overture"], "website": "https://www.bocarestobar.com/", "phone": "2063221063", "address": "416 Broadway E", "stations": [{"stopCode": 49, "lines": "1,2", "name": "Capitol Hill Station", "walkingMeters": 446, "walkingSeconds": 321, "band": 10}]}, "geometry": {"type": "Point", "coordinates": [-122.3206024, 47.6225395]}}, {"type": "Feature", "properties": {"id": "d23eb96f-ef98-42cb-b342-abad4ecf2cc2", "name": "Pizzeria 88", "category": "restaurant", "tags": ["restaurant", "pizza"], "sources": ["overture"], "phone": "2063287817", "address": "416 Broadway E", "stations": [{"stopCode": 49, "lines": "1,2", "name": "Capitol Hill Station", "walkingMeters": 449, "walkingSeconds": 323, "band": 10}]}, "geometry": {"type": "Point", "coordinates": [-122.3205948, 47.622551]}}, {"type": "Feature", "properties": {"id": "2b12d52f-249e-4df1-ba70-9e6b53b183c8", "name": "Kol Group Llc Dba Pinto Bistro", "category": "restaurant", "tags": ["restaurant"], "sources": ["overture"], "address": "408 Broadway E", "stations": [{"stopCode": 49, "lines": "1,2", "name": "Capitol Hill Station", "walkingMeters": 476, "walkingSeconds": 355, "band": 5}]}, "geometry": {"type": "Point", "coordinates": [-122.3207321, 47.6223335]}}, {"type": "Feature", "properties": {"id": "314d06a2-bd23-446c-9e11-871c3d7d4a84", "name": "Soul shack", "category": "restaurant", "tags": ["restaurant"], "sources": ["overture"], "website": "https://soulshackondahill.godaddysites.com/", "phone": "+12062497681", "address": "324 Broadway E", "stations": [{"stopCode": 49, "lines": "1,2", "name": "Capitol Hill Station", "walkingMeters": 401, "walkingSeconds": 289, "band": 5}]}, "geometry": {"type": "Point", "coordinates": [-122.3204422, 47.6218224]}}, {"type": "Feature", "properties": {"id": "87b6b290-d239-4661-bfcd-65328da828b3", "name": "Human & Joy Corporation", "category": "restaurant", "tags": ["restaurant"], "sources": ["overture"], "website": "https://www.teriyakiandwok.com", "address": "324 Broadway E", "stations": [{"stopCode": 49, "lines": "1,2", "name": "Capitol Hill Station", "walkingMeters": 400, "walkingSeconds": 299, "band": 5}]}, "geometry": {"type": "Point", "coordinates": [-122.3205032, 47.6218224]}}, {"type": "Feature", "properties": {"id": "a8717238-a791-4e44-9e71-87fa3483b3e7", "name": "Olmstead", "category": "restaurant", "tags": ["restaurant", "american"], "sources": ["overture"], "website": "olmsteadseattle.com", "phone": "12065574201", "address": "314 Broadway E", "stations": [{"stopCode": 49, "lines": "1,2", "name": "Capitol Hill Station", "walkingMeters": 366, "walkingSeconds": 273, "band": 5}]}, "geometry": {"type": "Point", "coordinates": [-122.3205948, 47.6215744]}}, {"type": "Feature", "properties": {"id": "77b41b55-8beb-49a9-841d-f1016c3ba4e4", "name": "Julia's on Broadway", "category": "bar", "tags": ["bar"], "sources": ["overture"], "website": "http://www.juliasrestaurantseattle.com/", "phone": "+12068601818", "address": "300 Broadway E", "stations": [{"stopCode": 49, "lines": "1,2", "name": "Capitol Hill Station", "walkingMeters": 293, "walkingSeconds": 211, "band": 5}]}, "geometry": {"type": "Point", "coordinates": [-122.3207703, 47.6212234]}}, {"type": "Feature", "properties": {"id": "b9d7e6b5-67dc-4cdd-b2e2-e9d380d2ff57", "name": "Junkichi Robata Izakaya", "category": "restaurant", "tags": ["restaurant", "japanese"], "sources": ["overture"], "website": "https://junkichiusa.com", "phone": "(206) 712-7565", "address": "224 Broadway E", "stations": [{"stopCode": 49, "lines": "1,2", "name": "Capitol Hill Station", "walkingMeters": 227, "walkingSeconds": 164, "band": 5}]}, "geometry": {"type": "Point", "coordinates": [-122.3206863, 47.6206245]}}, {"type": "Feature", "properties": {"id": "e689c9e0-ce60-4006-b0bf-2c65153bfe2d", "name": "Rondo Japanese Kitchen", "category": "restaurant", "tags": ["restaurant", "japanese", "asian"], "sources": ["overture"], "website": "https://cake.net/11276538", "phone": "+12065882051", "address": "224 Broadway E", "stations": [{"stopCode": 49, "lines": "1,2", "name": "Capitol Hill Station", "walkingMeters": 239, "walkingSeconds": 172, "band": 5}]}, "geometry": {"type": "Point", "coordinates": [-122.3207169, 47.6207275]}}, {"type": "Feature", "properties": {"id": "dac1f2bd-b787-460f-8c32-80c36e2ae11e", "name": "Highline Bar", "category": "bar", "tags": ["bar", "dive"], "sources": ["overture"], "website": "http://www.highlineseattle.com/", "phone": "2063287837", "address": "210 Broadway E", "stations": [{"stopCode": 49, "lines": "1,2", "name": "Capitol Hill Station", "walkingMeters": 211, "walkingSeconds": 152, "band": 5}]}, "geometry": {"type": "Point", "coordinates": [-122.3206558, 47.6202698]}}, {"type": "Feature", "properties": {"id": "85d20f8b-e55f-4560-ba24-e82b98369c81", "name": "Broadway East and East John Street", "category": "restaurant", "tags": ["restaurant", "pizza"], "sources": ["overture"], "phone": "+12063294150", "address": "204 Broadway E", "stations": [{"stopCode": 49, "lines": "1,2", "name": "Capitol Hill Station", "walkingMeters": 165, "walkingSeconds": 123, "band": 5}]}, "geometry": {"type": "Point", "coordinates": [-122.3206558, 47.6201591]}}, {"type": "Feature", "properties": {"id": "dd92780f-4439-4ea5-abae-1401f232526d", "name": "Kitanda Espresso And A\u00e7ai - Capitol Hill", "category": "cafe", "tags": ["cafe"], "sources": ["overture"], "website": "kitanda.com", "phone": "12065880596", "address": "200 Broadway E", "stations": [{"stopCode": 49, "lines": "1,2", "name": "Capitol Hill Station", "walkingMeters": 152, "walkingSeconds": 109, "band": 5}]}, "geometry": {"type": "Point", "coordinates": [-122.3204575, 47.6200829]}}, {"type": "Feature", "properties": {"id": "25b4233e-9a78-4d0e-a024-9e2da2d3af8c", "name": "Broadway Poke", "category": "restaurant", "tags": ["restaurant", "poke"], "sources": ["overture"], "website": "http://broadwaypoke.com", "phone": "(206) 453-5222", "address": "212 Broadway E", "stations": [{"stopCode": 49, "lines": "1,2", "name": "Capitol Hill Station", "walkingMeters": 193, "walkingSeconds": 144, "band": 5}]}, "geometry": {"type": "Point", "coordinates": [-122.3204193, 47.6203842]}}, {"type": "Feature", "properties": {"id": "231d0143-5dec-4575-81d2-028b742369ce", "name": "The Local", "category": "attraction", "tags": ["attraction", "landmark", "historical", "building"], "sources": ["overture"], "website": "http://www.incityinc.com/", "phone": "+12063346763", "address": "418 Bellevue Ave E", "stations": [{"stopCode": 49, "lines": "1,2", "name": "Capitol Hill Station", "walkingMeters": 790, "walkingSeconds": 590, "band": 10}]}, "geometry": {"type": "Point", "coordinates": [-122.3263626, 47.6226082]}}, {"type": "Feature", "properties": {"id": 3211770203, "name": "The Itinerant", "category": "artwork", "tags": ["artwork"], "sources": ["osm"], "stations": [{"stopCode": 49, "lines": "1,2", "name": "Capitol Hill Station", "walkingMeters": 394, "walkingSeconds": 283, "band": 5}]}, "geometry": {"type": "Point", "coordinates": [-122.3206848, 47.6220649]}}, {"type": "Feature", "properties": {"id": 3211770211, "name": "Dancer's Series: Steps", "category": "artwork", "tags": ["artwork"], "sources": ["osm"], "stations": [{"stopCode": 49, "lines": "1,2", "name": "Capitol Hill Station", "walkingMeters": 494, "walkingSeconds": 355, "band": 10}]}, "geometry": {"type": "Point", "coordinates": [-122.320833, 47.622967]}}, {"type": "Feature", "properties": {"id": 3211770213, "name": "Contour", "category": "artwork", "tags": ["artwork"], "sources": ["osm"], "stations": [{"stopCode": 49, "lines": "1,2", "name": "Capitol Hill Station", "walkingMeters": 612, "walkingSeconds": 442, "band": 10}]}, "geometry": {"type": "Point", "coordinates": [-122.3223242, 47.6230807]}}, {"type": "Feature", "properties": {"id": 6466842293, "name": "the Mambo", "category": "artwork", "tags": ["artwork"], "sources": ["osm"], "stations": [{"stopCode": 49, "lines": "1,2", "name": "Capitol Hill Station", "walkingMeters": 365, "walkingSeconds": 265, "band": 5}]}, "geometry": {"type": "Point", "coordinates": [-122.3210146, 47.6216907]}}, {"type": "Feature", "properties": {"id": "c977aaa2-9c16-4827-b772-1d24b0372964", "name": "Contributions Memorials", "category": "attraction", "tags": ["attraction", "monument"], "sources": ["overture"], "website": "https://secure.fredhutch.org/site/UserLogin", "phone": "(206) 667-4902", "address": "1100 Fairview Ave N"}, "geometry": {"type": "Point", "coordinates": [-122.3299713, 47.628746]}}, {"type": "Feature", "properties": {"id": "6c5606b9-9c74-4c40-a848-58d53ebeb320", "name": "Jensen Block Apartments", "category": "attraction", "tags": ["attraction", "landmark", "historical", "building"], "sources": ["overture"], "website": "http://www.lihi.org", "phone": "+12062925577", "address": "1320 Mercer St"}, "geometry": {"type": "Point", "coordinates": [-122.3293152, 47.624424]}}, {"type": "Feature", "properties": {"id": "9cc391d3-52a0-49c3-bd76-730e27edb6a4", "name": "Zephyr Apartments", "category": "attraction", "tags": ["attraction", "landmark", "historical", "building"], "sources": ["overture"], "website": "http://www.zephyrseattle.com", "phone": "+12063229010", "address": "200 Belmont Ave E", "stations": [{"stopCode": 49, "lines": "1,2", "name": "Capitol Hill Station", "walkingMeters": 422, "walkingSeconds": 303, "band": 5}]}, "geometry": {"type": "Point", "coordinates": [-122.323761, 47.6200409]}}, {"type": "Feature", "properties": {"id": "f633bc76-2343-4495-bf8b-c7970a1844ba", "name": "Belmont Lofts", "category": "attraction", "tags": ["attraction", "landmark", "historical", "building"], "sources": ["overture"], "phone": "+12063225937", "address": "231 Belmont Ave E", "stations": [{"stopCode": 49, "lines": "1,2", "name": "Capitol Hill Station", "walkingMeters": 507, "walkingSeconds": 365, "band": 10}]}, "geometry": {"type": "Point", "coordinates": [-122.3242188, 47.620594]}}, {"type": "Feature", "properties": {"id": "f3dcadf6-0a3b-4e8c-b2d1-3656c2041225", "name": "Roygate", "category": "attraction", "tags": ["attraction", "landmark", "historical", "building"], "sources": ["overture"], "address": "705 E Thomas St", "stations": [{"stopCode": 49, "lines": "1,2", "name": "Capitol Hill Station", "walkingMeters": 380, "walkingSeconds": 284, "band": 5}]}, "geometry": {"type": "Point", "coordinates": [-122.3228073, 47.6210136]}}, {"type": "Feature", "properties": {"id": "535f24a8-de24-4dca-9033-a122d96e06a0", "name": "Dendroica Gallery", "category": "gallery", "tags": ["gallery", "art"], "sources": ["overture"], "website": "http://www.dendroica.gallery", "phone": "(206) 324-2502", "address": "1718A E Olive Way", "stations": [{"stopCode": 49, "lines": "1,2", "name": "Capitol Hill Station", "walkingMeters": 312, "walkingSeconds": 224, "band": 5}]}, "geometry": {"type": "Point", "coordinates": [-122.3227997, 47.6200638]}}, {"type": "Feature", "properties": {"id": "d1305858-2afa-426c-a72f-96fa02db84cc", "name": "Harvard House Apartments", "category": "attraction", "tags": ["attraction", "landmark", "historical", "building"], "sources": ["overture"], "phone": "+12063290058", "address": "224 Harvard Ave E", "stations": [{"stopCode": 49, "lines": "1,2", "name": "Capitol Hill Station", "walkingMeters": 303, "walkingSeconds": 220, "band": 5}]}, "geometry": {"type": "Point", "coordinates": [-122.3218842, 47.6207047]}}, {"type": "Feature", "properties": {"id": "6ce5805c-ebe7-4bf0-b633-40b79c9e88bf", "name": "Harvard Ave E Apartments", "category": "attraction", "tags": ["attraction", "landmark", "historical", "building"], "sources": ["overture"], "website": "http://www.harvardavenueschool.com", "phone": "+12063240260", "address": "401 Harvard Ave E", "stations": [{"stopCode": 49, "lines": "1,2", "name": "Capitol Hill Station", "walkingMeters": 493, "walkingSeconds": 368, "band": 10}]}, "geometry": {"type": "Point", "coordinates": [-122.3223038, 47.6221581]}}, {"type": "Feature", "properties": {"id": "e60e7ce1-142c-4dc7-9d17-b75ad407378d", "name": "Residences at Broadway Market", "category": "attraction", "tags": ["attraction", "landmark", "historical", "building"], "sources": ["overture"], "website": "http://www.shopbroadwaymarket.com/", "phone": "+12067522439", "address": "400 Harvard Ave E", "stations": [{"stopCode": 49, "lines": "1,2", "name": "Capitol Hill Station", "walkingMeters": 510, "walkingSeconds": 369, "band": 10}]}, "geometry": {"type": "Point", "coordinates": [-122.3218689, 47.6224174]}}, {"type": "Feature", "properties": {"id": "4685a96d-bf49-464a-b4f5-dc4aeff49d87", "name": "Casa del Rey Apartments", "category": "attraction", "tags": ["attraction", "landmark", "historical", "building"], "sources": ["overture"], "website": "http://casadelrey.northwestapartments.com", "phone": "+12064007285", "address": "321 Broadway E", "stations": [{"stopCode": 49, "lines": "1,2", "name": "Capitol Hill Station", "walkingMeters": 369, "walkingSeconds": 267, "band": 5}]}, "geometry": {"type": "Point", "coordinates": [-122.321022, 47.621727]}}, {"type": "Feature", "properties": {"id": "3771feb0-35e6-4af2-a171-80c80f81f080", "name": "Rubix Apartments", "category": "attraction", "tags": ["attraction", "landmark", "historical", "building"], "sources": ["overture"], "website": "http://www.rubixapartments.com/", "phone": "+12064674846", "address": "515 Harvard Ave E", "stations": [{"stopCode": 49, "lines": "1,2", "name": "Capitol Hill Station", "walkingMeters": 667, "walkingSeconds": 482, "band": 10}]}, "geometry": {"type": "Point", "coordinates": [-122.3221741, 47.6237144]}}, {"type": "Feature", "properties": {"id": "f451d864-cae5-42b0-ac49-cb596f79ff12", "name": "Vertigo", "category": "attraction", "tags": ["attraction", "landmark", "historical", "building"], "sources": ["overture"], "address": "Vertigo, 705 E Republican St", "stations": [{"stopCode": 49, "lines": "1,2", "name": "Capitol Hill Station", "walkingMeters": 629, "walkingSeconds": 469, "band": 10}]}, "geometry": {"type": "Point", "coordinates": [-122.3228073, 47.6230392]}}, {"type": "Feature", "properties": {"id": "f5dd43af-3399-4ea7-847a-306039616580", "name": "Glen Ray", "category": "attraction", "tags": ["attraction", "landmark", "historical", "building"], "sources": ["overture"], "phone": "+12063552944", "address": "411 Boylston Ave E", "stations": [{"stopCode": 49, "lines": "1,2", "name": "Capitol Hill Station", "walkingMeters": 599, "walkingSeconds": 433, "band": 10}]}, "geometry": {"type": "Point", "coordinates": [-122.3233261, 47.6224289]}}, {"type": "Feature", "properties": {"id": "b31da6dc-29cd-4419-8c01-87365eae93d2", "name": "Montbel", "category": "attraction", "tags": ["attraction", "landmark", "historical", "building"], "sources": ["overture"], "address": "323 Belmont Ave E", "stations": [{"stopCode": 49, "lines": "1,2", "name": "Capitol Hill Station", "walkingMeters": 550, "walkingSeconds": 410, "band": 10}]}, "geometry": {"type": "Point", "coordinates": [-122.3245087, 47.6215134]}}, {"type": "Feature", "properties": {"id": "85bd7d50-1a1c-4f66-8f75-710e03cbcaac", "name": "The Lamplighter", "category": "attraction", "tags": ["attraction", "landmark", "historical", "building"], "sources": ["overture"], "website": "http://www.thelamplighterdelmont.com", "phone": "+12063235841", "address": "505 Belmont Ave E", "stations": [{"stopCode": 49, "lines": "1,2", "name": "Capitol Hill Station", "walkingMeters": 787, "walkingSeconds": 567, "band": 10}]}, "geometry": {"type": "Point", "coordinates": [-122.3243484, 47.6234703]}}, {"type": "Feature", "properties": {"id": "ab38a046-3b88-4c81-86e1-5216261f0de1", "name": "Cairo", "category": "gallery", "tags": ["gallery", "art"], "sources": ["overture"], "website": "http://www.templeofcairo.com/cairo/", "phone": "+12064534077", "address": "507 E Mercer St", "stations": [{"stopCode": 49, "lines": "1,2", "name": "Capitol Hill Station", "walkingMeters": 866, "walkingSeconds": 646, "band": 15}]}, "geometry": {"type": "Point", "coordinates": [-122.3249359, 47.6241264]}}, {"type": "Feature", "properties": {"id": "9e50ecd0-c2a5-4922-ac85-2c3d26a62057", "name": "The Don Todd", "category": "attraction", "tags": ["attraction", "landmark", "historical", "building"], "sources": ["overture"], "address": "508 Summit Ave E", "stations": [{"stopCode": 49, "lines": "1,2", "name": "Capitol Hill Station", "walkingMeters": 774, "walkingSeconds": 578, "band": 10}]}, "geometry": {"type": "Point", "coordinates": [-122.3248672, 47.6233902]}}, {"type": "Feature", "properties": {"id": "1b628f0a-4356-43df-b947-de91719529e1", "name": "Amherst", "category": "attraction", "tags": ["attraction", "landmark", "historical", "building"], "sources": ["overture"], "phone": "+12065503860", "address": "516 Bellevue Ave E", "stations": [{"stopCode": 49, "lines": "1,2", "name": "Capitol Hill Station", "walkingMeters": 900, "walkingSeconds": 672, "band": 15}]}, "geometry": {"type": "Point", "coordinates": [-122.3264847, 47.6236153]}}, {"type": "Feature", "properties": {"id": "eedd954c-2e21-486d-af56-6a457d9b60fa", "name": "Blaine Apartments", "category": "attraction", "tags": ["attraction", "landmark", "historical", "building"], "sources": ["overture"], "website": "http://tpl.org/our-work/parks-for-people/blaine-street-steps-seattle", "address": "502 Bellevue Ave E", "stations": [{"stopCode": 49, "lines": "1,2", "name": "Capitol Hill Station", "walkingMeters": 944, "walkingSeconds": 680, "band": 15}]}, "geometry": {"type": "Point", "coordinates": [-122.3263702, 47.6232872]}}, {"type": "Feature", "properties": {"id": "91267d71-5a6e-4272-81f2-10ed6af3d8d8", "name": "The Local 422", "category": "attraction", "tags": ["attraction", "landmark", "historical", "building"], "sources": ["overture"], "website": "http://www.thelocal422.com", "phone": "+12063346763", "address": "422 Summit Ave E", "stations": [{"stopCode": 49, "lines": "1,2", "name": "Capitol Hill Station", "walkingMeters": 781, "walkingSeconds": 562, "band": 10}]}, "geometry": {"type": "Point", "coordinates": [-122.3250122, 47.6226387]}}, {"type": "Feature", "properties": {"id": "f2aab468-9a89-4299-b1c4-ac4aa6bce14d", "name": "Carlyle Apartments", "category": "attraction", "tags": ["attraction", "landmark", "historical", "building"], "sources": ["overture"], "website": "http://carlyle-seattle-usa.placestars.com", "address": "320 Summit Ave E", "stations": [{"stopCode": 49, "lines": "1,2", "name": "Capitol Hill Station", "walkingMeters": 678, "walkingSeconds": 487, "band": 10}]}, "geometry": {"type": "Point", "coordinates": [-122.3250504, 47.62146]}}, {"type": "Feature", "properties": {"id": "96207a40-9906-4ba7-b742-5cd4ac9d3517", "name": "Blackstone Apartments", "category": "attraction", "tags": ["attraction", "landmark", "historical", "building"], "sources": ["overture"], "phone": "+12063290936", "address": "222 Summit Ave", "stations": [{"stopCode": 49, "lines": "1,2", "name": "Capitol Hill Station", "walkingMeters": 498, "walkingSeconds": 372, "band": 10}]}, "geometry": {"type": "Point", "coordinates": [-122.3249359, 47.6203537]}}, {"type": "Feature", "properties": {"id": "2565b90c-c762-437f-a4fe-9a3607b2baf2", "name": "Viewmont Apartments", "category": "attraction", "tags": ["attraction", "landmark", "historical", "building"], "sources": ["overture"], "website": "http://viewmontapartments.com", "phone": "+12066228600", "address": "219 Bellevue Ave E", "stations": [{"stopCode": 49, "lines": "1,2", "name": "Capitol Hill Station", "walkingMeters": 678, "walkingSeconds": 487, "band": 10}]}, "geometry": {"type": "Point", "coordinates": [-122.3269806, 47.6201363]}}, {"type": "Feature", "properties": {"id": "7bf28c33-e565-4f14-8f4e-4388a0a6cf2d", "name": "Malabar", "category": "attraction", "tags": ["attraction", "landmark", "historical", "building"], "sources": ["overture"], "website": "http://www.cornellandassociates.com", "phone": "+12063232222", "address": "168 Melrose Ave E", "stations": [{"stopCode": 49, "lines": "1,2", "name": "Capitol Hill Station", "walkingMeters": 755, "walkingSeconds": 563, "band": 10}]}, "geometry": {"type": "Point", "coordinates": [-122.327713, 47.6203308]}}, {"type": "Feature", "properties": {"id": "6922dd13-4cba-40fc-9819-5bfe9e3cd495", "name": "Oslo Apartments", "category": "attraction", "tags": ["attraction", "landmark", "historical", "building"], "sources": ["overture"], "website": "http://osloseattle.com/", "phone": "+12062036877", "address": "323 Bellevue Ave E", "stations": [{"stopCode": 49, "lines": "1,2", "name": "Capitol Hill Station", "walkingMeters": 790, "walkingSeconds": 568, "band": 10}]}, "geometry": {"type": "Point", "coordinates": [-122.3267136, 47.6214828]}}, {"type": "Feature", "properties": {"id": "9086c1a8-d93f-449e-8d68-a8d6f415aae6", "name": "Melrose Terrace", "category": "attraction", "tags": ["attraction", "landmark", "historical", "building"], "sources": ["overture"], "website": "https://www.melroseterrace.com", "phone": "+12063259630", "address": "308 E Republican St #405", "stations": [{"stopCode": 49, "lines": "1,2", "name": "Capitol Hill Station", "walkingMeters": 990, "walkingSeconds": 713, "band": 15}]}, "geometry": {"type": "Point", "coordinates": [-122.327301, 47.62323]}}, {"type": "Feature", "properties": {"id": "689e26eb-f38f-4d6e-82c9-4edd8f517da0", "name": "Marwood", "category": "attraction", "tags": ["attraction", "landmark", "historical", "building"], "sources": ["overture"], "phone": "+14253956965", "address": "531 Bellevue Ave E", "stations": [{"stopCode": 49, "lines": "1,2", "name": "Capitol Hill Station", "walkingMeters": 971, "walkingSeconds": 725, "band": 15}]}, "geometry": {"type": "Point", "coordinates": [-122.3267517, 47.6241188]}}, {"type": "Feature", "properties": {"id": "aef4449d-4f02-4f7e-8a7b-ac9977cdd18e", "name": "Velo", "category": "attraction", "tags": ["attraction", "landmark", "historical", "building"], "sources": ["overture"], "website": "http://www.veloverdaeapartments.com/", "phone": "+12063259055", "address": "301 E Roy St", "stations": [{"stopCode": 49, "lines": "1,2", "name": "Capitol Hill Station", "walkingMeters": 1118, "walkingSeconds": 834, "band": 15}]}, "geometry": {"type": "Point", "coordinates": [-122.3276138, 47.6249619]}}, {"type": "Feature", "properties": {"id": "0017e33f-896a-4e35-a432-0d231d5b9781", "name": "Bell View Apartments", "category": "attraction", "tags": ["attraction", "landmark", "historical", "building"], "sources": ["overture"], "website": "http://bellviewapts.com/", "phone": "+12063377879", "address": "736 Bellevue Pl E", "stations": [{"stopCode": 49, "lines": "1,2", "name": "Capitol Hill Station", "walkingMeters": 1385, "walkingSeconds": 997, "band": 15}]}, "geometry": {"type": "Point", "coordinates": [-122.3276749, 47.6261864]}}, {"type": "Feature", "properties": {"id": "788a9260-c74b-428a-8c99-6404a329b410", "name": "Mark Spencer Apartments", "category": "attraction", "tags": ["attraction", "landmark", "historical", "building"], "sources": ["overture"], "website": "https://www.cornellandassociates.com/capitol-hill/mark-spencer-apartments", "phone": "+14253455318", "address": "727 Bellevue Ave E", "stations": [{"stopCode": 49, "lines": "1,2", "name": "Capitol Hill Station", "walkingMeters": 1300, "walkingSeconds": 937, "band": 15}]}, "geometry": {"type": "Point", "coordinates": [-122.3271179, 47.6260605]}}, {"type": "Feature", "properties": {"id": "28e74e3e-e399-4704-a951-c5a812318eb8", "name": "Belroy Apartments", "category": "attraction", "tags": ["attraction", "landmark", "historical", "building"], "sources": ["overture"], "website": "https://belroyapartments.com/?utm_source=businessprofile&utm_medium=search&utm_campaign=general", "phone": "+18665912168", "address": "703 Bellevue Ave E", "stations": [{"stopCode": 49, "lines": "1,2", "name": "Capitol Hill Station", "walkingMeters": 1202, "walkingSeconds": 866, "band": 15}]}, "geometry": {"type": "Point", "coordinates": [-122.3268433, 47.6252022]}}, {"type": "Feature", "properties": {"id": "3dcc1ef7-6d4e-41b0-901b-c7b16a8716e4", "name": "Roy Vue Apartments", "category": "attraction", "tags": ["attraction", "landmark", "historical", "building"], "sources": ["overture"], "website": "http://www.allianceapts.com/royvue", "phone": "+12063237983", "address": "615 Bellevue Ave E #10f", "stations": [{"stopCode": 49, "lines": "1,2", "name": "Capitol Hill Station", "walkingMeters": 1134, "walkingSeconds": 817, "band": 15}]}, "geometry": {"type": "Point", "coordinates": [-122.3267822, 47.6248741]}}, {"type": "Feature", "properties": {"id": "9327332a-9e16-4cd2-99b2-671e0d10d09d", "name": "Bella Vista Apartments", "category": "attraction", "tags": ["attraction", "landmark", "historical", "building"], "sources": ["overture"], "website": "http://www.bellavistaseattle.com", "phone": "+12063282288", "address": "600 Bellevue Ave E", "stations": [{"stopCode": 49, "lines": "1,2", "name": "Capitol Hill Station", "walkingMeters": 1044, "walkingSeconds": 752, "band": 15}]}, "geometry": {"type": "Point", "coordinates": [-122.3263016, 47.6243744]}}, {"type": "Feature", "properties": {"id": "ece8d87a-bc5e-46aa-b02f-278221aee95c", "name": "Robson Square", "category": "attraction", "tags": ["attraction", "landmark", "historical", "building", "brazilian"], "sources": ["overture"], "address": "601 Summit Ave E", "stations": [{"stopCode": 49, "lines": "1,2", "name": "Capitol Hill Station", "walkingMeters": 929, "walkingSeconds": 693, "band": 15}]}, "geometry": {"type": "Point", "coordinates": [-122.3255768, 47.6243629]}}, {"type": "Feature", "properties": {"id": "4fe53485-5b66-4638-b7c5-b75c7d928536", "name": "Arcadian Court Condominiums", "category": "attraction", "tags": ["attraction", "landmark", "historical", "building"], "sources": ["overture"], "phone": "+12063282590", "address": "511 E Roy St #201", "stations": [{"stopCode": 49, "lines": "1,2", "name": "Capitol Hill Station", "walkingMeters": 970, "walkingSeconds": 699, "band": 15}]}, "geometry": {"type": "Point", "coordinates": [-122.3249054, 47.6247597]}}, {"type": "Feature", "properties": {"id": "deec26be-7002-4055-b258-616f3b2bef55", "name": "MODE Condominiums", "category": "attraction", "tags": ["attraction", "landmark", "historical", "building"], "sources": ["overture"], "address": "752 Bellevue Ave E", "stations": [{"stopCode": 49, "lines": "1,2", "name": "Capitol Hill Station", "walkingMeters": 1253, "walkingSeconds": 935, "band": 15}]}, "geometry": {"type": "Point", "coordinates": [-122.3263245, 47.6266785]}}, {"type": "Feature", "properties": {"id": "dc940189-2f20-4a40-8b63-1670f11623cb", "name": "Hacienda", "category": "attraction", "tags": ["attraction", "landmark", "historical", "building"], "sources": ["overture"], "phone": "+12069483098", "address": "1029 Summit Ave E", "stations": [{"stopCode": 49, "lines": "1,2", "name": "Capitol Hill Station", "walkingMeters": 1355, "walkingSeconds": 977, "band": 15}]}, "geometry": {"type": "Point", "coordinates": [-122.3260727, 47.6279449]}}, {"type": "Feature", "properties": {"id": "be34bbe5-77bd-4ea4-b5e9-0ae2d3bdb336", "name": "The Ben Lomond", "category": "attraction", "tags": ["attraction", "landmark", "historical", "building"], "sources": ["overture"], "website": "http://www.cornellandassociates.com", "phone": "+12063354625", "address": "1027 Bellevue Ct E"}, "geometry": {"type": "Point", "coordinates": [-122.3274765, 47.6274986]}}, {"type": "Feature", "properties": {"id": "7880f769-f82f-44ab-8186-6c72c48d31c7", "name": "The Laurabell", "category": "attraction", "tags": ["attraction", "landmark", "historical", "building"], "sources": ["overture"], "address": "1112 Broadway E", "stations": [{"stopCode": 49, "lines": "1,2", "name": "Capitol Hill Station", "walkingMeters": 1453, "walkingSeconds": 1084, "band": 15}]}, "geometry": {"type": "Point", "coordinates": [-122.3211136, 47.6290932]}}, {"type": "Feature", "properties": {"id": "bce8a405-9f59-4cea-8c78-7edb5cd88320", "name": "Harvard-Belmont Landmark District", "category": "attraction", "tags": ["attraction", "landmark", "historical", "building"], "sources": ["overture"], "stations": [{"stopCode": 49, "lines": "1,2", "name": "Capitol Hill Station", "walkingMeters": 1235, "walkingSeconds": 891, "band": 15}]}, "geometry": {"type": "Point", "coordinates": [-122.3236008, 47.6278648]}}, {"type": "Feature", "properties": {"id": "b7a72668-e243-4c50-b606-2ed44621b601", "name": "The Aden Apartments", "category": "attraction", "tags": ["attraction", "landmark", "historical", "building"], "sources": ["overture"], "phone": "+14253198296", "address": "709 E Aloha St", "stations": [{"stopCode": 49, "lines": "1,2", "name": "Capitol Hill Station", "walkingMeters": 1137, "walkingSeconds": 849, "band": 15}]}, "geometry": {"type": "Point", "coordinates": [-122.323082, 47.6266785]}}, {"type": "Feature", "properties": {"id": "6ce15b6a-33cc-461e-ae34-301cb86713ff", "name": "Bellemoral", "category": "attraction", "tags": ["attraction", "landmark", "historical", "building"], "sources": ["overture"], "address": "711 Belmont Pl E", "stations": [{"stopCode": 49, "lines": "1,2", "name": "Capitol Hill Station", "walkingMeters": 1121, "walkingSeconds": 837, "band": 15}]}, "geometry": {"type": "Point", "coordinates": [-122.3245392, 47.6262398]}}, {"type": "Feature", "properties": {"id": "503a9d50-f8fd-48bd-b89f-96da1b2610c8", "name": "Shannon Condominium", "category": "attraction", "tags": ["attraction", "landmark", "historical", "building"], "sources": ["overture"], "phone": "+12067777777", "address": "601 Belmont Ave E", "stations": [{"stopCode": 49, "lines": "1,2", "name": "Capitol Hill Station", "walkingMeters": 894, "walkingSeconds": 667, "band": 15}]}, "geometry": {"type": "Point", "coordinates": [-122.3242645, 47.6245995]}}, {"type": "Feature", "properties": {"id": "fe162658-0bd2-407c-ba1d-1e57f54c0b7d", "name": "Sheffield Apartments", "category": "attraction", "tags": ["attraction", "landmark", "historical", "building"], "sources": ["overture"], "website": "http://www.allianceapts.com/sheffield", "phone": "+12063291032", "address": "605 Boylston Ave E", "stations": [{"stopCode": 49, "lines": "1,2", "name": "Capitol Hill Station", "walkingMeters": 845, "walkingSeconds": 610, "band": 10}]}, "geometry": {"type": "Point", "coordinates": [-122.323288, 47.6245155]}}, {"type": "Feature", "properties": {"id": "74f59823-d69a-4e02-97b0-6c3958c022b8", "name": "East Mercer Apartments", "category": "attraction", "tags": ["attraction", "landmark", "historical", "building"], "sources": ["overture"], "website": "http://www.redhawkrentals.com", "phone": "+12063298805", "address": "700 E Mercer St", "stations": [{"stopCode": 49, "lines": "1,2", "name": "Capitol Hill Station", "walkingMeters": 762, "walkingSeconds": 550, "band": 10}]}, "geometry": {"type": "Point", "coordinates": [-122.3224716, 47.6243858]}}, {"type": "Feature", "properties": {"id": "f32d7330-93f8-4702-b7f1-297f65a422cd", "name": "Galerie Orsay Paris-Seattle", "category": "gallery", "tags": ["gallery", "art"], "sources": ["overture"], "website": "https://galerieorsayparis.fr/", "phone": "+12066432468", "address": "713 Broadway E", "stations": [{"stopCode": 49, "lines": "1,2", "name": "Capitol Hill Station", "walkingMeters": 808, "walkingSeconds": 590, "band": 10}]}, "geometry": {"type": "Point", "coordinates": [-122.3215179, 47.6254234]}}, {"type": "Feature", "properties": {"id": "d809aa11-ebdd-40ae-bd32-d77470935d23", "name": "Kobo Shop & Gallery", "category": "gallery", "tags": ["gallery", "art"], "sources": ["overture"], "website": "http://www.koboseattle.com", "phone": "+12067260704", "address": "814 E Roy St", "stations": [{"stopCode": 49, "lines": "1,2", "name": "Capitol Hill Station", "walkingMeters": 896, "walkingSeconds": 669, "band": 10}]}, "geometry": {"type": "Point", "coordinates": [-122.3214722, 47.6251984]}}, {"type": "Feature", "properties": {"id": "1c850a1a-6f45-477e-9af2-3243918b82d5", "name": "Ellenbert Apartments", "category": "attraction", "tags": ["attraction", "landmark", "historical", "building"], "sources": ["overture"], "address": "915 E Harrison St", "stations": [{"stopCode": 49, "lines": "1,2", "name": "Capitol Hill Station", "walkingMeters": 393, "walkingSeconds": 293, "band": 5}]}, "geometry": {"type": "Point", "coordinates": [-122.3202591, 47.6217766]}}, {"type": "Feature", "properties": {"id": 50329137, "name": "Bellevue Place", "category": "park", "tags": ["park"], "sources": ["osm", "overture"], "website": "https://www.seattle.gov", "phone": "12066844075", "address": "799 Bellevue Ave E", "stations": [{"stopCode": 49, "lines": "1,2", "name": "Capitol Hill Station", "walkingMeters": 1463, "walkingSeconds": 1053, "band": 15}]}, "geometry": {"type": "Point", "coordinates": [-122.3275719, 47.627047]}}, {"type": "Feature", "properties": {"id": "baadd2ad-9988-49cb-ad43-360158c3a979", "name": "Boren Place", "category": "park", "tags": ["park"], "sources": ["overture"], "website": "http://seattle.gov/parks/park_detail.asp?ID=348", "phone": "(206) 684-4075", "address": "Boren Ave. & Terrace St.", "stations": [{"stopCode": 49, "lines": "1,2", "name": "Capitol Hill Station", "walkingMeters": 451, "walkingSeconds": 324, "band": 5}]}, "geometry": {"type": "Point", "coordinates": [-122.3214035, 47.6216812]}}, {"type": "Feature", "properties": {"id": 66218128, "name": "Tashkent Park", "category": "park", "tags": ["park"], "sources": ["osm", "overture"], "website": "http://seattle.gov/parks/park_detail.asp?ID=384", "phone": "+12066844075", "address": "511 Boylston Ave E", "stations": [{"stopCode": 49, "lines": "1,2", "name": "Capitol Hill Station", "walkingMeters": 782, "walkingSeconds": 564, "band": 10}]}, "geometry": {"type": "Point", "coordinates": [-122.3235485, 47.6238017]}}, {"type": "Feature", "properties": {"id": 171725296, "name": "Thomas Street Mini Park", "category": "park", "tags": ["park"], "sources": ["osm", "overture"], "website": "http://www.seattle.gov/PARKS/park_detail.asp?ID=386", "phone": "+12066844075", "address": "306 Bellevue Ave E", "stations": [{"stopCode": 49, "lines": "1,2", "name": "Capitol Hill Station", "walkingMeters": 700, "walkingSeconds": 503, "band": 10}]}, "geometry": {"type": "Point", "coordinates": [-122.3262572, 47.6210331]}}, {"type": "Feature", "properties": {"id": 295867553, "name": "Lakeview Place", "category": "park", "tags": ["park"], "sources": ["osm"], "website": "https://www.seattle.gov/parks/allparks/lakeview-place", "address": "1024 Lakeview Boulevard East"}, "geometry": {"type": "Point", "coordinates": [-122.3256213, 47.6293466]}}, {"type": "Feature", "properties": {"id": 335080503, "name": "Eastlake Triangle", "category": "park", "tags": ["park"], "sources": ["osm"]}, "geometry": {"type": "Point", "coordinates": [-122.3290237, 47.6281619]}}, {"type": "Feature", "properties": {"id": "65bf6ae6-3eab-4adb-a4bb-98e8bea8990b", "name": "Bullitt Life Estate", "category": "park", "tags": ["park"], "sources": ["overture"], "address": "1125 Harvard Ave E"}, "geometry": {"type": "Point", "coordinates": [-122.3229218, 47.6291695]}}, {"type": "Feature", "properties": {"id": "4169a30d-327a-4180-9748-b0086ed884c4", "name": "Silver Cloud Inn", "category": "hotel", "tags": ["hotel"], "sources": ["overture"], "website": "http://www.silvercloud.com/seattlelakeunion/", "phone": "+12064479500", "address": "1150 Fairview Ave N"}, "geometry": {"type": "Point", "coordinates": [-122.3291702, 47.6297684]}}, {"type": "Feature", "properties": {"id": 217604405, "name": "Silver Cloud Inn - Seattle Lake Union", "category": "hotel", "tags": ["hotel"], "sources": ["osm"], "address": "1150 Eastlake Avenue East"}, "geometry": {"type": "Point", "coordinates": [-122.3289993, 47.6296683]}}, {"type": "Feature", "properties": {"id": "06891756-082a-46f8-8806-b02c89458151", "name": "Harry's Guest House", "category": "guest_house", "tags": ["guest-house", "bed", "breakfast"], "sources": ["overture"], "website": "http://www.harrysguesthouse.com/", "phone": "+12064329285", "address": "318 E Mercer St", "stations": [{"stopCode": 49, "lines": "1,2", "name": "Capitol Hill Station", "walkingMeters": 1095, "walkingSeconds": 788, "band": 15}]}, "geometry": {"type": "Point", "coordinates": [-122.3270111, 47.6243858]}}, {"type": "Feature", "properties": {"id": "d5181119-3ef4-4cce-b822-6bf7f6ed2a15", "name": "Cecil Bacon Manor Bed and Breakfast", "category": "guest_house", "tags": ["guest-house", "bed", "breakfast"], "sources": ["overture"], "website": "https://www.baconmanor.com/", "phone": "+12067175959", "address": "959 Broadway E", "stations": [{"stopCode": 49, "lines": "1,2", "name": "Capitol Hill Station", "walkingMeters": 1171, "walkingSeconds": 843, "band": 15}]}, "geometry": {"type": "Point", "coordinates": [-122.3216248, 47.6284637]}}, {"type": "Feature", "properties": {"id": "301587d6-7cec-41a1-978d-913144d0dfee", "name": "Bed & Breakfast on Broadway", "category": "guest_house", "tags": ["guest-house", "bed", "breakfast"], "sources": ["overture"], "website": "http://www.bbonbroadway.com/", "phone": "2063298933", "address": "722 Broadway E", "stations": [{"stopCode": 49, "lines": "1,2", "name": "Capitol Hill Station", "walkingMeters": 966, "walkingSeconds": 721, "band": 10}]}, "geometry": {"type": "Point", "coordinates": [-122.3209839, 47.625721]}}, {"type": "Feature", "properties": {"id": "7ff0d269-7df6-4bd7-a686-a72284eaa0f5", "name": "GrokHome", "category": "hotel", "tags": ["hotel"], "sources": ["overture"], "website": "http://www.grokhome.com/", "address": "611 10th Ave E", "stations": [{"stopCode": 49, "lines": "1,2", "name": "Capitol Hill Station", "walkingMeters": 740, "walkingSeconds": 533, "band": 10}]}, "geometry": {"type": "Point", "coordinates": [-122.3201828, 47.6246681]}}, {"type": "Feature", "properties": {"id": 1726081341, "name": "QFC", "category": "supermarket", "tags": ["supermarket", "wheelchair-accessible"], "sources": ["osm", "overture"], "website": "https://www.qfc.com/stores/grocery/wa/seattle/broadway-market/705/00887?cid=loc_70500887_fb", "phone": "+12063286920", "address": "417 Broadway E #2", "hours": "05:00-01:00", "stations": [{"stopCode": 49, "lines": "1,2", "name": "Capitol Hill Station", "walkingMeters": 448, "walkingSeconds": 324, "band": 10}]}, "geometry": {"type": "Point", "coordinates": [-122.3214738, 47.6224273]}}, {"type": "Feature", "properties": {"id": 2158667679, "name": "T-Mobile", "category": "mobile_phone", "tags": ["mobile-phone"], "sources": ["osm"], "website": "https://www.t-mobile.com/stores/bd/t-mobile-seattle-wa-98102-2487", "address": "431 Broadway East", "hours": "Mo-Sa 10:00-20:00; Su 11:00-18:00", "stations": [{"stopCode": 49, "lines": "1,2", "name": "Capitol Hill Station", "walkingMeters": 502, "walkingSeconds": 363, "band": 10}]}, "geometry": {"type": "Point", "coordinates": [-122.3211921, 47.6229133]}}, {"type": "Feature", "properties": {"id": "b516355d-2202-449c-b09d-ab4de36dd025", "name": "Mud Bay", "category": "pet", "tags": ["pet"], "sources": ["overture"], "website": "https://www.mudbay.com/pet-store/BAT-seattle-WA", "phone": "2063226177", "address": "231 Broadway E", "stations": [{"stopCode": 49, "lines": "1,2", "name": "Capitol Hill Station", "walkingMeters": 270, "walkingSeconds": 201, "band": 5}]}, "geometry": {"type": "Point", "coordinates": [-122.321106, 47.6208267]}}, {"type": "Feature", "properties": {"id": 1563323333, "name": "Nomadic", "category": "wine", "tags": ["wine"], "sources": ["osm"], "address": "700 Broadway East", "stations": [{"stopCode": 49, "lines": "1,2", "name": "Capitol Hill Station", "walkingMeters": 772, "walkingSeconds": 556, "band": 10}]}, "geometry": {"type": "Point", "coordinates": [-122.3210851, 47.6253026]}}, {"type": "Feature", "properties": {"id": 2077157835, "name": "Choice Tobacco", "category": "tobacco", "tags": ["tobacco"], "sources": ["osm", "overture"], "website": "http://www.yelp.com/biz/choice-tobacco-seattle", "phone": "+12063221414", "address": "603 Broadway E", "hours": "Mo-Fr 10:00-22:00; Sa,Su 10:00-23:00", "stations": [{"stopCode": 49, "lines": "1,2", "name": "Capitol Hill Station", "walkingMeters": 668, "walkingSeconds": 489, "band": 10}]}, "geometry": {"type": "Point", "coordinates": [-122.3211356, 47.6244327]}}, {"type": "Feature", "properties": {"id": 2077272331, "name": "Trendy Wendy", "category": "clothes", "tags": ["clothes"], "sources": ["osm"], "address": "211 Broadway East", "hours": "Mo-Sa 12:00-20:00; Su 12:00-17:00", "stations": [{"stopCode": 49, "lines": "1,2", "name": "Capitol Hill Station", "walkingMeters": 207, "walkingSeconds": 149, "band": 5}]}, "geometry": {"type": "Point", "coordinates": [-122.3210841, 47.6202452]}}, {"type": "Feature", "properties": {"id": 2077272335, "name": "Tobacco Leaf", "category": "tobacco", "tags": ["tobacco"], "sources": ["osm", "overture"], "website": "http://www.tobaccoleafseattle.com/", "phone": "+12065574694", "address": "215 Broadway E", "hours": "Mo-Su 09:30-23:00", "stations": [{"stopCode": 49, "lines": "1,2", "name": "Capitol Hill Station", "walkingMeters": 219, "walkingSeconds": 158, "band": 5}]}, "geometry": {"type": "Point", "coordinates": [-122.3210834, 47.620354]}}, {"type": "Feature", "properties": {"id": 2077272340, "name": "The New York Xchange", "category": "clothes", "tags": ["clothes"], "sources": ["osm", "overture"], "website": "http://thenewyorkxchange.com", "phone": "+12067263300", "address": "225 Broadway E", "hours": "Su-Th 11:00-19:00; Fr,Sa 11:00-20:00", "stations": [{"stopCode": 49, "lines": "1,2", "name": "Capitol Hill Station", "walkingMeters": 260, "walkingSeconds": 187, "band": 5}]}, "geometry": {"type": "Point", "coordinates": [-122.3210825, 47.6207166]}}, {"type": "Feature", "properties": {"id": 2077272343, "name": "Winners Circle", "category": "clothes", "tags": ["clothes"], "sources": ["osm"], "address": "233 Broadway East", "stations": [{"stopCode": 49, "lines": "1,2", "name": "Capitol Hill Station", "walkingMeters": 278, "walkingSeconds": 200, "band": 5}]}, "geometry": {"type": "Point", "coordinates": [-122.3210944, 47.6208885]}}, {"type": "Feature", "properties": {"id": 2131716695, "name": "Magpie Thrift", "category": "clothes", "tags": ["clothes", "second-hand"], "sources": ["osm"], "website": "https://www.magpiethriftseattle.com", "address": "312 Broadway East", "hours": "Mo-Su 12:00-19:00", "stations": [{"stopCode": 49, "lines": "1,2", "name": "Capitol Hill Station", "walkingMeters": 320, "walkingSeconds": 230, "band": 5}]}, "geometry": {"type": "Point", "coordinates": [-122.320653, 47.6214284]}}, {"type": "Feature", "properties": {"id": 2131716788, "name": "Seattle Cigar & Tobacco", "category": "tobacco", "tags": ["tobacco"], "sources": ["osm"], "address": "414 Broadway East", "stations": [{"stopCode": 49, "lines": "1,2", "name": "Capitol Hill Station", "walkingMeters": 438, "walkingSeconds": 315, "band": 5}]}, "geometry": {"type": "Point", "coordinates": [-122.3207147, 47.6224681]}}, {"type": "Feature", "properties": {"id": 2158667255, "name": "Vino Verite", "category": "alcohol", "tags": ["alcohol"], "sources": ["osm"], "address": "208 Boylston Avenue East", "stations": [{"stopCode": 49, "lines": "1,2", "name": "Capitol Hill Station", "walkingMeters": 346, "walkingSeconds": 249, "band": 5}]}, "geometry": {"type": "Point", "coordinates": [-122.3228832, 47.6201227]}}, {"type": "Feature", "properties": {"id": 2158667392, "name": "Thomas Street Market", "category": "convenience", "tags": ["convenience"], "sources": ["osm", "overture"], "phone": "+12062680734", "address": "233 Summit Ave E", "hours": "Su-Th 08:00-24:00, Fr,Sa 08:00-02:00", "stations": [{"stopCode": 49, "lines": "1,2", "name": "Capitol Hill Station", "walkingMeters": 623, "walkingSeconds": 448, "band": 10}]}, "geometry": {"type": "Point", "coordinates": [-122.3254596, 47.6206599]}}, {"type": "Feature", "properties": {"id": 2158667863, "name": "Evolve", "category": "jewelry", "tags": ["jewelry"], "sources": ["osm"], "phone": "+1-206-860-6052", "address": "607 Broadway East", "hours": "Th-Mo 12:00-18:00", "stations": [{"stopCode": 49, "lines": "1,2", "name": "Capitol Hill Station", "walkingMeters": 677, "walkingSeconds": 496, "band": 10}]}, "geometry": {"type": "Point", "coordinates": [-122.3211381, 47.6245143]}}, {"type": "Feature", "properties": {"id": 2158772333, "name": "Summit Foods", "category": "convenience", "tags": ["convenience"], "sources": ["osm"], "address": "530 Summit Avenue East", "stations": [{"stopCode": 49, "lines": "1,2", "name": "Capitol Hill Station", "walkingMeters": 938, "walkingSeconds": 676, "band": 15}]}, "geometry": {"type": "Point", "coordinates": [-122.3251505, 47.6240948]}}, {"type": "Feature", "properties": {"id": 2158772335, "name": "Indian Summer", "category": "clothes", "tags": ["clothes"], "sources": ["osm"], "address": "534 Summit Avenue East", "stations": [{"stopCode": 49, "lines": "1,2", "name": "Capitol Hill Station", "walkingMeters": 944, "walkingSeconds": 680, "band": 15}]}, "geometry": {"type": "Point", "coordinates": [-122.3251521, 47.6241518]}}, {"type": "Feature", "properties": {"id": 2158772373, "name": "Under U 4 Men", "category": "clothes", "tags": ["clothes", "mens"], "sources": ["osm", "overture"], "website": "https://shop.underu4men.com/", "phone": "+12063246446", "address": "709 Broadway E", "stations": [{"stopCode": 49, "lines": "1,2", "name": "Capitol Hill Station", "walkingMeters": 801, "walkingSeconds": 585, "band": 10}]}, "geometry": {"type": "Point", "coordinates": [-122.3214876, 47.6253565]}}, {"type": "Feature", "properties": {"id": 2158772394, "name": "Quest Bookshop", "category": "books", "tags": ["books"], "sources": ["osm", "overture"], "website": "http://seattletheosophy.org", "phone": "+12063234281", "address": "717 Broadway E", "hours": "Th-Su 12:00-17:00", "stations": [{"stopCode": 49, "lines": "1,2", "name": "Capitol Hill Station", "walkingMeters": 825, "walkingSeconds": 602, "band": 15}]}, "geometry": {"type": "Point", "coordinates": [-122.3214915, 47.6255666]}}, {"type": "Feature", "properties": {"id": 2223782107, "name": "Blindfold Gallery", "category": "art", "tags": ["art"], "sources": ["osm"], "address": "1718 A East Olive Way", "stations": [{"stopCode": 49, "lines": "1,2", "name": "Capitol Hill Station", "walkingMeters": 309, "walkingSeconds": 222, "band": 5}]}, "geometry": {"type": "Point", "coordinates": [-122.3227587, 47.6200495]}}, {"type": "Feature", "properties": {"id": 2223801784, "name": "Spin Cycle", "category": "music", "tags": ["music"], "sources": ["osm"], "website": "https://www.seattlespincycle.co/", "phone": "+1-206-971-0267", "hours": "Mo-Su 10:00-20:00", "stations": [{"stopCode": 49, "lines": "1,2", "name": "Capitol Hill Station", "walkingMeters": 368, "walkingSeconds": 266, "band": 5}]}, "geometry": {"type": "Point", "coordinates": [-122.321137, 47.6217126]}}, {"type": "Feature", "properties": {"id": 1282650727, "name": "Verizon", "category": "mobile_phone", "tags": ["mobile-phone", "mobile"], "sources": ["osm", "overture"], "website": "victra.com", "phone": "12065827099", "address": "204 Broadway E", "hours": "Mo-Fr 11:00-19:00; Sa 10:00-19:00", "stations": [{"stopCode": 49, "lines": "1,2", "name": "Capitol Hill Station", "walkingMeters": 176, "walkingSeconds": 126, "band": 5}]}, "geometry": {"type": "Point", "coordinates": [-122.3206563, 47.6201432]}}, {"type": "Feature", "properties": {"id": 3006165159, "name": "Bike Swift", "category": "bicycle", "tags": ["bicycle"], "sources": ["osm"], "website": "https://www.bikeswift.com/", "phone": "+1-206-588-6546", "address": "603 Eastlake Avenue East", "hours": "Tu-Sa 11:00-18:00"}, "geometry": {"type": "Point", "coordinates": [-122.3293622, 47.6244469]}}, {"type": "Feature", "properties": {"id": 3006165183, "name": "Galerie Orsay", "category": "art", "tags": ["art"], "sources": ["osm"], "website": "http://galerieorsayparis.fr", "address": "713 Broadway East", "hours": "Tu-Sa 12:00-17:00", "stations": [{"stopCode": 49, "lines": "1,2", "name": "Capitol Hill Station", "walkingMeters": 810, "walkingSeconds": 591, "band": 10}]}, "geometry": {"type": "Point", "coordinates": [-122.3214815, 47.625436]}}, {"type": "Feature", "properties": {"id": 56051538, "name": "REI", "category": "outdoor", "tags": ["outdoor", "wheelchair-accessible", "wifi"], "sources": ["osm"], "website": "https://www.rei.com/stores/seattle", "phone": "+1-206-223-1944", "address": "222 Yale Avenue North", "hours": "Mo-Fr 09:00-21:00; Sa 09:00-21:00; Su 10:00-19:00", "stations": [{"stopCode": 49, "lines": "1,2", "name": "Capitol Hill Station", "walkingMeters": 1036, "walkingSeconds": 752, "band": 15}, {"stopCode": 50, "lines": "1,2", "name": "Westlake Station", "walkingMeters": 1230, "walkingSeconds": 887, "band": 15}]}, "geometry": {"type": "Point", "coordinates": [-122.3297917, 47.620276]}}, {"type": "Feature", "properties": {"id": 5972401186, "name": "Gearhouse", "category": "outdoor", "tags": ["outdoor", "wifi"], "sources": ["osm"], "website": "https://www.joingearhouse.com", "phone": "+1-206-466-0575", "address": "800 East Thomas Street", "hours": "Mo-Fr 12:00-20:00; Sa-Su 08:00-16:00", "stations": [{"stopCode": 49, "lines": "1,2", "name": "Capitol Hill Station", "walkingMeters": 365, "walkingSeconds": 262, "band": 5}]}, "geometry": {"type": "Point", "coordinates": [-122.321843, 47.6212098]}}, {"type": "Feature", "properties": {"id": 6052267218, "name": "Aluel Cellars", "category": "wine", "tags": ["wine"], "sources": ["osm"], "address": "801A East Thomas Street", "hours": "We-Fr 16:00-21:00; Mo,Tu off; Sa 13:00-21:00; Su 13:00-19:00", "stations": [{"stopCode": 49, "lines": "1,2", "name": "Capitol Hill Station", "walkingMeters": 361, "walkingSeconds": 260, "band": 5}]}, "geometry": {"type": "Point", "coordinates": [-122.3219732, 47.620969]}}, {"type": "Feature", "properties": {"id": 6466869098, "name": "Smoke Stop", "category": "tobacco", "tags": ["tobacco"], "sources": ["osm"], "address": "219 Broadway East", "stations": [{"stopCode": 49, "lines": "1,2", "name": "Capitol Hill Station", "walkingMeters": 244, "walkingSeconds": 176, "band": 5}]}, "geometry": {"type": "Point", "coordinates": [-122.3212596, 47.6205813]}}, {"type": "Feature", "properties": {"id": 12686039937, "name": "The Cramp", "category": "clothes", "tags": ["clothes"], "sources": ["osm"], "address": "219 Broadway East", "stations": [{"stopCode": 49, "lines": "1,2", "name": "Capitol Hill Station", "walkingMeters": 276, "walkingSeconds": 201, "band": 5}]}, "geometry": {"type": "Point", "coordinates": [-122.3213193, 47.6205312]}}, {"type": "Feature", "properties": {"id": 206042647, "name": "Crossroads Trading Co", "category": "clothes", "tags": ["clothes"], "sources": ["osm"], "address": "325 Broadway East", "hours": "Mo-Su 11:00-20:00", "stations": [{"stopCode": 49, "lines": "1,2", "name": "Capitol Hill Station", "walkingMeters": 407, "walkingSeconds": 295, "band": 5}]}, "geometry": {"type": "Point", "coordinates": [-122.3212907, 47.6218348]}}, {"type": "Feature", "properties": {"id": "bfa4ea59-84c2-4c46-9c45-1153342157fe", "name": "Rite Aid", "category": "convenience", "tags": ["convenience"], "sources": ["overture"], "phone": "2063247111", "address": "201 Broadway E", "stations": [{"stopCode": 49, "lines": "1,2", "name": "Capitol Hill Station", "walkingMeters": 175, "walkingSeconds": 126, "band": 5}]}, "geometry": {"type": "Point", "coordinates": [-122.3208847, 47.6200676]}}, {"type": "Feature", "properties": {"id": "e752f290-5f83-44dc-93c8-a07b5c019f92", "name": "T-Mobile Authorized Retailer", "category": "mobile_phone", "tags": ["mobile-phone", "mobile"], "sources": ["overture"], "website": "https://www.t-mobile.com/stores/bd/t-mobile-seattle-wa-98102-2487?utm_source=facebook&utm_medium=lastmile&utm_campaign=2487", "phone": "+12067483889", "address": "431 Broadway E Ste F", "stations": [{"stopCode": 49, "lines": "1,2", "name": "Capitol Hill Station", "walkingMeters": 485, "walkingSeconds": 351, "band": 10}]}, "geometry": {"type": "Point", "coordinates": [-122.3210754, 47.6227646]}}, {"type": "Feature", "properties": {"id": "b3774660-534c-4ece-b0ab-baebf02583c1", "name": "Panache", "category": "clothes", "tags": ["clothes"], "sources": ["overture"], "website": "http://Instagram.com/panacheclothingcompany", "phone": "+12067263300", "address": "225 Broadway E", "stations": [{"stopCode": 49, "lines": "1,2", "name": "Capitol Hill Station", "walkingMeters": 260, "walkingSeconds": 187, "band": 5}]}, "geometry": {"type": "Point", "coordinates": [-122.3210754, 47.6207085]}}, {"type": "Feature", "properties": {"id": "c908e419-5b64-42e5-a2e7-95805843dfcc", "name": "Versus Apparel", "category": "clothes", "tags": ["clothes"], "sources": ["overture"], "website": "https://www.tiktok.com/@wearversusapparel", "phone": "+15093080593", "address": "322 Belmont Ave E", "stations": [{"stopCode": 49, "lines": "1,2", "name": "Capitol Hill Station", "walkingMeters": 494, "walkingSeconds": 369, "band": 10}]}, "geometry": {"type": "Point", "coordinates": [-122.3237228, 47.6215134]}}, {"type": "Feature", "properties": {"id": "34ae8bdd-ae46-4ecb-a437-72ef5f878a96", "name": "Summit Foods Mart", "category": "supermarket", "tags": ["supermarket"], "sources": ["overture"], "phone": "+12063297953", "address": "530 Summit Ave E", "stations": [{"stopCode": 49, "lines": "1,2", "name": "Capitol Hill Station", "walkingMeters": 937, "walkingSeconds": 675, "band": 15}]}, "geometry": {"type": "Point", "coordinates": [-122.3252182, 47.6240845]}}, {"type": "Feature", "properties": {"id": "dd0f23e7-3647-48f5-81d6-d6f531da5902", "name": "Freeman", "category": "clothes", "tags": ["clothes"], "sources": ["overture"], "website": "http://www.freemanseattle.com/", "phone": "+12063279932", "address": "713 Broadway E", "stations": [{"stopCode": 49, "lines": "1,2", "name": "Capitol Hill Station", "walkingMeters": 802, "walkingSeconds": 585, "band": 10}]}, "geometry": {"type": "Point", "coordinates": [-122.3214951, 47.6253586]}}, {"type": "Feature", "properties": {"id": "8ff85c69-97cb-4227-96f4-7e903d017400", "name": "Broadway & Roy Chevron", "category": "convenience", "tags": ["convenience"], "sources": ["overture"], "website": "https://www.chevron.com", "phone": "+12063286252", "address": "915 E Roy St", "stations": [{"stopCode": 49, "lines": "1,2", "name": "Capitol Hill Station", "walkingMeters": 871, "walkingSeconds": 650, "band": 10}]}, "geometry": {"type": "Point", "coordinates": [-122.3202133, 47.6250877]}}, {"type": "Feature", "properties": {"id": "245dd3d8-533e-47a7-9eab-fe0f318c3e70", "name": "market collective", "category": "clothes", "tags": ["clothes"], "sources": ["overture"], "website": "http://www.marketcollective.shop/", "phone": "+19139070526", "address": "1132 10th Ave E", "stations": [{"stopCode": 49, "lines": "1,2", "name": "Capitol Hill Station", "walkingMeters": 1239, "walkingSeconds": 892, "band": 15}]}, "geometry": {"type": "Point", "coordinates": [-122.3200531, 47.6296234]}}, {"type": "Feature", "properties": {"id": "1fea3e05-8cf1-497a-b711-d4bbb1b2556f", "name": "The Vajra", "category": "gift", "tags": ["gift"], "sources": ["overture"], "website": "https://www.thevajra.com", "phone": "(206) 323-7846", "address": "518 Broadway E", "stations": [{"stopCode": 49, "lines": "1,2", "name": "Capitol Hill Station", "walkingMeters": 568, "walkingSeconds": 409, "band": 10}]}, "geometry": {"type": "Point", "coordinates": [-122.3207321, 47.6236153]}}, {"type": "Feature", "properties": {"id": "e343d510-b295-43fc-96fc-b7db7454f562", "name": "Seattle Cigar and Tobacco", "category": "tobacco", "tags": ["tobacco"], "sources": ["overture"], "website": "http://gallus.lunariffic.com/", "phone": "+12063248000", "address": "414 Broadway E", "stations": [{"stopCode": 49, "lines": "1,2", "name": "Capitol Hill Station", "walkingMeters": 439, "walkingSeconds": 316, "band": 5}]}, "geometry": {"type": "Point", "coordinates": [-122.3206024, 47.6224823]}}, {"type": "Feature", "properties": {"id": "c0423f38-c9e4-4355-85ba-af45fa3ec61a", "name": "Shelby Stone and Tile Eden's Tile Portfolio", "category": "doityourself", "tags": ["doityourself", "building", "supply"], "sources": ["overture"], "website": "https://www.shelby-stone-and-tile-edens-tile-portfolio.com", "phone": "(206) 856-6172", "address": "212 Broadway E", "stations": [{"stopCode": 49, "lines": "1,2", "name": "Capitol Hill Station", "walkingMeters": 206, "walkingSeconds": 148, "band": 5}]}, "geometry": {"type": "Point", "coordinates": [-122.3205109, 47.6204224]}}, {"type": "Feature", "properties": {"id": 2077157838, "name": "ZoomCare", "category": "clinic", "tags": ["clinic"], "sources": ["osm"], "website": "https://www.zoomcare.com/", "address": "531 Broadway East", "stations": [{"stopCode": 49, "lines": "1,2", "name": "Capitol Hill Station", "walkingMeters": 615, "walkingSeconds": 449, "band": 10}]}, "geometry": {"type": "Point", "coordinates": [-122.321117, 47.6239528]}}, {"type": "Feature", "properties": {"id": 217604464, "name": "Seattle Cancer Care Alliance", "category": "clinic", "tags": ["clinic"], "sources": ["osm"], "website": "https://www.seattlecca.org/", "phone": "+1-855-557-0555", "address": "825 Eastlake Avenue East"}, "geometry": {"type": "Point", "coordinates": [-122.3297983, 47.626424]}}, {"type": "Feature", "properties": {"id": "8a6b60ec-0ffd-4bfd-9592-aab2e3f89d94", "name": "Quality Food Center", "category": "pharmacy", "tags": ["pharmacy"], "sources": ["overture"], "website": "https://www.qfc.com/rx/pharmacy/details/705/00887", "address": "417 Broadway E # 2", "stations": [{"stopCode": 49, "lines": "1,2", "name": "Capitol Hill Station", "walkingMeters": 522, "walkingSeconds": 390, "band": 10}]}, "geometry": {"type": "Point", "coordinates": [-122.3214493, 47.6225739]}}, {"type": "Feature", "properties": {"id": "b4fe4deb-4ab2-41b1-b8c3-a6e62de254c1", "name": "UW Medicine", "category": "hospital", "tags": ["hospital"], "sources": ["overture"], "website": "https://www.seattlecca.org/locations/scca-south-lake-union", "phone": "+12062887222", "address": "1354 Aloha St"}, "geometry": {"type": "Point", "coordinates": [-122.3298035, 47.6264687]}}, {"type": "Feature", "properties": {"id": "76916031-f780-44aa-8492-879407de1530", "name": "UW Medicine Prosthetics & Orthotics Clinic at Eastlake", "category": "hospital", "tags": ["hospital"], "sources": ["overture"], "website": "https://www.uwmedicine.org/locations/prosthetics-and-orthotics-eastlake", "phone": "2065984026", "address": "501 Eastlake Ave E Ste 300"}, "geometry": {"type": "Point", "coordinates": [-122.3295517, 47.6234436]}}, {"type": "Feature", "properties": {"id": 2158750731, "name": "Bank of America", "category": "bank", "tags": ["bank", "credit", "union"], "sources": ["osm", "overture"], "website": "https://locators.bankofamerica.com/wa/seattle/financial-centers-seattle-16712.html", "phone": "+12064940577", "address": "230 Broadway E", "hours": "Mo-Fr 09:00-16:00", "stations": [{"stopCode": 49, "lines": "1,2", "name": "Capitol Hill Station", "walkingMeters": 257, "walkingSeconds": 185, "band": 5}]}, "geometry": {"type": "Point", "coordinates": [-122.3206104, 47.6208933]}}, {"type": "Feature", "properties": {"id": 2077157837, "name": "Umpqua Bank", "category": "bank", "tags": ["bank"], "sources": ["osm"], "address": "539 Broadway East", "hours": "Mo-Fr 09:00-17:00", "stations": [{"stopCode": 49, "lines": "1,2", "name": "Capitol Hill Station", "walkingMeters": 635, "walkingSeconds": 463, "band": 10}]}, "geometry": {"type": "Point", "coordinates": [-122.3211199, 47.6241323]}}, {"type": "Feature", "properties": {"id": 2077157860, "name": "The UPS Store", "category": "post_office", "tags": ["post-office"], "sources": ["osm"], "address": "505 Broadway East", "hours": "Mo-Fr 08:30-19:00; Sa 11:30-17:00; Su 12:00-17:00", "stations": [{"stopCode": 49, "lines": "1,2", "name": "Capitol Hill Station", "walkingMeters": 550, "walkingSeconds": 402, "band": 10}]}, "geometry": {"type": "Point", "coordinates": [-122.321111, 47.6233672]}}, {"type": "Feature", "properties": {"id": 2691775460, "name": "Wells Fargo", "category": "bank", "tags": ["bank", "credit", "union"], "sources": ["osm", "overture"], "website": "http://www.wellsfargo.com", "phone": "+12065683740", "address": "401 Broadway E", "hours": "Mo-Fr 09:00-17:00; Sa 09:00-12:00", "stations": [{"stopCode": 49, "lines": "1,2", "name": "Capitol Hill Station", "walkingMeters": 527, "walkingSeconds": 382, "band": 10}]}, "geometry": {"type": "Point", "coordinates": [-122.3211885, 47.6230166]}}, {"type": "Feature", "properties": {"id": 53919514, "name": "Chase", "category": "bank", "tags": ["bank", "credit", "union"], "sources": ["osm", "overture"], "website": "https://locator.chase.com/wa/seattle/301-broadway-e?jp_cmp=rb%2FLocalListings%2Faff%2Fbranch%2Fna&y_source=1_MjAzODIyNC01NTktbG9jYXRpb24ud2Vic2l0ZQ%3D%3D", "phone": "+13107959997", "address": "301 Broadway E", "hours": "Mo-Fr 09:00-17:00; Sa 09:00-13:00; Su closed", "stations": [{"stopCode": 49, "lines": "1,2", "name": "Capitol Hill Station", "walkingMeters": 325, "walkingSeconds": 236, "band": 5}]}, "geometry": {"type": "Point", "coordinates": [-122.3211983, 47.6213132]}}, {"type": "Feature", "properties": {"id": 5500012253, "name": "BECU", "category": "bank", "tags": ["bank"], "sources": ["osm"], "stations": [{"stopCode": 49, "lines": "1,2", "name": "Capitol Hill Station", "walkingMeters": 544, "walkingSeconds": 394, "band": 10}]}, "geometry": {"type": "Point", "coordinates": [-122.321413, 47.6230147]}}, {"type": "Feature", "properties": {"id": 2131716946, "name": "1st Security Bank", "category": "bank", "tags": ["bank"], "sources": ["osm"], "address": "614 Broadway East", "hours": "Mo-Fr 09:00-17:00", "stations": [{"stopCode": 49, "lines": "1,2", "name": "Capitol Hill Station", "walkingMeters": 696, "walkingSeconds": 501, "band": 10}]}, "geometry": {"type": "Point", "coordinates": [-122.3207379, 47.6247456]}}, {"type": "Feature", "properties": {"id": 3006168308, "name": "Broadway Post Office", "category": "post_office", "tags": ["post-office"], "sources": ["osm"], "website": "https://tools.usps.com/locations/details/1477636", "address": "212 Broadway East", "hours": "Mo-Fr 09:00-17:30; Sa 08:30-15:00; Su,PH off", "stations": [{"stopCode": 49, "lines": "1,2", "name": "Capitol Hill Station", "walkingMeters": 210, "walkingSeconds": 151, "band": 5}]}, "geometry": {"type": "Point", "coordinates": [-122.320631, 47.6204732]}}, {"type": "Feature", "properties": {"id": "c88ee7c5-7232-424f-b1c2-1a93d7cd3410", "name": "Columbia Bank", "category": "bank", "tags": ["bank", "credit", "union"], "sources": ["overture"], "website": "https://locations.umpquabank.com/wa/seattle/539-broadway-east", "phone": "2067497440", "address": "539 Broadway East", "stations": [{"stopCode": 49, "lines": "1,2", "name": "Capitol Hill Station", "walkingMeters": 655, "walkingSeconds": 478, "band": 10}]}, "geometry": {"type": "Point", "coordinates": [-122.3212585, 47.6241417]}}, {"type": "Feature", "properties": {"id": 3160210761, "name": "School Employees Credit Union", "category": "bank", "tags": ["bank"], "sources": ["osm"], "website": "https://www.schoolemployeescu.org", "stations": [{"stopCode": 49, "lines": "1,2", "name": "Capitol Hill Station", "walkingMeters": 1188, "walkingSeconds": 861, "band": 15}]}, "geometry": {"type": "Point", "coordinates": [-122.329361, 47.6213711]}}, {"type": "Feature", "properties": {"id": 37057155, "name": "The Seattle Public Library - Capitol Hill Branch", "category": "library", "tags": ["library", "wifi"], "sources": ["osm"], "website": "https://www.spl.org/locations/capitol-hill-branch", "phone": "+1-206-684-4715", "address": "425 Harvard Avenue East", "hours": "Tu-We 10:00-20:00; Fr-Su 10:00-18:00; Mo 10:00-18:00; Th 12:00-20:00", "stations": [{"stopCode": 49, "lines": "1,2", "name": "Capitol Hill Station", "walkingMeters": 596, "walkingSeconds": 431, "band": 10}]}, "geometry": {"type": "Point", "coordinates": [-122.3223269, 47.622941]}}, {"type": "Feature", "properties": {"id": "e0d0fe89-b6a7-426c-8f3b-95fead99e3c5", "name": "United States Postal Service", "category": "post_office", "tags": ["post-office", "office"], "sources": ["overture"], "website": "https://tools.usps.com/locations/details/1477636?utm_source=website-url&utm_medium=search&utm_campaign=yext", "phone": "8002758777", "address": "212 Broadway E", "stations": [{"stopCode": 49, "lines": "1,2", "name": "Capitol Hill Station", "walkingMeters": 202, "walkingSeconds": 151, "band": 5}]}, "geometry": {"type": "Point", "coordinates": [-122.3207169, 47.6204147]}}, {"type": "Feature", "properties": {"id": "bb8ffd5a-aa8b-4ebf-a32a-2fe93033be1e", "name": "Capitol Hill Branch", "category": "library", "tags": ["library"], "sources": ["overture"], "website": "http://www.spl.org/locations/capitol-hill-branch", "phone": "+12066844715", "address": "425 Harvard Ave E", "stations": [{"stopCode": 49, "lines": "1,2", "name": "Capitol Hill Station", "walkingMeters": 615, "walkingSeconds": 444, "band": 10}]}, "geometry": {"type": "Point", "coordinates": [-122.322403, 47.6230087]}}, {"type": "Feature", "properties": {"id": "2ae88b4d-9487-4d6c-8408-e6dd46fc1fef", "name": "UPS Access Point location", "category": "post_office", "tags": ["post-office", "office"], "sources": ["overture"], "website": "https://locations.ups.com/wa/seattle/access-point-location-136585.html?utm_source=bing&utm_medium=organic&utm_campaign=rio", "address": "745 Bellevue Ave E", "stations": [{"stopCode": 49, "lines": "1,2", "name": "Capitol Hill Station", "walkingMeters": 1314, "walkingSeconds": 946, "band": 15}]}, "geometry": {"type": "Point", "coordinates": [-122.3270187, 47.626503]}}, {"type": "Feature", "properties": {"id": 2077157839, "name": "Orangetheory Fitness", "category": "fitness_centre", "tags": ["fitness-centre", "gym"], "sources": ["osm", "overture"], "website": "https://www.orangetheory.com/en-us/locations/seattle-washington-0160?utm_medium=seo&utm_source=fb&utm_term=corporate&utm_campaign=soci", "phone": "+12064671690", "address": "519 Broadway E #8", "stations": [{"stopCode": 49, "lines": "1,2", "name": "Capitol Hill Station", "walkingMeters": 591, "walkingSeconds": 431, "band": 10}]}, "geometry": {"type": "Point", "coordinates": [-122.3211155, 47.6237338]}}, {"type": "Feature", "properties": {"id": 2077272341, "name": "Local Fit", "category": "fitness_centre", "tags": ["fitness-centre"], "sources": ["osm"], "website": "https://www.localfitseattle.com/broadway-location", "phone": "+1-401-371-6611", "address": "227 Broadway East", "hours": "07:00-22:00", "stations": [{"stopCode": 49, "lines": "1,2", "name": "Capitol Hill Station", "walkingMeters": 269, "walkingSeconds": 194, "band": 5}]}, "geometry": {"type": "Point", "coordinates": [-122.321085, 47.6207518]}}, {"type": "Feature", "properties": {"id": 2077272346, "name": "Fit 321 Go", "category": "fitness_centre", "tags": ["fitness-centre", "fitness", "gym"], "sources": ["osm", "overture"], "website": "https://fit321go.com/", "phone": "+12069008446", "address": "819 E Thomas St", "stations": [{"stopCode": 49, "lines": "1,2", "name": "Capitol Hill Station", "walkingMeters": 318, "walkingSeconds": 231, "band": 5}]}, "geometry": {"type": "Point", "coordinates": [-122.3214676, 47.6208985]}}, {"type": "Feature", "properties": {"id": 2131716936, "name": "Tribe Fitness", "category": "fitness_centre", "tags": ["fitness-centre", "gym"], "sources": ["osm", "overture"], "website": "http://www.lab5fitness.com", "phone": "+12063250662", "address": "606 Broadway E", "stations": [{"stopCode": 49, "lines": "1,2", "name": "Capitol Hill Station", "walkingMeters": 673, "walkingSeconds": 485, "band": 10}]}, "geometry": {"type": "Point", "coordinates": [-122.3207298, 47.6245459]}}, {"type": "Feature", "properties": {"id": 2158667692, "name": "CorePower Yoga", "category": "fitness_centre", "tags": ["fitness-centre", "yoga"], "sources": ["osm"], "address": "501 Broadway East", "stations": [{"stopCode": 49, "lines": "1,2", "name": "Capitol Hill Station", "walkingMeters": 542, "walkingSeconds": 392, "band": 10}]}, "geometry": {"type": "Point", "coordinates": [-122.3211942, 47.6232509]}}, {"type": "Feature", "properties": {"id": 9660956424, "name": "Big Iron Gym", "category": "fitness_centre", "tags": ["fitness-centre", "gym"], "sources": ["osm", "overture"], "phone": "+12068410103", "address": "1317 Republican St", "stations": [{"stopCode": 49, "lines": "1,2", "name": "Capitol Hill Station", "walkingMeters": 1400, "walkingSeconds": 1014, "band": 15}]}, "geometry": {"type": "Point", "coordinates": [-122.3296614, 47.6230127]}}, {"type": "Feature", "properties": {"id": "d92b1698-d2d0-452d-b172-234c47fcf125", "name": "KlickWay Athletics", "category": "fitness_centre", "tags": ["fitness-centre", "gym"], "sources": ["overture"], "website": "https://KlickWayAthletics.com/", "phone": "+12062574258", "address": "1317 Republican St", "stations": [{"stopCode": 49, "lines": "1,2", "name": "Capitol Hill Station", "walkingMeters": 1400, "walkingSeconds": 1015, "band": 15}]}, "geometry": {"type": "Point", "coordinates": [-122.3296661, 47.6229553]}}, {"type": "Feature", "properties": {"id": 1282650736, "name": "Blade & Timber", "category": "sports_centre", "tags": ["sports-centre", "axe-throwing"], "sources": ["osm"], "website": "https://www.bladeandtimber.com/locations/seattle-capitol-hill", "phone": "+1-206-316-0154", "address": "206 Broadway East", "hours": "Mo-We 16:00-21:00; Th 16:00-22:00; Fr 14:00-23:30; Sa 11:00-23:00; Su 12:00-20:00", "stations": [{"stopCode": 49, "lines": "1,2", "name": "Capitol Hill Station", "walkingMeters": 206, "walkingSeconds": 148, "band": 5}]}, "geometry": {"type": "Point", "coordinates": [-122.3204694, 47.620255]}}, {"type": "Feature", "properties": {"id": "db0106b4-2dc2-4a0b-9593-0f2918fbf7fc", "name": "PRO Club Seattle", "category": "fitness_centre", "tags": ["fitness-centre", "gym"], "sources": ["overture"], "website": "https://www.proclub.com/club/locations/seattle", "phone": "+12063321873", "address": "501 Eastlake Ave E"}, "geometry": {"type": "Point", "coordinates": [-122.329689, 47.6234703]}}, {"type": "Feature", "properties": {"id": "97c77dc9-a3d4-4d52-9ba2-c3637bee20b3", "name": "Pro Sports Club", "category": "fitness_centre", "tags": ["fitness-centre", "gym"], "sources": ["overture"], "website": "http://www.proclub.com", "phone": "(206) 332-1873", "address": "501 Eastlake Ave E Fl 2"}, "geometry": {"type": "Point", "coordinates": [-122.3295517, 47.6234436]}}, {"type": "Feature", "properties": {"id": "9c1ca0f7-a7fe-43ea-a875-e39f913c2fe7", "name": "SuperSlow Zone", "category": "fitness_centre", "tags": ["fitness-centre", "gym"], "sources": ["overture"], "website": "http://superslowseattle.blogspot.com/", "phone": "+12063294162", "address": "207 Boylston Ave E", "stations": [{"stopCode": 49, "lines": "1,2", "name": "Capitol Hill Station", "walkingMeters": 358, "walkingSeconds": 257, "band": 5}]}, "geometry": {"type": "Point", "coordinates": [-122.3231812, 47.6200981]}}, {"type": "Feature", "properties": {"id": "86e04d89-3c7f-488d-a7f8-a51d17955aa9", "name": "Local Fit - Capitol Hill Personal Trainers & Fitness Classes", "category": "fitness_centre", "tags": ["fitness-centre", "fitness", "trainer"], "sources": ["overture"], "website": "https://www.localfitseattle.com", "phone": "14013716611", "address": "227 Broadway E", "stations": [{"stopCode": 49, "lines": "1,2", "name": "Capitol Hill Station", "walkingMeters": 260, "walkingSeconds": 194, "band": 5}]}, "geometry": {"type": "Point", "coordinates": [-122.3211441, 47.620739]}}, {"type": "Feature", "properties": {"id": "6aeb88e5-5b59-4ce4-94f4-49894c34399c", "name": "Gold's Gym Capitol Hill", "category": "fitness_centre", "tags": ["fitness-centre", "gym"], "sources": ["overture"], "website": "http://pnwfitnessclubs.com", "phone": "(206) 322-2322", "address": "401 Broadway E Ste 301", "stations": [{"stopCode": 49, "lines": "1,2", "name": "Capitol Hill Station", "walkingMeters": 467, "walkingSeconds": 338, "band": 10}]}, "geometry": {"type": "Point", "coordinates": [-122.321228, 47.6226044]}}, {"type": "Feature", "properties": {"id": "f5cada45-583f-4370-b8e1-28062d27e553", "name": "Pacific Northwest Fitness", "category": "fitness_centre", "tags": ["fitness-centre", "gym"], "sources": ["overture"], "website": "http://pnwfitnessclubs.com/", "phone": "+12063222322", "address": "401 Broadway E", "stations": [{"stopCode": 49, "lines": "1,2", "name": "Capitol Hill Station", "walkingMeters": 497, "walkingSeconds": 360, "band": 10}]}, "geometry": {"type": "Point", "coordinates": [-122.3214111, 47.6226807]}}, {"type": "Feature", "properties": {"id": "6ecf7c2e-59f6-4e42-ae61-24e52cdf4d53", "name": "CorePower Yoga - Capitol Hill", "category": "fitness_centre", "tags": ["fitness-centre", "yoga", "studio"], "sources": ["overture"], "website": "https://www.corepoweryoga.com/yoga-studios/wa/seattle/capitol-hill", "phone": "+18334482561", "address": "501 Broadway E", "stations": [{"stopCode": 49, "lines": "1,2", "name": "Capitol Hill Station", "walkingMeters": 544, "walkingSeconds": 397, "band": 10}]}, "geometry": {"type": "Point", "coordinates": [-122.3211136, 47.6233101]}}, {"type": "Feature", "properties": {"id": "16bc2588-e52d-4d2d-9d7a-3ba582c4c10f", "name": "Morgan Zion Yoga and Wellness", "category": "fitness_centre", "tags": ["fitness-centre", "yoga", "studio"], "sources": ["overture"], "website": "http://www.yoga.morganzion.co/", "phone": "+13605362926", "address": "505 Boylston Ave E", "stations": [{"stopCode": 49, "lines": "1,2", "name": "Capitol Hill Station", "walkingMeters": 680, "walkingSeconds": 507, "band": 10}]}, "geometry": {"type": "Point", "coordinates": [-122.3231735, 47.6233139]}}]}