{"type": "FeatureCollection", "features": [{"type": "Feature", "properties": {"id": 1127249885, "name": "Via Tribunali - Capitol Hill", "category": "restaurant", "tags": ["restaurant", "pizza"], "sources": ["osm"], "website": "https://www.viatribunali.com/capitol-hill/", "phone": "+1-206-322-9234", "address": "913 East Pike Street", "hours": "Su-Th 16:00-23:00; Fr-Sa 16:00-00:00", "stations": [{"stopCode": 49, "lines": "1,2", "name": "Capitol Hill Station", "walkingMeters": 628, "walkingSeconds": 452, "band": 10}]}, "geometry": {"type": "Point", "coordinates": [-122.319989, 47.6139546]}}, {"type": "Feature", "properties": {"id": 1194793097, "name": "Comet Tavern", "category": "bar", "tags": ["bar"], "sources": ["osm", "overture"], "website": "http://thecomettavern.com/", "phone": "+12063235678", "address": "922 E Pike St", "hours": "12:00-02:00", "stations": [{"stopCode": 49, "lines": "1,2", "name": "Capitol Hill Station", "walkingMeters": 581, "walkingSeconds": 418, "band": 10}]}, "geometry": {"type": "Point", "coordinates": [-122.3196324, 47.6142126]}}, {"type": "Feature", "properties": {"id": 1194800768, "name": "Big Mario's Pizza", "category": "restaurant", "tags": ["restaurant", "pizza", "takeaway", "italian"], "sources": ["osm", "overture"], "website": "http://www.bigmariosnewyorkpizza.com/", "phone": "+12069223875", "address": "1009 E Pike St", "hours": "Mo-Fr 11:00-02:00; Sa-Su 12:00-02:00", "stations": [{"stopCode": 49, "lines": "1,2", "name": "Capitol Hill Station", "walkingMeters": 644, "walkingSeconds": 463, "band": 10}]}, "geometry": {"type": "Point", "coordinates": [-122.3189279, 47.6139808]}}, {"type": "Feature", "properties": {"id": 206624488, "name": "Caffe Vita", "category": "cafe", "tags": ["cafe", "coffee"], "sources": ["osm", "overture"], "website": "http://www.caffevita.com/", "phone": "+12067122132", "address": "1005 E Pike St", "hours": "07:00-19:00", "stations": [{"stopCode": 49, "lines": "1,2", "name": "Capitol Hill Station", "walkingMeters": 634, "walkingSeconds": 457, "band": 10}]}, "geometry": {"type": "Point", "coordinates": [-122.3190513, 47.613867]}}, {"type": "Feature", "properties": {"id": 1217650391, "name": "Eltana Bagels", "category": "cafe", "tags": ["cafe", "bagel"], "sources": ["osm"], "website": "https://eltana.com/", "address": "1538 12th Avenue", "hours": "07:00-16:00", "stations": [{"stopCode": 49, "lines": "1,2", "name": "Capitol Hill Station", "walkingMeters": 698, "walkingSeconds": 502, "band": 10}]}, "geometry": {"type": "Point", "coordinates": [-122.316641, 47.615021]}}, {"type": "Feature", "properties": {"id": 1237352093, "name": "Poquitos", "category": "restaurant", "tags": ["restaurant", "mexican", "outdoor-seating", "latin-american", "taco"], "sources": ["osm", "overture"], "website": "https://bio.site/vivapoquitos", "phone": "+12065905039", "address": "1000 E Pike St", "hours": "Mo-Th 16:00-21:00, Fr 16:00-21:30, Sa 12:00-21:30, Su 12:00-20:00", "stations": [{"stopCode": 49, "lines": "1,2", "name": "Capitol Hill Station", "walkingMeters": 604, "walkingSeconds": 435, "band": 10}]}, "geometry": {"type": "Point", "coordinates": [-122.319201, 47.6142354]}}, {"type": "Feature", "properties": {"id": 1250696405, "name": "Stitch Cafe", "category": "cafe", "tags": ["cafe", "indoor-seating"], "sources": ["osm"], "website": "https://stitch.cafe", "address": "1408 East Pine Street", "hours": "Mo-Su 10:00-18:00", "stations": [{"stopCode": 49, "lines": "1,2", "name": "Capitol Hill Station", "walkingMeters": 895, "walkingSeconds": 644, "band": 15}]}, "geometry": {"type": "Point", "coordinates": [-122.3135746, 47.6154362]}}, {"type": "Feature", "properties": {"id": 1387947219, "name": "Unicorn Bar", "category": "bar", "tags": ["bar"], "sources": ["osm"], "website": "http://www.unicornseattle.com/", "phone": "+1-206-325-6492", "address": "1118 East Pike Street", "stations": [{"stopCode": 49, "lines": "1,2", "name": "Capitol Hill Station", "walkingMeters": 748, "walkingSeconds": 538, "band": 10}]}, "geometry": {"type": "Point", "coordinates": [-122.317246, 47.614234]}}, {"type": "Feature", "properties": {"id": 1563323408, "name": "OddFellows Cafe", "category": "restaurant", "tags": ["restaurant", "american", "outdoor-seating", "cafe"], "sources": ["osm", "overture"], "website": "http://oddfellowscafe.com/", "phone": "+12066722121", "address": "1525 10th Ave", "hours": "08:00-24:00", "stations": [{"stopCode": 49, "lines": "1,2", "name": "Capitol Hill Station", "walkingMeters": 491, "walkingSeconds": 353, "band": 10}]}, "geometry": {"type": "Point", "coordinates": [-122.31965, 47.6149543]}}, {"type": "Feature", "properties": {"id": 1687890262, "name": "Raku", "category": "restaurant", "tags": ["restaurant", "japanese", "indoor-seating"], "sources": ["osm"], "address": "1404 East Pine Street", "stations": [{"stopCode": 49, "lines": "1,2", "name": "Capitol Hill Station", "walkingMeters": 847, "walkingSeconds": 609, "band": 10}]}, "geometry": {"type": "Point", "coordinates": [-122.3140811, 47.615416]}}, {"type": "Feature", "properties": {"id": 1726088085, "name": "Elysian Brewing", "category": "pub", "tags": ["pub", "wheelchair-accessible", "microbrew", "brewery"], "sources": ["osm"], "website": "https://www.elysianbrewing.com/", "phone": "+1-206-860-1920", "address": "1221 East Pike Street", "hours": "Mo-Th,Su 12:00-21:00; Fr-Sa 12:00-24:00", "stations": [{"stopCode": 49, "lines": "1,2", "name": "Capitol Hill Station", "walkingMeters": 880, "walkingSeconds": 632, "band": 10}]}, "geometry": {"type": "Point", "coordinates": [-122.3157647, 47.6139598]}}, {"type": "Feature", "properties": {"id": "98ae137b-e414-4153-8051-1bec9b541d86", "name": "Taurus Ox", "category": "restaurant", "tags": ["restaurant", "asian"], "sources": ["overture"], "website": "http://taurusox.com", "phone": "+12069720075", "address": "1523 E Madison St", "stations": [{"stopCode": 49, "lines": "1,2", "name": "Capitol Hill Station", "walkingMeters": 1131, "walkingSeconds": 813, "band": 15}]}, "geometry": {"type": "Point", "coordinates": [-122.3117142, 47.6147652]}}, {"type": "Feature", "properties": {"id": 236777601, "name": "IHOP", "category": "restaurant", "tags": ["restaurant", "breakfast", "pancake", "breakfast-and-brunch", "brunch", "american"], "sources": ["osm", "overture"], "website": "http://www.ihop.com/", "phone": "+12063239323", "address": "950 E Madison St", "hours": "24/7", "stations": [{"stopCode": 49, "lines": "1,2", "name": "Capitol Hill Station", "walkingMeters": 847, "walkingSeconds": 610, "band": 10}]}, "geometry": {"type": "Point", "coordinates": [-122.3197223, 47.6118717]}}, {"type": "Feature", "properties": {"id": 1735895518, "name": "Cascina Spinasse", "category": "restaurant", "tags": ["restaurant", "italian", "outdoor-seating"], "sources": ["osm"], "website": "https://spinasse.com/", "phone": "+1-206-251-7673", "address": "1531 14th Avenue", "stations": [{"stopCode": 49, "lines": "1,2", "name": "Capitol Hill Station", "walkingMeters": 871, "walkingSeconds": 626, "band": 10}]}, "geometry": {"type": "Point", "coordinates": [-122.3143994, 47.6150591]}}, {"type": "Feature", "properties": {"id": 1735895525, "name": "Plenty of Clouds", "category": "restaurant", "tags": ["restaurant", "chinese", "outdoor-seating", "indoor-seating", "has-bar", "asian"], "sources": ["osm", "overture"], "website": "http://plentyofclouds.com/", "phone": "+12062795900", "address": "1550 15th Ave", "hours": "Mo-Su 17:00-22:00", "stations": [{"stopCode": 49, "lines": "1,2", "name": "Capitol Hill Station", "walkingMeters": 990, "walkingSeconds": 712, "band": 15}]}, "geometry": {"type": "Point", "coordinates": [-122.3126, 47.6150995]}}, {"type": "Feature", "properties": {"id": 1735895560, "name": "8 Ping Yang", "category": "restaurant", "tags": ["restaurant", "thai", "outdoor-seating", "wheelchair-accessible", "vegetarian", "has-bar"], "sources": ["osm"], "website": "https://8pingyang.com", "address": "1412 East Union Street", "stations": [{"stopCode": 49, "lines": "1,2", "name": "Capitol Hill Station", "walkingMeters": 1152, "walkingSeconds": 828, "band": 15}]}, "geometry": {"type": "Point", "coordinates": [-122.3135826, 47.6130656]}}, {"type": "Feature", "properties": {"id": 1735895574, "name": "Artusi", "category": "bar", "tags": ["bar", "italian", "wheelchair-accessible", "restaurant"], "sources": ["osm", "overture"], "website": "http://www.artusibar.com/", "phone": "+12062517673", "address": "1535 14th Ave", "hours": "Su-Th 17:00-23:00; Fr-Sa 17:00-01:00", "stations": [{"stopCode": 49, "lines": "1,2", "name": "Capitol Hill Station", "walkingMeters": 858, "walkingSeconds": 617, "band": 10}]}, "geometry": {"type": "Point", "coordinates": [-122.3143967, 47.615173]}}, {"type": "Feature", "properties": {"id": 3006168249, "name": "Pel Meni Dumpling Tzar", "category": "restaurant", "tags": ["restaurant", "russian", "dumplings"], "sources": ["osm", "overture"], "website": "http://dumplingtzar.com", "phone": "(206) 402-4502", "address": "1630 12th Ave", "hours": "Mo-Su 11:00-02:30", "stations": [{"stopCode": 49, "lines": "1,2", "name": "Capitol Hill Station", "walkingMeters": 612, "walkingSeconds": 440, "band": 10}]}, "geometry": {"type": "Point", "coordinates": [-122.3166744, 47.6158071]}}, {"type": "Feature", "properties": {"id": 1802312007, "name": "Porchlight Coffee", "category": "cafe", "tags": ["cafe", "coffee-shop"], "sources": ["osm"], "website": "http://porchlightcoffee.com/", "address": "1517 14th Avenue", "hours": "08:30-15:00", "stations": [{"stopCode": 49, "lines": "1,2", "name": "Capitol Hill Station", "walkingMeters": 914, "walkingSeconds": 657, "band": 10}]}, "geometry": {"type": "Point", "coordinates": [-122.3144417, 47.6146738]}}, {"type": "Feature", "properties": {"id": 2017143769, "name": "El Cerro", "category": "cafe", "tags": ["cafe", "coffee-shop", "vegetarian", "vegan"], "sources": ["osm"], "website": "https://www.elcerro.net/", "address": "1316 East Pike Street", "hours": "We-Fr 07:00-16:00", "stations": [{"stopCode": 49, "lines": "1,2", "name": "Capitol Hill Station", "walkingMeters": 935, "walkingSeconds": 673, "band": 15}]}, "geometry": {"type": "Point", "coordinates": [-122.3147214, 47.6142449]}}, {"type": "Feature", "properties": {"id": "7cfd1a45-6972-4453-b5f6-fb6f00c998ef", "name": "Eltana", "category": "bakery", "tags": ["bakery", "bagel", "breakfast-and-brunch"], "sources": ["overture"], "website": "http://www.eltana.com", "phone": "+12067240660", "address": "1538 12th Ave", "stations": [{"stopCode": 49, "lines": "1,2", "name": "Capitol Hill Station", "walkingMeters": 703, "walkingSeconds": 505, "band": 10}]}, "geometry": {"type": "Point", "coordinates": [-122.3165283, 47.6150627]}}, {"type": "Feature", "properties": {"id": 2158750144, "name": "Bimbos Cantina", "category": "restaurant", "tags": ["restaurant", "mexican", "bar-and-grill"], "sources": ["osm", "overture"], "website": "http://bimboscantina.com/", "phone": "+12063229950", "address": "1013 E Pike St", "hours": "Tu-Sa 17:00-02:00, Su 17:00-24:00; Mo off", "stations": [{"stopCode": 49, "lines": "1,2", "name": "Capitol Hill Station", "walkingMeters": 657, "walkingSeconds": 473, "band": 10}]}, "geometry": {"type": "Point", "coordinates": [-122.3187513, 47.6139805]}}, {"type": "Feature", "properties": {"id": 2158750160, "name": "Wildrose", "category": "bar", "tags": ["bar", "gay"], "sources": ["osm", "overture"], "website": "http://www.thewildrosebar.com/", "phone": "+12063249210", "address": "1021 E Pike St", "stations": [{"stopCode": 49, "lines": "1,2", "name": "Capitol Hill Station", "walkingMeters": 698, "walkingSeconds": 502, "band": 10}]}, "geometry": {"type": "Point", "coordinates": [-122.3182962, 47.6139709]}}, {"type": "Feature", "properties": {"id": 2158750183, "name": "Teriyaki Madness", "category": "fast_food", "tags": ["fast-food", "japanese", "takeaway"], "sources": ["osm"], "phone": "+1-206-328-0144", "address": "111 15th Avenue East", "hours": "Mo-Fr 11:00-20:00; Sa-Su 11:00-19:30", "stations": [{"stopCode": 49, "lines": "1,2", "name": "Capitol Hill Station", "walkingMeters": 630, "walkingSeconds": 453, "band": 10}]}, "geometry": {"type": "Point", "coordinates": [-122.312906, 47.6189001]}}, {"type": "Feature", "properties": {"id": 2158750305, "name": "Dingfelder\u2019s Delicatessen", "category": "cafe", "tags": ["cafe", "sandwich", "indoor-seating", "deli", "delicatessen"], "sources": ["osm", "overture"], "website": "http://Dingfelders.com/", "phone": "+12064031365", "address": "1318 E Pine St", "stations": [{"stopCode": 49, "lines": "1,2", "name": "Capitol Hill Station", "walkingMeters": 828, "walkingSeconds": 596, "band": 10}]}, "geometry": {"type": "Point", "coordinates": [-122.3144924, 47.615431]}}, {"type": "Feature", "properties": {"id": 2158750325, "name": "Nudibranch Coffee", "category": "cafe", "tags": ["cafe"], "sources": ["osm"], "website": "https://www.nudibranchcoffee.com/", "address": "1400 12th Avenue", "hours": "07:00-17:00", "stations": [{"stopCode": 49, "lines": "1,2", "name": "Capitol Hill Station", "walkingMeters": 914, "walkingSeconds": 657, "band": 10}]}, "geometry": {"type": "Point", "coordinates": [-122.3166201, 47.6130679]}}, {"type": "Feature", "properties": {"id": 2158750330, "name": "Jeffry\u2019s", "category": "restaurant", "tags": ["restaurant", "steak-house", "steakhouse", "burger"], "sources": ["osm", "overture"], "website": "http://jeffrysseattle.com/", "phone": "+12069008699", "address": "1060 E Union St", "stations": [{"stopCode": 49, "lines": "1,2", "name": "Capitol Hill Station", "walkingMeters": 793, "walkingSeconds": 570, "band": 10}]}, "geometry": {"type": "Point", "coordinates": [-122.3183672, 47.6130754]}}, {"type": "Feature", "properties": {"id": 2158750345, "name": "Fern", "category": "restaurant", "tags": ["restaurant", "thai", "vegetarian", "wifi"], "sources": ["osm"], "website": "https://fernthaioncaphill.com/", "phone": "+1-206-858-6655", "address": "1400 10th Avenue", "hours": "Fr-Sa 12:00-00:00; Su-Th 12:00-23:00", "stations": [{"stopCode": 49, "lines": "1,2", "name": "Capitol Hill Station", "walkingMeters": 710, "walkingSeconds": 511, "band": 10}]}, "geometry": {"type": "Point", "coordinates": [-122.3192334, 47.6131229]}}, {"type": "Feature", "properties": {"id": 2158750346, "name": "Tavern Law", "category": "bar", "tags": ["bar", "wheelchair-accessible", "cocktail"], "sources": ["osm", "overture"], "website": "https://tavernlaw.com/", "phone": "+12063229734", "address": "1406 12th Ave", "hours": "17:00-02:00", "stations": [{"stopCode": 49, "lines": "1,2", "name": "Capitol Hill Station", "walkingMeters": 890, "walkingSeconds": 640, "band": 10}]}, "geometry": {"type": "Point", "coordinates": [-122.316628, 47.6132837]}}, {"type": "Feature", "properties": {"id": 2158750359, "name": "Katsu Burger", "category": "restaurant", "tags": ["restaurant", "burger", "japanese", "takeaway", "vegetarian", "has-bar", "brewery", "asian"], "sources": ["osm", "overture"], "website": "http://www.katsuburger.com/", "phone": "+12069415317", "address": "1410 12th Ave", "hours": "Mo-Th 11:00-22:00; Fr-Sa 11:00-00:00; Su 11:00-21:00", "stations": [{"stopCode": 49, "lines": "1,2", "name": "Capitol Hill Station", "walkingMeters": 875, "walkingSeconds": 630, "band": 10}]}, "geometry": {"type": "Point", "coordinates": [-122.316617, 47.6134133]}}, {"type": "Feature", "properties": {"id": 2158750388, "name": "Drip Tea", "category": "cafe", "tags": ["cafe", "tea", "vegetarian"], "sources": ["osm"], "website": "http://www.dripteaseattle.com", "address": "1416 10th Avenue", "hours": "Su-Th 12:00-20:00; Fr,Sa 12:00-21:00", "stations": [{"stopCode": 49, "lines": "1,2", "name": "Capitol Hill Station", "walkingMeters": 684, "walkingSeconds": 492, "band": 10}]}, "geometry": {"type": "Point", "coordinates": [-122.3192083, 47.6133604]}}, {"type": "Feature", "properties": {"id": 2158750405, "name": "Mint & Martini", "category": "restaurant", "tags": ["restaurant", "indian"], "sources": ["osm"], "website": "https://mintandmartiniseattle.com", "address": "1420 12th Avenue", "stations": [{"stopCode": 49, "lines": "1,2", "name": "Capitol Hill Station", "walkingMeters": 844, "walkingSeconds": 607, "band": 10}]}, "geometry": {"type": "Point", "coordinates": [-122.3166222, 47.6136973]}}, {"type": "Feature", "properties": {"id": 2158750408, "name": "Pho Huy", "category": "restaurant", "tags": ["restaurant", "vietnamese"], "sources": ["osm"], "address": "1420 East Madison Street", "stations": [{"stopCode": 49, "lines": "1,2", "name": "Capitol Hill Station", "walkingMeters": 1029, "walkingSeconds": 739, "band": 15}]}, "geometry": {"type": "Point", "coordinates": [-122.3133759, 47.614401]}}, {"type": "Feature", "properties": {"id": 2158750424, "name": "Coch\u00e9 Valley Dessert Cafe", "category": "cafe", "tags": ["cafe", "ice-cream", "wifi"], "sources": ["osm"], "website": "https://cochevalleydessertcafe.com", "phone": "+1-206-695-2243", "address": "1424 East Pine Street", "hours": "Tu-Sa 11:00-22:00; Su 11:00-21:00", "stations": [{"stopCode": 49, "lines": "1,2", "name": "Capitol Hill Station", "walkingMeters": 938, "walkingSeconds": 674, "band": 15}]}, "geometry": {"type": "Point", "coordinates": [-122.312964, 47.6154471]}}, {"type": "Feature", "properties": {"id": 2158750430, "name": "Colibr\u00ed Mexican Kitchen", "category": "restaurant", "tags": ["restaurant", "mexican", "latin-american", "taco"], "sources": ["osm", "overture"], "website": "https://colibrikitchenseattle.com/", "phone": "+12066417463", "address": "1429 12th Ave", "stations": [{"stopCode": 49, "lines": "1,2", "name": "Capitol Hill Station", "walkingMeters": 806, "walkingSeconds": 580, "band": 10}]}, "geometry": {"type": "Point", "coordinates": [-122.3171044, 47.6138154]}}, {"type": "Feature", "properties": {"id": 2158750446, "name": "Lost Lake Cafe & Lounge", "category": "restaurant", "tags": ["restaurant", "outdoor-seating", "indoor-seating"], "sources": ["osm"], "website": "https://www.lostlakecafe.com/", "phone": "+1-206-323-5678", "address": "1505 10th Avenue", "hours": "24/7", "stations": [{"stopCode": 49, "lines": "1,2", "name": "Capitol Hill Station", "walkingMeters": 553, "walkingSeconds": 398, "band": 10}]}, "geometry": {"type": "Point", "coordinates": [-122.319628, 47.614393]}}, {"type": "Feature", "properties": {"id": 2158750805, "name": "Casablanca Express", "category": "fast_food", "tags": ["fast-food", "restaurant", "moroccan", "mediterranean", "halal"], "sources": ["osm", "overture"], "website": "https://casablanca-express.net/", "phone": "+12064026918", "address": "918 E Pike St", "stations": [{"stopCode": 49, "lines": "1,2", "name": "Capitol Hill Station", "walkingMeters": 597, "walkingSeconds": 430, "band": 10}]}, "geometry": {"type": "Point", "coordinates": [-122.3198375, 47.6142164]}}, {"type": "Feature", "properties": {"id": 2158750806, "name": "Molly Moon's Homemade Ice Cream - Capitol Hill", "category": "ice_cream", "tags": ["ice-cream"], "sources": ["osm"], "website": "https://www.mollymoon.com/locations/capitol-hill", "phone": "+1-206-708-7947", "address": "919 East Pine Street", "hours": "Mo-Su 12:00-23:00", "stations": [{"stopCode": 49, "lines": "1,2", "name": "Capitol Hill Station", "walkingMeters": 477, "walkingSeconds": 343, "band": 5}]}, "geometry": {"type": "Point", "coordinates": [-122.319748, 47.6151243]}}, {"type": "Feature", "properties": {"id": 2158761317, "name": "Kha-Bar", "category": "restaurant", "tags": ["restaurant"], "sources": ["osm"], "website": "https://khabarseattle.com", "address": "1621 12th Avenue", "stations": [{"stopCode": 49, "lines": "1,2", "name": "Capitol Hill Station", "walkingMeters": 607, "walkingSeconds": 436, "band": 10}]}, "geometry": {"type": "Point", "coordinates": [-122.3171739, 47.6156632]}}, {"type": "Feature", "properties": {"id": 2159222950, "name": "Cha Cha Lounge", "category": "bar", "tags": ["bar"], "sources": ["osm"], "website": "https://www.chachalounge.com/seattle/", "phone": "+1-206-322-0703", "address": "1013 East Pike Street", "hours": "Tu-Sa 20:00-02:00, Su 19:00-24:00; Mo off", "stations": [{"stopCode": 49, "lines": "1,2", "name": "Capitol Hill Station", "walkingMeters": 659, "walkingSeconds": 474, "band": 10}]}, "geometry": {"type": "Point", "coordinates": [-122.3187251, 47.6139807]}}, {"type": "Feature", "properties": {"id": 2159322642, "name": "Union", "category": "bar", "tags": ["bar", "outdoor-seating"], "sources": ["osm"], "website": "https://www.unionseattle.com/", "address": "1009 East Union Street", "hours": "Mo-Fr 16:00-22:00; Sa,Su 12:00-22:00", "stations": [{"stopCode": 49, "lines": "1,2", "name": "Capitol Hill Station", "walkingMeters": 768, "walkingSeconds": 553, "band": 10}]}, "geometry": {"type": "Point", "coordinates": [-122.3189306, 47.6127716]}}, {"type": "Feature", "properties": {"id": 2159322749, "name": "MariPili", "category": "cafe", "tags": ["cafe", "tapas", "galician"], "sources": ["osm"], "address": "1117 12th Avenue", "stations": [{"stopCode": 49, "lines": "1,2", "name": "Capitol Hill Station", "walkingMeters": 995, "walkingSeconds": 716, "band": 15}]}, "geometry": {"type": "Point", "coordinates": [-122.3169927, 47.6120944]}}, {"type": "Feature", "properties": {"id": 5910553485, "name": "A Pizza Mart", "category": "fast_food", "tags": ["fast-food", "pizza", "restaurant", "italian"], "sources": ["osm", "overture"], "website": "https://www.apizzamartcapitolhill.com", "phone": "+12064207190", "address": "1433 11th Ave", "stations": [{"stopCode": 49, "lines": "1,2", "name": "Capitol Hill Station", "walkingMeters": 718, "walkingSeconds": 517, "band": 10}]}, "geometry": {"type": "Point", "coordinates": [-122.3183611, 47.6137858]}}, {"type": "Feature", "properties": {"id": 4349270303, "name": "Overcast Coffee Company", "category": "cafe", "tags": ["cafe", "coffee-shop", "wifi"], "sources": ["osm"], "website": "https://www.overcastcoffee.co/", "phone": "+1-206-322-2220", "address": "1517 12th Avenue", "hours": "Mo-Fr 07:00-20:00; Sa-Su 08:00-19:00", "stations": [{"stopCode": 49, "lines": "1,2", "name": "Capitol Hill Station", "walkingMeters": 723, "walkingSeconds": 520, "band": 10}]}, "geometry": {"type": "Point", "coordinates": [-122.3170456, 47.6146094]}}, {"type": "Feature", "properties": {"id": 2384460249, "name": "Bar Cotto", "category": "bar", "tags": ["bar", "indoor-seating", "restaurant", "italian", "pizza"], "sources": ["osm", "overture"], "website": "http://Www.barcottopizzeria.com/", "phone": "+12068388081", "address": "1546 15th Ave", "stations": [{"stopCode": 49, "lines": "1,2", "name": "Capitol Hill Station", "walkingMeters": 996, "walkingSeconds": 716, "band": 15}]}, "geometry": {"type": "Point", "coordinates": [-122.3125981, 47.6150507]}}, {"type": "Feature", "properties": {"id": "2cd49b78-212c-4764-b849-3e3ed5ab3017", "name": "Sam's Tavern", "category": "restaurant", "tags": ["restaurant", "bar-and-grill", "bar", "grill"], "sources": ["overture"], "website": "https://samstavernseattle.com", "phone": "12063973344", "address": "1024 E Pike St", "stations": [{"stopCode": 49, "lines": "1,2", "name": "Capitol Hill Station", "walkingMeters": 703, "walkingSeconds": 525, "band": 10}]}, "geometry": {"type": "Point", "coordinates": [-122.3184204, 47.6143494]}}, {"type": "Feature", "properties": {"id": 4312276311, "name": "Sweet Alchemy Ice Creamery", "category": "ice_cream", "tags": ["ice-cream", "takeaway"], "sources": ["osm"], "website": "https://sweetalchemyicecreamery.com/", "address": "1424 11th Avenue", "stations": [{"stopCode": 49, "lines": "1,2", "name": "Capitol Hill Station", "walkingMeters": 767, "walkingSeconds": 552, "band": 10}]}, "geometry": {"type": "Point", "coordinates": [-122.3176115, 47.6137358]}}, {"type": "Feature", "properties": {"id": 206623349, "name": "Burritos California", "category": "fast_food", "tags": ["fast-food", "mexican", "drive-through"], "sources": ["osm"], "website": "https://burritoscaliforniawa.com/", "phone": "+1-425-570-8780", "address": "1001 East Pine Street", "hours": "24/7", "stations": [{"stopCode": 49, "lines": "1,2", "name": "Capitol Hill Station", "walkingMeters": 541, "walkingSeconds": 390, "band": 10}]}, "geometry": {"type": "Point", "coordinates": [-122.3189958, 47.6151003]}}, {"type": "Feature", "properties": {"id": 2939748901, "name": "The Runaway", "category": "bar", "tags": ["bar"], "sources": ["osm", "overture"], "website": "http://therunawayseattle.com/", "phone": "+12067099951", "address": "1425 10th Ave", "stations": [{"stopCode": 49, "lines": "1,2", "name": "Capitol Hill Station", "walkingMeters": 627, "walkingSeconds": 451, "band": 10}]}, "geometry": {"type": "Point", "coordinates": [-122.3196258, 47.6137463]}}, {"type": "Feature", "properties": {"id": 3006168170, "name": "Aviv Hummus Bar", "category": "restaurant", "tags": ["restaurant", "middle-eastern", "middle", "eastern", "mediterranean"], "sources": ["osm", "overture"], "website": "http://avivhummusbar.com/", "phone": "+12063237483", "address": "107 15th Ave E", "hours": "Mo off; Tu-Su 11:00-15:00,17:00-21:00", "stations": [{"stopCode": 49, "lines": "1,2", "name": "Capitol Hill Station", "walkingMeters": 621, "walkingSeconds": 446, "band": 10}]}, "geometry": {"type": "Point", "coordinates": [-122.312901, 47.6188119]}}, {"type": "Feature", "properties": {"id": 3006168194, "name": "Grain House", "category": "restaurant", "tags": ["restaurant", "vietnamese", "sushi", "takeaway", "vegetarian", "asian", "pan"], "sources": ["osm", "overture"], "website": "https://www.grainhouseseattle.com/?utm_source=bing&utm_medium=websiteurl&utm_campaign=search", "phone": "2064534594", "address": "1150 11th Ave", "hours": "Mo-Sa 11:00-21:00", "stations": [{"stopCode": 49, "lines": "1,2", "name": "Capitol Hill Station", "walkingMeters": 862, "walkingSeconds": 620, "band": 10}]}, "geometry": {"type": "Point", "coordinates": [-122.317964, 47.6126016]}}, {"type": "Feature", "properties": {"id": 3006168197, "name": "Manao", "category": "restaurant", "tags": ["restaurant", "thai", "indoor-seating", "wheelchair-accessible", "vegetarian"], "sources": ["osm"], "website": "https://manaoseattle.com/", "address": "1222 East Pine Street", "hours": "Mo-Fr 11:00-22:00; Sa 12:00-22:00; Su 12:00-21:00", "stations": [{"stopCode": 49, "lines": "1,2", "name": "Capitol Hill Station", "walkingMeters": 734, "walkingSeconds": 528, "band": 10}]}, "geometry": {"type": "Point", "coordinates": [-122.3157792, 47.6154249]}}, {"type": "Feature", "properties": {"id": 3006168246, "name": "Roma Roma", "category": "restaurant", "tags": ["restaurant", "pizza"], "sources": ["osm", "overture"], "website": "http://Romaroma.pizza/", "address": "1610 12th Ave", "hours": "Tu-Th 11:00-23:00, Fr,Sa 11:00-24:00, Su 11:00-21:00", "stations": [{"stopCode": 49, "lines": "1,2", "name": "Capitol Hill Station", "walkingMeters": 633, "walkingSeconds": 455, "band": 10}]}, "geometry": {"type": "Point", "coordinates": [-122.3166654, 47.6156209]}}, {"type": "Feature", "properties": {"id": 3006168263, "name": "Violet", "category": "restaurant", "tags": ["restaurant", "american"], "sources": ["osm", "overture"], "website": "https://www.violetseattle.com", "phone": "+12066952588", "address": "1734 12th Ave", "stations": [{"stopCode": 49, "lines": "1,2", "name": "Capitol Hill Station", "walkingMeters": 446, "walkingSeconds": 321, "band": 5}]}, "geometry": {"type": "Point", "coordinates": [-122.3167044, 47.6172944]}}, {"type": "Feature", "properties": {"id": 3511071062, "name": "Anchorhead Coffee", "category": "cafe", "tags": ["cafe"], "sources": ["osm"], "website": "https://anchorheadcoffee.com/", "address": "1115 12th Avenue", "stations": [{"stopCode": 49, "lines": "1,2", "name": "Capitol Hill Station", "walkingMeters": 1003, "walkingSeconds": 722, "band": 15}]}, "geometry": {"type": "Point", "coordinates": [-122.316993, 47.6120238]}}, {"type": "Feature", "properties": {"id": "c74e4080-d838-436f-9892-0bfe8aa34954", "name": "Honor Coffee & Tea", "category": "cafe", "tags": ["cafe", "coffee"], "sources": ["overture"], "website": "http://honorcoffee.com", "address": "1424 E Pine St", "stations": [{"stopCode": 49, "lines": "1,2", "name": "Capitol Hill Station", "walkingMeters": 929, "walkingSeconds": 667, "band": 15}]}, "geometry": {"type": "Point", "coordinates": [-122.3131332, 47.6154327]}}, {"type": "Feature", "properties": {"id": "f7099f11-bb56-4e80-bf8f-1b7a23cae6d1", "name": "Regent Bakery & Cafe", "category": "restaurant", "tags": ["restaurant", "dim-sum", "dim", "sum", "asian"], "sources": ["overture"], "website": "http://regentbakeryandcafe.com/", "phone": "2067438866", "address": "1404 E Pine St", "stations": [{"stopCode": 49, "lines": "1,2", "name": "Capitol Hill Station", "walkingMeters": 864, "walkingSeconds": 621, "band": 10}]}, "geometry": {"type": "Point", "coordinates": [-122.3140182, 47.6154785]}}, {"type": "Feature", "properties": {"id": 3899295957, "name": "Ramen Danbo", "category": "restaurant", "tags": ["restaurant", "japanese", "indoor-seating", "vegan"], "sources": ["osm"], "website": "https://ramendanbo.com/", "phone": "+1 206-566-5479", "address": "1222 East Pine Street", "hours": "Mo-Su 11:00-23:00", "stations": [{"stopCode": 49, "lines": "1,2", "name": "Capitol Hill Station", "walkingMeters": 709, "walkingSeconds": 510, "band": 10}]}, "geometry": {"type": "Point", "coordinates": [-122.316094, 47.6154236]}}, {"type": "Feature", "properties": {"id": "a95b18c5-66e8-42e3-9a9a-3705396d8f43", "name": "Dorothea Coffee", "category": "cafe", "tags": ["cafe"], "sources": ["overture"], "website": "https://dorotheacoffee.com", "phone": "(206) 854-3557", "address": "1424 11th Ave Ste F", "stations": [{"stopCode": 49, "lines": "1,2", "name": "Capitol Hill Station", "walkingMeters": 739, "walkingSeconds": 532, "band": 10}]}, "geometry": {"type": "Point", "coordinates": [-122.3180389, 47.6137314]}}, {"type": "Feature", "properties": {"id": 4071041089, "name": "The Bottom Line", "category": "cafe", "tags": ["cafe", "coffee-shop"], "sources": ["osm"], "stations": [{"stopCode": 49, "lines": "1,2", "name": "Capitol Hill Station", "walkingMeters": 1089, "walkingSeconds": 784, "band": 15}]}, "geometry": {"type": "Point", "coordinates": [-122.3185304, 47.610593]}}, {"type": "Feature", "properties": {"id": "a37630da-954d-4690-830c-0ae3abb2139c", "name": "Sugar Bakery", "category": "bakery", "tags": ["bakery"], "sources": ["overture"], "website": "http://sugarbakerycafe.com/", "phone": "+12065665987", "address": "1419 12th Ave", "stations": [{"stopCode": 49, "lines": "1,2", "name": "Capitol Hill Station", "walkingMeters": 836, "walkingSeconds": 624, "band": 10}]}, "geometry": {"type": "Point", "coordinates": [-122.3171921, 47.6136436]}}, {"type": "Feature", "properties": {"id": 4312276310, "name": "Meetea Cafe", "category": "cafe", "tags": ["cafe", "bubble-tea", "vegetarian", "wifi"], "sources": ["osm", "overture"], "website": "http://www.meeteacafe.com/", "phone": "+12064535242", "address": "1424 11th Ave", "hours": "10:00-21:00", "stations": [{"stopCode": 49, "lines": "1,2", "name": "Capitol Hill Station", "walkingMeters": 755, "walkingSeconds": 543, "band": 10}]}, "geometry": {"type": "Point", "coordinates": [-122.317971, 47.6135867]}}, {"type": "Feature", "properties": {"id": 4320609371, "name": "Westman's Bagel and Coffee", "category": "cafe", "tags": ["cafe", "bagel", "coffee-shop", "takeaway", "vegan", "bakery"], "sources": ["osm", "overture"], "website": "http://westmansbagel.com", "phone": "(509) 906-4822", "address": "1509 E Madison St", "hours": "Mo-Fr 07:00-14:00; Sa-Su 08:00-14:00", "stations": [{"stopCode": 49, "lines": "1,2", "name": "Capitol Hill Station", "walkingMeters": 1093, "walkingSeconds": 786, "band": 15}]}, "geometry": {"type": "Point", "coordinates": [-122.3123155, 47.6146197]}}, {"type": "Feature", "properties": {"id": 4349277133, "name": "Bitter/Raw", "category": "bar", "tags": ["bar", "restaurant", "live-and-raw-food", "live", "raw", "food"], "sources": ["osm", "overture"], "website": "https://larkseattle.com", "phone": "+12063235275", "address": "952 E Seneca St Fl 2", "hours": "17:00-23:00", "stations": [{"stopCode": 49, "lines": "1,2", "name": "Capitol Hill Station", "walkingMeters": 799, "walkingSeconds": 575, "band": 10}]}, "geometry": {"type": "Point", "coordinates": [-122.3197209, 47.6123773]}}, {"type": "Feature", "properties": {"id": 4349277134, "name": "Lark", "category": "restaurant", "tags": ["restaurant", "regional"], "sources": ["osm"], "phone": "+1-206-323-5275", "address": "952 East Seneca Street", "hours": "Mo-Sa 17:00-21:00; Su off", "stations": [{"stopCode": 49, "lines": "1,2", "name": "Capitol Hill Station", "walkingMeters": 806, "walkingSeconds": 581, "band": 10}]}, "geometry": {"type": "Point", "coordinates": [-122.3196651, 47.6123013]}}, {"type": "Feature", "properties": {"id": 4349277135, "name": "Slab Sandwich", "category": "restaurant", "tags": ["restaurant", "sandwich", "takeaway", "wheelchair-accessible"], "sources": ["osm"], "website": "https://www.slabsandwich.com/", "phone": "+1-206-790-0967", "address": "926 12th Ave", "hours": "Mo-Fr 11:00-15:00", "stations": [{"stopCode": 49, "lines": "1,2", "name": "Capitol Hill Station", "walkingMeters": 777, "walkingSeconds": 559, "band": 10}]}, "geometry": {"type": "Point", "coordinates": [-122.3195744, 47.6124066]}}, {"type": "Feature", "properties": {"id": 4452645623, "name": "Needle & Thread", "category": "bar", "tags": ["bar", "cocktails"], "sources": ["osm"], "website": "https://www.tavernlaw.com/needle-thread/", "phone": "+1-206-325-0133", "address": "1406 12th Avenue", "hours": "17:00-02:00", "stations": [{"stopCode": 49, "lines": "1,2", "name": "Capitol Hill Station", "walkingMeters": 899, "walkingSeconds": 646, "band": 10}]}, "geometry": {"type": "Point", "coordinates": [-122.3165636, 47.6132023]}}, {"type": "Feature", "properties": {"id": "7f04df8f-5bb2-42dd-a4fd-21e6ccb2b3aa", "name": "Meat & Bread", "category": "restaurant", "tags": ["restaurant", "sandwich"], "sources": ["overture"], "website": "http://meatandbread.ca", "address": "1201 10th Ave", "stations": [{"stopCode": 49, "lines": "1,2", "name": "Capitol Hill Station", "walkingMeters": 772, "walkingSeconds": 556, "band": 10}]}, "geometry": {"type": "Point", "coordinates": [-122.3196182, 47.6124535]}}, {"type": "Feature", "properties": {"id": "080442ea-60d2-4351-a031-5ff7d8e3f824", "name": "Homegrown", "category": "restaurant", "tags": ["restaurant", "sandwich"], "sources": ["overture"], "website": "http://www.eathomegrown.com", "phone": "(877) 567-9240", "address": "1017 E Union St", "stations": [{"stopCode": 49, "lines": "1,2", "name": "Capitol Hill Station", "walkingMeters": 788, "walkingSeconds": 568, "band": 10}]}, "geometry": {"type": "Point", "coordinates": [-122.3186646, 47.6127205]}}, {"type": "Feature", "properties": {"id": 5112032195, "name": "Betsutenjin", "category": "restaurant", "tags": ["restaurant", "ramen"], "sources": ["osm"], "address": "954 East Union Street", "hours": "18:30-24:00", "stations": [{"stopCode": 49, "lines": "1,2", "name": "Capitol Hill Station", "walkingMeters": 665, "walkingSeconds": 479, "band": 10}]}, "geometry": {"type": "Point", "coordinates": [-122.3196328, 47.6133961]}}, {"type": "Feature", "properties": {"id": 5152641224, "name": "Kemi Dessert Bar", "category": "cafe", "tags": ["cafe", "dessert"], "sources": ["osm"], "website": "https://www.kemidessertbar.com/", "address": "1828 12th Avenue", "stations": [{"stopCode": 49, "lines": "1,2", "name": "Capitol Hill Station", "walkingMeters": 320, "walkingSeconds": 230, "band": 5}]}, "geometry": {"type": "Point", "coordinates": [-122.3167305, 47.6184376]}}, {"type": "Feature", "properties": {"id": 5152641325, "name": "Morfire", "category": "restaurant", "tags": ["restaurant", "thai", "hotpot", "chinese", "asian"], "sources": ["osm", "overture"], "website": "http://www.morfireseattle.com/", "phone": "+12068298293", "address": "1806 12th Ave", "stations": [{"stopCode": 49, "lines": "1,2", "name": "Capitol Hill Station", "walkingMeters": 377, "walkingSeconds": 271, "band": 5}]}, "geometry": {"type": "Point", "coordinates": [-122.316731, 47.6179302]}}, {"type": "Feature", "properties": {"id": 5167750731, "name": "Kedai Makan", "category": "restaurant", "tags": ["restaurant", "malaysian"], "sources": ["osm"], "website": "http://www.kedaimakansea.com/", "phone": "+1-206-535-3562", "address": "1449 East Pine Street", "hours": "Su-Th 11:00-21:00; Fr-Sa 11:00-22:00", "stations": [{"stopCode": 49, "lines": "1,2", "name": "Capitol Hill Station", "walkingMeters": 968, "walkingSeconds": 696, "band": 15}]}, "geometry": {"type": "Point", "coordinates": [-122.312985, 47.6151546]}}, {"type": "Feature", "properties": {"id": 5272981721, "name": "Seoulmates", "category": "restaurant", "tags": ["restaurant", "korean"], "sources": ["osm"], "address": "954 East Union Street", "stations": [{"stopCode": 49, "lines": "1,2", "name": "Capitol Hill Station", "walkingMeters": 714, "walkingSeconds": 514, "band": 10}]}, "geometry": {"type": "Point", "coordinates": [-122.3196583, 47.6130786]}}, {"type": "Feature", "properties": {"id": 5382440022, "name": "Nue", "category": "restaurant", "tags": ["restaurant", "international", "outdoor-seating", "indoor-seating"], "sources": ["osm"], "website": "https://www.nueseattle.com", "address": "1519 14th Avenue", "hours": "Mo-Su 10:00-22:00", "stations": [{"stopCode": 49, "lines": "1,2", "name": "Capitol Hill Station", "walkingMeters": 908, "walkingSeconds": 653, "band": 10}]}, "geometry": {"type": "Point", "coordinates": [-122.314441, 47.6147224]}}, {"type": "Feature", "properties": {"id": 5675916223, "name": "Bok a Bok", "category": "fast_food", "tags": ["fast-food", "chicken", "takeaway"], "sources": ["osm"], "website": "https://bokabokchicken.com", "phone": "+1-206-996-5976", "address": "1427 10th Avenue", "hours": "Mo-Su 11:00-22:00", "stations": [{"stopCode": 49, "lines": "1,2", "name": "Capitol Hill Station", "walkingMeters": 610, "walkingSeconds": 439, "band": 10}]}, "geometry": {"type": "Point", "coordinates": [-122.319613, 47.6138921]}}, {"type": "Feature", "properties": {"id": 5724490539, "name": "Meaty Johnson\u2019s", "category": "restaurant", "tags": ["restaurant", "barbecue"], "sources": ["osm"], "address": "1201 East Pine Street", "stations": [{"stopCode": 49, "lines": "1,2", "name": "Capitol Hill Station", "walkingMeters": 686, "walkingSeconds": 494, "band": 10}]}, "geometry": {"type": "Point", "coordinates": [-122.3166349, 47.6151745]}}, {"type": "Feature", "properties": {"id": 5731400321, "name": "Frankie & Jo's - Capitol Hill", "category": "cafe", "tags": ["cafe", "ice-cream"], "sources": ["osm"], "website": "https://frankieandjos.com", "address": "1010 East Union Street", "hours": "Mo-Su 12:00-23:00", "stations": [{"stopCode": 49, "lines": "1,2", "name": "Capitol Hill Station", "walkingMeters": 753, "walkingSeconds": 542, "band": 10}]}, "geometry": {"type": "Point", "coordinates": [-122.3188989, 47.6130833]}}, {"type": "Feature", "properties": {"id": 5794091853, "name": "Koko's Restaurant", "category": "restaurant", "tags": ["restaurant", "mexican", "latin-american"], "sources": ["osm"], "website": "https://www.kokos-restaurant.com", "address": "1201 10th Avenue", "stations": [{"stopCode": 49, "lines": "1,2", "name": "Capitol Hill Station", "walkingMeters": 765, "walkingSeconds": 551, "band": 10}]}, "geometry": {"type": "Point", "coordinates": [-122.3195785, 47.6125149]}}, {"type": "Feature", "properties": {"id": 5824799759, "name": "Ramie", "category": "restaurant", "tags": ["restaurant", "vietnamese", "outdoor-seating", "asian"], "sources": ["osm", "overture"], "website": "http://www.ramieseattle.com/", "phone": "+12065665192", "address": "1529 14th Ave", "stations": [{"stopCode": 49, "lines": "1,2", "name": "Capitol Hill Station", "walkingMeters": 882, "walkingSeconds": 634, "band": 10}]}, "geometry": {"type": "Point", "coordinates": [-122.314424, 47.6149618]}}, {"type": "Feature", "properties": {"id": 5914735886, "name": "Footprint Wine", "category": "bar", "tags": ["bar"], "sources": ["osm"], "website": "https://footprintwine.com", "address": "1222 East Madison Street", "stations": [{"stopCode": 49, "lines": "1,2", "name": "Capitol Hill Station", "walkingMeters": 976, "walkingSeconds": 702, "band": 15}]}, "geometry": {"type": "Point", "coordinates": [-122.3158996, 47.6133546]}}, {"type": "Feature", "properties": {"id": 5938277186, "name": "Culutura", "category": "bar", "tags": ["bar"], "sources": ["osm"], "address": "916 East Pike Street", "stations": [{"stopCode": 49, "lines": "1,2", "name": "Capitol Hill Station", "walkingMeters": 594, "walkingSeconds": 428, "band": 10}]}, "geometry": {"type": "Point", "coordinates": [-122.3198006, 47.6142138]}}, {"type": "Feature", "properties": {"id": 5991866685, "name": "Dave's Hot Chicken", "category": "fast_food", "tags": ["fast-food", "chicken", "takeaway", "restaurant"], "sources": ["osm", "overture"], "website": "https://daveshotchicken.olo.com/menu/seattle-wa-e-pike-st/", "phone": "2068132924", "address": "1200 E Pike St Ste . 2", "hours": "Su-Th 10:00-01:00, Fr,Sa 10:00-04:00", "stations": [{"stopCode": 49, "lines": "1,2", "name": "Capitol Hill Station", "walkingMeters": 794, "walkingSeconds": 571, "band": 10}]}, "geometry": {"type": "Point", "coordinates": [-122.3166284, 47.6142476]}}, {"type": "Feature", "properties": {"id": 12254179752, "name": "Sweetgreen", "category": "fast_food", "tags": ["fast-food", "salad", "indoor-seating", "takeaway"], "sources": ["osm"], "website": "https://order.sweetgreen.com/11th-pine/menu", "phone": "+1-253-499-8563", "address": "1530 11th Avenue", "hours": "Mo-Su 10:30-22:00", "stations": [{"stopCode": 49, "lines": "1,2", "name": "Capitol Hill Station", "walkingMeters": 588, "walkingSeconds": 423, "band": 10}]}, "geometry": {"type": "Point", "coordinates": [-122.3179752, 47.6151088]}}, {"type": "Feature", "properties": {"id": 6069211988, "name": "Atulea", "category": "cafe", "tags": ["cafe", "tea,-coffee", "outdoor-seating", "wifi", "tea", "room"], "sources": ["osm", "overture"], "website": "http://shopatulea.com/", "phone": "+12066093571", "address": "1715 12th Ave", "stations": [{"stopCode": 49, "lines": "1,2", "name": "Capitol Hill Station", "walkingMeters": 469, "walkingSeconds": 337, "band": 5}]}, "geometry": {"type": "Point", "coordinates": [-122.3171665, 47.616908]}}, {"type": "Feature", "properties": {"id": 6200189487, "name": "Kajiken", "category": "restaurant", "tags": ["restaurant"], "sources": ["osm"], "address": "1640 11th Avenue", "stations": [{"stopCode": 49, "lines": "1,2", "name": "Capitol Hill Station", "walkingMeters": 460, "walkingSeconds": 330, "band": 5}]}, "geometry": {"type": "Point", "coordinates": [-122.3179969, 47.6162678]}}, {"type": "Feature", "properties": {"id": 6341713485, "name": "Little Oddfellows", "category": "cafe", "tags": ["cafe", "wifi"], "sources": ["osm", "overture"], "website": "http://www.oddfellowscafe.com/little-oddfellows", "phone": "+12063231511", "address": "1521 10th Ave", "hours": "Mo-Su 09:00-21:00", "stations": [{"stopCode": 49, "lines": "1,2", "name": "Capitol Hill Station", "walkingMeters": 552, "walkingSeconds": 397, "band": 10}]}, "geometry": {"type": "Point", "coordinates": [-122.319957, 47.6147526]}}, {"type": "Feature", "properties": {"id": "9bc9c333-dc74-4cd6-96da-0aee66f2e685", "name": "Pok\u00e9 Bar", "category": "restaurant", "tags": ["restaurant", "poke", "hawaiian"], "sources": ["overture"], "website": "http://www.ilovepokebar.com/", "phone": "2064025178", "address": "1542 12th Ave", "stations": [{"stopCode": 49, "lines": "1,2", "name": "Capitol Hill Station", "walkingMeters": 751, "walkingSeconds": 540, "band": 10}]}, "geometry": {"type": "Point", "coordinates": [-122.3167648, 47.6145439]}}, {"type": "Feature", "properties": {"id": 7654265420, "name": "Osteria la Spiga", "category": "restaurant", "tags": ["restaurant", "italian", "european"], "sources": ["osm", "overture"], "website": "http://www.laspiga.com/", "phone": "+12063238881", "address": "1429 12th Ave", "stations": [{"stopCode": 49, "lines": "1,2", "name": "Capitol Hill Station", "walkingMeters": 807, "walkingSeconds": 580, "band": 10}]}, "geometry": {"type": "Point", "coordinates": [-122.3170987, 47.6137667]}}, {"type": "Feature", "properties": {"id": 8244144670, "name": "Cafe Argento", "category": "cafe", "tags": ["cafe", "coffee-shop", "pastry", "wifi", "coffee"], "sources": ["osm", "overture"], "website": "http://www.cafeargento.com", "phone": "(206) 383-3295", "address": "1125 E Olive St", "hours": "Mo-Fr 07:00-15:00; Sa,Su 09:00-14:00", "stations": [{"stopCode": 49, "lines": "1,2", "name": "Capitol Hill Station", "walkingMeters": 519, "walkingSeconds": 373, "band": 10}]}, "geometry": {"type": "Point", "coordinates": [-122.31718, 47.6163091]}}, {"type": "Feature", "properties": {"id": 9548198701, "name": "Gong cha", "category": "cafe", "tags": ["cafe", "tea"], "sources": ["osm"], "address": "1124 East Pike Street", "stations": [{"stopCode": 49, "lines": "1,2", "name": "Capitol Hill Station", "walkingMeters": 762, "walkingSeconds": 548, "band": 10}]}, "geometry": {"type": "Point", "coordinates": [-122.317069, 47.6142397]}}, {"type": "Feature", "properties": {"id": 10573677915, "name": "Bai Tong Thai Street Cafe", "category": "restaurant", "tags": ["restaurant", "thai", "wheelchair-accessible", "asian"], "sources": ["osm", "overture"], "website": "http://www.baitongthaistreetcafe.com/", "phone": "+12067878448", "address": "1121 E Pike St", "hours": "Mo-Th,Su 11:30-15:00,16:00-22:00; Fr-Sa 11:30-15:00,16:00-23:00", "stations": [{"stopCode": 49, "lines": "1,2", "name": "Capitol Hill Station", "walkingMeters": 778, "walkingSeconds": 559, "band": 10}]}, "geometry": {"type": "Point", "coordinates": [-122.3171112, 47.6139854]}}, {"type": "Feature", "properties": {"id": 10573677918, "name": "Ox Burger", "category": "restaurant", "tags": ["restaurant", "burger", "outdoor-seating", "indoor-seating", "takeaway", "delivery", "wheelchair-accessible", "vegan", "has-bar", "brewery", "air-conditioned"], "sources": ["osm", "overture"], "website": "http://www.oxburgerseattle.com", "phone": "(206) 420-8220", "address": "1523 E Madison St", "hours": "Mo,Su off; Tu-Sa 12:00-21:00", "stations": [{"stopCode": 49, "lines": "1,2", "name": "Capitol Hill Station", "walkingMeters": 1119, "walkingSeconds": 804, "band": 15}]}, "geometry": {"type": "Point", "coordinates": [-122.3116334, 47.6147958]}}, {"type": "Feature", "properties": {"id": 10724224158, "name": "Sea'd In", "category": "restaurant", "tags": ["restaurant"], "sources": ["osm"], "address": "1424 11th Avenue", "stations": [{"stopCode": 49, "lines": "1,2", "name": "Capitol Hill Station", "walkingMeters": 781, "walkingSeconds": 562, "band": 10}]}, "geometry": {"type": "Point", "coordinates": [-122.3175329, 47.6137313]}}, {"type": "Feature", "properties": {"id": 10724224160, "name": "Wunderground", "category": "cafe", "tags": ["cafe", "outdoor-seating", "takeaway", "wheelchair-accessible", "vegetarian", "vegan", "coffee"], "sources": ["osm", "overture"], "website": "https://wundergroundcoffee.com/", "phone": "+12062574268", "address": "1111 E Pike St", "hours": "Mo-Fr 07:30-16:00; Sa,Su 08:30-17:00", "stations": [{"stopCode": 49, "lines": "1,2", "name": "Capitol Hill Station", "walkingMeters": 743, "walkingSeconds": 534, "band": 10}]}, "geometry": {"type": "Point", "coordinates": [-122.3175684, 47.6139795]}}, {"type": "Feature", "properties": {"id": 10899610891, "name": "Glo's", "category": "restaurant", "tags": ["restaurant", "diner", "vegetarian", "cafe", "breakfast-and-brunch"], "sources": ["osm", "overture"], "website": "http://www.glosseattle.com/", "phone": "+12064204436", "address": "928 East Denny Way, 928 E Barbara Bailey Way", "hours": "Mo-Su,PH 08:00-15:00; Nov Th[4] off; Dec 25 off", "stations": [{"stopCode": 49, "lines": "1,2", "name": "Capitol Hill Station", "walkingMeters": 33, "walkingSeconds": 24, "band": 5}]}, "geometry": {"type": "Point", "coordinates": [-122.319941, 47.6188881]}}, {"type": "Feature", "properties": {"id": 11043280858, "name": "Sakana", "category": "restaurant", "tags": ["restaurant", "wheelchair-accessible"], "sources": ["osm"], "address": "1520 15th Avenue", "hours": "Tu-We 16:00-22:00; Th 16:00-23:00; Fr 16:00-24:00; Sa 15:00-24:00; Su 15:00-22:00", "stations": [{"stopCode": 49, "lines": "1,2", "name": "Capitol Hill Station", "walkingMeters": 1051, "walkingSeconds": 756, "band": 15}]}, "geometry": {"type": "Point", "coordinates": [-122.3125824, 47.6147422]}}, {"type": "Feature", "properties": {"id": 13380312763, "name": "Kobuta And Ookami", "category": "restaurant", "tags": ["restaurant", "ramen"], "sources": ["osm"], "stations": [{"stopCode": 49, "lines": "1,2", "name": "Capitol Hill Station", "walkingMeters": 665, "walkingSeconds": 477, "band": 10}]}, "geometry": {"type": "Point", "coordinates": [-122.3129085, 47.6192089]}}, {"type": "Feature", "properties": {"id": 11880442163, "name": "Time Warp", "category": "bar", "tags": ["bar", "wifi"], "sources": ["osm"], "address": "1420 10th Avenue", "hours": "Mo-Th 14:00-02:00, Fr-Su 12:00-02:00", "stations": [{"stopCode": 49, "lines": "1,2", "name": "Capitol Hill Station", "walkingMeters": 659, "walkingSeconds": 474, "band": 10}]}, "geometry": {"type": "Point", "coordinates": [-122.3192629, 47.6135863]}}, {"type": "Feature", "properties": {"id": "985e5e0c-269e-424b-a88e-28ec23fe8fdb", "name": "Marjorie", "category": "restaurant", "tags": ["restaurant"], "sources": ["overture"], "website": "http://www.marjorierestaurant.com/", "phone": "2064419842", "address": "1412 E Union St", "stations": [{"stopCode": 49, "lines": "1,2", "name": "Capitol Hill Station", "walkingMeters": 1154, "walkingSeconds": 830, "band": 15}]}, "geometry": {"type": "Point", "coordinates": [-122.3139801, 47.612999]}}, {"type": "Feature", "properties": {"id": 11982349630, "name": "Bombay Burger", "category": "fast_food", "tags": ["fast-food", "burger", "fast", "food"], "sources": ["osm", "overture"], "website": "https://bombayburgerseattle.com", "phone": "(206) 420-8397", "address": "1420 E Madison St, Seattle WA 98122", "stations": [{"stopCode": 49, "lines": "1,2", "name": "Capitol Hill Station", "walkingMeters": 1038, "walkingSeconds": 746, "band": 15}]}, "geometry": {"type": "Point", "coordinates": [-122.3129875, 47.6145789]}}, {"type": "Feature", "properties": {"id": 12070756086, "name": "Cap Hill Kitchens", "category": "restaurant", "tags": ["restaurant", "caterer", "takeaway", "delivery"], "sources": ["osm"], "website": "https://caphillkitchens.com/", "address": "1525 13th Avenue", "stations": [{"stopCode": 49, "lines": "1,2", "name": "Capitol Hill Station", "walkingMeters": 786, "walkingSeconds": 566, "band": 10}]}, "geometry": {"type": "Point", "coordinates": [-122.3157517, 47.6149351]}}, {"type": "Feature", "properties": {"id": 12162628284, "name": "Tailwind Cafe & Bar", "category": "cafe", "tags": ["cafe", "outdoor-seating", "wheelchair-accessible", "wifi"], "sources": ["osm"], "website": "https://tailwindcafe.com", "address": "1424 11th Avenue", "hours": "Tu,We 09:00-19:00; Th-Sa 09:00-20:00; Su 09:00-17:00", "stations": [{"stopCode": 49, "lines": "1,2", "name": "Capitol Hill Station", "walkingMeters": 785, "walkingSeconds": 565, "band": 10}]}, "geometry": {"type": "Point", "coordinates": [-122.3173673, 47.6137547]}}, {"type": "Feature", "properties": {"id": 13005305200, "name": "Flight", "category": "bar", "tags": ["bar"], "sources": ["osm"], "address": "1300 East Pike Street", "stations": [{"stopCode": 49, "lines": "1,2", "name": "Capitol Hill Station", "walkingMeters": 863, "walkingSeconds": 620, "band": 10}]}, "geometry": {"type": "Point", "coordinates": [-122.3153374, 47.6143867]}}, {"type": "Feature", "properties": {"id": 206623528, "name": "Momiji", "category": "restaurant", "tags": ["restaurant", "japanese", "vegan"], "sources": ["osm"], "website": "https://www.momijiseattle.com/", "address": "1522 12th Avenue", "stations": [{"stopCode": 49, "lines": "1,2", "name": "Capitol Hill Station", "walkingMeters": 722, "walkingSeconds": 519, "band": 10}]}, "geometry": {"type": "Point", "coordinates": [-122.3165268, 47.6148043]}}, {"type": "Feature", "properties": {"id": 13667836259, "name": "Matcha Magic", "category": "cafe", "tags": ["cafe", "tea"], "sources": ["osm"], "address": "1530 11th Avenue", "stations": [{"stopCode": 49, "lines": "1,2", "name": "Capitol Hill Station", "walkingMeters": 599, "walkingSeconds": 431, "band": 10}]}, "geometry": {"type": "Point", "coordinates": [-122.3180011, 47.6150103]}}, {"type": "Feature", "properties": {"id": 13706969504, "name": "Five Iron Golf", "category": "bar", "tags": ["bar", "golf"], "sources": ["osm"], "stations": [{"stopCode": 49, "lines": "1,2", "name": "Capitol Hill Station", "walkingMeters": 622, "walkingSeconds": 447, "band": 10}]}, "geometry": {"type": "Point", "coordinates": [-122.318365, 47.6146451]}}, {"type": "Feature", "properties": {"id": "f92b28c6-b6bb-4b29-8a8b-4b1d8c3e4a12", "name": "Bombay Bistro", "category": "restaurant", "tags": ["restaurant", "indian"], "sources": ["overture"], "website": "http://bombaybistroseattle.com", "phone": "(206) 708-1678", "address": "1200 E Pike St", "stations": [{"stopCode": 49, "lines": "1,2", "name": "Capitol Hill Station", "walkingMeters": 793, "walkingSeconds": 572, "band": 10}]}, "geometry": {"type": "Point", "coordinates": [-122.3168106, 47.6140785]}}, {"type": "Feature", "properties": {"id": 170679582, "name": "Chop Suey", "category": "bar", "tags": ["bar", "wifi"], "sources": ["osm"], "website": "https://chopsuey.com/", "address": "1325 East Madison Street", "stations": [{"stopCode": 49, "lines": "1,2", "name": "Capitol Hill Station", "walkingMeters": 1032, "walkingSeconds": 742, "band": 15}]}, "geometry": {"type": "Point", "coordinates": [-122.3144536, 47.6135623]}}, {"type": "Feature", "properties": {"id": 206624487, "name": "Quinn's", "category": "pub", "tags": ["pub"], "sources": ["osm"], "website": "https://www.quinnspubseattle.com/", "address": "1001 East Pike Street", "hours": "Fr,Sa 04:00-01:00, We,Th,Su 16:00-21:00", "stations": [{"stopCode": 49, "lines": "1,2", "name": "Capitol Hill Station", "walkingMeters": 628, "walkingSeconds": 452, "band": 10}]}, "geometry": {"type": "Point", "coordinates": [-122.3192286, 47.6138658]}}, {"type": "Feature", "properties": {"id": 228857011, "name": "The Chieftain", "category": "pub", "tags": ["pub", "outdoor-seating", "indoor-seating", "wifi"], "sources": ["osm"], "address": "908 12th Avenue", "stations": [{"stopCode": 49, "lines": "1,2", "name": "Capitol Hill Station", "walkingMeters": 1156, "walkingSeconds": 832, "band": 15}]}, "geometry": {"type": "Point", "coordinates": [-122.3164281, 47.6107234]}}, {"type": "Feature", "properties": {"id": 228857026, "name": "Cora", "category": "restaurant", "tags": ["restaurant", "pizza"], "sources": ["osm"], "website": "https://www.coraseattle.com", "address": "926 12th Avenue", "stations": [{"stopCode": 49, "lines": "1,2", "name": "Capitol Hill Station", "walkingMeters": 1106, "walkingSeconds": 795, "band": 15}]}, "geometry": {"type": "Point", "coordinates": [-122.3164747, 47.6111764]}}, {"type": "Feature", "properties": {"id": 295329823, "name": "Pony", "category": "bar", "tags": ["bar", "outdoor-seating", "smoking", "gay"], "sources": ["osm", "overture"], "website": "http://ponyseattle.com/", "phone": "+12063242854", "address": "1221 E Madison St", "stations": [{"stopCode": 49, "lines": "1,2", "name": "Capitol Hill Station", "walkingMeters": 998, "walkingSeconds": 718, "band": 15}]}, "geometry": {"type": "Point", "coordinates": [-122.3158646, 47.6130796]}}, {"type": "Feature", "properties": {"id": 353686155, "name": "Canon", "category": "bar", "tags": ["bar", "reservations", "beer", "cocktails", "cocktail", "bar-and-grill"], "sources": ["osm", "overture"], "website": "http://www.canonseattle.com/", "phone": "+12065529755", "address": "928 12th Ave", "hours": "Mo off; Tu off; We-Th 17:00-01:00; Fr-Sa 17:00-02:00; Su 17:00-01:00", "stations": [{"stopCode": 49, "lines": "1,2", "name": "Capitol Hill Station", "walkingMeters": 1094, "walkingSeconds": 787, "band": 15}]}, "geometry": {"type": "Point", "coordinates": [-122.3164758, 47.6112759]}}, {"type": "Feature", "properties": {"id": 568043376, "name": "Madison Pub", "category": "bar", "tags": ["bar", "smoking", "gay"], "sources": ["osm", "overture"], "website": "http://www.madisonpub.com/", "phone": "+12063256537", "address": "1315 E Madison St", "stations": [{"stopCode": 49, "lines": "1,2", "name": "Capitol Hill Station", "walkingMeters": 1016, "walkingSeconds": 731, "band": 15}]}, "geometry": {"type": "Point", "coordinates": [-122.3149249, 47.6133813]}}, {"type": "Feature", "properties": {"id": 1091715660, "name": "Diesel", "category": "bar", "tags": ["bar"], "sources": ["osm", "overture"], "website": "http://dieselseattle.com/DIESEL.html", "phone": "+12063221080", "address": "1413 14th Ave", "stations": [{"stopCode": 49, "lines": "1,2", "name": "Capitol Hill Station", "walkingMeters": 1054, "walkingSeconds": 758, "band": 15}]}, "geometry": {"type": "Point", "coordinates": [-122.3144509, 47.6133633]}}, {"type": "Feature", "properties": {"id": "f54e8b6d-8eac-4353-a965-1f37b55292ec", "name": "Bakery Nouveau", "category": "bakery", "tags": ["bakery"], "sources": ["overture"], "website": "http://www.bakerynouveau.com", "phone": "+12068586957", "address": "137 15th Ave E", "stations": [{"stopCode": 49, "lines": "1,2", "name": "Capitol Hill Station", "walkingMeters": 679, "walkingSeconds": 488, "band": 10}]}, "geometry": {"type": "Point", "coordinates": [-122.312912, 47.6194992]}}, {"type": "Feature", "properties": {"id": "7bf7aebe-2c80-41eb-b7a6-78f336dddbef", "name": "Monster Dogs", "category": "restaurant", "tags": ["restaurant"], "sources": ["overture"], "website": "https://www.seattlemonsterdogs.com", "address": "925 E Pike St", "stations": [{"stopCode": 49, "lines": "1,2", "name": "Capitol Hill Station", "walkingMeters": 756, "walkingSeconds": 564, "band": 10}]}, "geometry": {"type": "Point", "coordinates": [-122.3197479, 47.6138382]}}, {"type": "Feature", "properties": {"id": "33bd42e5-f6d7-41e2-bcd7-5cfe2a29ddf5", "name": "Ch\u00e1vez", "category": "restaurant", "tags": ["restaurant", "taco"], "sources": ["overture"], "website": "http://www.chavezseattle.com", "phone": "(206) 695-2588", "address": "1734 12th Ave", "stations": [{"stopCode": 49, "lines": "1,2", "name": "Capitol Hill Station", "walkingMeters": 442, "walkingSeconds": 318, "band": 5}]}, "geometry": {"type": "Point", "coordinates": [-122.3168564, 47.6172562]}}, {"type": "Feature", "properties": {"id": "1456f75d-5c3a-4df2-8537-ef2e14958c3a", "name": "Pardon My Cheesesteak", "category": "restaurant", "tags": ["restaurant"], "sources": ["overture"], "phone": "8884440934", "address": "950 E Madison St", "stations": [{"stopCode": 49, "lines": "1,2", "name": "Capitol Hill Station", "walkingMeters": 865, "walkingSeconds": 623, "band": 10}]}, "geometry": {"type": "Point", "coordinates": [-122.3195496, 47.6116714]}}, {"type": "Feature", "properties": {"id": "ff86c392-112f-4ddc-8735-23d07692fdd2", "name": "Via Tribunali", "category": "restaurant", "tags": ["restaurant", "italian", "pizza"], "sources": ["overture"], "website": "http://viatribunali.com", "phone": "+12063229234", "address": "913 E Pike St", "stations": [{"stopCode": 49, "lines": "1,2", "name": "Capitol Hill Station", "walkingMeters": 626, "walkingSeconds": 451, "band": 10}]}, "geometry": {"type": "Point", "coordinates": [-122.3199615, 47.6139946]}}, {"type": "Feature", "properties": {"id": "5d755f42-6b9e-4cad-969c-3b1869a4da29", "name": "Mama Lil's Peppers", "category": "restaurant", "tags": ["restaurant"], "sources": ["overture"], "website": "http://mamalils.com/", "phone": "(206) 726-8372", "address": "832 14th Ave"}, "geometry": {"type": "Point", "coordinates": [-122.3137817, 47.6102448]}}, {"type": "Feature", "properties": {"id": "dc5e1b1a-fff2-4a7e-b612-30071d9a0f29", "name": "Pettit Bistro", "category": "cafe", "tags": ["cafe", "coffee"], "sources": ["overture"], "phone": "+17139423303", "address": "George, 411 University St", "stations": [{"stopCode": 49, "lines": "1,2", "name": "Capitol Hill Station", "walkingMeters": 1243, "walkingSeconds": 896, "band": 15}]}, "geometry": {"type": "Point", "coordinates": [-122.3143539, 47.6115036]}}, {"type": "Feature", "properties": {"id": "64c3919e-398d-459e-bcb7-6607ce5e2313", "name": "Skillet Diner @ Capitol Hill", "category": "restaurant", "tags": ["restaurant", "american"], "sources": ["overture"], "website": "https://www.skilletfood.com", "phone": "12065122001", "address": "1400 E Union St", "stations": [{"stopCode": 49, "lines": "1,2", "name": "Capitol Hill Station", "walkingMeters": 1089, "walkingSeconds": 783, "band": 15}]}, "geometry": {"type": "Point", "coordinates": [-122.3140106, 47.6130638]}}, {"type": "Feature", "properties": {"id": "a97173be-9067-471a-9ec0-5980cc7b7706", "name": "Cora Pizza & Plates", "category": "restaurant", "tags": ["restaurant", "pizza"], "sources": ["overture"], "website": "http://www.coraseattle.com/", "phone": "2063226304", "address": "926 12th Ave", "stations": [{"stopCode": 49, "lines": "1,2", "name": "Capitol Hill Station", "walkingMeters": 1102, "walkingSeconds": 793, "band": 15}]}, "geometry": {"type": "Point", "coordinates": [-122.3164902, 47.6111755]}}, {"type": "Feature", "properties": {"id": "4bbd7889-c111-4b37-a91e-a806f6793b47", "name": "Ben's Bread", "category": "bakery", "tags": ["bakery"], "sources": ["overture"], "website": "https://bensbreadseattle.com", "phone": "+12069091499", "address": "926 12th Ave", "stations": [{"stopCode": 49, "lines": "1,2", "name": "Capitol Hill Station", "walkingMeters": 1196, "walkingSeconds": 893, "band": 15}]}, "geometry": {"type": "Point", "coordinates": [-122.3164597, 47.6111794]}}, {"type": "Feature", "properties": {"id": "608b3375-50b5-47f0-a2f6-7382d1bdf56a", "name": "Mad Dawg's Hot Dogs", "category": "restaurant", "tags": ["restaurant", "american"], "sources": ["overture"], "website": "http://www.maddawgshotdogs.com", "phone": "(206) 310-3362", "address": "908 12th Ave", "stations": [{"stopCode": 49, "lines": "1,2", "name": "Capitol Hill Station", "walkingMeters": 1158, "walkingSeconds": 833, "band": 15}]}, "geometry": {"type": "Point", "coordinates": [-122.3165283, 47.6107025]}}, {"type": "Feature", "properties": {"id": "01f8defa-35da-4c80-97df-e23cde7f6eac", "name": "Rhein Haus Seattle", "category": "restaurant", "tags": ["restaurant", "german", "european"], "sources": ["overture"], "website": "https://bio.site/rheinhausseattle", "phone": "+12068896220", "address": "912 12th Ave", "stations": [{"stopCode": 49, "lines": "1,2", "name": "Capitol Hill Station", "walkingMeters": 1140, "walkingSeconds": 820, "band": 15}]}, "geometry": {"type": "Point", "coordinates": [-122.3166656, 47.6108704]}}, {"type": "Feature", "properties": {"id": "4510ec6c-38b1-4072-bedb-56776252ed9d", "name": "Licorous", "category": "bar", "tags": ["bar", "cocktail"], "sources": ["overture"], "website": "http://www.licorous.com/index.html", "phone": "(206) 325-6947", "address": "928 12th Ave", "stations": [{"stopCode": 49, "lines": "1,2", "name": "Capitol Hill Station", "walkingMeters": 1106, "walkingSeconds": 796, "band": 15}]}, "geometry": {"type": "Point", "coordinates": [-122.316658, 47.6111717]}}, {"type": "Feature", "properties": {"id": "413cfa5a-671e-4fc8-a33d-f76e7cc7ce26", "name": "Slab Sandwiches + Pie", "category": "restaurant", "tags": ["restaurant", "sandwich"], "sources": ["overture"], "website": "http://www.slabsandwich.com/", "phone": "+12067900967", "address": "1201 10th Ave", "stations": [{"stopCode": 49, "lines": "1,2", "name": "Capitol Hill Station", "walkingMeters": 1105, "walkingSeconds": 795, "band": 15}]}, "geometry": {"type": "Point", "coordinates": [-122.3165741, 47.6111794]}}, {"type": "Feature", "properties": {"id": "395f0b8e-5e4f-4fb9-86d0-34c17fd7dd0b", "name": "926 Pop Up Cafe Juanita", "category": "restaurant", "tags": ["restaurant", "italian"], "sources": ["overture"], "website": "http://www.cafejuanita.com", "phone": "(425) 823-1505", "address": "926 12th Ave", "stations": [{"stopCode": 49, "lines": "1,2", "name": "Capitol Hill Station", "walkingMeters": 1106, "walkingSeconds": 796, "band": 15}]}, "geometry": {"type": "Point", "coordinates": [-122.3165741, 47.6111679]}}, {"type": "Feature", "properties": {"id": "be63535a-7e06-4fdb-9690-6100030f035b", "name": "Anchorhead Coffee and Bakery", "category": "cafe", "tags": ["cafe", "coffee"], "sources": ["overture"], "website": "http://www.anchorheadcoffee.com/", "phone": "+12062222295", "address": "1115 12th Ave", "stations": [{"stopCode": 49, "lines": "1,2", "name": "Capitol Hill Station", "walkingMeters": 999, "walkingSeconds": 719, "band": 15}]}, "geometry": {"type": "Point", "coordinates": [-122.3169556, 47.6120567]}}, {"type": "Feature", "properties": {"id": "46ed18f0-914d-4c44-adfc-c705308eec8e", "name": "Chatterbox Cafe", "category": "cafe", "tags": ["cafe", "tea", "room"], "sources": ["overture"], "website": "https://www.chatterboxcafe.com.au", "phone": "2063242324", "address": "1100 12th Ave  # 101", "stations": [{"stopCode": 49, "lines": "1,2", "name": "Capitol Hill Station", "walkingMeters": 1105, "walkingSeconds": 825, "band": 15}]}, "geometry": {"type": "Point", "coordinates": [-122.3163071, 47.6118774]}}, {"type": "Feature", "properties": {"id": "5cbbaaa4-ef27-4319-8022-582659c4217d", "name": "High 5 Pie", "category": "bakery", "tags": ["bakery"], "sources": ["overture"], "website": "http://www.high5pie.com", "phone": "(206) 695-2284", "address": "1400 12th Ave", "stations": [{"stopCode": 49, "lines": "1,2", "name": "Capitol Hill Station", "walkingMeters": 916, "walkingSeconds": 659, "band": 10}]}, "geometry": {"type": "Point", "coordinates": [-122.316658, 47.6130486]}}, {"type": "Feature", "properties": {"id": "0bccc24d-5130-4d97-b240-3d2e3f7f3be1", "name": "Caf\u00e9 Presse", "category": "restaurant", "tags": ["restaurant", "french"], "sources": ["overture"], "website": "http://cafepresseseattle.com/", "phone": "(206) 709-7674", "address": "1117 12th Ave", "stations": [{"stopCode": 49, "lines": "1,2", "name": "Capitol Hill Station", "walkingMeters": 997, "walkingSeconds": 717, "band": 15}]}, "geometry": {"type": "Point", "coordinates": [-122.3170395, 47.6120758]}}, {"type": "Feature", "properties": {"id": "2867c018-e09d-4f4f-9ae1-f986f46167f6", "name": "Stumptown Coffee Roasters", "category": "cafe", "tags": ["cafe", "coffee"], "sources": ["overture"], "website": "http://stumptowncoffee.com/", "phone": "(206) 323-1544", "address": "1115 12th Ave", "stations": [{"stopCode": 49, "lines": "1,2", "name": "Capitol Hill Station", "walkingMeters": 1009, "walkingSeconds": 726, "band": 15}]}, "geometry": {"type": "Point", "coordinates": [-122.3170319, 47.611969]}}, {"type": "Feature", "properties": {"id": "8bb08225-8134-480a-a4ec-ad469dcd8e90", "name": "Mai's Kitchen", "category": "restaurant", "tags": ["restaurant", "vietnamese"], "sources": ["overture"], "website": "https://mais-kitchen-restaurant.business.site", "phone": "+12064534594", "address": "1150 11th Ave", "stations": [{"stopCode": 49, "lines": "1,2", "name": "Capitol Hill Station", "walkingMeters": 861, "walkingSeconds": 620, "band": 10}]}, "geometry": {"type": "Point", "coordinates": [-122.3179016, 47.6125832]}}, {"type": "Feature", "properties": {"id": "6f7d061a-f7ca-4318-8aa1-4bfb998f6451", "name": "Semillon Bakery & Cafe", "category": "restaurant", "tags": ["restaurant", "sandwich"], "sources": ["overture"], "website": "http://semillonbakery.com/", "phone": "2064329064", "address": "1150 11th Ave", "stations": [{"stopCode": 49, "lines": "1,2", "name": "Capitol Hill Station", "walkingMeters": 864, "walkingSeconds": 622, "band": 10}]}, "geometry": {"type": "Point", "coordinates": [-122.3179016, 47.6125832]}}, {"type": "Feature", "properties": {"id": "016c3b6b-6f43-4b11-b9bb-fb345107f58e", "name": "In\u00e8s P\u00e2tisserie", "category": "bakery", "tags": ["bakery"], "sources": ["overture"], "website": "http://inespatisserie-seattle.com", "phone": "(206) 992-5186", "address": "1111 E Madison St", "stations": [{"stopCode": 49, "lines": "1,2", "name": "Capitol Hill Station", "walkingMeters": 854, "walkingSeconds": 615, "band": 10}]}, "geometry": {"type": "Point", "coordinates": [-122.3178787, 47.6126709]}}, {"type": "Feature", "properties": {"id": "8d92ab65-84b9-47ce-8a5e-f1e86c0e571c", "name": "Boat Bar", "category": "restaurant", "tags": ["restaurant", "seafood"], "sources": ["overture"], "website": "boatbarseattle.com", "phone": "12069008808", "address": "1060 E Union St", "stations": [{"stopCode": 49, "lines": "1,2", "name": "Capitol Hill Station", "walkingMeters": 792, "walkingSeconds": 570, "band": 10}]}, "geometry": {"type": "Point", "coordinates": [-122.3184433, 47.6131363]}}, {"type": "Feature", "properties": {"id": "e951df21-4901-4ccb-af45-c95b809d665f", "name": "Bar Melusine", "category": "restaurant", "tags": ["restaurant"], "sources": ["overture"], "website": "boatbarseattle.com", "address": "1060 E Union St", "stations": [{"stopCode": 49, "lines": "1,2", "name": "Capitol Hill Station", "walkingMeters": 873, "walkingSeconds": 651, "band": 10}]}, "geometry": {"type": "Point", "coordinates": [-122.3184433, 47.6131363]}}, {"type": "Feature", "properties": {"id": "78214b67-4cb6-456d-b604-0ab38eda5f42", "name": "Bateau", "category": "restaurant", "tags": ["restaurant", "steakhouse"], "sources": ["overture"], "website": "https://www.restaurantbateau.com", "phone": "12069008699", "address": "1040 E Union St", "stations": [{"stopCode": 49, "lines": "1,2", "name": "Capitol Hill Station", "walkingMeters": 782, "walkingSeconds": 563, "band": 10}]}, "geometry": {"type": "Point", "coordinates": [-122.3185196, 47.6130905]}}, {"type": "Feature", "properties": {"id": "42c6fff7-1990-498c-bc36-13d8d9270055", "name": "Petit Pierre Bakery", "category": "bakery", "tags": ["bakery"], "sources": ["overture"], "website": "http://petitpierrebakery.com", "address": "1017 E Union St", "stations": [{"stopCode": 49, "lines": "1,2", "name": "Capitol Hill Station", "walkingMeters": 787, "walkingSeconds": 567, "band": 10}]}, "geometry": {"type": "Point", "coordinates": [-122.3186798, 47.6127167]}}, {"type": "Feature", "properties": {"id": "47fd78b0-5f7e-4195-8331-96a4c673825d", "name": "Overcast Coffee Bar", "category": "cafe", "tags": ["cafe", "coffee"], "sources": ["overture"], "phone": "+12063222220", "address": "1017 E Union St", "stations": [{"stopCode": 49, "lines": "1,2", "name": "Capitol Hill Station", "walkingMeters": 884, "walkingSeconds": 636, "band": 10}]}, "geometry": {"type": "Point", "coordinates": [-122.3186798, 47.6126976]}}, {"type": "Feature", "properties": {"id": "424267d0-6546-4818-925f-a1b3939b066b", "name": "Overcast Coffee", "category": "cafe", "tags": ["cafe", "coffee"], "sources": ["overture"], "website": "http://overcastcoffeecompany.com", "phone": "(206) 588-2621", "address": "1517 12th Ave Ste 100", "stations": [{"stopCode": 49, "lines": "1,2", "name": "Capitol Hill Station", "walkingMeters": 921, "walkingSeconds": 687, "band": 10}]}, "geometry": {"type": "Point", "coordinates": [-122.3186722, 47.6127701]}}, {"type": "Feature", "properties": {"id": "287da23d-fc09-4a37-b124-caa599179500", "name": "Tenderfix By Noah Schnapp", "category": "fast_food", "tags": ["fast-food", "fast", "food"], "sources": ["overture"], "website": "https://www.tenderfix.com", "phone": "+18884135074", "address": "950 E Madison St", "stations": [{"stopCode": 49, "lines": "1,2", "name": "Capitol Hill Station", "walkingMeters": 1042, "walkingSeconds": 778, "band": 10}]}, "geometry": {"type": "Point", "coordinates": [-122.3197327, 47.6118584]}}, {"type": "Feature", "properties": {"id": "b4db4f7e-3cf6-48eb-8c0a-8e9df0c67101", "name": "Koko's Restaurant Seattle", "category": "restaurant", "tags": ["restaurant", "mexican", "latin-american"], "sources": ["overture"], "website": "https://www.kokos-restaurant.com/", "phone": "+12069007113", "address": "1201 10th Ave", "stations": [{"stopCode": 49, "lines": "1,2", "name": "Capitol Hill Station", "walkingMeters": 775, "walkingSeconds": 558, "band": 10}]}, "geometry": {"type": "Point", "coordinates": [-122.319664, 47.6124191]}}, {"type": "Feature", "properties": {"id": "ad1be960-afcb-4477-adc1-88b347600098", "name": "Lark Restaurant", "category": "restaurant", "tags": ["restaurant", "american"], "sources": ["overture"], "website": "http://www.larkseattle.com/", "phone": "+12063235275", "address": "952 E Seneca St", "stations": [{"stopCode": 49, "lines": "1,2", "name": "Capitol Hill Station", "walkingMeters": 981, "walkingSeconds": 732, "band": 10}]}, "geometry": {"type": "Point", "coordinates": [-122.319664, 47.6122856]}}, {"type": "Feature", "properties": {"id": "e6c22976-0452-4a97-945f-60e31b57a0c9", "name": "Union Seattle", "category": "bar", "tags": ["bar", "gay"], "sources": ["overture"], "website": "https://www.theunion.io", "phone": "12063281318", "address": "1009 E Union St  Ste C", "stations": [{"stopCode": 49, "lines": "1,2", "name": "Capitol Hill Station", "walkingMeters": 926, "walkingSeconds": 691, "band": 10}]}, "geometry": {"type": "Point", "coordinates": [-122.318924, 47.6127129]}}, {"type": "Feature", "properties": {"id": "51e2b13f-b900-462b-8aeb-3d2f2d0ac0b6", "name": "Auto Battery Bar", "category": "bar", "tags": ["bar", "sports"], "sources": ["overture"], "website": "http://www.autobatterybar.com/", "phone": "(206) 322-2886", "address": "1009 E Union St", "stations": [{"stopCode": 49, "lines": "1,2", "name": "Capitol Hill Station", "walkingMeters": 768, "walkingSeconds": 553, "band": 10}]}, "geometry": {"type": "Point", "coordinates": [-122.3189316, 47.6127434]}}, {"type": "Feature", "properties": {"id": "6e6a4ba7-12d0-476a-8854-b9ff4dd4cd89", "name": "Sizzle Pie", "category": "restaurant", "tags": ["restaurant", "pizza"], "sources": ["overture"], "website": "http://sizzlepie.com", "phone": "(206) 325-7437", "address": "1009 E Union St", "stations": [{"stopCode": 49, "lines": "1,2", "name": "Capitol Hill Station", "walkingMeters": 768, "walkingSeconds": 553, "band": 10}]}, "geometry": {"type": "Point", "coordinates": [-122.3189392, 47.6127853]}}, {"type": "Feature", "properties": {"id": "c02ae023-78ff-4596-bd3c-90fd0353b689", "name": "Come Out Seattle", "category": "bar", "tags": ["bar", "cocktail"], "sources": ["overture"], "website": "https://www.comeoutseattle.org/", "phone": "+12063281318", "address": "1009 E Union St", "stations": [{"stopCode": 49, "lines": "1,2", "name": "Capitol Hill Station", "walkingMeters": 768, "walkingSeconds": 553, "band": 10}]}, "geometry": {"type": "Point", "coordinates": [-122.3190079, 47.6127663]}}, {"type": "Feature", "properties": {"id": "1105dffb-ffb9-4bde-9876-9d88954f635e", "name": "Po Dog", "category": "restaurant", "tags": ["restaurant", "hot-dog", "hot", "dog"], "sources": ["overture"], "website": "http://www.podogs.com", "phone": "(206) 325-6055", "address": "1009 E Union St", "stations": [{"stopCode": 49, "lines": "1,2", "name": "Capitol Hill Station", "walkingMeters": 768, "walkingSeconds": 553, "band": 10}]}, "geometry": {"type": "Point", "coordinates": [-122.3189316, 47.6128349]}}, {"type": "Feature", "properties": {"id": "04b0926a-e625-457d-8bbf-6aea96ff4c9e", "name": "Davis & Hoffman Inc.", "category": "restaurant", "tags": ["restaurant"], "sources": ["overture"], "address": "1400 10th Ave", "stations": [{"stopCode": 49, "lines": "1,2", "name": "Capitol Hill Station", "walkingMeters": 869, "walkingSeconds": 649, "band": 10}]}, "geometry": {"type": "Point", "coordinates": [-122.3190384, 47.613102]}}, {"type": "Feature", "properties": {"id": "0aa2d633-80c7-4b20-9daa-352f70cef953", "name": "Soi Capitol Hill", "category": "restaurant", "tags": ["restaurant"], "sources": ["overture"], "website": "https://www.fernthaioncaphill.com", "address": "1400 10th Ave", "stations": [{"stopCode": 49, "lines": "1,2", "name": "Capitol Hill Station", "walkingMeters": 733, "walkingSeconds": 528, "band": 10}]}, "geometry": {"type": "Point", "coordinates": [-122.3190384, 47.613102]}}, {"type": "Feature", "properties": {"id": "f2d3c85a-fc48-425f-a2e8-f409056e23a8", "name": "Fern Thai Eatery and Bar", "category": "restaurant", "tags": ["restaurant", "thai", "asian"], "sources": ["overture"], "website": "http://www.fernthaioncaphill.com", "phone": "+12068586655", "address": "1400 10th Ave", "stations": [{"stopCode": 49, "lines": "1,2", "name": "Capitol Hill Station", "walkingMeters": 724, "walkingSeconds": 521, "band": 10}]}, "geometry": {"type": "Point", "coordinates": [-122.3192825, 47.612999]}}, {"type": "Feature", "properties": {"id": "374521e4-e903-4e58-81ff-fb5f7e8cbd97", "name": "Gokan Sushi & Katsu", "category": "restaurant", "tags": ["restaurant", "asian", "fusion", "sushi"], "sources": ["overture"], "website": "http://www.thegokan.com/", "phone": "2063253534", "address": "954 E Union St", "stations": [{"stopCode": 49, "lines": "1,2", "name": "Capitol Hill Station", "walkingMeters": 699, "walkingSeconds": 504, "band": 10}]}, "geometry": {"type": "Point", "coordinates": [-122.3196335, 47.6131668]}}, {"type": "Feature", "properties": {"id": "03be92d6-7dc6-48b4-adcf-faea28d9a6b9", "name": "8 oz. Burger & Co", "category": "restaurant", "tags": ["restaurant", "burger", "american"], "sources": ["overture"], "website": "http://www.8ozburgerandco.com/", "phone": "+12065728504", "address": "1525 13th Ave", "stations": [{"stopCode": 49, "lines": "1,2", "name": "Capitol Hill Station", "walkingMeters": 796, "walkingSeconds": 573, "band": 10}]}, "geometry": {"type": "Point", "coordinates": [-122.3159409, 47.6149673]}}, {"type": "Feature", "properties": {"id": "e8d7b3cb-b466-4cda-8467-0386bc6d9e6c", "name": "Unicorn", "category": "bar", "tags": ["bar", "cocktail", "theme"], "sources": ["overture"], "website": "http://www.unicornseattle.com/", "phone": "+12063256492", "address": "1118 E Pike St", "stations": [{"stopCode": 49, "lines": "1,2", "name": "Capitol Hill Station", "walkingMeters": 743, "walkingSeconds": 534, "band": 10}]}, "geometry": {"type": "Point", "coordinates": [-122.3173141, 47.6141739]}}, {"type": "Feature", "properties": {"id": "5cb6170d-ea0e-4cda-afd4-eb6acee4f91b", "name": "Rancho Bravo Inc", "category": "restaurant", "tags": ["restaurant"], "sources": ["overture"], "address": "1001 E Pine St", "stations": [{"stopCode": 49, "lines": "1,2", "name": "Capitol Hill Station", "walkingMeters": 584, "walkingSeconds": 436, "band": 10}]}, "geometry": {"type": "Point", "coordinates": [-122.318985, 47.6151047]}}, {"type": "Feature", "properties": {"id": "c33a377a-77e5-481b-8e74-2d83050c4f3f", "name": "Teto\u2019s Cantina", "category": "restaurant", "tags": ["restaurant", "mexican"], "sources": ["overture"], "website": "https://www.tetoscantina.com", "address": "1001 E Pine St", "stations": [{"stopCode": 49, "lines": "1,2", "name": "Capitol Hill Station", "walkingMeters": 542, "walkingSeconds": 390, "band": 10}]}, "geometry": {"type": "Point", "coordinates": [-122.318985, 47.615097]}}, {"type": "Feature", "properties": {"id": "e9f35bef-c255-43b2-bdba-4af2ed3b4ee0", "name": "Rancho Bravo Tacos", "category": "restaurant", "tags": ["restaurant", "mexican"], "sources": ["overture"], "website": "http://www.ranchobravotacos.com/", "phone": "2063229399", "address": "1001 E Pine St", "stations": [{"stopCode": 49, "lines": "1,2", "name": "Capitol Hill Station", "walkingMeters": 534, "walkingSeconds": 384, "band": 10}]}, "geometry": {"type": "Point", "coordinates": [-122.3190918, 47.6150475]}}, {"type": "Feature", "properties": {"id": "f1025034-4ad8-4be3-b8c8-7ee132faee39", "name": "Art Table", "category": "restaurant", "tags": ["restaurant", "pub", "american"], "sources": ["overture"], "website": "https://arttableseattle.com/", "phone": "+12067553429", "address": "915 E Pine St 2nd Floor", "stations": [{"stopCode": 49, "lines": "1,2", "name": "Capitol Hill Station", "walkingMeters": 587, "walkingSeconds": 438, "band": 5}]}, "geometry": {"type": "Point", "coordinates": [-122.3198013, 47.6150055]}}, {"type": "Feature", "properties": {"id": "f0a3218f-4a67-415c-8985-d11b0b193257", "name": "Pizza Vita Llc", "category": "restaurant", "tags": ["restaurant"], "sources": ["overture"], "website": "http://www.pizza-vita.com", "address": "913 E Pike St", "stations": [{"stopCode": 49, "lines": "1,2", "name": "Capitol Hill Station", "walkingMeters": 742, "walkingSeconds": 554, "band": 10}]}, "geometry": {"type": "Point", "coordinates": [-122.3199005, 47.6139336]}}, {"type": "Feature", "properties": {"id": "2f545e7d-1cd6-46a3-be5e-377d0d6b5dac", "name": "Betsutenjin Ramen", "category": "restaurant", "tags": ["restaurant", "japanese", "asian", "noodles"], "sources": ["overture"], "website": "https://betsutenjinusa.com/", "phone": "+12064857367", "address": "954 E Union St", "stations": [{"stopCode": 49, "lines": "1,2", "name": "Capitol Hill Station", "walkingMeters": 670, "walkingSeconds": 483, "band": 10}]}, "geometry": {"type": "Point", "coordinates": [-122.3195419, 47.6133537]}}, {"type": "Feature", "properties": {"id": "e86ee1d9-c985-45bf-adbc-02ac249f3772", "name": "Pike Street Fish Fry", "category": "restaurant", "tags": ["restaurant", "fish-and-chips", "fish", "chips"], "sources": ["overture"], "website": "http://www.pikestfishfry.com", "phone": "(206) 329-7453", "address": "925 E Pike St", "stations": [{"stopCode": 49, "lines": "1,2", "name": "Capitol Hill Station", "walkingMeters": 615, "walkingSeconds": 443, "band": 10}]}, "geometry": {"type": "Point", "coordinates": [-122.3195343, 47.6138458]}}, {"type": "Feature", "properties": {"id": "adcf796f-8421-49bb-8909-0af3f626a0c0", "name": "Bok a Bok Chicken", "category": "restaurant", "tags": ["restaurant", "korean", "chicken", "asian"], "sources": ["overture"], "website": "http://www.bokabokchicken.com", "phone": "+12066695976", "address": "1427 10th Ave", "stations": [{"stopCode": 49, "lines": "1,2", "name": "Capitol Hill Station", "walkingMeters": 622, "walkingSeconds": 448, "band": 10}]}, "geometry": {"type": "Point", "coordinates": [-122.3195572, 47.6137886]}}, {"type": "Feature", "properties": {"id": "fdf988ce-ea1c-41bc-baaa-4cffd7900fb8", "name": "The Dollhouse", "category": "bar", "tags": ["bar"], "sources": ["overture"], "website": "https://www.instagram.com/dollhouse_seattle/", "phone": "+12068490592", "address": "1509 Broadway", "stations": [{"stopCode": 49, "lines": "1,2", "name": "Capitol Hill Station", "walkingMeters": 594, "walkingSeconds": 428, "band": 10}]}, "geometry": {"type": "Point", "coordinates": [-122.3198013, 47.6142387]}}, {"type": "Feature", "properties": {"id": "7ee4cd56-221c-4bea-ba1b-6778c950eca3", "name": "Sugar Nightclub", "category": "restaurant", "tags": ["restaurant"], "sources": ["overture"], "address": "916 E Pike St", "stations": [{"stopCode": 49, "lines": "1,2", "name": "Capitol Hill Station", "walkingMeters": 683, "walkingSeconds": 510, "band": 10}]}, "geometry": {"type": "Point", "coordinates": [-122.3198395, 47.6143379]}}, {"type": "Feature", "properties": {"id": "afe36364-51cf-4fd9-a2b9-b18722575b1d", "name": "Pike Pine Diner Llc", "category": "restaurant", "tags": ["restaurant"], "sources": ["overture"], "address": "1505 10th Ave", "stations": [{"stopCode": 49, "lines": "1,2", "name": "Capitol Hill Station", "walkingMeters": 702, "walkingSeconds": 524, "band": 10}]}, "geometry": {"type": "Point", "coordinates": [-122.3196335, 47.6142197]}}, {"type": "Feature", "properties": {"id": "2bd14c2b-0385-4218-87fd-fe94c9fa12bf", "name": "Lost Lake Cafe and Lounge", "category": "restaurant", "tags": ["restaurant", "diner", "american"], "sources": ["overture"], "website": "http://www.lostlakecafe.com/", "phone": "+12063235678", "address": "1505 10th Ave", "stations": [{"stopCode": 49, "lines": "1,2", "name": "Capitol Hill Station", "walkingMeters": 556, "walkingSeconds": 400, "band": 10}]}, "geometry": {"type": "Point", "coordinates": [-122.3195801, 47.6143684]}}, {"type": "Feature", "properties": {"id": "6e3598f2-33d9-4576-a988-2eba1d15d75f", "name": "Quinn's Pub", "category": "pub", "tags": ["pub"], "sources": ["overture"], "website": "http://www.quinnspubseattle.com", "phone": "+12063257711", "address": "1001 E Pike St", "stations": [{"stopCode": 49, "lines": "1,2", "name": "Capitol Hill Station", "walkingMeters": 620, "walkingSeconds": 446, "band": 10}]}, "geometry": {"type": "Point", "coordinates": [-122.3192444, 47.6140289]}}, {"type": "Feature", "properties": {"id": "29441f70-c569-4094-987a-e0adf277bcc0", "name": "Mof Express Llc", "category": "restaurant", "tags": ["restaurant"], "sources": ["overture"], "address": "1508 10th Ave", "stations": [{"stopCode": 49, "lines": "1,2", "name": "Capitol Hill Station", "walkingMeters": 707, "walkingSeconds": 528, "band": 10}]}, "geometry": {"type": "Point", "coordinates": [-122.3193054, 47.6142082]}}, {"type": "Feature", "properties": {"id": "9c600990-c8a6-4973-88b1-aa06528a01e8", "name": "The Vip Room At Neumo's", "category": "bar", "tags": ["bar"], "sources": ["overture"], "phone": "+12067099442", "address": "1424 10th Ave", "stations": [{"stopCode": 49, "lines": "1,2", "name": "Capitol Hill Station", "walkingMeters": 783, "walkingSeconds": 584, "band": 10}]}, "geometry": {"type": "Point", "coordinates": [-122.3191299, 47.6136932]}}, {"type": "Feature", "properties": {"id": "6d754683-f43d-4fa2-8290-48e6c8764d4d", "name": "C & P Restaurants Llc", "category": "restaurant", "tags": ["restaurant"], "sources": ["overture"], "address": "1001 E Pike St", "stations": [{"stopCode": 49, "lines": "1,2", "name": "Capitol Hill Station", "walkingMeters": 757, "walkingSeconds": 565, "band": 10}]}, "geometry": {"type": "Point", "coordinates": [-122.3192215, 47.6138611]}}, {"type": "Feature", "properties": {"id": "fad6d7c6-0f54-4a4b-87f7-3ab9e7486f07", "name": "Sweet Iron", "category": "restaurant", "tags": ["restaurant", "belgian", "breakfast-and-brunch", "waffle"], "sources": ["overture"], "website": "https://sweetironwaffles.com/pages/locations", "phone": "2065880184", "address": "1416 10th Ave", "stations": [{"stopCode": 49, "lines": "1,2", "name": "Capitol Hill Station", "walkingMeters": 685, "walkingSeconds": 493, "band": 10}]}, "geometry": {"type": "Point", "coordinates": [-122.3193207, 47.6133499]}}, {"type": "Feature", "properties": {"id": "d174b01a-3d49-4e39-a610-84e11a179b8c", "name": "Vellottis Pizza Llc", "category": "restaurant", "tags": ["restaurant"], "sources": ["overture"], "address": "1009 E Pike St", "stations": [{"stopCode": 49, "lines": "1,2", "name": "Capitol Hill Station", "walkingMeters": 777, "walkingSeconds": 580, "band": 10}]}, "geometry": {"type": "Point", "coordinates": [-122.3188782, 47.6137619]}}, {"type": "Feature", "properties": {"id": "26b14e6c-95fc-4541-b786-2b068ba26fe6", "name": "Amandine Bakeshop", "category": "bakery", "tags": ["bakery"], "sources": ["overture"], "website": "http://www.amandineseattle.com", "phone": "(206) 948-2097", "address": "1424 11th Ave", "stations": [{"stopCode": 49, "lines": "1,2", "name": "Capitol Hill Station", "walkingMeters": 756, "walkingSeconds": 544, "band": 10}]}, "geometry": {"type": "Point", "coordinates": [-122.3181839, 47.6135139]}}, {"type": "Feature", "properties": {"id": "176a8971-3ebe-4307-b697-07f7e660af88", "name": "Xom Capitol Hill", "category": "restaurant", "tags": ["restaurant", "vietnamese", "asian"], "sources": ["overture"], "website": "http://xomcapitolhill.com/", "phone": "+12062222662", "address": "1424 11th Ave", "stations": [{"stopCode": 49, "lines": "1,2", "name": "Capitol Hill Station", "walkingMeters": 746, "walkingSeconds": 537, "band": 10}]}, "geometry": {"type": "Point", "coordinates": [-122.3179703, 47.613678]}}, {"type": "Feature", "properties": {"id": "2b578d76-0fcf-4c91-a995-a693cdd5fa7a", "name": "Marmite", "category": "restaurant", "tags": ["restaurant", "french"], "sources": ["overture"], "website": "http://www.marmiteseattle.com", "phone": "(206) 755-8606", "address": "1424 11th Ave", "stations": [{"stopCode": 49, "lines": "1,2", "name": "Capitol Hill Station", "walkingMeters": 742, "walkingSeconds": 534, "band": 10}]}, "geometry": {"type": "Point", "coordinates": [-122.3180542, 47.6137047]}}, {"type": "Feature", "properties": {"id": "5b4c96bd-a799-4172-bd54-a60b0c4eede9", "name": "Blue Willow Tea Co", "category": "restaurant", "tags": ["restaurant"], "sources": ["overture"], "website": "https://bluewillowteashop.ca", "address": "1024 E Pike St", "stations": [{"stopCode": 49, "lines": "1,2", "name": "Capitol Hill Station", "walkingMeters": 703, "walkingSeconds": 525, "band": 10}]}, "geometry": {"type": "Point", "coordinates": [-122.3184204, 47.6143494]}}, {"type": "Feature", "properties": {"id": "c7f282eb-1536-45dd-b84a-f8f4cd026da9", "name": "Stout", "category": "bar", "tags": ["bar"], "sources": ["overture"], "website": "http://www.stoutpubs.com", "phone": "(206) 397-3825", "address": "1530 11th Ave", "stations": [{"stopCode": 49, "lines": "1,2", "name": "Capitol Hill Station", "walkingMeters": 588, "walkingSeconds": 423, "band": 10}]}, "geometry": {"type": "Point", "coordinates": [-122.3180542, 47.6151085]}}, {"type": "Feature", "properties": {"id": "47437136-2264-4c16-bf6b-729512802170", "name": "Queer/Bar", "category": "bar", "tags": ["bar", "gay"], "sources": ["overture"], "website": "http://thequeerbar.com/", "address": "1518 11th Ave", "stations": [{"stopCode": 49, "lines": "1,2", "name": "Capitol Hill Station", "walkingMeters": 623, "walkingSeconds": 448, "band": 10}]}, "geometry": {"type": "Point", "coordinates": [-122.3180847, 47.6147919]}}, {"type": "Feature", "properties": {"id": "66449e9d-cb83-4ca0-ab78-d83317908883", "name": "Baby Baby Bar Food", "category": "restaurant", "tags": ["restaurant", "comfort-food", "comfort", "food", "american"], "sources": ["overture"], "website": "http://babybabybarfood.com/", "phone": "+12066190138", "address": "1518 11th Ave", "stations": [{"stopCode": 49, "lines": "1,2", "name": "Capitol Hill Station", "walkingMeters": 623, "walkingSeconds": 448, "band": 10}]}, "geometry": {"type": "Point", "coordinates": [-122.3179779, 47.6147957]}}, {"type": "Feature", "properties": {"id": "38948552-0583-4280-a12a-59a62c635168", "name": "Purr Cocktail Lounge", "category": "bar", "tags": ["bar", "gay"], "sources": ["overture"], "website": "http://www.purrseattle.com/", "phone": "(206) 325-3112", "address": "1518 11th Ave", "stations": [{"stopCode": 49, "lines": "1,2", "name": "Capitol Hill Station", "walkingMeters": 630, "walkingSeconds": 453, "band": 10}]}, "geometry": {"type": "Point", "coordinates": [-122.3179932, 47.6147346]}}, {"type": "Feature", "properties": {"id": "ea9d6b23-4bc5-4d6a-9c4b-2305d3e71b7b", "name": "Mt. Joy", "category": "restaurant", "tags": ["restaurant", "chicken"], "sources": ["overture"], "website": "https://mtjoy.com", "address": "1530 11th Ave", "stations": [{"stopCode": 49, "lines": "1,2", "name": "Capitol Hill Station", "walkingMeters": 667, "walkingSeconds": 498, "band": 10}]}, "geometry": {"type": "Point", "coordinates": [-122.3180847, 47.6146698]}}, {"type": "Feature", "properties": {"id": "1ef10ceb-1a1d-4d72-9e65-8d4e6e409551", "name": "Guild Seattle", "category": "restaurant", "tags": ["restaurant"], "sources": ["overture"], "address": "1520 11th Ave", "stations": [{"stopCode": 49, "lines": "1,2", "name": "Capitol Hill Station", "walkingMeters": 657, "walkingSeconds": 490, "band": 10}]}, "geometry": {"type": "Point", "coordinates": [-122.3179626, 47.6147728]}}, {"type": "Feature", "properties": {"id": "0f4e5d99-6f73-4b53-9c9f-11313f27d2b8", "name": "The Mystic Motel", "category": "bar", "tags": ["bar", "cocktail", "theme"], "sources": ["overture"], "website": "http://themysticmotel.com/", "address": "1512 11th Ave", "stations": [{"stopCode": 49, "lines": "1,2", "name": "Capitol Hill Station", "walkingMeters": 646, "walkingSeconds": 464, "band": 10}]}, "geometry": {"type": "Point", "coordinates": [-122.3178024, 47.6145897]}}, {"type": "Feature", "properties": {"id": "b75d3163-5885-49e3-818c-2fb292e7aaec", "name": "Christmas Dive Bar", "category": "bar", "tags": ["bar", "dive"], "sources": ["overture"], "website": "http://christmasdivebar.com/", "address": "1512 11th Ave", "stations": [{"stopCode": 49, "lines": "1,2", "name": "Capitol Hill Station", "walkingMeters": 687, "walkingSeconds": 513, "band": 10}]}, "geometry": {"type": "Point", "coordinates": [-122.3177948, 47.6145935]}}, {"type": "Feature", "properties": {"id": "1a43aa27-7258-4e05-bd1a-09f9a2650163", "name": "Matcha Magic Capitol Hill", "category": "cafe", "tags": ["cafe", "tea", "room"], "sources": ["overture"], "website": "https://www.itsmatchamagic.com/", "phone": "+12065032196", "address": "1530 11th Ave", "stations": [{"stopCode": 49, "lines": "1,2", "name": "Capitol Hill Station", "walkingMeters": 634, "walkingSeconds": 473, "band": 10}]}, "geometry": {"type": "Point", "coordinates": [-122.317955, 47.6149445]}}, {"type": "Feature", "properties": {"id": "7fb5e328-fb66-4395-aa4b-87ade9bbdd19", "name": "Dirty Dog", "category": "restaurant", "tags": ["restaurant", "hot-dog", "hot", "dog"], "sources": ["overture"], "website": "https://www.dirtydoghotdog.com", "phone": "12067788402", "address": "1110 E Pine St", "stations": [{"stopCode": 49, "lines": "1,2", "name": "Capitol Hill Station", "walkingMeters": 607, "walkingSeconds": 437, "band": 10}]}, "geometry": {"type": "Point", "coordinates": [-122.317543, 47.6156502]}}, {"type": "Feature", "properties": {"id": "2692ba2b-eef4-4088-b0e8-22356935386f", "name": "Octo Sushi", "category": "restaurant", "tags": ["restaurant", "sushi"], "sources": ["overture"], "website": "http://www.octosushi.com", "phone": "(206) 805-8998", "address": "1621 12th Ave #102", "stations": [{"stopCode": 49, "lines": "1,2", "name": "Capitol Hill Station", "walkingMeters": 586, "walkingSeconds": 422, "band": 10}]}, "geometry": {"type": "Point", "coordinates": [-122.3172379, 47.6158485]}}, {"type": "Feature", "properties": {"id": "83517de8-4fca-429f-9e0a-8944f92170b4", "name": "Karachi Cowboys", "category": "restaurant", "tags": ["restaurant"], "sources": ["overture"], "website": "https://karachicowboys.com", "address": "1517 12th Ave  Ste 100", "stations": [{"stopCode": 49, "lines": "1,2", "name": "Capitol Hill Station", "walkingMeters": 706, "walkingSeconds": 527, "band": 10}]}, "geometry": {"type": "Point", "coordinates": [-122.3172531, 47.6145935]}}, {"type": "Feature", "properties": {"id": "8d5c525e-0fa7-44d8-8d5e-bb61a154a3f3", "name": "Boom Noodle", "category": "restaurant", "tags": ["restaurant", "japanese"], "sources": ["overture"], "website": "http://www.boomnoodle.com", "phone": "(206) 701-9130", "address": "1121 E Pike St", "stations": [{"stopCode": 49, "lines": "1,2", "name": "Capitol Hill Station", "walkingMeters": 802, "walkingSeconds": 577, "band": 10}]}, "geometry": {"type": "Point", "coordinates": [-122.3171692, 47.6138992]}}, {"type": "Feature", "properties": {"id": "54596cdc-2347-48d7-918f-4ee55dcd57dc", "name": "kaisho", "category": "bar", "tags": ["bar"], "sources": ["overture"], "website": "http://www.kaishorestaurant.com", "phone": "(206) 701-9130", "address": "1121 E Pike St", "stations": [{"stopCode": 49, "lines": "1,2", "name": "Capitol Hill Station", "walkingMeters": 762, "walkingSeconds": 548, "band": 10}]}, "geometry": {"type": "Point", "coordinates": [-122.3173218, 47.613945]}}, {"type": "Feature", "properties": {"id": "7b3299f3-92ee-427a-90f9-e35044f46914", "name": "Dig Collective Llc", "category": "restaurant", "tags": ["restaurant"], "sources": ["overture"], "address": "1122 E Pike St PMB 743", "stations": [{"stopCode": 49, "lines": "1,2", "name": "Capitol Hill Station", "walkingMeters": 749, "walkingSeconds": 559, "band": 10}]}, "geometry": {"type": "Point", "coordinates": [-122.3172607, 47.6142693]}}, {"type": "Feature", "properties": {"id": "70a6b737-bb31-4e74-a209-47de6d888c06", "name": "Exclusive Towncar Service Llc", "category": "restaurant", "tags": ["restaurant"], "sources": ["overture"], "address": "1122 E Pike St PMB 1093", "stations": [{"stopCode": 49, "lines": "1,2", "name": "Capitol Hill Station", "walkingMeters": 749, "walkingSeconds": 559, "band": 10}]}, "geometry": {"type": "Point", "coordinates": [-122.3172607, 47.6142693]}}, {"type": "Feature", "properties": {"id": "a03ea40e-8538-4859-8fda-c3866c8be5ec", "name": "Lil Woodys 2 Llc", "category": "restaurant", "tags": ["restaurant"], "sources": ["overture"], "address": "1122 E Pike St PMB 807", "stations": [{"stopCode": 49, "lines": "1,2", "name": "Capitol Hill Station", "walkingMeters": 749, "walkingSeconds": 559, "band": 10}]}, "geometry": {"type": "Point", "coordinates": [-122.3172607, 47.6142693]}}, {"type": "Feature", "properties": {"id": "b83d5f06-902e-4430-a27b-af27ab440797", "name": "Cafe Pettirosso", "category": "restaurant", "tags": ["restaurant", "breakfast-and-brunch", "breakfast", "brunch"], "sources": ["overture"], "website": "http://www.pettirossoseattle.com/", "phone": "2063242233", "address": "1101 E Pike St", "stations": [{"stopCode": 49, "lines": "1,2", "name": "Capitol Hill Station", "walkingMeters": 724, "walkingSeconds": 521, "band": 10}]}, "geometry": {"type": "Point", "coordinates": [-122.317894, 47.6140976]}}, {"type": "Feature", "properties": {"id": "60818fa4-f0f1-42d9-8247-bba83d24d2ce", "name": "Gemini Room", "category": "cafe", "tags": ["cafe"], "sources": ["overture"], "website": "http://thegeminiroom.com/", "phone": "+12064208192", "address": "1101 E Pike St", "stations": [{"stopCode": 49, "lines": "1,2", "name": "Capitol Hill Station", "walkingMeters": 724, "walkingSeconds": 521, "band": 10}]}, "geometry": {"type": "Point", "coordinates": [-122.3179398, 47.6138687]}}, {"type": "Feature", "properties": {"id": "a16918bf-10c9-42a0-a47e-67aac101b154", "name": "La Dispensa", "category": "restaurant", "tags": ["restaurant", "italian"], "sources": ["overture"], "website": "https://www.ladispensaseattle.com", "stations": [{"stopCode": 49, "lines": "1,2", "name": "Capitol Hill Station", "walkingMeters": 819, "walkingSeconds": 589, "band": 10}]}, "geometry": {"type": "Point", "coordinates": [-122.3176651, 47.6136055]}}, {"type": "Feature", "properties": {"id": "9e8174ac-986d-41d4-98e1-61e85a8ea543", "name": "Spirit in the Bottle", "category": "bar", "tags": ["bar", "cocktail"], "sources": ["overture"], "website": "http://www.marmiteseattle.com/home.html", "phone": "(206) 755-8606", "address": "1424 11th Ave", "stations": [{"stopCode": 49, "lines": "1,2", "name": "Capitol Hill Station", "walkingMeters": 758, "walkingSeconds": 545, "band": 10}]}, "geometry": {"type": "Point", "coordinates": [-122.3177338, 47.6137085]}}, {"type": "Feature", "properties": {"id": "1a2b2513-0b6a-4f53-933e-527d8724ded8", "name": "Chophouse Row", "category": "restaurant", "tags": ["restaurant"], "sources": ["overture"], "website": "http://www.chophouserow.com/", "phone": "+12063240637", "address": "1424 11th Ave", "stations": [{"stopCode": 49, "lines": "1,2", "name": "Capitol Hill Station", "walkingMeters": 741, "walkingSeconds": 533, "band": 10}]}, "geometry": {"type": "Point", "coordinates": [-122.317955, 47.6137276]}}, {"type": "Feature", "properties": {"id": "1ddf15ef-5095-49c3-bf2c-ebe10d30f257", "name": "Chop Shop Cafe & Bar", "category": "restaurant", "tags": ["restaurant", "american"], "sources": ["overture"], "website": "http://chopshopseattle.com", "phone": "(206) 535-8541", "address": "1424 11th Ave", "stations": [{"stopCode": 49, "lines": "1,2", "name": "Capitol Hill Station", "walkingMeters": 754, "walkingSeconds": 543, "band": 10}]}, "geometry": {"type": "Point", "coordinates": [-122.3177795, 47.6136703]}}, {"type": "Feature", "properties": {"id": "00b0eb80-c5ed-416d-b0ba-2103ca8b134c", "name": "Upper Bar Ferdinand", "category": "bar", "tags": ["bar", "wine"], "sources": ["overture"], "website": "http://www.barferdinandseattle.com", "phone": "(206) 693-2434", "address": "1424 11th Ave", "stations": [{"stopCode": 49, "lines": "1,2", "name": "Capitol Hill Station", "walkingMeters": 754, "walkingSeconds": 543, "band": 10}]}, "geometry": {"type": "Point", "coordinates": [-122.3177795, 47.6136703]}}, {"type": "Feature", "properties": {"id": "c408d5a1-b489-42a5-ba39-2b2d5ae7568d", "name": "Good Weather Bicycle & Cafe", "category": "bar", "tags": ["bar", "beer"], "sources": ["overture"], "website": "http://goodweatherinseattle.com", "phone": "(206) 552-9864", "address": "1424 11th Ave", "stations": [{"stopCode": 49, "lines": "1,2", "name": "Capitol Hill Station", "walkingMeters": 788, "walkingSeconds": 567, "band": 10}]}, "geometry": {"type": "Point", "coordinates": [-122.317337, 47.6137009]}}, {"type": "Feature", "properties": {"id": "cf438b70-49c8-4144-92b1-5a7f4f1c1b33", "name": "Manhattan", "category": "restaurant", "tags": ["restaurant", "american"], "sources": ["overture"], "website": "http://www.manhattanseattle.com", "phone": "(206) 325-6574", "address": "1419 12th Ave", "stations": [{"stopCode": 49, "lines": "1,2", "name": "Capitol Hill Station", "walkingMeters": 829, "walkingSeconds": 596, "band": 10}]}, "geometry": {"type": "Point", "coordinates": [-122.3171387, 47.6136322]}}, {"type": "Feature", "properties": {"id": "50084cf6-2777-444e-b59a-6256d848e81f", "name": "Plum Burgers", "category": "fast_food", "tags": ["fast-food", "food", "truck"], "sources": ["overture"], "website": "http://www.plumbistro.com", "phone": "+12063052657", "address": "1429 12th Ave", "stations": [{"stopCode": 49, "lines": "1,2", "name": "Capitol Hill Station", "walkingMeters": 825, "walkingSeconds": 616, "band": 10}]}, "geometry": {"type": "Point", "coordinates": [-122.3170319, 47.6137695]}}, {"type": "Feature", "properties": {"id": "7c461a4d-b6a9-401d-9d0b-d12817656dad", "name": "Plum Bistro", "category": "restaurant", "tags": ["restaurant", "vegan"], "sources": ["overture"], "website": "http://www.plumbistro.com", "phone": "12068385333", "address": "1429 12th Ave", "stations": [{"stopCode": 49, "lines": "1,2", "name": "Capitol Hill Station", "walkingMeters": 810, "walkingSeconds": 583, "band": 10}]}, "geometry": {"type": "Point", "coordinates": [-122.3170319, 47.6137695]}}, {"type": "Feature", "properties": {"id": "b6045dcf-0dda-4cbd-b484-1ee9fdda58c0", "name": "Hillside Quickies Cafe", "category": "fast_food", "tags": ["fast-food", "food", "truck"], "sources": ["overture"], "website": "http://www.plumbistro.com", "phone": "+12068385333", "address": "1429 12th Ave", "stations": [{"stopCode": 49, "lines": "1,2", "name": "Capitol Hill Station", "walkingMeters": 825, "walkingSeconds": 616, "band": 10}]}, "geometry": {"type": "Point", "coordinates": [-122.3170319, 47.6137695]}}, {"type": "Feature", "properties": {"id": "f1b90f7d-11c7-474f-a310-c51f16032ac2", "name": "Quickie Stores Inc", "category": "restaurant", "tags": ["restaurant"], "sources": ["overture"], "website": "http://quickiestores.com", "address": "1419 12th Ave", "stations": [{"stopCode": 49, "lines": "1,2", "name": "Capitol Hill Station", "walkingMeters": 837, "walkingSeconds": 625, "band": 10}]}, "geometry": {"type": "Point", "coordinates": [-122.31707, 47.6136703]}}, {"type": "Feature", "properties": {"id": "3aa919cf-3a87-4809-b678-f1b31a09d153", "name": "The Old Sage", "category": "bar", "tags": ["bar", "wine"], "sources": ["overture"], "website": "http://theoldsageseattle.com", "phone": "(206) 557-7430", "address": "1410 12th Ave", "stations": [{"stopCode": 49, "lines": "1,2", "name": "Capitol Hill Station", "walkingMeters": 892, "walkingSeconds": 642, "band": 10}]}, "geometry": {"type": "Point", "coordinates": [-122.3166275, 47.6132622]}}, {"type": "Feature", "properties": {"id": "54e687ea-90e9-46d0-bdd4-bfb69ea9cde0", "name": "The Needle & Thread", "category": "bar", "tags": ["bar", "cocktail"], "sources": ["overture"], "website": "http://www.tavernlaw.com/", "phone": "+12063250133", "address": "1406 12th Ave", "stations": [{"stopCode": 49, "lines": "1,2", "name": "Capitol Hill Station", "walkingMeters": 894, "walkingSeconds": 643, "band": 10}]}, "geometry": {"type": "Point", "coordinates": [-122.3166199, 47.6132469]}}, {"type": "Feature", "properties": {"id": "a8e0a9bb-6fad-403e-926e-80d610ae6bde", "name": "Jp Unlimited Inc", "category": "restaurant", "tags": ["restaurant"], "sources": ["overture"], "address": "1410 12th Ave", "stations": [{"stopCode": 49, "lines": "1,2", "name": "Capitol Hill Station", "walkingMeters": 889, "walkingSeconds": 663, "band": 10}]}, "geometry": {"type": "Point", "coordinates": [-122.3166046, 47.6134071]}}, {"type": "Feature", "properties": {"id": "4bd1de33-3474-4570-a2c3-a906cac59860", "name": "Design Elements Inc Dba Dei Creative", "category": "restaurant", "tags": ["restaurant"], "sources": ["overture"], "address": "1205 E Pike St Ste 2a", "stations": [{"stopCode": 49, "lines": "1,2", "name": "Capitol Hill Station", "walkingMeters": 828, "walkingSeconds": 618, "band": 10}]}, "geometry": {"type": "Point", "coordinates": [-122.3164291, 47.6139221]}}, {"type": "Feature", "properties": {"id": "a40dbf8b-435f-422e-afd7-03294b135138", "name": "Mint & Martini - Indian Restaurant", "category": "restaurant", "tags": ["restaurant", "indian"], "sources": ["overture"], "website": "https://mintandmartiniseattle.com/", "phone": "+12065882538", "address": "1420 12th Ave", "stations": [{"stopCode": 49, "lines": "1,2", "name": "Capitol Hill Station", "walkingMeters": 852, "walkingSeconds": 636, "band": 10}]}, "geometry": {"type": "Point", "coordinates": [-122.3165207, 47.6137085]}}, {"type": "Feature", "properties": {"id": "628f3daa-6b90-4612-b0ca-9d821d7ce2bb", "name": "Barrio Mexican Kitchen & Bar", "category": "bar", "tags": ["bar", "mexican"], "sources": ["overture"], "website": "http://www.barriorestaurant.com/", "phone": "2065888105", "address": "1420 12th Ave", "stations": [{"stopCode": 49, "lines": "1,2", "name": "Capitol Hill Station", "walkingMeters": 846, "walkingSeconds": 608, "band": 10}]}, "geometry": {"type": "Point", "coordinates": [-122.3164825, 47.6137428]}}, {"type": "Feature", "properties": {"id": "eacf5f1b-90fb-4c76-8aa0-027add374c41", "name": "Footprint Wine Tap", "category": "bar", "tags": ["bar", "wine"], "sources": ["overture"], "website": "https://footprintwine.com/", "phone": "+12064857175", "address": "1222 E Madison St Ste c", "stations": [{"stopCode": 49, "lines": "1,2", "name": "Capitol Hill Station", "walkingMeters": 979, "walkingSeconds": 704, "band": 15}]}, "geometry": {"type": "Point", "coordinates": [-122.3158417, 47.6132813]}}, {"type": "Feature", "properties": {"id": "0121e273-d4b8-407e-b07f-eea388d47594", "name": "Flight Wine + Chocolate", "category": "bar", "tags": ["bar", "wine"], "sources": ["overture"], "website": "http://www.flightwineandchocolate.com/", "phone": "+12067126919", "address": "1300 E Pike St", "stations": [{"stopCode": 49, "lines": "1,2", "name": "Capitol Hill Station", "walkingMeters": 863, "walkingSeconds": 621, "band": 10}]}, "geometry": {"type": "Point", "coordinates": [-122.3153152, 47.6143837]}}, {"type": "Feature", "properties": {"id": "5c54236e-6f32-48ff-af5e-48226dfdeb50", "name": "Elysian Capitol Hill Brewery", "category": "bar", "tags": ["bar", "brewery"], "sources": ["overture"], "website": "http://www.elysianbrewing.com", "phone": "+12069069148", "address": "1221 E Pike St", "stations": [{"stopCode": 49, "lines": "1,2", "name": "Capitol Hill Station", "walkingMeters": 878, "walkingSeconds": 632, "band": 10}]}, "geometry": {"type": "Point", "coordinates": [-122.3157806, 47.6139526]}}, {"type": "Feature", "properties": {"id": "5abcdd4d-231a-48b7-946e-30b109a53cd3", "name": "Hot Dogs Perrones", "category": "restaurant", "tags": ["restaurant", "hot-dog", "hot", "dog", "american"], "sources": ["overture"], "website": "http://www.hotdogsperrones.com/", "phone": "+12067053925", "address": "1525 13th Ave", "stations": [{"stopCode": 49, "lines": "1,2", "name": "Capitol Hill Station", "walkingMeters": 796, "walkingSeconds": 572, "band": 10}]}, "geometry": {"type": "Point", "coordinates": [-122.3159332, 47.6149673]}}, {"type": "Feature", "properties": {"id": "e89e4d49-e3fc-4bac-b216-78415896a90b", "name": "CRAWFISH KING takeout/delivery", "category": "restaurant", "tags": ["restaurant", "cajun-and-creole", "cajun", "creole", "vietnamese", "seafood"], "sources": ["overture"], "website": "http://www.crawfishkingwa.com/", "phone": "+12064832458", "address": "1525 13th Ave", "stations": [{"stopCode": 49, "lines": "1,2", "name": "Capitol Hill Station", "walkingMeters": 723, "walkingSeconds": 540, "band": 10}]}, "geometry": {"type": "Point", "coordinates": [-122.3159409, 47.6149635]}}, {"type": "Feature", "properties": {"id": "aa058929-ee7f-4840-b5cb-cead43864861", "name": "Habichueca", "category": "restaurant", "tags": ["restaurant", "colombian", "latin-american"], "sources": ["overture"], "phone": "+12067053925", "address": "1525 13th Ave", "stations": [{"stopCode": 49, "lines": "1,2", "name": "Capitol Hill Station", "walkingMeters": 797, "walkingSeconds": 573, "band": 10}]}, "geometry": {"type": "Point", "coordinates": [-122.3159485, 47.6149559]}}, {"type": "Feature", "properties": {"id": "30474741-ea1f-47dc-b438-68010c3ee105", "name": "Ricardo's Mexican Food", "category": "restaurant", "tags": ["restaurant", "mexican", "latin-american", "taco"], "sources": ["overture"], "website": "http://ricardosmexicanfoodcaphill.com/", "phone": "+12069281164", "address": "1525 13th Ave", "stations": [{"stopCode": 49, "lines": "1,2", "name": "Capitol Hill Station", "walkingMeters": 796, "walkingSeconds": 572, "band": 10}]}, "geometry": {"type": "Point", "coordinates": [-122.3159332, 47.6149597]}}, {"type": "Feature", "properties": {"id": "ea2d277c-cfee-4108-a586-58fd59e2bce7", "name": "Goan Host Cuisine", "category": "restaurant", "tags": ["restaurant"], "sources": ["overture"], "website": "https://www.goanhostcuisinewa.com/?utm_source=bing&utm_medium=websiteurl&utm_campaign=search", "phone": "2018502903", "address": "1525 13TH Ave Ste 107", "stations": [{"stopCode": 49, "lines": "1,2", "name": "Capitol Hill Station", "walkingMeters": 796, "walkingSeconds": 572, "band": 10}]}, "geometry": {"type": "Point", "coordinates": [-122.3159332, 47.6149597]}}, {"type": "Feature", "properties": {"id": "e0d4b61b-e06a-4973-929c-11c22b81047f", "name": "Ghana Fusions LLC", "category": "restaurant", "tags": ["restaurant", "african"], "sources": ["overture"], "website": "https://www.ghanafusions.com/", "phone": "+12532424287", "address": "1525 13th Ave", "stations": [{"stopCode": 49, "lines": "1,2", "name": "Capitol Hill Station", "walkingMeters": 796, "walkingSeconds": 573, "band": 10}]}, "geometry": {"type": "Point", "coordinates": [-122.3159103, 47.6149292]}}, {"type": "Feature", "properties": {"id": "5b099e0d-ca85-439d-b68b-6574c81bd733", "name": "The Guilt Trip Express", "category": "restaurant", "tags": ["restaurant", "indian"], "sources": ["overture"], "website": "http://theguilttriprestaurant.com/", "phone": "+12066785688", "address": "1525 13th Ave", "stations": [{"stopCode": 49, "lines": "1,2", "name": "Capitol Hill Station", "walkingMeters": 793, "walkingSeconds": 570, "band": 10}]}, "geometry": {"type": "Point", "coordinates": [-122.3158951, 47.6149178]}}, {"type": "Feature", "properties": {"id": "de4dc175-94e2-4da3-8948-8d1a7c8f9c6f", "name": "Halal Smash BRGR", "category": "restaurant", "tags": ["restaurant", "burger", "halal", "american"], "sources": ["overture"], "website": "http://linktr.ee/halalsmashbrgr", "phone": "+12062499902", "address": "1525 13th Ave", "stations": [{"stopCode": 49, "lines": "1,2", "name": "Capitol Hill Station", "walkingMeters": 792, "walkingSeconds": 570, "band": 10}]}, "geometry": {"type": "Point", "coordinates": [-122.3158875, 47.6149139]}}, {"type": "Feature", "properties": {"id": "0a3af622-fd52-4f53-a1c3-a1efbb951fa1", "name": "Ubuntu Bar & Grill", "category": "restaurant", "tags": ["restaurant", "bar-and-grill", "bar", "grill", "south-african", "african"], "sources": ["overture"], "address": "1525 13th Ave", "stations": [{"stopCode": 49, "lines": "1,2", "name": "Capitol Hill Station", "walkingMeters": 797, "walkingSeconds": 573, "band": 10}]}, "geometry": {"type": "Point", "coordinates": [-122.3157501, 47.6149559]}}, {"type": "Feature", "properties": {"id": "a346096d-4a20-47a7-a5b7-63f6201bd136", "name": "The Cuff Complex", "category": "bar", "tags": ["bar"], "sources": ["overture"], "website": "http://www.cuffcomplex.com/", "phone": "+12063231525", "address": "1533 13th Ave", "stations": [{"stopCode": 49, "lines": "1,2", "name": "Capitol Hill Station", "walkingMeters": 768, "walkingSeconds": 552, "band": 10}]}, "geometry": {"type": "Point", "coordinates": [-122.3157349, 47.6151085]}}, {"type": "Feature", "properties": {"id": "2db0172b-2e3f-43f8-be9d-cd334fbd19ca", "name": "Manao Thai Street Eats", "category": "restaurant", "tags": ["restaurant", "thai", "asian"], "sources": ["overture"], "website": "https://linktr.ee/manaoseattle", "phone": "+12065562964", "address": "1222 E Pine St", "stations": [{"stopCode": 49, "lines": "1,2", "name": "Capitol Hill Station", "walkingMeters": 734, "walkingSeconds": 528, "band": 10}]}, "geometry": {"type": "Point", "coordinates": [-122.3157501, 47.6153412]}}, {"type": "Feature", "properties": {"id": "8c37a753-e58a-4ce0-861d-694c0e5a84ec", "name": "Udon Fresh Japane", "category": "restaurant", "tags": ["restaurant", "japanese"], "sources": ["overture"], "website": "http://freshudon.com/", "phone": "+12064661471", "address": "1640 12th Ave", "stations": [{"stopCode": 49, "lines": "1,2", "name": "Capitol Hill Station", "walkingMeters": 586, "walkingSeconds": 437, "band": 10}]}, "geometry": {"type": "Point", "coordinates": [-122.316452, 47.6158867]}}, {"type": "Feature", "properties": {"id": "16a0944a-edb5-4b5c-ae96-13cc44353c63", "name": "Rachel\u2019s Ginger Beer - 12th Ave Arts", "category": "bar", "tags": ["bar"], "sources": ["overture"], "website": "rachelsgingerbeer.com", "address": "1610 12th Ave", "stations": [{"stopCode": 49, "lines": "1,2", "name": "Capitol Hill Station", "walkingMeters": 590, "walkingSeconds": 440, "band": 10}]}, "geometry": {"type": "Point", "coordinates": [-122.3164597, 47.6158447]}}, {"type": "Feature", "properties": {"id": "15488c3b-9b90-4945-b21e-9a3afb1c4d0f", "name": "Ramen DANBO Capitol Hill", "category": "restaurant", "tags": ["restaurant", "japanese", "asian", "noodles"], "sources": ["overture"], "website": "http://www.ramendanbo.com/", "address": "1222 E Pine St", "stations": [{"stopCode": 49, "lines": "1,2", "name": "Capitol Hill Station", "walkingMeters": 705, "walkingSeconds": 507, "band": 10}]}, "geometry": {"type": "Point", "coordinates": [-122.3160934, 47.6154022]}}, {"type": "Feature", "properties": {"id": "dcb0c26e-3f8d-4b0a-9d5d-6ecb859c57e0", "name": "Fat Tomato Pizza", "category": "restaurant", "tags": ["restaurant", "pizza"], "sources": ["overture"], "website": "http://gofattomato.com", "address": "1542 12th Ave", "stations": [{"stopCode": 49, "lines": "1,2", "name": "Capitol Hill Station", "walkingMeters": 696, "walkingSeconds": 500, "band": 10}]}, "geometry": {"type": "Point", "coordinates": [-122.3165359, 47.6150398]}}, {"type": "Feature", "properties": {"id": "16ac60e4-d37a-4b92-8622-7b983476026e", "name": "Gnocchi Bar", "category": "restaurant", "tags": ["restaurant", "italian"], "sources": ["overture"], "website": "http://www.gnocchibarseattle.com", "phone": "(206) 328-4285", "address": "1542 12th Ave", "stations": [{"stopCode": 49, "lines": "1,2", "name": "Capitol Hill Station", "walkingMeters": 697, "walkingSeconds": 501, "band": 10}]}, "geometry": {"type": "Point", "coordinates": [-122.3166809, 47.6150322]}}, {"type": "Feature", "properties": {"id": "871c2d53-17dd-4b12-ade8-0d98c6791b48", "name": "Momiji Capitol Hill", "category": "restaurant", "tags": ["restaurant", "japanese", "asian"], "sources": ["overture"], "website": "http://momijiseattle.com/", "phone": "+12064574068", "address": "1522 12th Ave", "stations": [{"stopCode": 49, "lines": "1,2", "name": "Capitol Hill Station", "walkingMeters": 721, "walkingSeconds": 518, "band": 10}]}, "geometry": {"type": "Point", "coordinates": [-122.3166656, 47.6148148]}}, {"type": "Feature", "properties": {"id": "3160043e-5f1a-42a0-8c48-5b8833b05180", "name": "Sunset Fried Chicken Sandwiches", "category": "restaurant", "tags": ["restaurant", "chicken"], "sources": ["overture"], "website": "http://sunsetfriedchicken.com", "address": "1610 12th Ave", "stations": [{"stopCode": 49, "lines": "1,2", "name": "Capitol Hill Station", "walkingMeters": 620, "walkingSeconds": 446, "band": 10}]}, "geometry": {"type": "Point", "coordinates": [-122.3169098, 47.6156464]}}, {"type": "Feature", "properties": {"id": "4e3a8895-ebe4-4476-a757-a09df83472c5", "name": "Outer Planet Craft Brewing", "category": "bar", "tags": ["bar", "brewery"], "sources": ["overture"], "website": "https://www.outerplanetbrewing.com/", "phone": "+12067637000", "address": "1812 12th Ave #100", "stations": [{"stopCode": 49, "lines": "1,2", "name": "Capitol Hill Station", "walkingMeters": 367, "walkingSeconds": 264, "band": 5}]}, "geometry": {"type": "Point", "coordinates": [-122.3167877, 47.6180191]}}, {"type": "Feature", "properties": {"id": "2877f577-33a4-4a16-8340-7c445d4c2158", "name": "Chungee's Eat 'n Drink", "category": "restaurant", "tags": ["restaurant", "chinese"], "sources": ["overture"], "website": "http://chungees.com", "phone": "(206) 323-1673", "address": "1830 12th Ave", "stations": [{"stopCode": 49, "lines": "1,2", "name": "Capitol Hill Station", "walkingMeters": 289, "walkingSeconds": 207, "band": 5}]}, "geometry": {"type": "Point", "coordinates": [-122.3168869, 47.6186371]}}, {"type": "Feature", "properties": {"id": "3ae163df-1bfc-446c-8bc9-f7e9b03004cb", "name": "Bite of Greece Seattle", "category": "restaurant", "tags": ["restaurant", "greek", "mediterranean", "european"], "sources": ["overture"], "website": "http://www.biteofgreeceseattle.com/", "phone": "+12063238557", "address": "1804 13th Ave", "stations": [{"stopCode": 49, "lines": "1,2", "name": "Capitol Hill Station", "walkingMeters": 477, "walkingSeconds": 342, "band": 10}]}, "geometry": {"type": "Point", "coordinates": [-122.3152847, 47.6179314]}}, {"type": "Feature", "properties": {"id": "670d6531-6457-4d16-810e-696a978261f3", "name": "Poco Bar & Lounge", "category": "bar", "tags": ["bar"], "sources": ["overture"], "website": "http://pocowineroom.com/", "phone": "+12068299474", "address": "1408 E Pine St", "stations": [{"stopCode": 49, "lines": "1,2", "name": "Capitol Hill Station", "walkingMeters": 896, "walkingSeconds": 644, "band": 15}]}, "geometry": {"type": "Point", "coordinates": [-122.3135605, 47.6153641]}}, {"type": "Feature", "properties": {"id": "c08195cd-02ad-4872-a168-3c405bcd36e9", "name": "RAKU Shabu Shabu House", "category": "restaurant", "tags": ["restaurant", "japanese", "chinese", "asian"], "sources": ["overture"], "phone": "+12067395998", "address": "1404 E Pine St", "stations": [{"stopCode": 49, "lines": "1,2", "name": "Capitol Hill Station", "walkingMeters": 803, "walkingSeconds": 599, "band": 10}]}, "geometry": {"type": "Point", "coordinates": [-122.3140335, 47.6153755]}}, {"type": "Feature", "properties": {"id": "a9ad2863-e6ed-40da-99bf-aaa6e87c3598", "name": "Poco Wine + Spirits", "category": "bar", "tags": ["bar", "wine"], "sources": ["overture"], "website": "http://www.pocowineandspirits.com/", "phone": "2063229463", "address": "1408 E Pine St", "stations": [{"stopCode": 49, "lines": "1,2", "name": "Capitol Hill Station", "walkingMeters": 894, "walkingSeconds": 642, "band": 15}]}, "geometry": {"type": "Point", "coordinates": [-122.3137054, 47.6152725]}}, {"type": "Feature", "properties": {"id": "7ed90ba1-c902-4797-b268-f2287e38ad0c", "name": "Spinasse", "category": "restaurant", "tags": ["restaurant", "italian", "european"], "sources": ["overture"], "website": "http://www.spinasse.com/", "phone": "+12062517673", "address": "1531 14th Ave", "stations": [{"stopCode": 49, "lines": "1,2", "name": "Capitol Hill Station", "walkingMeters": 867, "walkingSeconds": 623, "band": 10}]}, "geometry": {"type": "Point", "coordinates": [-122.3144836, 47.6150894]}}, {"type": "Feature", "properties": {"id": "61685498-2b97-4b2f-b4ed-f0c17bbea597", "name": "Porchlight Coffee & Records", "category": "cafe", "tags": ["cafe"], "sources": ["overture"], "website": "http://www.porchlightcoffee.com/", "phone": "+16507816671", "address": "1517 14th Ave", "stations": [{"stopCode": 49, "lines": "1,2", "name": "Capitol Hill Station", "walkingMeters": 917, "walkingSeconds": 660, "band": 15}]}, "geometry": {"type": "Point", "coordinates": [-122.3143463, 47.6146431]}}, {"type": "Feature", "properties": {"id": "856e4afa-e6cd-4ad0-9813-14d1c1071f46", "name": "Tacos De La Noche", "category": "restaurant", "tags": ["restaurant", "mexican"], "sources": ["overture"], "website": "http://www.tacos-de-la-noche.business.site", "phone": "(206) 328-0888", "address": "1407 14th Ave", "stations": [{"stopCode": 49, "lines": "1,2", "name": "Capitol Hill Station", "walkingMeters": 1077, "walkingSeconds": 775, "band": 15}]}, "geometry": {"type": "Point", "coordinates": [-122.3145905, 47.6131897]}}, {"type": "Feature", "properties": {"id": "06d72526-b618-4b86-9e84-135ba481245f", "name": "Bar Sue", "category": "bar", "tags": ["bar", "southern"], "sources": ["overture"], "phone": "2063280888", "address": "1407 14th Ave", "stations": [{"stopCode": 49, "lines": "1,2", "name": "Capitol Hill Station", "walkingMeters": 1056, "walkingSeconds": 759, "band": 15}]}, "geometry": {"type": "Point", "coordinates": [-122.3144531, 47.6133499]}}, {"type": "Feature", "properties": {"id": "1ce73854-cf2c-4a3f-9e2b-1b3662c587f1", "name": "The Den", "category": "bar", "tags": ["bar", "cocktail"], "sources": ["overture"], "website": "http://www.chopsuey.com", "phone": "+12065380556", "address": "1325 E Madison St", "stations": [{"stopCode": 49, "lines": "1,2", "name": "Capitol Hill Station", "walkingMeters": 969, "walkingSeconds": 723, "band": 15}]}, "geometry": {"type": "Point", "coordinates": [-122.3144608, 47.6135826]}}, {"type": "Feature", "properties": {"id": "bc03a87d-b6af-43a7-b7ea-544fa005d6a0", "name": "Piecora's Pizzeria", "category": "restaurant", "tags": ["restaurant", "pizza"], "sources": ["overture"], "website": "http://piecoras.com", "phone": "(206) 322-9411", "address": "1401 E Madison St", "stations": [{"stopCode": 49, "lines": "1,2", "name": "Capitol Hill Station", "walkingMeters": 1022, "walkingSeconds": 735, "band": 15}]}, "geometry": {"type": "Point", "coordinates": [-122.3140945, 47.6138573]}}, {"type": "Feature", "properties": {"id": "c6ce8157-ad00-4422-a698-30b95780226d", "name": "Otherworld Wine Bar", "category": "bar", "tags": ["bar", "wine"], "sources": ["overture"], "website": "otherworld.space", "address": "1406 E Pike St", "stations": [{"stopCode": 49, "lines": "1,2", "name": "Capitol Hill Station", "walkingMeters": 915, "walkingSeconds": 683, "band": 15}]}, "geometry": {"type": "Point", "coordinates": [-122.3139496, 47.6143341]}}, {"type": "Feature", "properties": {"id": "a4ad9cdc-eb9f-4f50-bbcd-9917ddc35e64", "name": "Little Uncle", "category": "restaurant", "tags": ["restaurant", "thai"], "sources": ["overture"], "website": "http://littleuncleseattle.com/", "phone": "(206) 329-1503", "address": "1523 E Madison St", "stations": [{"stopCode": 49, "lines": "1,2", "name": "Capitol Hill Station", "walkingMeters": 1088, "walkingSeconds": 782, "band": 15}]}, "geometry": {"type": "Point", "coordinates": [-122.3116837, 47.6149902]}}, {"type": "Feature", "properties": {"id": "968c3789-0554-46c8-bfe3-95cb7b83bff6", "name": "Figurati Llc", "category": "restaurant", "tags": ["restaurant"], "sources": ["overture"], "address": "1546 15th Ave", "stations": [{"stopCode": 49, "lines": "1,2", "name": "Capitol Hill Station", "walkingMeters": 956, "walkingSeconds": 713, "band": 15}]}, "geometry": {"type": "Point", "coordinates": [-122.3126221, 47.6148529]}}, {"type": "Feature", "properties": {"id": "aa46e753-4943-4852-bf6e-80ceedfc5fc0", "name": "Healeo", "category": "restaurant", "tags": ["restaurant", "vegan"], "sources": ["overture"], "website": "http://www.healeo.com", "phone": "(206) 453-5066", "address": "1520 15th Ave", "stations": [{"stopCode": 49, "lines": "1,2", "name": "Capitol Hill Station", "walkingMeters": 1025, "walkingSeconds": 737, "band": 15}]}, "geometry": {"type": "Point", "coordinates": [-122.3126144, 47.6147881]}}, {"type": "Feature", "properties": {"id": "2a6c265c-86b9-4d6c-85b3-529a7cd81a7b", "name": "Anchovies & Olives", "category": "restaurant", "tags": ["restaurant", "seafood"], "sources": ["overture"], "phone": "2068388080", "address": "1550 15th Ave", "stations": [{"stopCode": 49, "lines": "1,2", "name": "Capitol Hill Station", "walkingMeters": 1011, "walkingSeconds": 727, "band": 15}]}, "geometry": {"type": "Point", "coordinates": [-122.3125458, 47.6149139]}}, {"type": "Feature", "properties": {"id": "99c5544c-7d54-464f-a41a-7c425630b139", "name": "Remedium Island Grill", "category": "restaurant", "tags": ["restaurant", "hawaiian"], "sources": ["overture"], "website": "https://www.remediumislandgrill.com", "phone": "(206) 240-2731", "address": "1449 E Pine St", "stations": [{"stopCode": 49, "lines": "1,2", "name": "Capitol Hill Station", "walkingMeters": 982, "walkingSeconds": 706, "band": 15}]}, "geometry": {"type": "Point", "coordinates": [-122.3131027, 47.6150246]}}, {"type": "Feature", "properties": {"id": "ce8ed99a-cd0e-44cc-a646-901a8916bce2", "name": "Kedai Makan Capitol Hill", "category": "restaurant", "tags": ["restaurant", "malaysian", "asian"], "sources": ["overture"], "website": "http://kedaimakansea.com/", "phone": "+12065353562", "address": "1449 E Pine St", "stations": [{"stopCode": 49, "lines": "1,2", "name": "Capitol Hill Station", "walkingMeters": 896, "walkingSeconds": 669, "band": 15}]}, "geometry": {"type": "Point", "coordinates": [-122.3130341, 47.6151695]}}, {"type": "Feature", "properties": {"id": "14ab8cf1-5990-417a-9f2c-e7683fb6cc20", "name": "Adana", "category": "restaurant", "tags": ["restaurant", "comfort-food", "comfort", "food", "asian"], "sources": ["overture"], "website": "http://www.adanaseattle.com/#!", "phone": "2062945230", "address": "1449 E Pine St", "stations": [{"stopCode": 49, "lines": "1,2", "name": "Capitol Hill Station", "walkingMeters": 952, "walkingSeconds": 685, "band": 15}]}, "geometry": {"type": "Point", "coordinates": [-122.3130264, 47.6152267]}}, {"type": "Feature", "properties": {"id": "61c89786-385f-4017-b604-2e10c07eece8", "name": "Le Zinc Restaurant & Bar", "category": "restaurant", "tags": ["restaurant", "french"], "sources": ["overture"], "website": "https://le-zn.com", "phone": "2062574151", "address": "1449 E Pine St", "stations": [{"stopCode": 49, "lines": "1,2", "name": "Capitol Hill Station", "walkingMeters": 937, "walkingSeconds": 673, "band": 15}]}, "geometry": {"type": "Point", "coordinates": [-122.3131485, 47.6151543]}}, {"type": "Feature", "properties": {"id": "44be625a-21e0-4028-ac06-a17ae714d1c7", "name": "Money Frog", "category": "restaurant", "tags": ["restaurant", "asian", "fusion"], "sources": ["overture"], "website": "https://www.moneyfrogseattle.com", "address": "1449 E Pine St", "stations": [{"stopCode": 49, "lines": "1,2", "name": "Capitol Hill Station", "walkingMeters": 889, "walkingSeconds": 663, "band": 15}]}, "geometry": {"type": "Point", "coordinates": [-122.3131485, 47.6151543]}}, {"type": "Feature", "properties": {"id": "a98fb2b2-da41-4a28-acf6-0b448620b6d7", "name": "naka", "category": "restaurant", "tags": ["restaurant", "japanese"], "sources": ["overture"], "website": "http://nakaseattle.com", "phone": "(206) 294-5230", "address": "1449 E Pine St", "stations": [{"stopCode": 49, "lines": "1,2", "name": "Capitol Hill Station", "walkingMeters": 940, "walkingSeconds": 676, "band": 15}]}, "geometry": {"type": "Point", "coordinates": [-122.3131866, 47.6151047]}}, {"type": "Feature", "properties": {"id": "a72d36ad-0dfc-4dfe-a64a-41ee88a6f96b", "name": "Kobuta & Ookami Katsu and sake house", "category": "restaurant", "tags": ["restaurant", "japanese", "asian"], "sources": ["overture"], "website": "https://www.kobutaandookami.com", "phone": "+12067087856", "address": "121 15th Ave E", "stations": [{"stopCode": 49, "lines": "1,2", "name": "Capitol Hill Station", "walkingMeters": 675, "walkingSeconds": 484, "band": 10}]}, "geometry": {"type": "Point", "coordinates": [-122.3129272, 47.6192932]}}, {"type": "Feature", "properties": {"id": "f9893126-4f29-44b1-a680-a6b2885d3713", "name": "Teriyaki Madness Capitol Hill", "category": "restaurant", "tags": ["restaurant", "asian", "japanese", "fast-food"], "sources": ["overture"], "website": "http://orderteriyakimadness.com", "phone": "+12063280144", "address": "111 15th Ave E", "stations": [{"stopCode": 49, "lines": "1,2", "name": "Capitol Hill Station", "walkingMeters": 629, "walkingSeconds": 452, "band": 10}]}, "geometry": {"type": "Point", "coordinates": [-122.3128891, 47.6188889]}}, {"type": "Feature", "properties": {"id": 1726088109, "name": "Waterworks", "category": "artwork", "tags": ["artwork"], "sources": ["osm"], "stations": [{"stopCode": 49, "lines": "1,2", "name": "Capitol Hill Station", "walkingMeters": 130, "walkingSeconds": 110, "band": 5}]}, "geometry": {"type": "Point", "coordinates": [-122.3194957, 47.6180942]}}, {"type": "Feature", "properties": {"id": 2158761201, "name": "Vermillion", "category": "gallery", "tags": ["gallery", "has-bar"], "sources": ["osm"], "website": "https://www.vermillionseattle.com/", "phone": "+1-206-709-9797", "address": "1508 11th Avenue", "hours": "We-Fr 17:00-22:00; Sa 13:00-25:00", "stations": [{"stopCode": 49, "lines": "1,2", "name": "Capitol Hill Station", "walkingMeters": 664, "walkingSeconds": 478, "band": 10}]}, "geometry": {"type": "Point", "coordinates": [-122.3179514, 47.6144208]}}, {"type": "Feature", "properties": {"id": 3211770179, "name": "Neighbors", "category": "artwork", "tags": ["artwork"], "sources": ["osm"], "address": "1519 12th Avenue", "stations": [{"stopCode": 49, "lines": "1,2", "name": "Capitol Hill Station", "walkingMeters": 667, "walkingSeconds": 480, "band": 10}]}, "geometry": {"type": "Point", "coordinates": [-122.317017, 47.615117]}}, {"type": "Feature", "properties": {"id": 817348148, "name": "Black Lives Matter", "category": "artwork", "tags": ["artwork"], "sources": ["osm"], "stations": [{"stopCode": 49, "lines": "1,2", "name": "Capitol Hill Station", "walkingMeters": 512, "walkingSeconds": 368, "band": 10}]}, "geometry": {"type": "Point", "coordinates": [-122.3188838, 47.6152671]}}, {"type": "Feature", "properties": {"id": 11977459998, "name": "Ribbon of Light, Monolith", "category": "artwork", "tags": ["artwork"], "sources": ["osm"], "stations": [{"stopCode": 49, "lines": "1,2", "name": "Capitol Hill Station", "walkingMeters": 113, "walkingSeconds": 86, "band": 5}]}, "geometry": {"type": "Point", "coordinates": [-122.3192382, 47.6186545]}}, {"type": "Feature", "properties": {"id": 12011210593, "name": "Ribbon of Light, Lambda", "category": "artwork", "tags": ["artwork"], "sources": ["osm"], "stations": [{"stopCode": 49, "lines": "1,2", "name": "Capitol Hill Station", "walkingMeters": 170, "walkingSeconds": 129, "band": 5}]}, "geometry": {"type": "Point", "coordinates": [-122.3186812, 47.6185268]}}, {"type": "Feature", "properties": {"id": 12011210594, "name": "Ribbon of Light, Reveries", "category": "artwork", "tags": ["artwork"], "sources": ["osm"], "stations": [{"stopCode": 49, "lines": "1,2", "name": "Capitol Hill Station", "walkingMeters": 152, "walkingSeconds": 112, "band": 5}]}, "geometry": {"type": "Point", "coordinates": [-122.3188102, 47.6185797]}}, {"type": "Feature", "properties": {"id": 13011973834, "name": "Hot Rat Summer", "category": "artwork", "tags": ["artwork"], "sources": ["osm"], "stations": [{"stopCode": 49, "lines": "1,2", "name": "Capitol Hill Station", "walkingMeters": 248, "walkingSeconds": 190, "band": 5}]}, "geometry": {"type": "Point", "coordinates": [-122.3195172, 47.6171006]}}, {"type": "Feature", "properties": {"id": "599721c1-0019-431a-9f58-81e7dbbe2b93", "name": "Evolve", "category": "attraction", "tags": ["attraction", "landmark", "historical", "building"], "sources": ["overture"], "website": "http://www.liveatevolve.com/", "phone": "+12062091535", "address": "954 E Union St", "stations": [{"stopCode": 49, "lines": "1,2", "name": "Capitol Hill Station", "walkingMeters": 723, "walkingSeconds": 521, "band": 10}]}, "geometry": {"type": "Point", "coordinates": [-122.3197784, 47.6130028]}}, {"type": "Feature", "properties": {"id": "2a1fd91d-a567-41fa-82a0-6a740d10d3db", "name": "Seattle's Official Bad Art Museum Of Art", "category": "museum", "tags": ["museum"], "sources": ["overture"], "website": "officialbadartmuseumofart.com", "phone": "12064839759", "address": "1510 11th Ave", "stations": [{"stopCode": 49, "lines": "1,2", "name": "Capitol Hill Station", "walkingMeters": 700, "walkingSeconds": 522, "band": 10}]}, "geometry": {"type": "Point", "coordinates": [-122.3178864, 47.6144714]}}, {"type": "Feature", "properties": {"id": "e6f40e4b-45ef-47cb-a574-98365ff2bcc6", "name": "Yobi Apartments", "category": "attraction", "tags": ["attraction", "landmark", "historical", "building"], "sources": ["overture"], "website": "http://www.yobiseattle.com/", "phone": "+12062966305", "address": "1219 E Marion St", "stations": [{"stopCode": 49, "lines": "1,2", "name": "Capitol Hill Station", "walkingMeters": 1333, "walkingSeconds": 995, "band": 15}]}, "geometry": {"type": "Point", "coordinates": [-122.3159485, 47.6102943]}}, {"type": "Feature", "properties": {"id": "96c61280-1add-4813-976f-0eac1b6624cd", "name": "Hedreen Gallery", "category": "gallery", "tags": ["gallery", "art"], "sources": ["overture"], "website": "https://www.seattleu.edu/artsci/departments/art-arthistory/hedreen-gallery/", "phone": "+12062962244", "address": "901 12th Ave", "stations": [{"stopCode": 49, "lines": "1,2", "name": "Capitol Hill Station", "walkingMeters": 1111, "walkingSeconds": 799, "band": 15}]}, "geometry": {"type": "Point", "coordinates": [-122.3170166, 47.6108437]}}, {"type": "Feature", "properties": {"id": "6e8a2f99-f806-457e-8c7e-203a550b6fa4", "name": "Vi Hilbert Hall Apartments", "category": "attraction", "tags": ["attraction", "landmark", "historical", "building"], "sources": ["overture"], "website": "https://www.vihilberthall.com/?utm_source=businessprofile&utm_medium=search&utm_campaign=general", "phone": "+18889694922", "address": "1107 E Madison St", "stations": [{"stopCode": 49, "lines": "1,2", "name": "Capitol Hill Station", "walkingMeters": 939, "walkingSeconds": 677, "band": 15}]}, "geometry": {"type": "Point", "coordinates": [-122.3174438, 47.6122856]}}, {"type": "Feature", "properties": {"id": "a2959dca-97e5-472f-9f03-29125739bba1", "name": "Viva", "category": "attraction", "tags": ["attraction", "landmark", "historical", "building"], "sources": ["overture"], "website": "https://www.vivacaphill.com/", "phone": "+12067523977", "address": "1111 E Union St", "stations": [{"stopCode": 49, "lines": "1,2", "name": "Capitol Hill Station", "walkingMeters": 857, "walkingSeconds": 617, "band": 10}]}, "geometry": {"type": "Point", "coordinates": [-122.3177109, 47.6128349]}}, {"type": "Feature", "properties": {"id": "7764518a-2fdd-45d9-bef0-0a57378ebd84", "name": "Union Art Coop", "category": "gallery", "tags": ["gallery", "art"], "sources": ["overture"], "website": "http://unionart.coop/", "address": "1100 E Union St", "stations": [{"stopCode": 49, "lines": "1,2", "name": "Capitol Hill Station", "walkingMeters": 838, "walkingSeconds": 603, "band": 10}]}, "geometry": {"type": "Point", "coordinates": [-122.3177719, 47.6131134]}}, {"type": "Feature", "properties": {"id": "140a7c26-5332-41ec-8b72-36db62138c98", "name": "ARTS at Seattle U", "category": "gallery", "tags": ["gallery", "art"], "sources": ["overture"], "website": "https://www.seattleu.edu/artsci/arts/", "phone": "+12062965360", "address": "901 12th Ave", "stations": [{"stopCode": 49, "lines": "1,2", "name": "Capitol Hill Station", "walkingMeters": 908, "walkingSeconds": 654, "band": 10}]}, "geometry": {"type": "Point", "coordinates": [-122.3188095, 47.6117249]}}, {"type": "Feature", "properties": {"id": "7f91fd2f-5098-4a03-aac6-3854725ec511", "name": "Lee Center for the Arts", "category": "gallery", "tags": ["gallery", "art"], "sources": ["overture"], "website": "https://www.seattleu.edu/artsci/departments/performing-arts-leadership/performance-venues-and-facilities/lee-center-for-the-arts/", "phone": "+12062962244", "address": "901 12th Ave", "stations": [{"stopCode": 49, "lines": "1,2", "name": "Capitol Hill Station", "walkingMeters": 1122, "walkingSeconds": 808, "band": 15}]}, "geometry": {"type": "Point", "coordinates": [-122.3173828, 47.6105995]}}, {"type": "Feature", "properties": {"id": "9dceeb36-5566-4efd-9101-9462b5877700", "name": "Studio Paradiso", "category": "gallery", "tags": ["gallery", "art"], "sources": ["overture"], "website": "http://studioparadiso.org/", "address": "1000 E Madison St", "stations": [{"stopCode": 49, "lines": "1,2", "name": "Capitol Hill Station", "walkingMeters": 1018, "walkingSeconds": 760, "band": 10}]}, "geometry": {"type": "Point", "coordinates": [-122.319191, 47.6120529]}}, {"type": "Feature", "properties": {"id": "ac6ac2e3-110f-4a50-b159-2ed7694c3983", "name": "Pound Gallery", "category": "gallery", "tags": ["gallery", "art"], "sources": ["overture"], "website": "http://www.poundarts.com", "phone": "+12063230557", "address": "1216 10th Ave", "stations": [{"stopCode": 49, "lines": "1,2", "name": "Capitol Hill Station", "walkingMeters": 760, "walkingSeconds": 547, "band": 10}]}, "geometry": {"type": "Point", "coordinates": [-122.3193436, 47.6126709]}}, {"type": "Feature", "properties": {"id": "07efc280-64fe-473d-8441-5e660ba8f302", "name": "Great Jones Gallery", "category": "gallery", "tags": ["gallery", "art"], "sources": ["overture"], "website": "http://www.greatjonesgallery.com", "phone": "+12067075363", "address": "1216 10th Ave", "stations": [{"stopCode": 49, "lines": "1,2", "name": "Capitol Hill Station", "walkingMeters": 925, "walkingSeconds": 690, "band": 10}]}, "geometry": {"type": "Point", "coordinates": [-122.3192673, 47.6126938]}}, {"type": "Feature", "properties": {"id": "e36f529d-e2b3-4376-82a0-d5d1cbda59cd", "name": "The Factory", "category": "gallery", "tags": ["gallery", "art"], "sources": ["overture"], "website": "http://www.factoryseattle.com/", "phone": "+12064135923", "address": "1216 10th Ave", "stations": [{"stopCode": 49, "lines": "1,2", "name": "Capitol Hill Station", "walkingMeters": 755, "walkingSeconds": 543, "band": 10}]}, "geometry": {"type": "Point", "coordinates": [-122.3192444, 47.6127205]}}, {"type": "Feature", "properties": {"id": "378bbfd2-e80f-49ef-9163-de6d26f5212d", "name": "The Weatherford", "category": "attraction", "tags": ["attraction", "landmark", "historical", "building"], "sources": ["overture"], "website": "http://www.theweatherford.com", "phone": "+12063240724", "address": "1321 E John St", "stations": [{"stopCode": 49, "lines": "1,2", "name": "Capitol Hill Station", "walkingMeters": 505, "walkingSeconds": 363, "band": 10}]}, "geometry": {"type": "Point", "coordinates": [-122.3146973, 47.6198006]}}, {"type": "Feature", "properties": {"id": "d8ce2b8c-4054-4e50-b833-3d6477e78480", "name": "The Holiday", "category": "attraction", "tags": ["attraction", "landmark", "historical", "building"], "sources": ["overture"], "website": "http://www.capitolhillhousing.org/", "phone": "+12062048741", "address": "1001 E John St", "stations": [{"stopCode": 49, "lines": "1,2", "name": "Capitol Hill Station", "walkingMeters": 175, "walkingSeconds": 126, "band": 5}]}, "geometry": {"type": "Point", "coordinates": [-122.318985, 47.619812]}}, {"type": "Feature", "properties": {"id": "3c611c92-63c4-4f47-9fca-bad88cbe03d0", "name": "The Ashton Apartments", "category": "attraction", "tags": ["attraction", "landmark", "historical", "building"], "sources": ["overture"], "address": "1002 E Denny Way", "stations": [{"stopCode": 49, "lines": "1,2", "name": "Capitol Hill Station", "walkingMeters": 94, "walkingSeconds": 70, "band": 5}]}, "geometry": {"type": "Point", "coordinates": [-122.3192978, 47.6188278]}}, {"type": "Feature", "properties": {"id": "3f1221a2-c535-4c8b-a9f9-1f587b576c4a", "name": "Roosevelt Apartments", "category": "attraction", "tags": ["attraction", "landmark", "historical", "building"], "sources": ["overture"], "website": "http://cornellandassociates.com/info/?id=4962", "phone": "+12063282380", "address": "1729 12th Ave", "stations": [{"stopCode": 49, "lines": "1,2", "name": "Capitol Hill Station", "walkingMeters": 412, "walkingSeconds": 296, "band": 5}]}, "geometry": {"type": "Point", "coordinates": [-122.3172073, 47.6174202]}}, {"type": "Feature", "properties": {"id": "07cd5996-af0c-4c3b-9038-e628a67f4331", "name": "1111 East Olive", "category": "attraction", "tags": ["attraction", "landmark", "historical", "building"], "sources": ["overture"], "website": "http://www.1111eastolive.com/", "phone": "+12065295183", "address": "1111 E Olive St", "stations": [{"stopCode": 49, "lines": "1,2", "name": "Capitol Hill Station", "walkingMeters": 467, "walkingSeconds": 336, "band": 5}]}, "geometry": {"type": "Point", "coordinates": [-122.317955, 47.6163483]}}, {"type": "Feature", "properties": {"id": "e6c1bc18-e1ff-4563-b403-7d140fa68d34", "name": "Vivid Matter Collective Gallery", "category": "gallery", "tags": ["gallery", "art"], "sources": ["overture"], "website": "https://vividmattercollective.com", "address": "919 E Pine St", "stations": [{"stopCode": 49, "lines": "1,2", "name": "Capitol Hill Station", "walkingMeters": 479, "walkingSeconds": 345, "band": 5}]}, "geometry": {"type": "Point", "coordinates": [-122.3197174, 47.6150589]}}, {"type": "Feature", "properties": {"id": "fa7a61dd-612d-4bb2-b5f9-342d83a00d5f", "name": "Infinity Apartments", "category": "attraction", "tags": ["attraction", "landmark", "historical", "building"], "sources": ["overture"], "website": "https://www.infinitycapitolhillapartments.com/?utm_source=socialmedia", "phone": "+18669617464", "address": "1414 10th Ave", "stations": [{"stopCode": 49, "lines": "1,2", "name": "Capitol Hill Station", "walkingMeters": 698, "walkingSeconds": 503, "band": 10}]}, "geometry": {"type": "Point", "coordinates": [-122.3191147, 47.6132317]}}, {"type": "Feature", "properties": {"id": "2af958b0-bbe6-4168-b8ca-80b494cf5ac7", "name": "Jack Apartments", "category": "attraction", "tags": ["attraction", "landmark", "historical", "building"], "sources": ["overture"], "website": "https://jackapts.com/?utm_knock=sm", "phone": "+12065671718", "address": "1427 11th Ave", "stations": [{"stopCode": 49, "lines": "1,2", "name": "Capitol Hill Station", "walkingMeters": 732, "walkingSeconds": 526, "band": 10}]}, "geometry": {"type": "Point", "coordinates": [-122.3182831, 47.6136665]}}, {"type": "Feature", "properties": {"id": "aa7fdb8f-add8-4769-9800-aea7e8518b63", "name": "Monique Lofts", "category": "attraction", "tags": ["attraction", "landmark", "historical", "building"], "sources": ["overture"], "website": "https://www.urbnlivn.com/category/lofts-2/capitol-hill-lofts-2/monique-lofts", "phone": "+12015550123", "address": "1505 11th Ave", "stations": [{"stopCode": 49, "lines": "1,2", "name": "Capitol Hill Station", "walkingMeters": 658, "walkingSeconds": 473, "band": 10}]}, "geometry": {"type": "Point", "coordinates": [-122.3182602, 47.6143188]}}, {"type": "Feature", "properties": {"id": "d70b30cb-8e1f-4f82-a6c8-77a0fd7ffc0c", "name": "Kelly-springfield Motor Truck Building", "category": "attraction", "tags": ["attraction", "landmark", "historical", "building"], "sources": ["overture"], "website": "https://www.seattle.gov", "phone": "12066840464", "address": "1525 11th Ave", "stations": [{"stopCode": 49, "lines": "1,2", "name": "Capitol Hill Station", "walkingMeters": 644, "walkingSeconds": 481, "band": 10}]}, "geometry": {"type": "Point", "coordinates": [-122.3185577, 47.6147423]}}, {"type": "Feature", "properties": {"id": "fa0f30b7-7482-444a-8ca5-2c77cf84b97d", "name": "Blue Cone Studio", "category": "gallery", "tags": ["gallery", "art"], "sources": ["overture"], "website": "http://blueconestudios.com/", "address": "1520 11th Ave", "stations": [{"stopCode": 49, "lines": "1,2", "name": "Capitol Hill Station", "walkingMeters": 652, "walkingSeconds": 487, "band": 10}]}, "geometry": {"type": "Point", "coordinates": [-122.3180084, 47.6147957]}}, {"type": "Feature", "properties": {"id": "3674d7ac-98f8-466e-a3dc-ed66ae8eff7b", "name": "Eleven : Eleven On the Block", "category": "gallery", "tags": ["gallery", "art"], "sources": ["overture"], "website": "http://www.elevenelevenontheblock.com/", "address": "1512 11th Ave", "stations": [{"stopCode": 49, "lines": "1,2", "name": "Capitol Hill Station", "walkingMeters": 690, "walkingSeconds": 515, "band": 10}]}, "geometry": {"type": "Point", "coordinates": [-122.3178101, 47.614563]}}, {"type": "Feature", "properties": {"id": "60673ad8-7437-488a-ad13-30ebdf767285", "name": "Sunset Electric Apartments", "category": "attraction", "tags": ["attraction", "landmark", "historical", "building"], "sources": ["overture"], "website": "https://www.sunsetelectricapts.com/", "phone": "+12062854444", "address": "1111 E Pine St", "stations": [{"stopCode": 49, "lines": "1,2", "name": "Capitol Hill Station", "walkingMeters": 599, "walkingSeconds": 431, "band": 10}]}, "geometry": {"type": "Point", "coordinates": [-122.3177948, 47.6150742]}}, {"type": "Feature", "properties": {"id": "44e5a787-a3cb-401c-8e8a-e0647b98754f", "name": "1111 East Pike", "category": "attraction", "tags": ["attraction", "landmark", "historical", "building"], "sources": ["overture"], "website": "http://www.admiralty.com/", "phone": "+12063230271", "address": "1111 E Pike St", "stations": [{"stopCode": 49, "lines": "1,2", "name": "Capitol Hill Station", "walkingMeters": 745, "walkingSeconds": 536, "band": 10}]}, "geometry": {"type": "Point", "coordinates": [-122.3175507, 47.6138954]}}, {"type": "Feature", "properties": {"id": "2f7cfd90-c7bc-4964-bcc2-cf76f78d5d65", "name": "Trace North", "category": "attraction", "tags": ["attraction", "landmark", "historical", "building"], "sources": ["overture"], "website": "http://www.tracelofts.com/", "phone": "+12062846303", "address": "1414 12th Ave", "stations": [{"stopCode": 49, "lines": "1,2", "name": "Capitol Hill Station", "walkingMeters": 858, "walkingSeconds": 617, "band": 10}]}, "geometry": {"type": "Point", "coordinates": [-122.3166428, 47.6135674]}}, {"type": "Feature", "properties": {"id": "8e317026-c1ab-48d5-8723-1859eed7e910", "name": "Beryl Apartments", "category": "attraction", "tags": ["attraction", "landmark", "historical", "building"], "sources": ["overture"], "website": "https://beryl.tarragon.com/?rcstdid=MTE%3D-aKFOxiSL8lQ%3D&utm_source=facebook&utm_medium=social", "phone": "+18335702053", "address": "1200 E Pike St", "stations": [{"stopCode": 49, "lines": "1,2", "name": "Capitol Hill Station", "walkingMeters": 775, "walkingSeconds": 558, "band": 10}]}, "geometry": {"type": "Point", "coordinates": [-122.316658, 47.6143265]}}, {"type": "Feature", "properties": {"id": "2a453534-ac5a-418a-9ded-2420a5c59102", "name": "Hybrid Space", "category": "gallery", "tags": ["gallery", "art"], "sources": ["overture"], "website": "http://www.hybridarc.com/space/", "phone": "+12062679277", "address": "1205 E Pike St", "stations": [{"stopCode": 49, "lines": "1,2", "name": "Capitol Hill Station", "walkingMeters": 830, "walkingSeconds": 597, "band": 10}]}, "geometry": {"type": "Point", "coordinates": [-122.3164215, 47.6139183]}}, {"type": "Feature", "properties": {"id": "f7c21456-7a7f-4033-ae35-a3afc9f48d7e", "name": "Citizen Apartments", "category": "attraction", "tags": ["attraction", "landmark", "historical", "building"], "sources": ["overture"], "website": "http://citizenapartments.com/", "phone": "+12063168636", "address": "1222 E Madison St", "stations": [{"stopCode": 49, "lines": "1,2", "name": "Capitol Hill Station", "walkingMeters": 945, "walkingSeconds": 680, "band": 15}]}, "geometry": {"type": "Point", "coordinates": [-122.3156815, 47.6135063]}}, {"type": "Feature", "properties": {"id": "8e0e6e7d-0aca-4c9f-bfac-6b7ad499ca86", "name": "Packard Building Apartments", "category": "attraction", "tags": ["attraction", "landmark", "historical", "building"], "sources": ["overture"], "website": "http://www.equityapartments.com/seattle/capitiol-hill/packard-building-apartments", "phone": "+12065681000", "address": "1530 12th Ave", "stations": [{"stopCode": 49, "lines": "1,2", "name": "Capitol Hill Station", "walkingMeters": 695, "walkingSeconds": 500, "band": 10}]}, "geometry": {"type": "Point", "coordinates": [-122.3167572, 47.6150513]}}, {"type": "Feature", "properties": {"id": "287c0da4-9189-4b84-86bb-111388acff66", "name": "Greek-American Historical Museum of Washington State", "category": "museum", "tags": ["museum"], "sources": ["overture"], "website": "http://greeksinwashington.org/", "phone": "+12063258554", "address": "1804 13th Ave", "stations": [{"stopCode": 49, "lines": "1,2", "name": "Capitol Hill Station", "walkingMeters": 520, "walkingSeconds": 374, "band": 10}]}, "geometry": {"type": "Point", "coordinates": [-122.3152237, 47.6179237]}}, {"type": "Feature", "properties": {"id": "b7f8bd6c-73c7-4227-8c20-7ff01b5e198a", "name": "Mural Studios", "category": "gallery", "tags": ["gallery", "art"], "sources": ["overture"], "website": "http://muralstudios.co/booking", "phone": "+12066576120", "address": "1300 E Olive St", "stations": [{"stopCode": 49, "lines": "1,2", "name": "Capitol Hill Station", "walkingMeters": 592, "walkingSeconds": 442, "band": 10}]}, "geometry": {"type": "Point", "coordinates": [-122.3153229, 47.6166153]}}, {"type": "Feature", "properties": {"id": "700f9de4-428b-4cae-a434-2623e0c17499", "name": "The Braeburn", "category": "attraction", "tags": ["attraction", "landmark", "historical", "building"], "sources": ["overture"], "website": "http://thebraeburn.com", "phone": "+12069030518", "address": "1410 E Pine St", "stations": [{"stopCode": 49, "lines": "1,2", "name": "Capitol Hill Station", "walkingMeters": 890, "walkingSeconds": 639, "band": 10}]}, "geometry": {"type": "Point", "coordinates": [-122.313652, 47.6154556]}}, {"type": "Feature", "properties": {"id": "be418eea-f1d5-4d77-a2b6-89eb6af5190b", "name": "apartment building", "category": "attraction", "tags": ["attraction", "landmark", "historical", "building"], "sources": ["overture"], "address": "1617 14th Ave", "stations": [{"stopCode": 49, "lines": "1,2", "name": "Capitol Hill Station", "walkingMeters": 705, "walkingSeconds": 526, "band": 10}]}, "geometry": {"type": "Point", "coordinates": [-122.3147049, 47.6158829]}}, {"type": "Feature", "properties": {"id": "dc951591-ff0d-4812-9a44-fb6af6007d75", "name": "Chloe Apartments", "category": "attraction", "tags": ["attraction", "landmark", "historical", "building"], "sources": ["overture"], "website": "http://www.equityapartments.com/seattle/pike-pine/chloe-apartments", "phone": "+12067091000", "address": "1408 E Union St", "stations": [{"stopCode": 49, "lines": "1,2", "name": "Capitol Hill Station", "walkingMeters": 979, "walkingSeconds": 731, "band": 15}]}, "geometry": {"type": "Point", "coordinates": [-122.3141327, 47.6136627]}}, {"type": "Feature", "properties": {"id": "e432236b-651e-45e3-851f-d40e45226937", "name": "Broadcast", "category": "attraction", "tags": ["attraction", "landmark", "historical", "building"], "sources": ["overture"], "website": "https://www.broadcastapartments.com/", "phone": "+12066237662", "address": "1420 E Madison St", "stations": [{"stopCode": 49, "lines": "1,2", "name": "Capitol Hill Station", "walkingMeters": 1053, "walkingSeconds": 757, "band": 15}]}, "geometry": {"type": "Point", "coordinates": [-122.3131866, 47.6144714]}}, {"type": "Feature", "properties": {"id": "40278feb-004d-48ea-9132-e6d662c445ef", "name": "Interchange Media Art Productions", "category": "gallery", "tags": ["gallery", "art"], "sources": ["overture"], "website": "https://www.interchangemedia.com", "phone": "12063231747", "address": "1501 E Madison St  Ste 600", "stations": [{"stopCode": 49, "lines": "1,2", "name": "Capitol Hill Station", "walkingMeters": 1016, "walkingSeconds": 758, "band": 15}]}, "geometry": {"type": "Point", "coordinates": [-122.3124161, 47.6143837]}}, {"type": "Feature", "properties": {"id": "27af0a5b-cfae-4ffa-99c3-d794e742864b", "name": "The Pearl Apartments", "category": "attraction", "tags": ["attraction", "landmark", "historical", "building"], "sources": ["overture"], "website": "http://www.equityapartments.com/seattle/capitiol-hill/the-pearl-apartments-capitol-hill", "phone": "+12063239877", "address": "1530 15th Ave", "stations": [{"stopCode": 49, "lines": "1,2", "name": "Capitol Hill Station", "walkingMeters": 1017, "walkingSeconds": 731, "band": 15}]}, "geometry": {"type": "Point", "coordinates": [-122.312645, 47.6148567]}}, {"type": "Feature", "properties": {"id": "e5c961d7-5d13-454d-88d7-c413e8c3d446", "name": "Garden Court Condos", "category": "attraction", "tags": ["attraction", "landmark", "historical", "building"], "sources": ["overture"], "website": "https://garden-court-condos.hub.biz", "phone": "+12063242069", "address": "1631 16th Ave", "stations": [{"stopCode": 49, "lines": "1,2", "name": "Capitol Hill Station", "walkingMeters": 961, "walkingSeconds": 690, "band": 15}]}, "geometry": {"type": "Point", "coordinates": [-122.3117981, 47.6161041]}}, {"type": "Feature", "properties": {"id": "6f0c91ba-b2c8-400a-a1a5-60999421694e", "name": "The Hillcrest Apartments", "category": "attraction", "tags": ["attraction", "landmark", "historical", "building"], "sources": ["overture"], "phone": "+14255267501", "address": "1616 E Howell St", "stations": [{"stopCode": 49, "lines": "1,2", "name": "Capitol Hill Station", "walkingMeters": 963, "walkingSeconds": 719, "band": 15}]}, "geometry": {"type": "Point", "coordinates": [-122.3105011, 47.617775]}}, {"type": "Feature", "properties": {"id": "1d3f82fb-71df-4589-b7aa-ef5f224fc0b6", "name": "Cascadia Apartments", "category": "attraction", "tags": ["attraction", "landmark", "historical", "building"], "sources": ["overture"], "phone": "+12067268783", "address": "1621 17th Ave", "stations": [{"stopCode": 49, "lines": "1,2", "name": "Capitol Hill Station", "walkingMeters": 1069, "walkingSeconds": 768, "band": 15}]}, "geometry": {"type": "Point", "coordinates": [-122.3102798, 47.6159706]}}, {"type": "Feature", "properties": {"id": "b7bcf101-ee86-415b-8695-2819cb39178f", "name": "The Whitworth Apartments", "category": "attraction", "tags": ["attraction", "landmark", "historical", "building"], "sources": ["overture"], "website": "https://whitworthapartments.com/?utm_source=businessprofile&utm_medium=search&utm_campaign=general", "phone": "+18559709959", "address": "1619 E John St", "stations": [{"stopCode": 49, "lines": "1,2", "name": "Capitol Hill Station", "walkingMeters": 882, "walkingSeconds": 634, "band": 15}]}, "geometry": {"type": "Point", "coordinates": [-122.3105316, 47.6195602]}}, {"type": "Feature", "properties": {"id": "f288d39c-b55b-40e8-a323-db5a89ffbaec", "name": "Anhalt Apartments", "category": "attraction", "tags": ["attraction", "landmark", "historical", "building"], "sources": ["overture"], "website": "https://anhaltapartments.com/?utm_source=businessprofile&utm_medium=search&utm_campaign=general", "phone": "+18557728209", "address": "1600 E John St", "stations": [{"stopCode": 49, "lines": "1,2", "name": "Capitol Hill Station", "walkingMeters": 850, "walkingSeconds": 611, "band": 15}]}, "geometry": {"type": "Point", "coordinates": [-122.3110428, 47.619812]}}, {"type": "Feature", "properties": {"id": "4ed65969-6a3c-4b6f-ac8d-7d19ee72cb49", "name": "John Court LLC", "category": "attraction", "tags": ["attraction", "landmark", "historical", "building"], "sources": ["overture"], "website": "http://www.johncourtapts.com/", "phone": "+12063290303", "address": "1435 E John St", "stations": [{"stopCode": 49, "lines": "1,2", "name": "Capitol Hill Station", "walkingMeters": 660, "walkingSeconds": 474, "band": 10}]}, "geometry": {"type": "Point", "coordinates": [-122.3129425, 47.6195908]}}, {"type": "Feature", "properties": {"id": "36d88756-c3f5-4c63-a146-16896b071fed", "name": "Mayfair Manor", "category": "attraction", "tags": ["attraction", "landmark", "historical", "building"], "sources": ["overture"], "phone": "+12063284709", "address": "1101 17th Ave"}, "geometry": {"type": "Point", "coordinates": [-122.3104019, 47.6117172]}}, {"type": "Feature", "properties": {"id": 49734706, "name": "Spring Street Mini Park", "category": "park", "tags": ["park", "playground"], "sources": ["osm", "overture"], "website": "http://seattle.gov/parks/park_detail.asp?id=381", "phone": "+12066844075", "address": "1506 E Spring St"}, "geometry": {"type": "Point", "coordinates": [-122.3124086, 47.6117976]}}, {"type": "Feature", "properties": {"id": 49734707, "name": "T. T. Minor Playground", "category": "park", "tags": ["park", "playground"], "sources": ["osm", "overture"], "website": "http://seattle.gov/parks/park_detail.asp?ID=3913", "phone": "+12066844075", "address": "1698 E Union St"}, "geometry": {"type": "Point", "coordinates": [-122.3104443, 47.6136603]}}, {"type": "Feature", "properties": {"id": 57883627, "name": "McGilvra Place", "category": "park", "tags": ["park"], "sources": ["osm"], "website": "https://www.seattle.gov/parks/allparks/mcgilvra-place", "stations": [{"stopCode": 49, "lines": "1,2", "name": "Capitol Hill Station", "walkingMeters": 1064, "walkingSeconds": 765, "band": 15}]}, "geometry": {"type": "Point", "coordinates": [-122.3131029, 47.614275]}}, {"type": "Feature", "properties": {"id": 158721036, "name": "Cal Anderson Park", "category": "park", "tags": ["park", "wheelchair-accessible"], "sources": ["osm", "overture"], "website": "http://www.seattle.gov/parks/park_detail.asp?ID=3102", "phone": "+12066844075", "address": "1635 11th Ave", "stations": [{"stopCode": 49, "lines": "1,2", "name": "Capitol Hill Station", "walkingMeters": 282, "walkingSeconds": 220, "band": 5}]}, "geometry": {"type": "Point", "coordinates": [-122.3191695, 47.6170377]}}, {"type": "Feature", "properties": {"id": 159118102, "name": "Seven Hills Park", "category": "park", "tags": ["park"], "sources": ["osm", "overture"], "website": "http://FriendsOf7Hills.org/", "phone": "+12066844075", "address": "1514 E Howell St", "stations": [{"stopCode": 49, "lines": "1,2", "name": "Capitol Hill Station", "walkingMeters": 736, "walkingSeconds": 529, "band": 10}]}, "geometry": {"type": "Point", "coordinates": [-122.3118312, 47.6178969]}}, {"type": "Feature", "properties": {"id": 159118103, "name": "Williams Place", "category": "park", "tags": ["park"], "sources": ["osm", "overture"], "website": "http://www.seattle.gov/parks/park_detail.asp?id=475", "phone": "+12066844075", "address": "199 15th Ave E", "stations": [{"stopCode": 49, "lines": "1,2", "name": "Capitol Hill Station", "walkingMeters": 629, "walkingSeconds": 451, "band": 10}]}, "geometry": {"type": "Point", "coordinates": [-122.3131485, 47.6198143]}}, {"type": "Feature", "properties": {"id": "2363ded6-8161-4193-9527-08945f1d99f8", "name": "Tennis court", "category": "park", "tags": ["park"], "sources": ["overture"], "address": "1600 Nagle Pl", "stations": [{"stopCode": 49, "lines": "1,2", "name": "Capitol Hill Station", "walkingMeters": 376, "walkingSeconds": 271, "band": 5}]}, "geometry": {"type": "Point", "coordinates": [-122.3198776, 47.6159058]}}, {"type": "Feature", "properties": {"id": 12360337156, "name": "Seattle Gaslight Inn", "category": "hotel", "tags": ["hotel", "guest-house", "bed", "breakfast"], "sources": ["osm", "overture"], "website": "http://www.seattlegaslightinn.com/", "phone": "+12066270531", "address": "1727 15th Ave", "stations": [{"stopCode": 49, "lines": "1,2", "name": "Capitol Hill Station", "walkingMeters": 739, "walkingSeconds": 531, "band": 10}]}, "geometry": {"type": "Point", "coordinates": [-122.3130735, 47.6172864]}}, {"type": "Feature", "properties": {"id": "efc3a6b8-6fb3-4f58-89e3-85fdd384508b", "name": "11th Avenue Inn Bed and Breakfast", "category": "guest_house", "tags": ["guest-house", "bed", "breakfast"], "sources": ["overture"], "website": "http://www.11thavenueinn.com/", "phone": "+12067207161", "address": "121 11th Ave E", "stations": [{"stopCode": 49, "lines": "1,2", "name": "Capitol Hill Station", "walkingMeters": 235, "walkingSeconds": 169, "band": 5}]}, "geometry": {"type": "Point", "coordinates": [-122.3184357, 47.6194458]}}, {"type": "Feature", "properties": {"id": 160192151, "name": "7-Eleven", "category": "convenience", "tags": ["convenience", "delivery"], "sources": ["osm", "overture"], "website": "https://www.7-eleven.com/", "phone": "+12063238120", "address": "103 15th Ave E", "hours": "24/7", "stations": [{"stopCode": 49, "lines": "1,2", "name": "Capitol Hill Station", "walkingMeters": 588, "walkingSeconds": 422, "band": 10}]}, "geometry": {"type": "Point", "coordinates": [-122.3131867, 47.6186817]}}, {"type": "Feature", "properties": {"id": 229910922, "name": "7-Eleven", "category": "convenience", "tags": ["convenience"], "sources": ["osm", "overture"], "website": "https://www.7-eleven.com/", "phone": "+12069456255", "address": "1522 East Madison Street", "stations": [{"stopCode": 49, "lines": "1,2", "name": "Capitol Hill Station", "walkingMeters": 1074, "walkingSeconds": 772, "band": 15}]}, "geometry": {"type": "Point", "coordinates": [-122.3118329, 47.6150937]}}, {"type": "Feature", "properties": {"id": "f860a55d-9c02-421b-a1df-a3f4962b6fbd", "name": "7-Eleven", "category": "convenience", "tags": ["convenience"], "sources": ["overture"], "website": "www.7eleven.com", "phone": "+12065479764", "address": "1105 11th Ave", "stations": [{"stopCode": 49, "lines": "1,2", "name": "Capitol Hill Station", "walkingMeters": 849, "walkingSeconds": 611, "band": 10}]}, "geometry": {"type": "Point", "coordinates": [-122.3183289, 47.6125832]}}, {"type": "Feature", "properties": {"id": 1735895556, "name": "Trader Joe's", "category": "supermarket", "tags": ["supermarket", "wheelchair-accessible"], "sources": ["osm", "overture"], "website": "https://locations.traderjoes.com/wa/seattle/130/", "phone": "+12063227268", "address": "1700 Madison St", "hours": "Mo-Su 09:00-21:00", "stations": [{"stopCode": 49, "lines": "1,2", "name": "Capitol Hill Station", "walkingMeters": 1101, "walkingSeconds": 792, "band": 15}]}, "geometry": {"type": "Point", "coordinates": [-122.3100354, 47.6157986]}}, {"type": "Feature", "properties": {"id": 1383955044, "name": "Elliott Bay Book Company", "category": "books", "tags": ["books"], "sources": ["osm", "overture"], "website": "http://www.elliottbaybook.com/", "phone": "+12066246600", "address": "1521 10th Ave", "hours": "10:00-22:00", "stations": [{"stopCode": 49, "lines": "1,2", "name": "Capitol Hill Station", "walkingMeters": 523, "walkingSeconds": 376, "band": 10}]}, "geometry": {"type": "Point", "coordinates": [-122.319677, 47.6146657]}}, {"type": "Feature", "properties": {"id": 2158750152, "name": "Queertique", "category": "clothes", "tags": ["clothes"], "sources": ["osm"], "website": "https://www.queertique.com/", "address": "1017 East Pike Street", "hours": "Mo-Fr 12:00-18:00; Sa 11:00-19:00; Su 12:00-17:00", "stations": [{"stopCode": 49, "lines": "1,2", "name": "Capitol Hill Station", "walkingMeters": 674, "walkingSeconds": 485, "band": 10}]}, "geometry": {"type": "Point", "coordinates": [-122.3185189, 47.6139718]}}, {"type": "Feature", "properties": {"id": 2158750179, "name": "Retrofit Home", "category": "furniture", "tags": ["furniture"], "sources": ["osm", "overture"], "website": "http://www.retrofithome.com/", "phone": "+12065684663", "address": "1103 E Pike St", "hours": "11:00-19:00", "stations": [{"stopCode": 49, "lines": "1,2", "name": "Capitol Hill Station", "walkingMeters": 718, "walkingSeconds": 516, "band": 10}]}, "geometry": {"type": "Point", "coordinates": [-122.317906, 47.6139632]}}, {"type": "Feature", "properties": {"id": 2158750192, "name": "Cassandria Blackmore", "category": "art", "tags": ["art"], "sources": ["osm"], "address": "1115 East Pike Street", "hours": "\"by appointment\"", "stations": [{"stopCode": 49, "lines": "1,2", "name": "Capitol Hill Station", "walkingMeters": 754, "walkingSeconds": 542, "band": 10}]}, "geometry": {"type": "Point", "coordinates": [-122.3174302, 47.6139358]}}, {"type": "Feature", "properties": {"id": 2158750335, "name": "Rex", "category": "pet", "tags": ["pet"], "sources": ["osm"], "address": "1402 12th Avenue", "stations": [{"stopCode": 49, "lines": "1,2", "name": "Capitol Hill Station", "walkingMeters": 904, "walkingSeconds": 650, "band": 10}]}, "geometry": {"type": "Point", "coordinates": [-122.3166228, 47.6131506]}}, {"type": "Feature", "properties": {"id": 2158750348, "name": "Otherworld", "category": "wine", "tags": ["wine"], "sources": ["osm"], "website": "https://otherworld.wine/", "address": "1406 East Pike Street", "stations": [{"stopCode": 49, "lines": "1,2", "name": "Capitol Hill Station", "walkingMeters": 987, "walkingSeconds": 709, "band": 15}]}, "geometry": {"type": "Point", "coordinates": [-122.3139472, 47.6143407]}}, {"type": "Feature", "properties": {"id": 2158750421, "name": "Steve Jensen Studios", "category": "art", "tags": ["art"], "sources": ["osm"], "address": "1424 10th Avenue", "hours": "\"By appointment only\"", "stations": [{"stopCode": 49, "lines": "1,2", "name": "Capitol Hill Station", "walkingMeters": 646, "walkingSeconds": 465, "band": 10}]}, "geometry": {"type": "Point", "coordinates": [-122.3192789, 47.613704]}}, {"type": "Feature", "properties": {"id": 2158750453, "name": "Throwbacks Northwest", "category": "clothes", "tags": ["clothes"], "sources": ["osm"], "address": "1507 11th Avenue", "stations": [{"stopCode": 49, "lines": "1,2", "name": "Capitol Hill Station", "walkingMeters": 648, "walkingSeconds": 466, "band": 10}]}, "geometry": {"type": "Point", "coordinates": [-122.3183353, 47.6144085]}}, {"type": "Feature", "properties": {"id": 2158750479, "name": "Joybird", "category": "furniture", "tags": ["furniture"], "sources": ["osm", "overture"], "website": "https://www.la-z-boy.com", "phone": "+12066293759", "address": "1520 10th Ave", "stations": [{"stopCode": 49, "lines": "1,2", "name": "Capitol Hill Station", "walkingMeters": 530, "walkingSeconds": 381, "band": 10}]}, "geometry": {"type": "Point", "coordinates": [-122.3192319, 47.6147496]}}, {"type": "Feature", "properties": {"id": 2158750490, "name": "Atelier", "category": "clothes", "tags": ["clothes"], "sources": ["osm"], "address": "1523 10th Avenue", "stations": [{"stopCode": 49, "lines": "1,2", "name": "Capitol Hill Station", "walkingMeters": 511, "walkingSeconds": 368, "band": 10}]}, "geometry": {"type": "Point", "coordinates": [-122.319649, 47.6147719]}}, {"type": "Feature", "properties": {"id": 2158761311, "name": "Northwest Liquor and Wine", "category": "alcohol", "tags": ["alcohol"], "sources": ["osm"], "website": "https://nwliquorandwine.com/", "phone": "+1-206-860-6885", "address": "1605 12th Avenue", "stations": [{"stopCode": 49, "lines": "1,2", "name": "Capitol Hill Station", "walkingMeters": 625, "walkingSeconds": 450, "band": 10}]}, "geometry": {"type": "Point", "coordinates": [-122.3170858, 47.6154988]}}, {"type": "Feature", "properties": {"id": 2159322665, "name": "M\u00e9tier", "category": "bicycle", "tags": ["bicycle"], "sources": ["osm"], "website": "https://metier.cc/", "phone": "+1-206-816-3436", "address": "1017 East Union Street", "hours": "Mo-Fr 09:00-18:00; Sa-Su 09:00-17:00", "stations": [{"stopCode": 49, "lines": "1,2", "name": "Capitol Hill Station", "walkingMeters": 784, "walkingSeconds": 564, "band": 10}]}, "geometry": {"type": "Point", "coordinates": [-122.318728, 47.6127799]}}, {"type": "Feature", "properties": {"id": 2159323339, "name": "Bait", "category": "shoes", "tags": ["shoes", "wheelchair-accessible", "shoe"], "sources": ["osm", "overture"], "website": "https://goo.gl/zs5vkk", "phone": "12062571178", "address": "915 E Pike St", "hours": "Mo-Th 12:00-20:00; Fr-Sa 12:00-21:00; Su 12:00-19:00", "stations": [{"stopCode": 49, "lines": "1,2", "name": "Capitol Hill Station", "walkingMeters": 613, "walkingSeconds": 441, "band": 10}]}, "geometry": {"type": "Point", "coordinates": [-122.3197884, 47.6139482]}}, {"type": "Feature", "properties": {"id": 2384460305, "name": "Central Co-op", "category": "supermarket", "tags": ["supermarket", "wheelchair-accessible"], "sources": ["osm", "overture"], "website": "http://www.centralcoop.coop/", "phone": "+12063291545", "address": "1600 E Madison St", "hours": "Mo-Su 08:00-22:00", "stations": [{"stopCode": 49, "lines": "1,2", "name": "Capitol Hill Station", "walkingMeters": 1054, "walkingSeconds": 757, "band": 15}]}, "geometry": {"type": "Point", "coordinates": [-122.3112294, 47.6153947]}}, {"type": "Feature", "properties": {"id": 4031892417, "name": "Seattle University Campus Store", "category": "books", "tags": ["books"], "sources": ["osm"], "address": "1125 East Madison Street", "hours": "Mo-Fr 09:00-16:00", "stations": [{"stopCode": 49, "lines": "1,2", "name": "Capitol Hill Station", "walkingMeters": 948, "walkingSeconds": 682, "band": 15}]}, "geometry": {"type": "Point", "coordinates": [-122.3170399, 47.6125214]}}, {"type": "Feature", "properties": {"id": 5264656367, "name": "Couch", "category": "furniture", "tags": ["furniture"], "sources": ["osm"], "website": "https://couchseattle.com", "address": "1535 11th Avenue", "stations": [{"stopCode": 49, "lines": "1,2", "name": "Capitol Hill Station", "walkingMeters": 548, "walkingSeconds": 394, "band": 10}]}, "geometry": {"type": "Point", "coordinates": [-122.3184535, 47.6151226]}}, {"type": "Feature", "properties": {"id": 7807736288, "name": "La Cha-Bliss Wines", "category": "wine", "tags": ["wine"], "sources": ["osm"], "website": "https://www.lachablisswines.com", "address": "1412 12th Avenue", "stations": [{"stopCode": 49, "lines": "1,2", "name": "Capitol Hill Station", "walkingMeters": 859, "walkingSeconds": 618, "band": 10}]}, "geometry": {"type": "Point", "coordinates": [-122.3164166, 47.6135578]}}, {"type": "Feature", "properties": {"id": 9014368542, "name": "Good Weather Bicycle", "category": "bicycle", "tags": ["bicycle", "outdoor-seating"], "sources": ["osm"], "website": "https://goodweatherinseattle.com/", "phone": "+1-206-552-9864", "address": "1423 10th Avenue", "hours": "Tu-Fr 11:00-19:00; Sa-Su 09:00-05:00", "stations": [{"stopCode": 49, "lines": "1,2", "name": "Capitol Hill Station", "walkingMeters": 634, "walkingSeconds": 456, "band": 10}]}, "geometry": {"type": "Point", "coordinates": [-122.3196163, 47.6136777]}}, {"type": "Feature", "properties": {"id": 9508438917, "name": "Bootyland Kids & Two Owls", "category": "toys", "tags": ["toys"], "sources": ["osm"], "website": "https://bootylandkids.com", "phone": "+1-206-328-0636", "address": "1429 12th Avenue", "hours": "Su, We-Th 11:00-16:00; Tu 11:00-15:00; Fr-Sa 11:00-17:00", "stations": [{"stopCode": 49, "lines": "1,2", "name": "Capitol Hill Station", "walkingMeters": 802, "walkingSeconds": 577, "band": 10}]}, "geometry": {"type": "Point", "coordinates": [-122.317154, 47.6137801]}}, {"type": "Feature", "properties": {"id": 9559737803, "name": "35th North", "category": "sports", "tags": ["sports", "skateboard"], "sources": ["osm"], "website": "https://35thnorth.com/", "phone": "+1-206-320-1252", "address": "1100 East Pike Street", "stations": [{"stopCode": 49, "lines": "1,2", "name": "Capitol Hill Station", "walkingMeters": 694, "walkingSeconds": 499, "band": 10}]}, "geometry": {"type": "Point", "coordinates": [-122.31797, 47.6142375]}}, {"type": "Feature", "properties": {"id": 10573677917, "name": "Veridis", "category": "clothes", "tags": ["clothes"], "sources": ["osm", "overture"], "website": "https://www.veridisclothier.com/", "phone": "+12064023789", "address": "1205 E Pike St #1E", "hours": "We-Su 11:00-18:00", "stations": [{"stopCode": 49, "lines": "1,2", "name": "Capitol Hill Station", "walkingMeters": 842, "walkingSeconds": 606, "band": 10}]}, "geometry": {"type": "Point", "coordinates": [-122.3162624, 47.6139913]}}, {"type": "Feature", "properties": {"id": 12555026418, "name": "Spent Studios", "category": "clothes", "tags": ["clothes", "second-hand"], "sources": ["osm"], "website": "https://spentstudios.com", "address": "1432 12th Avenue", "stations": [{"stopCode": 49, "lines": "1,2", "name": "Capitol Hill Station", "walkingMeters": 822, "walkingSeconds": 591, "band": 10}]}, "geometry": {"type": "Point", "coordinates": [-122.3166405, 47.6138943]}}, {"type": "Feature", "properties": {"id": 206624492, "name": "Pacific Supply", "category": "hardware", "tags": ["hardware"], "sources": ["osm", "overture"], "website": "http://www.pacsupply.com/", "phone": "+12063221717", "address": "1417 12th Ave", "hours": "Mo-Fr 08:00-17:00; Sa 09:00-17:00; Su 10:00-17:00", "stations": [{"stopCode": 49, "lines": "1,2", "name": "Capitol Hill Station", "walkingMeters": 842, "walkingSeconds": 605, "band": 10}]}, "geometry": {"type": "Point", "coordinates": [-122.3172378, 47.6135137]}}, {"type": "Feature", "properties": {"id": 228857007, "name": "Photographic Center Northwest", "category": "art", "tags": ["art"], "sources": ["osm"], "website": "https://pcnw.org/", "address": "900 12th Avenue", "stations": [{"stopCode": 49, "lines": "1,2", "name": "Capitol Hill Station", "walkingMeters": 1202, "walkingSeconds": 865, "band": 15}]}, "geometry": {"type": "Point", "coordinates": [-122.3163932, 47.6105683]}}, {"type": "Feature", "properties": {"id": "3bd55467-0330-47e6-818f-2ab5ceee767d", "name": "Waterstone Brands", "category": "clothes", "tags": ["clothes", "womens"], "sources": ["overture"], "phone": "2062672850", "address": "1211 E Denny Way  # 22b", "stations": [{"stopCode": 49, "lines": "1,2", "name": "Capitol Hill Station", "walkingMeters": 374, "walkingSeconds": 279, "band": 5}]}, "geometry": {"type": "Point", "coordinates": [-122.3164215, 47.6186028]}}, {"type": "Feature", "properties": {"id": "bbe83249-3c4e-45b5-a9bf-a323c5cac408", "name": "Crisis Clothing", "category": "clothes", "tags": ["clothes"], "sources": ["overture"], "website": "crisis-clothing.com", "phone": "12063201252", "address": "1100 E Pike St", "stations": [{"stopCode": 49, "lines": "1,2", "name": "Capitol Hill Station", "walkingMeters": 729, "walkingSeconds": 544, "band": 10}]}, "geometry": {"type": "Point", "coordinates": [-122.3178635, 47.6142654]}}, {"type": "Feature", "properties": {"id": "48691f6f-47a7-4556-b390-4a06db500f09", "name": "Su Campus Store", "category": "gift", "tags": ["gift"], "sources": ["overture"], "website": "http://www.bkstr.com/seattleucampusstore/home", "phone": "(206) 325-6002", "address": "1125 12th Ave", "stations": [{"stopCode": 49, "lines": "1,2", "name": "Capitol Hill Station", "walkingMeters": 972, "walkingSeconds": 700, "band": 15}]}, "geometry": {"type": "Point", "coordinates": [-122.3171234, 47.6122971]}}, {"type": "Feature", "properties": {"id": "68046582-5bca-478b-90bf-fefb1255b2fa", "name": "Likelihood, Seattle", "category": "clothes", "tags": ["clothes", "mens"], "sources": ["overture"], "website": "http://www.shoplikelihood.com/", "phone": "2062570577", "address": "1101 E Union St", "stations": [{"stopCode": 49, "lines": "1,2", "name": "Capitol Hill Station", "walkingMeters": 840, "walkingSeconds": 605, "band": 10}]}, "geometry": {"type": "Point", "coordinates": [-122.3179245, 47.6128845]}}, {"type": "Feature", "properties": {"id": "5728d7f0-a365-4ef3-93b7-63eb3674ba49", "name": "Atelier Seattle", "category": "clothes", "tags": ["clothes"], "sources": ["overture"], "website": "http://ateliernewyork.com", "phone": "12064208369", "address": "1523 10th Ave", "stations": [{"stopCode": 49, "lines": "1,2", "name": "Capitol Hill Station", "walkingMeters": 620, "walkingSeconds": 463, "band": 10}]}, "geometry": {"type": "Point", "coordinates": [-122.3196106, 47.6147881]}}, {"type": "Feature", "properties": {"id": "eb478c93-0863-4640-ae9e-8337e62a7d3f", "name": "Fresh Tangerine Jewelry Capitol Hill", "category": "clothes", "tags": ["clothes"], "sources": ["overture"], "website": "http://www.freshtangerine.com/", "phone": "2062571803", "address": "919 E Pine St", "stations": [{"stopCode": 49, "lines": "1,2", "name": "Capitol Hill Station", "walkingMeters": 475, "walkingSeconds": 342, "band": 5}]}, "geometry": {"type": "Point", "coordinates": [-122.319725, 47.6151276]}}, {"type": "Feature", "properties": {"id": "2357e1ec-0c0a-4be7-a84d-01f4b37a0223", "name": "Isla House And Flower", "category": "gift", "tags": ["gift"], "sources": ["overture"], "website": "https://mattooncommongrounds.com/dragonfly", "phone": "2066185999", "address": "919 E Pine St  Ste B", "stations": [{"stopCode": 49, "lines": "1,2", "name": "Capitol Hill Station", "walkingMeters": 571, "walkingSeconds": 426, "band": 5}]}, "geometry": {"type": "Point", "coordinates": [-122.3197479, 47.6151237]}}, {"type": "Feature", "properties": {"id": "c57f2462-3081-49c3-b2b2-ef2c2bfb2712", "name": "Visette Boutique", "category": "clothes", "tags": ["clothes", "womens"], "sources": ["overture"], "website": "http://visetteboutique.com/", "phone": "2069289898", "address": "1417 10th Ave St", "stations": [{"stopCode": 49, "lines": "1,2", "name": "Capitol Hill Station", "walkingMeters": 645, "walkingSeconds": 464, "band": 10}]}, "geometry": {"type": "Point", "coordinates": [-122.3196411, 47.6135826]}}, {"type": "Feature", "properties": {"id": "caa3f577-9170-48e9-ae8f-c6d3b306b546", "name": "Horizon Books", "category": "books", "tags": ["books"], "sources": ["overture"], "phone": "+12066964099", "address": "1423 10th Ave Ste A", "stations": [{"stopCode": 49, "lines": "1,2", "name": "Capitol Hill Station", "walkingMeters": 637, "walkingSeconds": 458, "band": 10}]}, "geometry": {"type": "Point", "coordinates": [-122.3198471, 47.6135712]}}, {"type": "Feature", "properties": {"id": "cff62b87-3416-4e22-ab45-22ff614482eb", "name": "Semigood Design", "category": "furniture", "tags": ["furniture"], "sources": ["overture"], "website": "http://semigoods.com/", "phone": "+14253694927", "address": "1506 11th Ave", "stations": [{"stopCode": 49, "lines": "1,2", "name": "Capitol Hill Station", "walkingMeters": 709, "walkingSeconds": 529, "band": 10}]}, "geometry": {"type": "Point", "coordinates": [-122.3180161, 47.6143799]}}, {"type": "Feature", "properties": {"id": "8264c076-33f4-453a-8db8-b71537491afd", "name": "fox + the feather", "category": "clothes", "tags": ["clothes", "womens"], "sources": ["overture"], "website": "http://www.foxandthefeather.com", "phone": "(206) 915-2087", "address": "1507 11th Ave", "stations": [{"stopCode": 49, "lines": "1,2", "name": "Capitol Hill Station", "walkingMeters": 697, "walkingSeconds": 520, "band": 10}]}, "geometry": {"type": "Point", "coordinates": [-122.3184814, 47.6143761]}}, {"type": "Feature", "properties": {"id": "c0002df9-a9e1-4e4a-9816-627ea1c3cc8e", "name": "Alta Glamour", "category": "books", "tags": ["books"], "sources": ["overture"], "website": "http://www.alta-glamour.com", "phone": "+12063287282", "address": "1520 11th Ave", "stations": [{"stopCode": 49, "lines": "1,2", "name": "Capitol Hill Station", "walkingMeters": 625, "walkingSeconds": 450, "band": 10}]}, "geometry": {"type": "Point", "coordinates": [-122.3179626, 47.6147728]}}, {"type": "Feature", "properties": {"id": "944aa477-4ff2-4c6d-ac7a-b9692e499222", "name": "Northwest Liquor & Wine", "category": "alcohol", "tags": ["alcohol"], "sources": ["overture"], "website": "http://nwliquorandwine.com/", "phone": "+12068606885", "address": "1605 12th Ave", "stations": [{"stopCode": 49, "lines": "1,2", "name": "Capitol Hill Station", "walkingMeters": 619, "walkingSeconds": 445, "band": 10}]}, "geometry": {"type": "Point", "coordinates": [-122.3171921, 47.615551]}}, {"type": "Feature", "properties": {"id": "441384f1-f918-4d25-a71a-895565cbaa4f", "name": "Revival Home & Garden", "category": "furniture", "tags": ["furniture"], "sources": ["overture"], "website": "revivalhomeandgarden.com", "phone": "2067633886", "address": "1517 12th Ave  Ste 101", "stations": [{"stopCode": 49, "lines": "1,2", "name": "Capitol Hill Station", "walkingMeters": 706, "walkingSeconds": 527, "band": 10}]}, "geometry": {"type": "Point", "coordinates": [-122.3172531, 47.6145935]}}, {"type": "Feature", "properties": {"id": "7edaa364-af5e-4dd0-a36c-b604e6045139", "name": "Jet Set Catering Inc", "category": "supermarket", "tags": ["supermarket"], "sources": ["overture"], "address": "1122 E Pike St PMB 1116", "stations": [{"stopCode": 49, "lines": "1,2", "name": "Capitol Hill Station", "walkingMeters": 749, "walkingSeconds": 559, "band": 10}]}, "geometry": {"type": "Point", "coordinates": [-122.3172607, 47.6142693]}}, {"type": "Feature", "properties": {"id": "02e55b00-3113-4225-95ee-f37233a4d2e8", "name": "Bootyland", "category": "clothes", "tags": ["clothes", "childrens"], "sources": ["overture"], "website": "http://www.bootylandkids.com", "phone": "+12063280636", "address": "1429 12th Ave Suite D3", "stations": [{"stopCode": 49, "lines": "1,2", "name": "Capitol Hill Station", "walkingMeters": 768, "walkingSeconds": 552, "band": 10}]}, "geometry": {"type": "Point", "coordinates": [-122.3176041, 47.6137199]}}, {"type": "Feature", "properties": {"id": "0b19d024-5038-4fe5-bb52-a19cf1159f57", "name": "Two Owls", "category": "toys", "tags": ["toys"], "sources": ["overture"], "phone": "+12063280636", "address": "1429 12th Ave Ste D3", "stations": [{"stopCode": 49, "lines": "1,2", "name": "Capitol Hill Station", "walkingMeters": 825, "walkingSeconds": 616, "band": 10}]}, "geometry": {"type": "Point", "coordinates": [-122.3170319, 47.6137695]}}, {"type": "Feature", "properties": {"id": "bb6e769d-791c-498d-b581-c58babba05bf", "name": "Sway And Cake", "category": "clothes", "tags": ["clothes", "womens"], "sources": ["overture"], "website": "http://www.swayandcake.com", "phone": "+12064666027", "address": "1429 12th Ave Ste D", "stations": [{"stopCode": 49, "lines": "1,2", "name": "Capitol Hill Station", "walkingMeters": 825, "walkingSeconds": 616, "band": 10}]}, "geometry": {"type": "Point", "coordinates": [-122.3170319, 47.6137695]}}, {"type": "Feature", "properties": {"id": "33c674e4-16c2-438b-b22c-2c868f26b919", "name": "Loft 63", "category": "furniture", "tags": ["furniture"], "sources": ["overture"], "website": "https://loft63.com", "phone": "(206) 329-1716", "address": "1205 E Pike St", "stations": [{"stopCode": 49, "lines": "1,2", "name": "Capitol Hill Station", "walkingMeters": 822, "walkingSeconds": 591, "band": 10}]}, "geometry": {"type": "Point", "coordinates": [-122.3165359, 47.6139565]}}, {"type": "Feature", "properties": {"id": "12088372-d153-41bd-bb9a-91cd7a69494f", "name": "Sergius & Bacchus", "category": "clothes", "tags": ["clothes", "mens"], "sources": ["overture"], "website": "http://sergiusandbacchus.com/", "phone": "+12068093296", "address": "1205 E Pike St", "stations": [{"stopCode": 49, "lines": "1,2", "name": "Capitol Hill Station", "walkingMeters": 829, "walkingSeconds": 596, "band": 10}]}, "geometry": {"type": "Point", "coordinates": [-122.3164368, 47.6140137]}}, {"type": "Feature", "properties": {"id": "618e5b0c-83df-42f3-8407-333af247507e", "name": "Scratch Deli Llc", "category": "supermarket", "tags": ["supermarket"], "sources": ["overture"], "website": "https://scratchdeli.com", "address": "1718 12th Ave", "stations": [{"stopCode": 49, "lines": "1,2", "name": "Capitol Hill Station", "walkingMeters": 467, "walkingSeconds": 336, "band": 10}]}, "geometry": {"type": "Point", "coordinates": [-122.3165054, 47.6170731]}}, {"type": "Feature", "properties": {"id": "3dc2680d-29d3-48df-bcb1-f61398c82040", "name": "City Catering Co", "category": "supermarket", "tags": ["supermarket"], "sources": ["overture"], "address": "1318 E Pine St", "stations": [{"stopCode": 49, "lines": "1,2", "name": "Capitol Hill Station", "walkingMeters": 823, "walkingSeconds": 592, "band": 10}]}, "geometry": {"type": "Point", "coordinates": [-122.3145828, 47.6154518]}}, {"type": "Feature", "properties": {"id": "4b406ec5-1b25-45c2-a511-48c4190d5ecf", "name": "Old School Frozen Custard", "category": "supermarket", "tags": ["supermarket"], "sources": ["overture"], "website": "https://oldschoolfrozencustard.com", "address": "1316 E Pike St", "stations": [{"stopCode": 49, "lines": "1,2", "name": "Capitol Hill Station", "walkingMeters": 874, "walkingSeconds": 652, "band": 15}]}, "geometry": {"type": "Point", "coordinates": [-122.3145676, 47.6143494]}}, {"type": "Feature", "properties": {"id": "09dd67b5-4a00-4f21-bc60-d34841b4ea2c", "name": "Insomniax Coffee", "category": "supermarket", "tags": ["supermarket"], "sources": ["overture"], "website": "https://www.insomniaxcoffee.com", "address": "102 15th Ave E", "stations": [{"stopCode": 49, "lines": "1,2", "name": "Capitol Hill Station", "walkingMeters": 666, "walkingSeconds": 478, "band": 10}]}, "geometry": {"type": "Point", "coordinates": [-122.3123856, 47.6189308]}}, {"type": "Feature", "properties": {"id": 2158750356, "name": "Walgreens", "category": "pharmacy", "tags": ["pharmacy"], "sources": ["osm"], "address": "1409 11th Avenue", "hours": "07:00-19:00", "stations": [{"stopCode": 49, "lines": "1,2", "name": "Capitol Hill Station", "walkingMeters": 772, "walkingSeconds": 555, "band": 10}]}, "geometry": {"type": "Point", "coordinates": [-122.3183717, 47.6133049]}}, {"type": "Feature", "properties": {"id": "e6edf01a-9663-49f7-9511-be854b362d75", "name": "Kaiser Permanente", "category": "hospital", "tags": ["hospital"], "sources": ["overture"], "website": "https://healthy.kaiserpermanente.org/", "phone": "+12063264436", "address": "125 16th Ave E", "stations": [{"stopCode": 49, "lines": "1,2", "name": "Capitol Hill Station", "walkingMeters": 777, "walkingSeconds": 580, "band": 10}]}, "geometry": {"type": "Point", "coordinates": [-122.3122253, 47.619133]}}, {"type": "Feature", "properties": {"id": 13897947901, "name": "Genoa Healthcare", "category": "pharmacy", "tags": ["pharmacy"], "sources": ["osm", "overture"], "website": "http://www.genoahealthcare.com/", "phone": "4258357110", "address": "1600 E Olive St", "hours": "Mo-Fr 08:30-17:00", "stations": [{"stopCode": 49, "lines": "1,2", "name": "Capitol Hill Station", "walkingMeters": 916, "walkingSeconds": 658, "band": 15}]}, "geometry": {"type": "Point", "coordinates": [-122.3108244, 47.6168979]}}, {"type": "Feature", "properties": {"id": 160184912, "name": "Sound Mental Health", "category": "clinic", "tags": ["clinic"], "sources": ["osm"], "address": "122 16th Avenue East", "stations": [{"stopCode": 49, "lines": "1,2", "name": "Capitol Hill Station", "walkingMeters": 812, "walkingSeconds": 583, "band": 15}]}, "geometry": {"type": "Point", "coordinates": [-122.3110861, 47.6189128]}}, {"type": "Feature", "properties": {"id": 297300958, "name": "Kaiser Permanente Capitol Hill Campus", "category": "hospital", "tags": ["hospital"], "sources": ["osm"], "address": "201 16th Avenue East", "stations": [{"stopCode": 49, "lines": "1,2", "name": "Capitol Hill Station", "walkingMeters": 755, "walkingSeconds": 542, "band": 10}]}, "geometry": {"type": "Point", "coordinates": [-122.3120786, 47.6199564]}}, {"type": "Feature", "properties": {"id": "c51943af-7414-492f-a180-7a1c8e90da49", "name": "Moms Pharmacy Capital Hill", "category": "pharmacy", "tags": ["pharmacy"], "sources": ["overture"], "website": "http://www.momspharmacy.com", "phone": "+12065682486", "address": "1017 E Union St", "stations": [{"stopCode": 49, "lines": "1,2", "name": "Capitol Hill Station", "walkingMeters": 788, "walkingSeconds": 567, "band": 10}]}, "geometry": {"type": "Point", "coordinates": [-122.3186569, 47.6127052]}}, {"type": "Feature", "properties": {"id": "0d1ed797-d6a3-48b2-b140-72deb7a52732", "name": "Walgreens Specialty Pharmacy", "category": "pharmacy", "tags": ["pharmacy"], "sources": ["overture"], "website": "https://www.walgreens.com", "phone": "+12063242335", "address": "1409 11th Ave", "stations": [{"stopCode": 49, "lines": "1,2", "name": "Capitol Hill Station", "walkingMeters": 692, "walkingSeconds": 498, "band": 10}]}, "geometry": {"type": "Point", "coordinates": [-122.3192825, 47.6132851]}}, {"type": "Feature", "properties": {"id": "ed42f121-8240-4978-b478-988e197f857c", "name": "Community Pharmacy", "category": "pharmacy", "tags": ["pharmacy"], "sources": ["overture"], "website": "https://www.walgreens.com/locator/walgreens-1409+11th+ave-seattle-wa-98122/id=16403", "phone": "(206) 324-2335", "address": "1409 11th Ave", "stations": [{"stopCode": 49, "lines": "1,2", "name": "Capitol Hill Station", "walkingMeters": 778, "walkingSeconds": 560, "band": 10}]}, "geometry": {"type": "Point", "coordinates": [-122.3185501, 47.6132507]}}, {"type": "Feature", "properties": {"id": "101bee61-7f9b-4af8-958b-e60414d11ea3", "name": "Intuitive Bodywork", "category": "clinic", "tags": ["clinic", "medical"], "sources": ["overture"], "website": "http://intuitive-bodywork.com", "phone": "(206) 556-3496", "address": "1202 E Pine St", "stations": [{"stopCode": 49, "lines": "1,2", "name": "Capitol Hill Station", "walkingMeters": 656, "walkingSeconds": 472, "band": 10}]}, "geometry": {"type": "Point", "coordinates": [-122.3166428, 47.6154175]}}, {"type": "Feature", "properties": {"id": "b93c87bd-3587-4c0e-9a81-974b819397cc", "name": "Anesthesia Pain Services", "category": "hospital", "tags": ["hospital"], "sources": ["overture"], "address": "John St", "stations": [{"stopCode": 49, "lines": "1,2", "name": "Capitol Hill Station", "walkingMeters": 811, "walkingSeconds": 583, "band": 10}]}, "geometry": {"type": "Point", "coordinates": [-122.3117905, 47.619812]}}, {"type": "Feature", "properties": {"id": "8738af49-8439-4181-b95c-32e98a102761", "name": "Capitol Hill Main Building", "category": "hospital", "tags": ["hospital"], "sources": ["overture"], "website": "https://healthy.kaiserpermanente.org/washington/facilities/capitol-hill-main-building-338935", "address": "201 16th Ave E", "stations": [{"stopCode": 49, "lines": "1,2", "name": "Capitol Hill Station", "walkingMeters": 825, "walkingSeconds": 616, "band": 10}]}, "geometry": {"type": "Point", "coordinates": [-122.3117752, 47.6196404]}}, {"type": "Feature", "properties": {"id": "dcb26a19-d809-48e2-bdeb-cf7900289e27", "name": "Wade M Austin-getsfrid MD | Kaiser Permanente", "category": "hospital", "tags": ["hospital"], "sources": ["overture"], "website": "https://healthy.kaiserpermanente.org/oregon-washington/clinicians/Wade-Austin-Getsfrid-7643738?utm_source=GMB_listing", "phone": "2063263530", "address": "201 16th Ave E", "stations": [{"stopCode": 49, "lines": "1,2", "name": "Capitol Hill Station", "walkingMeters": 824, "walkingSeconds": 615, "band": 10}]}, "geometry": {"type": "Point", "coordinates": [-122.3117752, 47.6196213]}}, {"type": "Feature", "properties": {"id": "f300bfbf-f78e-4d4e-a515-f3c9b37153a3", "name": "Amy Yuen MD | Kaiser Permanente", "category": "clinic", "tags": ["clinic", "medical"], "sources": ["overture"], "website": "https://healthy.kaiserpermanente.org/washington/front-door", "phone": "2063263000", "address": "201 16th Ave E, 0", "stations": [{"stopCode": 49, "lines": "1,2", "name": "Capitol Hill Station", "walkingMeters": 792, "walkingSeconds": 569, "band": 10}]}, "geometry": {"type": "Point", "coordinates": [-122.3117752, 47.6196213]}}, {"type": "Feature", "properties": {"id": "ab86aaa0-b971-4c11-9ffe-8c7091e5b3c4", "name": "Capitol Hill South Building", "category": "clinic", "tags": ["clinic", "medical"], "sources": ["overture"], "website": "https://healthy.kaiserpermanente.org/washington/facilities/capitol-hill-south-building-338951", "address": "125 16th Ave E", "stations": [{"stopCode": 49, "lines": "1,2", "name": "Capitol Hill Station", "walkingMeters": 855, "walkingSeconds": 638, "band": 15}]}, "geometry": {"type": "Point", "coordinates": [-122.3114243, 47.6193085]}}, {"type": "Feature", "properties": {"id": "c678ef23-32cd-4ef8-8f3e-c4f142f76acf", "name": "Pharmacy | Kaiser Permanente Capitol Hill South Building", "category": "pharmacy", "tags": ["pharmacy"], "sources": ["overture"], "website": "https://wa.kaiserpermanente.org/html/public/locations/capitol-hill", "phone": "2063263181", "address": "125 16th Ave E", "stations": [{"stopCode": 49, "lines": "1,2", "name": "Capitol Hill Station", "walkingMeters": 699, "walkingSeconds": 502, "band": 10}]}, "geometry": {"type": "Point", "coordinates": [-122.3122406, 47.6189384]}}, {"type": "Feature", "properties": {"id": 160192949, "name": "Bank of America", "category": "bank", "tags": ["bank"], "sources": ["osm"], "website": "https://locators.bankofamerica.com/wa/seattle/financial-centers-seattle-8308.html", "address": "1300 East Madison Street", "stations": [{"stopCode": 49, "lines": "1,2", "name": "Capitol Hill Station", "walkingMeters": 1053, "walkingSeconds": 757, "band": 15}]}, "geometry": {"type": "Point", "coordinates": [-122.3152759, 47.6137538]}}, {"type": "Feature", "properties": {"id": 6579695486, "name": "Banner Bank", "category": "bank", "tags": ["bank"], "sources": ["osm"], "address": "1222 East Madison Street", "stations": [{"stopCode": 49, "lines": "1,2", "name": "Capitol Hill Station", "walkingMeters": 965, "walkingSeconds": 694, "band": 15}]}, "geometry": {"type": "Point", "coordinates": [-122.3157512, 47.6133833]}}, {"type": "Feature", "properties": {"id": 11982349632, "name": "Beneficial State Bank", "category": "bank", "tags": ["bank", "credit", "union"], "sources": ["osm", "overture"], "website": "https://beneficialstatebank.com/", "phone": "2068128897", "address": "1501 E Madison St", "hours": "Mo-Fr 08:00-18:00", "stations": [{"stopCode": 49, "lines": "1,2", "name": "Capitol Hill Station", "walkingMeters": 1066, "walkingSeconds": 766, "band": 15}]}, "geometry": {"type": "Point", "coordinates": [-122.3126221, 47.6144198]}}, {"type": "Feature", "properties": {"id": 206623629, "name": "Postal Plus", "category": "post_office", "tags": ["post-office", "office"], "sources": ["osm", "overture"], "website": "https://www.postalplusseattle.com", "phone": "+12067596777", "address": "1211 E Denny Way", "hours": "Mo-Fr 09:30-17:30; Sa,Su off", "stations": [{"stopCode": 49, "lines": "1,2", "name": "Capitol Hill Station", "walkingMeters": 324, "walkingSeconds": 233, "band": 5}]}, "geometry": {"type": "Point", "coordinates": [-122.3163815, 47.6186341]}}, {"type": "Feature", "properties": {"id": "770ee3be-a922-4f56-a51b-41d750f01773", "name": "Bank of America Financial Center", "category": "bank", "tags": ["bank", "credit", "union"], "sources": ["overture"], "website": "https://locators.bankofamerica.com/wa/seattle/financial-centers-seattle-8308.html", "phone": "2063582055", "address": "1300 E Madison St", "stations": [{"stopCode": 49, "lines": "1,2", "name": "Capitol Hill Station", "walkingMeters": 942, "walkingSeconds": 703, "band": 15}]}, "geometry": {"type": "Point", "coordinates": [-122.315033, 47.6135521]}}, {"type": "Feature", "properties": {"id": 2158761236, "name": "Rain City Fit", "category": "fitness_centre", "tags": ["fitness-centre", "gym"], "sources": ["osm", "overture"], "website": "http://www.raincityfit.com/", "phone": "+12062584935", "address": "1516 11th Ave", "hours": "Mo-Su 04:00-24:00", "stations": [{"stopCode": 49, "lines": "1,2", "name": "Capitol Hill Station", "walkingMeters": 644, "walkingSeconds": 463, "band": 10}]}, "geometry": {"type": "Point", "coordinates": [-122.317992, 47.6146027]}}, {"type": "Feature", "properties": {"id": 2384460240, "name": "Seattle Yoga Arts", "category": "fitness_centre", "tags": ["fitness-centre", "yoga", "studio"], "sources": ["osm", "overture"], "website": "seattleyogaarts.com", "phone": "2062039546", "address": "1540 15th Ave", "stations": [{"stopCode": 49, "lines": "1,2", "name": "Capitol Hill Station", "walkingMeters": 1002, "walkingSeconds": 720, "band": 15}]}, "geometry": {"type": "Point", "coordinates": [-122.312577, 47.6149952]}}, {"type": "Feature", "properties": {"id": "3a771dfd-67e6-4c64-82a7-9382a146cfbb", "name": "barre3", "category": "fitness_centre", "tags": ["fitness-centre", "gym"], "sources": ["overture"], "website": "http://barre3.com/studio-locations/seattle-capitol-hill", "phone": "2062571694", "address": "1404 12th Ave", "stations": [{"stopCode": 49, "lines": "1,2", "name": "Capitol Hill Station", "walkingMeters": 895, "walkingSeconds": 643, "band": 10}]}, "geometry": {"type": "Point", "coordinates": [-122.3168335, 47.6131744]}}, {"type": "Feature", "properties": {"id": "fcae4030-3f50-4afd-b9de-350eda1d5368", "name": "Pure Barre", "category": "fitness_centre", "tags": ["fitness-centre", "pilates", "studio"], "sources": ["overture"], "website": "https://www.purebarre.com/location/seattle-capitol-hill-wa", "phone": "+12064031820", "address": "1222 E Pine St", "stations": [{"stopCode": 49, "lines": "1,2", "name": "Capitol Hill Station", "walkingMeters": 725, "walkingSeconds": 521, "band": 10}]}, "geometry": {"type": "Point", "coordinates": [-122.3158798, 47.615387]}}, {"type": "Feature", "properties": {"id": 5199218716, "name": "RCF Barbell Club", "category": "fitness_centre", "tags": ["fitness-centre", "gym"], "sources": ["osm", "overture"], "website": "https://www.rcfbarbellclub.com", "address": "1318 E Pine St B", "hours": "24/7", "stations": [{"stopCode": 49, "lines": "1,2", "name": "Capitol Hill Station", "walkingMeters": 814, "walkingSeconds": 585, "band": 10}]}, "geometry": {"type": "Point", "coordinates": [-122.3146842, 47.6154337]}}, {"type": "Feature", "properties": {"id": 5910669802, "name": "Foundation Barbell", "category": "sports_centre", "tags": ["sports-centre", "weightlifting", "crossfit"], "sources": ["osm"], "stations": [{"stopCode": 49, "lines": "1,2", "name": "Capitol Hill Station", "walkingMeters": 755, "walkingSeconds": 543, "band": 10}]}, "geometry": {"type": "Point", "coordinates": [-122.3171535, 47.6142848]}}, {"type": "Feature", "properties": {"id": 12782006301, "name": "Foundation CrossFit", "category": "fitness_centre", "tags": ["fitness-centre", "gym"], "sources": ["osm", "overture"], "website": "http://www.foundationcrossfit.com", "phone": "12062990225", "address": "1415 12th Ave", "hours": "Su 10:00-12:00; Mo-Th 06:00-20:30; Fr 06:00-19:30; Sa 09:00-13:00", "stations": [{"stopCode": 49, "lines": "1,2", "name": "Capitol Hill Station", "walkingMeters": 847, "walkingSeconds": 609, "band": 10}]}, "geometry": {"type": "Point", "coordinates": [-122.3170221, 47.6134662]}}, {"type": "Feature", "properties": {"id": "8d83078b-1ed7-41d0-8401-043ec8e4db6e", "name": "Davis Fitness Method", "category": "fitness_centre", "tags": ["fitness-centre", "gym"], "sources": ["overture"], "website": "https://davisfitnessmethod.com", "phone": "(206) 790-1169", "address": "1516 11th Ave", "stations": [{"stopCode": 49, "lines": "1,2", "name": "Capitol Hill Station", "walkingMeters": 678, "walkingSeconds": 487, "band": 10}]}, "geometry": {"type": "Point", "coordinates": [-122.3177032, 47.6146736]}}, {"type": "Feature", "properties": {"id": "b8778ed4-1f91-4651-9024-ba85c66c8476", "name": "Seattle Adaptive Sports", "category": "sports_centre", "tags": ["sports-centre", "sports", "club", "league"], "sources": ["overture"], "website": "http://www.seattleadaptivesports.org", "phone": "(206) 963-0916", "address": "1111 E Madison St", "stations": [{"stopCode": 49, "lines": "1,2", "name": "Capitol Hill Station", "walkingMeters": 975, "walkingSeconds": 702, "band": 15}]}, "geometry": {"type": "Point", "coordinates": [-122.3170547, 47.6122742]}}, {"type": "Feature", "properties": {"id": "ed86bce4-7532-4ff8-af07-b6c0effb4af3", "name": "Dance Church", "category": "fitness_centre", "tags": ["fitness-centre", "fitness", "trainer"], "sources": ["overture"], "website": "http://dancechurch.com", "phone": "+12066009792", "address": "915 E Pine St", "stations": [{"stopCode": 49, "lines": "1,2", "name": "Capitol Hill Station", "walkingMeters": 590, "walkingSeconds": 440, "band": 5}]}, "geometry": {"type": "Point", "coordinates": [-122.3198547, 47.6149864]}}, {"type": "Feature", "properties": {"id": "a9979c91-72e9-4df8-967a-a3c953ca3ef1", "name": "Troy Lucero's Acme Yoga Project", "category": "fitness_centre", "tags": ["fitness-centre", "yoga", "studio"], "sources": ["overture"], "website": "http://troylucero.com/", "phone": "+12064066903", "address": "915 E Pine St", "stations": [{"stopCode": 49, "lines": "1,2", "name": "Capitol Hill Station", "walkingMeters": 484, "walkingSeconds": 348, "band": 5}]}, "geometry": {"type": "Point", "coordinates": [-122.3198395, 47.6151962]}}, {"type": "Feature", "properties": {"id": "4e2a3856-21ec-45fe-b082-34610cfdad9f", "name": "The SweatBox Yoga", "category": "fitness_centre", "tags": ["fitness-centre", "yoga", "studio"], "sources": ["overture"], "website": "http://www.sweatboxyoga.com", "phone": "+12068609642", "address": "1417 10th Ave", "stations": [{"stopCode": 49, "lines": "1,2", "name": "Capitol Hill Station", "walkingMeters": 635, "walkingSeconds": 457, "band": 10}]}, "geometry": {"type": "Point", "coordinates": [-122.3197403, 47.6134987]}}, {"type": "Feature", "properties": {"id": "8f732649-753b-46c1-b37d-8505aea2d777", "name": "F45 Training Capitol Hill", "category": "fitness_centre", "tags": ["fitness-centre", "gym"], "sources": ["overture"], "website": "https://f45training.com", "phone": "12063375338", "address": "1419 11th Ave", "stations": [{"stopCode": 49, "lines": "1,2", "name": "Capitol Hill Station", "walkingMeters": 746, "walkingSeconds": 536, "band": 10}]}, "geometry": {"type": "Point", "coordinates": [-122.3185272, 47.6134453]}}, {"type": "Feature", "properties": {"id": "cdd7e183-2404-444b-9b7f-13cc5f07195d", "name": "NW Corporate Yoga", "category": "fitness_centre", "tags": ["fitness-centre", "yoga", "studio"], "sources": ["overture"], "website": "https://nwcorporateyoga.com/", "phone": "4259080283", "address": "1517 12th Ave", "stations": [{"stopCode": 49, "lines": "1,2", "name": "Capitol Hill Station", "walkingMeters": 687, "walkingSeconds": 494, "band": 10}]}, "geometry": {"type": "Point", "coordinates": [-122.3172531, 47.6145897]}}, {"type": "Feature", "properties": {"id": "c273a9f1-1b73-45e5-bc9e-b05e1c1170a7", "name": "Foundation Gym", "category": "fitness_centre", "tags": ["fitness-centre", "gym"], "sources": ["overture"], "website": "http://foundationgym.us/", "phone": "+12062990225", "address": "1415 12th Ave", "stations": [{"stopCode": 49, "lines": "1,2", "name": "Capitol Hill Station", "walkingMeters": 832, "walkingSeconds": 598, "band": 10}]}, "geometry": {"type": "Point", "coordinates": [-122.316925, 47.6136093]}}, {"type": "Feature", "properties": {"id": "95e056d5-edad-4ea2-a095-45f528313624", "name": "Mode Of Fitness", "category": "fitness_centre", "tags": ["fitness-centre", "gym"], "sources": ["overture"], "website": "https://www.modeoffitness.com", "phone": "2064201767", "address": "1410 14th Ave", "stations": [{"stopCode": 49, "lines": "1,2", "name": "Capitol Hill Station", "walkingMeters": 1078, "walkingSeconds": 775, "band": 15}]}, "geometry": {"type": "Point", "coordinates": [-122.3140106, 47.6133919]}}]}