{"type": "FeatureCollection", "features": [{"type": "Feature", "properties": {"id": "05d2f7d1-62a1-4dd0-9949-3ce36b3775a6", "name": "Starbucks", "category": "cafe", "tags": ["cafe", "coffee"], "sources": ["overture"], "phone": "2063818965", "address": "505 5th Ave S (505", "stations": [{"stopCode": 53, "lines": "1,2", "name": "International District Station", "walkingMeters": 81, "walkingSeconds": 58, "band": 5}, {"stopCode": 52, "lines": "1,2", "name": "Pioneer Square Station", "walkingMeters": 684, "walkingSeconds": 504, "band": 10}, {"stopCode": 54, "lines": "1", "name": "Stadium Station", "walkingMeters": 897, "walkingSeconds": 648, "band": 15}]}, "geometry": {"type": "Point", "coordinates": [-122.3277054, 47.5978737]}}, {"type": "Feature", "properties": {"id": 360439963, "name": "Samurai Noodle", "category": "restaurant", "tags": ["restaurant", "japanese", "indoor-seating", "vegetarian", "vegan", "air-conditioned", "noodles"], "sources": ["osm", "overture"], "website": "http://www.samurainoodle.com/", "phone": "+12066249321", "address": "606 5th Ave S", "hours": "Mo, Th-Fr 11:30-15:00, 17:00-20:00; Sa-Su 11:30-20:00", "stations": [{"stopCode": 53, "lines": "1,2", "name": "International District Station", "walkingMeters": 165, "walkingSeconds": 119, "band": 5}, {"stopCode": 52, "lines": "1,2", "name": "Pioneer Square Station", "walkingMeters": 756, "walkingSeconds": 554, "band": 10}, {"stopCode": 54, "lines": "1", "name": "Stadium Station", "walkingMeters": 814, "walkingSeconds": 586, "band": 15}]}, "geometry": {"type": "Point", "coordinates": [-122.3275121, 47.5971808]}}, {"type": "Feature", "properties": {"id": 1610913839, "name": "Sushi%AYCE", "category": "restaurant", "tags": ["restaurant", "sushi"], "sources": ["osm"], "phone": "+1-206-485-7027", "address": "660 South King Street", "stations": [{"stopCode": 53, "lines": "1,2", "name": "International District Station", "walkingMeters": 272, "walkingSeconds": 195, "band": 5}, {"stopCode": 52, "lines": "1,2", "name": "Pioneer Square Station", "walkingMeters": 841, "walkingSeconds": 617, "band": 15}, {"stopCode": 54, "lines": "1", "name": "Stadium Station", "walkingMeters": 1015, "walkingSeconds": 732, "band": 15}]}, "geometry": {"type": "Point", "coordinates": [-122.3244898, 47.5984711]}}, {"type": "Feature", "properties": {"id": 2434527387, "name": "TP Tea", "category": "cafe", "tags": ["cafe", "bubble-tea", "tea", "room"], "sources": ["osm", "overture"], "website": "https://en.tp-tea.com/", "phone": "+12064857481", "address": "679 S King St", "hours": "12:00-20:00", "stations": [{"stopCode": 53, "lines": "1,2", "name": "International District Station", "walkingMeters": 321, "walkingSeconds": 231, "band": 5}, {"stopCode": 52, "lines": "1,2", "name": "Pioneer Square Station", "walkingMeters": 895, "walkingSeconds": 656, "band": 15}, {"stopCode": 54, "lines": "1", "name": "Stadium Station", "walkingMeters": 1033, "walkingSeconds": 745, "band": 15}]}, "geometry": {"type": "Point", "coordinates": [-122.3239869, 47.5982187]}}, {"type": "Feature", "properties": {"id": 360439955, "name": "Spice King", "category": "cafe", "tags": ["cafe", "indian"], "sources": ["osm"], "address": "604 5th Avenue South", "stations": [{"stopCode": 53, "lines": "1,2", "name": "International District Station", "walkingMeters": 150, "walkingSeconds": 108, "band": 5}, {"stopCode": 52, "lines": "1,2", "name": "Pioneer Square Station", "walkingMeters": 742, "walkingSeconds": 544, "band": 10}, {"stopCode": 54, "lines": "1", "name": "Stadium Station", "walkingMeters": 828, "walkingSeconds": 596, "band": 15}]}, "geometry": {"type": "Point", "coordinates": [-122.327513, 47.5973127]}}, {"type": "Feature", "properties": {"id": 2434520560, "name": "Maneki", "category": "restaurant", "tags": ["restaurant", "japanese", "indoor-seating"], "sources": ["osm"], "website": "https://www.manekiseattle.com/", "phone": "+1-503-662-2814", "address": "304 6th Avenue South", "hours": "Tu-Su 17:00-21:00", "stations": [{"stopCode": 53, "lines": "1,2", "name": "International District Station", "walkingMeters": 272, "walkingSeconds": 196, "band": 5}, {"stopCode": 52, "lines": "1,2", "name": "Pioneer Square Station", "walkingMeters": 583, "walkingSeconds": 430, "band": 10}, {"stopCode": 54, "lines": "1", "name": "Stadium Station", "walkingMeters": 1063, "walkingSeconds": 769, "band": 15}]}, "geometry": {"type": "Point", "coordinates": [-122.3261385, 47.5997484]}}, {"type": "Feature", "properties": {"id": 2434520616, "name": "Onibaba", "category": "cafe", "tags": ["cafe", "japanese"], "sources": ["osm"], "address": "515 South Main Street", "stations": [{"stopCode": 53, "lines": "1,2", "name": "International District Station", "walkingMeters": 252, "walkingSeconds": 181, "band": 5}, {"stopCode": 52, "lines": "1,2", "name": "Pioneer Square Station", "walkingMeters": 516, "walkingSeconds": 382, "band": 10}, {"stopCode": 54, "lines": "1", "name": "Stadium Station", "walkingMeters": 1114, "walkingSeconds": 806, "band": 15}, {"stopCode": 51, "lines": "1,2", "name": "Symphony Station", "walkingMeters": 1227, "walkingSeconds": 883, "band": 15}]}, "geometry": {"type": "Point", "coordinates": [-122.3268476, 47.5998959]}}, {"type": "Feature", "properties": {"id": 2434520621, "name": "Chengdu Memory", "category": "restaurant", "tags": ["restaurant", "chinese", "asian"], "sources": ["osm", "overture"], "website": "http://www.chengdumemory.com", "phone": "+12066246289", "address": "520 S Jackson St", "stations": [{"stopCode": 53, "lines": "1,2", "name": "International District Station", "walkingMeters": 188, "walkingSeconds": 135, "band": 5}, {"stopCode": 52, "lines": "1,2", "name": "Pioneer Square Station", "walkingMeters": 598, "walkingSeconds": 441, "band": 10}, {"stopCode": 54, "lines": "1", "name": "Stadium Station", "walkingMeters": 1029, "walkingSeconds": 745, "band": 15}, {"stopCode": 51, "lines": "1,2", "name": "Symphony Station", "walkingMeters": 1309, "walkingSeconds": 942, "band": 15}]}, "geometry": {"type": "Point", "coordinates": [-122.3267361, 47.5994006]}}, {"type": "Feature", "properties": {"id": 2434527194, "name": "Ph\u00f3 Ba", "category": "restaurant", "tags": ["restaurant", "vietnamese", "asian", "noodles"], "sources": ["osm", "overture"], "website": "http://www.thephobac.com", "phone": "+12066210532", "address": "415 7th Ave S", "stations": [{"stopCode": 53, "lines": "1,2", "name": "International District Station", "walkingMeters": 353, "walkingSeconds": 254, "band": 5}, {"stopCode": 52, "lines": "1,2", "name": "Pioneer Square Station", "walkingMeters": 861, "walkingSeconds": 631, "band": 15}, {"stopCode": 54, "lines": "1", "name": "Stadium Station", "walkingMeters": 1093, "walkingSeconds": 788, "band": 15}]}, "geometry": {"type": "Point", "coordinates": [-122.3239381, 47.5987561]}}, {"type": "Feature", "properties": {"id": 2434527205, "name": "Green Leaf", "category": "restaurant", "tags": ["restaurant", "vietnamese", "takeaway", "delivery"], "sources": ["osm"], "website": "http://greenleaftaste.com/", "phone": "+1-206-401-9276", "address": "418 8th Avenue South", "hours": "11:00-22:00", "stations": [{"stopCode": 53, "lines": "1,2", "name": "International District Station", "walkingMeters": 455, "walkingSeconds": 326, "band": 10}, {"stopCode": 52, "lines": "1,2", "name": "Pioneer Square Station", "walkingMeters": 955, "walkingSeconds": 701, "band": 15}, {"stopCode": 54, "lines": "1", "name": "Stadium Station", "walkingMeters": 1171, "walkingSeconds": 842, "band": 15}]}, "geometry": {"type": "Point", "coordinates": [-122.3222896, 47.5985994]}}, {"type": "Feature", "properties": {"id": 2434527206, "name": "Mike's Noodle House", "category": "restaurant", "tags": ["restaurant", "chinese", "noodles", "asian"], "sources": ["osm", "overture"], "website": "http://mikesnoodlehouse.bite2go.com", "phone": "+12063897099", "address": "418 Maynard Ave S", "hours": "Mo-Fr 10:00-19:00; Sa-Su 10:00-20:00", "stations": [{"stopCode": 53, "lines": "1,2", "name": "International District Station", "walkingMeters": 252, "walkingSeconds": 181, "band": 5}, {"stopCode": 52, "lines": "1,2", "name": "Pioneer Square Station", "walkingMeters": 806, "walkingSeconds": 590, "band": 10}, {"stopCode": 54, "lines": "1", "name": "Stadium Station", "walkingMeters": 996, "walkingSeconds": 719, "band": 15}]}, "geometry": {"type": "Point", "coordinates": [-122.3249044, 47.5985988]}}, {"type": "Feature", "properties": {"id": 2434527207, "name": "A+ Kitchen", "category": "restaurant", "tags": ["restaurant", "chinese"], "sources": ["osm"], "phone": "+1-206-682-1267", "address": "419 6th Avenue South", "hours": "We-Mo 10:00-21:00", "stations": [{"stopCode": 53, "lines": "1,2", "name": "International District Station", "walkingMeters": 131, "walkingSeconds": 94, "band": 5}, {"stopCode": 52, "lines": "1,2", "name": "Pioneer Square Station", "walkingMeters": 694, "walkingSeconds": 513, "band": 10}, {"stopCode": 54, "lines": "1", "name": "Stadium Station", "walkingMeters": 930, "walkingSeconds": 672, "band": 15}]}, "geometry": {"type": "Point", "coordinates": [-122.3265321, 47.5985406]}}, {"type": "Feature", "properties": {"id": 2434527211, "name": "Szechuan Noodle Bowl", "category": "restaurant", "tags": ["restaurant", "asian", "chinese", "noodles"], "sources": ["osm", "overture"], "website": "https://www.ubereats.com/seattle/food-delivery/szechuan-noodle-bowl/6Bc1nssARgGuvXl7deJw2g", "phone": "+12066234198", "address": "420 8th Ave S", "hours": "Tu-Sa 11:30-21:00; Su 11:30-20:30", "stations": [{"stopCode": 53, "lines": "1,2", "name": "International District Station", "walkingMeters": 444, "walkingSeconds": 319, "band": 10}, {"stopCode": 52, "lines": "1,2", "name": "Pioneer Square Station", "walkingMeters": 966, "walkingSeconds": 708, "band": 15}, {"stopCode": 54, "lines": "1", "name": "Stadium Station", "walkingMeters": 1161, "walkingSeconds": 835, "band": 15}]}, "geometry": {"type": "Point", "coordinates": [-122.3222891, 47.5985046]}}, {"type": "Feature", "properties": {"id": 2434527219, "name": "Jade Garden Restaurant", "category": "restaurant", "tags": ["restaurant", "chinese", "asian"], "sources": ["osm", "overture"], "website": "http://jadegardenseattle.com", "phone": "+12066228181", "address": "424 7th Ave S", "stations": [{"stopCode": 53, "lines": "1,2", "name": "International District Station", "walkingMeters": 345, "walkingSeconds": 247, "band": 5}, {"stopCode": 52, "lines": "1,2", "name": "Pioneer Square Station", "walkingMeters": 886, "walkingSeconds": 650, "band": 15}, {"stopCode": 54, "lines": "1", "name": "Stadium Station", "walkingMeters": 1074, "walkingSeconds": 775, "band": 15}]}, "geometry": {"type": "Point", "coordinates": [-122.323587, 47.5984709]}}, {"type": "Feature", "properties": {"id": 2434527222, "name": "Fortune Garden", "category": "restaurant", "tags": ["restaurant", "chinese", "asian"], "sources": ["osm", "overture"], "website": "http://fortunegardenwa.com", "phone": "+12065218933", "address": "424 Maynard Ave S", "stations": [{"stopCode": 53, "lines": "1,2", "name": "International District Station", "walkingMeters": 242, "walkingSeconds": 174, "band": 5}, {"stopCode": 52, "lines": "1,2", "name": "Pioneer Square Station", "walkingMeters": 811, "walkingSeconds": 596, "band": 10}, {"stopCode": 54, "lines": "1", "name": "Stadium Station", "walkingMeters": 987, "walkingSeconds": 712, "band": 15}]}, "geometry": {"type": "Point", "coordinates": [-122.3249044, 47.5985137]}}, {"type": "Feature", "properties": {"id": 2434527226, "name": "Chengdu Taste", "category": "restaurant", "tags": ["restaurant", "chinese"], "sources": ["osm"], "address": "504 5th Avenue South", "hours": "Mo-Fr 11:00-14:00, Mo-Fr 17:00-20:30, Sa,Su 11:00-21:30", "stations": [{"stopCode": 53, "lines": "1,2", "name": "International District Station", "walkingMeters": 50, "walkingSeconds": 36, "band": 5}, {"stopCode": 52, "lines": "1,2", "name": "Pioneer Square Station", "walkingMeters": 653, "walkingSeconds": 482, "band": 10}, {"stopCode": 54, "lines": "1", "name": "Stadium Station", "walkingMeters": 934, "walkingSeconds": 672, "band": 15}]}, "geometry": {"type": "Point", "coordinates": [-122.3275132, 47.5982338]}}, {"type": "Feature", "properties": {"id": 2434527227, "name": "Joe's Bar And Grill", "category": "pub", "tags": ["pub", "has-bar", "restaurant", "bar-and-grill", "bar", "grill"], "sources": ["osm", "overture"], "website": "http://4gods.nl/joes_bar_and_grill", "phone": "+12062239266", "address": "500 S King St", "hours": "Mo,Tu 10:00-24:00, We-Fr 10:00-01:00, Sa 11:00-01:00, Su 11:00-23:00", "stations": [{"stopCode": 53, "lines": "1,2", "name": "International District Station", "walkingMeters": 44, "walkingSeconds": 31, "band": 5}, {"stopCode": 52, "lines": "1,2", "name": "Pioneer Square Station", "walkingMeters": 624, "walkingSeconds": 464, "band": 10}, {"stopCode": 54, "lines": "1", "name": "Stadium Station", "walkingMeters": 967, "walkingSeconds": 696, "band": 15}, {"stopCode": 51, "lines": "1,2", "name": "Symphony Station", "walkingMeters": 1337, "walkingSeconds": 966, "band": 15}]}, "geometry": {"type": "Point", "coordinates": [-122.3275111, 47.5984737]}}, {"type": "Feature", "properties": {"id": 2434527231, "name": "Mochinut and Chung Chun Rice Dog", "category": "fast_food", "tags": ["fast-food", "donut", "bubble-tea", "hot-dog", "korean", "takeaway", "vegetarian"], "sources": ["osm"], "address": "502 South King Street", "hours": "Mo-Fr,Su 11:00-20:00; Sa 11:00-21:00", "stations": [{"stopCode": 53, "lines": "1,2", "name": "International District Station", "walkingMeters": 48, "walkingSeconds": 34, "band": 5}, {"stopCode": 52, "lines": "1,2", "name": "Pioneer Square Station", "walkingMeters": 639, "walkingSeconds": 472, "band": 10}, {"stopCode": 54, "lines": "1", "name": "Stadium Station", "walkingMeters": 964, "walkingSeconds": 694, "band": 15}, {"stopCode": 51, "lines": "1,2", "name": "Symphony Station", "walkingMeters": 1355, "walkingSeconds": 976, "band": 15}]}, "geometry": {"type": "Point", "coordinates": [-122.327443, 47.5984743]}}, {"type": "Feature", "properties": {"id": 2434527259, "name": "Ping's Dumpling House & Market", "category": "restaurant", "tags": ["restaurant", "chinese", "takeaway", "wheelchair-accessible", "wifi", "dumplings"], "sources": ["osm", "overture"], "website": "http://pingsdumplinghouse.com", "phone": "(206) 623-6764", "address": "508 S King St", "stations": [{"stopCode": 53, "lines": "1,2", "name": "International District Station", "walkingMeters": 66, "walkingSeconds": 48, "band": 5}, {"stopCode": 52, "lines": "1,2", "name": "Pioneer Square Station", "walkingMeters": 658, "walkingSeconds": 486, "band": 10}, {"stopCode": 54, "lines": "1", "name": "Stadium Station", "walkingMeters": 969, "walkingSeconds": 700, "band": 15}, {"stopCode": 51, "lines": "1,2", "name": "Symphony Station", "walkingMeters": 1374, "walkingSeconds": 989, "band": 15}]}, "geometry": {"type": "Point", "coordinates": [-122.3272008, 47.5984754]}}, {"type": "Feature", "properties": {"id": 2434527264, "name": "Hong Kong Bistro", "category": "restaurant", "tags": ["restaurant", "chinese", "dim-sum", "asian"], "sources": ["osm", "overture"], "website": "http://nonnisbistro.com/", "phone": "+12066821922", "address": "507 Maynard Ave S #511c", "stations": [{"stopCode": 53, "lines": "1,2", "name": "International District Station", "walkingMeters": 264, "walkingSeconds": 189, "band": 5}, {"stopCode": 52, "lines": "1,2", "name": "Pioneer Square Station", "walkingMeters": 844, "walkingSeconds": 619, "band": 10}, {"stopCode": 54, "lines": "1", "name": "Stadium Station", "walkingMeters": 918, "walkingSeconds": 663, "band": 15}]}, "geometry": {"type": "Point", "coordinates": [-122.325236, 47.5979742]}}, {"type": "Feature", "properties": {"id": 2434527269, "name": "UmmaDak", "category": "restaurant", "tags": ["restaurant", "korean", "chicken"], "sources": ["osm"], "address": "512 South King Street", "hours": "Th-Tu 11:00-20:00", "stations": [{"stopCode": 53, "lines": "1,2", "name": "International District Station", "walkingMeters": 70, "walkingSeconds": 50, "band": 5}, {"stopCode": 52, "lines": "1,2", "name": "Pioneer Square Station", "walkingMeters": 661, "walkingSeconds": 488, "band": 10}, {"stopCode": 54, "lines": "1", "name": "Stadium Station", "walkingMeters": 965, "walkingSeconds": 697, "band": 15}, {"stopCode": 51, "lines": "1,2", "name": "Symphony Station", "walkingMeters": 1377, "walkingSeconds": 992, "band": 15}]}, "geometry": {"type": "Point", "coordinates": [-122.3271514, 47.5984734]}}, {"type": "Feature", "properties": {"id": 2434527280, "name": "Purple Dot Cafe", "category": "restaurant", "tags": ["restaurant", "chinese", "dim-sum", "dim", "sum"], "sources": ["osm", "overture"], "website": "http://purpledotseattle.com/", "phone": "+12066220288", "address": "515 Maynard Ave S", "hours": "Su-Th 09:00-01:00; Fr-Sa 09:00-03:00", "stations": [{"stopCode": 53, "lines": "1,2", "name": "International District Station", "walkingMeters": 280, "walkingSeconds": 202, "band": 5}, {"stopCode": 52, "lines": "1,2", "name": "Pioneer Square Station", "walkingMeters": 861, "walkingSeconds": 631, "band": 10}, {"stopCode": 54, "lines": "1", "name": "Stadium Station", "walkingMeters": 901, "walkingSeconds": 651, "band": 15}]}, "geometry": {"type": "Point", "coordinates": [-122.325228, 47.5978218]}}, {"type": "Feature", "properties": {"id": 2434527282, "name": "Gangnam Korean Restaurant & Catering", "category": "restaurant", "tags": ["restaurant", "korean"], "sources": ["osm"], "address": "516 6th Avenue South", "stations": [{"stopCode": 53, "lines": "1,2", "name": "International District Station", "walkingMeters": 196, "walkingSeconds": 141, "band": 5}, {"stopCode": 52, "lines": "1,2", "name": "Pioneer Square Station", "walkingMeters": 787, "walkingSeconds": 580, "band": 10}, {"stopCode": 54, "lines": "1", "name": "Stadium Station", "walkingMeters": 850, "walkingSeconds": 614, "band": 15}]}, "geometry": {"type": "Point", "coordinates": [-122.326193, 47.5978357]}}, {"type": "Feature", "properties": {"id": 2434527283, "name": "Bun", "category": "restaurant", "tags": ["restaurant", "vietnamese"], "sources": ["osm"], "address": "516 7th Avenue South", "stations": [{"stopCode": 53, "lines": "1,2", "name": "International District Station", "walkingMeters": 393, "walkingSeconds": 282, "band": 5}, {"stopCode": 52, "lines": "1,2", "name": "Pioneer Square Station", "walkingMeters": 951, "walkingSeconds": 696, "band": 15}, {"stopCode": 54, "lines": "1", "name": "Stadium Station", "walkingMeters": 1009, "walkingSeconds": 728, "band": 15}]}, "geometry": {"type": "Point", "coordinates": [-122.3235819, 47.5978531]}}, {"type": "Feature", "properties": {"id": 2434527284, "name": "Honey Court Seafood Restaurant", "category": "restaurant", "tags": ["restaurant", "seafood", "chinese", "asian"], "sources": ["osm", "overture"], "website": "http://www.honeycourtrestaurant.com", "phone": "+12062928828", "address": "516 Maynard Ave S", "stations": [{"stopCode": 53, "lines": "1,2", "name": "International District Station", "walkingMeters": 296, "walkingSeconds": 213, "band": 5}, {"stopCode": 52, "lines": "1,2", "name": "Pioneer Square Station", "walkingMeters": 873, "walkingSeconds": 640, "band": 15}, {"stopCode": 54, "lines": "1", "name": "Stadium Station", "walkingMeters": 910, "walkingSeconds": 656, "band": 15}]}, "geometry": {"type": "Point", "coordinates": [-122.324854, 47.5978114]}}, {"type": "Feature", "properties": {"id": 2434527288, "name": "King's Barbecue House", "category": "fast_food", "tags": ["fast-food", "asian"], "sources": ["osm"], "address": "518 6th Avenue South", "stations": [{"stopCode": 53, "lines": "1,2", "name": "International District Station", "walkingMeters": 202, "walkingSeconds": 145, "band": 5}, {"stopCode": 52, "lines": "1,2", "name": "Pioneer Square Station", "walkingMeters": 793, "walkingSeconds": 585, "band": 10}, {"stopCode": 54, "lines": "1", "name": "Stadium Station", "walkingMeters": 844, "walkingSeconds": 610, "band": 15}]}, "geometry": {"type": "Point", "coordinates": [-122.3261971, 47.5977852]}}, {"type": "Feature", "properties": {"id": 2434527291, "name": "Oasis Tea Zone", "category": "cafe", "tags": ["cafe", "tea", "wifi"], "sources": ["osm"], "website": "https://www.oasisteazone.com/", "phone": "+1-206-624-7827", "address": "519 6th Avenue South", "hours": "Fr-Sa 11:00-02:00; Su-Th 11:00-00:00", "stations": [{"stopCode": 53, "lines": "1,2", "name": "International District Station", "walkingMeters": 198, "walkingSeconds": 143, "band": 5}, {"stopCode": 52, "lines": "1,2", "name": "Pioneer Square Station", "walkingMeters": 790, "walkingSeconds": 582, "band": 10}, {"stopCode": 54, "lines": "1", "name": "Stadium Station", "walkingMeters": 834, "walkingSeconds": 603, "band": 15}]}, "geometry": {"type": "Point", "coordinates": [-122.3265611, 47.5976652]}}, {"type": "Feature", "properties": {"id": 2434527297, "name": "Szechuan Fish", "category": "restaurant", "tags": ["restaurant", "chinese"], "sources": ["osm"], "phone": "+1-206-390-9305", "address": "522 South King Street", "stations": [{"stopCode": 53, "lines": "1,2", "name": "International District Station", "walkingMeters": 107, "walkingSeconds": 77, "band": 5}, {"stopCode": 52, "lines": "1,2", "name": "Pioneer Square Station", "walkingMeters": 694, "walkingSeconds": 514, "band": 10}, {"stopCode": 54, "lines": "1", "name": "Stadium Station", "walkingMeters": 930, "walkingSeconds": 672, "band": 15}]}, "geometry": {"type": "Point", "coordinates": [-122.3266587, 47.5984632]}}, {"type": "Feature", "properties": {"id": 2434527298, "name": "Gaga Tea", "category": "cafe", "tags": ["cafe", "bubble-tea"], "sources": ["osm"], "address": "523 Maynard Avenue South", "hours": "Su-Th 12:00-00:00; Fr-Sa 12:00-02:00", "stations": [{"stopCode": 53, "lines": "1,2", "name": "International District Station", "walkingMeters": 290, "walkingSeconds": 208, "band": 5}, {"stopCode": 52, "lines": "1,2", "name": "Pioneer Square Station", "walkingMeters": 870, "walkingSeconds": 638, "band": 10}, {"stopCode": 54, "lines": "1", "name": "Stadium Station", "walkingMeters": 892, "walkingSeconds": 644, "band": 15}]}, "geometry": {"type": "Point", "coordinates": [-122.325226, 47.5977374]}}, {"type": "Feature", "properties": {"id": 2434527299, "name": "Tanhuo Yanji BBQ", "category": "restaurant", "tags": ["restaurant", "chinese"], "sources": ["osm"], "address": "524 6th Avenue South", "stations": [{"stopCode": 53, "lines": "1,2", "name": "International District Station", "walkingMeters": 229, "walkingSeconds": 165, "band": 5}, {"stopCode": 52, "lines": "1,2", "name": "Pioneer Square Station", "walkingMeters": 820, "walkingSeconds": 604, "band": 10}, {"stopCode": 54, "lines": "1", "name": "Stadium Station", "walkingMeters": 1017, "walkingSeconds": 734, "band": 15}]}, "geometry": {"type": "Point", "coordinates": [-122.3261863, 47.5976364]}}, {"type": "Feature", "properties": {"id": 2434527312, "name": "H Bistro", "category": "restaurant", "tags": ["restaurant", "chinese", "cantonese", "asian"], "sources": ["osm", "overture"], "phone": "+12063829888", "address": "606 S Weller St", "stations": [{"stopCode": 53, "lines": "1,2", "name": "International District Station", "walkingMeters": 241, "walkingSeconds": 173, "band": 5}, {"stopCode": 54, "lines": "1", "name": "Stadium Station", "walkingMeters": 841, "walkingSeconds": 608, "band": 15}, {"stopCode": 52, "lines": "1,2", "name": "Pioneer Square Station", "walkingMeters": 832, "walkingSeconds": 613, "band": 10}]}, "geometry": {"type": "Point", "coordinates": [-122.3260295, 47.5976335]}}, {"type": "Feature", "properties": {"id": 2434527313, "name": "Canton Wonton House", "category": "restaurant", "tags": ["restaurant", "chinese", "asian", "noodles"], "sources": ["osm", "overture"], "website": "http://cantonwontonhouseseattle.24cafes.com", "phone": "+12066825080", "address": "608 S Weller St", "hours": "Mo-Tu, Th-Fr 11:00-16:00; Sa-Su 11:00-20:00", "stations": [{"stopCode": 53, "lines": "1,2", "name": "International District Station", "walkingMeters": 250, "walkingSeconds": 180, "band": 5}, {"stopCode": 54, "lines": "1", "name": "Stadium Station", "walkingMeters": 850, "walkingSeconds": 614, "band": 15}, {"stopCode": 52, "lines": "1,2", "name": "Pioneer Square Station", "walkingMeters": 841, "walkingSeconds": 619, "band": 10}]}, "geometry": {"type": "Point", "coordinates": [-122.3259031, 47.5976332]}}, {"type": "Feature", "properties": {"id": 2434527320, "name": "King Noodle", "category": "restaurant", "tags": ["restaurant", "chinese"], "sources": ["osm", "overture"], "website": "http://www.kingnoodle206.com", "phone": "12067489168", "address": "615 S King St", "hours": "Mo-Th,Su 10:00-22:00; Fr-Sa 10:00-24:00", "stations": [{"stopCode": 53, "lines": "1,2", "name": "International District Station", "walkingMeters": 195, "walkingSeconds": 140, "band": 5}, {"stopCode": 52, "lines": "1,2", "name": "Pioneer Square Station", "walkingMeters": 786, "walkingSeconds": 579, "band": 10}, {"stopCode": 54, "lines": "1", "name": "Stadium Station", "walkingMeters": 946, "walkingSeconds": 683, "band": 15}]}, "geometry": {"type": "Point", "coordinates": [-122.325641, 47.598251]}}, {"type": "Feature", "properties": {"id": 2434527322, "name": "Dim Sum King", "category": "restaurant", "tags": ["restaurant", "chinese", "takeaway", "dim-sum", "dim", "sum", "asian"], "sources": ["osm", "overture"], "website": "http://dimsumkingusa.com/", "phone": "+12066822823", "address": "617 S Jackson St", "stations": [{"stopCode": 53, "lines": "1,2", "name": "International District Station", "walkingMeters": 261, "walkingSeconds": 188, "band": 5}, {"stopCode": 52, "lines": "1,2", "name": "Pioneer Square Station", "walkingMeters": 703, "walkingSeconds": 518, "band": 10}, {"stopCode": 54, "lines": "1", "name": "Stadium Station", "walkingMeters": 1043, "walkingSeconds": 753, "band": 15}]}, "geometry": {"type": "Point", "coordinates": [-122.3255837, 47.599033]}}, {"type": "Feature", "properties": {"id": 2434527339, "name": "Pok\u00e9rrito", "category": "restaurant", "tags": ["restaurant", "seafood"], "sources": ["osm"], "address": "625 South King Street", "hours": "11:00-21:00", "stations": [{"stopCode": 53, "lines": "1,2", "name": "International District Station", "walkingMeters": 224, "walkingSeconds": 161, "band": 5}, {"stopCode": 52, "lines": "1,2", "name": "Pioneer Square Station", "walkingMeters": 812, "walkingSeconds": 596, "band": 10}, {"stopCode": 54, "lines": "1", "name": "Stadium Station", "walkingMeters": 958, "walkingSeconds": 692, "band": 15}]}, "geometry": {"type": "Point", "coordinates": [-122.3252572, 47.5982459]}}, {"type": "Feature", "properties": {"id": 2434527344, "name": "Share Tea", "category": "cafe", "tags": ["cafe"], "sources": ["osm"], "address": "651 South King Street", "stations": [{"stopCode": 53, "lines": "1,2", "name": "International District Station", "walkingMeters": 254, "walkingSeconds": 182, "band": 5}, {"stopCode": 52, "lines": "1,2", "name": "Pioneer Square Station", "walkingMeters": 828, "walkingSeconds": 608, "band": 10}, {"stopCode": 54, "lines": "1", "name": "Stadium Station", "walkingMeters": 968, "walkingSeconds": 699, "band": 15}]}, "geometry": {"type": "Point", "coordinates": [-122.3248828, 47.5982368]}}, {"type": "Feature", "properties": {"id": 2434527348, "name": "\u00c0 Ch\u00e2u", "category": "restaurant", "tags": ["restaurant", "asian", "barbecue"], "sources": ["osm"], "address": "655 South Jackson Street", "stations": [{"stopCode": 53, "lines": "1,2", "name": "International District Station", "walkingMeters": 305, "walkingSeconds": 219, "band": 5}, {"stopCode": 52, "lines": "1,2", "name": "Pioneer Square Station", "walkingMeters": 768, "walkingSeconds": 563, "band": 10}, {"stopCode": 54, "lines": "1", "name": "Stadium Station", "walkingMeters": 1067, "walkingSeconds": 770, "band": 15}]}, "geometry": {"type": "Point", "coordinates": [-122.3247404, 47.5990408]}}, {"type": "Feature", "properties": {"id": 2434527349, "name": "Tai Tung Restaurant", "category": "restaurant", "tags": ["restaurant", "chinese", "asian"], "sources": ["osm", "overture"], "website": "http://www.taitungrestaurant.com/", "phone": "+12066227372", "address": "655 S King St", "stations": [{"stopCode": 53, "lines": "1,2", "name": "International District Station", "walkingMeters": 260, "walkingSeconds": 187, "band": 5}, {"stopCode": 52, "lines": "1,2", "name": "Pioneer Square Station", "walkingMeters": 834, "walkingSeconds": 612, "band": 15}, {"stopCode": 54, "lines": "1", "name": "Stadium Station", "walkingMeters": 975, "walkingSeconds": 703, "band": 15}]}, "geometry": {"type": "Point", "coordinates": [-122.3247951, 47.5982365]}}, {"type": "Feature", "properties": {"id": 2434527351, "name": "Kau Kau Barbecue", "category": "restaurant", "tags": ["restaurant", "barbecue", "asian"], "sources": ["osm"], "website": "https://kaukaubbq.com/", "address": "656 South King Street", "stations": [{"stopCode": 53, "lines": "1,2", "name": "International District Station", "walkingMeters": 257, "walkingSeconds": 184, "band": 5}, {"stopCode": 52, "lines": "1,2", "name": "Pioneer Square Station", "walkingMeters": 826, "walkingSeconds": 606, "band": 15}, {"stopCode": 54, "lines": "1", "name": "Stadium Station", "walkingMeters": 999, "walkingSeconds": 721, "band": 15}]}, "geometry": {"type": "Point", "coordinates": [-122.3246971, 47.5984711]}}, {"type": "Feature", "properties": {"id": 2434527363, "name": "Homestyle Dim Sum", "category": "restaurant", "tags": ["restaurant", "cantonese", "dim-sum", "dim", "sum", "chinese", "asian"], "sources": ["osm", "overture"], "website": "http://dukli.cwok.com", "phone": "+12063406122", "address": "664 S Weller St", "stations": [{"stopCode": 53, "lines": "1,2", "name": "International District Station", "walkingMeters": 368, "walkingSeconds": 264, "band": 5}, {"stopCode": 54, "lines": "1", "name": "Stadium Station", "walkingMeters": 932, "walkingSeconds": 672, "band": 15}, {"stopCode": 52, "lines": "1,2", "name": "Pioneer Square Station", "walkingMeters": 945, "walkingSeconds": 692, "band": 15}]}, "geometry": {"type": "Point", "coordinates": [-122.324324, 47.5976282]}}, {"type": "Feature", "properties": {"id": 2434527369, "name": "A+ Hong Kong Kitchen", "category": "restaurant", "tags": ["restaurant", "chinese"], "sources": ["osm"], "website": "https://www.aplushongkongkitchen.com", "address": "667 South King Street", "hours": "Th-Tu 11:30-21:30", "stations": [{"stopCode": 53, "lines": "1,2", "name": "International District Station", "walkingMeters": 300, "walkingSeconds": 215, "band": 5}, {"stopCode": 52, "lines": "1,2", "name": "Pioneer Square Station", "walkingMeters": 874, "walkingSeconds": 641, "band": 15}, {"stopCode": 54, "lines": "1", "name": "Stadium Station", "walkingMeters": 1012, "walkingSeconds": 730, "band": 15}]}, "geometry": {"type": "Point", "coordinates": [-122.3242722, 47.5982421]}}, {"type": "Feature", "properties": {"id": "b269a2de-47ab-4a28-ab31-cf11d042073a", "name": "A+ Hong Kong Kitchen", "category": "restaurant", "tags": ["restaurant", "chinese", "asian"], "sources": ["overture"], "website": "https://ahongkongkitchen.com", "phone": "+12066821267", "address": "419 6th Ave S", "stations": [{"stopCode": 53, "lines": "1,2", "name": "International District Station", "walkingMeters": 129, "walkingSeconds": 93, "band": 5}, {"stopCode": 52, "lines": "1,2", "name": "Pioneer Square Station", "walkingMeters": 696, "walkingSeconds": 515, "band": 10}, {"stopCode": 54, "lines": "1", "name": "Stadium Station", "walkingMeters": 928, "walkingSeconds": 670, "band": 15}]}, "geometry": {"type": "Point", "coordinates": [-122.3264771, 47.5985222]}}, {"type": "Feature", "properties": {"id": 2434527371, "name": "Ton Kiang BBQ Noodle House", "category": "restaurant", "tags": ["restaurant"], "sources": ["osm"], "address": "668 South Weller Street", "stations": [{"stopCode": 53, "lines": "1,2", "name": "International District Station", "walkingMeters": 380, "walkingSeconds": 273, "band": 5}, {"stopCode": 54, "lines": "1", "name": "Stadium Station", "walkingMeters": 944, "walkingSeconds": 681, "band": 15}, {"stopCode": 52, "lines": "1,2", "name": "Pioneer Square Station", "walkingMeters": 957, "walkingSeconds": 701, "band": 15}]}, "geometry": {"type": "Point", "coordinates": [-122.324158, 47.5976273]}}, {"type": "Feature", "properties": {"id": 2434527375, "name": "Gan Bei", "category": "restaurant", "tags": ["restaurant", "chinese", "bar"], "sources": ["osm", "overture"], "website": "http://ganbeiseattle.square.site", "phone": "+12066250408", "address": "670 S Weller St", "stations": [{"stopCode": 53, "lines": "1,2", "name": "International District Station", "walkingMeters": 386, "walkingSeconds": 278, "band": 5}, {"stopCode": 54, "lines": "1", "name": "Stadium Station", "walkingMeters": 950, "walkingSeconds": 685, "band": 15}, {"stopCode": 52, "lines": "1,2", "name": "Pioneer Square Station", "walkingMeters": 963, "walkingSeconds": 705, "band": 15}]}, "geometry": {"type": "Point", "coordinates": [-122.3240809, 47.5976268]}}, {"type": "Feature", "properties": {"id": 2434527377, "name": "World Pizza", "category": "restaurant", "tags": ["restaurant", "pizza", "vegetarian", "vegan", "italian"], "sources": ["osm", "overture"], "website": "https://www.worldpizzaseattle.com/?y_source=1_NTY4NTY0MTQtNTU5LWxvY2F0aW9uLndlYnNpdGU%3D", "phone": "+12066824161", "address": "672 S King St", "stations": [{"stopCode": 53, "lines": "1,2", "name": "International District Station", "walkingMeters": 302, "walkingSeconds": 217, "band": 5}, {"stopCode": 52, "lines": "1,2", "name": "Pioneer Square Station", "walkingMeters": 871, "walkingSeconds": 639, "band": 15}, {"stopCode": 54, "lines": "1", "name": "Stadium Station", "walkingMeters": 1042, "walkingSeconds": 751, "band": 15}]}, "geometry": {"type": "Point", "coordinates": [-122.3240964, 47.5984658]}}, {"type": "Feature", "properties": {"id": 2434527396, "name": "Queen Nzinga", "category": "restaurant", "tags": ["restaurant", "african"], "sources": ["osm"], "address": "707 South King Street", "stations": [{"stopCode": 53, "lines": "1,2", "name": "International District Station", "walkingMeters": 373, "walkingSeconds": 268, "band": 5}, {"stopCode": 52, "lines": "1,2", "name": "Pioneer Square Station", "walkingMeters": 926, "walkingSeconds": 678, "band": 15}, {"stopCode": 54, "lines": "1", "name": "Stadium Station", "walkingMeters": 1103, "walkingSeconds": 797, "band": 15}]}, "geometry": {"type": "Point", "coordinates": [-122.3233488, 47.5982363]}}, {"type": "Feature", "properties": {"id": 2434527405, "name": "Harmony Palace", "category": "restaurant", "tags": ["restaurant", "chinese"], "sources": ["osm", "overture"], "website": "https://harmonyteamedwa.com", "phone": "12064857477", "address": "711 S King St", "stations": [{"stopCode": 53, "lines": "1,2", "name": "International District Station", "walkingMeters": 385, "walkingSeconds": 276, "band": 10}, {"stopCode": 52, "lines": "1,2", "name": "Pioneer Square Station", "walkingMeters": 938, "walkingSeconds": 687, "band": 15}, {"stopCode": 54, "lines": "1", "name": "Stadium Station", "walkingMeters": 1088, "walkingSeconds": 783, "band": 15}]}, "geometry": {"type": "Point", "coordinates": [-122.3231892, 47.598235]}}, {"type": "Feature", "properties": {"id": 2434531530, "name": "Ocean Star Seafood Restaurant", "category": "restaurant", "tags": ["restaurant", "seafood", "reservations", "has-bar", "air-conditioned"], "sources": ["osm"], "website": "https://www.oceanstarseattle.com/", "phone": "+1 206-623-1670", "address": "605 7th Avenue South", "hours": "10:00-22:30", "stations": [{"stopCode": 53, "lines": "1,2", "name": "International District Station", "walkingMeters": 388, "walkingSeconds": 279, "band": 5}, {"stopCode": 54, "lines": "1", "name": "Stadium Station", "walkingMeters": 923, "walkingSeconds": 666, "band": 15}, {"stopCode": 52, "lines": "1,2", "name": "Pioneer Square Station", "walkingMeters": 969, "walkingSeconds": 709, "band": 15}]}, "geometry": {"type": "Point", "coordinates": [-122.3242035, 47.5973447]}}, {"type": "Feature", "properties": {"id": 2434531588, "name": "Ringo's Curry", "category": "restaurant", "tags": ["restaurant", "japanese"], "sources": ["osm"], "address": "653 South Weller Street", "stations": [{"stopCode": 53, "lines": "1,2", "name": "International District Station", "walkingMeters": 341, "walkingSeconds": 245, "band": 5}, {"stopCode": 54, "lines": "1", "name": "Stadium Station", "walkingMeters": 879, "walkingSeconds": 634, "band": 15}, {"stopCode": 52, "lines": "1,2", "name": "Pioneer Square Station", "walkingMeters": 922, "walkingSeconds": 676, "band": 15}]}, "geometry": {"type": "Point", "coordinates": [-122.324824, 47.5973974]}}, {"type": "Feature", "properties": {"id": 2434531596, "name": "663 Bistro", "category": "restaurant", "tags": ["restaurant", "chinese"], "sources": ["osm"], "website": "http://663-bistro.com", "address": "663 South Weller Street", "stations": [{"stopCode": 53, "lines": "1,2", "name": "International District Station", "walkingMeters": 366, "walkingSeconds": 263, "band": 5}, {"stopCode": 54, "lines": "1", "name": "Stadium Station", "walkingMeters": 904, "walkingSeconds": 652, "band": 15}, {"stopCode": 52, "lines": "1,2", "name": "Pioneer Square Station", "walkingMeters": 947, "walkingSeconds": 694, "band": 15}]}, "geometry": {"type": "Point", "coordinates": [-122.3244966, 47.5974028]}}, {"type": "Feature", "properties": {"id": 2434531610, "name": "Gourmet Noodle Bowl", "category": "restaurant", "tags": ["restaurant", "noodles", "taiwanese"], "sources": ["osm", "overture"], "website": "https://gourmetnoodlebowl.com", "phone": "12067591705", "address": "707 8th Ave S", "stations": [{"stopCode": 53, "lines": "1,2", "name": "International District Station", "walkingMeters": 630, "walkingSeconds": 453, "band": 10}, {"stopCode": 54, "lines": "1", "name": "Stadium Station", "walkingMeters": 905, "walkingSeconds": 651, "band": 15}, {"stopCode": 52, "lines": "1,2", "name": "Pioneer Square Station", "walkingMeters": 1194, "walkingSeconds": 871, "band": 15}]}, "geometry": {"type": "Point", "coordinates": [-122.3226676, 47.5963306]}}, {"type": "Feature", "properties": {"id": 2434531616, "name": "Kilig", "category": "restaurant", "tags": ["restaurant", "filipino", "asian"], "sources": ["osm", "overture"], "website": "http://kiligseattle.com/", "phone": "+12067784513", "address": "710 8th Ave S", "hours": "We-Su 12:00-21:00", "stations": [{"stopCode": 53, "lines": "1,2", "name": "International District Station", "walkingMeters": 628, "walkingSeconds": 451, "band": 10}, {"stopCode": 54, "lines": "1", "name": "Stadium Station", "walkingMeters": 942, "walkingSeconds": 677, "band": 15}, {"stopCode": 52, "lines": "1,2", "name": "Pioneer Square Station", "walkingMeters": 1188, "walkingSeconds": 867, "band": 15}]}, "geometry": {"type": "Point", "coordinates": [-122.3222665, 47.5965011]}}, {"type": "Feature", "properties": {"id": 2434531633, "name": "Crawfish King", "category": "restaurant", "tags": ["restaurant", "seafood", "asian", "fusion", "cajun-and-creole"], "sources": ["osm", "overture"], "website": "http://www.crawfishkingseattle.com/", "phone": "2066233622", "address": "725 S Lane St", "stations": [{"stopCode": 53, "lines": "1,2", "name": "International District Station", "walkingMeters": 610, "walkingSeconds": 438, "band": 10}, {"stopCode": 54, "lines": "1", "name": "Stadium Station", "walkingMeters": 925, "walkingSeconds": 665, "band": 15}, {"stopCode": 52, "lines": "1,2", "name": "Pioneer Square Station", "walkingMeters": 1174, "walkingSeconds": 856, "band": 15}]}, "geometry": {"type": "Point", "coordinates": [-122.3226836, 47.5965098]}}, {"type": "Feature", "properties": {"id": 2434531642, "name": "Kings Hookah Lounge", "category": "bar", "tags": ["bar", "hookah"], "sources": ["osm", "overture"], "website": "http://kingshookahseattle.com", "phone": "(206) 384-7376", "address": "814 S Lane St", "stations": [{"stopCode": 53, "lines": "1,2", "name": "International District Station", "walkingMeters": 652, "walkingSeconds": 468, "band": 10}, {"stopCode": 54, "lines": "1", "name": "Stadium Station", "walkingMeters": 1016, "walkingSeconds": 731, "band": 15}, {"stopCode": 52, "lines": "1,2", "name": "Pioneer Square Station", "walkingMeters": 1210, "walkingSeconds": 883, "band": 15}]}, "geometry": {"type": "Point", "coordinates": [-122.321755, 47.596885]}}, {"type": "Feature", "properties": {"id": 2965294496, "name": "Maekawa Bar", "category": "bar", "tags": ["bar"], "sources": ["osm"], "stations": [{"stopCode": 53, "lines": "1,2", "name": "International District Station", "walkingMeters": 162, "walkingSeconds": 117, "band": 5}, {"stopCode": 52, "lines": "1,2", "name": "Pioneer Square Station", "walkingMeters": 754, "walkingSeconds": 556, "band": 10}, {"stopCode": 54, "lines": "1", "name": "Stadium Station", "walkingMeters": 884, "walkingSeconds": 638, "band": 15}]}, "geometry": {"type": "Point", "coordinates": [-122.3261863, 47.598139]}}, {"type": "Feature", "properties": {"id": 2965313224, "name": "Happy Lamb Hot Pot", "category": "restaurant", "tags": ["restaurant", "mongolian", "hotpot"], "sources": ["osm"], "website": "https://happylambhotpot.com", "phone": "+1-206-623-6700", "address": "609 South Weller Street", "hours": "Mo-Su 11:30-23:00", "stations": [{"stopCode": 53, "lines": "1,2", "name": "International District Station", "walkingMeters": 246, "walkingSeconds": 177, "band": 5}, {"stopCode": 54, "lines": "1", "name": "Stadium Station", "walkingMeters": 819, "walkingSeconds": 592, "band": 15}, {"stopCode": 52, "lines": "1,2", "name": "Pioneer Square Station", "walkingMeters": 846, "walkingSeconds": 619, "band": 10}]}, "geometry": {"type": "Point", "coordinates": [-122.326107, 47.597408]}}, {"type": "Feature", "properties": {"id": 10577605223, "name": "Dough Zone", "category": "restaurant", "tags": ["restaurant", "chinese", "takeaway"], "sources": ["osm"], "website": "https://www.doughzonedumplinghouse.com", "phone": "+1-206-285-9999", "address": "504 5th Avenue South", "hours": "Mo-Su 11:00-22:00", "stations": [{"stopCode": 53, "lines": "1,2", "name": "International District Station", "walkingMeters": 91, "walkingSeconds": 66, "band": 5}, {"stopCode": 52, "lines": "1,2", "name": "Pioneer Square Station", "walkingMeters": 694, "walkingSeconds": 511, "band": 10}, {"stopCode": 54, "lines": "1", "name": "Stadium Station", "walkingMeters": 893, "walkingSeconds": 643, "band": 15}]}, "geometry": {"type": "Point", "coordinates": [-122.3275098, 47.5978662]}}, {"type": "Feature", "properties": {"id": 3527251986, "name": "ZSX", "category": "restaurant", "tags": ["restaurant", "chinese", "noodles", "sichuan"], "sources": ["osm"], "address": "628 South Weller Street", "stations": [{"stopCode": 53, "lines": "1,2", "name": "International District Station", "walkingMeters": 299, "walkingSeconds": 215, "band": 5}, {"stopCode": 54, "lines": "1", "name": "Stadium Station", "walkingMeters": 879, "walkingSeconds": 635, "band": 15}, {"stopCode": 52, "lines": "1,2", "name": "Pioneer Square Station", "walkingMeters": 892, "walkingSeconds": 654, "band": 10}]}, "geometry": {"type": "Point", "coordinates": [-122.325256, 47.5976314]}}, {"type": "Feature", "properties": {"id": 360439953, "name": "Boiling Point", "category": "restaurant", "tags": ["restaurant", "asian", "takeaway", "soup", "chinese"], "sources": ["osm", "overture"], "website": "http://www.bpgroupusa.com", "phone": "+12067378506", "address": "610 5th Ave S", "hours": "Su-Th 11:00-21:30; Fr-Sa 11:00-22:00", "stations": [{"stopCode": 53, "lines": "1,2", "name": "International District Station", "walkingMeters": 241, "walkingSeconds": 174, "band": 5}, {"stopCode": 54, "lines": "1", "name": "Stadium Station", "walkingMeters": 772, "walkingSeconds": 556, "band": 10}, {"stopCode": 52, "lines": "1,2", "name": "Pioneer Square Station", "walkingMeters": 828, "walkingSeconds": 607, "band": 10}]}, "geometry": {"type": "Point", "coordinates": [-122.3274522, 47.5967926]}}, {"type": "Feature", "properties": {"id": 4539170343, "name": "Nagomi Tea House", "category": "cafe", "tags": ["cafe", "tea"], "sources": ["osm"], "stations": [{"stopCode": 53, "lines": "1,2", "name": "International District Station", "walkingMeters": 153, "walkingSeconds": 110, "band": 5}, {"stopCode": 52, "lines": "1,2", "name": "Pioneer Square Station", "walkingMeters": 750, "walkingSeconds": 552, "band": 10}, {"stopCode": 54, "lines": "1", "name": "Stadium Station", "walkingMeters": 887, "walkingSeconds": 641, "band": 15}]}, "geometry": {"type": "Point", "coordinates": [-122.3268004, 47.5978494]}}, {"type": "Feature", "properties": {"id": "34a1c260-3962-4707-940a-77731b16630c", "name": "Great State Burger", "category": "restaurant", "tags": ["restaurant", "burger"], "sources": ["overture"], "website": "http://greatstateburger.com", "phone": "(206) 775-7110", "address": "504 5th Ave S", "stations": [{"stopCode": 53, "lines": "1,2", "name": "International District Station", "walkingMeters": 67, "walkingSeconds": 48, "band": 5}, {"stopCode": 52, "lines": "1,2", "name": "Pioneer Square Station", "walkingMeters": 669, "walkingSeconds": 494, "band": 10}, {"stopCode": 54, "lines": "1", "name": "Stadium Station", "walkingMeters": 917, "walkingSeconds": 660, "band": 15}]}, "geometry": {"type": "Point", "coordinates": [-122.3274384, 47.5980835]}}, {"type": "Feature", "properties": {"id": 5099618022, "name": "E-Jae Pak Mor", "category": "restaurant", "tags": ["restaurant", "noodles", "thai", "takeaway", "wheelchair-accessible", "vegetarian", "wifi", "asian"], "sources": ["osm", "overture"], "website": "http://ejaefoods.com/", "phone": "+12066943561", "address": "504 5th Ave S", "hours": "Su-Th 11:00-19:30; Fr-Sa 11:00-20:00", "stations": [{"stopCode": 53, "lines": "1,2", "name": "International District Station", "walkingMeters": 124, "walkingSeconds": 89, "band": 5}, {"stopCode": 52, "lines": "1,2", "name": "Pioneer Square Station", "walkingMeters": 724, "walkingSeconds": 531, "band": 10}, {"stopCode": 54, "lines": "1", "name": "Stadium Station", "walkingMeters": 865, "walkingSeconds": 623, "band": 15}]}, "geometry": {"type": "Point", "coordinates": [-122.327506, 47.5976328]}}, {"type": "Feature", "properties": {"id": 5103603422, "name": "Los Coste\u00f1os", "category": "fast_food", "tags": ["fast-food", "sandwich"], "sources": ["osm"], "phone": "+1-206-223-4299", "hours": "Mo-Su 10:00-19:30", "stations": [{"stopCode": 53, "lines": "1,2", "name": "International District Station", "walkingMeters": 142, "walkingSeconds": 103, "band": 5}, {"stopCode": 52, "lines": "1,2", "name": "Pioneer Square Station", "walkingMeters": 740, "walkingSeconds": 543, "band": 10}, {"stopCode": 54, "lines": "1", "name": "Stadium Station", "walkingMeters": 852, "walkingSeconds": 613, "band": 15}]}, "geometry": {"type": "Point", "coordinates": [-122.3274741, 47.5974087]}}, {"type": "Feature", "properties": {"id": 5710001021, "name": "Eastern Cafe", "category": "cafe", "tags": ["cafe", "wifi"], "sources": ["osm", "overture"], "website": "http://easterncafeseattle.goodbistros.com", "phone": "(206) 623-1776", "address": "510 Maynard Ave S", "stations": [{"stopCode": 53, "lines": "1,2", "name": "International District Station", "walkingMeters": 337, "walkingSeconds": 242, "band": 5}, {"stopCode": 52, "lines": "1,2", "name": "Pioneer Square Station", "walkingMeters": 911, "walkingSeconds": 668, "band": 15}, {"stopCode": 54, "lines": "1", "name": "Stadium Station", "walkingMeters": 952, "walkingSeconds": 686, "band": 15}]}, "geometry": {"type": "Point", "coordinates": [-122.3245156, 47.5978453]}}, {"type": "Feature", "properties": {"id": 6023025385, "name": "Hood Famous Cafe and Bar", "category": "cafe", "tags": ["cafe", "filipino"], "sources": ["osm"], "address": "504 5th Avenue South", "hours": "Mo off; Tu-Fr 08:00-16:00; Sa-Su 09:00-16:00", "stations": [{"stopCode": 53, "lines": "1,2", "name": "International District Station", "walkingMeters": 70, "walkingSeconds": 50, "band": 5}, {"stopCode": 52, "lines": "1,2", "name": "Pioneer Square Station", "walkingMeters": 672, "walkingSeconds": 496, "band": 10}, {"stopCode": 54, "lines": "1", "name": "Stadium Station", "walkingMeters": 914, "walkingSeconds": 658, "band": 15}]}, "geometry": {"type": "Point", "coordinates": [-122.3275117, 47.5980588]}}, {"type": "Feature", "properties": {"id": 6736050188, "name": "Panama Hotel Tea & Coffee", "category": "cafe", "tags": ["cafe", "coffee"], "sources": ["osm", "overture"], "website": "http://www.panamahotel.net/teahouse.htm", "phone": "(206) 515-4000", "address": "607 S Main St", "hours": "Mo-Su 09:00-16:00", "stations": [{"stopCode": 53, "lines": "1,2", "name": "International District Station", "walkingMeters": 314, "walkingSeconds": 226, "band": 5}, {"stopCode": 52, "lines": "1,2", "name": "Pioneer Square Station", "walkingMeters": 580, "walkingSeconds": 427, "band": 10}, {"stopCode": 54, "lines": "1", "name": "Stadium Station", "walkingMeters": 1105, "walkingSeconds": 800, "band": 15}]}, "geometry": {"type": "Point", "coordinates": [-122.3260058, 47.5999252]}}, {"type": "Feature", "properties": {"id": 6737287589, "name": "New Star Restaurant", "category": "restaurant", "tags": ["restaurant"], "sources": ["osm"], "stations": [{"stopCode": 53, "lines": "1,2", "name": "International District Station", "walkingMeters": 174, "walkingSeconds": 125, "band": 5}, {"stopCode": 52, "lines": "1,2", "name": "Pioneer Square Station", "walkingMeters": 585, "walkingSeconds": 431, "band": 10}, {"stopCode": 54, "lines": "1", "name": "Stadium Station", "walkingMeters": 1043, "walkingSeconds": 755, "band": 15}, {"stopCode": 51, "lines": "1,2", "name": "Symphony Station", "walkingMeters": 1296, "walkingSeconds": 932, "band": 15}]}, "geometry": {"type": "Point", "coordinates": [-122.3269182, 47.5993364]}}, {"type": "Feature", "properties": {"id": 8098614654, "name": "Phnom Penh Noodle House", "category": "restaurant", "tags": ["restaurant", "cambodian", "vegetarian"], "sources": ["osm", "overture"], "website": "http://www.phnompenhnoodlehouse.com", "phone": "12067856936", "address": "913 S Jackson St  Ste A", "stations": [{"stopCode": 53, "lines": "1,2", "name": "International District Station", "walkingMeters": 627, "walkingSeconds": 451, "band": 10}, {"stopCode": 52, "lines": "1,2", "name": "Pioneer Square Station", "walkingMeters": 1025, "walkingSeconds": 751, "band": 15}]}, "geometry": {"type": "Point", "coordinates": [-122.320654, 47.5990197]}}, {"type": "Feature", "properties": {"id": "14be9869-1ecf-4a9b-89e7-5d9eb99100be", "name": "Phnom Penh Noodle House", "category": "restaurant", "tags": ["restaurant", "cambodian"], "sources": ["overture"], "website": "http://www.phnompenhnoodles.com/", "phone": "(206) 748-9825", "address": "660 S King St", "stations": [{"stopCode": 53, "lines": "1,2", "name": "International District Station", "walkingMeters": 268, "walkingSeconds": 193, "band": 5}, {"stopCode": 52, "lines": "1,2", "name": "Pioneer Square Station", "walkingMeters": 840, "walkingSeconds": 617, "band": 15}, {"stopCode": 54, "lines": "1", "name": "Stadium Station", "walkingMeters": 999, "walkingSeconds": 721, "band": 15}]}, "geometry": {"type": "Point", "coordinates": [-122.3246002, 47.5983582]}}, {"type": "Feature", "properties": {"id": "33af9a3e-5787-4048-817b-c05e78117d18", "name": "Tous Les Jours", "category": "bakery", "tags": ["bakery"], "sources": ["overture"], "website": "http://tljus.com/", "phone": "+12066247500", "address": "625 5th Ave S", "stations": [{"stopCode": 53, "lines": "1,2", "name": "International District Station", "walkingMeters": 121, "walkingSeconds": 87, "band": 5}, {"stopCode": 52, "lines": "1,2", "name": "Pioneer Square Station", "walkingMeters": 703, "walkingSeconds": 516, "band": 10}, {"stopCode": 54, "lines": "1", "name": "Stadium Station", "walkingMeters": 865, "walkingSeconds": 623, "band": 15}]}, "geometry": {"type": "Point", "coordinates": [-122.3278809, 47.5974693]}}, {"type": "Feature", "properties": {"id": 10673972905, "name": "Bellwether BBQ & Grill", "category": "restaurant", "tags": ["restaurant", "barbecue"], "sources": ["osm"], "website": "https://bellwetherbbq.com", "phone": "+1-206-223-8528", "address": "609 South Weller Street", "stations": [{"stopCode": 53, "lines": "1,2", "name": "International District Station", "walkingMeters": 239, "walkingSeconds": 172, "band": 5}, {"stopCode": 54, "lines": "1", "name": "Stadium Station", "walkingMeters": 812, "walkingSeconds": 587, "band": 15}, {"stopCode": 52, "lines": "1,2", "name": "Pioneer Square Station", "walkingMeters": 838, "walkingSeconds": 614, "band": 10}]}, "geometry": {"type": "Point", "coordinates": [-122.3262078, 47.5974034]}}, {"type": "Feature", "properties": {"id": 11294757082, "name": "Panda Yogurt", "category": "ice_cream", "tags": ["ice-cream"], "sources": ["osm"], "address": "518 South King Street", "hours": "Mo-Th 12:00-22:30; Fr-Su 12:00-23:00", "stations": [{"stopCode": 53, "lines": "1,2", "name": "International District Station", "walkingMeters": 98, "walkingSeconds": 70, "band": 5}, {"stopCode": 52, "lines": "1,2", "name": "Pioneer Square Station", "walkingMeters": 685, "walkingSeconds": 507, "band": 10}, {"stopCode": 54, "lines": "1", "name": "Stadium Station", "walkingMeters": 940, "walkingSeconds": 679, "band": 15}]}, "geometry": {"type": "Point", "coordinates": [-122.3267807, 47.5984636]}}, {"type": "Feature", "properties": {"id": 11476372224, "name": "Waji\u2019s", "category": "fast_food", "tags": ["fast-food", "poke"], "sources": ["osm"], "website": "https://www.uwajimayaseattle.com/retailer/wajis-by-uwajimaya-deli/", "phone": "+1-206-624-6248", "hours": "Mo-Su 11:00-18:00", "stations": [{"stopCode": 53, "lines": "1,2", "name": "International District Station", "walkingMeters": 175, "walkingSeconds": 126, "band": 5}, {"stopCode": 52, "lines": "1,2", "name": "Pioneer Square Station", "walkingMeters": 773, "walkingSeconds": 567, "band": 10}, {"stopCode": 54, "lines": "1", "name": "Stadium Station", "walkingMeters": 849, "walkingSeconds": 611, "band": 15}]}, "geometry": {"type": "Point", "coordinates": [-122.3270377, 47.5973034]}}, {"type": "Feature", "properties": {"id": 11476372226, "name": "Jolli Daze", "category": "ice_cream", "tags": ["ice-cream"], "sources": ["osm"], "stations": [{"stopCode": 53, "lines": "1,2", "name": "International District Station", "walkingMeters": 184, "walkingSeconds": 132, "band": 5}, {"stopCode": 52, "lines": "1,2", "name": "Pioneer Square Station", "walkingMeters": 775, "walkingSeconds": 572, "band": 10}, {"stopCode": 54, "lines": "1", "name": "Stadium Station", "walkingMeters": 849, "walkingSeconds": 613, "band": 15}]}, "geometry": {"type": "Point", "coordinates": [-122.326564, 47.5977945]}}, {"type": "Feature", "properties": {"id": 12297787258, "name": "Jin Huang", "category": "cafe", "tags": ["cafe"], "sources": ["osm"], "stations": [{"stopCode": 53, "lines": "1,2", "name": "International District Station", "walkingMeters": 453, "walkingSeconds": 326, "band": 10}, {"stopCode": 52, "lines": "1,2", "name": "Pioneer Square Station", "walkingMeters": 927, "walkingSeconds": 679, "band": 15}, {"stopCode": 54, "lines": "1", "name": "Stadium Station", "walkingMeters": 1172, "walkingSeconds": 843, "band": 15}]}, "geometry": {"type": "Point", "coordinates": [-122.322657, 47.5987258]}}, {"type": "Feature", "properties": {"id": "a7c958cc-9908-41ee-a1f8-594b830b5424", "name": "Go Pok\u00e9", "category": "restaurant", "tags": ["restaurant", "poke"], "sources": ["overture"], "website": "http://www.gopokeseattle.com", "phone": "(206) 799-9560", "address": "625 S King St", "stations": [{"stopCode": 53, "lines": "1,2", "name": "International District Station", "walkingMeters": 267, "walkingSeconds": 199, "band": 5}, {"stopCode": 52, "lines": "1,2", "name": "Pioneer Square Station", "walkingMeters": 854, "walkingSeconds": 637, "band": 10}, {"stopCode": 54, "lines": "1", "name": "Stadium Station", "walkingMeters": 1046, "walkingSeconds": 781, "band": 15}]}, "geometry": {"type": "Point", "coordinates": [-122.3252563, 47.5982285]}}, {"type": "Feature", "properties": {"id": 360439968, "name": "Dochi", "category": "cafe", "tags": ["cafe", "donut", "coffee-shop", "tea"], "sources": ["osm"], "website": "https://www.dochicompany.com", "phone": "+1-206-887-4426", "address": "515;604 South Weller Street", "hours": "Mo-Fr 11:00-17:00; Sa-Su 11:00-18:00", "stations": [{"stopCode": 53, "lines": "1,2", "name": "International District Station", "walkingMeters": 168, "walkingSeconds": 121, "band": 5}, {"stopCode": 52, "lines": "1,2", "name": "Pioneer Square Station", "walkingMeters": 766, "walkingSeconds": 562, "band": 10}, {"stopCode": 54, "lines": "1", "name": "Stadium Station", "walkingMeters": 856, "walkingSeconds": 616, "band": 15}]}, "geometry": {"type": "Point", "coordinates": [-122.3271287, 47.5974012]}}, {"type": "Feature", "properties": {"id": 13044728013, "name": "Fort St. George", "category": "bar", "tags": ["bar", "restaurant", "japanese", "asian"], "sources": ["osm", "overture"], "website": "http://fortstgeorgeseattle.com/", "phone": "+12063820662", "address": "601 S King St", "stations": [{"stopCode": 53, "lines": "1,2", "name": "International District Station", "walkingMeters": 159, "walkingSeconds": 114, "band": 5}, {"stopCode": 52, "lines": "1,2", "name": "Pioneer Square Station", "walkingMeters": 750, "walkingSeconds": 553, "band": 10}, {"stopCode": 54, "lines": "1", "name": "Stadium Station", "walkingMeters": 910, "walkingSeconds": 657, "band": 15}]}, "geometry": {"type": "Point", "coordinates": [-122.3261176, 47.5981835]}}, {"type": "Feature", "properties": {"id": 13812878501, "name": "Chubby's Burger", "category": "restaurant", "tags": ["restaurant", "american"], "sources": ["osm"], "address": "505 South Weller Street", "stations": [{"stopCode": 53, "lines": "1,2", "name": "International District Station", "walkingMeters": 155, "walkingSeconds": 111, "band": 5}, {"stopCode": 52, "lines": "1,2", "name": "Pioneer Square Station", "walkingMeters": 752, "walkingSeconds": 552, "band": 10}, {"stopCode": 54, "lines": "1", "name": "Stadium Station", "walkingMeters": 963, "walkingSeconds": 693, "band": 15}]}, "geometry": {"type": "Point", "coordinates": [-122.3273129, 47.5973905]}}, {"type": "Feature", "properties": {"id": 13874539019, "name": "Sushi Ave", "category": "restaurant", "tags": ["restaurant", "sushi", "japanese", "asian"], "sources": ["osm", "overture"], "website": "https://www.sushiaveseattle.com/", "phone": "+12064006996", "address": "900 S Jackson St", "stations": [{"stopCode": 53, "lines": "1,2", "name": "International District Station", "walkingMeters": 665, "walkingSeconds": 477, "band": 10}, {"stopCode": 52, "lines": "1,2", "name": "Pioneer Square Station", "walkingMeters": 1043, "walkingSeconds": 762, "band": 15}]}, "geometry": {"type": "Point", "coordinates": [-122.3201987, 47.5993522]}}, {"type": "Feature", "properties": {"id": 13874560123, "name": "Miero Coffee Bar", "category": "cafe", "tags": ["cafe", "coffee"], "sources": ["osm", "overture"], "phone": "+12067410852", "address": "665 S King St", "stations": [{"stopCode": 53, "lines": "1,2", "name": "International District Station", "walkingMeters": 292, "walkingSeconds": 210, "band": 5}, {"stopCode": 52, "lines": "1,2", "name": "Pioneer Square Station", "walkingMeters": 867, "walkingSeconds": 636, "band": 15}, {"stopCode": 54, "lines": "1", "name": "Stadium Station", "walkingMeters": 1096, "walkingSeconds": 792, "band": 15}]}, "geometry": {"type": "Point", "coordinates": [-122.3243686, 47.5982485]}}, {"type": "Feature", "properties": {"id": 13874560126, "name": "Le Grey Tea Co", "category": "cafe", "tags": ["cafe", "tea", "room"], "sources": ["osm", "overture"], "address": "619 S King St", "stations": [{"stopCode": 53, "lines": "1,2", "name": "International District Station", "walkingMeters": 210, "walkingSeconds": 151, "band": 5}, {"stopCode": 52, "lines": "1,2", "name": "Pioneer Square Station", "walkingMeters": 801, "walkingSeconds": 590, "band": 10}, {"stopCode": 54, "lines": "1", "name": "Stadium Station", "walkingMeters": 1076, "walkingSeconds": 778, "band": 15}]}, "geometry": {"type": "Point", "coordinates": [-122.3254366, 47.5982283]}}, {"type": "Feature", "properties": {"id": 14071591943, "name": "The Alley", "category": "cafe", "tags": ["cafe"], "sources": ["osm"], "stations": [{"stopCode": 53, "lines": "1,2", "name": "International District Station", "walkingMeters": 674, "walkingSeconds": 484, "band": 10}, {"stopCode": 52, "lines": "1,2", "name": "Pioneer Square Station", "walkingMeters": 1071, "walkingSeconds": 784, "band": 15}]}, "geometry": {"type": "Point", "coordinates": [-122.3200376, 47.599017]}}, {"type": "Feature", "properties": {"id": "a0f1f8b6-d81b-4905-94de-f0497118abae", "name": "Seoul Tofu House", "category": "restaurant", "tags": ["restaurant", "korean", "asian"], "sources": ["overture"], "website": "http://www.seoulrestaurantseattle.com/", "phone": "+12066822152", "address": "516 6th Ave S", "stations": [{"stopCode": 53, "lines": "1,2", "name": "International District Station", "walkingMeters": 208, "walkingSeconds": 150, "band": 5}, {"stopCode": 52, "lines": "1,2", "name": "Pioneer Square Station", "walkingMeters": 800, "walkingSeconds": 589, "band": 10}, {"stopCode": 54, "lines": "1", "name": "Stadium Station", "walkingMeters": 838, "walkingSeconds": 605, "band": 15}]}, "geometry": {"type": "Point", "coordinates": [-122.3260498, 47.5977669]}}, {"type": "Feature", "properties": {"id": 235385483, "name": "Diamond Bay Seattle", "category": "restaurant", "tags": ["restaurant", "chinese"], "sources": ["osm"], "address": "409 8th Avenue South", "stations": [{"stopCode": 53, "lines": "1,2", "name": "International District Station", "walkingMeters": 463, "walkingSeconds": 332, "band": 10}, {"stopCode": 52, "lines": "1,2", "name": "Pioneer Square Station", "walkingMeters": 876, "walkingSeconds": 642, "band": 15}, {"stopCode": 54, "lines": "1", "name": "Stadium Station", "walkingMeters": 1204, "walkingSeconds": 866, "band": 15}]}, "geometry": {"type": "Point", "coordinates": [-122.3228467, 47.5988794]}}, {"type": "Feature", "properties": {"id": 360439951, "name": "Aloha Plates", "category": "restaurant", "tags": ["restaurant", "hawaiian"], "sources": ["osm", "overture"], "website": "https://www.alohaplates-sea.com", "phone": "12069443149", "address": "511 S Weller St", "hours": "Mo-Fr 10:00-20:00; Sa-Su 10:00-20:30", "stations": [{"stopCode": 53, "lines": "1,2", "name": "International District Station", "walkingMeters": 164, "walkingSeconds": 118, "band": 5}, {"stopCode": 52, "lines": "1,2", "name": "Pioneer Square Station", "walkingMeters": 762, "walkingSeconds": 558, "band": 10}, {"stopCode": 54, "lines": "1", "name": "Stadium Station", "walkingMeters": 860, "walkingSeconds": 619, "band": 15}]}, "geometry": {"type": "Point", "coordinates": [-122.3271903, 47.5974013]}}, {"type": "Feature", "properties": {"id": 360439959, "name": "Chubby's", "category": "restaurant", "tags": ["restaurant", "burger", "international"], "sources": ["osm"], "address": "503 South Weller Street", "stations": [{"stopCode": 53, "lines": "1,2", "name": "International District Station", "walkingMeters": 155, "walkingSeconds": 112, "band": 5}, {"stopCode": 52, "lines": "1,2", "name": "Pioneer Square Station", "walkingMeters": 753, "walkingSeconds": 552, "band": 10}, {"stopCode": 54, "lines": "1", "name": "Stadium Station", "walkingMeters": 864, "walkingSeconds": 622, "band": 15}]}, "geometry": {"type": "Point", "coordinates": [-122.3273109, 47.5973954]}}, {"type": "Feature", "properties": {"id": 360439961, "name": "Saigon Streets", "category": "restaurant", "tags": ["restaurant", "vietnamese", "asian"], "sources": ["osm", "overture"], "website": "http://saigonbistrosea.com/", "phone": "+12066212085", "address": "507 S Weller St", "hours": "Mo-Fr 10:00-20:00", "stations": [{"stopCode": 53, "lines": "1,2", "name": "International District Station", "walkingMeters": 159, "walkingSeconds": 115, "band": 5}, {"stopCode": 52, "lines": "1,2", "name": "Pioneer Square Station", "walkingMeters": 757, "walkingSeconds": 555, "band": 10}, {"stopCode": 54, "lines": "1", "name": "Stadium Station", "walkingMeters": 865, "walkingSeconds": 622, "band": 15}]}, "geometry": {"type": "Point", "coordinates": [-122.3272502, 47.5973953]}}, {"type": "Feature", "properties": {"id": 360439965, "name": "BeanFish", "category": "restaurant", "tags": ["restaurant", "japanese", "asian"], "sources": ["osm", "overture"], "website": "http://www.beanfish.net/", "phone": "+12067907656", "address": "517 S Weller St", "hours": "Mo-Su 11:00-19:00", "stations": [{"stopCode": 53, "lines": "1,2", "name": "International District Station", "walkingMeters": 174, "walkingSeconds": 126, "band": 5}, {"stopCode": 52, "lines": "1,2", "name": "Pioneer Square Station", "walkingMeters": 772, "walkingSeconds": 566, "band": 10}, {"stopCode": 54, "lines": "1", "name": "Stadium Station", "walkingMeters": 850, "walkingSeconds": 612, "band": 15}]}, "geometry": {"type": "Point", "coordinates": [-122.3270512, 47.5973944]}}, {"type": "Feature", "properties": {"id": 360439966, "name": "Thai Place", "category": "restaurant", "tags": ["restaurant", "thai", "asian"], "sources": ["osm", "overture"], "website": "http://www.thaiplaceseattle.com/", "phone": "+12067495451", "address": "503 S Weller St", "hours": "Mo-Su 11:00-18:00", "stations": [{"stopCode": 53, "lines": "1,2", "name": "International District Station", "walkingMeters": 148, "walkingSeconds": 107, "band": 5}, {"stopCode": 52, "lines": "1,2", "name": "Pioneer Square Station", "walkingMeters": 746, "walkingSeconds": 547, "band": 10}, {"stopCode": 54, "lines": "1", "name": "Stadium Station", "walkingMeters": 858, "walkingSeconds": 617, "band": 15}]}, "geometry": {"type": "Point", "coordinates": [-122.3273947, 47.5973958]}}, {"type": "Feature", "properties": {"id": "70e1ac7a-d6c4-43f7-a950-6234d17e9789", "name": "Dough Zone Dumpling House", "category": "restaurant", "tags": ["restaurant", "chinese", "asian"], "sources": ["overture"], "website": "https://www.doughzonedumplinghouse.com", "phone": "+12062859999", "address": "504 5th Ave S", "stations": [{"stopCode": 53, "lines": "1,2", "name": "International District Station", "walkingMeters": 88, "walkingSeconds": 63, "band": 5}, {"stopCode": 52, "lines": "1,2", "name": "Pioneer Square Station", "walkingMeters": 690, "walkingSeconds": 509, "band": 10}, {"stopCode": 54, "lines": "1", "name": "Stadium Station", "walkingMeters": 896, "walkingSeconds": 645, "band": 15}]}, "geometry": {"type": "Point", "coordinates": [-122.3275833, 47.5978966]}}, {"type": "Feature", "properties": {"id": "91e94c21-f8ab-4a90-a34f-d0604eb5c751", "name": "Celesto Espresso Food Truck", "category": "fast_food", "tags": ["fast-food", "food", "truck"], "sources": ["overture"], "website": "http://www.celestoespresso.com", "phone": "(206) 890-4525", "address": "303 S Jackson St", "stations": [{"stopCode": 53, "lines": "1,2", "name": "International District Station", "walkingMeters": 317, "walkingSeconds": 228, "band": 5}, {"stopCode": 52, "lines": "1,2", "name": "Pioneer Square Station", "walkingMeters": 502, "walkingSeconds": 369, "band": 10}, {"stopCode": 54, "lines": "1", "name": "Stadium Station", "walkingMeters": 1082, "walkingSeconds": 778, "band": 15}, {"stopCode": 51, "lines": "1,2", "name": "Symphony Station", "walkingMeters": 1214, "walkingSeconds": 875, "band": 15}]}, "geometry": {"type": "Point", "coordinates": [-122.3298569, 47.598568]}}, {"type": "Feature", "properties": {"id": "1f56f25f-76f7-45e2-b2ac-09fd51392106", "name": "Special Bottle Club", "category": "bar", "tags": ["bar", "wine"], "sources": ["overture"], "website": "http://specialbottleclub.com", "phone": "12064592259", "address": "800 Maynard Ave S", "stations": [{"stopCode": 53, "lines": "1,2", "name": "International District Station", "walkingMeters": 534, "walkingSeconds": 399, "band": 10}, {"stopCode": 54, "lines": "1", "name": "Stadium Station", "walkingMeters": 665, "walkingSeconds": 496, "band": 10}, {"stopCode": 52, "lines": "1,2", "name": "Pioneer Square Station", "walkingMeters": 1214, "walkingSeconds": 906, "band": 15}]}, "geometry": {"type": "Point", "coordinates": [-122.324707, 47.5953979]}}, {"type": "Feature", "properties": {"id": "eca21b29-ca71-4a6a-afa1-67239ef96760", "name": "Wan Hua Foods Inc", "category": "restaurant", "tags": ["restaurant", "chinese"], "sources": ["overture"], "website": "http://www.wanhuafoods.com/", "phone": "+12066228417", "address": "804 6th Ave S", "stations": [{"stopCode": 53, "lines": "1,2", "name": "International District Station", "walkingMeters": 460, "walkingSeconds": 343, "band": 5}, {"stopCode": 54, "lines": "1", "name": "Stadium Station", "walkingMeters": 643, "walkingSeconds": 480, "band": 10}, {"stopCode": 52, "lines": "1,2", "name": "Pioneer Square Station", "walkingMeters": 1144, "walkingSeconds": 854, "band": 15}]}, "geometry": {"type": "Point", "coordinates": [-122.3259735, 47.5954819]}}, {"type": "Feature", "properties": {"id": "ac83a43b-58ca-4790-bbdd-2e34db9811e9", "name": "Jardin Tea and Coffee", "category": "cafe", "tags": ["cafe", "tea", "room"], "sources": ["overture"], "website": "https://jardinteaandcoffee.com/", "phone": "+12066881815", "address": "604 5th Ave S", "stations": [{"stopCode": 53, "lines": "1,2", "name": "International District Station", "walkingMeters": 141, "walkingSeconds": 102, "band": 5}, {"stopCode": 52, "lines": "1,2", "name": "Pioneer Square Station", "walkingMeters": 732, "walkingSeconds": 537, "band": 10}, {"stopCode": 54, "lines": "1", "name": "Stadium Station", "walkingMeters": 838, "walkingSeconds": 603, "band": 15}]}, "geometry": {"type": "Point", "coordinates": [-122.3275909, 47.5973969]}}, {"type": "Feature", "properties": {"id": "c8f54bfb-13cd-42c1-83da-2533e5d52bda", "name": "Food hall", "category": "restaurant", "tags": ["restaurant", "asian"], "sources": ["overture"], "website": "http://uwajimaya-merchants.org/", "stations": [{"stopCode": 53, "lines": "1,2", "name": "International District Station", "walkingMeters": 139, "walkingSeconds": 100, "band": 5}, {"stopCode": 52, "lines": "1,2", "name": "Pioneer Square Station", "walkingMeters": 737, "walkingSeconds": 541, "band": 10}, {"stopCode": 54, "lines": "1", "name": "Stadium Station", "walkingMeters": 849, "walkingSeconds": 611, "band": 15}]}, "geometry": {"type": "Point", "coordinates": [-122.3275146, 47.597477]}}, {"type": "Feature", "properties": {"id": "95a7f857-ae1a-410a-8c84-a544fad1f5f1", "name": "Noodle Zen", "category": "restaurant", "tags": ["restaurant", "noodles"], "sources": ["overture"], "website": "http://www.noodlezen-id.com", "phone": "(206) 749-5451", "address": "503 S Weller St", "stations": [{"stopCode": 53, "lines": "1,2", "name": "International District Station", "walkingMeters": 152, "walkingSeconds": 109, "band": 5}, {"stopCode": 52, "lines": "1,2", "name": "Pioneer Square Station", "walkingMeters": 743, "walkingSeconds": 545, "band": 10}, {"stopCode": 54, "lines": "1", "name": "Stadium Station", "walkingMeters": 827, "walkingSeconds": 595, "band": 15}]}, "geometry": {"type": "Point", "coordinates": [-122.3274612, 47.5973015]}}, {"type": "Feature", "properties": {"id": "4672bd9f-4a09-47e4-8308-0372c68fdc61", "name": "Cheese Meats Bread", "category": "restaurant", "tags": ["restaurant", "sandwich"], "sources": ["overture"], "website": "https://www.cheesemeatsbread.org", "phone": "(206) 624-0517", "address": "604 5th Ave S", "stations": [{"stopCode": 53, "lines": "1,2", "name": "International District Station", "walkingMeters": 176, "walkingSeconds": 126, "band": 5}, {"stopCode": 52, "lines": "1,2", "name": "Pioneer Square Station", "walkingMeters": 774, "walkingSeconds": 567, "band": 10}, {"stopCode": 54, "lines": "1", "name": "Stadium Station", "walkingMeters": 848, "walkingSeconds": 610, "band": 15}]}, "geometry": {"type": "Point", "coordinates": [-122.327034, 47.5973206]}}, {"type": "Feature", "properties": {"id": "378f0cd3-5c8f-4694-89fd-eb1fccd9bf0c", "name": "Shilla Korean BBQ", "category": "restaurant", "tags": ["restaurant", "korean"], "sources": ["overture"], "website": "http://shillarestaurant.com", "phone": "(206) 381-1207", "address": "517 S Weller St", "stations": [{"stopCode": 53, "lines": "1,2", "name": "International District Station", "walkingMeters": 162, "walkingSeconds": 116, "band": 5}, {"stopCode": 52, "lines": "1,2", "name": "Pioneer Square Station", "walkingMeters": 760, "walkingSeconds": 557, "band": 10}, {"stopCode": 54, "lines": "1", "name": "Stadium Station", "walkingMeters": 862, "walkingSeconds": 620, "band": 15}]}, "geometry": {"type": "Point", "coordinates": [-122.3272171, 47.5973969]}}, {"type": "Feature", "properties": {"id": "fd5d2539-5967-472a-bf5e-9bbd22b5debd", "name": "Southcove Food Llc", "category": "restaurant", "tags": ["restaurant"], "sources": ["overture"], "address": "507 S Weller St", "stations": [{"stopCode": 53, "lines": "1,2", "name": "International District Station", "walkingMeters": 157, "walkingSeconds": 117, "band": 5}, {"stopCode": 52, "lines": "1,2", "name": "Pioneer Square Station", "walkingMeters": 841, "walkingSeconds": 628, "band": 10}, {"stopCode": 54, "lines": "1", "name": "Stadium Station", "walkingMeters": 906, "walkingSeconds": 676, "band": 15}]}, "geometry": {"type": "Point", "coordinates": [-122.3272934, 47.5973778]}}, {"type": "Feature", "properties": {"id": "60180b2f-b5d2-4c3c-b172-1fafc28fb59f", "name": "Chung Chun Rice Dog Mochinut", "category": "restaurant", "tags": ["restaurant", "korean", "asian", "hot-dog"], "sources": ["overture"], "website": "https://www.clover.com/online-ordering/chungchun-rice-hot-dog-seattle", "phone": "+12066821300", "address": "502 S King St", "stations": [{"stopCode": 53, "lines": "1,2", "name": "International District Station", "walkingMeters": 48, "walkingSeconds": 35, "band": 5}, {"stopCode": 52, "lines": "1,2", "name": "Pioneer Square Station", "walkingMeters": 640, "walkingSeconds": 473, "band": 10}, {"stopCode": 54, "lines": "1", "name": "Stadium Station", "walkingMeters": 965, "walkingSeconds": 694, "band": 15}, {"stopCode": 51, "lines": "1,2", "name": "Symphony Station", "walkingMeters": 1356, "walkingSeconds": 976, "band": 15}]}, "geometry": {"type": "Point", "coordinates": [-122.3274384, 47.5984497]}}, {"type": "Feature", "properties": {"id": "9c921522-c46e-4777-8354-f5ff2533dec4", "name": "Luosifen", "category": "restaurant", "tags": ["restaurant", "chinese"], "sources": ["overture"], "website": "https://www.luosifennoodle.com", "phone": "(206) 485-7189", "address": "514 S King St", "stations": [{"stopCode": 53, "lines": "1,2", "name": "International District Station", "walkingMeters": 64, "walkingSeconds": 46, "band": 5}, {"stopCode": 52, "lines": "1,2", "name": "Pioneer Square Station", "walkingMeters": 655, "walkingSeconds": 484, "band": 10}, {"stopCode": 54, "lines": "1", "name": "Stadium Station", "walkingMeters": 971, "walkingSeconds": 701, "band": 15}, {"stopCode": 51, "lines": "1,2", "name": "Symphony Station", "walkingMeters": 1371, "walkingSeconds": 987, "band": 15}]}, "geometry": {"type": "Point", "coordinates": [-122.3272324, 47.5985374]}}, {"type": "Feature", "properties": {"id": "a67966b9-af5d-4f44-84df-572db659d59a", "name": "Ping's Dumpling House", "category": "restaurant", "tags": ["restaurant", "chinese", "asian"], "sources": ["overture"], "website": "www.pingsdumplinghouse.com", "phone": "+12066236764", "address": "508 S King St", "stations": [{"stopCode": 53, "lines": "1,2", "name": "International District Station", "walkingMeters": 68, "walkingSeconds": 51, "band": 5}, {"stopCode": 52, "lines": "1,2", "name": "Pioneer Square Station", "walkingMeters": 716, "walkingSeconds": 534, "band": 10}, {"stopCode": 54, "lines": "1", "name": "Stadium Station", "walkingMeters": 1050, "walkingSeconds": 784, "band": 15}, {"stopCode": 51, "lines": "1,2", "name": "Symphony Station", "walkingMeters": 1608, "walkingSeconds": 1200, "band": 15}]}, "geometry": {"type": "Point", "coordinates": [-122.3272934, 47.5983696]}}, {"type": "Feature", "properties": {"id": "541f3dc6-bdaa-4d91-b531-485d57656355", "name": "Seattle Best Tea", "category": "cafe", "tags": ["cafe", "tea", "room"], "sources": ["overture"], "website": "http://seattlebesttea.com/", "phone": "+12062285888", "address": "506 S King St", "stations": [{"stopCode": 53, "lines": "1,2", "name": "International District Station", "walkingMeters": 58, "walkingSeconds": 42, "band": 5}, {"stopCode": 52, "lines": "1,2", "name": "Pioneer Square Station", "walkingMeters": 649, "walkingSeconds": 480, "band": 10}, {"stopCode": 54, "lines": "1", "name": "Stadium Station", "walkingMeters": 974, "walkingSeconds": 702, "band": 15}, {"stopCode": 51, "lines": "1,2", "name": "Symphony Station", "walkingMeters": 1365, "walkingSeconds": 983, "band": 15}]}, "geometry": {"type": "Point", "coordinates": [-122.3272705, 47.5984077]}}, {"type": "Feature", "properties": {"id": "454f8ed9-e3e7-48a8-af58-e7fafd35e252", "name": "Henry's Taiwan Plus", "category": "restaurant", "tags": ["restaurant", "taiwanese"], "sources": ["overture"], "website": "http://www.henrystaiwankitchen.com", "phone": "(206) 682-0389", "address": "522 S King St", "stations": [{"stopCode": 53, "lines": "1,2", "name": "International District Station", "walkingMeters": 114, "walkingSeconds": 82, "band": 5}, {"stopCode": 52, "lines": "1,2", "name": "Pioneer Square Station", "walkingMeters": 702, "walkingSeconds": 519, "band": 10}, {"stopCode": 54, "lines": "1", "name": "Stadium Station", "walkingMeters": 923, "walkingSeconds": 666, "band": 15}]}, "geometry": {"type": "Point", "coordinates": [-122.3266449, 47.5983276]}}, {"type": "Feature", "properties": {"id": "ba05013a-eab2-4024-b160-b405bc9cbabc", "name": "Fuji Bakery-ID/King St", "category": "bakery", "tags": ["bakery"], "sources": ["overture"], "website": "http://www.fujibakeryinc.com", "phone": "+12062163616", "address": "526 S King St", "stations": [{"stopCode": 53, "lines": "1,2", "name": "International District Station", "walkingMeters": 122, "walkingSeconds": 88, "band": 5}, {"stopCode": 52, "lines": "1,2", "name": "Pioneer Square Station", "walkingMeters": 709, "walkingSeconds": 524, "band": 10}, {"stopCode": 54, "lines": "1", "name": "Stadium Station", "walkingMeters": 916, "walkingSeconds": 661, "band": 15}]}, "geometry": {"type": "Point", "coordinates": [-122.3265533, 47.5984612]}}, {"type": "Feature", "properties": {"id": "0c94aeb1-6aec-4f7f-be54-ff9b10520c7f", "name": "A Plus Kitchen Inc", "category": "restaurant", "tags": ["restaurant"], "sources": ["overture"], "address": "419 6th Ave S", "stations": [{"stopCode": 53, "lines": "1,2", "name": "International District Station", "walkingMeters": 144, "walkingSeconds": 107, "band": 5}, {"stopCode": 52, "lines": "1,2", "name": "Pioneer Square Station", "walkingMeters": 733, "walkingSeconds": 547, "band": 10}, {"stopCode": 54, "lines": "1", "name": "Stadium Station", "walkingMeters": 1082, "walkingSeconds": 807, "band": 15}]}, "geometry": {"type": "Point", "coordinates": [-122.3265533, 47.5985794]}}, {"type": "Feature", "properties": {"id": "9384f164-8a84-4be1-b911-9334227978e5", "name": "A Piece Of Cake", "category": "bakery", "tags": ["bakery"], "sources": ["overture"], "website": "http://www.apieceofcakeseattle.com", "phone": "(206) 623-8284", "address": "514 S King St", "stations": [{"stopCode": 53, "lines": "1,2", "name": "International District Station", "walkingMeters": 90, "walkingSeconds": 65, "band": 5}, {"stopCode": 52, "lines": "1,2", "name": "Pioneer Square Station", "walkingMeters": 678, "walkingSeconds": 502, "band": 10}, {"stopCode": 54, "lines": "1", "name": "Stadium Station", "walkingMeters": 947, "walkingSeconds": 684, "band": 15}]}, "geometry": {"type": "Point", "coordinates": [-122.3269653, 47.5983658]}}, {"type": "Feature", "properties": {"id": "7706a752-2d8f-4972-bc7a-19c3b67fea42", "name": "Xing Long Investment Llc", "category": "restaurant", "tags": ["restaurant"], "sources": ["overture"], "address": "520 S Jackson St", "stations": [{"stopCode": 53, "lines": "1,2", "name": "International District Station", "walkingMeters": 195, "walkingSeconds": 146, "band": 5}, {"stopCode": 52, "lines": "1,2", "name": "Pioneer Square Station", "walkingMeters": 637, "walkingSeconds": 475, "band": 10}, {"stopCode": 54, "lines": "1", "name": "Stadium Station", "walkingMeters": 1196, "walkingSeconds": 893, "band": 15}, {"stopCode": 51, "lines": "1,2", "name": "Symphony Station", "walkingMeters": 1521, "walkingSeconds": 1135, "band": 15}]}, "geometry": {"type": "Point", "coordinates": [-122.3266907, 47.5993767]}}, {"type": "Feature", "properties": {"id": "2d567e71-50e9-4319-849a-ac82c086655a", "name": "New Star Seafood Restaurant", "category": "restaurant", "tags": ["restaurant", "chinese"], "sources": ["overture"], "website": "https://www.newstarseattle.com", "phone": "12066228801", "address": "516 S Jackson St", "stations": [{"stopCode": 53, "lines": "1,2", "name": "International District Station", "walkingMeters": 186, "walkingSeconds": 139, "band": 5}, {"stopCode": 52, "lines": "1,2", "name": "Pioneer Square Station", "walkingMeters": 628, "walkingSeconds": 469, "band": 10}, {"stopCode": 54, "lines": "1", "name": "Stadium Station", "walkingMeters": 1196, "walkingSeconds": 893, "band": 15}, {"stopCode": 51, "lines": "1,2", "name": "Symphony Station", "walkingMeters": 1512, "walkingSeconds": 1128, "band": 15}]}, "geometry": {"type": "Point", "coordinates": [-122.3268356, 47.5993767]}}, {"type": "Feature", "properties": {"id": "9db2de94-7fc2-4889-b1a4-554c8a84efcd", "name": "Red Lantern", "category": "restaurant", "tags": ["restaurant", "chinese"], "sources": ["overture"], "website": "http://www.redlanternseattle.com", "phone": "(206) 682-7211", "address": "520 S Jackson St", "stations": [{"stopCode": 53, "lines": "1,2", "name": "International District Station", "walkingMeters": 173, "walkingSeconds": 124, "band": 5}, {"stopCode": 52, "lines": "1,2", "name": "Pioneer Square Station", "walkingMeters": 604, "walkingSeconds": 447, "band": 10}, {"stopCode": 54, "lines": "1", "name": "Stadium Station", "walkingMeters": 1030, "walkingSeconds": 744, "band": 15}, {"stopCode": 51, "lines": "1,2", "name": "Symphony Station", "walkingMeters": 1315, "walkingSeconds": 949, "band": 15}]}, "geometry": {"type": "Point", "coordinates": [-122.3268127, 47.5992165]}}, {"type": "Feature", "properties": {"id": "992b72f0-20a3-417f-9894-fbb7fc74c866", "name": "Thai Curry Simple", "category": "restaurant", "tags": ["restaurant", "thai"], "sources": ["overture"], "website": "http://www.thaicurrysimple.com", "phone": "(406) 584-2837", "address": "406 5th Ave", "stations": [{"stopCode": 53, "lines": "1,2", "name": "International District Station", "walkingMeters": 82, "walkingSeconds": 59, "band": 5}, {"stopCode": 52, "lines": "1,2", "name": "Pioneer Square Station", "walkingMeters": 573, "walkingSeconds": 425, "band": 10}, {"stopCode": 54, "lines": "1", "name": "Stadium Station", "walkingMeters": 1011, "walkingSeconds": 730, "band": 15}, {"stopCode": 51, "lines": "1,2", "name": "Symphony Station", "walkingMeters": 1284, "walkingSeconds": 928, "band": 15}]}, "geometry": {"type": "Point", "coordinates": [-122.3276443, 47.5988922]}}, {"type": "Feature", "properties": {"id": "02c17f8f-1b07-4e04-825e-095214d0012d", "name": "Chengdu Taste Seattle", "category": "restaurant", "tags": ["restaurant", "chinese", "asian"], "sources": ["overture"], "website": "https://www.fetail.com/storev2/shop?store_id=31", "phone": "+12063330457", "address": "504 5th Ave S", "stations": [{"stopCode": 53, "lines": "1,2", "name": "International District Station", "walkingMeters": 53, "walkingSeconds": 38, "band": 5}, {"stopCode": 52, "lines": "1,2", "name": "Pioneer Square Station", "walkingMeters": 650, "walkingSeconds": 480, "band": 10}, {"stopCode": 54, "lines": "1", "name": "Stadium Station", "walkingMeters": 944, "walkingSeconds": 679, "band": 15}, {"stopCode": 51, "lines": "1,2", "name": "Symphony Station", "walkingMeters": 1366, "walkingSeconds": 984, "band": 15}]}, "geometry": {"type": "Point", "coordinates": [-122.327507, 47.5982437]}}, {"type": "Feature", "properties": {"id": "437298bc-38b6-4edd-a949-6c3347244d43", "name": "Hood Famous Bakeshop (Chinatown-ID)", "category": "bakery", "tags": ["bakery", "filipino"], "sources": ["overture"], "website": "http://hoodfamousbakeshop.com/", "phone": "+12062612066", "address": "504 5th Ave S", "stations": [{"stopCode": 53, "lines": "1,2", "name": "International District Station", "walkingMeters": 72, "walkingSeconds": 52, "band": 5}, {"stopCode": 52, "lines": "1,2", "name": "Pioneer Square Station", "walkingMeters": 674, "walkingSeconds": 497, "band": 10}, {"stopCode": 54, "lines": "1", "name": "Stadium Station", "walkingMeters": 912, "walkingSeconds": 657, "band": 15}]}, "geometry": {"type": "Point", "coordinates": [-122.3275299, 47.5980339]}}, {"type": "Feature", "properties": {"id": "915dc821-7e1a-4169-84a3-6c8ff0e9dcf7", "name": "Tsukushinbo", "category": "restaurant", "tags": ["restaurant", "japanese"], "sources": ["overture"], "phone": "2064674004", "address": "515 S Main St", "stations": [{"stopCode": 53, "lines": "1,2", "name": "International District Station", "walkingMeters": 254, "walkingSeconds": 183, "band": 5}, {"stopCode": 52, "lines": "1,2", "name": "Pioneer Square Station", "walkingMeters": 519, "walkingSeconds": 383, "band": 10}, {"stopCode": 54, "lines": "1", "name": "Stadium Station", "walkingMeters": 1112, "walkingSeconds": 805, "band": 15}, {"stopCode": 51, "lines": "1,2", "name": "Symphony Station", "walkingMeters": 1229, "walkingSeconds": 885, "band": 15}]}, "geometry": {"type": "Point", "coordinates": [-122.3269119, 47.5999184]}}, {"type": "Feature", "properties": {"id": "98559e64-8772-43d8-83d0-8e9c4b525df4", "name": "Maneki Restaurant", "category": "restaurant", "tags": ["restaurant", "japanese", "asian"], "sources": ["overture"], "website": "http://www.manekirestaurant.com", "phone": "+15036622814", "address": "304 6th Ave S", "stations": [{"stopCode": 53, "lines": "1,2", "name": "International District Station", "walkingMeters": 260, "walkingSeconds": 187, "band": 5}, {"stopCode": 52, "lines": "1,2", "name": "Pioneer Square Station", "walkingMeters": 595, "walkingSeconds": 438, "band": 10}, {"stopCode": 54, "lines": "1", "name": "Stadium Station", "walkingMeters": 1051, "walkingSeconds": 761, "band": 15}, {"stopCode": 51, "lines": "1,2", "name": "Symphony Station", "walkingMeters": 1306, "walkingSeconds": 940, "band": 15}]}, "geometry": {"type": "Point", "coordinates": [-122.3262558, 47.5996437]}}, {"type": "Feature", "properties": {"id": "bda67e2e-ba05-45b1-9ba8-d8583a323504", "name": "Asia BBQ & Fast Food", "category": "restaurant", "tags": ["restaurant", "chinese", "barbecue", "fast-food"], "sources": ["overture"], "website": "https://grubhub.com/restaurant/Asia-Bar-B-Q-655-S-Jackson-St-Seattle/309670", "phone": "+12066242275", "address": "655 S Jackson St", "stations": [{"stopCode": 53, "lines": "1,2", "name": "International District Station", "walkingMeters": 309, "walkingSeconds": 222, "band": 5}, {"stopCode": 52, "lines": "1,2", "name": "Pioneer Square Station", "walkingMeters": 772, "walkingSeconds": 565, "band": 10}, {"stopCode": 54, "lines": "1", "name": "Stadium Station", "walkingMeters": 1071, "walkingSeconds": 773, "band": 15}]}, "geometry": {"type": "Point", "coordinates": [-122.3246918, 47.5990448]}}, {"type": "Feature", "properties": {"id": "857e6fc2-a8cb-49d0-8275-1a6d5ab9526c", "name": "Kau Kau BBQ Restaurant", "category": "restaurant", "tags": ["restaurant", "chinese", "barbecue", "asian"], "sources": ["overture"], "website": "http://Kaukaubbq.com/", "phone": "+12066824006", "address": "656 S King St", "stations": [{"stopCode": 53, "lines": "1,2", "name": "International District Station", "walkingMeters": 260, "walkingSeconds": 186, "band": 5}, {"stopCode": 52, "lines": "1,2", "name": "Pioneer Square Station", "walkingMeters": 829, "walkingSeconds": 608, "band": 15}, {"stopCode": 54, "lines": "1", "name": "Stadium Station", "walkingMeters": 1002, "walkingSeconds": 723, "band": 15}]}, "geometry": {"type": "Point", "coordinates": [-122.3246536, 47.5984192]}}, {"type": "Feature", "properties": {"id": "f97e0a31-2acd-4704-914f-50fc47e51e4b", "name": "Fang Llc", "category": "restaurant", "tags": ["restaurant"], "sources": ["overture"], "address": "418 Maynard Ave S", "stations": [{"stopCode": 53, "lines": "1,2", "name": "International District Station", "walkingMeters": 303, "walkingSeconds": 226, "band": 5}, {"stopCode": 52, "lines": "1,2", "name": "Pioneer Square Station", "walkingMeters": 834, "walkingSeconds": 622, "band": 10}, {"stopCode": 54, "lines": "1", "name": "Stadium Station", "walkingMeters": 1114, "walkingSeconds": 831, "band": 15}]}, "geometry": {"type": "Point", "coordinates": [-122.324913, 47.5986633]}}, {"type": "Feature", "properties": {"id": "1e121bcf-d208-420e-9fb1-005fb00fc21f", "name": "Pok\u00e9rrito Ya", "category": "restaurant", "tags": ["restaurant", "poke", "sushi", "japanese"], "sources": ["overture"], "website": "https://www.pokerritous.com/", "phone": "+12064857027", "address": "US, 625 S King St", "stations": [{"stopCode": 53, "lines": "1,2", "name": "International District Station", "walkingMeters": 225, "walkingSeconds": 162, "band": 5}, {"stopCode": 52, "lines": "1,2", "name": "Pioneer Square Station", "walkingMeters": 811, "walkingSeconds": 595, "band": 10}, {"stopCode": 54, "lines": "1", "name": "Stadium Station", "walkingMeters": 957, "walkingSeconds": 691, "band": 15}]}, "geometry": {"type": "Point", "coordinates": [-122.3252411, 47.5982666]}}, {"type": "Feature", "properties": {"id": "6bb4b51e-5987-43e9-a418-e8c6d7c85541", "name": "Star Tea Shop", "category": "cafe", "tags": ["cafe", "tea", "room"], "sources": ["overture"], "website": "http://www.starteashop.com", "phone": "(206) 382-7827", "address": "616 S Jackson St", "stations": [{"stopCode": 53, "lines": "1,2", "name": "International District Station", "walkingMeters": 283, "walkingSeconds": 205, "band": 5}, {"stopCode": 52, "lines": "1,2", "name": "Pioneer Square Station", "walkingMeters": 693, "walkingSeconds": 508, "band": 10}, {"stopCode": 54, "lines": "1", "name": "Stadium Station", "walkingMeters": 1073, "walkingSeconds": 775, "band": 15}]}, "geometry": {"type": "Point", "coordinates": [-122.3254471, 47.5993729]}}, {"type": "Feature", "properties": {"id": "ae7d7905-0964-4491-a03e-86701cccf2ff", "name": "Itsumono", "category": "restaurant", "tags": ["restaurant", "japanese"], "sources": ["overture"], "website": "https://linktr.ee/itsumonoseattle", "phone": "+12066821828", "address": "610 S Jackson St", "stations": [{"stopCode": 53, "lines": "1,2", "name": "International District Station", "walkingMeters": 251, "walkingSeconds": 187, "band": 5}, {"stopCode": 52, "lines": "1,2", "name": "Pioneer Square Station", "walkingMeters": 704, "walkingSeconds": 525, "band": 10}, {"stopCode": 54, "lines": "1", "name": "Stadium Station", "walkingMeters": 1192, "walkingSeconds": 890, "band": 15}]}, "geometry": {"type": "Point", "coordinates": [-122.3258362, 47.599308]}}, {"type": "Feature", "properties": {"id": "89df9f90-9e6d-4875-bb82-561ed647b736", "name": "Kaname Izakaya", "category": "restaurant", "tags": ["restaurant", "asian", "fusion", "sushi"], "sources": ["overture"], "website": "http://www.kaname-izakaya.com/", "phone": "2066821828", "address": "610 S Jackson St", "stations": [{"stopCode": 53, "lines": "1,2", "name": "International District Station", "walkingMeters": 236, "walkingSeconds": 171, "band": 5}, {"stopCode": 52, "lines": "1,2", "name": "Pioneer Square Station", "walkingMeters": 665, "walkingSeconds": 490, "band": 10}, {"stopCode": 54, "lines": "1", "name": "Stadium Station", "walkingMeters": 1026, "walkingSeconds": 741, "band": 15}]}, "geometry": {"type": "Point", "coordinates": [-122.3258209, 47.5993233]}}, {"type": "Feature", "properties": {"id": "6b212bd5-b989-447b-963e-1d14767327b7", "name": "New An Dong", "category": "restaurant", "tags": ["restaurant", "chinese", "korean"], "sources": ["overture"], "website": "http://www.agr.wa.gov", "phone": "+12066241684", "address": "601 S King St # 205", "stations": [{"stopCode": 53, "lines": "1,2", "name": "International District Station", "walkingMeters": 179, "walkingSeconds": 128, "band": 5}, {"stopCode": 52, "lines": "1,2", "name": "Pioneer Square Station", "walkingMeters": 770, "walkingSeconds": 568, "band": 10}, {"stopCode": 54, "lines": "1", "name": "Stadium Station", "walkingMeters": 930, "walkingSeconds": 672, "band": 15}]}, "geometry": {"type": "Point", "coordinates": [-122.3258514, 47.5982895]}}, {"type": "Feature", "properties": {"id": "1163bf2c-285c-46f1-b69a-cc65756e380e", "name": "Little Sheep Mongolian Hot Pot", "category": "restaurant", "tags": ["restaurant", "mongolian"], "sources": ["overture"], "website": "http://www.littlesheephotpot.com/", "phone": "2066236700", "address": "609 S Weller St", "stations": [{"stopCode": 53, "lines": "1,2", "name": "International District Station", "walkingMeters": 253, "walkingSeconds": 182, "band": 5}, {"stopCode": 54, "lines": "1", "name": "Stadium Station", "walkingMeters": 826, "walkingSeconds": 597, "band": 15}, {"stopCode": 52, "lines": "1,2", "name": "Pioneer Square Station", "walkingMeters": 853, "walkingSeconds": 624, "band": 10}]}, "geometry": {"type": "Point", "coordinates": [-122.3260193, 47.5973396]}}, {"type": "Feature", "properties": {"id": "4a996a58-7c1e-4860-97e5-b4ac57c71a06", "name": "King's Barbeque House", "category": "restaurant", "tags": ["restaurant", "chinese", "barbecue", "asian"], "sources": ["overture"], "website": "http://www.foodvancouver.com", "phone": "+12066222828", "address": "518 6th Ave S", "stations": [{"stopCode": 53, "lines": "1,2", "name": "International District Station", "walkingMeters": 200, "walkingSeconds": 144, "band": 5}, {"stopCode": 52, "lines": "1,2", "name": "Pioneer Square Station", "walkingMeters": 792, "walkingSeconds": 584, "band": 10}, {"stopCode": 54, "lines": "1", "name": "Stadium Station", "walkingMeters": 846, "walkingSeconds": 611, "band": 15}]}, "geometry": {"type": "Point", "coordinates": [-122.3260727, 47.5977821]}}, {"type": "Feature", "properties": {"id": "957c2cee-5224-4d91-b181-ba6392733b56", "name": "Yummy House Bakery", "category": "bakery", "tags": ["bakery", "chinese", "asian"], "sources": ["overture"], "website": "http://yummyhousebakery.com/", "phone": "+12063408838", "address": "522 6th Ave S", "stations": [{"stopCode": 53, "lines": "1,2", "name": "International District Station", "walkingMeters": 205, "walkingSeconds": 147, "band": 5}, {"stopCode": 52, "lines": "1,2", "name": "Pioneer Square Station", "walkingMeters": 796, "walkingSeconds": 587, "band": 10}, {"stopCode": 54, "lines": "1", "name": "Stadium Station", "walkingMeters": 841, "walkingSeconds": 608, "band": 15}]}, "geometry": {"type": "Point", "coordinates": [-122.3263092, 47.5977592]}}, {"type": "Feature", "properties": {"id": "b6c8724d-a296-472d-b69c-0890c0b28556", "name": "Shanghai Garden", "category": "restaurant", "tags": ["restaurant", "chinese"], "sources": ["overture"], "website": "theshanghaigarden.com", "phone": "12066251688", "address": "524 6th Ave S", "stations": [{"stopCode": 53, "lines": "1,2", "name": "International District Station", "walkingMeters": 201, "walkingSeconds": 150, "band": 5}, {"stopCode": 52, "lines": "1,2", "name": "Pioneer Square Station", "walkingMeters": 861, "walkingSeconds": 643, "band": 10}, {"stopCode": 54, "lines": "1", "name": "Stadium Station", "walkingMeters": 951, "walkingSeconds": 710, "band": 15}]}, "geometry": {"type": "Point", "coordinates": [-122.32621, 47.5976524]}}, {"type": "Feature", "properties": {"id": "5b8c734f-4a8f-42eb-bc31-2846cd0a177a", "name": "Bellwether BBQ and Grill", "category": "restaurant", "tags": ["restaurant", "barbecue", "bar-and-grill", "american"], "sources": ["overture"], "phone": "+12062238528", "address": "609 S Weller St Ste c", "stations": [{"stopCode": 53, "lines": "1,2", "name": "International District Station", "walkingMeters": 252, "walkingSeconds": 181, "band": 5}, {"stopCode": 54, "lines": "1", "name": "Stadium Station", "walkingMeters": 825, "walkingSeconds": 596, "band": 15}, {"stopCode": 52, "lines": "1,2", "name": "Pioneer Square Station", "walkingMeters": 851, "walkingSeconds": 623, "band": 10}]}, "geometry": {"type": "Point", "coordinates": [-122.3260345, 47.5973434]}}, {"type": "Feature", "properties": {"id": "eaf61062-e8f2-4743-a15b-e17c47a4e2df", "name": "Happy Lamb Seattle Llc", "category": "restaurant", "tags": ["restaurant"], "sources": ["overture"], "website": "https://www.crossoceanbuy.com", "address": "609 S Weller St", "stations": [{"stopCode": 53, "lines": "1,2", "name": "International District Station", "walkingMeters": 246, "walkingSeconds": 177, "band": 5}, {"stopCode": 54, "lines": "1", "name": "Stadium Station", "walkingMeters": 819, "walkingSeconds": 592, "band": 15}, {"stopCode": 52, "lines": "1,2", "name": "Pioneer Square Station", "walkingMeters": 846, "walkingSeconds": 619, "band": 10}]}, "geometry": {"type": "Point", "coordinates": [-122.326004, 47.5972862]}}, {"type": "Feature", "properties": {"id": "d5cb22e2-022d-4656-8e1e-5c668e284a92", "name": "Cake House", "category": "bakery", "tags": ["bakery", "chinese", "asian"], "sources": ["overture"], "website": "http://www.autumnmartin.com", "phone": "+12062232766", "address": "620 S Weller St", "stations": [{"stopCode": 53, "lines": "1,2", "name": "International District Station", "walkingMeters": 290, "walkingSeconds": 208, "band": 5}, {"stopCode": 54, "lines": "1", "name": "Stadium Station", "walkingMeters": 888, "walkingSeconds": 641, "band": 15}, {"stopCode": 52, "lines": "1,2", "name": "Pioneer Square Station", "walkingMeters": 881, "walkingSeconds": 648, "band": 10}]}, "geometry": {"type": "Point", "coordinates": [-122.3253784, 47.59758]}}, {"type": "Feature", "properties": {"id": "1c03cd8e-e828-496f-a773-101f9bb4f955", "name": "Ntb Inc", "category": "restaurant", "tags": ["restaurant"], "sources": ["overture"], "address": "618 S Weller St", "stations": [{"stopCode": 53, "lines": "1,2", "name": "International District Station", "walkingMeters": 264, "walkingSeconds": 197, "band": 5}, {"stopCode": 52, "lines": "1,2", "name": "Pioneer Square Station", "walkingMeters": 902, "walkingSeconds": 673, "band": 10}, {"stopCode": 54, "lines": "1", "name": "Stadium Station", "walkingMeters": 961, "walkingSeconds": 717, "band": 15}]}, "geometry": {"type": "Point", "coordinates": [-122.3254929, 47.5976601]}}, {"type": "Feature", "properties": {"id": "ccdb26b5-f4d5-4243-b055-b12c94585832", "name": "Ph\u1edf H\u00f2a + Jazen Tea (weller)", "category": "restaurant", "tags": ["restaurant", "vietnamese"], "sources": ["overture"], "website": "https://www.phohoa.com", "phone": "12066247189", "address": "618 S Weller St", "stations": [{"stopCode": 53, "lines": "1,2", "name": "International District Station", "walkingMeters": 264, "walkingSeconds": 197, "band": 5}, {"stopCode": 52, "lines": "1,2", "name": "Pioneer Square Station", "walkingMeters": 902, "walkingSeconds": 673, "band": 10}, {"stopCode": 54, "lines": "1", "name": "Stadium Station", "walkingMeters": 961, "walkingSeconds": 717, "band": 15}]}, "geometry": {"type": "Point", "coordinates": [-122.3254929, 47.5976601]}}, {"type": "Feature", "properties": {"id": "cbced5dc-baa3-4bb5-8e8f-710df5a106ac", "name": "Liana Cafe House", "category": "restaurant", "tags": ["restaurant", "asian", "fusion"], "sources": ["overture"], "phone": "2066516922", "address": "511 Maynard Ave S Ste A", "stations": [{"stopCode": 53, "lines": "1,2", "name": "International District Station", "walkingMeters": 271, "walkingSeconds": 195, "band": 5}, {"stopCode": 52, "lines": "1,2", "name": "Pioneer Square Station", "walkingMeters": 848, "walkingSeconds": 622, "band": 10}, {"stopCode": 54, "lines": "1", "name": "Stadium Station", "walkingMeters": 926, "walkingSeconds": 668, "band": 15}]}, "geometry": {"type": "Point", "coordinates": [-122.3250961, 47.5980034]}}, {"type": "Feature", "properties": {"id": "c02c864b-4016-403c-9d4d-209809344fd7", "name": "ZSX Szechuan Rice Noodles \u66fe\u4e09\u4ed9\u7c73\u7ebf", "category": "restaurant", "tags": ["restaurant", "chinese", "noodles", "asian"], "sources": ["overture"], "website": "https://zsxnoodles.com/", "phone": "+12068183319", "address": "628 S Weller St", "stations": [{"stopCode": 53, "lines": "1,2", "name": "International District Station", "walkingMeters": 300, "walkingSeconds": 215, "band": 5}, {"stopCode": 54, "lines": "1", "name": "Stadium Station", "walkingMeters": 879, "walkingSeconds": 634, "band": 15}, {"stopCode": 52, "lines": "1,2", "name": "Pioneer Square Station", "walkingMeters": 891, "walkingSeconds": 654, "band": 10}]}, "geometry": {"type": "Point", "coordinates": [-122.3252487, 47.5976219]}}, {"type": "Feature", "properties": {"id": "e161e09b-f4dd-425f-846d-e98145425432", "name": "Ironsteak", "category": "restaurant", "tags": ["restaurant", "steakhouse"], "sources": ["overture"], "phone": "12066232541", "address": "628 S Weller St", "stations": [{"stopCode": 53, "lines": "1,2", "name": "International District Station", "walkingMeters": 284, "walkingSeconds": 212, "band": 5}, {"stopCode": 52, "lines": "1,2", "name": "Pioneer Square Station", "walkingMeters": 916, "walkingSeconds": 684, "band": 10}, {"stopCode": 54, "lines": "1", "name": "Stadium Station", "walkingMeters": 964, "walkingSeconds": 719, "band": 15}]}, "geometry": {"type": "Point", "coordinates": [-122.3252716, 47.5976563]}}, {"type": "Feature", "properties": {"id": "c4b50a64-36bf-43ea-989c-20f63f9c8948", "name": "Ho Ho Seafood Restaurant", "category": "restaurant", "tags": ["restaurant", "chinese"], "sources": ["overture"], "website": "https://seattlehohoseafood.com", "phone": "12063829671", "address": "653 S Weller St", "stations": [{"stopCode": 53, "lines": "1,2", "name": "International District Station", "walkingMeters": 315, "walkingSeconds": 226, "band": 5}, {"stopCode": 54, "lines": "1", "name": "Stadium Station", "walkingMeters": 875, "walkingSeconds": 631, "band": 15}, {"stopCode": 52, "lines": "1,2", "name": "Pioneer Square Station", "walkingMeters": 904, "walkingSeconds": 662, "band": 15}]}, "geometry": {"type": "Point", "coordinates": [-122.324852, 47.5973701]}}, {"type": "Feature", "properties": {"id": "fe1623c9-97be-4f6f-8989-3a71ccb3daa6", "name": "Ringo Curry", "category": "restaurant", "tags": ["restaurant", "japanese", "asian"], "sources": ["overture"], "website": "https://www.ringocurryseattle.com", "phone": "+12066235555", "address": "653 S Weller St", "stations": [{"stopCode": 53, "lines": "1,2", "name": "International District Station", "walkingMeters": 344, "walkingSeconds": 247, "band": 5}, {"stopCode": 54, "lines": "1", "name": "Stadium Station", "walkingMeters": 858, "walkingSeconds": 619, "band": 15}, {"stopCode": 52, "lines": "1,2", "name": "Pioneer Square Station", "walkingMeters": 928, "walkingSeconds": 680, "band": 15}]}, "geometry": {"type": "Point", "coordinates": [-122.3248367, 47.597332]}}, {"type": "Feature", "properties": {"id": "5e0dc404-229d-4079-9977-0eaddd744c46", "name": "Ocean Star", "category": "restaurant", "tags": ["restaurant", "chinese", "seafood", "dim-sum"], "sources": ["overture"], "website": "http://www.seattleoceanstar.com/", "phone": "+12066231670", "address": "605 7th Ave S", "stations": [{"stopCode": 53, "lines": "1,2", "name": "International District Station", "walkingMeters": 418, "walkingSeconds": 300, "band": 5}, {"stopCode": 54, "lines": "1", "name": "Stadium Station", "walkingMeters": 940, "walkingSeconds": 678, "band": 15}, {"stopCode": 52, "lines": "1,2", "name": "Pioneer Square Station", "walkingMeters": 999, "walkingSeconds": 731, "band": 15}]}, "geometry": {"type": "Point", "coordinates": [-122.3241577, 47.59729]}}, {"type": "Feature", "properties": {"id": "6439d00f-a8a9-4a89-80a2-210e046dc16b", "name": "Ton Kiang Barbeque Noodle House", "category": "restaurant", "tags": ["restaurant", "chinese", "asian", "noodles"], "sources": ["overture"], "website": "https://www.mapquest.com/.../ton-kiang-barbeque-noodle-house-12566027", "phone": "+12066223388", "address": "668 S Weller St", "stations": [{"stopCode": 53, "lines": "1,2", "name": "International District Station", "walkingMeters": 378, "walkingSeconds": 271, "band": 5}, {"stopCode": 54, "lines": "1", "name": "Stadium Station", "walkingMeters": 941, "walkingSeconds": 679, "band": 15}, {"stopCode": 52, "lines": "1,2", "name": "Pioneer Square Station", "walkingMeters": 954, "walkingSeconds": 699, "band": 15}]}, "geometry": {"type": "Point", "coordinates": [-122.3242035, 47.5976028]}}, {"type": "Feature", "properties": {"id": "2a3e4e98-6951-4b0f-b22c-0d37f38694cd", "name": "Sun-Ya Restaurant", "category": "restaurant", "tags": ["restaurant", "seafood"], "sources": ["overture"], "website": "http://sun-ya.cwok.com", "phone": "(206) 623-1670", "address": "605 7th Ave S", "stations": [{"stopCode": 53, "lines": "1,2", "name": "International District Station", "walkingMeters": 412, "walkingSeconds": 296, "band": 5}, {"stopCode": 54, "lines": "1", "name": "Stadium Station", "walkingMeters": 946, "walkingSeconds": 682, "band": 15}, {"stopCode": 52, "lines": "1,2", "name": "Pioneer Square Station", "walkingMeters": 993, "walkingSeconds": 727, "band": 15}]}, "geometry": {"type": "Point", "coordinates": [-122.3241043, 47.5973434]}}, {"type": "Feature", "properties": {"id": "9ef12046-6644-4300-abab-0ada16dc4909", "name": "J Sushi", "category": "restaurant", "tags": ["restaurant", "sushi"], "sources": ["overture"], "website": "http://jsushiseattle.com", "phone": "(206) 287-9000", "address": "674 S Weller St", "stations": [{"stopCode": 53, "lines": "1,2", "name": "International District Station", "walkingMeters": 424, "walkingSeconds": 316, "band": 10}, {"stopCode": 54, "lines": "1", "name": "Stadium Station", "walkingMeters": 968, "walkingSeconds": 722, "band": 15}, {"stopCode": 52, "lines": "1,2", "name": "Pioneer Square Station", "walkingMeters": 1032, "walkingSeconds": 770, "band": 15}]}, "geometry": {"type": "Point", "coordinates": [-122.3238678, 47.5974197]}}, {"type": "Feature", "properties": {"id": "0fe213d1-b5bf-47e0-bff2-ab6b10b459e7", "name": "Kim Tam Group Llc", "category": "restaurant", "tags": ["restaurant"], "sources": ["overture"], "address": "516 7th Ave S", "stations": [{"stopCode": 53, "lines": "1,2", "name": "International District Station", "walkingMeters": 456, "walkingSeconds": 340, "band": 10}, {"stopCode": 52, "lines": "1,2", "name": "Pioneer Square Station", "walkingMeters": 1024, "walkingSeconds": 764, "band": 15}, {"stopCode": 54, "lines": "1", "name": "Stadium Station", "walkingMeters": 1042, "walkingSeconds": 778, "band": 15}]}, "geometry": {"type": "Point", "coordinates": [-122.3233795, 47.597847]}}, {"type": "Feature", "properties": {"id": "95f7b7b6-f3af-42b4-8aa2-4fddccd1ba4c", "name": "Dagu Rice Noodle Seattle", "category": "restaurant", "tags": ["restaurant"], "sources": ["overture"], "website": "https://www.daguricenoodleseattlewa.com/?utm_source=bing&utm_medium=websiteurl&utm_campaign=search", "phone": "2066668384", "address": "516 7th Ave S", "stations": [{"stopCode": 53, "lines": "1,2", "name": "International District Station", "walkingMeters": 391, "walkingSeconds": 281, "band": 5}, {"stopCode": 52, "lines": "1,2", "name": "Pioneer Square Station", "walkingMeters": 949, "walkingSeconds": 695, "band": 15}, {"stopCode": 54, "lines": "1", "name": "Stadium Station", "walkingMeters": 1010, "walkingSeconds": 729, "band": 15}]}, "geometry": {"type": "Point", "coordinates": [-122.3235855, 47.5978699]}}, {"type": "Feature", "properties": {"id": "e5173fff-4acb-42c0-8928-d2cb7196847e", "name": "Four Seas Restaurant", "category": "restaurant", "tags": ["restaurant", "chinese"], "sources": ["overture"], "website": "http://www.fourseaschinese.com/", "phone": "(206) 682-4900", "address": "714 S King St", "stations": [{"stopCode": 53, "lines": "1,2", "name": "International District Station", "walkingMeters": 402, "walkingSeconds": 289, "band": 10}, {"stopCode": 52, "lines": "1,2", "name": "Pioneer Square Station", "walkingMeters": 942, "walkingSeconds": 690, "band": 15}, {"stopCode": 54, "lines": "1", "name": "Stadium Station", "walkingMeters": 1121, "walkingSeconds": 807, "band": 15}]}, "geometry": {"type": "Point", "coordinates": [-122.3228226, 47.5985489]}}, {"type": "Feature", "properties": {"id": "841a549f-8406-4fc1-af52-ee5022a042ec", "name": "Dynasty Room", "category": "bar", "tags": ["bar"], "sources": ["overture"], "website": "http://dynastyroomseattle.com", "phone": "(206) 682-0297", "address": "714 S King St Ste 200", "stations": [{"stopCode": 53, "lines": "1,2", "name": "International District Station", "walkingMeters": 398, "walkingSeconds": 286, "band": 10}, {"stopCode": 52, "lines": "1,2", "name": "Pioneer Square Station", "walkingMeters": 903, "walkingSeconds": 661, "band": 15}, {"stopCode": 54, "lines": "1", "name": "Stadium Station", "walkingMeters": 1117, "walkingSeconds": 804, "band": 15}]}, "geometry": {"type": "Point", "coordinates": [-122.3230057, 47.5985909]}}, {"type": "Feature", "properties": {"id": "8b480a66-5126-4939-8ca1-934bb4ad0d79", "name": "Hong Ning Chinese Herb", "category": "restaurant", "tags": ["restaurant", "chinese"], "sources": ["overture"], "website": "http://www.hongningherb.cwok.com", "phone": "(206) 652-5366", "address": "419 7th Ave S", "stations": [{"stopCode": 53, "lines": "1,2", "name": "International District Station", "walkingMeters": 352, "walkingSeconds": 252, "band": 5}, {"stopCode": 52, "lines": "1,2", "name": "Pioneer Square Station", "walkingMeters": 863, "walkingSeconds": 633, "band": 15}, {"stopCode": 54, "lines": "1", "name": "Stadium Station", "walkingMeters": 1091, "walkingSeconds": 787, "band": 15}]}, "geometry": {"type": "Point", "coordinates": [-122.3239746, 47.5987396]}}, {"type": "Feature", "properties": {"id": "373a3fb3-a86a-4328-955f-5956c0937eb1", "name": "Baegopa", "category": "restaurant", "tags": ["restaurant", "korean", "barbecue"], "sources": ["overture"], "website": "http://wwwbaegopabbq.com", "phone": "+12064857137", "address": "509 7th Ave S", "stations": [{"stopCode": 53, "lines": "1,2", "name": "International District Station", "walkingMeters": 355, "walkingSeconds": 255, "band": 5}, {"stopCode": 52, "lines": "1,2", "name": "Pioneer Square Station", "walkingMeters": 928, "walkingSeconds": 679, "band": 15}, {"stopCode": 54, "lines": "1", "name": "Stadium Station", "walkingMeters": 1014, "walkingSeconds": 731, "band": 15}]}, "geometry": {"type": "Point", "coordinates": [-122.3238907, 47.5980415]}}, {"type": "Feature", "properties": {"id": "b926cdf9-ee72-4d69-875b-23ba482a6d72", "name": "Fortune Sports Bar", "category": "bar", "tags": ["bar", "dive"], "sources": ["overture"], "website": "http://www.fortunesportsbar.com/", "phone": "(206) 223-0123", "address": "664 S King St", "stations": [{"stopCode": 53, "lines": "1,2", "name": "International District Station", "walkingMeters": 343, "walkingSeconds": 246, "band": 5}, {"stopCode": 52, "lines": "1,2", "name": "Pioneer Square Station", "walkingMeters": 871, "walkingSeconds": 639, "band": 15}, {"stopCode": 54, "lines": "1", "name": "Stadium Station", "walkingMeters": 1083, "walkingSeconds": 781, "band": 15}]}, "geometry": {"type": "Point", "coordinates": [-122.3241196, 47.5986633]}}, {"type": "Feature", "properties": {"id": "148d0b06-d187-4c41-8a2b-6fa53c2e6197", "name": "Mon Hei Bakery", "category": "bakery", "tags": ["bakery"], "sources": ["overture"], "website": "http://www.mh-bakery.com", "phone": "(206) 624-4156", "address": "669 S King St", "stations": [{"stopCode": 53, "lines": "1,2", "name": "International District Station", "walkingMeters": 298, "walkingSeconds": 214, "band": 5}, {"stopCode": 52, "lines": "1,2", "name": "Pioneer Square Station", "walkingMeters": 870, "walkingSeconds": 638, "band": 15}, {"stopCode": 54, "lines": "1", "name": "Stadium Station", "walkingMeters": 1026, "walkingSeconds": 740, "band": 15}]}, "geometry": {"type": "Point", "coordinates": [-122.3242035, 47.5983887]}}, {"type": "Feature", "properties": {"id": "9acc7bd3-ea48-4970-94a4-7465cf9c6bf1", "name": "Seattle Chinese China Town", "category": "restaurant", "tags": ["restaurant", "chinese"], "sources": ["overture"], "website": "http://cidbia.org", "phone": "+12063321933", "address": "675 S King St", "stations": [{"stopCode": 53, "lines": "1,2", "name": "International District Station", "walkingMeters": 373, "walkingSeconds": 278, "band": 5}, {"stopCode": 52, "lines": "1,2", "name": "Pioneer Square Station", "walkingMeters": 936, "walkingSeconds": 699, "band": 15}, {"stopCode": 54, "lines": "1", "name": "Stadium Station", "walkingMeters": 1060, "walkingSeconds": 791, "band": 15}]}, "geometry": {"type": "Point", "coordinates": [-122.324173, 47.5981598]}}, {"type": "Feature", "properties": {"id": "71f0914c-eb76-4f62-a503-e70e48007b4c", "name": "Sizzling Pot King", "category": "restaurant", "tags": ["restaurant", "chinese"], "sources": ["overture"], "website": "https://www.ordertogo.com/yummiteriyaki", "phone": "12066240314", "address": "660 S King St", "stations": [{"stopCode": 53, "lines": "1,2", "name": "International District Station", "walkingMeters": 258, "walkingSeconds": 185, "band": 5}, {"stopCode": 52, "lines": "1,2", "name": "Pioneer Square Station", "walkingMeters": 827, "walkingSeconds": 607, "band": 15}, {"stopCode": 54, "lines": "1", "name": "Stadium Station", "walkingMeters": 1000, "walkingSeconds": 722, "band": 15}]}, "geometry": {"type": "Point", "coordinates": [-122.32444, 47.5984726]}}, {"type": "Feature", "properties": {"id": "7d25ae73-fc57-4963-8aea-f041a96ca5d8", "name": "Sushi AYCE All You Can Eat", "category": "restaurant", "tags": ["restaurant", "sushi", "japanese", "asian"], "sources": ["overture"], "website": "https://www.sushiayceus.com/", "phone": "+12064857027", "address": "660 S King St", "stations": [{"stopCode": 53, "lines": "1,2", "name": "International District Station", "walkingMeters": 292, "walkingSeconds": 210, "band": 5}, {"stopCode": 52, "lines": "1,2", "name": "Pioneer Square Station", "walkingMeters": 851, "walkingSeconds": 622, "band": 15}, {"stopCode": 54, "lines": "1", "name": "Stadium Station", "walkingMeters": 1032, "walkingSeconds": 744, "band": 15}]}, "geometry": {"type": "Point", "coordinates": [-122.3245163, 47.598568]}}, {"type": "Feature", "properties": {"id": "6ef2181a-f796-49c4-8155-4d51115586bf", "name": "House of Hong", "category": "restaurant", "tags": ["restaurant", "dim-sum", "dim", "sum", "asian", "seafood"], "sources": ["overture"], "website": "http://www.houseofhongseattle.com/", "phone": "2066227997", "address": "409 8th Ave S", "stations": [{"stopCode": 53, "lines": "1,2", "name": "International District Station", "walkingMeters": 469, "walkingSeconds": 337, "band": 10}, {"stopCode": 52, "lines": "1,2", "name": "Pioneer Square Station", "walkingMeters": 911, "walkingSeconds": 668, "band": 15}]}, "geometry": {"type": "Point", "coordinates": [-122.3225937, 47.5988655]}}, {"type": "Feature", "properties": {"id": "a9177a39-55b9-45f3-8d9b-5593e4aae9e5", "name": "International Lobster Rolls", "category": "restaurant", "tags": ["restaurant", "seafood"], "sources": ["overture"], "phone": "+12064857018", "address": "414 8th Ave S", "stations": [{"stopCode": 53, "lines": "1,2", "name": "International District Station", "walkingMeters": 463, "walkingSeconds": 332, "band": 10}, {"stopCode": 52, "lines": "1,2", "name": "Pioneer Square Station", "walkingMeters": 948, "walkingSeconds": 696, "band": 15}]}, "geometry": {"type": "Point", "coordinates": [-122.3222427, 47.5986671]}}, {"type": "Feature", "properties": {"id": "e74c5e37-d2fd-4dbb-ba84-caab0ef7d10c", "name": "Green Leaf Vietnamese Restaurant", "category": "restaurant", "tags": ["restaurant", "vietnamese"], "sources": ["overture"], "website": "http://greenleaftaste.com/", "phone": "(206) 340-1388", "address": "418 8th Ave S", "stations": [{"stopCode": 53, "lines": "1,2", "name": "International District Station", "walkingMeters": 447, "walkingSeconds": 321, "band": 10}, {"stopCode": 52, "lines": "1,2", "name": "Pioneer Square Station", "walkingMeters": 950, "walkingSeconds": 697, "band": 15}, {"stopCode": 54, "lines": "1", "name": "Stadium Station", "walkingMeters": 1164, "walkingSeconds": 837, "band": 15}]}, "geometry": {"type": "Point", "coordinates": [-122.3224411, 47.5985832]}}, {"type": "Feature", "properties": {"id": "612be13b-a9e2-4c56-b32c-742cc4086f29", "name": "Fanpu Seattle", "category": "bar", "tags": ["bar"], "sources": ["overture"], "phone": "+12063290793", "address": "422 8th Ave S", "stations": [{"stopCode": 53, "lines": "1,2", "name": "International District Station", "walkingMeters": 454, "walkingSeconds": 325, "band": 10}, {"stopCode": 52, "lines": "1,2", "name": "Pioneer Square Station", "walkingMeters": 986, "walkingSeconds": 723, "band": 15}, {"stopCode": 54, "lines": "1", "name": "Stadium Station", "walkingMeters": 1164, "walkingSeconds": 838, "band": 15}]}, "geometry": {"type": "Point", "coordinates": [-122.3221893, 47.5984802]}}, {"type": "Feature", "properties": {"id": "d6420efe-7488-419b-85b3-48d7e5eeb202", "name": "Jufeng Noodle House", "category": "restaurant", "tags": ["restaurant"], "sources": ["overture"], "phone": "12062238640", "address": "418 8th Ave S", "stations": [{"stopCode": 53, "lines": "1,2", "name": "International District Station", "walkingMeters": 564, "walkingSeconds": 421, "band": 10}, {"stopCode": 52, "lines": "1,2", "name": "Pioneer Square Station", "walkingMeters": 1054, "walkingSeconds": 787, "band": 15}, {"stopCode": 54, "lines": "1", "name": "Stadium Station", "walkingMeters": 1175, "walkingSeconds": 877, "band": 15}]}, "geometry": {"type": "Point", "coordinates": [-122.3222122, 47.5985184]}}, {"type": "Feature", "properties": {"id": "0be170c3-8237-468d-924d-1b7d1017686a", "name": "Rose Brand", "category": "bakery", "tags": ["bakery"], "sources": ["overture"], "website": "http://www.tsuechong.com", "phone": "(206) 623-0801", "address": "800 S Weller St", "stations": [{"stopCode": 53, "lines": "1,2", "name": "International District Station", "walkingMeters": 565, "walkingSeconds": 406, "band": 10}, {"stopCode": 54, "lines": "1", "name": "Stadium Station", "walkingMeters": 1102, "walkingSeconds": 793, "band": 15}, {"stopCode": 52, "lines": "1,2", "name": "Pioneer Square Station", "walkingMeters": 1110, "walkingSeconds": 812, "band": 15}]}, "geometry": {"type": "Point", "coordinates": [-122.3220749, 47.5978165]}}, {"type": "Feature", "properties": {"id": "ecfd3827-57ce-4c97-a16a-6abbaea71fbf", "name": "Sweet & Fresh Bakery", "category": "bakery", "tags": ["bakery"], "sources": ["overture"], "website": "https://sweet-fresh-bakery.hub.biz", "phone": "(206) 682-7030", "address": "610 8th Ave S", "stations": [{"stopCode": 53, "lines": "1,2", "name": "International District Station", "walkingMeters": 546, "walkingSeconds": 392, "band": 10}, {"stopCode": 54, "lines": "1", "name": "Stadium Station", "walkingMeters": 1026, "walkingSeconds": 738, "band": 15}, {"stopCode": 52, "lines": "1,2", "name": "Pioneer Square Station", "walkingMeters": 1104, "walkingSeconds": 807, "band": 15}]}, "geometry": {"type": "Point", "coordinates": [-122.322197, 47.5972786]}}, {"type": "Feature", "properties": {"id": "3c74563b-0ccd-4e0b-b4cd-f56d70cb0e46", "name": "Medina Hookah Lounge", "category": "bar", "tags": ["bar", "hookah"], "sources": ["overture"], "website": "https://www.medinahookahlounge.com/", "phone": "+12067470303", "address": "700 S Dearborn St", "stations": [{"stopCode": 53, "lines": "1,2", "name": "International District Station", "walkingMeters": 586, "walkingSeconds": 421, "band": 10}, {"stopCode": 54, "lines": "1", "name": "Stadium Station", "walkingMeters": 806, "walkingSeconds": 582, "band": 10}, {"stopCode": 52, "lines": "1,2", "name": "Pioneer Square Station", "walkingMeters": 1164, "walkingSeconds": 850, "band": 15}]}, "geometry": {"type": "Point", "coordinates": [-122.3234634, 47.595974]}}, {"type": "Feature", "properties": {"id": "9cfe5c21-1a45-4781-9e21-455e9bbe1612", "name": "Kf Sushi", "category": "restaurant", "tags": ["restaurant", "sushi"], "sources": ["overture"], "website": "https://www.kfsushi.com", "address": "700 S Dearborn St", "stations": [{"stopCode": 53, "lines": "1,2", "name": "International District Station", "walkingMeters": 562, "walkingSeconds": 419, "band": 10}, {"stopCode": 54, "lines": "1", "name": "Stadium Station", "walkingMeters": 799, "walkingSeconds": 596, "band": 10}, {"stopCode": 52, "lines": "1,2", "name": "Pioneer Square Station", "walkingMeters": 1216, "walkingSeconds": 907, "band": 15}]}, "geometry": {"type": "Point", "coordinates": [-122.3233871, 47.5960121]}}, {"type": "Feature", "properties": {"id": "a2f957bf-b35a-45cc-8c70-7dcfc67c81c2", "name": "Tjl Llc", "category": "restaurant", "tags": ["restaurant"], "sources": ["overture"], "address": "725 S Lane St", "stations": [{"stopCode": 53, "lines": "1,2", "name": "International District Station", "walkingMeters": 547, "walkingSeconds": 408, "band": 10}, {"stopCode": 54, "lines": "1", "name": "Stadium Station", "walkingMeters": 843, "walkingSeconds": 629, "band": 15}, {"stopCode": 52, "lines": "1,2", "name": "Pioneer Square Station", "walkingMeters": 1190, "walkingSeconds": 888, "band": 15}]}, "geometry": {"type": "Point", "coordinates": [-122.3232651, 47.5963097]}}, {"type": "Feature", "properties": {"id": "2b8957c1-0a81-4118-8898-ff4f4f11b105", "name": "Asian Counseling & Referral Food Bank", "category": "restaurant", "tags": ["restaurant", "asian"], "sources": ["overture"], "website": "http://www.acrs.org", "phone": "+12062925714", "address": "919 S King St", "stations": [{"stopCode": 53, "lines": "1,2", "name": "International District Station", "walkingMeters": 769, "walkingSeconds": 574, "band": 10}]}, "geometry": {"type": "Point", "coordinates": [-122.3201065, 47.5982018]}}, {"type": "Feature", "properties": {"id": "a2ed8874-0917-43ef-93c9-6b6a6dc7b143", "name": "Phin", "category": "cafe", "tags": ["cafe", "coffee"], "sources": ["overture"], "website": "https://www.phinseattle.com", "address": "913 S Jackson St Ste D", "stations": [{"stopCode": 53, "lines": "1,2", "name": "International District Station", "walkingMeters": 652, "walkingSeconds": 469, "band": 10}, {"stopCode": 52, "lines": "1,2", "name": "Pioneer Square Station", "walkingMeters": 1050, "walkingSeconds": 769, "band": 15}]}, "geometry": {"type": "Point", "coordinates": [-122.3203201, 47.598938]}}, {"type": "Feature", "properties": {"id": "d914d0cf-7bb5-4c18-aaa4-713c12df50af", "name": "Lan Hu\u00ea", "category": "restaurant", "tags": ["restaurant", "vietnamese"], "sources": ["overture"], "website": "https://lanhuebanhmi.com", "phone": "(206) 623-3866", "address": "900 S Jackson St Ste 211", "stations": [{"stopCode": 53, "lines": "1,2", "name": "International District Station", "walkingMeters": 653, "walkingSeconds": 471, "band": 10}, {"stopCode": 52, "lines": "1,2", "name": "Pioneer Square Station", "walkingMeters": 1047, "walkingSeconds": 767, "band": 15}]}, "geometry": {"type": "Point", "coordinates": [-122.3202286, 47.5991898]}}, {"type": "Feature", "properties": {"id": "dfe3a7db-294f-40d7-b023-a790d7e438d6", "name": "Joyale Seafood Restaurant", "category": "restaurant", "tags": ["restaurant", "seafood"], "sources": ["overture"], "website": "http://www.joyaleseattle.com/", "phone": "+12066231318", "address": "900 S Jackson St", "stations": [{"stopCode": 53, "lines": "1,2", "name": "International District Station", "walkingMeters": 652, "walkingSeconds": 468, "band": 10}, {"stopCode": 52, "lines": "1,2", "name": "Pioneer Square Station", "walkingMeters": 1030, "walkingSeconds": 753, "band": 15}]}, "geometry": {"type": "Point", "coordinates": [-122.3203735, 47.599369]}}, {"type": "Feature", "properties": {"id": "57b7582e-e070-4b33-ba18-f7aa9a304b97", "name": "New Hong Kong Restaurant", "category": "restaurant", "tags": ["restaurant", "chinese"], "sources": ["overture"], "website": "http://www.thehkrestaurants.com/", "phone": "(206) 233-7999", "address": "900 S Jackson St #203", "stations": [{"stopCode": 53, "lines": "1,2", "name": "International District Station", "walkingMeters": 624, "walkingSeconds": 450, "band": 10}, {"stopCode": 52, "lines": "1,2", "name": "Pioneer Square Station", "walkingMeters": 1018, "walkingSeconds": 746, "band": 15}]}, "geometry": {"type": "Point", "coordinates": [-122.3206177, 47.5992203]}}, {"type": "Feature", "properties": {"id": 2867170764, "name": "Seattle Pinball Museum", "category": "museum", "tags": ["museum", "wheelchair-accessible"], "sources": ["osm", "overture"], "website": "http://www.seattlepinballmuseum.com/", "phone": "+12066230759", "address": "508 Maynard Ave S", "hours": "Su-Mo, We-Th 12:00-18:00; Fr-Sa 12:00-20:00", "stations": [{"stopCode": 53, "lines": "1,2", "name": "International District Station", "walkingMeters": 274, "walkingSeconds": 197, "band": 5}, {"stopCode": 52, "lines": "1,2", "name": "Pioneer Square Station", "walkingMeters": 851, "walkingSeconds": 624, "band": 15}, {"stopCode": 54, "lines": "1", "name": "Stadium Station", "walkingMeters": 932, "walkingSeconds": 672, "band": 15}]}, "geometry": {"type": "Point", "coordinates": [-122.3248559, 47.5980084]}}, {"type": "Feature", "properties": {"id": 2965374552, "name": "Wing Luke Asian Museum", "category": "museum", "tags": ["museum"], "sources": ["osm"], "website": "https://www.wingluke.org/", "phone": "+1-206-623-5124", "address": "719 South King Street", "hours": "Tu-Su 10:00-17:00", "stations": [{"stopCode": 53, "lines": "1,2", "name": "International District Station", "walkingMeters": 407, "walkingSeconds": 293, "band": 10}, {"stopCode": 52, "lines": "1,2", "name": "Pioneer Square Station", "walkingMeters": 956, "walkingSeconds": 700, "band": 15}, {"stopCode": 54, "lines": "1", "name": "Stadium Station", "walkingMeters": 1100, "walkingSeconds": 792, "band": 15}]}, "geometry": {"type": "Point", "coordinates": [-122.3228705, 47.5982461]}}, {"type": "Feature", "properties": {"id": 3211770094, "name": "Wellspring", "category": "artwork", "tags": ["artwork"], "sources": ["osm"], "address": "713 8th Avenue South", "stations": [{"stopCode": 53, "lines": "1,2", "name": "International District Station", "walkingMeters": 667, "walkingSeconds": 479, "band": 10}, {"stopCode": 54, "lines": "1", "name": "Stadium Station", "walkingMeters": 903, "walkingSeconds": 649, "band": 15}, {"stopCode": 52, "lines": "1,2", "name": "Pioneer Square Station", "walkingMeters": 1227, "walkingSeconds": 895, "band": 15}]}, "geometry": {"type": "Point", "coordinates": [-122.322367, 47.59615]}}, {"type": "Feature", "properties": {"id": 3211770097, "name": "Untitled", "category": "artwork", "tags": ["artwork"], "sources": ["osm"], "stations": [{"stopCode": 53, "lines": "1,2", "name": "International District Station", "walkingMeters": 232, "walkingSeconds": 167, "band": 5}, {"stopCode": 52, "lines": "1,2", "name": "Pioneer Square Station", "walkingMeters": 778, "walkingSeconds": 570, "band": 10}, {"stopCode": 54, "lines": "1", "name": "Stadium Station", "walkingMeters": 1012, "walkingSeconds": 731, "band": 15}]}, "geometry": {"type": "Point", "coordinates": [-122.32525, 47.598767]}}, {"type": "Feature", "properties": {"id": 3211770098, "name": "Heaven, Man, Earth", "category": "artwork", "tags": ["artwork"], "sources": ["osm"], "stations": [{"stopCode": 53, "lines": "1,2", "name": "International District Station", "walkingMeters": 292, "walkingSeconds": 210, "band": 5}, {"stopCode": 52, "lines": "1,2", "name": "Pioneer Square Station", "walkingMeters": 762, "walkingSeconds": 558, "band": 10}, {"stopCode": 54, "lines": "1", "name": "Stadium Station", "walkingMeters": 1041, "walkingSeconds": 751, "band": 15}]}, "geometry": {"type": "Point", "coordinates": [-122.3249776, 47.5989986]}}, {"type": "Feature", "properties": {"id": 3211778626, "name": "Sand Dragon", "category": "artwork", "tags": ["artwork"], "sources": ["osm"], "address": "700 South Lane Street", "stations": [{"stopCode": 53, "lines": "1,2", "name": "International District Station", "walkingMeters": 512, "walkingSeconds": 368, "band": 10}, {"stopCode": 54, "lines": "1", "name": "Stadium Station", "walkingMeters": 922, "walkingSeconds": 664, "band": 15}, {"stopCode": 52, "lines": "1,2", "name": "Pioneer Square Station", "walkingMeters": 1089, "walkingSeconds": 795, "band": 15}]}, "geometry": {"type": "Point", "coordinates": [-122.3234275, 47.5969896]}}, {"type": "Feature", "properties": {"id": 8533303684, "name": "Sun Yat-sen statue", "category": "artwork", "tags": ["artwork"], "sources": ["osm"], "stations": [{"stopCode": 53, "lines": "1,2", "name": "International District Station", "walkingMeters": 417, "walkingSeconds": 300, "band": 10}, {"stopCode": 54, "lines": "1", "name": "Stadium Station", "walkingMeters": 984, "walkingSeconds": 710, "band": 15}, {"stopCode": 52, "lines": "1,2", "name": "Pioneer Square Station", "walkingMeters": 976, "walkingSeconds": 714, "band": 15}]}, "geometry": {"type": "Point", "coordinates": [-122.3236139, 47.597632]}}, {"type": "Feature", "properties": {"id": 12134732996, "name": "Garden of Vessels", "category": "artwork", "tags": ["artwork"], "sources": ["osm"], "stations": [{"stopCode": 53, "lines": "1,2", "name": "International District Station", "walkingMeters": 118, "walkingSeconds": 85, "band": 5}, {"stopCode": 52, "lines": "1,2", "name": "Pioneer Square Station", "walkingMeters": 681, "walkingSeconds": 500, "band": 10}, {"stopCode": 54, "lines": "1", "name": "Stadium Station", "walkingMeters": 919, "walkingSeconds": 662, "band": 15}]}, "geometry": {"type": "Point", "coordinates": [-122.3280255, 47.5977215]}}, {"type": "Feature", "properties": {"id": 12134958115, "name": "Sentries of the Palisades", "category": "artwork", "tags": ["artwork"], "sources": ["osm"], "stations": [{"stopCode": 53, "lines": "1,2", "name": "International District Station", "walkingMeters": 140, "walkingSeconds": 101, "band": 5}, {"stopCode": 52, "lines": "1,2", "name": "Pioneer Square Station", "walkingMeters": 670, "walkingSeconds": 493, "band": 10}, {"stopCode": 54, "lines": "1", "name": "Stadium Station", "walkingMeters": 896, "walkingSeconds": 645, "band": 15}]}, "geometry": {"type": "Point", "coordinates": [-122.32829, 47.5975057]}}, {"type": "Feature", "properties": {"id": 12134958116, "name": "Paper Chase", "category": "artwork", "tags": ["artwork"], "sources": ["osm"], "stations": [{"stopCode": 53, "lines": "1,2", "name": "International District Station", "walkingMeters": 33, "walkingSeconds": 24, "band": 5}, {"stopCode": 52, "lines": "1,2", "name": "Pioneer Square Station", "walkingMeters": 637, "walkingSeconds": 471, "band": 10}, {"stopCode": 54, "lines": "1", "name": "Stadium Station", "walkingMeters": 944, "walkingSeconds": 679, "band": 15}, {"stopCode": 51, "lines": "1,2", "name": "Symphony Station", "walkingMeters": 1353, "walkingSeconds": 974, "band": 15}]}, "geometry": {"type": "Point", "coordinates": [-122.3278461, 47.5982074]}}, {"type": "Feature", "properties": {"id": 235385488, "name": "Chinese Grand Pavilion", "category": "artwork", "tags": ["artwork", "gallery", "art"], "sources": ["osm", "overture"], "website": "http://www.seattle.gov/arts/", "phone": "(206) 684-7171", "address": "423 Maynard Ave S", "stations": [{"stopCode": 53, "lines": "1,2", "name": "International District Station", "walkingMeters": 202, "walkingSeconds": 145, "band": 5}, {"stopCode": 52, "lines": "1,2", "name": "Pioneer Square Station", "walkingMeters": 754, "walkingSeconds": 555, "band": 10}, {"stopCode": 54, "lines": "1", "name": "Stadium Station", "walkingMeters": 982, "walkingSeconds": 709, "band": 15}]}, "geometry": {"type": "Point", "coordinates": [-122.3255375, 47.5986001]}}, {"type": "Feature", "properties": {"id": 295939766, "name": "Chinatown Gate", "category": "artwork", "tags": ["artwork"], "sources": ["osm"], "stations": [{"stopCode": 53, "lines": "1,2", "name": "International District Station", "walkingMeters": 60, "walkingSeconds": 43, "band": 5}, {"stopCode": 52, "lines": "1,2", "name": "Pioneer Square Station", "walkingMeters": 652, "walkingSeconds": 481, "band": 10}, {"stopCode": 54, "lines": "1", "name": "Stadium Station", "walkingMeters": 964, "walkingSeconds": 694, "band": 15}, {"stopCode": 51, "lines": "1,2", "name": "Symphony Station", "walkingMeters": 1368, "walkingSeconds": 985, "band": 15}]}, "geometry": {"type": "Point", "coordinates": [-122.327365, 47.5983585]}}, {"type": "Feature", "properties": {"id": "abbaeb5d-a943-4194-9bc5-34cdb4fd0b2b", "name": "Addison on Fourth", "category": "attraction", "tags": ["attraction", "landmark", "historical", "building"], "sources": ["overture"], "website": "http://www.addisononfourth.com/", "phone": "+12062745899", "address": "308 4th Ave S", "stations": [{"stopCode": 53, "lines": "1,2", "name": "International District Station", "walkingMeters": 240, "walkingSeconds": 172, "band": 5}, {"stopCode": 52, "lines": "1,2", "name": "Pioneer Square Station", "walkingMeters": 392, "walkingSeconds": 294, "band": 5}, {"stopCode": 54, "lines": "1", "name": "Stadium Station", "walkingMeters": 1105, "walkingSeconds": 796, "band": 15}, {"stopCode": 51, "lines": "1,2", "name": "Symphony Station", "walkingMeters": 1108, "walkingSeconds": 798, "band": 15}]}, "geometry": {"type": "Point", "coordinates": [-122.3289261, 47.5997353]}}, {"type": "Feature", "properties": {"id": "8caa7783-db3d-4037-ba74-a045c977184b", "name": "Icon Apartments", "category": "attraction", "tags": ["attraction", "landmark", "historical", "building"], "sources": ["overture"], "website": "http://iconseattle.com/", "phone": "+12064536231", "address": "400 S Jackson St", "stations": [{"stopCode": 53, "lines": "1,2", "name": "International District Station", "walkingMeters": 206, "walkingSeconds": 148, "band": 5}, {"stopCode": 52, "lines": "1,2", "name": "Pioneer Square Station", "walkingMeters": 425, "walkingSeconds": 318, "band": 5}, {"stopCode": 54, "lines": "1", "name": "Stadium Station", "walkingMeters": 1072, "walkingSeconds": 771, "band": 15}, {"stopCode": 51, "lines": "1,2", "name": "Symphony Station", "walkingMeters": 1141, "walkingSeconds": 822, "band": 15}]}, "geometry": {"type": "Point", "coordinates": [-122.3287125, 47.5994339]}}, {"type": "Feature", "properties": {"id": "1db63a64-aa33-440e-9224-72653937d245", "name": "Union Station", "category": "attraction", "tags": ["attraction", "landmark", "historical", "building"], "sources": ["overture"], "website": "https://www.soundtransit.org", "phone": "12063985000", "address": "401 S Jackson St", "stations": [{"stopCode": 53, "lines": "1,2", "name": "International District Station", "walkingMeters": 91, "walkingSeconds": 68, "band": 5}, {"stopCode": 52, "lines": "1,2", "name": "Pioneer Square Station", "walkingMeters": 740, "walkingSeconds": 552, "band": 10}, {"stopCode": 54, "lines": "1", "name": "Stadium Station", "walkingMeters": 975, "walkingSeconds": 728, "band": 15}, {"stopCode": 51, "lines": "1,2", "name": "Symphony Station", "walkingMeters": 1625, "walkingSeconds": 1213, "band": 15}]}, "geometry": {"type": "Point", "coordinates": [-122.3284302, 47.5977974]}}, {"type": "Feature", "properties": {"id": "6cd2d942-1f2b-4966-8bd1-5fce02ed02a0", "name": "Seattle Art Source", "category": "gallery", "tags": ["gallery", "art"], "sources": ["overture"], "website": "http://www.seattleartsource.com", "phone": "(206) 661-4180", "address": "666 S King St", "stations": [{"stopCode": 53, "lines": "1,2", "name": "International District Station", "walkingMeters": 301, "walkingSeconds": 216, "band": 5}, {"stopCode": 52, "lines": "1,2", "name": "Pioneer Square Station", "walkingMeters": 870, "walkingSeconds": 638, "band": 15}, {"stopCode": 54, "lines": "1", "name": "Stadium Station", "walkingMeters": 1041, "walkingSeconds": 751, "band": 15}]}, "geometry": {"type": "Point", "coordinates": [-122.3241043, 47.5984879]}}, {"type": "Feature", "properties": {"id": "0241348b-b500-4bca-ab17-e3b7b1c9fd41", "name": "Northwest Museum Of Legends And Lore", "category": "attraction", "tags": ["attraction", "landmark", "historical", "building"], "sources": ["overture"], "website": "http://www.seattlechatclub.org/museum.html", "phone": "(206) 523-6348", "address": "815 Seattle Blvd S", "stations": [{"stopCode": 53, "lines": "1,2", "name": "International District Station", "walkingMeters": 480, "walkingSeconds": 358, "band": 5}, {"stopCode": 54, "lines": "1", "name": "Stadium Station", "walkingMeters": 578, "walkingSeconds": 431, "band": 10}, {"stopCode": 52, "lines": "1,2", "name": "Pioneer Square Station", "walkingMeters": 1154, "walkingSeconds": 861, "band": 15}]}, "geometry": {"type": "Point", "coordinates": [-122.326973, 47.5951042]}}, {"type": "Feature", "properties": {"id": "7a72461d-1cdc-494b-a74a-67e3a11f94a7", "name": "Two Thangs", "category": "gallery", "tags": ["gallery", "art"], "sources": ["overture"], "website": "https://two-thangs.com", "phone": "+17034702856", "address": "815 Seattle Blvd S", "stations": [{"stopCode": 53, "lines": "1,2", "name": "International District Station", "walkingMeters": 483, "walkingSeconds": 360, "band": 5}, {"stopCode": 54, "lines": "1", "name": "Stadium Station", "walkingMeters": 572, "walkingSeconds": 427, "band": 10}, {"stopCode": 52, "lines": "1,2", "name": "Pioneer Square Station", "walkingMeters": 1154, "walkingSeconds": 861, "band": 15}]}, "geometry": {"type": "Point", "coordinates": [-122.3271637, 47.5950623]}}, {"type": "Feature", "properties": {"id": "5fa2af62-14f0-4353-b2bb-657ed04afd59", "name": "Uwajimaya Village Apartments", "category": "attraction", "tags": ["attraction", "landmark", "historical", "building"], "sources": ["overture"], "website": "http://www.equityapartments.com/seattle/international-district/uwajimaya-village-apartments", "phone": "+12063408882", "address": "521 S Weller St", "stations": [{"stopCode": 53, "lines": "1,2", "name": "International District Station", "walkingMeters": 173, "walkingSeconds": 124, "band": 5}, {"stopCode": 52, "lines": "1,2", "name": "Pioneer Square Station", "walkingMeters": 771, "walkingSeconds": 565, "band": 10}, {"stopCode": 54, "lines": "1", "name": "Stadium Station", "walkingMeters": 851, "walkingSeconds": 613, "band": 15}]}, "geometry": {"type": "Point", "coordinates": [-122.3270721, 47.5972824]}}, {"type": "Feature", "properties": {"id": "c28efed0-f431-4f86-85d0-aafd855bd16f", "name": "Publix Apartments", "category": "attraction", "tags": ["attraction", "landmark", "historical", "building"], "sources": ["overture"], "website": "https://publixseattle.com/?utm_source=businessprofile&utm_medium=search&utm_campaign=general", "phone": "+18885091596", "address": "504 5th Ave S", "stations": [{"stopCode": 53, "lines": "1,2", "name": "International District Station", "walkingMeters": 83, "walkingSeconds": 62, "band": 5}, {"stopCode": 52, "lines": "1,2", "name": "Pioneer Square Station", "walkingMeters": 758, "walkingSeconds": 566, "band": 10}, {"stopCode": 54, "lines": "1", "name": "Stadium Station", "walkingMeters": 1001, "walkingSeconds": 747, "band": 15}]}, "geometry": {"type": "Point", "coordinates": [-122.3272858, 47.5980339]}}, {"type": "Feature", "properties": {"id": "f573580d-ce10-4012-8f55-07eac5948f32", "name": "Historic Chinatown Gate", "category": "attraction", "tags": ["attraction", "landmark", "historical", "building"], "sources": ["overture"], "website": "http://chinatown.cwok.com/sea_intl/historic_chinatown_gate.htm", "address": "504 5th Ave S", "stations": [{"stopCode": 53, "lines": "1,2", "name": "International District Station", "walkingMeters": 57, "walkingSeconds": 41, "band": 5}, {"stopCode": 52, "lines": "1,2", "name": "Pioneer Square Station", "walkingMeters": 649, "walkingSeconds": 479, "band": 10}, {"stopCode": 54, "lines": "1", "name": "Stadium Station", "walkingMeters": 962, "walkingSeconds": 692, "band": 15}, {"stopCode": 51, "lines": "1,2", "name": "Symphony Station", "walkingMeters": 1365, "walkingSeconds": 983, "band": 15}]}, "geometry": {"type": "Point", "coordinates": [-122.3273697, 47.5984077]}}, {"type": "Feature", "properties": {"id": "f3b6ecf9-7b7b-4c83-a192-82dd2d345e6e", "name": "Bryan Ohno Gallery", "category": "gallery", "tags": ["gallery", "art"], "sources": ["overture"], "website": "http://www.bryanohno.com", "phone": "(206) 459-6857", "address": "521 S Main St", "stations": [{"stopCode": 53, "lines": "1,2", "name": "International District Station", "walkingMeters": 258, "walkingSeconds": 186, "band": 5}, {"stopCode": 52, "lines": "1,2", "name": "Pioneer Square Station", "walkingMeters": 523, "walkingSeconds": 386, "band": 10}, {"stopCode": 54, "lines": "1", "name": "Stadium Station", "walkingMeters": 1108, "walkingSeconds": 802, "band": 15}, {"stopCode": 51, "lines": "1,2", "name": "Symphony Station", "walkingMeters": 1233, "walkingSeconds": 888, "band": 15}]}, "geometry": {"type": "Point", "coordinates": [-122.326767, 47.5998383]}}, {"type": "Feature", "properties": {"id": "24a2b30d-a45f-4ca0-b6d9-b7b65e3e14d9", "name": "Cullom Gallery", "category": "gallery", "tags": ["gallery", "art"], "sources": ["overture"], "phone": "2069198278", "address": "603 S Main St", "stations": [{"stopCode": 53, "lines": "1,2", "name": "International District Station", "walkingMeters": 315, "walkingSeconds": 227, "band": 5}, {"stopCode": 52, "lines": "1,2", "name": "Pioneer Square Station", "walkingMeters": 581, "walkingSeconds": 428, "band": 10}, {"stopCode": 54, "lines": "1", "name": "Stadium Station", "walkingMeters": 1106, "walkingSeconds": 800, "band": 15}]}, "geometry": {"type": "Point", "coordinates": [-122.3260727, 47.5998993]}}, {"type": "Feature", "properties": {"id": "d50d7833-4e1d-4763-bfe8-e1a3a43f2fc3", "name": "Zocalo Studios", "category": "gallery", "tags": ["gallery", "art"], "sources": ["overture"], "website": "http://www.spikemafford.com", "phone": "12067193378", "address": "609 S Main St", "stations": [{"stopCode": 53, "lines": "1,2", "name": "International District Station", "walkingMeters": 306, "walkingSeconds": 228, "band": 5}, {"stopCode": 52, "lines": "1,2", "name": "Pioneer Square Station", "walkingMeters": 645, "walkingSeconds": 481, "band": 10}, {"stopCode": 54, "lines": "1", "name": "Stadium Station", "walkingMeters": 1280, "walkingSeconds": 955, "band": 15}]}, "geometry": {"type": "Point", "coordinates": [-122.325882, 47.5999184]}}, {"type": "Feature", "properties": {"id": "8f4fae11-5b9c-4062-9452-dd9bbaa594ba", "name": "Bonfire Art Culture Design", "category": "gallery", "tags": ["gallery", "art"], "sources": ["overture"], "website": "http://www.thisisbonfire.com/", "phone": "+12067901073", "address": "603 S Main St", "stations": [{"stopCode": 53, "lines": "1,2", "name": "International District Station", "walkingMeters": 315, "walkingSeconds": 227, "band": 5}, {"stopCode": 52, "lines": "1,2", "name": "Pioneer Square Station", "walkingMeters": 581, "walkingSeconds": 428, "band": 10}, {"stopCode": 54, "lines": "1", "name": "Stadium Station", "walkingMeters": 1106, "walkingSeconds": 800, "band": 15}]}, "geometry": {"type": "Point", "coordinates": [-122.3259888, 47.5999565]}}, {"type": "Feature", "properties": {"id": "f3354f44-b16a-41c5-96a9-43fa9390a0bb", "name": "Panama Hotel and Tea House", "category": "attraction", "tags": ["attraction", "landmark", "historical", "building"], "sources": ["overture"], "website": "https://www.panamahotelseattle.net/", "phone": "+12062239242", "address": "605 South Main St", "stations": [{"stopCode": 53, "lines": "1,2", "name": "International District Station", "walkingMeters": 318, "walkingSeconds": 229, "band": 5}, {"stopCode": 52, "lines": "1,2", "name": "Pioneer Square Station", "walkingMeters": 584, "walkingSeconds": 430, "band": 10}, {"stopCode": 54, "lines": "1", "name": "Stadium Station", "walkingMeters": 1109, "walkingSeconds": 802, "band": 15}]}, "geometry": {"type": "Point", "coordinates": [-122.3259506, 47.5999413]}}, {"type": "Feature", "properties": {"id": "ca7f596c-9439-4851-93d4-0534392b987d", "name": "Eastern Hotel", "category": "attraction", "tags": ["attraction", "landmark", "historical", "building"], "sources": ["overture"], "address": "506 Maynard Ave S", "stations": [{"stopCode": 53, "lines": "1,2", "name": "International District Station", "walkingMeters": 267, "walkingSeconds": 192, "band": 5}, {"stopCode": 52, "lines": "1,2", "name": "Pioneer Square Station", "walkingMeters": 844, "walkingSeconds": 620, "band": 15}, {"stopCode": 54, "lines": "1", "name": "Stadium Station", "walkingMeters": 938, "walkingSeconds": 677, "band": 15}]}, "geometry": {"type": "Point", "coordinates": [-122.324913, 47.5980682]}}, {"type": "Feature", "properties": {"id": "5a472d63-48dd-4745-a43f-fa375e845f4f", "name": "Alps Apartments", "category": "attraction", "tags": ["attraction", "landmark", "historical", "building"], "sources": ["overture"], "website": "http://cohorealestate.com/", "phone": "+12067370250", "address": "621 S King St", "stations": [{"stopCode": 53, "lines": "1,2", "name": "International District Station", "walkingMeters": 216, "walkingSeconds": 155, "band": 5}, {"stopCode": 52, "lines": "1,2", "name": "Pioneer Square Station", "walkingMeters": 807, "walkingSeconds": 595, "band": 10}, {"stopCode": 54, "lines": "1", "name": "Stadium Station", "walkingMeters": 965, "walkingSeconds": 697, "band": 15}]}, "geometry": {"type": "Point", "coordinates": [-122.3253555, 47.5982704]}}, {"type": "Feature", "properties": {"id": "42f51e59-a7cb-41e2-8e4b-15019b85690e", "name": "Filipino American Kiosk", "category": "attraction", "tags": ["attraction", "landmark", "historical", "building"], "sources": ["overture"], "address": "6th Ave S @ S King St", "stations": [{"stopCode": 53, "lines": "1,2", "name": "International District Station", "walkingMeters": 110, "walkingSeconds": 79, "band": 5}, {"stopCode": 52, "lines": "1,2", "name": "Pioneer Square Station", "walkingMeters": 697, "walkingSeconds": 516, "band": 10}, {"stopCode": 54, "lines": "1", "name": "Stadium Station", "walkingMeters": 928, "walkingSeconds": 670, "band": 15}]}, "geometry": {"type": "Point", "coordinates": [-122.3261642, 47.5981712]}}, {"type": "Feature", "properties": {"id": "0fe6f9a0-66cd-4aaa-bf21-92277221832f", "name": "Fujisada Condominiums", "category": "attraction", "tags": ["attraction", "landmark", "historical", "building"], "sources": ["overture"], "address": "510 6th Ave S", "stations": [{"stopCode": 53, "lines": "1,2", "name": "International District Station", "walkingMeters": 180, "walkingSeconds": 134, "band": 5}, {"stopCode": 52, "lines": "1,2", "name": "Pioneer Square Station", "walkingMeters": 821, "walkingSeconds": 613, "band": 10}, {"stopCode": 54, "lines": "1", "name": "Stadium Station", "walkingMeters": 998, "walkingSeconds": 745, "band": 15}]}, "geometry": {"type": "Point", "coordinates": [-122.3262253, 47.5979843]}}, {"type": "Feature", "properties": {"id": "0832c4e0-d808-48e8-b865-5076f97d668a", "name": "Vibrant Cities", "category": "attraction", "tags": ["attraction", "landmark", "historical", "building"], "sources": ["overture"], "website": "http://www.VibrantCities.com/", "phone": "+12066595750", "address": "606 Maynard Ave S", "stations": [{"stopCode": 53, "lines": "1,2", "name": "International District Station", "walkingMeters": 350, "walkingSeconds": 261, "band": 5}, {"stopCode": 54, "lines": "1", "name": "Stadium Station", "walkingMeters": 925, "walkingSeconds": 690, "band": 15}, {"stopCode": 52, "lines": "1,2", "name": "Pioneer Square Station", "walkingMeters": 987, "walkingSeconds": 737, "band": 15}]}, "geometry": {"type": "Point", "coordinates": [-122.3247604, 47.5972977]}}, {"type": "Feature", "properties": {"id": "76c29820-c065-47b4-864c-d99936d8d86f", "name": "Asia Condominiums", "category": "attraction", "tags": ["attraction", "landmark", "historical", "building"], "sources": ["overture"], "website": "www.highrises.com/seattle/asia-condos", "phone": "+12062167200", "address": "668 S Lane St Ste 101", "stations": [{"stopCode": 53, "lines": "1,2", "name": "International District Station", "walkingMeters": 479, "walkingSeconds": 344, "band": 10}, {"stopCode": 54, "lines": "1", "name": "Stadium Station", "walkingMeters": 878, "walkingSeconds": 633, "band": 15}, {"stopCode": 52, "lines": "1,2", "name": "Pioneer Square Station", "walkingMeters": 1060, "walkingSeconds": 775, "band": 15}]}, "geometry": {"type": "Point", "coordinates": [-122.323967, 47.5968246]}}, {"type": "Feature", "properties": {"id": "eab57b51-9c95-423b-ae23-5391a9866bb3", "name": "705 Weller", "category": "attraction", "tags": ["attraction", "landmark", "historical", "building"], "sources": ["overture"], "website": "http://www.705lofts.com/", "phone": "+12062647978", "address": "705 S Weller St", "stations": [{"stopCode": 53, "lines": "1,2", "name": "International District Station", "walkingMeters": 447, "walkingSeconds": 321, "band": 10}, {"stopCode": 54, "lines": "1", "name": "Stadium Station", "walkingMeters": 978, "walkingSeconds": 706, "band": 15}, {"stopCode": 52, "lines": "1,2", "name": "Pioneer Square Station", "walkingMeters": 1014, "walkingSeconds": 741, "band": 15}]}, "geometry": {"type": "Point", "coordinates": [-122.3234406, 47.5973969]}}, {"type": "Feature", "properties": {"id": "03f811cd-0401-40ad-b75c-1ae7328cf6b7", "name": "Wing Luke Museum", "category": "museum", "tags": ["museum", "history"], "sources": ["overture"], "website": "http://www.wingluke.org/", "phone": "+12066235124", "address": "719 S King St", "stations": [{"stopCode": 53, "lines": "1,2", "name": "International District Station", "walkingMeters": 405, "walkingSeconds": 291, "band": 10}, {"stopCode": 52, "lines": "1,2", "name": "Pioneer Square Station", "walkingMeters": 954, "walkingSeconds": 698, "band": 15}, {"stopCode": 54, "lines": "1", "name": "Stadium Station", "walkingMeters": 1098, "walkingSeconds": 790, "band": 15}]}, "geometry": {"type": "Point", "coordinates": [-122.3228989, 47.5982513]}}, {"type": "Feature", "properties": {"id": "4f6ce815-b3dc-4774-ae1a-6b5531742c0b", "name": "Chinese Community Bulletin Board", "category": "attraction", "tags": ["attraction", "landmark", "historical", "building"], "sources": ["overture"], "website": "https://www.seattle.gov", "address": "679 S King St", "stations": [{"stopCode": 53, "lines": "1,2", "name": "International District Station", "walkingMeters": 394, "walkingSeconds": 294, "band": 5}, {"stopCode": 52, "lines": "1,2", "name": "Pioneer Square Station", "walkingMeters": 946, "walkingSeconds": 706, "band": 15}, {"stopCode": 54, "lines": "1", "name": "Stadium Station", "walkingMeters": 1074, "walkingSeconds": 801, "band": 15}]}, "geometry": {"type": "Point", "coordinates": [-122.3239517, 47.598217]}}, {"type": "Feature", "properties": {"id": "3f093134-2240-4de2-aa9e-d41904f46f29", "name": "Deng's Studio & Art Gallery", "category": "gallery", "tags": ["gallery", "art"], "sources": ["overture"], "phone": "+12064051788", "address": "670 S King St", "stations": [{"stopCode": 53, "lines": "1,2", "name": "International District Station", "walkingMeters": 362, "walkingSeconds": 270, "band": 5}, {"stopCode": 52, "lines": "1,2", "name": "Pioneer Square Station", "walkingMeters": 896, "walkingSeconds": 669, "band": 15}, {"stopCode": 54, "lines": "1", "name": "Stadium Station", "walkingMeters": 1104, "walkingSeconds": 824, "band": 15}]}, "geometry": {"type": "Point", "coordinates": [-122.3242798, 47.5984955]}}, {"type": "Feature", "properties": {"id": "aa748106-e127-49e2-b93f-9615af77ffe2", "name": "Milwaukee Apartments", "category": "attraction", "tags": ["attraction", "landmark", "historical", "building"], "sources": ["overture"], "website": "http://www.cohorealestate.com", "phone": "+12069859677", "address": "668 S King St", "stations": [{"stopCode": 53, "lines": "1,2", "name": "International District Station", "walkingMeters": 297, "walkingSeconds": 213, "band": 5}, {"stopCode": 52, "lines": "1,2", "name": "Pioneer Square Station", "walkingMeters": 866, "walkingSeconds": 635, "band": 15}, {"stopCode": 54, "lines": "1", "name": "Stadium Station", "walkingMeters": 1037, "walkingSeconds": 748, "band": 15}]}, "geometry": {"type": "Point", "coordinates": [-122.3241577, 47.5984001]}}, {"type": "Feature", "properties": {"id": "c463128a-191d-4b7b-ad0f-14628a1500c2", "name": "Louisa Hotel Apartments", "category": "attraction", "tags": ["attraction", "landmark", "historical", "building"], "sources": ["overture"], "website": "http://louisahotelseattle.com/", "phone": "+12068223902", "address": "669 S King St", "stations": [{"stopCode": 53, "lines": "1,2", "name": "International District Station", "walkingMeters": 308, "walkingSeconds": 221, "band": 5}, {"stopCode": 52, "lines": "1,2", "name": "Pioneer Square Station", "walkingMeters": 882, "walkingSeconds": 647, "band": 15}, {"stopCode": 54, "lines": "1", "name": "Stadium Station", "walkingMeters": 1020, "walkingSeconds": 736, "band": 15}]}, "geometry": {"type": "Point", "coordinates": [-122.3241577, 47.5982056]}}, {"type": "Feature", "properties": {"id": "ad4f8809-1b68-41d6-8737-2b4b4fb93d56", "name": "Rex Apartments", "category": "attraction", "tags": ["attraction", "landmark", "historical", "building"], "sources": ["overture"], "phone": "+12064677764", "address": "655 S King St", "stations": [{"stopCode": 53, "lines": "1,2", "name": "International District Station", "walkingMeters": 276, "walkingSeconds": 199, "band": 5}, {"stopCode": 52, "lines": "1,2", "name": "Pioneer Square Station", "walkingMeters": 851, "walkingSeconds": 624, "band": 15}, {"stopCode": 54, "lines": "1", "name": "Stadium Station", "walkingMeters": 991, "walkingSeconds": 715, "band": 15}]}, "geometry": {"type": "Point", "coordinates": [-122.3245773, 47.5981827]}}, {"type": "Feature", "properties": {"id": "d8616f50-23d9-4e71-b2b9-8b1ab4bd1009", "name": "Uncle Bob's Place", "category": "attraction", "tags": ["attraction", "landmark", "historical", "building"], "sources": ["overture"], "website": "https://www.unclebobs-place.com/", "phone": "+12065933401", "address": "417 8th Ave S", "stations": [{"stopCode": 53, "lines": "1,2", "name": "International District Station", "walkingMeters": 443, "walkingSeconds": 318, "band": 10}, {"stopCode": 52, "lines": "1,2", "name": "Pioneer Square Station", "walkingMeters": 937, "walkingSeconds": 686, "band": 15}, {"stopCode": 54, "lines": "1", "name": "Stadium Station", "walkingMeters": 1162, "walkingSeconds": 836, "band": 15}]}, "geometry": {"type": "Point", "coordinates": [-122.3226624, 47.5986328]}}, {"type": "Feature", "properties": {"id": "4eaf1de4-cbdf-4a5e-80ea-55e18526a14c", "name": "Thai Binh Apartments", "category": "attraction", "tags": ["attraction", "landmark", "historical", "building"], "sources": ["overture"], "website": "https://www.thaibinhapartments.com/", "phone": "+14257282603", "address": "913 S Jackson St", "stations": [{"stopCode": 53, "lines": "1,2", "name": "International District Station", "walkingMeters": 650, "walkingSeconds": 467, "band": 10}, {"stopCode": 52, "lines": "1,2", "name": "Pioneer Square Station", "walkingMeters": 1048, "walkingSeconds": 768, "band": 15}]}, "geometry": {"type": "Point", "coordinates": [-122.3203506, 47.5990906]}}, {"type": "Feature", "properties": {"id": 26397746, "name": "Hing Hay Park", "category": "park", "tags": ["park"], "sources": ["osm", "overture"], "website": "http://www.seattle.gov/parks/find/parks/hing-hay-park", "phone": "+12066844075", "address": "423 Maynard Ave S", "stations": [{"stopCode": 53, "lines": "1,2", "name": "International District Station", "walkingMeters": 182, "walkingSeconds": 131, "band": 5}, {"stopCode": 52, "lines": "1,2", "name": "Pioneer Square Station", "walkingMeters": 739, "walkingSeconds": 544, "band": 10}, {"stopCode": 54, "lines": "1", "name": "Stadium Station", "walkingMeters": 962, "walkingSeconds": 695, "band": 15}]}, "geometry": {"type": "Point", "coordinates": [-122.3257164, 47.5985967]}}, {"type": "Feature", "properties": {"id": 26397758, "name": "Donnie Chin International Children\u2019s Park", "category": "park", "tags": ["park", "playground"], "sources": ["osm", "overture"], "website": "http://www.seattle.gov/parks/find/parks/donnie-chin-international-childrens-park", "phone": "2066844075", "address": "700 South Lane St", "stations": [{"stopCode": 53, "lines": "1,2", "name": "International District Station", "walkingMeters": 507, "walkingSeconds": 364, "band": 10}, {"stopCode": 54, "lines": "1", "name": "Stadium Station", "walkingMeters": 913, "walkingSeconds": 659, "band": 15}, {"stopCode": 52, "lines": "1,2", "name": "Pioneer Square Station", "walkingMeters": 1084, "walkingSeconds": 792, "band": 15}]}, "geometry": {"type": "Point", "coordinates": [-122.3234461, 47.5968878]}}, {"type": "Feature", "properties": {"id": "8eb76cd7-eb52-42c7-bf0b-a6b1bf2947bd", "name": "Sensory Garden Playground", "category": "park", "tags": ["park"], "sources": ["overture"], "website": "http://www.playforalldupage.org/", "address": "Hub International, 1440 Maple Ave", "stations": [{"stopCode": 53, "lines": "1,2", "name": "International District Station", "walkingMeters": 517, "walkingSeconds": 374, "band": 10}, {"stopCode": 54, "lines": "1", "name": "Stadium Station", "walkingMeters": 707, "walkingSeconds": 511, "band": 10}, {"stopCode": 52, "lines": "1,2", "name": "Pioneer Square Station", "walkingMeters": 1081, "walkingSeconds": 794, "band": 15}]}, "geometry": {"type": "Point", "coordinates": [-122.3247528, 47.5958138]}}, {"type": "Feature", "properties": {"id": "a6ab5f5e-524d-4ea9-af00-86af5c1b7f08", "name": "International Childrens Park", "category": "playground", "tags": ["playground"], "sources": ["overture"], "address": "700 S Lane St", "stations": [{"stopCode": 53, "lines": "1,2", "name": "International District Station", "walkingMeters": 503, "walkingSeconds": 361, "band": 10}, {"stopCode": 54, "lines": "1", "name": "Stadium Station", "walkingMeters": 912, "walkingSeconds": 658, "band": 15}, {"stopCode": 52, "lines": "1,2", "name": "Pioneer Square Station", "walkingMeters": 1079, "walkingSeconds": 788, "band": 15}]}, "geometry": {"type": "Point", "coordinates": [-122.3233337, 47.5969505]}}, {"type": "Feature", "properties": {"id": "a68983c9-863d-4b48-8918-7105180a1056", "name": "ID/Chinatown Community Center", "category": "park", "tags": ["park"], "sources": ["overture"], "address": "701 8th Ave S", "stations": [{"stopCode": 53, "lines": "1,2", "name": "International District Station", "walkingMeters": 603, "walkingSeconds": 450, "band": 10}, {"stopCode": 54, "lines": "1", "name": "Stadium Station", "walkingMeters": 829, "walkingSeconds": 619, "band": 15}, {"stopCode": 52, "lines": "1,2", "name": "Pioneer Square Station", "walkingMeters": 1246, "walkingSeconds": 930, "band": 15}]}, "geometry": {"type": "Point", "coordinates": [-122.3228455, 47.5960464]}}, {"type": "Feature", "properties": {"id": 1730800434, "name": "HI-Seattle at American Hotels", "category": "hostel", "tags": ["hostel"], "sources": ["osm"], "phone": "+1-206-512-4171", "address": "520 South King Street", "stations": [{"stopCode": 53, "lines": "1,2", "name": "International District Station", "walkingMeters": 102, "walkingSeconds": 73, "band": 5}, {"stopCode": 52, "lines": "1,2", "name": "Pioneer Square Station", "walkingMeters": 689, "walkingSeconds": 510, "band": 10}, {"stopCode": 54, "lines": "1", "name": "Stadium Station", "walkingMeters": 936, "walkingSeconds": 676, "band": 15}]}, "geometry": {"type": "Point", "coordinates": [-122.3267286, 47.5984623]}}, {"type": "Feature", "properties": {"id": "4b54c413-cc40-44c0-8d19-c8bfc6adbc6b", "name": "The American Hotel Hostel", "category": "hostel", "tags": ["hostel"], "sources": ["overture"], "website": "http://www.americanhotelseattle.com/", "phone": "+12066225443", "address": "520 S King St", "stations": [{"stopCode": 53, "lines": "1,2", "name": "International District Station", "walkingMeters": 95, "walkingSeconds": 68, "band": 5}, {"stopCode": 52, "lines": "1,2", "name": "Pioneer Square Station", "walkingMeters": 682, "walkingSeconds": 505, "band": 10}, {"stopCode": 54, "lines": "1", "name": "Stadium Station", "walkingMeters": 943, "walkingSeconds": 681, "band": 15}]}, "geometry": {"type": "Point", "coordinates": [-122.3267517, 47.5984421]}}, {"type": "Feature", "properties": {"id": "8afd3027-45fa-4e2b-80aa-15928a5c2b06", "name": "Bush Hotel", "category": "hotel", "tags": ["hotel"], "sources": ["overture"], "phone": "+12066248929", "address": "621 S Jackson St", "stations": [{"stopCode": 53, "lines": "1,2", "name": "International District Station", "walkingMeters": 272, "walkingSeconds": 195, "band": 5}, {"stopCode": 52, "lines": "1,2", "name": "Pioneer Square Station", "walkingMeters": 714, "walkingSeconds": 526, "band": 10}, {"stopCode": 54, "lines": "1", "name": "Stadium Station", "walkingMeters": 1054, "walkingSeconds": 761, "band": 15}]}, "geometry": {"type": "Point", "coordinates": [-122.3254395, 47.5990715]}}, {"type": "Feature", "properties": {"id": "87abb4ff-82fa-4662-be93-eb953ed19b17", "name": "T-Mobile", "category": "mobile_phone", "tags": ["mobile-phone", "mobile"], "sources": ["overture"], "website": "https://www.t-mobile.com/store-locator/wa/seattle/4th-main", "phone": "(206) 467-1035", "address": "308 4th Ave S", "stations": [{"stopCode": 53, "lines": "1,2", "name": "International District Station", "walkingMeters": 247, "walkingSeconds": 178, "band": 5}, {"stopCode": 52, "lines": "1,2", "name": "Pioneer Square Station", "walkingMeters": 395, "walkingSeconds": 295, "band": 5}, {"stopCode": 51, "lines": "1,2", "name": "Symphony Station", "walkingMeters": 1107, "walkingSeconds": 797, "band": 15}, {"stopCode": 54, "lines": "1", "name": "Stadium Station", "walkingMeters": 1159, "walkingSeconds": 834, "band": 15}]}, "geometry": {"type": "Point", "coordinates": [-122.3285065, 47.5998039]}}, {"type": "Feature", "properties": {"id": 1730800437, "name": "Uwajimaya", "category": "supermarket", "tags": ["supermarket", "organic"], "sources": ["osm"], "website": "https://www.uwajimaya.com/stores/seattle", "phone": "+1-206-624-6248", "address": "600 5th Avenue South", "hours": "Mo-Su 08:00-21:00", "stations": [{"stopCode": 53, "lines": "1,2", "name": "International District Station", "walkingMeters": 279, "walkingSeconds": 201, "band": 5}, {"stopCode": 54, "lines": "1", "name": "Stadium Station", "walkingMeters": 774, "walkingSeconds": 557, "band": 10}, {"stopCode": 52, "lines": "1,2", "name": "Pioneer Square Station", "walkingMeters": 866, "walkingSeconds": 634, "band": 10}]}, "geometry": {"type": "Point", "coordinates": [-122.327043, 47.596843]}}, {"type": "Feature", "properties": {"id": 226306321, "name": "Circle K", "category": "convenience", "tags": ["convenience"], "sources": ["osm", "overture"], "website": "https://www.circlek.com/", "phone": "+12066233510", "address": "511 S Dearborn St", "stations": [{"stopCode": 53, "lines": "1,2", "name": "International District Station", "walkingMeters": 388, "walkingSeconds": 279, "band": 5}, {"stopCode": 54, "lines": "1", "name": "Stadium Station", "walkingMeters": 615, "walkingSeconds": 443, "band": 10}, {"stopCode": 52, "lines": "1,2", "name": "Pioneer Square Station", "walkingMeters": 951, "walkingSeconds": 697, "band": 15}]}, "geometry": {"type": "Point", "coordinates": [-122.3266271, 47.5955954]}}, {"type": "Feature", "properties": {"id": "b628c9dc-2ca4-4f9e-b0cb-8871b2f9e48e", "name": "Metro by T-Mobile", "category": "mobile_phone", "tags": ["mobile-phone", "mobile"], "sources": ["overture"], "website": "https://www.metrobyt-mobile.com/stores/bd/metro-by-t-mobile-seattle-wa-10275621/?utm_source=facebook&utm_medium=lastmile&utm_campaign=10275621", "phone": "+12066232989", "address": "507 S Jackson St", "stations": [{"stopCode": 53, "lines": "1,2", "name": "International District Station", "walkingMeters": 127, "walkingSeconds": 95, "band": 5}, {"stopCode": 52, "lines": "1,2", "name": "Pioneer Square Station", "walkingMeters": 629, "walkingSeconds": 469, "band": 10}, {"stopCode": 54, "lines": "1", "name": "Stadium Station", "walkingMeters": 1156, "walkingSeconds": 863, "band": 15}, {"stopCode": 51, "lines": "1,2", "name": "Symphony Station", "walkingMeters": 1519, "walkingSeconds": 1134, "band": 15}]}, "geometry": {"type": "Point", "coordinates": [-122.327301, 47.599102]}}, {"type": "Feature", "properties": {"id": 2434520613, "name": "DA DA DA", "category": "art", "tags": ["art", "gallery"], "sources": ["osm", "overture"], "website": "https://maidennoir.com/collections/life-dadada-gallery", "phone": "+12067748730", "address": "513 South Main St", "stations": [{"stopCode": 53, "lines": "1,2", "name": "International District Station", "walkingMeters": 247, "walkingSeconds": 177, "band": 5}, {"stopCode": 52, "lines": "1,2", "name": "Pioneer Square Station", "walkingMeters": 511, "walkingSeconds": 378, "band": 10}, {"stopCode": 54, "lines": "1", "name": "Stadium Station", "walkingMeters": 1120, "walkingSeconds": 810, "band": 15}, {"stopCode": 51, "lines": "1,2", "name": "Symphony Station", "walkingMeters": 1222, "walkingSeconds": 879, "band": 15}]}, "geometry": {"type": "Point", "coordinates": [-122.3269187, 47.5999032]}}, {"type": "Feature", "properties": {"id": 2434520627, "name": "Brian Ohno Gallery", "category": "gift", "tags": ["gift"], "sources": ["osm"], "address": "525 South Main Street", "stations": [{"stopCode": 53, "lines": "1,2", "name": "International District Station", "walkingMeters": 263, "walkingSeconds": 189, "band": 5}, {"stopCode": 52, "lines": "1,2", "name": "Pioneer Square Station", "walkingMeters": 527, "walkingSeconds": 389, "band": 10}, {"stopCode": 54, "lines": "1", "name": "Stadium Station", "walkingMeters": 1104, "walkingSeconds": 799, "band": 15}, {"stopCode": 51, "lines": "1,2", "name": "Symphony Station", "walkingMeters": 1238, "walkingSeconds": 891, "band": 15}]}, "geometry": {"type": "Point", "coordinates": [-122.326703, 47.599928]}}, {"type": "Feature", "properties": {"id": 2434520647, "name": "Psychic Readings by Christina", "category": "gift", "tags": ["gift"], "sources": ["osm"], "address": "616 South Jackson Street", "stations": [{"stopCode": 53, "lines": "1,2", "name": "International District Station", "walkingMeters": 276, "walkingSeconds": 200, "band": 5}, {"stopCode": 52, "lines": "1,2", "name": "Pioneer Square Station", "walkingMeters": 685, "walkingSeconds": 503, "band": 10}, {"stopCode": 54, "lines": "1", "name": "Stadium Station", "walkingMeters": 1066, "walkingSeconds": 769, "band": 15}]}, "geometry": {"type": "Point", "coordinates": [-122.3255464, 47.599347]}}, {"type": "Feature", "properties": {"id": 2434520648, "name": "Trichrome", "category": "clothes", "tags": ["clothes"], "sources": ["osm"], "address": "618 South Jackson Street", "stations": [{"stopCode": 53, "lines": "1,2", "name": "International District Station", "walkingMeters": 280, "walkingSeconds": 203, "band": 5}, {"stopCode": 52, "lines": "1,2", "name": "Pioneer Square Station", "walkingMeters": 690, "walkingSeconds": 506, "band": 10}, {"stopCode": 54, "lines": "1", "name": "Stadium Station", "walkingMeters": 1070, "walkingSeconds": 772, "band": 15}]}, "geometry": {"type": "Point", "coordinates": [-122.3254856, 47.5993463]}}, {"type": "Feature", "properties": {"id": 2434520665, "name": "Pacific Range Hood", "category": "furniture", "tags": ["furniture"], "sources": ["osm"], "address": "652 South Jackson Street", "stations": [{"stopCode": 53, "lines": "1,2", "name": "International District Station", "walkingMeters": 324, "walkingSeconds": 232, "band": 5}, {"stopCode": 52, "lines": "1,2", "name": "Pioneer Square Station", "walkingMeters": 741, "walkingSeconds": 543, "band": 10}, {"stopCode": 54, "lines": "1", "name": "Stadium Station", "walkingMeters": 1086, "walkingSeconds": 783, "band": 15}]}, "geometry": {"type": "Point", "coordinates": [-122.3247925, 47.5993486]}}, {"type": "Feature", "properties": {"id": 2434527177, "name": "Colors Abloom Flowers", "category": "florist", "tags": ["florist"], "sources": ["osm"], "address": "413 7th Avenue South", "stations": [{"stopCode": 53, "lines": "1,2", "name": "International District Station", "walkingMeters": 358, "walkingSeconds": 257, "band": 5}, {"stopCode": 52, "lines": "1,2", "name": "Pioneer Square Station", "walkingMeters": 856, "walkingSeconds": 628, "band": 15}, {"stopCode": 54, "lines": "1", "name": "Stadium Station", "walkingMeters": 1098, "walkingSeconds": 792, "band": 15}]}, "geometry": {"type": "Point", "coordinates": [-122.3239381, 47.5987999]}}, {"type": "Feature", "properties": {"id": 2434527184, "name": "Gan Shan Co.", "category": "convenience", "tags": ["convenience"], "sources": ["osm"], "address": "414 7th Avenue South", "stations": [{"stopCode": 53, "lines": "1,2", "name": "International District Station", "walkingMeters": 365, "walkingSeconds": 262, "band": 5}, {"stopCode": 52, "lines": "1,2", "name": "Pioneer Square Station", "walkingMeters": 852, "walkingSeconds": 625, "band": 15}, {"stopCode": 54, "lines": "1", "name": "Stadium Station", "walkingMeters": 1103, "walkingSeconds": 795, "band": 15}]}, "geometry": {"type": "Point", "coordinates": [-122.323586, 47.5987035]}}, {"type": "Feature", "properties": {"id": 2434527199, "name": "New Century Tea Gallery", "category": "convenience", "tags": ["convenience", "cafe", "tea", "room"], "sources": ["osm", "overture"], "website": "http://www.newcenturyteagallery.com/", "phone": "+12069926907", "address": "416 Maynard Ave S", "hours": "We-Mo 11:00-17:00", "stations": [{"stopCode": 53, "lines": "1,2", "name": "International District Station", "walkingMeters": 256, "walkingSeconds": 184, "band": 5}, {"stopCode": 52, "lines": "1,2", "name": "Pioneer Square Station", "walkingMeters": 802, "walkingSeconds": 586, "band": 10}, {"stopCode": 54, "lines": "1", "name": "Stadium Station", "walkingMeters": 1001, "walkingSeconds": 722, "band": 15}]}, "geometry": {"type": "Point", "coordinates": [-122.3249044, 47.5986414]}}, {"type": "Feature", "properties": {"id": 2434527244, "name": "Tiffany's Blooms", "category": "florist", "tags": ["florist"], "sources": ["osm"], "address": "507 South Jackson Street", "stations": [{"stopCode": 53, "lines": "1,2", "name": "International District Station", "walkingMeters": 131, "walkingSeconds": 94, "band": 5}, {"stopCode": 52, "lines": "1,2", "name": "Pioneer Square Station", "walkingMeters": 579, "walkingSeconds": 431, "band": 10}, {"stopCode": 54, "lines": "1", "name": "Stadium Station", "walkingMeters": 1142, "walkingSeconds": 822, "band": 15}, {"stopCode": 51, "lines": "1,2", "name": "Symphony Station", "walkingMeters": 1292, "walkingSeconds": 934, "band": 15}]}, "geometry": {"type": "Point", "coordinates": [-122.327251, 47.5990429]}}, {"type": "Feature", "properties": {"id": 2434527253, "name": "Union Market", "category": "convenience", "tags": ["convenience"], "sources": ["osm"], "address": "509 South Jackson Street", "stations": [{"stopCode": 53, "lines": "1,2", "name": "International District Station", "walkingMeters": 146, "walkingSeconds": 105, "band": 5}, {"stopCode": 52, "lines": "1,2", "name": "Pioneer Square Station", "walkingMeters": 598, "walkingSeconds": 445, "band": 10}, {"stopCode": 54, "lines": "1", "name": "Stadium Station", "walkingMeters": 1024, "walkingSeconds": 739, "band": 15}, {"stopCode": 51, "lines": "1,2", "name": "Symphony Station", "walkingMeters": 1311, "walkingSeconds": 947, "band": 15}]}, "geometry": {"type": "Point", "coordinates": [-122.327102, 47.5990385]}}, {"type": "Feature", "properties": {"id": 2434527278, "name": "Deng's Studio And Art Gallery", "category": "art", "tags": ["art"], "sources": ["osm"], "address": "515 7th Avenue South", "stations": [{"stopCode": 53, "lines": "1,2", "name": "International District Station", "walkingMeters": 380, "walkingSeconds": 273, "band": 5}, {"stopCode": 52, "lines": "1,2", "name": "Pioneer Square Station", "walkingMeters": 953, "walkingSeconds": 697, "band": 15}, {"stopCode": 54, "lines": "1", "name": "Stadium Station", "walkingMeters": 988, "walkingSeconds": 713, "band": 15}]}, "geometry": {"type": "Point", "coordinates": [-122.3239151, 47.597814]}}, {"type": "Feature", "properties": {"id": 2434527289, "name": "Golden Hong Market", "category": "convenience", "tags": ["convenience", "supermarket"], "sources": ["osm", "overture"], "website": "http://www.houseofhong.com", "phone": "+12066235877", "address": "516 7th Ave S", "stations": [{"stopCode": 53, "lines": "1,2", "name": "International District Station", "walkingMeters": 398, "walkingSeconds": 286, "band": 5}, {"stopCode": 52, "lines": "1,2", "name": "Pioneer Square Station", "walkingMeters": 956, "walkingSeconds": 700, "band": 15}, {"stopCode": 54, "lines": "1", "name": "Stadium Station", "walkingMeters": 1003, "walkingSeconds": 724, "band": 15}]}, "geometry": {"type": "Point", "coordinates": [-122.3235839, 47.5978028]}}, {"type": "Feature", "properties": {"id": 2434527300, "name": "International Model Toys", "category": "toys", "tags": ["toys"], "sources": ["osm"], "phone": "+1-206-682-8534", "address": "524 South King Street", "hours": "11:30-19:30", "stations": [{"stopCode": 53, "lines": "1,2", "name": "International District Station", "walkingMeters": 112, "walkingSeconds": 80, "band": 5}, {"stopCode": 52, "lines": "1,2", "name": "Pioneer Square Station", "walkingMeters": 699, "walkingSeconds": 517, "band": 10}, {"stopCode": 54, "lines": "1", "name": "Stadium Station", "walkingMeters": 926, "walkingSeconds": 668, "band": 15}]}, "geometry": {"type": "Point", "coordinates": [-122.3265944, 47.5984652]}}, {"type": "Feature", "properties": {"id": 2434527314, "name": "Pacific Herb & Grocery", "category": "convenience", "tags": ["convenience"], "sources": ["osm"], "address": "610 South Weller Street", "stations": [{"stopCode": 53, "lines": "1,2", "name": "International District Station", "walkingMeters": 257, "walkingSeconds": 185, "band": 5}, {"stopCode": 54, "lines": "1", "name": "Stadium Station", "walkingMeters": 857, "walkingSeconds": 619, "band": 15}, {"stopCode": 52, "lines": "1,2", "name": "Pioneer Square Station", "walkingMeters": 848, "walkingSeconds": 624, "band": 10}]}, "geometry": {"type": "Point", "coordinates": [-122.3258096, 47.5976315]}}, {"type": "Feature", "properties": {"id": 2434527323, "name": "Alice's Floral Designs", "category": "florist", "tags": ["florist"], "sources": ["osm"], "address": "617 South King Street", "stations": [{"stopCode": 53, "lines": "1,2", "name": "International District Station", "walkingMeters": 200, "walkingSeconds": 144, "band": 5}, {"stopCode": 52, "lines": "1,2", "name": "Pioneer Square Station", "walkingMeters": 791, "walkingSeconds": 583, "band": 10}, {"stopCode": 54, "lines": "1", "name": "Stadium Station", "walkingMeters": 952, "walkingSeconds": 687, "band": 15}]}, "geometry": {"type": "Point", "coordinates": [-122.325568, 47.5982499]}}, {"type": "Feature", "properties": {"id": 2434527346, "name": "Jian He Hang", "category": "convenience", "tags": ["convenience"], "sources": ["osm"], "address": "653 South Jackson Street", "stations": [{"stopCode": 53, "lines": "1,2", "name": "International District Station", "walkingMeters": 299, "walkingSeconds": 214, "band": 5}, {"stopCode": 52, "lines": "1,2", "name": "Pioneer Square Station", "walkingMeters": 762, "walkingSeconds": 558, "band": 10}, {"stopCode": 54, "lines": "1", "name": "Stadium Station", "walkingMeters": 1061, "walkingSeconds": 765, "band": 15}]}, "geometry": {"type": "Point", "coordinates": [-122.3248265, 47.5990408]}}, {"type": "Feature", "properties": {"id": 2434527352, "name": "Joyce's Flowers", "category": "florist", "tags": ["florist"], "sources": ["osm"], "address": "657 South Jackson Street", "stations": [{"stopCode": 53, "lines": "1,2", "name": "International District Station", "walkingMeters": 312, "walkingSeconds": 224, "band": 5}, {"stopCode": 52, "lines": "1,2", "name": "Pioneer Square Station", "walkingMeters": 775, "walkingSeconds": 568, "band": 10}, {"stopCode": 54, "lines": "1", "name": "Stadium Station", "walkingMeters": 1074, "walkingSeconds": 775, "band": 15}]}, "geometry": {"type": "Point", "coordinates": [-122.3246543, 47.5990408]}}, {"type": "Feature", "properties": {"id": 2434527354, "name": "Martial Arts Supplies & Equip Asia Gifts", "category": "sports", "tags": ["sports"], "sources": ["osm"], "address": "658 South King Street", "stations": [{"stopCode": 53, "lines": "1,2", "name": "International District Station", "walkingMeters": 267, "walkingSeconds": 192, "band": 5}, {"stopCode": 52, "lines": "1,2", "name": "Pioneer Square Station", "walkingMeters": 836, "walkingSeconds": 614, "band": 15}, {"stopCode": 54, "lines": "1", "name": "Stadium Station", "walkingMeters": 1010, "walkingSeconds": 728, "band": 15}]}, "geometry": {"type": "Point", "coordinates": [-122.3245589, 47.5984711]}}, {"type": "Feature", "properties": {"id": 2434527390, "name": "World Wireless Station", "category": "mobile_phone", "tags": ["mobile-phone"], "sources": ["osm"], "address": "701 South King Street", "stations": [{"stopCode": 53, "lines": "1,2", "name": "International District Station", "walkingMeters": 355, "walkingSeconds": 255, "band": 5}, {"stopCode": 52, "lines": "1,2", "name": "Pioneer Square Station", "walkingMeters": 908, "walkingSeconds": 665, "band": 15}, {"stopCode": 54, "lines": "1", "name": "Stadium Station", "walkingMeters": 1060, "walkingSeconds": 764, "band": 15}]}, "geometry": {"type": "Point", "coordinates": [-122.323591, 47.5982383]}}, {"type": "Feature", "properties": {"id": 2434527393, "name": "Bao An Tang", "category": "convenience", "tags": ["convenience"], "sources": ["osm"], "address": "705 South King Street", "stations": [{"stopCode": 53, "lines": "1,2", "name": "International District Station", "walkingMeters": 364, "walkingSeconds": 262, "band": 5}, {"stopCode": 52, "lines": "1,2", "name": "Pioneer Square Station", "walkingMeters": 918, "walkingSeconds": 672, "band": 15}, {"stopCode": 54, "lines": "1", "name": "Stadium Station", "walkingMeters": 1070, "walkingSeconds": 771, "band": 15}]}, "geometry": {"type": "Point", "coordinates": [-122.3234613, 47.5982373]}}, {"type": "Feature", "properties": {"id": 2434531539, "name": "Mam\u2019s Books", "category": "books", "tags": ["books"], "sources": ["osm", "overture"], "website": "http://www.mamsbooks.com/", "address": "608 Maynard Ave S", "stations": [{"stopCode": 53, "lines": "1,2", "name": "International District Station", "walkingMeters": 353, "walkingSeconds": 254, "band": 5}, {"stopCode": 54, "lines": "1", "name": "Stadium Station", "walkingMeters": 848, "walkingSeconds": 612, "band": 15}, {"stopCode": 52, "lines": "1,2", "name": "Pioneer Square Station", "walkingMeters": 938, "walkingSeconds": 687, "band": 15}]}, "geometry": {"type": "Point", "coordinates": [-122.3248662, 47.5972453]}}, {"type": "Feature", "properties": {"id": 2965305648, "name": "New An Dong Chinese Herb & Grocery", "category": "convenience", "tags": ["convenience"], "sources": ["osm"], "stations": [{"stopCode": 53, "lines": "1,2", "name": "International District Station", "walkingMeters": 179, "walkingSeconds": 128, "band": 5}, {"stopCode": 52, "lines": "1,2", "name": "Pioneer Square Station", "walkingMeters": 769, "walkingSeconds": 568, "band": 10}, {"stopCode": 54, "lines": "1", "name": "Stadium Station", "walkingMeters": 930, "walkingSeconds": 671, "band": 15}]}, "geometry": {"type": "Point", "coordinates": [-122.3258577, 47.5982382]}}, {"type": "Feature", "properties": {"id": 4539170351, "name": "U2 Mobile", "category": "mobile_phone", "tags": ["mobile-phone"], "sources": ["osm"], "stations": [{"stopCode": 53, "lines": "1,2", "name": "International District Station", "walkingMeters": 165, "walkingSeconds": 118, "band": 5}, {"stopCode": 52, "lines": "1,2", "name": "Pioneer Square Station", "walkingMeters": 756, "walkingSeconds": 558, "band": 10}, {"stopCode": 54, "lines": "1", "name": "Stadium Station", "walkingMeters": 916, "walkingSeconds": 662, "band": 15}]}, "geometry": {"type": "Point", "coordinates": [-122.3260367, 47.5982412]}}, {"type": "Feature", "properties": {"id": 6736161585, "name": "Bonfire", "category": "gift", "tags": ["gift"], "sources": ["osm"], "stations": [{"stopCode": 53, "lines": "1,2", "name": "International District Station", "walkingMeters": 307, "walkingSeconds": 220, "band": 5}, {"stopCode": 52, "lines": "1,2", "name": "Pioneer Square Station", "walkingMeters": 572, "walkingSeconds": 422, "band": 10}, {"stopCode": 54, "lines": "1", "name": "Stadium Station", "walkingMeters": 1098, "walkingSeconds": 794, "band": 15}]}, "geometry": {"type": "Point", "coordinates": [-122.3261028, 47.5999251]}}, {"type": "Feature", "properties": {"id": 6737269586, "name": "Pink Gorilla Import & Retro Gaming", "category": "toys", "tags": ["toys"], "sources": ["osm"], "website": "https://pinkgorillagames.com", "hours": "Mo-Su 11:00-19:00", "stations": [{"stopCode": 53, "lines": "1,2", "name": "International District Station", "walkingMeters": 162, "walkingSeconds": 116, "band": 5}, {"stopCode": 52, "lines": "1,2", "name": "Pioneer Square Station", "walkingMeters": 753, "walkingSeconds": 556, "band": 10}, {"stopCode": 54, "lines": "1", "name": "Stadium Station", "walkingMeters": 913, "walkingSeconds": 660, "band": 15}]}, "geometry": {"type": "Point", "coordinates": [-122.3260774, 47.5982453]}}, {"type": "Feature", "properties": {"id": 6737269688, "name": "AI Video", "category": "electronics", "tags": ["electronics"], "sources": ["osm"], "stations": [{"stopCode": 53, "lines": "1,2", "name": "International District Station", "walkingMeters": 356, "walkingSeconds": 256, "band": 5}, {"stopCode": 54, "lines": "1", "name": "Stadium Station", "walkingMeters": 894, "walkingSeconds": 645, "band": 15}, {"stopCode": 52, "lines": "1,2", "name": "Pioneer Square Station", "walkingMeters": 937, "walkingSeconds": 686, "band": 15}]}, "geometry": {"type": "Point", "coordinates": [-122.3246302, 47.5973119]}}, {"type": "Feature", "properties": {"id": 6737285787, "name": "Sairen", "category": "clothes", "tags": ["clothes"], "sources": ["osm"], "hours": "We,Th,Su 12:00-17:00; Fr,Sa 11:00-17:00; Mo,Tu off", "stations": [{"stopCode": 53, "lines": "1,2", "name": "International District Station", "walkingMeters": 229, "walkingSeconds": 166, "band": 5}, {"stopCode": 52, "lines": "1,2", "name": "Pioneer Square Station", "walkingMeters": 639, "walkingSeconds": 470, "band": 10}, {"stopCode": 54, "lines": "1", "name": "Stadium Station", "walkingMeters": 1019, "walkingSeconds": 736, "band": 15}]}, "geometry": {"type": "Point", "coordinates": [-122.326164, 47.5993494]}}, {"type": "Feature", "properties": {"id": 6737285788, "name": "Dong Sing Market", "category": "convenience", "tags": ["convenience"], "sources": ["osm"], "address": "625 South Jackson Street", "stations": [{"stopCode": 53, "lines": "1,2", "name": "International District Station", "walkingMeters": 279, "walkingSeconds": 200, "band": 5}, {"stopCode": 52, "lines": "1,2", "name": "Pioneer Square Station", "walkingMeters": 721, "walkingSeconds": 530, "band": 10}, {"stopCode": 54, "lines": "1", "name": "Stadium Station", "walkingMeters": 1058, "walkingSeconds": 764, "band": 15}]}, "geometry": {"type": "Point", "coordinates": [-122.3253476, 47.599039]}}, {"type": "Feature", "properties": {"id": 6737285789, "name": "Modern Trading Co.", "category": "gift", "tags": ["gift"], "sources": ["osm"], "hours": "Tu-Sa 10:30-18:00; Su 11:00-17:00; Mo off", "stations": [{"stopCode": 53, "lines": "1,2", "name": "International District Station", "walkingMeters": 318, "walkingSeconds": 228, "band": 5}, {"stopCode": 52, "lines": "1,2", "name": "Pioneer Square Station", "walkingMeters": 735, "walkingSeconds": 539, "band": 10}, {"stopCode": 54, "lines": "1", "name": "Stadium Station", "walkingMeters": 1080, "walkingSeconds": 779, "band": 15}]}, "geometry": {"type": "Point", "coordinates": [-122.3248746, 47.5993397]}}, {"type": "Feature", "properties": {"id": 6737285794, "name": "Bahtoh", "category": "florist", "tags": ["florist"], "sources": ["osm"], "stations": [{"stopCode": 53, "lines": "1,2", "name": "International District Station", "walkingMeters": 365, "walkingSeconds": 262, "band": 5}, {"stopCode": 52, "lines": "1,2", "name": "Pioneer Square Station", "walkingMeters": 783, "walkingSeconds": 573, "band": 10}, {"stopCode": 54, "lines": "1", "name": "Stadium Station", "walkingMeters": 1126, "walkingSeconds": 812, "band": 15}]}, "geometry": {"type": "Point", "coordinates": [-122.3242402, 47.5993607]}}, {"type": "Feature", "properties": {"id": 6737287586, "name": "Kobo", "category": "furniture", "tags": ["furniture"], "sources": ["osm"], "hours": "We-Su 11:00-17:00", "stations": [{"stopCode": 53, "lines": "1,2", "name": "International District Station", "walkingMeters": 241, "walkingSeconds": 175, "band": 5}, {"stopCode": 52, "lines": "1,2", "name": "Pioneer Square Station", "walkingMeters": 650, "walkingSeconds": 478, "band": 10}, {"stopCode": 54, "lines": "1", "name": "Stadium Station", "walkingMeters": 1031, "walkingSeconds": 744, "band": 15}]}, "geometry": {"type": "Point", "coordinates": [-122.3260094, 47.5993351]}}, {"type": "Feature", "properties": {"id": 9224006960, "name": "Higo Variety Store", "category": "variety_store", "tags": ["variety-store"], "sources": ["osm"], "hours": "We-Sa 11:00-17:00", "stations": [{"stopCode": 53, "lines": "1,2", "name": "International District Station", "walkingMeters": 235, "walkingSeconds": 171, "band": 5}, {"stopCode": 52, "lines": "1,2", "name": "Pioneer Square Station", "walkingMeters": 644, "walkingSeconds": 474, "band": 10}, {"stopCode": 54, "lines": "1", "name": "Stadium Station", "walkingMeters": 1025, "walkingSeconds": 740, "band": 15}]}, "geometry": {"type": "Point", "coordinates": [-122.3260867, 47.5993461]}}, {"type": "Feature", "properties": {"id": 235385510, "name": "Reclaim Clay Collective", "category": "supermarket", "tags": ["supermarket"], "sources": ["osm"], "website": "https://www.reclaimclay.com/", "address": "800 South Weller Street", "hours": "Mo-Su 10:00-21:00", "stations": [{"stopCode": 53, "lines": "1,2", "name": "International District Station", "walkingMeters": 565, "walkingSeconds": 406, "band": 10}, {"stopCode": 54, "lines": "1", "name": "Stadium Station", "walkingMeters": 1102, "walkingSeconds": 793, "band": 15}, {"stopCode": 52, "lines": "1,2", "name": "Pioneer Square Station", "walkingMeters": 1110, "walkingSeconds": 812, "band": 15}]}, "geometry": {"type": "Point", "coordinates": [-122.3220941, 47.5977602]}}, {"type": "Feature", "properties": {"id": 360439958, "name": "Kinokuniya", "category": "books", "tags": ["books"], "sources": ["osm"], "website": "http://www.kinokuniya.com/", "address": "525 South Weller Street", "hours": "Mo-Su 10:00-20:00", "stations": [{"stopCode": 53, "lines": "1,2", "name": "International District Station", "walkingMeters": 231, "walkingSeconds": 166, "band": 5}, {"stopCode": 54, "lines": "1", "name": "Stadium Station", "walkingMeters": 793, "walkingSeconds": 571, "band": 15}, {"stopCode": 52, "lines": "1,2", "name": "Pioneer Square Station", "walkingMeters": 829, "walkingSeconds": 606, "band": 10}]}, "geometry": {"type": "Point", "coordinates": [-122.3266853, 47.5973231]}}, {"type": "Feature", "properties": {"id": "700a4c73-4e41-419a-bf57-1bab84b01806", "name": "Grace Woodrow Jewelry", "category": "jewelry", "tags": ["jewelry"], "sources": ["overture"], "website": "http://www.gracewoodrow.com/", "phone": "+12066026108", "address": "308 4th Ave S", "stations": [{"stopCode": 53, "lines": "1,2", "name": "International District Station", "walkingMeters": 244, "walkingSeconds": 182, "band": 5}, {"stopCode": 52, "lines": "1,2", "name": "Pioneer Square Station", "walkingMeters": 446, "walkingSeconds": 333, "band": 5}, {"stopCode": 54, "lines": "1", "name": "Stadium Station", "walkingMeters": 1289, "walkingSeconds": 962, "band": 15}, {"stopCode": 51, "lines": "1,2", "name": "Symphony Station", "walkingMeters": 1337, "walkingSeconds": 998, "band": 15}]}, "geometry": {"type": "Point", "coordinates": [-122.3287506, 47.5999641]}}, {"type": "Feature", "properties": {"id": "d7c3c206-bb71-4a14-8e69-b3ad7271c8bd", "name": "Daiso", "category": "variety_store", "tags": ["variety-store", "discount"], "sources": ["overture"], "website": "daisojapan.com", "phone": "12066233312", "address": "710 6th Ave S", "stations": [{"stopCode": 53, "lines": "1,2", "name": "International District Station", "walkingMeters": 341, "walkingSeconds": 254, "band": 5}, {"stopCode": 54, "lines": "1", "name": "Stadium Station", "walkingMeters": 763, "walkingSeconds": 569, "band": 10}, {"stopCode": 52, "lines": "1,2", "name": "Pioneer Square Station", "walkingMeters": 1025, "walkingSeconds": 765, "band": 15}]}, "geometry": {"type": "Point", "coordinates": [-122.3261566, 47.596344]}}, {"type": "Feature", "properties": {"id": "5fd21e9b-ada0-4606-b21e-17493df1d0e3", "name": "Stadium Liquor Store - Seattle", "category": "alcohol", "tags": ["alcohol"], "sources": ["overture"], "website": "https://stadiumliquorstoresea.com", "phone": "(425) 484-8513", "address": "2200 4th Ave S", "stations": [{"stopCode": 54, "lines": "1", "name": "Stadium Station", "walkingMeters": 362, "walkingSeconds": 260, "band": 5}, {"stopCode": 53, "lines": "1,2", "name": "International District Station", "walkingMeters": 925, "walkingSeconds": 666, "band": 15}, {"stopCode": 55, "lines": "1", "name": "SODO Station", "walkingMeters": 1202, "walkingSeconds": 866, "band": 15}]}, "geometry": {"type": "Point", "coordinates": [-122.3259583, 47.5909729]}}, {"type": "Feature", "properties": {"id": "a63b85e7-f3f8-416d-a148-3425247169b8", "name": "Sommie", "category": "supermarket", "tags": ["supermarket"], "sources": ["overture"], "website": "https://sommie.co", "address": "800 Maynard Ave S", "stations": [{"stopCode": 53, "lines": "1,2", "name": "International District Station", "walkingMeters": 534, "walkingSeconds": 399, "band": 10}, {"stopCode": 54, "lines": "1", "name": "Stadium Station", "walkingMeters": 665, "walkingSeconds": 496, "band": 10}, {"stopCode": 52, "lines": "1,2", "name": "Pioneer Square Station", "walkingMeters": 1214, "walkingSeconds": 906, "band": 15}]}, "geometry": {"type": "Point", "coordinates": [-122.324707, 47.5953979]}}, {"type": "Feature", "properties": {"id": "241db8ed-6505-4977-9fa2-a46ac12c818b", "name": "Escrow First Services", "category": "doityourself", "tags": ["doityourself", "home", "improvement"], "sources": ["overture"], "website": "http://www.escrowfirstservices.com", "phone": "(206) 625-4091", "address": "787 Maynard Ave S", "stations": [{"stopCode": 53, "lines": "1,2", "name": "International District Station", "walkingMeters": 464, "walkingSeconds": 334, "band": 5}, {"stopCode": 54, "lines": "1", "name": "Stadium Station", "walkingMeters": 701, "walkingSeconds": 506, "band": 10}, {"stopCode": 52, "lines": "1,2", "name": "Pioneer Square Station", "walkingMeters": 1058, "walkingSeconds": 772, "band": 15}]}, "geometry": {"type": "Point", "coordinates": [-122.3252869, 47.5960732]}}, {"type": "Feature", "properties": {"id": "851b7eac-8d4d-4eae-82f9-15c40953e6e0", "name": "Seattle Chinatown", "category": "variety_store", "tags": ["variety-store", "discount"], "sources": ["overture"], "address": "710 6th Ave. S", "stations": [{"stopCode": 53, "lines": "1,2", "name": "International District Station", "walkingMeters": 372, "walkingSeconds": 278, "band": 5}, {"stopCode": 54, "lines": "1", "name": "Stadium Station", "walkingMeters": 732, "walkingSeconds": 546, "band": 10}, {"stopCode": 52, "lines": "1,2", "name": "Pioneer Square Station", "walkingMeters": 1056, "walkingSeconds": 788, "band": 15}]}, "geometry": {"type": "Point", "coordinates": [-122.3260956, 47.5961189]}}, {"type": "Feature", "properties": {"id": "1dbd635f-ce4e-48f1-bff2-06b41802df62", "name": "Big John\u2019s Pacific Food Importers", "category": "supermarket", "tags": ["supermarket"], "sources": ["overture"], "website": "https://bigjohnspfiseattle.com", "address": "1001 6th Ave S", "stations": [{"stopCode": 54, "lines": "1", "name": "Stadium Station", "walkingMeters": 443, "walkingSeconds": 331, "band": 5}, {"stopCode": 53, "lines": "1,2", "name": "International District Station", "walkingMeters": 619, "walkingSeconds": 462, "band": 10}, {"stopCode": 52, "lines": "1,2", "name": "Pioneer Square Station", "walkingMeters": 1292, "walkingSeconds": 964, "band": 15}]}, "geometry": {"type": "Point", "coordinates": [-122.3267059, 47.5941582]}}, {"type": "Feature", "properties": {"id": "6c691781-be8a-4fb2-9471-3f07c8bb433e", "name": "a.oei studio", "category": "clothes", "tags": ["clothes", "womens"], "sources": ["overture"], "website": "https://www.aoei-studio.com/", "address": "815 Seattle Blvd S", "stations": [{"stopCode": 53, "lines": "1,2", "name": "International District Station", "walkingMeters": 475, "walkingSeconds": 354, "band": 5}, {"stopCode": 54, "lines": "1", "name": "Stadium Station", "walkingMeters": 582, "walkingSeconds": 434, "band": 10}, {"stopCode": 52, "lines": "1,2", "name": "Pioneer Square Station", "walkingMeters": 1148, "walkingSeconds": 857, "band": 15}]}, "geometry": {"type": "Point", "coordinates": [-122.3270645, 47.5951309]}}, {"type": "Feature", "properties": {"id": "39c2d76d-76d1-480d-a65e-c8962367fdcc", "name": "Uwajimaya Seattle", "category": "supermarket", "tags": ["supermarket"], "sources": ["overture"], "website": "http://www.uwajimaya.com/", "phone": "+12066246248", "address": "600 5th Ave S", "stations": [{"stopCode": 53, "lines": "1,2", "name": "International District Station", "walkingMeters": 307, "walkingSeconds": 221, "band": 5}, {"stopCode": 54, "lines": "1", "name": "Stadium Station", "walkingMeters": 734, "walkingSeconds": 528, "band": 10}, {"stopCode": 52, "lines": "1,2", "name": "Pioneer Square Station", "walkingMeters": 905, "walkingSeconds": 661, "band": 10}]}, "geometry": {"type": "Point", "coordinates": [-122.3267441, 47.5968437]}}, {"type": "Feature", "properties": {"id": "e7fc047d-7ec5-424b-8db0-22840c14d485", "name": "Kinokuniya Book Store", "category": "books", "tags": ["books"], "sources": ["overture"], "phone": "(206) 587-2477", "address": "525 S Weller St", "stations": [{"stopCode": 53, "lines": "1,2", "name": "International District Station", "walkingMeters": 195, "walkingSeconds": 140, "band": 5}, {"stopCode": 52, "lines": "1,2", "name": "Pioneer Square Station", "walkingMeters": 793, "walkingSeconds": 581, "band": 10}, {"stopCode": 54, "lines": "1", "name": "Stadium Station", "walkingMeters": 829, "walkingSeconds": 596, "band": 15}]}, "geometry": {"type": "Point", "coordinates": [-122.3267746, 47.5973015]}}, {"type": "Feature", "properties": {"id": "50753cad-c4a4-4d99-adbc-b696bc01072d", "name": "Union Station Market", "category": "supermarket", "tags": ["supermarket"], "sources": ["overture"], "website": "http://union-station-market.hub.biz", "phone": "(206) 622-3214", "address": "501 S Jackson St", "stations": [{"stopCode": 53, "lines": "1,2", "name": "International District Station", "walkingMeters": 102, "walkingSeconds": 73, "band": 5}, {"stopCode": 52, "lines": "1,2", "name": "Pioneer Square Station", "walkingMeters": 567, "walkingSeconds": 422, "band": 10}, {"stopCode": 54, "lines": "1", "name": "Stadium Station", "walkingMeters": 1024, "walkingSeconds": 738, "band": 15}, {"stopCode": 51, "lines": "1,2", "name": "Symphony Station", "walkingMeters": 1279, "walkingSeconds": 925, "band": 15}]}, "geometry": {"type": "Point", "coordinates": [-122.3274231, 47.5989952]}}, {"type": "Feature", "properties": {"id": "6563fac0-59ae-424c-af09-db6f31f44ccb", "name": "Screenlife Llc", "category": "toys", "tags": ["toys"], "sources": ["overture"], "phone": "2068290729", "address": "315 5th Ave S", "stations": [{"stopCode": 53, "lines": "1,2", "name": "International District Station", "walkingMeters": 185, "walkingSeconds": 138, "band": 5}, {"stopCode": 52, "lines": "1,2", "name": "Pioneer Square Station", "walkingMeters": 528, "walkingSeconds": 394, "band": 10}, {"stopCode": 54, "lines": "1", "name": "Stadium Station", "walkingMeters": 1235, "walkingSeconds": 922, "band": 15}, {"stopCode": 51, "lines": "1,2", "name": "Symphony Station", "walkingMeters": 1419, "walkingSeconds": 1059, "band": 15}]}, "geometry": {"type": "Point", "coordinates": [-122.3279724, 47.5996323]}}, {"type": "Feature", "properties": {"id": "8d5a4c5f-8d33-450b-b32a-fcde2380c743", "name": "Trichome", "category": "clothes", "tags": ["clothes"], "sources": ["overture"], "website": "http://trichomeseattle.com/", "phone": "+12064684907", "address": "618 S Jackson St", "stations": [{"stopCode": 53, "lines": "1,2", "name": "International District Station", "walkingMeters": 276, "walkingSeconds": 206, "band": 5}, {"stopCode": 52, "lines": "1,2", "name": "Pioneer Square Station", "walkingMeters": 728, "walkingSeconds": 543, "band": 10}, {"stopCode": 54, "lines": "1", "name": "Stadium Station", "walkingMeters": 1194, "walkingSeconds": 891, "band": 15}]}, "geometry": {"type": "Point", "coordinates": [-122.325531, 47.5992966]}}, {"type": "Feature", "properties": {"id": "428c4fef-2c6d-43c1-98f4-812d72d165bc", "name": "Kobo Shop & Gallery (at Higo)", "category": "gift", "tags": ["gift"], "sources": ["overture"], "website": "https://koboseattle.com", "phone": "12063813000", "address": "604 S Jackson St", "stations": [{"stopCode": 53, "lines": "1,2", "name": "International District Station", "walkingMeters": 240, "walkingSeconds": 179, "band": 5}, {"stopCode": 52, "lines": "1,2", "name": "Pioneer Square Station", "walkingMeters": 688, "walkingSeconds": 513, "band": 10}, {"stopCode": 54, "lines": "1", "name": "Stadium Station", "walkingMeters": 1196, "walkingSeconds": 893, "band": 15}]}, "geometry": {"type": "Point", "coordinates": [-122.3260117, 47.5993462]}}, {"type": "Feature", "properties": {"id": "be6ac559-1245-40a5-a4b2-deeffab2584c", "name": "Pacific Herbs and Grocery", "category": "supermarket", "tags": ["supermarket"], "sources": ["overture"], "website": "http://www.pacificherbsgrocery.com", "phone": "+12063406411", "address": "610 S Weller St", "stations": [{"stopCode": 53, "lines": "1,2", "name": "International District Station", "walkingMeters": 223, "walkingSeconds": 166, "band": 5}, {"stopCode": 52, "lines": "1,2", "name": "Pioneer Square Station", "walkingMeters": 876, "walkingSeconds": 654, "band": 10}, {"stopCode": 54, "lines": "1", "name": "Stadium Station", "walkingMeters": 953, "walkingSeconds": 711, "band": 15}]}, "geometry": {"type": "Point", "coordinates": [-122.3259583, 47.5976486]}}, {"type": "Feature", "properties": {"id": "160ae376-d8dc-4196-836e-3559aa4c4915", "name": "Big Ocean Trading Inc", "category": "supermarket", "tags": ["supermarket"], "sources": ["overture"], "address": "513 7th Ave S", "stations": [{"stopCode": 53, "lines": "1,2", "name": "International District Station", "walkingMeters": 399, "walkingSeconds": 298, "band": 5}, {"stopCode": 52, "lines": "1,2", "name": "Pioneer Square Station", "walkingMeters": 982, "walkingSeconds": 733, "band": 15}, {"stopCode": 54, "lines": "1", "name": "Stadium Station", "walkingMeters": 1023, "walkingSeconds": 763, "band": 15}]}, "geometry": {"type": "Point", "coordinates": [-122.323967, 47.597847]}}, {"type": "Feature", "properties": {"id": "d0eed5a0-1634-4393-9eea-e9b5824d182c", "name": "Bao An Yao Hang Inc", "category": "supermarket", "tags": ["supermarket"], "sources": ["overture"], "address": "705 S King St", "stations": [{"stopCode": 53, "lines": "1,2", "name": "International District Station", "walkingMeters": 443, "walkingSeconds": 331, "band": 5}, {"stopCode": 52, "lines": "1,2", "name": "Pioneer Square Station", "walkingMeters": 983, "walkingSeconds": 734, "band": 15}, {"stopCode": 54, "lines": "1", "name": "Stadium Station", "walkingMeters": 1089, "walkingSeconds": 813, "band": 15}]}, "geometry": {"type": "Point", "coordinates": [-122.3234558, 47.5982132]}}, {"type": "Feature", "properties": {"id": "a1f61129-6eed-4402-8fd1-c9c661c558bd", "name": "plank & grain", "category": "furniture", "tags": ["furniture"], "sources": ["overture"], "website": "http://www.plankandgrain.com", "phone": "(206) 659-9884", "address": "666 S King St", "stations": [{"stopCode": 53, "lines": "1,2", "name": "International District Station", "walkingMeters": 343, "walkingSeconds": 246, "band": 5}, {"stopCode": 52, "lines": "1,2", "name": "Pioneer Square Station", "walkingMeters": 871, "walkingSeconds": 639, "band": 15}, {"stopCode": 54, "lines": "1", "name": "Stadium Station", "walkingMeters": 1083, "walkingSeconds": 781, "band": 15}]}, "geometry": {"type": "Point", "coordinates": [-122.3241196, 47.5986633]}}, {"type": "Feature", "properties": {"id": "69164a24-eccd-42a2-809c-2a4037d90cd7", "name": "Pylon Market", "category": "jewelry", "tags": ["jewelry"], "sources": ["overture"], "website": "https://pylonmarket.com", "address": "664 S King St", "stations": [{"stopCode": 53, "lines": "1,2", "name": "International District Station", "walkingMeters": 377, "walkingSeconds": 281, "band": 5}, {"stopCode": 52, "lines": "1,2", "name": "Pioneer Square Station", "walkingMeters": 896, "walkingSeconds": 669, "band": 15}, {"stopCode": 54, "lines": "1", "name": "Stadium Station", "walkingMeters": 1122, "walkingSeconds": 837, "band": 15}]}, "geometry": {"type": "Point", "coordinates": [-122.3241425, 47.5985985]}}, {"type": "Feature", "properties": {"id": "891b8ad3-5335-40f5-a6bc-04f99519760e", "name": "Colors Abloom", "category": "florist", "tags": ["florist"], "sources": ["overture"], "phone": "12066244032", "address": "413 7th Ave S", "stations": [{"stopCode": 53, "lines": "1,2", "name": "International District Station", "walkingMeters": 382, "walkingSeconds": 285, "band": 5}, {"stopCode": 52, "lines": "1,2", "name": "Pioneer Square Station", "walkingMeters": 873, "walkingSeconds": 651, "band": 15}, {"stopCode": 54, "lines": "1", "name": "Stadium Station", "walkingMeters": 1157, "walkingSeconds": 863, "band": 15}]}, "geometry": {"type": "Point", "coordinates": [-122.3241425, 47.5988503]}}, {"type": "Feature", "properties": {"id": "8184b83b-322b-4105-8453-db0befcaa87e", "name": "China Town Market", "category": "supermarket", "tags": ["supermarket", "chinese"], "sources": ["overture"], "website": "http://chinatownconnection.com/seattle-international-district-chinatown-shopping.htm", "phone": "+12066218499", "address": "676 S Jackson St", "stations": [{"stopCode": 53, "lines": "1,2", "name": "International District Station", "walkingMeters": 449, "walkingSeconds": 323, "band": 5}, {"stopCode": 52, "lines": "1,2", "name": "Pioneer Square Station", "walkingMeters": 809, "walkingSeconds": 594, "band": 10}, {"stopCode": 54, "lines": "1", "name": "Stadium Station", "walkingMeters": 1210, "walkingSeconds": 872, "band": 15}]}, "geometry": {"type": "Point", "coordinates": [-122.3242493, 47.5993843]}}, {"type": "Feature", "properties": {"id": "8517850b-90a0-49c5-befa-a9064c4c688e", "name": "Tabletop Village", "category": "gift", "tags": ["gift"], "sources": ["overture"], "website": "http://www.tabletopvillage.com/", "phone": "+12068808654", "address": "616 8th Ave S", "stations": [{"stopCode": 53, "lines": "1,2", "name": "International District Station", "walkingMeters": 595, "walkingSeconds": 427, "band": 10}, {"stopCode": 54, "lines": "1", "name": "Stadium Station", "walkingMeters": 990, "walkingSeconds": 712, "band": 15}, {"stopCode": 52, "lines": "1,2", "name": "Pioneer Square Station", "walkingMeters": 1153, "walkingSeconds": 842, "band": 15}]}, "geometry": {"type": "Point", "coordinates": [-122.3221893, 47.5968971]}}, {"type": "Feature", "properties": {"id": "9f5ea4ad-998f-4cec-9ad0-a7fc5aa184a5", "name": "City Produce", "category": "supermarket", "tags": ["supermarket"], "sources": ["overture"], "website": "http://www.cityproduce.com", "phone": "+12066820320", "address": "710 7th Ave S", "stations": [{"stopCode": 53, "lines": "1,2", "name": "International District Station", "walkingMeters": 523, "walkingSeconds": 390, "band": 10}, {"stopCode": 54, "lines": "1", "name": "Stadium Station", "walkingMeters": 828, "walkingSeconds": 618, "band": 15}, {"stopCode": 52, "lines": "1,2", "name": "Pioneer Square Station", "walkingMeters": 1172, "walkingSeconds": 875, "band": 15}]}, "geometry": {"type": "Point", "coordinates": [-122.3235779, 47.596302]}}, {"type": "Feature", "properties": {"id": 2434520655, "name": "Ho's Herb & Massage", "category": "pharmacy", "tags": ["pharmacy"], "sources": ["osm"], "address": "626 South Jackson Street", "hours": "Mo-We,Fr 10:25-14:30; Th 10:00-13:30; Sa 10:00-16:00", "stations": [{"stopCode": 53, "lines": "1,2", "name": "International District Station", "walkingMeters": 298, "walkingSeconds": 216, "band": 5}, {"stopCode": 52, "lines": "1,2", "name": "Pioneer Square Station", "walkingMeters": 707, "walkingSeconds": 519, "band": 10}, {"stopCode": 54, "lines": "1", "name": "Stadium Station", "walkingMeters": 1075, "walkingSeconds": 776, "band": 15}]}, "geometry": {"type": "Point", "coordinates": [-122.3252527, 47.5993482]}}, {"type": "Feature", "properties": {"id": 2434531545, "name": "Luke's Pharmacy", "category": "pharmacy", "tags": ["pharmacy"], "sources": ["osm", "overture"], "address": "611 Maynard Ave S", "stations": [{"stopCode": 53, "lines": "1,2", "name": "International District Station", "walkingMeters": 330, "walkingSeconds": 238, "band": 5}, {"stopCode": 54, "lines": "1", "name": "Stadium Station", "walkingMeters": 842, "walkingSeconds": 608, "band": 15}, {"stopCode": 52, "lines": "1,2", "name": "Pioneer Square Station", "walkingMeters": 920, "walkingSeconds": 674, "band": 15}]}, "geometry": {"type": "Point", "coordinates": [-122.3252631, 47.5973047]}}, {"type": "Feature", "properties": {"id": 2434531630, "name": "ICHS", "category": "clinic", "tags": ["clinic"], "sources": ["osm"], "address": "720 8th Avenue South", "stations": [{"stopCode": 53, "lines": "1,2", "name": "International District Station", "walkingMeters": 712, "walkingSeconds": 512, "band": 10}, {"stopCode": 54, "lines": "1", "name": "Stadium Station", "walkingMeters": 902, "walkingSeconds": 651, "band": 15}, {"stopCode": 52, "lines": "1,2", "name": "Pioneer Square Station", "walkingMeters": 1273, "walkingSeconds": 928, "band": 15}]}, "geometry": {"type": "Point", "coordinates": [-122.322052, 47.5961337]}}, {"type": "Feature", "properties": {"id": 2965294497, "name": "St. Paul Medical Clinic", "category": "clinic", "tags": ["clinic"], "sources": ["osm"], "phone": "+1-206-682-7059", "stations": [{"stopCode": 53, "lines": "1,2", "name": "International District Station", "walkingMeters": 175, "walkingSeconds": 126, "band": 5}, {"stopCode": 52, "lines": "1,2", "name": "Pioneer Square Station", "walkingMeters": 766, "walkingSeconds": 566, "band": 10}, {"stopCode": 54, "lines": "1", "name": "Stadium Station", "walkingMeters": 871, "walkingSeconds": 629, "band": 15}]}, "geometry": {"type": "Point", "coordinates": [-122.3261743, 47.5980225]}}, {"type": "Feature", "properties": {"id": "c1c559e8-ca30-4988-b57e-77927b14812b", "name": "Swedish Downtown Seattle Primary Care", "category": "hospital", "tags": ["hospital"], "sources": ["overture"], "website": "http://www.swedish.org/services/primary-care-service/swedish-physicians-downtown-seattle-clinic", "phone": "+12063203351", "address": "1001 4th Ave", "stations": [{"stopCode": 54, "lines": "1", "name": "Stadium Station", "walkingMeters": 480, "walkingSeconds": 345, "band": 10}, {"stopCode": 53, "lines": "1,2", "name": "International District Station", "walkingMeters": 572, "walkingSeconds": 418, "band": 10}, {"stopCode": 52, "lines": "1,2", "name": "Pioneer Square Station", "walkingMeters": 986, "walkingSeconds": 726, "band": 15}]}, "geometry": {"type": "Point", "coordinates": [-122.3292618, 47.5941582]}}, {"type": "Feature", "properties": {"id": "b7120d71-9622-41c1-a694-6f3375764f4c", "name": "Vera Whole Health", "category": "clinic", "tags": ["clinic", "medical"], "sources": ["overture"], "website": "http://verawholehealth.com/", "phone": "2063957870", "address": "605 5th Ave S Ste 150", "stations": [{"stopCode": 53, "lines": "1,2", "name": "International District Station", "walkingMeters": 137, "walkingSeconds": 98, "band": 5}, {"stopCode": 52, "lines": "1,2", "name": "Pioneer Square Station", "walkingMeters": 728, "walkingSeconds": 534, "band": 10}, {"stopCode": 54, "lines": "1", "name": "Stadium Station", "walkingMeters": 840, "walkingSeconds": 605, "band": 15}]}, "geometry": {"type": "Point", "coordinates": [-122.3276825, 47.5973625]}}, {"type": "Feature", "properties": {"id": "b6efc496-5839-4cb0-945e-cad96900b216", "name": "Bartell Drugs Pharmacy", "category": "pharmacy", "tags": ["pharmacy"], "sources": ["overture"], "website": "https://www.bartelldrugs.com/store/4th-and-jackson/?utm_source=local+listing&utm_medium=organic&utm_content=pharmacy&utm_campaign=fm", "phone": "2064671746", "address": "400 S Jackson St", "stations": [{"stopCode": 53, "lines": "1,2", "name": "International District Station", "walkingMeters": 152, "walkingSeconds": 109, "band": 5}, {"stopCode": 52, "lines": "1,2", "name": "Pioneer Square Station", "walkingMeters": 480, "walkingSeconds": 358, "band": 5}, {"stopCode": 54, "lines": "1", "name": "Stadium Station", "walkingMeters": 1099, "walkingSeconds": 791, "band": 15}, {"stopCode": 51, "lines": "1,2", "name": "Symphony Station", "walkingMeters": 1196, "walkingSeconds": 861, "band": 15}]}, "geometry": {"type": "Point", "coordinates": [-122.3282623, 47.5994987]}}, {"type": "Feature", "properties": {"id": 235385550, "name": "Bank of America", "category": "bank", "tags": ["bank", "credit", "union"], "sources": ["osm", "overture"], "website": "https://locators.bankofamerica.com/wa/seattle/financial-centers-seattle-8099.html", "phone": "+18444018500", "address": "525 S Jackson St", "stations": [{"stopCode": 53, "lines": "1,2", "name": "International District Station", "walkingMeters": 189, "walkingSeconds": 136, "band": 5}, {"stopCode": 52, "lines": "1,2", "name": "Pioneer Square Station", "walkingMeters": 677, "walkingSeconds": 501, "band": 10}, {"stopCode": 54, "lines": "1", "name": "Stadium Station", "walkingMeters": 988, "walkingSeconds": 713, "band": 15}, {"stopCode": 51, "lines": "1,2", "name": "Symphony Station", "walkingMeters": 1390, "walkingSeconds": 1004, "band": 15}]}, "geometry": {"type": "Point", "coordinates": [-122.3267011, 47.598982]}}, {"type": "Feature", "properties": {"id": 430982177, "name": "The Seattle Public Library - International District / Chinatown Branch Branch", "category": "library", "tags": ["library", "wifi"], "sources": ["osm"], "website": "https://www.spl.org/hours-and-locations/international-district-chinatown-branch", "phone": "+1-206-386-1300", "address": "713 8th Avenue South", "hours": "We-Sa 11:00-18:00; Mo-Tu 13:00-20:00; Su 13:00-17:00", "stations": [{"stopCode": 53, "lines": "1,2", "name": "International District Station", "walkingMeters": 649, "walkingSeconds": 466, "band": 10}, {"stopCode": 54, "lines": "1", "name": "Stadium Station", "walkingMeters": 886, "walkingSeconds": 637, "band": 15}, {"stopCode": 52, "lines": "1,2", "name": "Pioneer Square Station", "walkingMeters": 1212, "walkingSeconds": 884, "band": 15}]}, "geometry": {"type": "Point", "coordinates": [-122.322621, 47.5961613]}}, {"type": "Feature", "properties": {"id": 636798955, "name": "KeyBank", "category": "bank", "tags": ["bank", "credit", "union"], "sources": ["osm", "overture"], "website": "https://www.key.com/locations/WA/Seattle/BRCH47310266/666-S-Dearborn-St?ppc=cmpyxt", "phone": "+12068341360", "address": "666 S Dearborn St", "stations": [{"stopCode": 53, "lines": "1,2", "name": "International District Station", "walkingMeters": 480, "walkingSeconds": 345, "band": 10}, {"stopCode": 54, "lines": "1", "name": "Stadium Station", "walkingMeters": 798, "walkingSeconds": 576, "band": 10}, {"stopCode": 52, "lines": "1,2", "name": "Pioneer Square Station", "walkingMeters": 1063, "walkingSeconds": 777, "band": 15}]}, "geometry": {"type": "Point", "coordinates": [-122.3241969, 47.5963667]}}, {"type": "Feature", "properties": {"id": 664848558, "name": "East West Bank", "category": "bank", "tags": ["bank", "credit", "union"], "sources": ["osm", "overture"], "website": "https://www.eastwestbank.com/", "phone": "2062928880", "address": "668 S. Lane Street, Suite 101", "hours": "Mo-Th 09:00-17:00; Fr 09:00-18:00; Sa 10:00-14:00", "stations": [{"stopCode": 53, "lines": "1,2", "name": "International District Station", "walkingMeters": 472, "walkingSeconds": 339, "band": 10}, {"stopCode": 54, "lines": "1", "name": "Stadium Station", "walkingMeters": 885, "walkingSeconds": 639, "band": 15}, {"stopCode": 52, "lines": "1,2", "name": "Pioneer Square Station", "walkingMeters": 1053, "walkingSeconds": 770, "band": 15}]}, "geometry": {"type": "Point", "coordinates": [-122.323938, 47.5968918]}}, {"type": "Feature", "properties": {"id": 2965262691, "name": "Wells Fargo", "category": "bank", "tags": ["bank", "credit", "union"], "sources": ["osm", "overture"], "website": "http://www.wellsfargo.com", "phone": "+12066266003", "address": "625 5 Th Ave S", "hours": "Mo-Fr 09:00-17:00", "stations": [{"stopCode": 53, "lines": "1,2", "name": "International District Station", "walkingMeters": 125, "walkingSeconds": 90, "band": 5}, {"stopCode": 52, "lines": "1,2", "name": "Pioneer Square Station", "walkingMeters": 716, "walkingSeconds": 525, "band": 10}, {"stopCode": 54, "lines": "1", "name": "Stadium Station", "walkingMeters": 852, "walkingSeconds": 613, "band": 15}]}, "geometry": {"type": "Point", "coordinates": [-122.3278663, 47.597391]}}, {"type": "Feature", "properties": {"id": 360439954, "name": "Chase", "category": "bank", "tags": ["bank"], "sources": ["osm"], "website": "https://locator.chase.com/wa/seattle/600-5th-ave-s", "phone": "+1-206-377-6800", "hours": "Mo-Fr 09:00-17:00; Sa 09:00-14:00; Su closed", "stations": [{"stopCode": 53, "lines": "1,2", "name": "International District Station", "walkingMeters": 307, "walkingSeconds": 221, "band": 5}, {"stopCode": 54, "lines": "1", "name": "Stadium Station", "walkingMeters": 734, "walkingSeconds": 528, "band": 10}, {"stopCode": 52, "lines": "1,2", "name": "Pioneer Square Station", "walkingMeters": 905, "walkingSeconds": 661, "band": 10}]}, "geometry": {"type": "Point", "coordinates": [-122.3266498, 47.5967831]}}, {"type": "Feature", "properties": {"id": 1730800435, "name": "Post Office, International Station", "category": "post_office", "tags": ["post-office"], "sources": ["osm"], "address": "409 Maynard Avenue South", "hours": "Mo-Fr 08:45-12:45,13:45-17:00", "stations": [{"stopCode": 53, "lines": "1,2", "name": "International District Station", "walkingMeters": 267, "walkingSeconds": 192, "band": 5}, {"stopCode": 52, "lines": "1,2", "name": "Pioneer Square Station", "walkingMeters": 743, "walkingSeconds": 544, "band": 10}, {"stopCode": 54, "lines": "1", "name": "Stadium Station", "walkingMeters": 1038, "walkingSeconds": 749, "band": 15}]}, "geometry": {"type": "Point", "coordinates": [-122.32525, 47.5990324]}}, {"type": "Feature", "properties": {"id": 2434527308, "name": "WaFd Bank", "category": "bank", "tags": ["bank", "credit", "union"], "sources": ["osm", "overture"], "website": "https://www.wafdbank.com/locations/washington/seattle/international-district", "phone": "+12066247581", "address": "601 S Jackson St", "hours": "Mo-Th 09:00-17:00; Fr 09:00-18:00", "stations": [{"stopCode": 53, "lines": "1,2", "name": "International District Station", "walkingMeters": 220, "walkingSeconds": 158, "band": 5}, {"stopCode": 52, "lines": "1,2", "name": "Pioneer Square Station", "walkingMeters": 663, "walkingSeconds": 489, "band": 10}, {"stopCode": 54, "lines": "1", "name": "Stadium Station", "walkingMeters": 1002, "walkingSeconds": 724, "band": 15}]}, "geometry": {"type": "Point", "coordinates": [-122.3261288, 47.5990153]}}, {"type": "Feature", "properties": {"id": 2434531564, "name": "Cathay Bank", "category": "bank", "tags": ["bank", "credit", "union"], "sources": ["osm", "overture"], "website": "https://www.cathaybank.com", "phone": "+12062232890", "address": "621 S Lane St", "hours": "Mo-Th 09:30-17:00;Fr 09:30-18:00;Sa 10:00-14:00", "stations": [{"stopCode": 53, "lines": "1,2", "name": "International District Station", "walkingMeters": 435, "walkingSeconds": 313, "band": 5}, {"stopCode": 54, "lines": "1", "name": "Stadium Station", "walkingMeters": 731, "walkingSeconds": 528, "band": 10}, {"stopCode": 52, "lines": "1,2", "name": "Pioneer Square Station", "walkingMeters": 1029, "walkingSeconds": 750, "band": 15}]}, "geometry": {"type": "Point", "coordinates": [-122.3253375, 47.5963402]}}, {"type": "Feature", "properties": {"id": "6f57a86f-bb0c-4391-9369-a8b061ae07a6", "name": "Chase Bank", "category": "bank", "tags": ["bank", "credit", "union"], "sources": ["overture"], "website": "https://www.chase.com/locator/banking/us/wa/seattle/600-5th-ave-s?jp_cmp=rb%2FLocalListings%2Faff%2Fbranch%2Fna&y_source=1_MjAzODIxNi00ODMtbG9jYXRpb24ud2Vic2l0ZQ%3D%3D", "phone": "2063776800", "address": "600 5th Ave S, Ste 107", "stations": [{"stopCode": 53, "lines": "1,2", "name": "International District Station", "walkingMeters": 286, "walkingSeconds": 206, "band": 5}, {"stopCode": 54, "lines": "1", "name": "Stadium Station", "walkingMeters": 738, "walkingSeconds": 531, "band": 10}, {"stopCode": 52, "lines": "1,2", "name": "Pioneer Square Station", "walkingMeters": 884, "walkingSeconds": 646, "band": 10}]}, "geometry": {"type": "Point", "coordinates": [-122.3265762, 47.5968208]}}, {"type": "Feature", "properties": {"id": "4c4a60ef-de0d-4921-956e-f460e91ef5a4", "name": "Seattle City Library", "category": "library", "tags": ["library"], "sources": ["overture"], "website": "http://www.spl.org", "phone": "+12063864147", "address": "600 5th Ave S", "stations": [{"stopCode": 53, "lines": "1,2", "name": "International District Station", "walkingMeters": 253, "walkingSeconds": 182, "band": 5}, {"stopCode": 54, "lines": "1", "name": "Stadium Station", "walkingMeters": 784, "walkingSeconds": 564, "band": 10}, {"stopCode": 52, "lines": "1,2", "name": "Pioneer Square Station", "walkingMeters": 840, "walkingSeconds": 615, "band": 10}]}, "geometry": {"type": "Point", "coordinates": [-122.3272018, 47.5968285]}}, {"type": "Feature", "properties": {"id": "1c90d9b2-d031-483f-87aa-3162710506a5", "name": "The North American Post", "category": "post_office", "tags": ["post-office", "office"], "sources": ["overture"], "website": "http://napost.com/", "phone": "+12066230100", "address": "519 6th Ave S", "stations": [{"stopCode": 53, "lines": "1,2", "name": "International District Station", "walkingMeters": 192, "walkingSeconds": 138, "band": 5}, {"stopCode": 52, "lines": "1,2", "name": "Pioneer Square Station", "walkingMeters": 783, "walkingSeconds": 578, "band": 10}, {"stopCode": 54, "lines": "1", "name": "Stadium Station", "walkingMeters": 841, "walkingSeconds": 607, "band": 15}]}, "geometry": {"type": "Point", "coordinates": [-122.3265762, 47.5977211]}}, {"type": "Feature", "properties": {"id": "27174efe-8735-4d47-8864-072ece7bbe21", "name": "International District/Chinatown Branch - The Seattle Public Library", "category": "library", "tags": ["library"], "sources": ["overture"], "website": "https://www.spl.org/hours-and-locations/international-district-chinatown-branch", "phone": "2063861300", "address": "713 8th Ave S", "stations": [{"stopCode": 53, "lines": "1,2", "name": "International District Station", "walkingMeters": 661, "walkingSeconds": 475, "band": 10}, {"stopCode": 54, "lines": "1", "name": "Stadium Station", "walkingMeters": 896, "walkingSeconds": 644, "band": 15}, {"stopCode": 52, "lines": "1,2", "name": "Pioneer Square Station", "walkingMeters": 1221, "walkingSeconds": 891, "band": 15}]}, "geometry": {"type": "Point", "coordinates": [-122.3224869, 47.5961456]}}, {"type": "Feature", "properties": {"id": 2434527263, "name": "Mother Yoga Seattle", "category": "fitness_centre", "tags": ["fitness-centre", "yoga"], "sources": ["osm"], "website": "https://www.motheryogaseattle.com", "address": "511 Maynard Alley South", "stations": [{"stopCode": 53, "lines": "1,2", "name": "International District Station", "walkingMeters": 308, "walkingSeconds": 221, "band": 5}, {"stopCode": 52, "lines": "1,2", "name": "Pioneer Square Station", "walkingMeters": 882, "walkingSeconds": 647, "band": 15}, {"stopCode": 54, "lines": "1", "name": "Stadium Station", "walkingMeters": 980, "walkingSeconds": 707, "band": 15}]}, "geometry": {"type": "Point", "coordinates": [-122.324341, 47.5981017]}}, {"type": "Feature", "properties": {"id": 2434531556, "name": "Yi Sport Taekwondo", "category": "sports_centre", "tags": ["sports-centre", "martial-arts"], "sources": ["osm"], "address": "616 8th Avenue South", "stations": [{"stopCode": 53, "lines": "1,2", "name": "International District Station", "walkingMeters": 583, "walkingSeconds": 419, "band": 10}, {"stopCode": 54, "lines": "1", "name": "Stadium Station", "walkingMeters": 1001, "walkingSeconds": 720, "band": 15}, {"stopCode": 52, "lines": "1,2", "name": "Pioneer Square Station", "walkingMeters": 1142, "walkingSeconds": 833, "band": 15}]}, "geometry": {"type": "Point", "coordinates": [-122.3221329, 47.5970231]}}, {"type": "Feature", "properties": {"id": 6737269589, "name": "Northwest Kung Fu Fitness Studios", "category": "fitness_centre", "tags": ["fitness-centre"], "sources": ["osm"], "stations": [{"stopCode": 53, "lines": "1,2", "name": "International District Station", "walkingMeters": 391, "walkingSeconds": 281, "band": 5}, {"stopCode": 54, "lines": "1", "name": "Stadium Station", "walkingMeters": 888, "walkingSeconds": 640, "band": 15}, {"stopCode": 52, "lines": "1,2", "name": "Pioneer Square Station", "walkingMeters": 972, "walkingSeconds": 711, "band": 15}]}, "geometry": {"type": "Point", "coordinates": [-122.3246731, 47.5972677]}}, {"type": "Feature", "properties": {"id": "4f1f8f12-5922-4054-9a13-56a44b829fb6", "name": "Wheeler Fitness", "category": "fitness_centre", "tags": ["fitness-centre", "fitness", "trainer"], "sources": ["overture"], "website": "https://wheelerfitness.com", "phone": "+12063720616", "address": "605 5th Ave S", "stations": [{"stopCode": 53, "lines": "1,2", "name": "International District Station", "walkingMeters": 193, "walkingSeconds": 144, "band": 5}, {"stopCode": 52, "lines": "1,2", "name": "Pioneer Square Station", "walkingMeters": 833, "walkingSeconds": 622, "band": 10}, {"stopCode": 54, "lines": "1", "name": "Stadium Station", "walkingMeters": 874, "walkingSeconds": 652, "band": 10}]}, "geometry": {"type": "Point", "coordinates": [-122.3285751, 47.5970802]}}, {"type": "Feature", "properties": {"id": "76f0b9f6-2d03-4775-993c-a34b1bda590d", "name": "Union Station Fitness", "category": "fitness_centre", "tags": ["fitness-centre", "gym"], "sources": ["overture"], "website": "http://www.seattleunionstation.com/PropertyInformation/FitnessCenter.axis", "phone": "(206) 832-6787", "address": "605 5th Ave S", "stations": [{"stopCode": 53, "lines": "1,2", "name": "International District Station", "walkingMeters": 226, "walkingSeconds": 163, "band": 5}, {"stopCode": 52, "lines": "1,2", "name": "Pioneer Square Station", "walkingMeters": 665, "walkingSeconds": 489, "band": 10}, {"stopCode": 54, "lines": "1", "name": "Stadium Station", "walkingMeters": 813, "walkingSeconds": 585, "band": 10}]}, "geometry": {"type": "Point", "coordinates": [-122.3288651, 47.5971489]}}, {"type": "Feature", "properties": {"id": "2e6edfc2-538f-44bb-9ba7-295bb7aca37a", "name": "Seattle Yoga Shala", "category": "fitness_centre", "tags": ["fitness-centre", "yoga", "studio"], "sources": ["overture"], "website": "http://www.lizdoyleyoga.com", "phone": "(206) 660-2321", "address": "815 Seattle Blvd S Ste 113", "stations": [{"stopCode": 53, "lines": "1,2", "name": "International District Station", "walkingMeters": 403, "walkingSeconds": 290, "band": 5}, {"stopCode": 54, "lines": "1", "name": "Stadium Station", "walkingMeters": 574, "walkingSeconds": 413, "band": 10}, {"stopCode": 52, "lines": "1,2", "name": "Pioneer Square Station", "walkingMeters": 939, "walkingSeconds": 690, "band": 15}]}, "geometry": {"type": "Point", "coordinates": [-122.3270569, 47.5951805]}}, {"type": "Feature", "properties": {"id": "34b2114f-f0ac-43a4-87a0-27dc5e19e949", "name": "Mother Yoga", "category": "fitness_centre", "tags": ["fitness-centre", "yoga", "studio"], "sources": ["overture"], "website": "https://www.motheryogaseattle.com/", "phone": "+12064820952", "address": "511 Maynard Aly S", "stations": [{"stopCode": 53, "lines": "1,2", "name": "International District Station", "walkingMeters": 317, "walkingSeconds": 228, "band": 5}, {"stopCode": 52, "lines": "1,2", "name": "Pioneer Square Station", "walkingMeters": 892, "walkingSeconds": 654, "band": 15}, {"stopCode": 54, "lines": "1", "name": "Stadium Station", "walkingMeters": 971, "walkingSeconds": 700, "band": 15}]}, "geometry": {"type": "Point", "coordinates": [-122.324379, 47.5980186]}}, {"type": "Feature", "properties": {"id": "3b97b41c-cb58-4930-81a3-e0b9e7aa3e70", "name": "FICA Seattle", "category": "fitness_centre", "tags": ["fitness-centre", "fitness", "trainer"], "sources": ["overture"], "website": "http://www.unionculturalcenter.org/", "phone": "+12066690273", "address": "803 S King St", "stations": [{"stopCode": 53, "lines": "1,2", "name": "International District Station", "walkingMeters": 558, "walkingSeconds": 416, "band": 10}, {"stopCode": 52, "lines": "1,2", "name": "Pioneer Square Station", "walkingMeters": 1078, "walkingSeconds": 804, "band": 15}, {"stopCode": 54, "lines": "1", "name": "Stadium Station", "walkingMeters": 1127, "walkingSeconds": 841, "band": 15}]}, "geometry": {"type": "Point", "coordinates": [-122.3222733, 47.5981712]}}, {"type": "Feature", "properties": {"id": "3037740b-1fb7-45c4-87ab-0c149c2fce22", "name": "Chinatown ID Fitness", "category": "fitness_centre", "tags": ["fitness-centre", "gym"], "sources": ["overture"], "website": "https://www.chinatownidfitness.com/", "phone": "+12069535411", "address": "900 S Jackson St Unit 102", "stations": [{"stopCode": 53, "lines": "1,2", "name": "International District Station", "walkingMeters": 658, "walkingSeconds": 472, "band": 15}, {"stopCode": 52, "lines": "1,2", "name": "Pioneer Square Station", "walkingMeters": 1036, "walkingSeconds": 757, "band": 15}]}, "geometry": {"type": "Point", "coordinates": [-122.3202972, 47.5994797]}}]}