{"type": "FeatureCollection", "features": [{"type": "Feature", "properties": {"id": 1615253594, "name": "Starbucks", "category": "cafe", "tags": ["cafe", "coffee-shop", "takeaway", "wheelchair-accessible", "coffee"], "sources": ["osm", "overture"], "website": "https://www.starbucks.com/store-locator/store/69735/", "phone": "+12064674945", "address": "442 Terry Ave N"}, "geometry": {"type": "Point", "coordinates": [-122.3369538, 47.6228655]}}, {"type": "Feature", "properties": {"id": "8540523b-65ba-49d3-85b3-c70f96035089", "name": "Starbucks", "category": "cafe", "tags": ["cafe", "coffee"], "sources": ["overture"], "phone": "2063824624", "address": "330 Westlake Ave N (Westlake & Thomas, - Seattle)", "stations": [{"stopCode": 50, "lines": "1,2", "name": "Westlake Station", "walkingMeters": 1440, "walkingSeconds": 1075, "band": 15}]}, "geometry": {"type": "Point", "coordinates": [-122.3384781, 47.62146]}}, {"type": "Feature", "properties": {"id": 700803862, "name": "Noodle Bar", "category": "restaurant", "tags": ["restaurant", "chinese", "noodles", "asian"], "sources": ["osm", "overture"], "website": "https://www.noodlebarseattle.com/", "phone": "+12064245800", "address": "422 Yale Ave N", "stations": [{"stopCode": 49, "lines": "1,2", "name": "Capitol Hill Station", "walkingMeters": 1284, "walkingSeconds": 931, "band": 15}]}, "geometry": {"type": "Point", "coordinates": [-122.3302536, 47.6224942]}}, {"type": "Feature", "properties": {"id": 2400030145, "name": "Jimmy John's", "category": "fast_food", "tags": ["fast-food", "sandwich", "takeaway", "wheelchair-accessible", "restaurant"], "sources": ["osm", "overture"], "website": "https://locations.jimmyjohns.com/wa/seattle/sandwiches-1348.html", "phone": "+12067240475", "address": "370 Westlake Ave N", "stations": [{"stopCode": 50, "lines": "1,2", "name": "Westlake Station", "walkingMeters": 1216, "walkingSeconds": 877, "band": 15}]}, "geometry": {"type": "Point", "coordinates": [-122.338191, 47.6217676]}}, {"type": "Feature", "properties": {"id": 4817363140, "name": "Caffe Ladro", "category": "cafe", "tags": ["cafe", "coffee-shop"], "sources": ["osm"], "website": "https://caffeladro.com/", "phone": "+1-206-906-9334", "address": "400 Fairview Avenue North", "hours": "Mo-Fr 06:00-18:00"}, "geometry": {"type": "Point", "coordinates": [-122.3341067, 47.6223255]}}, {"type": "Feature", "properties": {"id": 11736135338, "name": "Caffe Ladro", "category": "cafe", "tags": ["cafe"], "sources": ["osm"], "stations": [{"stopCode": 50, "lines": "1,2", "name": "Westlake Station", "walkingMeters": 1231, "walkingSeconds": 890, "band": 15}]}, "geometry": {"type": "Point", "coordinates": [-122.3369778, 47.6211557]}}, {"type": "Feature", "properties": {"id": 3006164981, "name": "Chipotle", "category": "fast_food", "tags": ["fast-food", "mexican", "takeaway", "wheelchair-accessible"], "sources": ["osm"], "website": "https://locations.chipotle.com/wa/seattle/212-westlake-ave-n", "phone": "+1-206-673-9967", "address": "212 Westlake Avenue North", "hours": "Mo-Su, PH 10:45-22:00", "stations": [{"stopCode": 50, "lines": "1,2", "name": "Westlake Station", "walkingMeters": 1058, "walkingSeconds": 763, "band": 15}]}, "geometry": {"type": "Point", "coordinates": [-122.3382619, 47.6203648]}}, {"type": "Feature", "properties": {"id": 2623015767, "name": "BB's Teriyaki Grill", "category": "restaurant", "tags": ["restaurant", "asian", "japanese"], "sources": ["osm", "overture"], "website": "http://bbsteriyaki.com", "phone": "+12068769105", "address": "210 Westlake Ave N", "hours": "Mo-Fr 10:30-20:00; Sa-Su 11:30-19:30", "stations": [{"stopCode": 50, "lines": "1,2", "name": "Westlake Station", "walkingMeters": 1045, "walkingSeconds": 754, "band": 15}]}, "geometry": {"type": "Point", "coordinates": [-122.338261, 47.620245]}}, {"type": "Feature", "properties": {"id": 5967965376, "name": "Victrola Coffee Roasters", "category": "cafe", "tags": ["cafe", "coffee-shop", "wifi", "coffee"], "sources": ["osm", "overture"], "website": "https://www.victrolacoffee.com", "phone": "14253224524", "address": "1130 Thomas St", "stations": [{"stopCode": 50, "lines": "1,2", "name": "Westlake Station", "walkingMeters": 1225, "walkingSeconds": 884, "band": 15}, {"stopCode": 49, "lines": "1,2", "name": "Capitol Hill Station", "walkingMeters": 1392, "walkingSeconds": 1010, "band": 15}]}, "geometry": {"type": "Point", "coordinates": [-122.334753, 47.6210098]}}, {"type": "Feature", "properties": {"id": 9663575823, "name": "Evergreens", "category": "fast_food", "tags": ["fast-food", "salad", "takeaway", "vegetarian"], "sources": ["osm"], "stations": [{"stopCode": 50, "lines": "1,2", "name": "Westlake Station", "walkingMeters": 1236, "walkingSeconds": 891, "band": 15}]}, "geometry": {"type": "Point", "coordinates": [-122.3362429, 47.6206555]}}, {"type": "Feature", "properties": {"id": 51475049, "name": "Daniel's Broiler", "category": "restaurant", "tags": ["restaurant", "steak-house", "steakhouse", "american"], "sources": ["osm", "overture"], "website": "https://danielsbroiler.com/pages/locations-daniels-lake-union", "phone": "+12066218262", "address": "809 Fairview Pl N", "hours": "Mo 11:30-14:30,17:00-21:00;Tu-Th 11:30-14:30,17:00-22:00; Fr 11:30-14:30,17:00-23:00; Sa 17:00-23:00; Su 17:00-21:00"}, "geometry": {"type": "Point", "coordinates": [-122.3348934, 47.6267196]}}, {"type": "Feature", "properties": {"id": "cea247ad-d4f4-4d7f-b410-9e915fd3c109", "name": "Burger King", "category": "restaurant", "tags": ["restaurant", "burger"], "sources": ["overture"], "website": "http://www.bk.com", "phone": "(206) 623-1233", "address": "1114 Valley St"}, "geometry": {"type": "Point", "coordinates": [-122.3353424, 47.6259346]}}, {"type": "Feature", "properties": {"id": 1735843879, "name": "I Love Sushi", "category": "restaurant", "tags": ["restaurant", "sushi", "delivery"], "sources": ["osm"], "website": "https://ilovesushi.com/"}, "geometry": {"type": "Point", "coordinates": [-122.331801, 47.6287722]}}, {"type": "Feature", "properties": {"id": 1774033170, "name": "Kati Vegan Thai", "category": "restaurant", "tags": ["restaurant", "thai", "caterer", "takeaway", "delivery", "vegan", "vegetarian", "asian"], "sources": ["osm", "overture"], "website": "http://www.kativeganthai.com/", "phone": "+13239891968", "address": "1190 Thomas St", "hours": "Su-Th 11:30-15:00, 16:30-21:00; Fr-Sa 11:30-15:00, 16:30-22:00", "stations": [{"stopCode": 50, "lines": "1,2", "name": "Westlake Station", "walkingMeters": 1255, "walkingSeconds": 905, "band": 15}, {"stopCode": 49, "lines": "1,2", "name": "Capitol Hill Station", "walkingMeters": 1281, "walkingSeconds": 931, "band": 15}]}, "geometry": {"type": "Point", "coordinates": [-122.3332743, 47.6209307]}}, {"type": "Feature", "properties": {"id": 1793521066, "name": "Zoka Coffee - South Lake Union", "category": "cafe", "tags": ["cafe", "coffee-shop"], "sources": ["osm"], "phone": "+1-206-624-1927", "address": "351 Boren Avenue North", "hours": "Mo-Fr 07:00-15:00"}, "geometry": {"type": "Point", "coordinates": [-122.336121, 47.6217104]}}, {"type": "Feature", "properties": {"id": "cdb60890-6c41-4a3d-8cdd-e43126c8fc1c", "name": "Thruline Coffee Co.", "category": "cafe", "tags": ["cafe", "coffee"], "sources": ["overture"], "website": "https://thrulinecoffee.com", "address": "207 Boren Ave N", "stations": [{"stopCode": 50, "lines": "1,2", "name": "Westlake Station", "walkingMeters": 1264, "walkingSeconds": 943, "band": 15}]}, "geometry": {"type": "Point", "coordinates": [-122.3362579, 47.6203117]}}, {"type": "Feature", "properties": {"id": 4192785654, "name": "Flatstick Pub", "category": "pub", "tags": ["pub"], "sources": ["osm", "overture"], "website": "https://flatstickpub.com/south-lake-union/", "phone": "+12062584989", "address": "609 Westlake Ave N", "hours": "Su-Th 11:00-24:00; Fr-Sa 11:00-02:00"}, "geometry": {"type": "Point", "coordinates": [-122.338768, 47.6250152]}}, {"type": "Feature", "properties": {"id": 2108353384, "name": "Kathmandu MoMocha", "category": "restaurant", "tags": ["restaurant", "nepalese"], "sources": ["osm"], "address": "520 Terry Avenue North"}, "geometry": {"type": "Point", "coordinates": [-122.3369023, 47.6237702]}}, {"type": "Feature", "properties": {"id": "8fd22a5f-e326-492d-8ee1-bd547971bc89", "name": "Espresso Vivace", "category": "cafe", "tags": ["cafe", "coffee"], "sources": ["overture"], "website": "http://www.espressovivace.com/", "phone": "+12063885164", "address": "227 Yale Ave N", "stations": [{"stopCode": 49, "lines": "1,2", "name": "Capitol Hill Station", "walkingMeters": 1027, "walkingSeconds": 746, "band": 15}, {"stopCode": 50, "lines": "1,2", "name": "Westlake Station", "walkingMeters": 1211, "walkingSeconds": 874, "band": 15}]}, "geometry": {"type": "Point", "coordinates": [-122.3305435, 47.620182]}}, {"type": "Feature", "properties": {"id": 2268991394, "name": "Art Marble 21", "category": "bar", "tags": ["bar", "wheelchair-accessible", "brewery", "wifi", "restaurant", "american"], "sources": ["osm", "overture"], "website": "https://www.artmarble21.com/", "phone": "+12062595916", "address": "731 Westlake Ave N", "hours": "Mo,Tu 15:00-22:00; We,Th 15:00-23:59+; Fr 15:00-02:00, Sa 09:00-02:00, Su 09:00-22:00"}, "geometry": {"type": "Point", "coordinates": [-122.3394539, 47.6264312]}}, {"type": "Feature", "properties": {"id": 2312065981, "name": "Portage Bay Cafe", "category": "restaurant", "tags": ["restaurant", "regional", "outdoor-seating", "wheelchair-accessible", "wifi"], "sources": ["osm"], "website": "https://www.portagebaycafe.com", "phone": "+1-206-462-6400", "address": "391 Terry Avenue North", "hours": "Mo-Fr 08:00-13:00; Sa-Su 08:00-14:00", "stations": [{"stopCode": 50, "lines": "1,2", "name": "Westlake Station", "walkingMeters": 1290, "walkingSeconds": 930, "band": 15}]}, "geometry": {"type": "Point", "coordinates": [-122.3374338, 47.6218203]}}, {"type": "Feature", "properties": {"id": 2312083144, "name": "LOCAL Public Eatery", "category": "restaurant", "tags": ["restaurant", "american", "outdoor-seating", "wheelchair-accessible"], "sources": ["osm", "overture"], "website": "http://localterryave.com/", "phone": "+12062571888", "address": "404 Terry Ave N", "hours": "Th,Fr 11:00-01:00, Sa 10:00-01:00, Su 10:00-24:00, Su-Tu 11:00-24:00"}, "geometry": {"type": "Point", "coordinates": [-122.3369381, 47.6221919]}}, {"type": "Feature", "properties": {"id": 2312083153, "name": "Re:Public", "category": "restaurant", "tags": ["restaurant", "american", "has-bar", "brewery"], "sources": ["osm", "overture"], "website": "http://www.republicseattle.com/", "phone": "+12062229190", "address": "429 Westlake Ave N", "stations": [{"stopCode": 50, "lines": "1,2", "name": "Westlake Station", "walkingMeters": 1331, "walkingSeconds": 961, "band": 15}]}, "geometry": {"type": "Point", "coordinates": [-122.3386938, 47.6228842]}}, {"type": "Feature", "properties": {"id": 2312083182, "name": "Kakao", "category": "cafe", "tags": ["cafe", "chocolate", "coffee"], "sources": ["osm", "overture"], "website": "http://kakaoseattle.com/", "address": "415 Westlake Ave N", "stations": [{"stopCode": 50, "lines": "1,2", "name": "Westlake Station", "walkingMeters": 1295, "walkingSeconds": 934, "band": 15}]}, "geometry": {"type": "Point", "coordinates": [-122.3386578, 47.622554]}}, {"type": "Feature", "properties": {"id": 2312083197, "name": "Cactus - South Lake Union", "category": "restaurant", "tags": ["restaurant", "mexican", "wheelchair-accessible"], "sources": ["osm"], "website": "https://cactusrestaurants.com/location/south-lake-union/", "phone": "+1-206-913-2250", "address": "350 Terry Avenue North", "hours": "Mo-Fr 11:00-22:00; Sa,Su 10:00-22:00", "stations": [{"stopCode": 50, "lines": "1,2", "name": "Westlake Station", "walkingMeters": 1295, "walkingSeconds": 936, "band": 15}]}, "geometry": {"type": "Point", "coordinates": [-122.336935, 47.6217286]}}, {"type": "Feature", "properties": {"id": 2312244798, "name": "Petra Bistro", "category": "restaurant", "tags": ["restaurant", "mediterranean"], "sources": ["osm"], "website": "https://www.petrabistro.com/", "phone": "+1-206-556-2586", "address": "590 Terry Avenue North", "hours": "Mo-Fr 11:00-14:30"}, "geometry": {"type": "Point", "coordinates": [-122.336616, 47.6240592]}}, {"type": "Feature", "properties": {"id": 2316649029, "name": "Berliner Doner Kebab", "category": "fast_food", "tags": ["fast-food", "mediterranean"], "sources": ["osm"], "website": "http://victor607.wixsite.com/restaurant", "address": "428 Westlake Avenue North", "stations": [{"stopCode": 50, "lines": "1,2", "name": "Westlake Station", "walkingMeters": 1317, "walkingSeconds": 950, "band": 15}]}, "geometry": {"type": "Point", "coordinates": [-122.3382342, 47.6226639]}}, {"type": "Feature", "properties": {"id": 6231005987, "name": "Sizzle & Crunch", "category": "restaurant", "tags": ["restaurant", "vietnamese", "outdoor-seating", "takeaway"], "sources": ["osm"], "website": "https://sizzleandcrunch.com/", "address": "500 9th Avenue North"}, "geometry": {"type": "Point", "coordinates": [-122.3389197, 47.6239703]}}, {"type": "Feature", "properties": {"id": 2347953064, "name": "Food Junction", "category": "restaurant", "tags": ["restaurant", "indian", "street-food", "vegetarian", "indo-chinese"], "sources": ["osm", "overture"], "website": "http://Foodjunctionseattle.com/", "phone": "+12064135165", "address": "1165 Harrison St Unit A", "hours": "10:30-14:30; 15:30-21:00", "stations": [{"stopCode": 49, "lines": "1,2", "name": "Capitol Hill Station", "walkingMeters": 1399, "walkingSeconds": 1015, "band": 15}]}, "geometry": {"type": "Point", "coordinates": [-122.3334793, 47.6218807]}}, {"type": "Feature", "properties": {"id": 4613446300, "name": "Cherry Street Coffee House", "category": "cafe", "tags": ["cafe", "coffee-shop"], "sources": ["osm"], "address": "500 Fairview Avenue North"}, "geometry": {"type": "Point", "coordinates": [-122.3340524, 47.6232737]}}, {"type": "Feature", "properties": {"id": 2400030141, "name": "Plantiful Superfoods", "category": "restaurant", "tags": ["restaurant", "wheelchair-accessible", "vegetarian"], "sources": ["osm"], "website": "https://www.plantiful.us/", "phone": "+1-206-687-6269", "address": "340 Westlake Avenue North", "hours": "Mo-Su 10:00-20:00", "stations": [{"stopCode": 50, "lines": "1,2", "name": "Westlake Station", "walkingMeters": 1185, "walkingSeconds": 855, "band": 15}]}, "geometry": {"type": "Point", "coordinates": [-122.338192, 47.6214897]}}, {"type": "Feature", "properties": {"id": 2399978701, "name": "Sam's Tavern", "category": "restaurant", "tags": ["restaurant", "pub", "bar-and-grill"], "sources": ["osm", "overture"], "website": "http://samstavernseattle.com", "phone": "+12067086575", "address": "400 9th Ave N", "stations": [{"stopCode": 50, "lines": "1,2", "name": "Westlake Station", "walkingMeters": 1298, "walkingSeconds": 937, "band": 15}]}, "geometry": {"type": "Point", "coordinates": [-122.3393449, 47.6221812]}}, {"type": "Feature", "properties": {"id": 2399978745, "name": "Vitality Bowls", "category": "fast_food", "tags": ["fast-food", "acai"], "sources": ["osm"], "website": "https://vitalitybowls.com/locations/seattle/", "phone": "+1-206-257-1758", "address": "429 Fairview Avenue North", "hours": "Mo-Fr 08:00-20:00; Sa-Su 09:00-18:00"}, "geometry": {"type": "Point", "coordinates": [-122.334573, 47.6230436]}}, {"type": "Feature", "properties": {"id": 2400039482, "name": "Seeking Kombucha", "category": "cafe", "tags": ["cafe", "juice", "bar"], "sources": ["osm", "overture"], "website": "http://www.seekingferments.com", "address": "1091 Thomas St  Ste A", "stations": [{"stopCode": 50, "lines": "1,2", "name": "Westlake Station", "walkingMeters": 1202, "walkingSeconds": 866, "band": 15}]}, "geometry": {"type": "Point", "coordinates": [-122.3361264, 47.6206528]}}, {"type": "Feature", "properties": {"id": "0ce01644-1cfc-4ba1-bc9e-9d098c94e715", "name": "Veggie Grill", "category": "restaurant", "tags": ["restaurant", "vegan", "vegetarian"], "sources": ["overture"], "website": "https://www.veggiegrill.com/", "phone": "2066230336", "address": "446 Terry Ave N"}, "geometry": {"type": "Point", "coordinates": [-122.3368988, 47.6230164]}}, {"type": "Feature", "properties": {"id": 5267648595, "name": "Ba Bar", "category": "restaurant", "tags": ["restaurant", "vietnamese", "wheelchair-accessible"], "sources": ["osm"], "website": "https://babarseattle.com/south-lake-union/", "address": "500 Terry Avenue North"}, "geometry": {"type": "Point", "coordinates": [-122.3368824, 47.623384]}}, {"type": "Feature", "properties": {"id": 3006165200, "name": "Flight Club", "category": "restaurant", "tags": ["restaurant", "sports-centre", "darts", "has-bar"], "sources": ["osm"], "website": "https://flightclubdartsusa.com/seattle", "address": "950 Thomas Street", "stations": [{"stopCode": 50, "lines": "1,2", "name": "Westlake Station", "walkingMeters": 1144, "walkingSeconds": 825, "band": 15}]}, "geometry": {"type": "Point", "coordinates": [-122.3380652, 47.6210216]}}, {"type": "Feature", "properties": {"id": 3336907019, "name": "Flair Taco", "category": "restaurant", "tags": ["restaurant", "mexican", "has-bar"], "sources": ["osm"], "website": "https://flairtaco.com", "phone": "+1 206-402-5770", "address": "1256 Republican Street", "hours": "Mo-Sa 11:30+; Su 11:30-21:30"}, "geometry": {"type": "Point", "coordinates": [-122.3316105, 47.6232572]}}, {"type": "Feature", "properties": {"id": 3994579957, "name": "Buca di Beppo", "category": "restaurant", "tags": ["restaurant", "italian", "indoor-seating", "pizza"], "sources": ["osm", "overture"], "website": "https://dineatbuca.com/locations/seattle/?utm_campaign=local&utm_source=gbp&utm_medium=organic&utm_content=seattle", "phone": "+12062442288", "address": "701 Westlake Ave N", "hours": "Mo-Th 11:00-22:00; Fr,Sa 11:00-23:00; Su 11:00-21:00"}, "geometry": {"type": "Point", "coordinates": [-122.3389449, 47.6258467]}}, {"type": "Feature", "properties": {"id": 4170556666, "name": "Caf\u00e9 an' Clair", "category": "cafe", "tags": ["cafe"], "sources": ["osm"], "address": "826 Thomas Street", "hours": "Mo-Fr 07:30-14:00", "stations": [{"stopCode": 50, "lines": "1,2", "name": "Westlake Station", "walkingMeters": 1214, "walkingSeconds": 875, "band": 15}]}, "geometry": {"type": "Point", "coordinates": [-122.3399863, 47.6211378]}}, {"type": "Feature", "properties": {"id": 4372893717, "name": "Espresso Vivace - Alley 24", "category": "cafe", "tags": ["cafe", "coffee-shop", "outdoor-seating", "indoor-seating", "wheelchair-accessible", "wifi"], "sources": ["osm"], "website": "https://www.espressovivace.com/", "phone": "+1-206-388-5164", "address": "227 Yale Avenue North", "hours": "Mo-Fr 07:00-15:00; Sa,Su 08:00-17:00", "stations": [{"stopCode": 49, "lines": "1,2", "name": "Capitol Hill Station", "walkingMeters": 1018, "walkingSeconds": 740, "band": 15}, {"stopCode": 50, "lines": "1,2", "name": "Westlake Station", "walkingMeters": 1203, "walkingSeconds": 868, "band": 15}]}, "geometry": {"type": "Point", "coordinates": [-122.330607, 47.62011]}}, {"type": "Feature", "properties": {"id": 4505704889, "name": "Gourmondo at Mohai", "category": "cafe", "tags": ["cafe", "american", "sandwich", "outdoor-seating", "indoor-seating"], "sources": ["osm"], "website": "https://mohai.org/", "phone": "+1-206-324-1126", "hours": "Mo-Su 10:00-17:00"}, "geometry": {"type": "Point", "coordinates": [-122.336745, 47.6277197]}}, {"type": "Feature", "properties": {"id": "8a959c2e-f0e5-4909-8f41-8f41f0560172", "name": "Gourmondo At Mohai", "category": "cafe", "tags": ["cafe"], "sources": ["overture"], "website": "https://www.mohai.org", "phone": "12063241126", "address": "860 Terry Ave N"}, "geometry": {"type": "Point", "coordinates": [-122.3365479, 47.626358]}}, {"type": "Feature", "properties": {"id": 4613446301, "name": "Meat & Bread", "category": "fast_food", "tags": ["fast-food", "sandwich", "takeaway"], "sources": ["osm"], "website": "http://meatandbread.ca/south-lake-union/", "address": "400 Fairview Avenue North", "hours": "Mo-Fr 11:00-17:00"}, "geometry": {"type": "Point", "coordinates": [-122.3340458, 47.6228993]}}, {"type": "Feature", "properties": {"id": 4817363141, "name": "Bar Harbor", "category": "restaurant", "tags": ["restaurant", "american", "seafood", "bar"], "sources": ["osm", "overture"], "website": "https://www.barharborbar.com/", "phone": "+12066599522", "address": "400 Fairview Ave N #105", "hours": "Mo-Sa 11:30-21:00; Su 11:30-20:00"}, "geometry": {"type": "Point", "coordinates": [-122.3341067, 47.6225363]}}, {"type": "Feature", "properties": {"id": 4817363142, "name": "Juicy Cafe", "category": "cafe", "tags": ["cafe", "juice", "takeaway", "wheelchair-accessible"], "sources": ["osm"], "website": "https://thejuicycafe.com/", "phone": "+1-206-682-2177", "address": "400 Fairview Avenue North", "hours": "Mo-Fr 07:00-16:00"}, "geometry": {"type": "Point", "coordinates": [-122.3338727, 47.6229119]}}, {"type": "Feature", "properties": {"id": 4817363151, "name": "Meat Moot", "category": "restaurant", "tags": ["restaurant", "turkish", "wheelchair-accessible"], "sources": ["osm"], "address": "400 Fairview Avenue North"}, "geometry": {"type": "Point", "coordinates": [-122.3340538, 47.6229871]}}, {"type": "Feature", "properties": {"id": "fb61b9f5-e618-4017-b522-ff98f831e3a8", "name": "Capital One Caf\u00e9", "category": "cafe", "tags": ["cafe"], "sources": ["overture"], "website": "https://locations.capitalone.com/atm/ca/Seattle-South-Lake-Union-cafe-65160", "phone": "+12067011335", "address": "333 Westlake Ave N", "stations": [{"stopCode": 50, "lines": "1,2", "name": "Westlake Station", "walkingMeters": 1500, "walkingSeconds": 1119, "band": 15}]}, "geometry": {"type": "Point", "coordinates": [-122.3386993, 47.6218605]}}, {"type": "Feature", "properties": {"id": 5080055924, "name": "Maria Sabina", "category": "restaurant", "tags": ["restaurant", "mexican"], "sources": ["osm"], "address": "711 Westlake Avenue North"}, "geometry": {"type": "Point", "coordinates": [-122.3391062, 47.6260615]}}, {"type": "Feature", "properties": {"id": 5080134329, "name": "The White Swan Public House", "category": "restaurant", "tags": ["restaurant", "seafood", "outdoor-seating", "pub"], "sources": ["osm", "overture"], "website": "http://whiteswanpublichouse.com/", "phone": "+12065882680", "address": "1001 Fairview Ave N"}, "geometry": {"type": "Point", "coordinates": [-122.3317974, 47.629117]}}, {"type": "Feature", "properties": {"id": 5080617921, "name": "Sprout", "category": "cafe", "tags": ["cafe", "salad", "takeaway"], "sources": ["osm"], "address": "501 Fairview Avenue North", "hours": "Mo-Sa 10:00-18:00"}, "geometry": {"type": "Point", "coordinates": [-122.3345835, 47.6235412]}}, {"type": "Feature", "properties": {"id": 5217237823, "name": "Mi Plus", "category": "cafe", "tags": ["cafe", "deli"], "sources": ["osm"], "stations": [{"stopCode": 50, "lines": "1,2", "name": "Westlake Station", "walkingMeters": 1132, "walkingSeconds": 817, "band": 15}]}, "geometry": {"type": "Point", "coordinates": [-122.3387199, 47.6210974]}}, {"type": "Feature", "properties": {"id": 5478759536, "name": "Paju", "category": "restaurant", "tags": ["restaurant", "korean", "asian"], "sources": ["osm", "overture"], "website": "https://www.pajurestaurant.com/", "phone": "+12068298215", "address": "513 Westlake Ave N"}, "geometry": {"type": "Point", "coordinates": [-122.3386645, 47.6241961]}}, {"type": "Feature", "properties": {"id": 5680947222, "name": "Jack\u2019s BBQ", "category": "restaurant", "tags": ["restaurant", "barbecue", "american"], "sources": ["osm", "overture"], "website": "https://jackschickenshackseattle.com", "phone": "+12067087642", "address": "228 9th Ave N", "hours": "Mo-Th 07:00-10:00,11:00-21:00; Fr 07:00-10:00,11:00-22:00; Sa 11:00-22:00; Su 11:00-21:00", "stations": [{"stopCode": 50, "lines": "1,2", "name": "Westlake Station", "walkingMeters": 1124, "walkingSeconds": 811, "band": 15}]}, "geometry": {"type": "Point", "coordinates": [-122.3396163, 47.6204545]}}, {"type": "Feature", "properties": {"id": 5762228253, "name": "Birch", "category": "restaurant", "tags": ["restaurant", "regional"], "sources": ["osm"]}, "geometry": {"type": "Point", "coordinates": [-122.3316845, 47.6290892]}}, {"type": "Feature", "properties": {"id": 5782112753, "name": "The 100 Pound Clam", "category": "restaurant", "tags": ["restaurant", "seafood", "american"], "sources": ["osm", "overture"], "website": "http://100poundclam.com/", "phone": "+12064535067", "address": "1001 Fairview Ave N"}, "geometry": {"type": "Point", "coordinates": [-122.3316779, 47.6289239]}}, {"type": "Feature", "properties": {"id": 6309416486, "name": "Lassi and Spice", "category": "cafe", "tags": ["cafe", "indian"], "sources": ["osm"], "address": "423 Fairview Avenue North"}, "geometry": {"type": "Point", "coordinates": [-122.3345321, 47.6229167]}}, {"type": "Feature", "properties": {"id": 6426577486, "name": "Thomas Street Warehouse", "category": "pub", "tags": ["pub", "wheelchair-accessible", "bar", "american"], "sources": ["osm", "overture"], "website": "https://qrco.de/bbYpD8", "phone": "+12064533400", "address": "915 Thomas St", "stations": [{"stopCode": 50, "lines": "1,2", "name": "Westlake Station", "walkingMeters": 1143, "walkingSeconds": 825, "band": 15}]}, "geometry": {"type": "Point", "coordinates": [-122.339237, 47.6207496]}}, {"type": "Feature", "properties": {"id": 6740618385, "name": "Associated Vintners Tasting Room & Wine Bar", "category": "bar", "tags": ["bar"], "sources": ["osm"], "address": "400 Fairview Avenue North"}, "geometry": {"type": "Point", "coordinates": [-122.3339593, 47.6229056]}}, {"type": "Feature", "properties": {"id": 7213066310, "name": "Urban Gyro", "category": "cafe", "tags": ["cafe", "mediterranean", "halal", "restaurant", "sandwich", "middle-eastern"], "sources": ["osm", "overture"], "website": "http://seattlegyro.com", "phone": "+12064662472", "address": "230 Fairview Ave N", "hours": "Mo-Fr 11:00-20:30", "stations": [{"stopCode": 50, "lines": "1,2", "name": "Westlake Station", "walkingMeters": 1160, "walkingSeconds": 836, "band": 15}, {"stopCode": 49, "lines": "1,2", "name": "Capitol Hill Station", "walkingMeters": 1308, "walkingSeconds": 950, "band": 15}]}, "geometry": {"type": "Point", "coordinates": [-122.3340599, 47.6205014]}}, {"type": "Feature", "properties": {"id": 7233503039, "name": "Caf\u00e9 Hagen", "category": "cafe", "tags": ["cafe", "coffee-shop", "scandinavian", "outdoor-seating", "indoor-seating", "coffee", "breakfast-and-brunch"], "sources": ["osm", "overture"], "website": "http://www.cafehagen.com/", "phone": "+12069132847", "address": "1252 Thomas St", "hours": "Mo-We 07:00-16:00; Th-Fr 07:00-18:00; Sa,Su 08:00-18:00", "stations": [{"stopCode": 49, "lines": "1,2", "name": "Capitol Hill Station", "walkingMeters": 1174, "walkingSeconds": 851, "band": 15}]}, "geometry": {"type": "Point", "coordinates": [-122.3314322, 47.6209994]}}, {"type": "Feature", "properties": {"id": 9009011574, "name": "Tapster", "category": "pub", "tags": ["pub", "bar", "beer"], "sources": ["osm", "overture"], "website": "https://www.tapstertastingroom.com/location/seattle/&cachebuster=1626278112", "phone": "+12062571857", "address": "1011 Valley St", "hours": "Mo-Th 15:00-22:00; Fr 15:00-24:00; Sa 12:00-24:00; Su 12:00-22:00"}, "geometry": {"type": "Point", "coordinates": [-122.3366232, 47.6255812]}}, {"type": "Feature", "properties": {"id": 9660956428, "name": "Caff\u00e8 Torino", "category": "cafe", "tags": ["cafe", "coffee-shop", "coffee"], "sources": ["osm", "overture"], "website": "http://www.caffetorinoseattle.com", "phone": "(206) 682-2099", "address": "422 Yale Ave N", "stations": [{"stopCode": 49, "lines": "1,2", "name": "Capitol Hill Station", "walkingMeters": 1265, "walkingSeconds": 917, "band": 15}]}, "geometry": {"type": "Point", "coordinates": [-122.3301699, 47.6223223]}}, {"type": "Feature", "properties": {"id": 9932422526, "name": "La Palmera", "category": "restaurant", "tags": ["restaurant", "mexican", "latin-american", "taco"], "sources": ["osm", "overture"], "website": "http://lapalmerafamilyrestaurantseattle.favorite-cafes.com", "phone": "+12064534403", "address": "901 Mercer St"}, "geometry": {"type": "Point", "coordinates": [-122.3395327, 47.6241812]}}, {"type": "Feature", "properties": {"id": 10196087319, "name": "Ba Bar Green", "category": "restaurant", "tags": ["restaurant", "asian", "outdoor-seating", "vegetarian", "vegan"], "sources": ["osm", "overture"], "website": "https://babargreen.com/", "phone": "+12065822131", "address": "500 Terry Ave N"}, "geometry": {"type": "Point", "coordinates": [-122.3368101, 47.6233321]}}, {"type": "Feature", "properties": {"id": 10891883062, "name": "203\u00baF Coffee Company", "category": "cafe", "tags": ["cafe", "dog-friendly"], "sources": ["osm"], "address": "610 Terry Avenue North"}, "geometry": {"type": "Point", "coordinates": [-122.3368499, 47.6251297]}}, {"type": "Feature", "properties": {"id": 10964281724, "name": "Mala & Satay", "category": "restaurant", "tags": ["restaurant", "vietnamese", "outdoor-seating", "takeaway"], "sources": ["osm", "overture"], "website": "http://malasatayseattle.com", "phone": "(206) 466-2013", "address": "224 Fairview Ave N", "stations": [{"stopCode": 50, "lines": "1,2", "name": "Westlake Station", "walkingMeters": 1141, "walkingSeconds": 823, "band": 15}, {"stopCode": 49, "lines": "1,2", "name": "Capitol Hill Station", "walkingMeters": 1289, "walkingSeconds": 936, "band": 15}]}, "geometry": {"type": "Point", "coordinates": [-122.333978, 47.620331]}}, {"type": "Feature", "properties": {"id": "38687099-5f01-4a3c-8d1f-800f351bc052", "name": "Sizzle and Crunch", "category": "restaurant", "tags": ["restaurant", "vietnamese", "asian"], "sources": ["overture"], "website": "http://sizzleandcrunch.com", "phone": "+18775851085", "address": "500 9th Ave N"}, "geometry": {"type": "Point", "coordinates": [-122.339447, 47.6239433]}}, {"type": "Feature", "properties": {"id": 11736135337, "name": "Otium", "category": "restaurant", "tags": ["restaurant"], "sources": ["osm"], "stations": [{"stopCode": 50, "lines": "1,2", "name": "Westlake Station", "walkingMeters": 1242, "walkingSeconds": 897, "band": 15}]}, "geometry": {"type": "Point", "coordinates": [-122.3369743, 47.6212464]}}, {"type": "Feature", "properties": {"id": 12342366677, "name": "Evoke Cafe Bar", "category": "cafe", "tags": ["cafe", "breakfast", "coffee-shop", "bagel", "sandwich", "wifi", "coffee"], "sources": ["osm", "overture"], "website": "http://evokeespresso.com/", "phone": "+12064149663", "address": "234 9th Ave N", "hours": "Mo-Su 08:00-16:00", "stations": [{"stopCode": 50, "lines": "1,2", "name": "Westlake Station", "walkingMeters": 1126, "walkingSeconds": 813, "band": 15}]}, "geometry": {"type": "Point", "coordinates": [-122.3395958, 47.6204818]}}, {"type": "Feature", "properties": {"id": 12919662055, "name": "Drift Yoga + Juice Bar", "category": "bar", "tags": ["bar", "yoga", "fitness-centre"], "sources": ["osm"], "website": "https://www.driftyogajuicebar.com", "phone": "+1-206-618-3928", "address": "1251 Harrison Street", "stations": [{"stopCode": 49, "lines": "1,2", "name": "Capitol Hill Station", "walkingMeters": 1288, "walkingSeconds": 934, "band": 15}]}, "geometry": {"type": "Point", "coordinates": [-122.3314594, 47.6218152]}}, {"type": "Feature", "properties": {"id": 13227004617, "name": "Bleuwiches", "category": "fast_food", "tags": ["fast-food", "sandwich", "delivery", "restaurant"], "sources": ["osm", "overture"], "website": "https://www.wichsoup.com/", "phone": "+12063279590", "address": "400 Fairview Ave N Suit 109", "hours": "Mo-Fr 09:00-19:00; Sa 10:00-15:00; Su closed"}, "geometry": {"type": "Point", "coordinates": [-122.3341067, 47.6227472]}}, {"type": "Feature", "properties": {"id": 13227004618, "name": "Mikan Bento", "category": "restaurant", "tags": ["restaurant", "sushi"], "sources": ["osm"], "website": "https://mikanbento.com/", "phone": "+1-206-499-6438", "address": "400 Fairview Avenue North", "hours": "Mo-Fr 11:00-20:00; Sa 11:00-19:30; Su closed"}, "geometry": {"type": "Point", "coordinates": [-122.3341067, 47.6226769]}}, {"type": "Feature", "properties": {"id": 13227004619, "name": "Pizza by Ruffin", "category": "fast_food", "tags": ["fast-food", "pizza", "restaurant", "italian"], "sources": ["osm", "overture"], "website": "http://www.pizzabyruffin.com/", "address": "400 Fairview Ave N", "hours": "Mo-Fr 11:00-16:00; Sa,Su closed"}, "geometry": {"type": "Point", "coordinates": [-122.3341067, 47.6226066]}}, {"type": "Feature", "properties": {"id": 13227004620, "name": "DD's House", "category": "cafe", "tags": ["cafe", "juice"], "sources": ["osm"], "address": "400 Fairview Avenue North"}, "geometry": {"type": "Point", "coordinates": [-122.3341067, 47.6223958]}}, {"type": "Feature", "properties": {"id": "6c9c31a6-89e9-4802-9e30-8b46434df22e", "name": "Duke's Seafood", "category": "restaurant", "tags": ["restaurant", "seafood", "american"], "sources": ["overture"], "website": "https://www.dukesseafood.com/locations/lake-union/", "phone": "+12063829963", "address": "1111 Fairview Ave N"}, "geometry": {"type": "Point", "coordinates": [-122.3304825, 47.6296844]}}, {"type": "Feature", "properties": {"id": 217604401, "name": "Duke\u2019s Seafood & Chowder", "category": "restaurant", "tags": ["restaurant", "seafood"], "sources": ["osm"], "address": "1111 Fairview Avenue North", "hours": "11:00-23:30"}, "geometry": {"type": "Point", "coordinates": [-122.3303973, 47.6298512]}}, {"type": "Feature", "properties": {"id": 328666448, "name": "El Grito Taqueria", "category": "restaurant", "tags": ["restaurant", "mexican", "taco", "latin-american"], "sources": ["osm", "overture"], "website": "http://elgritoseattle.com/", "phone": "+12066594552", "address": "234 Fairview Ave N", "stations": [{"stopCode": 50, "lines": "1,2", "name": "Westlake Station", "walkingMeters": 1201, "walkingSeconds": 866, "band": 15}, {"stopCode": 49, "lines": "1,2", "name": "Capitol Hill Station", "walkingMeters": 1319, "walkingSeconds": 958, "band": 15}]}, "geometry": {"type": "Point", "coordinates": [-122.333986, 47.6206954]}}, {"type": "Feature", "properties": {"id": "24228bd3-04de-4b21-84f5-21ce7c41d5c6", "name": "Sam Choy\u2019s Poke To The Max", "category": "fast_food", "tags": ["fast-food", "food", "truck"], "sources": ["overture"], "website": "http://samchoyspoke.com", "stations": [{"stopCode": 50, "lines": "1,2", "name": "Westlake Station", "walkingMeters": 1319, "walkingSeconds": 952, "band": 15}]}, "geometry": {"type": "Point", "coordinates": [-122.338974, 47.6224785]}}, {"type": "Feature", "properties": {"id": "413b9f40-0e55-4159-99aa-80476e0d0d36", "name": "McCormick & Schmick's Harborside", "category": "restaurant", "tags": ["restaurant", "seafood"], "sources": ["overture"], "website": "http://www.mccormickandschmicks.com/", "phone": "2062709052", "address": "1200 Westlake Ave N"}, "geometry": {"type": "Point", "coordinates": [-122.3396072, 47.6298523]}}, {"type": "Feature", "properties": {"id": "923f519d-6f92-4420-ba32-81037742a3dd", "name": "Compass Caf\u00e9", "category": "cafe", "tags": ["cafe"], "sources": ["overture"], "website": "http://www.mohai.org/visit-us/compass-cafe", "phone": "(206) 324-1126", "address": "860 Terry Ave N"}, "geometry": {"type": "Point", "coordinates": [-122.3366852, 47.6276283]}}, {"type": "Feature", "properties": {"id": "9e466f8a-e6d2-4576-9510-3dc15631a15b", "name": "The Cove", "category": "bar", "tags": ["bar"], "sources": ["overture"], "website": "https://www.thecoveseattle.com/", "phone": "+12063334413", "address": "901 Fairview Ave N"}, "geometry": {"type": "Point", "coordinates": [-122.3339996, 47.627739]}}, {"type": "Feature", "properties": {"id": "11c4a885-a91c-4541-a07c-b8b6785aa51a", "name": "Chandler's Crabhouse", "category": "restaurant", "tags": ["restaurant", "live-and-raw-food", "live", "raw", "food", "seafood"], "sources": ["overture"], "website": "http://www.schwartzbros.com/", "phone": "2062232722", "address": "901 Fairview Ave N Ste B100"}, "geometry": {"type": "Point", "coordinates": [-122.332962, 47.62714]}}, {"type": "Feature", "properties": {"id": "3b618bb0-84f5-42cc-909a-73cfa0cdc6fd", "name": "Olympic Yacht Club", "category": "bar", "tags": ["bar", "dive"], "sources": ["overture"], "website": "http://www.oycnw.com", "phone": "(206) 292-1414", "address": "1122 E Pike St"}, "geometry": {"type": "Point", "coordinates": [-122.3332596, 47.6278763]}}, {"type": "Feature", "properties": {"id": "c08b2f6a-4bae-480d-9557-e936f0a57596", "name": "JOEY Lake Union", "category": "restaurant", "tags": ["restaurant", "american"], "sources": ["overture"], "website": "http://www.joeyrestaurants.com", "address": "901 Fairview Ave N #A200"}, "geometry": {"type": "Point", "coordinates": [-122.3332062, 47.6278267]}}, {"type": "Feature", "properties": {"id": "5725500e-999b-4dd6-8246-6cdf915ce8f9", "name": "The Big Country", "category": "bar", "tags": ["bar"], "sources": ["overture"], "website": "http://www.thebigcountrysaloon.com", "phone": "(206) 588-1229", "address": "1001 Fairview Ave N"}, "geometry": {"type": "Point", "coordinates": [-122.3319473, 47.6284904]}}, {"type": "Feature", "properties": {"id": "ba5da78f-8f4f-40a6-8b10-09b50b2525cf", "name": "I Love Sushi on Lake Union", "category": "restaurant", "tags": ["restaurant", "sushi", "japanese", "asian"], "sources": ["overture"], "website": "http://www.ilovesushiseattle.com/", "phone": "+12066259604", "address": "1001 Fairview Ave N"}, "geometry": {"type": "Point", "coordinates": [-122.3316269, 47.6289139]}}, {"type": "Feature", "properties": {"id": "2e1f1e04-1311-4b17-bb0e-da02ce730ac3", "name": "1Hundred Bistro & Bar", "category": "bar", "tags": ["bar", "cocktail"], "sources": ["overture"], "website": "http://www.1hundredbistro.com", "phone": "(206) 402-6364", "address": "1001 Fairview Ave N"}, "geometry": {"type": "Point", "coordinates": [-122.3317108, 47.628437]}}, {"type": "Feature", "properties": {"id": "95c9f45d-afc9-4d9e-bf8d-1712cfde3c56", "name": "Daily Grind", "category": "cafe", "tags": ["cafe", "coffee"], "sources": ["overture"], "website": "https://www.fredhutch.org/en/about/contact-us.html", "phone": "(206) 288-1000", "address": "823 Yale Ave N"}, "geometry": {"type": "Point", "coordinates": [-122.3314438, 47.6262131]}}, {"type": "Feature", "properties": {"id": "55990f83-6a43-47dc-a2c1-67f605f30f46", "name": "Seattle Protech", "category": "restaurant", "tags": ["restaurant"], "sources": ["overture"], "website": "https://seattleprotech.com", "phone": "+12064146789", "address": "500 Yale Ave N Fl 1", "stations": [{"stopCode": 49, "lines": "1,2", "name": "Capitol Hill Station", "walkingMeters": 1155, "walkingSeconds": 862, "band": 15}]}, "geometry": {"type": "Point", "coordinates": [-122.3303223, 47.6232147]}}, {"type": "Feature", "properties": {"id": "a4baada4-bf72-4562-8f10-9add6464b086", "name": "Titus Advisory And Consulting, Llc", "category": "restaurant", "tags": ["restaurant"], "sources": ["overture"], "address": "500 Yale Ave N", "stations": [{"stopCode": 49, "lines": "1,2", "name": "Capitol Hill Station", "walkingMeters": 1155, "walkingSeconds": 862, "band": 15}]}, "geometry": {"type": "Point", "coordinates": [-122.3303223, 47.6232147]}}, {"type": "Feature", "properties": {"id": "09171416-0a34-4b8d-89b7-76953ea6e129", "name": "Latecoere International Inc", "category": "restaurant", "tags": ["restaurant"], "sources": ["overture"], "address": "500 Yale Ave N # 167", "stations": [{"stopCode": 49, "lines": "1,2", "name": "Capitol Hill Station", "walkingMeters": 1155, "walkingSeconds": 862, "band": 15}]}, "geometry": {"type": "Point", "coordinates": [-122.3303223, 47.6232147]}}, {"type": "Feature", "properties": {"id": "f0b643bc-eb1a-43d0-b65b-268ab978d387", "name": "Day One Consulting Llc", "category": "restaurant", "tags": ["restaurant"], "sources": ["overture"], "address": "500 Yale Ave N Ofc 281", "stations": [{"stopCode": 49, "lines": "1,2", "name": "Capitol Hill Station", "walkingMeters": 1155, "walkingSeconds": 862, "band": 15}]}, "geometry": {"type": "Point", "coordinates": [-122.3303223, 47.6232147]}}, {"type": "Feature", "properties": {"id": "0303e4ef-16f2-4e7d-90db-49dad46777e8", "name": "PlayDate SEA", "category": "cafe", "tags": ["cafe"], "sources": ["overture"], "website": "http://www.playdatesea.com/", "phone": "+12066237529", "address": "1275 Mercer St"}, "geometry": {"type": "Point", "coordinates": [-122.3306503, 47.6236267]}}, {"type": "Feature", "properties": {"id": "0f3cb549-52d5-4cd4-bb1b-8062da210ebf", "name": "Flair Taco Taqueria", "category": "restaurant", "tags": ["restaurant", "mexican", "taco"], "sources": ["overture"], "website": "https://flairtaco.com/", "phone": "+12064025770", "address": "1256 Republican St"}, "geometry": {"type": "Point", "coordinates": [-122.3315201, 47.6233101]}}, {"type": "Feature", "properties": {"id": "89c56218-f1d1-4f64-951f-606c1a3a5093", "name": "Teinei", "category": "restaurant", "tags": ["restaurant", "japanese"], "sources": ["overture"], "website": "https://teinei-seattle.com", "phone": "(206) 420-4500", "address": "1256 Republican St"}, "geometry": {"type": "Point", "coordinates": [-122.331398, 47.6232567]}}, {"type": "Feature", "properties": {"id": "636b0fd8-6bb2-42ae-9c9a-067b93d69441", "name": "Row House Cafe", "category": "restaurant", "tags": ["restaurant", "american"], "sources": ["overture"], "website": "http://www.rowhousecafe.com", "phone": "(206) 682-7632", "address": "1170 Republican St"}, "geometry": {"type": "Point", "coordinates": [-122.3335342, 47.6231499]}}, {"type": "Feature", "properties": {"id": "e1cfd444-e6bd-4b19-b3cf-afcdeb3ad229", "name": "Kaosamai Thai Food Truck", "category": "restaurant", "tags": ["restaurant", "thai"], "sources": ["overture"], "website": "https://www.clover.com", "address": "551 Boren Ave N"}, "geometry": {"type": "Point", "coordinates": [-122.3362122, 47.6241226]}}, {"type": "Feature", "properties": {"id": "4779afe2-21f6-4c81-892e-ce2d8f703253", "name": "Victrola Coffee Roasters (Amazon Campus)", "category": "cafe", "tags": ["cafe"], "sources": ["overture"], "website": "http://victrolacoffee.com", "phone": "(206) 860-7767", "address": "500 Boren Ave N"}, "geometry": {"type": "Point", "coordinates": [-122.3355408, 47.6238594]}}, {"type": "Feature", "properties": {"id": "3f5bb329-7171-49ae-8bc5-10597252b207", "name": "Cork & Kale Seattle", "category": "restaurant", "tags": ["restaurant"], "sources": ["overture"], "website": "https://www.ihg.com", "phone": "2065962302", "address": "527 Fairview Ave N"}, "geometry": {"type": "Point", "coordinates": [-122.3348389, 47.6240196]}}, {"type": "Feature", "properties": {"id": "d77a8b34-0b7f-4e0a-a038-2806428e68de", "name": "The Lodge Sports Grille", "category": "bar", "tags": ["bar"], "sources": ["overture"], "website": "https://thelodgesportsgrille.com", "phone": "2064023046", "address": "501 Fairview Ave N"}, "geometry": {"type": "Point", "coordinates": [-122.3348236, 47.6233673]}}, {"type": "Feature", "properties": {"id": "d1b5726a-78de-4563-864f-786f85555bcb", "name": "Roti Cuisine of India", "category": "restaurant", "tags": ["restaurant", "indian"], "sources": ["overture"], "website": "http://www.rotirestaurantseattle.com/", "phone": "+12067853618", "address": "501 Fairview Ave N Suite 121"}, "geometry": {"type": "Point", "coordinates": [-122.3349457, 47.6233673]}}, {"type": "Feature", "properties": {"id": "6f934a0f-5b45-4c32-887c-75ede65cda47", "name": "Cherry Street Coffee", "category": "cafe", "tags": ["cafe", "coffee"], "sources": ["overture"], "website": "https://www.cherryst.com", "phone": "(206) 388-1098", "address": "500 Fairview Ave N"}, "geometry": {"type": "Point", "coordinates": [-122.3340454, 47.6234055]}}, {"type": "Feature", "properties": {"id": "f1eb44a6-2971-4188-b246-083fcff597ab", "name": "Local Coffee Spot", "category": "cafe", "tags": ["cafe", "coffee"], "sources": ["overture"], "website": "http://www.visitseattle.org/neighborhoods/south-lake-union", "phone": "(206) 388-1098", "address": "500 Fairview Ave N"}, "geometry": {"type": "Point", "coordinates": [-122.3340454, 47.6234055]}}, {"type": "Feature", "properties": {"id": "88ca8310-5c0c-4f80-ad13-032db327ca35", "name": "Meat Moot Seattle", "category": "restaurant", "tags": ["restaurant", "steakhouse", "barbecue"], "sources": ["overture"], "website": "https://meatmoot.com.tr/", "phone": "+12062610661", "address": "400 Fairview Ave N"}, "geometry": {"type": "Point", "coordinates": [-122.3340149, 47.6228981]}}, {"type": "Feature", "properties": {"id": "1e2fb172-5868-4b42-a3c8-998537e8afe3", "name": "Lassi & Spice", "category": "restaurant", "tags": ["restaurant", "indian"], "sources": ["overture"], "website": "https://www.lassiandspice.com", "phone": "+12064031632", "address": "423 Fairview Ave N"}, "geometry": {"type": "Point", "coordinates": [-122.3346024, 47.6228867]}}, {"type": "Feature", "properties": {"id": "a32389c6-9028-498c-b869-8be7d5ba3ea5", "name": "Tuk Tuk Mobile Feast", "category": "restaurant", "tags": ["restaurant", "laotian"], "sources": ["overture"], "website": "http://www.tuktukmobilefeast.com", "phone": "14257701209", "address": "424 Boren Ave N"}, "geometry": {"type": "Point", "coordinates": [-122.3354645, 47.6229362]}}, {"type": "Feature", "properties": {"id": "f44ee5a7-be59-40d6-b7ab-741de1187de8", "name": "Falafel Salam", "category": "fast_food", "tags": ["fast-food", "food", "truck"], "sources": ["overture"], "website": "http://falafelsalam.com", "phone": "(206) 303-7076"}, "geometry": {"type": "Point", "coordinates": [-122.3358154, 47.6234512]}}, {"type": "Feature", "properties": {"id": "b1d4a4f6-1596-4242-9dfc-ef2368d439b2", "name": "Shanik", "category": "restaurant", "tags": ["restaurant"], "sources": ["overture"], "website": "http://shanikrestaurant.com", "phone": "2064866884", "address": "500 Terry Ave N"}, "geometry": {"type": "Point", "coordinates": [-122.3367538, 47.623539]}}, {"type": "Feature", "properties": {"id": "2db59f37-7006-46a4-ac51-5f0a70abecc9", "name": "Peet's Coffee and Tea", "category": "cafe", "tags": ["cafe", "coffee"], "sources": ["overture"], "website": "http://www.peets.com", "phone": "+14153622052", "address": "333 Westlake Ave N"}, "geometry": {"type": "Point", "coordinates": [-122.3367767, 47.6236916]}}, {"type": "Feature", "properties": {"id": "cf4b2403-f3ba-45fb-bc2e-32b409ed9ac2", "name": "Specialty's Cafe & Bakery", "category": "cafe", "tags": ["cafe"], "sources": ["overture"], "website": "http://www.specialtys.com/", "phone": "8775022837", "address": "520 Terry Ave N"}, "geometry": {"type": "Point", "coordinates": [-122.3371811, 47.6236916]}}, {"type": "Feature", "properties": {"id": "2b58b4ba-d24e-4f6f-b869-953f0e4de2e6", "name": "Ba Bar South Lake Union", "category": "bar", "tags": ["bar", "bar-and-grill"], "sources": ["overture"], "website": "http://www.babarseattle.com/", "phone": "+12065881022", "address": "500 Terry Ave N"}, "geometry": {"type": "Point", "coordinates": [-122.3370438, 47.6233978]}}, {"type": "Feature", "properties": {"id": "6316d6e2-d89f-474d-b803-5f6193e5e496", "name": "Tacos El Tajin", "category": "fast_food", "tags": ["fast-food", "food", "truck"], "sources": ["overture"], "website": "http://tacoseltajin137.com", "phone": "(253) 797-0142", "address": "500 Boren Ave N"}, "geometry": {"type": "Point", "coordinates": [-122.3366547, 47.6232185]}}, {"type": "Feature", "properties": {"id": "dbf624a7-b39e-4cc2-a757-892b0635c1b3", "name": "Manna", "category": "restaurant", "tags": ["restaurant", "middle-eastern", "middle", "eastern"], "sources": ["overture"], "website": "https://www.nadimama.com", "phone": "2064208458", "address": "446 Terry Ave N"}, "geometry": {"type": "Point", "coordinates": [-122.336731, 47.6230888]}}, {"type": "Feature", "properties": {"id": "e6f0823d-f8f8-4859-b650-bf8706de4065", "name": "Community Banana Stand", "category": "fast_food", "tags": ["fast-food", "food", "truck"], "sources": ["overture"], "website": "https://www.aboutamazon.com/the-community-banana-stand", "address": "440 Terry Ave N"}, "geometry": {"type": "Point", "coordinates": [-122.3367615, 47.6229134]}}, {"type": "Feature", "properties": {"id": "99c6b75f-49da-4d70-9f8c-264fcef57320", "name": "Cafe Gatsby", "category": "cafe", "tags": ["cafe"], "sources": ["overture"], "address": "428 Westlake Ave N", "stations": [{"stopCode": 50, "lines": "1,2", "name": "Westlake Station", "walkingMeters": 1637, "walkingSeconds": 1222, "band": 15}]}, "geometry": {"type": "Point", "coordinates": [-122.3380508, 47.6228638]}}, {"type": "Feature", "properties": {"id": "c5b66e00-c478-4029-afe7-7087763cfa65", "name": "Uptown Espresso Inc", "category": "cafe", "tags": ["cafe", "coffee"], "sources": ["overture"], "website": "https://velvetfoam.com/", "phone": "2066212045", "address": "500 Westlake Ave N"}, "geometry": {"type": "Point", "coordinates": [-122.3384628, 47.6234589]}}, {"type": "Feature", "properties": {"id": "03180729-2208-4f5a-a463-f5bdea8a1227", "name": "The Wurst Place", "category": "restaurant", "tags": ["restaurant", "german"], "sources": ["overture"], "website": "http://thewurstplace.com/", "phone": "(206) 623-4548", "address": "510 Westlake Ave N"}, "geometry": {"type": "Point", "coordinates": [-122.338356, 47.6233978]}}, {"type": "Feature", "properties": {"id": "c5630adb-852a-4d4c-b26b-5f43d0532ae3", "name": "Blue Moon Burgers", "category": "restaurant", "tags": ["restaurant", "burger"], "sources": ["overture"], "website": "http://bluemoonburgers.com", "phone": "(206) 652-0400", "address": "920 Republican St"}, "geometry": {"type": "Point", "coordinates": [-122.338028, 47.6233482]}}, {"type": "Feature", "properties": {"id": "75e31fcc-27cf-499c-85dd-00898945934b", "name": "Revel SLU", "category": "restaurant", "tags": ["restaurant", "korean"], "sources": ["overture"], "website": "http://www.relayrestaurantgroup.com/restaurants/revel/", "phone": "(206) 547-2040", "address": "513 Westlake Ave N"}, "geometry": {"type": "Point", "coordinates": [-122.3386383, 47.6238861]}}, {"type": "Feature", "properties": {"id": "d458f99d-b5c7-4fbb-a72a-e13bf9fa4d45", "name": "I Love My GFF", "category": "fast_food", "tags": ["fast-food", "food", "truck"], "sources": ["overture"], "website": "http://www.ilovemygff.com", "phone": "(206) 265-1798", "address": "592 Terry Ave N"}, "geometry": {"type": "Point", "coordinates": [-122.336998, 47.624382]}}, {"type": "Feature", "properties": {"id": "064b7ce1-43d0-4a42-ba32-691ca2c7afb0", "name": "203\u00b0 Fahrenheit Coffee", "category": "cafe", "tags": ["cafe", "coffee"], "sources": ["overture"], "website": "https://www.203degreesfahrenheit.coffee", "phone": "(425) 285-9382", "address": "610 Terry Ave N Suite 170"}, "geometry": {"type": "Point", "coordinates": [-122.33564, 47.6250496]}}, {"type": "Feature", "properties": {"id": "d0a32a9d-97c6-4535-b9bc-1f031813c85c", "name": "Westlake Sports Grill Llc", "category": "restaurant", "tags": ["restaurant"], "sources": ["overture"], "address": "731 Westlake Ave N"}, "geometry": {"type": "Point", "coordinates": [-122.3393326, 47.6263046]}}, {"type": "Feature", "properties": {"id": "ce2e7979-1dcd-4018-baab-c31b11a77f6d", "name": "Roro Barbeque South Lake Union Terminal, Llc", "category": "restaurant", "tags": ["restaurant"], "sources": ["overture"], "address": "711 Westlake Ave N"}, "geometry": {"type": "Point", "coordinates": [-122.3391418, 47.6259956]}}, {"type": "Feature", "properties": {"id": "71a66765-524a-47e8-9f21-53e5c1bb63a6", "name": "Cask & Trotter", "category": "bar", "tags": ["bar", "barbecue"], "sources": ["overture"], "website": "http://caskandtrotter.com/", "phone": "2064534756", "address": "711 Westlake Ave N"}, "geometry": {"type": "Point", "coordinates": [-122.3392258, 47.6260452]}}, {"type": "Feature", "properties": {"id": "82e67e48-c14a-4bed-8da6-8ba159cf26ab", "name": "Mariah's Cookies", "category": "restaurant", "tags": ["restaurant"], "sources": ["overture"], "website": "https://mariahcareyscookies.com", "phone": "(833) 627-4242", "address": "701 Westlake Ave N"}, "geometry": {"type": "Point", "coordinates": [-122.3391876, 47.6259422]}}, {"type": "Feature", "properties": {"id": "a30b252e-7fd2-4f5f-9d71-26b93b16be59", "name": "P.Za Kitchen", "category": "restaurant", "tags": ["restaurant", "pizza"], "sources": ["overture"], "website": "https://p.zakitchen.com/", "phone": "8887996601", "address": "701 9th Westlake Ave N"}, "geometry": {"type": "Point", "coordinates": [-122.3390732, 47.6259346]}}, {"type": "Feature", "properties": {"id": "6833fcc6-25b7-455a-9a94-c56709506526", "name": "Larray's Loaded Mac", "category": "restaurant", "tags": ["restaurant"], "sources": ["overture"], "website": "https://seasideonthepier.com", "address": "701 Westlake Ave N"}, "geometry": {"type": "Point", "coordinates": [-122.3390274, 47.6258621]}}, {"type": "Feature", "properties": {"id": "6c418812-b25a-4d4f-b8f4-dffac00b84fe", "name": "Foodgod Truffle Fries", "category": "restaurant", "tags": ["restaurant"], "sources": ["overture"], "website": "https://seasideonthepier.com", "address": "701 Westlake Ave N"}, "geometry": {"type": "Point", "coordinates": [-122.3390274, 47.6258621]}}, {"type": "Feature", "properties": {"id": "a073ba24-1240-426e-8126-18dee657287d", "name": "Nascar Wings", "category": "restaurant", "tags": ["restaurant"], "sources": ["overture"], "website": "https://seasideonthepier.com", "phone": "+18884956104", "address": "701 Westlake Ave N"}, "geometry": {"type": "Point", "coordinates": [-122.3390274, 47.6258621]}}, {"type": "Feature", "properties": {"id": "76bb8cf5-f532-4ce8-903a-8ba675edb092", "name": "Barstool Bites", "category": "restaurant", "tags": ["restaurant"], "sources": ["overture"], "website": "https://seasideonthepier.com", "address": "701 Westlake Ave N"}, "geometry": {"type": "Point", "coordinates": [-122.3390274, 47.6258621]}}, {"type": "Feature", "properties": {"id": "c709a40c-8cf0-40b6-bcbe-29faa46fa089", "name": "Poulet Galore", "category": "restaurant", "tags": ["restaurant"], "sources": ["overture"], "website": "http://www.pouletgalore.com", "phone": "(206) 456-2770", "address": "513 Westlake Ave N"}, "geometry": {"type": "Point", "coordinates": [-122.3391647, 47.6239433]}}, {"type": "Feature", "properties": {"id": "de3ddac3-24da-400a-a9de-d4981d00563a", "name": "Ballard Pizza Company", "category": "restaurant", "tags": ["restaurant", "pizza"], "sources": ["overture"], "website": "http://www.ballardpizzacompany.com", "phone": "(206) 623-3583", "address": "500 9th Ave N"}, "geometry": {"type": "Point", "coordinates": [-122.3389816, 47.6240311]}}, {"type": "Feature", "properties": {"id": "1fb11bbe-2e43-4b13-ad7c-857807066d2f", "name": "Firefly", "category": "restaurant", "tags": ["restaurant", "burger"], "sources": ["overture"], "website": "http://fireflytosa.com", "address": "500 9th Ave N"}, "geometry": {"type": "Point", "coordinates": [-122.3391953, 47.6237831]}}, {"type": "Feature", "properties": {"id": "34b034e7-6794-4bbe-b528-f64e12f198a7", "name": "Evoke Coffee Co", "category": "cafe", "tags": ["cafe", "coffee"], "sources": ["overture"], "website": "https://evokeespresso.com", "phone": "(206) 257-0166", "address": "235 9th Ave N, Seattle, WA", "stations": [{"stopCode": 50, "lines": "1,2", "name": "Westlake Station", "walkingMeters": 1164, "walkingSeconds": 840, "band": 15}]}, "geometry": {"type": "Point", "coordinates": [-122.3398285, 47.6207733]}}, {"type": "Feature", "properties": {"id": "17f30c80-fb04-4eca-8813-bdad1deb1d90", "name": "Gold Bar", "category": "bar", "tags": ["bar"], "sources": ["overture"], "website": "http://www.goldbarsea.com", "phone": "(206) 607-9027", "address": "1416 E Olive Way", "stations": [{"stopCode": 50, "lines": "1,2", "name": "Westlake Station", "walkingMeters": 1148, "walkingSeconds": 829, "band": 15}]}, "geometry": {"type": "Point", "coordinates": [-122.3399048, 47.6205521]}}, {"type": "Feature", "properties": {"id": "431bc73c-2506-4d66-8094-96c014c880e1", "name": "Pearl Ta 2, Inc", "category": "restaurant", "tags": ["restaurant"], "sources": ["overture"], "address": "224 Fairview Ave N", "stations": [{"stopCode": 50, "lines": "1,2", "name": "Westlake Station", "walkingMeters": 1274, "walkingSeconds": 951, "band": 15}, {"stopCode": 49, "lines": "1,2", "name": "Capitol Hill Station", "walkingMeters": 1356, "walkingSeconds": 1012, "band": 15}]}, "geometry": {"type": "Point", "coordinates": [-122.3340073, 47.6201935]}}, {"type": "Feature", "properties": {"id": "3008f420-7b69-457d-ab6d-c35d6e4ce6ca", "name": "Royal Palace Bar & Grill", "category": "restaurant", "tags": ["restaurant", "indian"], "sources": ["overture"], "website": "http://royalpalacebarngrill.com", "phone": "(206) 400-7294", "address": "234 Fairview Ave N", "stations": [{"stopCode": 50, "lines": "1,2", "name": "Westlake Station", "walkingMeters": 1171, "walkingSeconds": 844, "band": 15}, {"stopCode": 49, "lines": "1,2", "name": "Capitol Hill Station", "walkingMeters": 1319, "walkingSeconds": 958, "band": 15}]}, "geometry": {"type": "Point", "coordinates": [-122.3339996, 47.6206017]}}, {"type": "Feature", "properties": {"id": "e9438e6a-a58e-48d5-ba93-26ff0b708775", "name": "Rococo Coffee Roasting", "category": "cafe", "tags": ["cafe", "coffee"], "sources": ["overture"], "website": "http://rocococoffee.com", "phone": "(425) 803-9081", "address": "207 Boren Ave N", "stations": [{"stopCode": 50, "lines": "1,2", "name": "Westlake Station", "walkingMeters": 1155, "walkingSeconds": 833, "band": 15}, {"stopCode": 49, "lines": "1,2", "name": "Capitol Hill Station", "walkingMeters": 1409, "walkingSeconds": 1022, "band": 15}]}, "geometry": {"type": "Point", "coordinates": [-122.3359985, 47.6202316]}}, {"type": "Feature", "properties": {"id": "3ce98c84-a9cb-4424-be5b-537a81b7239c", "name": "The Deck", "category": "fast_food", "tags": ["fast-food", "food", "court"], "sources": ["overture"], "website": "mydeckapp.com", "phone": "12062943168", "address": "1091 Thomas St", "stations": [{"stopCode": 50, "lines": "1,2", "name": "Westlake Station", "walkingMeters": 1308, "walkingSeconds": 976, "band": 15}]}, "geometry": {"type": "Point", "coordinates": [-122.3362122, 47.6206131]}}, {"type": "Feature", "properties": {"id": "b80f8f24-4a74-4a76-9245-272ce953ea29", "name": "Chipotle Mexican Grill", "category": "restaurant", "tags": ["restaurant", "mexican", "taco", "texmex"], "sources": ["overture"], "website": "https://locations.chipotle.com/wa/seattle/212-westlake-ave-n?utm_source=facebook&utm_medium=yext&utm_campaign=yext_listings%3Frestaurant%3D2228", "phone": "+12066739967", "address": "212 Westlake Ave N", "stations": [{"stopCode": 50, "lines": "1,2", "name": "Westlake Station", "walkingMeters": 1053, "walkingSeconds": 760, "band": 15}]}, "geometry": {"type": "Point", "coordinates": [-122.3382721, 47.6203232]}}, {"type": "Feature", "properties": {"id": "11199bdb-efce-4524-9b22-87e25a860d57", "name": "Restaurants On The Run", "category": "restaurant", "tags": ["restaurant"], "sources": ["overture"], "website": "http://restaurantstogo.com", "phone": "(206) 443-8646", "address": "222 Westlake Ave N", "stations": [{"stopCode": 50, "lines": "1,2", "name": "Westlake Station", "walkingMeters": 1050, "walkingSeconds": 758, "band": 15}]}, "geometry": {"type": "Point", "coordinates": [-122.3381271, 47.6202965]}}, {"type": "Feature", "properties": {"id": "3a44589e-4f6a-4695-bfc8-91c5e7bf4d26", "name": "Yellow Dot Cafe", "category": "restaurant", "tags": ["restaurant", "sandwich"], "sources": ["overture"], "website": "http://www.yellowdotcafe.com", "phone": "(206) 381-9200", "address": "301 Westlake Ave N", "stations": [{"stopCode": 50, "lines": "1,2", "name": "Westlake Station", "walkingMeters": 1114, "walkingSeconds": 804, "band": 15}]}, "geometry": {"type": "Point", "coordinates": [-122.338623, 47.6209373]}}, {"type": "Feature", "properties": {"id": "068f0582-f2ac-49d7-bd2f-f69e1090e2f1", "name": "Salt & Pepper Deli Market", "category": "restaurant", "tags": ["restaurant"], "sources": ["overture"], "website": "https://www.saltpepperdelimarketslu.com/?utm_source=bing&utm_medium=websiteurl&utm_campaign=search", "phone": "2067142101", "address": "307 Westlake Ave N", "stations": [{"stopCode": 50, "lines": "1,2", "name": "Westlake Station", "walkingMeters": 1140, "walkingSeconds": 823, "band": 15}]}, "geometry": {"type": "Point", "coordinates": [-122.3387604, 47.6211739]}}, {"type": "Feature", "properties": {"id": "518bb9c3-80c9-4208-93cc-5977b97e2e74", "name": "Flying Fish", "category": "restaurant", "tags": ["restaurant", "seafood"], "sources": ["overture"], "website": "http://www.flyingfishseattle.com/", "phone": "2067288595", "address": "300 Westlake Ave N", "stations": [{"stopCode": 50, "lines": "1,2", "name": "Westlake Station", "walkingMeters": 1101, "walkingSeconds": 815, "band": 15}]}, "geometry": {"type": "Point", "coordinates": [-122.3384247, 47.6209908]}}, {"type": "Feature", "properties": {"id": "2ce255f4-97fa-47f7-bf24-5327aaef51ba", "name": "Fortune Overseas Investments, Inc", "category": "restaurant", "tags": ["restaurant"], "sources": ["overture"], "address": "300 Westlake Ave N", "stations": [{"stopCode": 50, "lines": "1,2", "name": "Westlake Station", "walkingMeters": 1373, "walkingSeconds": 1025, "band": 15}]}, "geometry": {"type": "Point", "coordinates": [-122.3380127, 47.6210289]}}, {"type": "Feature", "properties": {"id": "c5ec1dda-2c4a-479e-828c-6808d30226ff", "name": "Spice On Curve", "category": "fast_food", "tags": ["fast-food", "food", "truck", "indian"], "sources": ["overture"], "website": "http://www.yelp.com/biz/spiceoncurvellc-seattle", "phone": "+12533144673", "address": "225 Terry Ave N", "stations": [{"stopCode": 50, "lines": "1,2", "name": "Westlake Station", "walkingMeters": 1151, "walkingSeconds": 830, "band": 15}]}, "geometry": {"type": "Point", "coordinates": [-122.3376694, 47.6207314]}}, {"type": "Feature", "properties": {"id": "42b5a80e-b24b-4aba-b7e3-b2fe8806736a", "name": "Otium Grill and Greens", "category": "restaurant", "tags": ["restaurant", "american", "bar-and-grill"], "sources": ["overture"], "website": "https://otiumgrill.com", "phone": "+12066936055", "address": "300 Terry Ave N", "stations": [{"stopCode": 50, "lines": "1,2", "name": "Westlake Station", "walkingMeters": 1223, "walkingSeconds": 884, "band": 15}]}, "geometry": {"type": "Point", "coordinates": [-122.3370895, 47.6210823]}}, {"type": "Feature", "properties": {"id": "d1840ae0-1802-493f-b9c5-bb5f0e528969", "name": "The Keg Steakhouse & Bar - Lynnwood", "category": "restaurant", "tags": ["restaurant", "steakhouse"], "sources": ["overture"], "website": "http://www.kegsteakhouse.com/", "phone": "+14257780900", "address": "180110 Alderwood Mall Pkwy.", "stations": [{"stopCode": 50, "lines": "1,2", "name": "Westlake Station", "walkingMeters": 1239, "walkingSeconds": 895, "band": 15}]}, "geometry": {"type": "Point", "coordinates": [-122.3370743, 47.6212196]}}, {"type": "Feature", "properties": {"id": "9202dd8d-ed1b-4f52-8de2-228cb54473ab", "name": "Brave Horse Tavern", "category": "pub", "tags": ["pub"], "sources": ["overture"], "website": "http://www.bravehorsetavern.com/", "phone": "2069710717", "address": "310 Terry Ave N", "stations": [{"stopCode": 50, "lines": "1,2", "name": "Westlake Station", "walkingMeters": 1418, "walkingSeconds": 1058, "band": 15}]}, "geometry": {"type": "Point", "coordinates": [-122.3368759, 47.6213837]}}, {"type": "Feature", "properties": {"id": "4a3bb414-5a60-4e8c-8f6b-0e6c4701900f", "name": "Cuoco", "category": "restaurant", "tags": ["restaurant"], "sources": ["overture"], "website": "http://cuoco-seattle.com/", "phone": "2069710710", "address": "310 Terry Ave N", "stations": [{"stopCode": 50, "lines": "1,2", "name": "Westlake Station", "walkingMeters": 1269, "walkingSeconds": 917, "band": 15}]}, "geometry": {"type": "Point", "coordinates": [-122.3371506, 47.6214523]}}, {"type": "Feature", "properties": {"id": "503b8919-43a5-41b9-ae64-62a4aee1650a", "name": "Plantiful Slu", "category": "restaurant", "tags": ["restaurant", "vegetarian"], "sources": ["overture"], "website": "https://plantiful.us", "phone": "12066876269", "address": "340 Westlake Ave N", "stations": [{"stopCode": 50, "lines": "1,2", "name": "Westlake Station", "walkingMeters": 1420, "walkingSeconds": 1060, "band": 15}]}, "geometry": {"type": "Point", "coordinates": [-122.3381882, 47.6213455]}}, {"type": "Feature", "properties": {"id": "ab928546-943c-4d06-b405-ccc021ce008d", "name": "Slow Joes Big Backyard Barbeque", "category": "restaurant", "tags": ["restaurant"], "sources": ["overture"], "address": "301 Westlake Ave N", "stations": [{"stopCode": 50, "lines": "1,2", "name": "Westlake Station", "walkingMeters": 1409, "walkingSeconds": 1051, "band": 15}]}, "geometry": {"type": "Point", "coordinates": [-122.3388672, 47.6212082]}}, {"type": "Feature", "properties": {"id": "3b5e80ac-8f22-480c-813e-467beef50caf", "name": "Serious Biscuit", "category": "restaurant", "tags": ["restaurant", "breakfast-and-brunch", "breakfast", "brunch", "pizza"], "sources": ["overture"], "website": "http://www.seriouspieseattle.com/westlake", "phone": "2064360050", "address": "401 Westlake Ave N", "stations": [{"stopCode": 50, "lines": "1,2", "name": "Westlake Station", "walkingMeters": 1264, "walkingSeconds": 912, "band": 15}]}, "geometry": {"type": "Point", "coordinates": [-122.3388672, 47.6222153]}}, {"type": "Feature", "properties": {"id": "af0af53d-4f37-454f-a35b-79b040dc9e5e", "name": "Cal's Classic American", "category": "restaurant", "tags": ["restaurant", "american"], "sources": ["overture"], "website": "http://calsclassic.com/slu", "phone": "(206) 209-3000", "address": "404 Terry Ave N"}, "geometry": {"type": "Point", "coordinates": [-122.3368759, 47.6221466]}}, {"type": "Feature", "properties": {"id": "7bdc666f-ff27-4035-b479-0f88425c4021", "name": "Portage Bay Cafe - South Lake Union", "category": "cafe", "tags": ["cafe", "breakfast-and-brunch", "american"], "sources": ["overture"], "website": "http://www.portagebaycafe.com", "phone": "+12064626400", "address": "391 Terry Ave N", "stations": [{"stopCode": 50, "lines": "1,2", "name": "Westlake Station", "walkingMeters": 1482, "walkingSeconds": 1106, "band": 15}]}, "geometry": {"type": "Point", "coordinates": [-122.3374329, 47.6218147]}}, {"type": "Feature", "properties": {"id": "b4746a3e-8259-46cb-b2a3-e3135f5e2124", "name": "Cactus Restaurants", "category": "restaurant", "tags": ["restaurant", "american"], "sources": ["overture"], "website": "http://www.cactusrestaurants.com/", "phone": "+12069132250", "address": "350 Terry Ave N", "stations": [{"stopCode": 50, "lines": "1,2", "name": "Westlake Station", "walkingMeters": 1339, "walkingSeconds": 967, "band": 15}]}, "geometry": {"type": "Point", "coordinates": [-122.336792, 47.6218796]}}, {"type": "Feature", "properties": {"id": "85faecfc-96fd-4516-ad89-b7e74c2d8952", "name": "Santi's Kitchen", "category": "fast_food", "tags": ["fast-food", "food", "truck"], "sources": ["overture"], "website": "http://www.santiskitchen.com", "phone": "(253) 298-1722", "address": "334 Boren Ave N"}, "geometry": {"type": "Point", "coordinates": [-122.3353729, 47.6217651]}}, {"type": "Feature", "properties": {"id": "a46ee758-6095-45e6-bbef-311cb0f05d05", "name": "Lumpia World \u2014 Trailer", "category": "fast_food", "tags": ["fast-food", "food", "truck"], "sources": ["overture"], "website": "http://www.lumpiaworld.com/", "phone": "(206) 371-7995", "address": "Mobile Location"}, "geometry": {"type": "Point", "coordinates": [-122.3348694, 47.6225433]}}, {"type": "Feature", "properties": {"id": "88290101-2a48-4e7a-996a-c6ce5c9b3c00", "name": "Southlake Union Meat And Bread Llc", "category": "restaurant", "tags": ["restaurant"], "sources": ["overture"], "address": "400 Fairview Ave N"}, "geometry": {"type": "Point", "coordinates": [-122.3339233, 47.6225395]}}, {"type": "Feature", "properties": {"id": "9e37f377-9e4a-456c-9a73-4acc237c8060", "name": "Mbar", "category": "restaurant", "tags": ["restaurant"], "sources": ["overture"], "website": "http://www.mbarseattle.com", "phone": "12064578287", "address": "400 Fairview Ave N  Fl 14"}, "geometry": {"type": "Point", "coordinates": [-122.3339233, 47.6225395]}}, {"type": "Feature", "properties": {"id": "6972366d-275e-4e5a-936f-c6d1b65efa30", "name": "Caffe Ladro - South Lake Union Fairview", "category": "cafe", "tags": ["cafe", "coffee"], "sources": ["overture"], "website": "http://CaffeLadro.com/", "phone": "+12069069334", "address": "400 Fairview Ave N"}, "geometry": {"type": "Point", "coordinates": [-122.3339844, 47.6221504]}}, {"type": "Feature", "properties": {"id": "bddc1412-88e2-4ab5-917c-38230c3ac368", "name": "Community Table By Farestart", "category": "restaurant", "tags": ["restaurant", "comfort-food", "comfort", "food"], "sources": ["overture"], "website": "http://www.farestart.org/rise", "phone": "(206) 588-4033", "address": "399 Fairview Ave N", "stations": [{"stopCode": 50, "lines": "1,2", "name": "Westlake Station", "walkingMeters": 1309, "walkingSeconds": 944, "band": 15}]}, "geometry": {"type": "Point", "coordinates": [-122.3351212, 47.6214447]}}, {"type": "Feature", "properties": {"id": "c7b8788c-738d-456e-bfd6-1b0873f626c9", "name": "Zoka Coffee", "category": "cafe", "tags": ["cafe", "coffee"], "sources": ["overture"], "website": "http://www.zokacoffee.com", "phone": "+12066241927", "address": "351 Boren Ave N", "stations": [{"stopCode": 50, "lines": "1,2", "name": "Westlake Station", "walkingMeters": 1422, "walkingSeconds": 1061, "band": 15}]}, "geometry": {"type": "Point", "coordinates": [-122.336113, 47.6214027]}}, {"type": "Feature", "properties": {"id": "f8e90ce1-b64f-4946-8c2f-9df5ae1692f3", "name": "Cascade Coffee Works", "category": "cafe", "tags": ["cafe", "coffee"], "sources": ["overture"], "website": "http://www.seattlecoffeeworks.com/", "phone": "2063408867", "address": "1130 Thomas St", "stations": [{"stopCode": 50, "lines": "1,2", "name": "Westlake Station", "walkingMeters": 1375, "walkingSeconds": 1026, "band": 15}, {"stopCode": 49, "lines": "1,2", "name": "Capitol Hill Station", "walkingMeters": 1451, "walkingSeconds": 1083, "band": 15}]}, "geometry": {"type": "Point", "coordinates": [-122.3348083, 47.6209984]}}, {"type": "Feature", "properties": {"id": "e428fb5b-4a93-4103-a312-2c944947df34", "name": "Lunchbox Laboratory", "category": "bar", "tags": ["bar", "burger"], "sources": ["overture"], "website": "http://lunchboxlaboratory.com/seattle/", "phone": "2066211090", "address": "1253 Thomas St", "stations": [{"stopCode": 49, "lines": "1,2", "name": "Capitol Hill Station", "walkingMeters": 1130, "walkingSeconds": 843, "band": 15}, {"stopCode": 50, "lines": "1,2", "name": "Westlake Station", "walkingMeters": 1415, "walkingSeconds": 1056, "band": 15}]}, "geometry": {"type": "Point", "coordinates": [-122.3315277, 47.6207161]}}, {"type": "Feature", "properties": {"id": "af0355e4-0d11-48aa-a5b0-de7ee34eb7f2", "name": "Feierabend", "category": "restaurant", "tags": ["restaurant", "german"], "sources": ["overture"], "website": "http://www.feierabendseattle.com/", "phone": "(206) 340-2528", "address": "422 Yale Ave N", "stations": [{"stopCode": 49, "lines": "1,2", "name": "Capitol Hill Station", "walkingMeters": 1289, "walkingSeconds": 934, "band": 15}]}, "geometry": {"type": "Point", "coordinates": [-122.3302689, 47.6225357]}}, {"type": "Feature", "properties": {"id": 3211770202, "name": "Untitled", "category": "artwork", "tags": ["artwork"], "sources": ["osm"], "stations": [{"stopCode": 49, "lines": "1,2", "name": "Capitol Hill Station", "walkingMeters": 1317, "walkingSeconds": 957, "band": 15}]}, "geometry": {"type": "Point", "coordinates": [-122.332383, 47.621783]}}, {"type": "Feature", "properties": {"id": 4346366056, "name": "Museum of History and Industry", "category": "museum", "tags": ["museum", "wifi"], "sources": ["osm"], "website": "https://mohai.org/", "phone": "+1-206-324-1126", "address": "860 Terry Avenue North", "hours": "10:00-17:00"}, "geometry": {"type": "Point", "coordinates": [-122.3367506, 47.6275114]}}, {"type": "Feature", "properties": {"id": 6267062095, "name": "Stainless Heart Edition Four", "category": "artwork", "tags": ["artwork"], "sources": ["osm"], "stations": [{"stopCode": 49, "lines": "1,2", "name": "Capitol Hill Station", "walkingMeters": 1350, "walkingSeconds": 980, "band": 15}]}, "geometry": {"type": "Point", "coordinates": [-122.3329178, 47.621857]}}, {"type": "Feature", "properties": {"id": 7917827840, "name": "Mirall", "category": "artwork", "tags": ["artwork"], "sources": ["osm"]}, "geometry": {"type": "Point", "coordinates": [-122.3393077, 47.6248425]}}, {"type": "Feature", "properties": {"id": 8156900401, "name": "Twilight", "category": "attraction", "tags": ["attraction"], "sources": ["osm"]}, "geometry": {"type": "Point", "coordinates": [-122.3364, 47.6278218]}}, {"type": "Feature", "properties": {"id": 9870501297, "name": "Vessel", "category": "artwork", "tags": ["artwork"], "sources": ["osm"]}, "geometry": {"type": "Point", "coordinates": [-122.3309147, 47.6276611]}}, {"type": "Feature", "properties": {"id": 9932764719, "name": "Dreamer", "category": "artwork", "tags": ["artwork"], "sources": ["osm"]}, "geometry": {"type": "Point", "coordinates": [-122.3379888, 47.623387]}}, {"type": "Feature", "properties": {"id": 49747361, "name": "Center for Wooden Boats", "category": "museum", "tags": ["museum"], "sources": ["osm"], "website": "https://www.cwb.org/", "phone": "+1-206-382-2628", "address": "1010 Valley Street", "hours": "Mo-Fr 12:30-20:00; Sa-Su 10:00-20:00"}, "geometry": {"type": "Point", "coordinates": [-122.3359006, 47.6271962]}}, {"type": "Feature", "properties": {"id": 201065094, "name": "Lotus", "category": "attraction", "tags": ["attraction"], "sources": ["osm"]}, "geometry": {"type": "Point", "coordinates": [-122.3362705, 47.6281187]}}, {"type": "Feature", "properties": {"id": 201065097, "name": "Swiftsure (LV-83)", "category": "attraction", "tags": ["attraction"], "sources": ["osm"]}, "geometry": {"type": "Point", "coordinates": [-122.3366777, 47.6281654]}}, {"type": "Feature", "properties": {"id": 201065241, "name": "Arthur Foss", "category": "attraction", "tags": ["attraction", "museum"], "sources": ["osm", "overture"], "website": "http://fr.wikipedia.org/wiki/index.html?curid=4219605", "phone": "+12064479800", "address": "860 Terry Ave N"}, "geometry": {"type": "Point", "coordinates": [-122.3368578, 47.6281755]}}, {"type": "Feature", "properties": {"id": 201065242, "name": "Virginia V", "category": "attraction", "tags": ["attraction"], "sources": ["osm"]}, "geometry": {"type": "Point", "coordinates": [-122.3370281, 47.6281738]}}, {"type": "Feature", "properties": {"id": 328507173, "name": "Duwamish", "category": "attraction", "tags": ["attraction"], "sources": ["osm"]}, "geometry": {"type": "Point", "coordinates": [-122.3365287, 47.6281823]}}, {"type": "Feature", "properties": {"id": 330293938, "name": "Discovery", "category": "attraction", "tags": ["attraction"], "sources": ["osm"]}, "geometry": {"type": "Point", "coordinates": [-122.3363888, 47.6281223]}}, {"type": "Feature", "properties": {"id": 436763068, "name": "Northwest Seaport", "category": "museum", "tags": ["museum"], "sources": ["osm", "overture"], "website": "http://www.nwseaport.org/", "phone": "+12064479800", "address": "860 Terry Ave N", "hours": "We-Th 12:00-15:00; Fr-Su 11:00-19:00"}, "geometry": {"type": "Point", "coordinates": [-122.3366463, 47.628166]}}, {"type": "Feature", "properties": {"id": 486896126, "name": "Argosy Cruises - Lake Union", "category": "attraction", "tags": ["attraction"], "sources": ["osm"], "website": "https://www.argosycruises.com/", "phone": "+1-206-623-1445"}, "geometry": {"type": "Point", "coordinates": [-122.3395069, 47.6287299]}}, {"type": "Feature", "properties": {"id": 1484682858, "name": "The Wanderer", "category": "artwork", "tags": ["artwork"], "sources": ["osm"], "website": "https://vulcanrealestate.com/wp-content/uploads/VulcanRealEstate_Public_Artworks_Guide.pdf"}, "geometry": {"type": "Point", "coordinates": [-122.3346389, 47.6250691]}}, {"type": "Feature", "properties": {"id": "208a6c0f-c0b8-40e1-9996-341ed32f3268", "name": "The Steamer Virginia V", "category": "attraction", "tags": ["attraction", "landmark", "historical", "building"], "sources": ["overture"], "website": "http://www.virginiav.org/", "phone": "+12066249119", "address": "Union Park, Lake"}, "geometry": {"type": "Point", "coordinates": [-122.3371353, 47.6279716]}}, {"type": "Feature", "properties": {"id": "12e93093-c330-4df8-9ef5-af8b1da65f11", "name": "Lightship 83 Swiftsure", "category": "museum", "tags": ["museum"], "sources": ["overture"], "phone": "+12064479800", "address": "860 Terry Ave N"}, "geometry": {"type": "Point", "coordinates": [-122.3366776, 47.6280518]}}, {"type": "Feature", "properties": {"id": "59adc315-6f6f-4807-9047-8f0011cc9297", "name": "Fireboat Duwamish", "category": "attraction", "tags": ["attraction", "landmark", "historical", "building"], "sources": ["overture"], "website": "http://www.FIREBOATDUWAMISH.COM/", "phone": "+12069995107", "address": "860 Terry Ave N"}, "geometry": {"type": "Point", "coordinates": [-122.3368607, 47.6278305]}}, {"type": "Feature", "properties": {"id": "4b7efb94-edbf-4976-a18d-cb14d6a4dd31", "name": "Museum of History and Industry (MOHAI)", "category": "museum", "tags": ["museum", "history"], "sources": ["overture"], "website": "http://www.mohai.org/", "phone": "+12063241126", "address": "860 Terry Ave N"}, "geometry": {"type": "Point", "coordinates": [-122.3367462, 47.6275482]}}, {"type": "Feature", "properties": {"id": "e1032b8c-0046-4b0d-9335-a0a6f3de66f7", "name": "MV Lotus Foundation", "category": "museum", "tags": ["museum"], "sources": ["overture"], "website": "http://www.mvlotus.org/", "phone": "+14252439641", "address": "1010 Valley St"}, "geometry": {"type": "Point", "coordinates": [-122.3367386, 47.6276627]}}, {"type": "Feature", "properties": {"id": "b42438cd-58c4-4b94-8c5d-3e7d72fca802", "name": "624 Yale Apartments", "category": "attraction", "tags": ["attraction", "landmark", "historical", "building"], "sources": ["overture"], "website": "https://www.bozzuto.com/apartments-for-rent/wa/seattle/624-yale?utm_source=SocialMedia&utm_medium=social-media&utm_campaign=624Yale_Facebook", "phone": "+12064573721", "address": "624 Yale Ave N"}, "geometry": {"type": "Point", "coordinates": [-122.3305359, 47.6248283]}}, {"type": "Feature", "properties": {"id": "b7713fa6-20a5-45ab-91c0-a258a8376884", "name": "Union Bay", "category": "attraction", "tags": ["attraction", "landmark", "historical", "building"], "sources": ["overture"], "website": "http://www.unionbayapartments.com/?rcstdid=MTE%3D-aKFOxiSL8lQ%3D&utm_source=facebook&utm_medium=social&utm_campaign=facebook", "phone": "+18449693497", "address": "526 Yale Ave N"}, "geometry": {"type": "Point", "coordinates": [-122.3303757, 47.6239815]}}, {"type": "Feature", "properties": {"id": "b9ab3fd6-9042-4a16-9c67-8998b57b37c0", "name": "AMLI 535", "category": "attraction", "tags": ["attraction", "landmark", "historical", "building"], "sources": ["overture"], "website": "https://www.amli.com/apartments/seattle/south-lake-union-apartments/amli-535?switch_code=58696&utm_source=bing&utm_medium=organic&utm_campaign=535", "phone": "+18553808231", "address": "535 Pontius Ave N"}, "geometry": {"type": "Point", "coordinates": [-122.3319397, 47.6236992]}}, {"type": "Feature", "properties": {"id": "768ae455-516a-471a-a861-94b925fccd5b", "name": "AMLI South Lake Union 2", "category": "attraction", "tags": ["attraction", "landmark", "historical", "building"], "sources": ["overture"], "website": "https://www.amli.com/apartments/seattle/south-lake-union-apartments/amli-south-lake-union?switch_code=58700&utm_source=facebook&utm_medium=social&utm_campaign=southlakeunion", "phone": "+18445683135", "address": "1260 Republican St"}, "geometry": {"type": "Point", "coordinates": [-122.3311539, 47.623436]}}, {"type": "Feature", "properties": {"id": "000f1a78-d451-4378-922f-e71475ed4f07", "name": "Bart Harvey", "category": "attraction", "tags": ["attraction", "landmark", "historical", "building"], "sources": ["overture"], "website": "http://www.lihi.org/bart-harvey", "phone": "+12065186118", "address": "430 Minor Ave N"}, "geometry": {"type": "Point", "coordinates": [-122.3327484, 47.622963]}}, {"type": "Feature", "properties": {"id": "31967fe4-7aee-4f75-8735-c89d476617d9", "name": "Shoresmith Apartments", "category": "attraction", "tags": ["attraction", "landmark", "historical", "building"], "sources": ["overture"], "website": "https://shoresmith.com/", "phone": "+12062745600", "address": "1170 Republican St"}, "geometry": {"type": "Point", "coordinates": [-122.3333511, 47.6231956]}}, {"type": "Feature", "properties": {"id": "427454cb-3d6e-495c-9118-bfcc50723b91", "name": "Rivet Apartments", "category": "attraction", "tags": ["attraction", "landmark", "historical", "building"], "sources": ["overture"], "website": "http://www.rivetseattle.com/", "phone": "+18552903470", "address": "1201 Mercer St"}, "geometry": {"type": "Point", "coordinates": [-122.3328247, 47.6240807]}}, {"type": "Feature", "properties": {"id": "e13ab4ec-6ad5-4bc7-8018-2fb9d3a2649c", "name": "Ascent South Lake Union", "category": "attraction", "tags": ["attraction", "landmark", "historical", "building"], "sources": ["overture"], "website": "https://www.liveascentslu.com/", "phone": "+18666259796", "address": "1145 Republican St"}, "geometry": {"type": "Point", "coordinates": [-122.3348846, 47.6230659]}}, {"type": "Feature", "properties": {"id": "85186cdd-f6f7-41d6-bafc-e323845d32fe", "name": "Kwanchai Design Group", "category": "gallery", "tags": ["gallery", "art"], "sources": ["overture"], "website": "http://www.kwanchai.net/press/seattle-gay-news/sgn-2010", "phone": "(206) 262-1022", "address": "511 Boren Ave N Ste 100"}, "geometry": {"type": "Point", "coordinates": [-122.3362274, 47.6236534]}}, {"type": "Feature", "properties": {"id": "b2c057de-eb7c-4bbd-8c59-6ef87a6cdd6c", "name": "Helm SLU", "category": "attraction", "tags": ["attraction", "landmark", "historical", "building"], "sources": ["overture"], "website": "https://helmslu.com/", "phone": "+12065891885", "address": "602 Terry Ave N"}, "geometry": {"type": "Point", "coordinates": [-122.3370819, 47.6251068]}}, {"type": "Feature", "properties": {"id": "bbd406b2-71e5-4c4c-88e8-f81db92cc999", "name": "Mera SLU", "category": "attraction", "tags": ["attraction", "landmark", "historical", "building"], "sources": ["overture"], "website": "https://meraslu.com/", "phone": "+15644448876", "address": "630 Boren Ave N"}, "geometry": {"type": "Point", "coordinates": [-122.3356705, 47.6253319]}}, {"type": "Feature", "properties": {"id": "df0cb653-3752-46f9-824a-91ae188053fd", "name": "Pivot Art + Culture", "category": "gallery", "tags": ["gallery", "art"], "sources": ["overture"], "website": "https://pivotartandculture.org", "phone": "2063422710", "address": "609 Westlake Ave N"}, "geometry": {"type": "Point", "coordinates": [-122.3391113, 47.6250572]}}, {"type": "Feature", "properties": {"id": "130b7ed5-021e-44cb-9083-869d1929d5f1", "name": "9th & Thomas", "category": "gallery", "tags": ["gallery", "art"], "sources": ["overture"], "website": "http://www.9thandthomas.com/", "phone": "+12065380681", "address": "234 9th Ave N", "stations": [{"stopCode": 50, "lines": "1,2", "name": "Westlake Station", "walkingMeters": 1337, "walkingSeconds": 998, "band": 15}]}, "geometry": {"type": "Point", "coordinates": [-122.3396454, 47.6206093]}}, {"type": "Feature", "properties": {"id": "08c1aad2-da48-4704-8afe-c4ffa295cf0a", "name": "Madart", "category": "gallery", "tags": ["gallery", "art"], "sources": ["overture"], "website": "http://www.madartseattle.com", "phone": "(206) 623-1180", "address": "325 Westlake Ave N", "stations": [{"stopCode": 50, "lines": "1,2", "name": "Westlake Station", "walkingMeters": 1195, "walkingSeconds": 863, "band": 15}]}, "geometry": {"type": "Point", "coordinates": [-122.3387985, 47.6216698]}}, {"type": "Feature", "properties": {"id": "f773d4af-3bbd-424f-b872-bf13cb3252c7", "name": "415 Project Space", "category": "gallery", "tags": ["gallery", "art"], "sources": ["overture"], "address": "415 Westlake Ave N", "stations": [{"stopCode": 50, "lines": "1,2", "name": "Westlake Station", "walkingMeters": 1293, "walkingSeconds": 933, "band": 15}]}, "geometry": {"type": "Point", "coordinates": [-122.3386917, 47.6225395]}}, {"type": "Feature", "properties": {"id": "ac057e9e-dd9b-4706-96a2-c3831846fc1a", "name": "Pacific Science Museum IMAX Theatre", "category": "museum", "tags": ["museum"], "sources": ["overture"], "website": "https://www.pacificsciencecenter.org"}, "geometry": {"type": "Point", "coordinates": [-122.3364639, 47.6226387]}}, {"type": "Feature", "properties": {"id": "e2b66503-3c5f-496f-8b14-b6da778e1eda", "name": "Radius Apartments", "category": "attraction", "tags": ["attraction", "landmark", "historical", "building"], "sources": ["overture"], "website": "http://www.radiusslu.com", "phone": "+18442510501", "address": "400 Boren Ave N"}, "geometry": {"type": "Point", "coordinates": [-122.3355637, 47.6225586]}}, {"type": "Feature", "properties": {"id": "2a4256ab-866d-437d-889c-b668765b1597", "name": "Troy Laundry", "category": "attraction", "tags": ["attraction", "landmark", "historical", "building"], "sources": ["overture"], "website": "http://troyblockseattle.com/", "address": "311 Fairview Ave N", "stations": [{"stopCode": 50, "lines": "1,2", "name": "Westlake Station", "walkingMeters": 1280, "walkingSeconds": 923, "band": 15}]}, "geometry": {"type": "Point", "coordinates": [-122.3349228, 47.6211891]}}, {"type": "Feature", "properties": {"id": "aeb6892e-18a9-4866-97c6-ab15b582df3f", "name": "Alcyone Apartments", "category": "attraction", "tags": ["attraction", "landmark", "historical", "building"], "sources": ["overture"], "website": "http://www.equityapartments.com/seattle/south-lake-union/alcyone-apartments", "phone": "+12066219663", "address": "301 Minor Ave N", "stations": [{"stopCode": 50, "lines": "1,2", "name": "Westlake Station", "walkingMeters": 1270, "walkingSeconds": 915, "band": 15}, {"stopCode": 49, "lines": "1,2", "name": "Capitol Hill Station", "walkingMeters": 1334, "walkingSeconds": 969, "band": 15}]}, "geometry": {"type": "Point", "coordinates": [-122.3334198, 47.6211319]}}, {"type": "Feature", "properties": {"id": "c3785ff1-67f6-49f1-8e21-68f03c0742de", "name": "Sitka", "category": "attraction", "tags": ["attraction", "landmark", "historical", "building"], "sources": ["overture"], "website": "https://www.sitkaseattle.com/?utm_source=gmb&utm_medium=organic&utm_knock=sm", "phone": "+15644644595", "address": "1255 Harrison St", "stations": [{"stopCode": 49, "lines": "1,2", "name": "Capitol Hill Station", "walkingMeters": 1259, "walkingSeconds": 913, "band": 15}]}, "geometry": {"type": "Point", "coordinates": [-122.3313599, 47.6216698]}}, {"type": "Feature", "properties": {"id": "ea106ad1-2b33-46d2-9459-4738e7eb0bf6", "name": "Stack House Luxury Apartments", "category": "attraction", "tags": ["attraction", "landmark", "historical", "building"], "sources": ["overture"], "website": "https://www.stackhouseapartments.com/", "phone": "+18336231204", "address": "1280 Harrison St", "stations": [{"stopCode": 49, "lines": "1,2", "name": "Capitol Hill Station", "walkingMeters": 1253, "walkingSeconds": 909, "band": 15}]}, "geometry": {"type": "Point", "coordinates": [-122.3311691, 47.6222572]}}, {"type": "Feature", "properties": {"id": "d484be4d-4665-4dc1-b52f-18a85d072e06", "name": "Block 11", "category": "attraction", "tags": ["attraction", "landmark", "historical", "building"], "sources": ["overture"], "website": "http://www.sitkaapartments.com/", "address": "1255 Harrison St", "stations": [{"stopCode": 49, "lines": "1,2", "name": "Capitol Hill Station", "walkingMeters": 1123, "walkingSeconds": 838, "band": 15}]}, "geometry": {"type": "Point", "coordinates": [-122.3309631, 47.62183]}}, {"type": "Feature", "properties": {"id": "630d6c59-256f-405a-b2cb-676785064811", "name": "Alley South Lake Union", "category": "attraction", "tags": ["attraction", "landmark", "historical", "building"], "sources": ["overture"], "website": "http://Alleysouthlakeunion.com/", "phone": "+12064623325", "address": "241 Yale Ave N", "stations": [{"stopCode": 49, "lines": "1,2", "name": "Capitol Hill Station", "walkingMeters": 1051, "walkingSeconds": 763, "band": 15}, {"stopCode": 50, "lines": "1,2", "name": "Westlake Station", "walkingMeters": 1236, "walkingSeconds": 891, "band": 15}]}, "geometry": {"type": "Point", "coordinates": [-122.3306732, 47.6202698]}}, {"type": "Feature", "properties": {"id": "942c2037-df43-4295-8bd0-540cdccd4e0c", "name": "Cascade Apartments", "category": "attraction", "tags": ["attraction", "landmark", "historical", "building"], "sources": ["overture"], "website": "http://www.equityapartments.com/seattle/south-lake-union/cascade-apartments", "phone": "+14254065995", "address": "221 Minor Ave N", "stations": [{"stopCode": 50, "lines": "1,2", "name": "Westlake Station", "walkingMeters": 1198, "walkingSeconds": 864, "band": 15}, {"stopCode": 49, "lines": "1,2", "name": "Capitol Hill Station", "walkingMeters": 1262, "walkingSeconds": 917, "band": 15}]}, "geometry": {"type": "Point", "coordinates": [-122.333519, 47.6203575]}}, {"type": "Feature", "properties": {"id": 25790355, "name": "Cascade Playground", "category": "park", "tags": ["park", "playground"], "sources": ["osm", "overture"], "website": "http://www.cascadeplayground.org/", "phone": "+12066844075", "address": "333 Pontius Ave N", "stations": [{"stopCode": 49, "lines": "1,2", "name": "Capitol Hill Station", "walkingMeters": 1313, "walkingSeconds": 954, "band": 15}]}, "geometry": {"type": "Point", "coordinates": [-122.3323585, 47.6215682]}}, {"type": "Feature", "properties": {"id": 58740248, "name": "Waterway 5 Park", "category": "park", "tags": ["park"], "sources": ["osm"]}, "geometry": {"type": "Point", "coordinates": [-122.3343689, 47.6269508]}}, {"type": "Feature", "properties": {"id": "ee2d8150-f70c-4164-b818-1740214fd81c", "name": "Seattle Parks Foundation", "category": "park", "tags": ["park"], "sources": ["overture"], "website": "https://www.seattleparksfoundation.org", "phone": "+12063329900", "address": "860 Terry Ave N"}, "geometry": {"type": "Point", "coordinates": [-122.3365479, 47.626358]}}, {"type": "Feature", "properties": {"id": "1736db3d-9734-4516-9a96-79276d76ab71", "name": "Lake Union Park", "category": "park", "tags": ["park"], "sources": ["overture"], "website": "https://www.seattle.gov", "phone": "12066844075", "address": "860 Terry Ave N"}, "geometry": {"type": "Point", "coordinates": [-122.3365479, 47.626358]}}, {"type": "Feature", "properties": {"id": "16a4e015-8532-4d00-8cbe-e0adf470c3b7", "name": "Center of Seattle", "category": "park", "tags": ["park"], "sources": ["overture"], "phone": "+12066847200", "address": "310 Minor Ave N", "stations": [{"stopCode": 49, "lines": "1,2", "name": "Capitol Hill Station", "walkingMeters": 1272, "walkingSeconds": 949, "band": 15}, {"stopCode": 50, "lines": "1,2", "name": "Westlake Station", "walkingMeters": 1396, "walkingSeconds": 1042, "band": 15}]}, "geometry": {"type": "Point", "coordinates": [-122.332962, 47.6208878]}}, {"type": "Feature", "properties": {"id": 2268991171, "name": "Staybridge Suites - South Lake Union", "category": "hotel", "tags": ["hotel", "wheelchair-accessible"], "sources": ["osm"], "phone": "+1-206-596-2301", "address": "1119 Mercer Street"}, "geometry": {"type": "Point", "coordinates": [-122.334925, 47.6243549]}}, {"type": "Feature", "properties": {"id": 5589048714, "name": "EVEN Hotel Seattle - South Lake Union", "category": "hotel", "tags": ["hotel", "wheelchair-accessible", "has-bar", "air-conditioned"], "sources": ["osm"], "website": "https://www.ihg.com/evenhotels/hotels/us/en/seattle/seasw/hoteldetail", "phone": "+1-206-596-2302", "address": "527 Fairview Avenue North"}, "geometry": {"type": "Point", "coordinates": [-122.334673, 47.624112]}}, {"type": "Feature", "properties": {"id": 217604444, "name": "Residence Inn by Marriott Seattle Downtown/Lake Union", "category": "hotel", "tags": ["hotel", "wifi"], "sources": ["osm", "overture"], "website": "https://www.marriott.com/en-us/hotels/sealu-residence-inn-seattle-downtown-lake-union/overview/?scid=d2406702-e8ea-4b45-bb9b-69cddaaef03d", "phone": "+12066246000", "address": "800 Fairview Ave N"}, "geometry": {"type": "Point", "coordinates": [-122.3333539, 47.626526]}}, {"type": "Feature", "properties": {"id": 231663371, "name": "Astra Hotel Seattle", "category": "hotel", "tags": ["hotel"], "sources": ["osm"], "website": "https://astrahotelseattle.com", "address": "300 Terry Avenue North", "stations": [{"stopCode": 50, "lines": "1,2", "name": "Westlake Station", "walkingMeters": 1228, "walkingSeconds": 887, "band": 15}]}, "geometry": {"type": "Point", "coordinates": [-122.3367877, 47.6211275]}}, {"type": "Feature", "properties": {"id": 491650384, "name": "Moxy Seattle North", "category": "hotel", "tags": ["hotel", "wheelchair-accessible"], "sources": ["osm"], "website": "https://www.marriott.com/hotels/travel/seaox-moxy-seattle-north/", "phone": "+1-206-708-8200", "address": "1016 Republican Street"}, "geometry": {"type": "Point", "coordinates": [-122.3362245, 47.6233705]}}, {"type": "Feature", "properties": {"id": "3bc3c544-4033-49d1-a79d-74560bbcd64c", "name": "Pete Gross House", "category": "hotel", "tags": ["hotel"], "sources": ["overture"], "website": "http://www.seattlecca.org/Pete-Gross-House.cfm", "phone": "2062621000", "address": "525 Minor Ave N"}, "geometry": {"type": "Point", "coordinates": [-122.3330383, 47.6237907]}}, {"type": "Feature", "properties": {"id": "2818f62f-413f-4135-8a9d-4940f0909de6", "name": "Staybridge Suites Seattle Downtown - Lake Union by IHG", "category": "hotel", "tags": ["hotel"], "sources": ["overture"], "website": "https://www.ihg.com/staybridge/hotels/us/en/seattle/seamf/hoteldetail?cm_mmc=FacebookMaps-_-SB-_-US-_-SEAMF", "phone": "+12065962301", "address": "1119 Mercer St"}, "geometry": {"type": "Point", "coordinates": [-122.3349228, 47.6243057]}}, {"type": "Feature", "properties": {"id": "bd6d1fad-564b-4f9e-855c-f3e45fba23b5", "name": "EVEN Hotel Seattle Downtown - Lake Union by IHG", "category": "hotel", "tags": ["hotel"], "sources": ["overture"], "website": "https://www.ihg.com/evenhotels/hotels/us/en/seattle/seasw/hoteldetail?cm_mmc=FacebookMaps-_-VN-_-US-_-SEASW", "phone": "+12065962302", "address": "527 Fairview Ave N"}, "geometry": {"type": "Point", "coordinates": [-122.3348541, 47.6240578]}}, {"type": "Feature", "properties": {"id": "1967123d-8cec-4854-bdd9-a4d08b2d96b9", "name": "Moxy Seattle Downtown", "category": "hotel", "tags": ["hotel"], "sources": ["overture"], "website": "http://www.moxyseattle.com/", "phone": "+12067088200", "address": "1016 Republican St"}, "geometry": {"type": "Point", "coordinates": [-122.3362122, 47.623333]}}, {"type": "Feature", "properties": {"id": "a70a23d6-7fe3-4518-b29e-5fea634bd69d", "name": "Astra Hotel, Seattle, a Tribute Portfolio Hotel", "category": "hotel", "tags": ["hotel"], "sources": ["overture"], "website": "https://linktr.ee/astrahotelseattle", "phone": "+12066936000", "address": "300 Terry Ave N", "stations": [{"stopCode": 50, "lines": "1,2", "name": "Westlake Station", "walkingMeters": 1221, "walkingSeconds": 882, "band": 15}]}, "geometry": {"type": "Point", "coordinates": [-122.3370056, 47.6211662]}}, {"type": "Feature", "properties": {"id": 2399978692, "name": "Metropolitan Deli & Cafe", "category": "deli", "tags": ["deli"], "sources": ["osm"], "phone": "+1-206-420-1068", "address": "1255 Republican Street", "stations": [{"stopCode": 49, "lines": "1,2", "name": "Capitol Hill Station", "walkingMeters": 1409, "walkingSeconds": 1023, "band": 15}]}, "geometry": {"type": "Point", "coordinates": [-122.3315606, 47.6230205]}}, {"type": "Feature", "properties": {"id": 10941210408, "name": "Just Food For Dogs", "category": "pet", "tags": ["pet"], "sources": ["osm", "overture"], "website": "https://www.justfoodfordogs.com/store/513-westlake-ave-n-seattle-wa-98109.html", "phone": "+14256550905", "address": "513 Westlake Ave N"}, "geometry": {"type": "Point", "coordinates": [-122.3386803, 47.6238073]}}, {"type": "Feature", "properties": {"id": 2312244794, "name": "Mayuri International Foods", "category": "supermarket", "tags": ["supermarket"], "sources": ["osm"], "website": "https://mayuriseattle.com/", "phone": "+1-425-270-7666", "address": "1001 Mercer Street"}, "geometry": {"type": "Point", "coordinates": [-122.3368726, 47.6241543]}}, {"type": "Feature", "properties": {"id": 2268991330, "name": "The Bodega South Lake Union", "category": "convenience", "tags": ["convenience"], "sources": ["osm"], "address": "709 Westlake Avenue North"}, "geometry": {"type": "Point", "coordinates": [-122.339057, 47.6260023]}}, {"type": "Feature", "properties": {"id": 2400030107, "name": "California Closets", "category": "furniture", "tags": ["furniture"], "sources": ["osm"], "website": "https://www.locations.californiaclosets.com/wa/seattle-bellevue", "address": "315 Westlake Avenue North", "stations": [{"stopCode": 50, "lines": "1,2", "name": "Westlake Station", "walkingMeters": 1163, "walkingSeconds": 840, "band": 15}]}, "geometry": {"type": "Point", "coordinates": [-122.3387119, 47.621379]}}, {"type": "Feature", "properties": {"id": 2400039513, "name": "Bury Me in Gold", "category": "jewelry", "tags": ["jewelry"], "sources": ["osm"], "website": "https://www.burymeingold.com", "phone": "+1-425-652-0008", "address": "217 Yale Avenue North", "hours": "Mo-Th 11:00-19:00; Fr-Su 11:00-20:00", "stations": [{"stopCode": 49, "lines": "1,2", "name": "Capitol Hill Station", "walkingMeters": 1010, "walkingSeconds": 733, "band": 15}, {"stopCode": 50, "lines": "1,2", "name": "Westlake Station", "walkingMeters": 1194, "walkingSeconds": 861, "band": 15}]}, "geometry": {"type": "Point", "coordinates": [-122.3306094, 47.6200287]}}, {"type": "Feature", "properties": {"id": 2400039549, "name": "golfTEC", "category": "sports", "tags": ["sports", "golf"], "sources": ["osm"], "website": "https://www.golftec.com/", "address": "255 Yale Avenue North", "stations": [{"stopCode": 49, "lines": "1,2", "name": "Capitol Hill Station", "walkingMeters": 1056, "walkingSeconds": 766, "band": 15}, {"stopCode": 50, "lines": "1,2", "name": "Westlake Station", "walkingMeters": 1240, "walkingSeconds": 895, "band": 15}]}, "geometry": {"type": "Point", "coordinates": [-122.3306242, 47.6204418]}}, {"type": "Feature", "properties": {"id": 2400039551, "name": "Feathered Friends", "category": "outdoor", "tags": ["outdoor"], "sources": ["osm"], "website": "https://featheredfriends.com/", "address": "263 Yale Avenue North", "hours": "Mo-Fr 11:00-19:00; Sa 11:00-18:00; Su 11:00-17:00", "stations": [{"stopCode": 49, "lines": "1,2", "name": "Capitol Hill Station", "walkingMeters": 1100, "walkingSeconds": 798, "band": 15}]}, "geometry": {"type": "Point", "coordinates": [-122.330664, 47.6207158]}}, {"type": "Feature", "properties": {"id": 3169838670, "name": "Home Deli Grocery", "category": "convenience", "tags": ["convenience"], "sources": ["osm"]}, "geometry": {"type": "Point", "coordinates": [-122.3328461, 47.6232261]}}, {"type": "Feature", "properties": {"id": "447c0849-c94a-4f4f-adf2-d36926487679", "name": "Jarbo", "category": "clothes", "tags": ["clothes", "womens"], "sources": ["overture"], "phone": "2066010000", "address": "511 Boren Ave N Ste 101"}, "geometry": {"type": "Point", "coordinates": [-122.3362122, 47.623539]}}, {"type": "Feature", "properties": {"id": 5080617521, "name": "Verde & Co.", "category": "florist", "tags": ["florist"], "sources": ["osm"], "website": "https://verdeseattle.com/", "phone": "+1-206-619-7917", "address": "400 Fairview Avenue North", "hours": "Mo,We-Fr 10:00-17:00; Tu 11:00-17:00; Sa,Su closed; PH off"}, "geometry": {"type": "Point", "coordinates": [-122.3341067, 47.6224661]}}, {"type": "Feature", "properties": {"id": 7833353903, "name": "Kraken Team Store", "category": "clothes", "tags": ["clothes"], "sources": ["osm"], "website": "https://www.nhl.com/kraken/fans/store", "address": "901 Fairview Avenue North"}, "geometry": {"type": "Point", "coordinates": [-122.3332299, 47.6277096]}}, {"type": "Feature", "properties": {"id": "081f0504-f2e1-44b7-b7bf-df99d8c0290d", "name": "Rain City Promotions", "category": "clothes", "tags": ["clothes", "mens"], "sources": ["overture"], "website": "https://www.raincitypromotions.com", "phone": "+12067153711", "address": "500 Yale Ave N", "stations": [{"stopCode": 49, "lines": "1,2", "name": "Capitol Hill Station", "walkingMeters": 1155, "walkingSeconds": 862, "band": 15}]}, "geometry": {"type": "Point", "coordinates": [-122.3303223, 47.6232147]}}, {"type": "Feature", "properties": {"id": "c3e3867c-9544-42b5-960a-0bd6e256c026", "name": "Metropolitan Cafe & Deli", "category": "deli", "tags": ["deli", "delicatessen"], "sources": ["overture"], "website": "http://metropolitancafendeli.com", "phone": "12064201068", "address": "1255 Republican St", "stations": [{"stopCode": 49, "lines": "1,2", "name": "Capitol Hill Station", "walkingMeters": 1217, "walkingSeconds": 908, "band": 15}]}, "geometry": {"type": "Point", "coordinates": [-122.3312912, 47.6229286]}}, {"type": "Feature", "properties": {"id": "677fe2cd-b8d6-4887-b361-6bc26ae239fb", "name": "Home Deli", "category": "deli", "tags": ["deli", "delicatessen"], "sources": ["overture"], "website": "http://www.agr.wa.gov", "phone": "(206) 623-0074", "address": "500 Minor Avenue Norh"}, "geometry": {"type": "Point", "coordinates": [-122.3327713, 47.6232834]}}, {"type": "Feature", "properties": {"id": "8276f668-20dd-405a-8c28-0f71f4394779", "name": "City Hardware", "category": "hardware", "tags": ["hardware"], "sources": ["overture"], "website": "http://cityhardwareseattle.com", "phone": "(206) 262-9440", "address": "901 Harrison St", "stations": [{"stopCode": 50, "lines": "1,2", "name": "Westlake Station", "walkingMeters": 1270, "walkingSeconds": 916, "band": 15}]}, "geometry": {"type": "Point", "coordinates": [-122.3395844, 47.6217613]}}, {"type": "Feature", "properties": {"id": "461ba946-a92b-465a-b4ab-66de413f0095", "name": "Hand Of God Wines", "category": "wine", "tags": ["wine", "winery"], "sources": ["overture"], "website": "https://www.handofgodwines.com", "phone": "2068555521", "address": "308 9th Ave N", "stations": [{"stopCode": 50, "lines": "1,2", "name": "Westlake Station", "walkingMeters": 1417, "walkingSeconds": 1057, "band": 15}]}, "geometry": {"type": "Point", "coordinates": [-122.3394012, 47.6212082]}}, {"type": "Feature", "properties": {"id": "a8604ccf-020f-47eb-98e6-c81aca59e4c8", "name": "Amazon.com", "category": "books", "tags": ["books"], "sources": ["overture"], "website": "https://amazonuk.gcs-web.com", "address": "410 Terry Ave N"}, "geometry": {"type": "Point", "coordinates": [-122.3368225, 47.6223717]}}, {"type": "Feature", "properties": {"id": "e93b3471-6da2-4c2f-b0bd-23e5e62efae9", "name": "Acacia Florist", "category": "florist", "tags": ["florist"], "sources": ["overture"], "website": "acaciaflorist.com", "phone": "+12063228000", "address": "414 Boren Ave N Ste 200"}, "geometry": {"type": "Point", "coordinates": [-122.3355103, 47.6226273]}}, {"type": "Feature", "properties": {"id": "cb3e5f4b-6fbc-40d4-bb7c-6087903b7e0d", "name": "Forde Motion Picture Lab", "category": "supermarket", "tags": ["supermarket"], "sources": ["overture"], "address": "306 Fairview Ave N", "stations": [{"stopCode": 49, "lines": "1,2", "name": "Capitol Hill Station", "walkingMeters": 1369, "walkingSeconds": 1022, "band": 15}, {"stopCode": 50, "lines": "1,2", "name": "Westlake Station", "walkingMeters": 1402, "walkingSeconds": 1046, "band": 15}]}, "geometry": {"type": "Point", "coordinates": [-122.3339157, 47.6210861]}}, {"type": "Feature", "properties": {"id": "e1dbc948-354d-419e-9d87-8e621a7c6fe9", "name": "Mastercraft Metal", "category": "doityourself", "tags": ["doityourself", "building", "supply"], "sources": ["overture"], "phone": "2066226380", "address": "1175 Harrison St", "stations": [{"stopCode": 49, "lines": "1,2", "name": "Capitol Hill Station", "walkingMeters": 1388, "walkingSeconds": 1008, "band": 15}]}, "geometry": {"type": "Point", "coordinates": [-122.333252, 47.6219673]}}, {"type": "Feature", "properties": {"id": "ba5970c3-dc2c-4b97-922f-70696f002651", "name": "tottini", "category": "toys", "tags": ["toys"], "sources": ["overture"], "website": "http://www.tottini.com/", "phone": "2062540400", "address": "259 Yale Ave N", "stations": [{"stopCode": 49, "lines": "1,2", "name": "Capitol Hill Station", "walkingMeters": 1036, "walkingSeconds": 752, "band": 15}, {"stopCode": 50, "lines": "1,2", "name": "Westlake Station", "walkingMeters": 1230, "walkingSeconds": 887, "band": 15}]}, "geometry": {"type": "Point", "coordinates": [-122.3304214, 47.6203117]}}, {"type": "Feature", "properties": {"id": "c9f7b3a6-5049-48e6-ad52-12219f1ad43e", "name": "Velocity Art and Design", "category": "furniture", "tags": ["furniture"], "sources": ["overture"], "website": "http://www.velocityartanddesign.com", "phone": "(206) 749-9577", "address": "251 Yale Ave N", "stations": [{"stopCode": 49, "lines": "1,2", "name": "Capitol Hill Station", "walkingMeters": 1029, "walkingSeconds": 747, "band": 15}, {"stopCode": 50, "lines": "1,2", "name": "Westlake Station", "walkingMeters": 1223, "walkingSeconds": 882, "band": 15}]}, "geometry": {"type": "Point", "coordinates": [-122.330452, 47.6202545]}}, {"type": "Feature", "properties": {"id": "baaf92f4-ed72-4372-8c5f-bbd037062b41", "name": "CVS Pharmacy", "category": "pharmacy", "tags": ["pharmacy"], "sources": ["overture"], "website": "https://www.cvs.com/store-locator/landing", "phone": "+12065052330", "address": "503 Westlake Ave N"}, "geometry": {"type": "Point", "coordinates": [-122.3387222, 47.6233559]}}, {"type": "Feature", "properties": {"id": 12621314341, "name": "Walgreens", "category": "pharmacy", "tags": ["pharmacy"], "sources": ["osm"], "address": "951 Mercer Street"}, "geometry": {"type": "Point", "coordinates": [-122.3381051, 47.624414]}}, {"type": "Feature", "properties": {"id": 10795766511, "name": "Kinwell", "category": "clinic", "tags": ["clinic"], "sources": ["osm"], "address": "224 Westlake Avenue North", "hours": "Mo-Fr 08:00-17:00", "stations": [{"stopCode": 50, "lines": "1,2", "name": "Westlake Station", "walkingMeters": 1081, "walkingSeconds": 780, "band": 15}]}, "geometry": {"type": "Point", "coordinates": [-122.3382461, 47.62057]}}, {"type": "Feature", "properties": {"id": "0d27b647-0442-4a8e-893e-20bb884ea237", "name": "Bartell Drugs", "category": "pharmacy", "tags": ["pharmacy"], "sources": ["overture"], "address": "1001 Mercer St"}, "geometry": {"type": "Point", "coordinates": [-122.3367615, 47.6240997]}}, {"type": "Feature", "properties": {"id": "a710fdaa-7f39-41b8-9304-ea0e788ed03f", "name": "Walgreens Pharmacy", "category": "pharmacy", "tags": ["pharmacy"], "sources": ["overture"], "website": "https://www.walgreens.com", "phone": "+12067012262", "address": "951 Mercer St"}, "geometry": {"type": "Point", "coordinates": [-122.3381805, 47.6243591]}}, {"type": "Feature", "properties": {"id": "6418a2ae-c6e1-4380-8be9-401bd6d1ac4d", "name": "Surgical Specialties Clinics at Harborview", "category": "hospital", "tags": ["hospital"], "sources": ["overture"], "website": "http://www.uwmedicine.org/locations/chest-at-harborview", "phone": "+12065205000", "address": "410 9th Ave N", "stations": [{"stopCode": 50, "lines": "1,2", "name": "Westlake Station", "walkingMeters": 1621, "walkingSeconds": 1210, "band": 15}]}, "geometry": {"type": "Point", "coordinates": [-122.339592, 47.6226196]}}, {"type": "Feature", "properties": {"id": "1e9b2fd1-9087-4333-a30b-2b162fe3cfd5", "name": "Seattle Biomed", "category": "clinic", "tags": ["clinic", "medical"], "sources": ["overture"], "website": "https://www.cszseattle.com", "phone": "+12062567229", "address": "307 Westlake Ave N Ste 500", "stations": [{"stopCode": 50, "lines": "1,2", "name": "Westlake Station", "walkingMeters": 1420, "walkingSeconds": 1060, "band": 15}]}, "geometry": {"type": "Point", "coordinates": [-122.3388748, 47.6212883]}}, {"type": "Feature", "properties": {"id": "037896a4-419e-4435-8913-30bd6d3228bc", "name": "Kristen L. Eglington, Pharmd", "category": "pharmacy", "tags": ["pharmacy"], "sources": ["overture"], "website": "https://www2.providence.org/pages/default.aspx", "phone": "12063204000", "address": "425 Pontius Ave N  Ste 300", "stations": [{"stopCode": 49, "lines": "1,2", "name": "Capitol Hill Station", "walkingMeters": 1273, "walkingSeconds": 950, "band": 15}]}, "geometry": {"type": "Point", "coordinates": [-122.3320847, 47.6227074]}}, {"type": "Feature", "properties": {"id": 2312065978, "name": "KeyBank", "category": "bank", "tags": ["bank", "credit", "union"], "sources": ["osm", "overture"], "website": "https://www.key.com/locations/WA/Seattle/BRCH47310709/428-Westlake-Ave-N?ppc=cmpyxt", "phone": "+12064032160", "address": "428 Westlake Ave N", "hours": "Mo-Th 09:00-17:00; Fr 09:00-18:00"}, "geometry": {"type": "Point", "coordinates": [-122.338225, 47.6230582]}}, {"type": "Feature", "properties": {"id": "e27839d5-98f4-4bf0-89df-3481b2f7dc92", "name": "The UPS Store", "category": "post_office", "tags": ["post-office", "office"], "sources": ["overture"], "website": "https://locations.theupsstore.com/wa/seattle/508-yale-ave-n?utm_source=Yext&utm_medium=organic&utm_campaign=Listings", "phone": "+12065880901", "address": "508 YALE AVE N", "stations": [{"stopCode": 49, "lines": "1,2", "name": "Capitol Hill Station", "walkingMeters": 1162, "walkingSeconds": 867, "band": 15}]}, "geometry": {"type": "Point", "coordinates": [-122.3301697, 47.6234627]}}, {"type": "Feature", "properties": {"id": 12377251755, "name": "Wells Fargo", "category": "bank", "tags": ["bank"], "sources": ["osm"], "website": "https://www.wellsfargo.com/locator/bank/510__TERRY__AVE__N_SEATTLE_WA_98109/", "phone": "+1-206-903-1390", "address": "510 Terry Avenue North", "hours": "Mo-Fr 09:00-17:00"}, "geometry": {"type": "Point", "coordinates": [-122.3369222, 47.6235605]}}, {"type": "Feature", "properties": {"id": 2400030142, "name": "Chase", "category": "bank", "tags": ["bank", "wheelchair-accessible"], "sources": ["osm"], "website": "https://locator.chase.com/wa/seattle/350-westlake-ave-n", "phone": "+1-206-447-3010", "address": "350 Westlake Avenue North", "hours": "Mo-Fr 09:00-17:00; Sa-Su closed", "stations": [{"stopCode": 50, "lines": "1,2", "name": "Westlake Station", "walkingMeters": 1195, "walkingSeconds": 862, "band": 15}]}, "geometry": {"type": "Point", "coordinates": [-122.338191, 47.6215834]}}, {"type": "Feature", "properties": {"id": 2513576444, "name": "First Tech Federal Credit Union", "category": "bank", "tags": ["bank"], "sources": ["osm"], "website": "https://www.firsttechfed.com/", "hours": "Mo-Fr 09:00-17:00; Sa 10:00-15:00"}, "geometry": {"type": "Point", "coordinates": [-122.337321, 47.6240216]}}, {"type": "Feature", "properties": {"id": 231663361, "name": "Capital One", "category": "bank", "tags": ["bank", "wifi"], "sources": ["osm"], "website": "https://www.capitalone.com", "address": "333 Westlake Avenue North", "stations": [{"stopCode": 50, "lines": "1,2", "name": "Westlake Station", "walkingMeters": 1247, "walkingSeconds": 900, "band": 15}]}, "geometry": {"type": "Point", "coordinates": [-122.3388609, 47.6218745]}}, {"type": "Feature", "properties": {"id": "c31d9bb8-3855-4462-a752-865b41be7bed", "name": "Arnold Library", "category": "library", "tags": ["library"], "sources": ["overture"], "website": "https://www.fredhutch.org/en.html", "phone": "(206) 667-4314", "address": "1100 Fairview Ave N"}, "geometry": {"type": "Point", "coordinates": [-122.3316116, 47.6273117]}}, {"type": "Feature", "properties": {"id": "f69af008-e141-4fa2-9718-f5b3b42a30cc", "name": "Lake Union Escrow", "category": "bank", "tags": ["bank", "credit", "union"], "sources": ["overture"], "website": "http://www.lakeunionescrow.com", "phone": "+12064479990", "address": "425 Pontius Ave N", "stations": [{"stopCode": 49, "lines": "1,2", "name": "Capitol Hill Station", "walkingMeters": 1276, "walkingSeconds": 952, "band": 15}]}, "geometry": {"type": "Point", "coordinates": [-122.3320923, 47.622757]}}, {"type": "Feature", "properties": {"id": "fabff16f-821a-4870-ae21-d17f98e035f3", "name": "Wells Fargo Bank", "category": "bank", "tags": ["bank", "credit", "union"], "sources": ["overture"], "website": "https://www.wellsfargo.com/locator/bank/510__TERRY__AVE__N_SEATTLE_WA_98109/?utm_campaign=Local_Listings&utm_source=Others&group=Community_Bank&loc=AA05971", "phone": "2069031390", "address": "510 Terry Ave N"}, "geometry": {"type": "Point", "coordinates": [-122.3367538, 47.623497]}}, {"type": "Feature", "properties": {"id": "d6929279-55b1-441a-9d13-f3605db0d193", "name": "Club Pilates", "category": "fitness_centre", "tags": ["fitness-centre", "pilates", "studio"], "sources": ["overture"], "website": "https://www.clubpilates.com/southlakeunion/", "phone": "+12062945944", "address": "413 Fairview Ave N"}, "geometry": {"type": "Point", "coordinates": [-122.3345032, 47.62257]}}, {"type": "Feature", "properties": {"id": "365347e4-74ff-4086-9689-8669fc4130b2", "name": "F45 Training", "category": "fitness_centre", "tags": ["fitness-centre", "gym"], "sources": ["overture"], "website": "https://f45training.com/southlakeunion", "address": "1280 Harrison Street, South Lake Union", "stations": [{"stopCode": 49, "lines": "1,2", "name": "Capitol Hill Station", "walkingMeters": 1257, "walkingSeconds": 912, "band": 15}]}, "geometry": {"type": "Point", "coordinates": [-122.3308411, 47.6222038]}}, {"type": "Feature", "properties": {"id": "356a4658-332e-41fa-9e39-d111c98bc1e7", "name": "Flow Fitness", "category": "fitness_centre", "tags": ["fitness-centre", "gym"], "sources": ["overture"], "website": "http://flowfitnessseattle.com/", "phone": "+12066217246", "address": "311 Terry Ave N", "stations": [{"stopCode": 50, "lines": "1,2", "name": "Westlake Station", "walkingMeters": 1240, "walkingSeconds": 894, "band": 15}]}, "geometry": {"type": "Point", "coordinates": [-122.3374634, 47.6213684]}}, {"type": "Feature", "properties": {"id": 2399978696, "name": "CycleBar", "category": "fitness_centre", "tags": ["fitness-centre", "cycling"], "sources": ["osm"], "address": "1288 Harrison Street", "stations": [{"stopCode": 49, "lines": "1,2", "name": "Capitol Hill Station", "walkingMeters": 1240, "walkingSeconds": 900, "band": 15}]}, "geometry": {"type": "Point", "coordinates": [-122.3306071, 47.6220981]}}, {"type": "Feature", "properties": {"id": 2399978729, "name": "Row House", "category": "fitness_centre", "tags": ["fitness-centre", "indoor-rowing"], "sources": ["osm"], "website": "https://www.therowhouse.com/", "phone": "+1-206-338-6007", "address": "419 Fairview Avenue North", "hours": "Mo-Fr 06:00-20:00; Sa 08:30-12:00; Su 08:30-13:00"}, "geometry": {"type": "Point", "coordinates": [-122.3345844, 47.6227332]}}, {"type": "Feature", "properties": {"id": "530ce451-b287-4ae2-83c1-80faa8df3241", "name": "StretchLab", "category": "fitness_centre", "tags": ["fitness-centre", "gym"], "sources": ["overture"], "website": "http://stretchlab.com/location/southlakeunion", "phone": "2063852500", "address": "1168 Republican St"}, "geometry": {"type": "Point", "coordinates": [-122.3335114, 47.6232147]}}, {"type": "Feature", "properties": {"id": "8dfc3d9b-4ec3-436e-9df8-a2c9c6ac8583", "name": "YogaSix", "category": "fitness_centre", "tags": ["fitness-centre", "yoga", "studio"], "sources": ["overture"], "website": "http://www.yogasix.com/south-lake-union", "phone": "+14805443394", "address": "620 Boren Ave N Block 25 W"}, "geometry": {"type": "Point", "coordinates": [-122.3357468, 47.6251984]}}, {"type": "Feature", "properties": {"id": 5080608021, "name": "Transform 180", "category": "fitness_centre", "tags": ["fitness-centre"], "sources": ["osm"], "address": "300 Fairview Avenue North", "stations": [{"stopCode": 50, "lines": "1,2", "name": "Westlake Station", "walkingMeters": 1221, "walkingSeconds": 880, "band": 15}, {"stopCode": 49, "lines": "1,2", "name": "Capitol Hill Station", "walkingMeters": 1333, "walkingSeconds": 968, "band": 15}]}, "geometry": {"type": "Point", "coordinates": [-122.3339604, 47.620996]}}, {"type": "Feature", "properties": {"id": "fbe5d752-7e05-4cdd-9492-e57d8249a31a", "name": "Ripple Yoga", "category": "fitness_centre", "tags": ["fitness-centre", "yoga", "studio"], "sources": ["overture"], "website": "http://rippleyoga.com", "phone": "(206) 623-0444", "address": "1311 Republican St", "stations": [{"stopCode": 49, "lines": "1,2", "name": "Capitol Hill Station", "walkingMeters": 1373, "walkingSeconds": 995, "band": 15}]}, "geometry": {"type": "Point", "coordinates": [-122.3300247, 47.6229973]}}, {"type": "Feature", "properties": {"id": "673ad312-d3b8-4e58-9df3-82823c1054fd", "name": "League Lab", "category": "sports_centre", "tags": ["sports-centre", "sports", "club", "league"], "sources": ["overture"], "phone": "18778541350", "address": "426 Yale Ave N", "stations": [{"stopCode": 49, "lines": "1,2", "name": "Capitol Hill Station", "walkingMeters": 1116, "walkingSeconds": 833, "band": 15}]}, "geometry": {"type": "Point", "coordinates": [-122.3302231, 47.6227875]}}, {"type": "Feature", "properties": {"id": "13909cbe-25f1-4744-80cc-1227a7c0593a", "name": "C.O.R Academy Officiating", "category": "fitness_centre", "tags": ["fitness-centre", "fitness", "trainer"], "sources": ["overture"], "website": "https://www.coracademyofficiating.com/", "phone": "+12066255011", "address": "227 Westlake Ave N", "stations": [{"stopCode": 50, "lines": "1,2", "name": "Westlake Station", "walkingMeters": 1288, "walkingSeconds": 961, "band": 15}]}, "geometry": {"type": "Point", "coordinates": [-122.3387833, 47.6203728]}}, {"type": "Feature", "properties": {"id": "afaf8f56-becd-4e49-877c-0ea45a07f59f", "name": "Transform 180 Fitness", "category": "fitness_centre", "tags": ["fitness-centre", "fitness", "trainer"], "sources": ["overture"], "website": "http://www.transform180training.com", "phone": "+12067555004", "address": "300 Fairview Ave N", "stations": [{"stopCode": 50, "lines": "1,2", "name": "Westlake Station", "walkingMeters": 1216, "walkingSeconds": 877, "band": 15}, {"stopCode": 49, "lines": "1,2", "name": "Capitol Hill Station", "walkingMeters": 1338, "walkingSeconds": 971, "band": 15}]}, "geometry": {"type": "Point", "coordinates": [-122.3340225, 47.6209068]}}, {"type": "Feature", "properties": {"id": "26976af6-ca15-4e4a-b166-5ed95575e08b", "name": "DRIFT Yoga and Juice Bar", "category": "fitness_centre", "tags": ["fitness-centre", "yoga", "studio"], "sources": ["overture"], "website": "https://www.driftyogajuicebar.com/", "phone": "+12066183928", "address": "1251 Harrison St", "stations": [{"stopCode": 49, "lines": "1,2", "name": "Capitol Hill Station", "walkingMeters": 1259, "walkingSeconds": 913, "band": 15}]}, "geometry": {"type": "Point", "coordinates": [-122.3310776, 47.6218834]}}]}