{"type": "FeatureCollection", "features": [{"type": "Feature", "properties": {"id": 697212593, "name": "Starbucks", "category": "cafe", "tags": ["cafe", "coffee-shop", "takeaway", "coffee"], "sources": ["osm", "overture"], "website": "https://www.starbucks.com/store-locator/store/8021", "phone": "+14254550870", "address": "10116 Ne 8th St"}, "geometry": {"type": "Point", "coordinates": [-122.2048205, 47.6183782]}}, {"type": "Feature", "properties": {"id": 1271662639, "name": "Starbucks", "category": "cafe", "tags": ["cafe", "coffee-shop", "takeaway", "wheelchair-accessible", "wifi", "coffee"], "sources": ["osm", "overture"], "website": "https://www.starbucks.com/store-locator/store/18615/", "phone": "+14254525534", "address": "545 Bellevue Sq", "stations": [{"stopCode": 58, "lines": "2", "name": "Bellevue Downtown Station", "walkingMeters": 1104, "walkingSeconds": 795, "band": 15}]}, "geometry": {"type": "Point", "coordinates": [-122.201985, 47.6170396]}}, {"type": "Feature", "properties": {"id": 3905077170, "name": "Starbucks", "category": "cafe", "tags": ["cafe", "coffee-shop", "takeaway", "wheelchair-accessible", "wifi"], "sources": ["osm"], "website": "https://www.starbucks.com/store-locator/store/18416/bellevue-10214-ne-8th-bellevue-wa-980044217-us", "phone": "+1-425-454-0191", "address": "10214 Northeast 8th Street", "stations": [{"stopCode": 58, "lines": "2", "name": "Bellevue Downtown Station", "walkingMeters": 1288, "walkingSeconds": 931, "band": 15}]}, "geometry": {"type": "Point", "coordinates": [-122.2039641, 47.6177359]}}, {"type": "Feature", "properties": {"id": 5366985122, "name": "Starbucks", "category": "cafe", "tags": ["cafe", "coffee-shop", "takeaway", "wheelchair-accessible", "coffee"], "sources": ["osm", "overture"], "website": "https://www.starbucks.com/store-locator/store/11038/safeway-bellevue-1600-300-bellevue-way-ne-bellevue-wa-980045718-us", "phone": "4256208884", "address": "10415 NE 4th St", "stations": [{"stopCode": 58, "lines": "2", "name": "Bellevue Downtown Station", "walkingMeters": 1082, "walkingSeconds": 780, "band": 15}]}, "geometry": {"type": "Point", "coordinates": [-122.2013922, 47.6131232]}}, {"type": "Feature", "properties": {"id": 6313239766, "name": "Starbucks", "category": "cafe", "tags": ["cafe", "coffee-shop", "takeaway", "wifi"], "sources": ["osm", "overture"], "website": "https://www.starbucks.com/store-locator/store/16023/", "phone": "+14254529425", "address": "42 Bellevue Way Ne", "stations": [{"stopCode": 57, "lines": "2", "name": "East Main Station", "walkingMeters": 1070, "walkingSeconds": 770, "band": 15}, {"stopCode": 58, "lines": "2", "name": "Bellevue Downtown Station", "walkingMeters": 1348, "walkingSeconds": 970, "band": 15}]}, "geometry": {"type": "Point", "coordinates": [-122.2006734, 47.6104785]}}, {"type": "Feature", "properties": {"id": 11217037201, "name": "Starbucks", "category": "cafe", "tags": ["cafe", "coffee-shop", "takeaway", "wheelchair-accessible", "coffee", "fast-food"], "sources": ["osm", "overture"], "website": "https://www.starbucks.com/store-locator/store/18691/", "phone": "+14254518102", "address": "241 Bellevue Sq"}, "geometry": {"type": "Point", "coordinates": [-122.2041198, 47.615487]}}, {"type": "Feature", "properties": {"id": "f9d4f35d-dfbe-45f6-80e7-8434f71a23b7", "name": "McDonald's", "category": "restaurant", "tags": ["restaurant", "burger", "fast-food"], "sources": ["overture"], "website": "https://www.mcdonalds.com/us/en-us/location/wa/bellevue/169-bellevue-square/25355.html?cid=RF:YXT:RoN::Clicks", "phone": "4254620103", "address": "169 Bellevue Square", "stations": [{"stopCode": 58, "lines": "2", "name": "Bellevue Downtown Station", "walkingMeters": 1444, "walkingSeconds": 1038, "band": 15}]}, "geometry": {"type": "Point", "coordinates": [-122.2041931, 47.6149864]}}, {"type": "Feature", "properties": {"id": 541389148, "name": "Cafe Bollywood", "category": "restaurant", "tags": ["restaurant", "indian", "asian"], "sources": ["osm", "overture"], "website": "https://cafebollywoodusa.com/", "phone": "+14256419997", "address": "102 Bellevue Way NE Suite B", "hours": "Tu-Su 12:00-15:00,16:30-24:00", "stations": [{"stopCode": 57, "lines": "2", "name": "East Main Station", "walkingMeters": 1104, "walkingSeconds": 794, "band": 15}, {"stopCode": 58, "lines": "2", "name": "Bellevue Downtown Station", "walkingMeters": 1382, "walkingSeconds": 994, "band": 15}]}, "geometry": {"type": "Point", "coordinates": [-122.201252, 47.6113573]}}, {"type": "Feature", "properties": {"id": 541389153, "name": "Garlic Crush", "category": "restaurant", "tags": ["restaurant", "greek", "wheelchair-accessible", "mediterranean", "bar-and-grill"], "sources": ["osm", "overture"], "website": "http://www.garliccrush.com/", "phone": "+14254552235", "address": "102 Bellevue Way NE", "stations": [{"stopCode": 57, "lines": "2", "name": "East Main Station", "walkingMeters": 1104, "walkingSeconds": 794, "band": 15}, {"stopCode": 58, "lines": "2", "name": "Bellevue Downtown Station", "walkingMeters": 1382, "walkingSeconds": 994, "band": 15}]}, "geometry": {"type": "Point", "coordinates": [-122.201252, 47.6114093]}}, {"type": "Feature", "properties": {"id": 7802040988, "name": "Molly Moon's Homemade Ice Cream", "category": "ice_cream", "tags": ["ice-cream"], "sources": ["osm"]}, "geometry": {"type": "Point", "coordinates": [-122.2039408, 47.6107495]}}, {"type": "Feature", "properties": {"id": "9cab44e7-5778-4ded-a33b-f282c33f2136", "name": "Pagliacci Pizza", "category": "restaurant", "tags": ["restaurant", "pizza", "italian"], "sources": ["overture"], "website": "http://www.pagliacci.com/", "phone": "+14254531717", "address": "8 100th Ave NE"}, "geometry": {"type": "Point", "coordinates": [-122.2064667, 47.6105003]}}, {"type": "Feature", "properties": {"id": "6781096a-834d-458b-996b-bc54b3fd54cc", "name": "Pagliacci Pizza", "category": "restaurant", "tags": ["restaurant", "pizza"], "sources": ["overture"], "website": "http://www.pagliacci.com/", "phone": "(425) 453-1717", "address": "563 Bellevue Sq", "stations": [{"stopCode": 58, "lines": "2", "name": "Bellevue Downtown Station", "walkingMeters": 1181, "walkingSeconds": 850, "band": 15}]}, "geometry": {"type": "Point", "coordinates": [-122.2027969, 47.6174164]}}, {"type": "Feature", "properties": {"id": 1954041809, "name": "Mediterranean Kitchen", "category": "restaurant", "tags": ["restaurant", "mediterranean"], "sources": ["osm"], "stations": [{"stopCode": 57, "lines": "2", "name": "East Main Station", "walkingMeters": 1123, "walkingSeconds": 813, "band": 15}, {"stopCode": 58, "lines": "2", "name": "Bellevue Downtown Station", "walkingMeters": 1306, "walkingSeconds": 939, "band": 15}]}, "geometry": {"type": "Point", "coordinates": [-122.2018006, 47.6113755]}}, {"type": "Feature", "properties": {"id": 9480333564, "name": "Taco Del Mar", "category": "fast_food", "tags": ["fast-food", "mexican", "takeaway", "vegetarian", "restaurant", "taco", "texmex"], "sources": ["osm", "overture"], "website": "http://www.tacodelmar.com/", "phone": "+14254500094", "address": "575 Bellevue Sq"}, "geometry": {"type": "Point", "coordinates": [-122.2049354, 47.616714]}}, {"type": "Feature", "properties": {"id": 11217037190, "name": "Caffe Vita", "category": "cafe", "tags": ["cafe", "coffee-shop", "coffee"], "sources": ["osm", "overture"], "website": "http://www.caffevita.com", "phone": "+14257779171", "address": "575 Bellevue Square", "stations": [{"stopCode": 58, "lines": "2", "name": "Bellevue Downtown Station", "walkingMeters": 1093, "walkingSeconds": 787, "band": 15}]}, "geometry": {"type": "Point", "coordinates": [-122.2038756, 47.6156647]}}, {"type": "Feature", "properties": {"id": 1206853622, "name": "Wild Ginger", "category": "restaurant", "tags": ["restaurant", "asian", "wheelchair-accessible", "fusion"], "sources": ["osm", "overture"], "website": "http://www.wildginger.net/", "phone": "+14254958889", "address": "508 Bellevue Way NE", "stations": [{"stopCode": 58, "lines": "2", "name": "Bellevue Downtown Station", "walkingMeters": 988, "walkingSeconds": 711, "band": 10}]}, "geometry": {"type": "Point", "coordinates": [-122.2013763, 47.6149729]}}, {"type": "Feature", "properties": {"id": 1326151822, "name": "Seoul Bowl", "category": "restaurant", "tags": ["restaurant", "korean", "takeaway", "delivery"], "sources": ["osm", "overture"], "website": "https://www.seoulbowlco.com/location", "address": "500 Bellevue Way NE #248", "hours": "Mo-Sa 11:00-21:00; Su 11:00-19:00", "stations": [{"stopCode": 58, "lines": "2", "name": "Bellevue Downtown Station", "walkingMeters": 1044, "walkingSeconds": 750, "band": 10}]}, "geometry": {"type": "Point", "coordinates": [-122.2009774, 47.6143979]}}, {"type": "Feature", "properties": {"id": 1271647480, "name": "STK Steakhouse", "category": "restaurant", "tags": ["restaurant", "steak-house"], "sources": ["osm"], "website": "https://stksteakhouse.com", "address": "610 Bellevue Way Northeast", "stations": [{"stopCode": 58, "lines": "2", "name": "Bellevue Downtown Station", "walkingMeters": 939, "walkingSeconds": 677, "band": 10}]}, "geometry": {"type": "Point", "coordinates": [-122.201426, 47.6157672]}}, {"type": "Feature", "properties": {"id": 1271649364, "name": "Earls", "category": "restaurant", "tags": ["restaurant", "american", "wheelchair-accessible", "vegetarian", "vegan", "gluten-free"], "sources": ["osm"], "website": "https://earls.ca/locations/bellevue", "phone": "+1-425-452-3275", "address": "700 Bellevue Way Northeast", "stations": [{"stopCode": 58, "lines": "2", "name": "Bellevue Downtown Station", "walkingMeters": 999, "walkingSeconds": 720, "band": 15}]}, "geometry": {"type": "Point", "coordinates": [-122.2014378, 47.6163036]}}, {"type": "Feature", "properties": {"id": 1271661890, "name": "Bellevue Water Grill", "category": "restaurant", "tags": ["restaurant", "seafood", "wheelchair-accessible"], "sources": ["osm"], "address": "115 Bellevue Way Northeast", "stations": [{"stopCode": 58, "lines": "2", "name": "Bellevue Downtown Station", "walkingMeters": 1084, "walkingSeconds": 781, "band": 15}]}, "geometry": {"type": "Point", "coordinates": [-122.201356, 47.6171058]}}, {"type": "Feature", "properties": {"id": 1271662500, "name": "Joey", "category": "restaurant", "tags": ["restaurant", "wheelchair-accessible"], "sources": ["osm"], "address": "Bellevue Way Northeast", "stations": [{"stopCode": 58, "lines": "2", "name": "Bellevue Downtown Station", "walkingMeters": 1121, "walkingSeconds": 808, "band": 15}]}, "geometry": {"type": "Point", "coordinates": [-122.201437, 47.6177957]}}, {"type": "Feature", "properties": {"id": 1271663198, "name": "Shake Shack", "category": "fast_food", "tags": ["fast-food", "burger", "outdoor-seating", "indoor-seating", "takeaway", "child-friendly", "air-conditioned", "restaurant", "american"], "sources": ["osm", "overture"], "website": "https://shakeshack.com/location/bellevue-square-wa?utm_source=listing&utm_medium=listing", "phone": "+14254721182", "address": "503 Bellevue Sq", "hours": "Su-Th 10:30-23:00; Fr-Sa 10:30-24:00", "stations": [{"stopCode": 58, "lines": "2", "name": "Bellevue Downtown Station", "walkingMeters": 1029, "walkingSeconds": 741, "band": 15}]}, "geometry": {"type": "Point", "coordinates": [-122.2019456, 47.6163433]}}, {"type": "Feature", "properties": {"id": 1271663393, "name": "Castilla Restaurant and Tapas Bar", "category": "restaurant", "tags": ["restaurant", "tapas", "spanish"], "sources": ["osm"], "address": "504 Bellevue Way Northeast", "stations": [{"stopCode": 58, "lines": "2", "name": "Bellevue Downtown Station", "walkingMeters": 1043, "walkingSeconds": 752, "band": 15}]}, "geometry": {"type": "Point", "coordinates": [-122.201957, 47.6164741]}}, {"type": "Feature", "properties": {"id": 3883947003, "name": "Cantinetta", "category": "restaurant", "tags": ["restaurant", "italian"], "sources": ["osm"], "address": "10038 Main Street"}, "geometry": {"type": "Point", "coordinates": [-122.2048875, 47.6102896]}}, {"type": "Feature", "properties": {"id": 3926527636, "name": "Daniel's Broiler", "category": "restaurant", "tags": ["restaurant", "steak-house", "wheelchair-accessible", "steakhouse", "american"], "sources": ["osm", "overture"], "website": "http://www.schwartzbros.com", "phone": "+14254624662", "address": "10500 NE 8th St", "hours": "Tu-Sa 16:00-22:00", "stations": [{"stopCode": 58, "lines": "2", "name": "Bellevue Downtown Station", "walkingMeters": 1023, "walkingSeconds": 737, "band": 15}]}, "geometry": {"type": "Point", "coordinates": [-122.2003087, 47.6179129]}}, {"type": "Feature", "properties": {"id": 1954021021, "name": "520 Bar and Grill", "category": "restaurant", "tags": ["restaurant", "american"], "sources": ["osm"]}, "geometry": {"type": "Point", "coordinates": [-122.2043689, 47.6102725]}}, {"type": "Feature", "properties": {"id": 5338134723, "name": "Ben & Jerry's", "category": "ice_cream", "tags": ["ice-cream", "wheelchair-accessible"], "sources": ["osm"], "address": "166 Bellevue Square", "stations": [{"stopCode": 58, "lines": "2", "name": "Bellevue Downtown Station", "walkingMeters": 1389, "walkingSeconds": 999, "band": 15}]}, "geometry": {"type": "Point", "coordinates": [-122.2041383, 47.6150896]}}, {"type": "Feature", "properties": {"id": 9333153668, "name": "Emerald City Smoothie", "category": "fast_food", "tags": ["fast-food", "juice"], "sources": ["osm"], "stations": [{"stopCode": 58, "lines": "2", "name": "Bellevue Downtown Station", "walkingMeters": 1296, "walkingSeconds": 934, "band": 15}]}, "geometry": {"type": "Point", "coordinates": [-122.2021108, 47.6125536]}}, {"type": "Feature", "properties": {"id": 9480333583, "name": "Panda Express", "category": "fast_food", "tags": ["fast-food", "chinese", "takeaway", "restaurant", "asian"], "sources": ["osm", "overture"], "website": "http://www.pandaexpress.com/", "phone": "+14254548289", "address": "119 Bellevue Way Ne", "hours": "Mo-Sa 10:00-21:00; Su 10:00-19:00", "stations": [{"stopCode": 58, "lines": "2", "name": "Bellevue Downtown Station", "walkingMeters": 1093, "walkingSeconds": 787, "band": 15}]}, "geometry": {"type": "Point", "coordinates": [-122.2033029, 47.6154658]}}, {"type": "Feature", "properties": {"id": "89dba9bf-61e2-402e-b376-84864b59d10f", "name": "Panda Express", "category": "fast_food", "tags": ["fast-food", "fast", "food", "asian"], "sources": ["overture"], "website": "https://www.pandaexpress.com/locations/wa/bellevue/2475", "phone": "4254548289", "address": "119 Bellevue Way NE", "stations": [{"stopCode": 57, "lines": "2", "name": "East Main Station", "walkingMeters": 1146, "walkingSeconds": 829, "band": 15}, {"stopCode": 58, "lines": "2", "name": "Bellevue Downtown Station", "walkingMeters": 1259, "walkingSeconds": 905, "band": 15}]}, "geometry": {"type": "Point", "coordinates": [-122.2016144, 47.6116676]}}, {"type": "Feature", "properties": {"id": 1391221517, "name": "Drip Tea", "category": "cafe", "tags": ["cafe", "bubble-tea", "takeaway", "dog-friendly", "wifi"], "sources": ["osm"], "website": "https://thedriptea.com", "phone": "+1-425-502-7650", "address": "500 Bellevue Way Northeast", "hours": "Mo-Sa 11:00-21:00; Su 11:00-19:00", "stations": [{"stopCode": 58, "lines": "2", "name": "Bellevue Downtown Station", "walkingMeters": 1042, "walkingSeconds": 749, "band": 10}]}, "geometry": {"type": "Point", "coordinates": [-122.2010849, 47.6143823]}}, {"type": "Feature", "properties": {"id": 5235764158, "name": "Salt & Straw", "category": "ice_cream", "tags": ["ice-cream", "wheelchair-accessible"], "sources": ["osm"], "website": "https://saltandstraw.com", "address": "10415 Northeast 4th Street", "stations": [{"stopCode": 58, "lines": "2", "name": "Bellevue Downtown Station", "walkingMeters": 1025, "walkingSeconds": 738, "band": 15}]}, "geometry": {"type": "Point", "coordinates": [-122.2013374, 47.6136436]}}, {"type": "Feature", "properties": {"id": "5cc8a5b4-8ba3-4513-91d7-440b24738c80", "name": "Sizzle & Crunch", "category": "restaurant", "tags": ["restaurant", "vietnamese"], "sources": ["overture"], "website": "https://sizzleandcrunch.com", "address": "10438 NE 10th St", "stations": [{"stopCode": 58, "lines": "2", "name": "Bellevue Downtown Station", "walkingMeters": 1282, "walkingSeconds": 924, "band": 15}]}, "geometry": {"type": "Point", "coordinates": [-122.2004547, 47.6198196]}}, {"type": "Feature", "properties": {"id": 3651436328, "name": "Black Bottle", "category": "restaurant", "tags": ["restaurant", "wheelchair-accessible"], "sources": ["osm"], "address": "919 Bellevue Way Northeast", "stations": [{"stopCode": 58, "lines": "2", "name": "Bellevue Downtown Station", "walkingMeters": 1256, "walkingSeconds": 904, "band": 15}]}, "geometry": {"type": "Point", "coordinates": [-122.2019875, 47.6187583]}}, {"type": "Feature", "properties": {"id": 33613466, "name": "MOD Pizza", "category": "fast_food", "tags": ["fast-food", "pizza", "outdoor-seating", "takeaway", "wheelchair-accessible", "restaurant"], "sources": ["osm", "overture"], "website": "https://locations.modpizza.com/usa/wa/bellevue/317-bellevue-way-ne?utm_source=facebook&utm_medium=yext", "phone": "+14254550141", "address": "317 Bellevue Way NE", "hours": "Su-We 10:30-22:00; Th-Sa 10:30-23:00", "stations": [{"stopCode": 58, "lines": "2", "name": "Bellevue Downtown Station", "walkingMeters": 1087, "walkingSeconds": 783, "band": 15}]}, "geometry": {"type": "Point", "coordinates": [-122.2019558, 47.6133409]}}, {"type": "Feature", "properties": {"id": "ed34dc76-8e16-414d-b7a0-358a6d2f4c4b", "name": "Teriyaki Bowl", "category": "restaurant", "tags": ["restaurant", "asian"], "sources": ["overture"], "website": "http://seattle.citysearch.com/profile/external/10728481/bellevue_wa/teriyaki_bowl.html", "phone": "(425) 451-7479", "address": "231 Bellevue Way NE", "stations": [{"stopCode": 58, "lines": "2", "name": "Bellevue Downtown Station", "walkingMeters": 1313, "walkingSeconds": 946, "band": 15}]}, "geometry": {"type": "Point", "coordinates": [-122.2022324, 47.612709]}}, {"type": "Feature", "properties": {"id": "0e3cd15b-2070-4586-bbe8-675d0a43cde1", "name": "Ruth's Chris Steak House", "category": "restaurant", "tags": ["restaurant", "steakhouse"], "sources": ["overture"], "website": "http://www.ruthschris.com", "phone": "(425) 451-1550", "address": "565 Bellevue Sq", "stations": [{"stopCode": 58, "lines": "2", "name": "Bellevue Downtown Station", "walkingMeters": 1182, "walkingSeconds": 852, "band": 15}]}, "geometry": {"type": "Point", "coordinates": [-122.2029495, 47.6172218]}}, {"type": "Feature", "properties": {"id": 5045488116, "name": "Fogo de Ch\u00e3o", "category": "restaurant", "tags": ["restaurant", "brazilian", "steak-house", "wheelchair-accessible", "steakhouse", "latin-american"], "sources": ["osm", "overture"], "website": "https://fogodechao.com/location/bellevue/", "phone": "+14254504004", "address": "440 Bellevue Way NE", "hours": "Mo-Th 11:00-21:30; Fr 11:00-22:00; Sa 11:30-22:00; Su 11:30-21:00", "stations": [{"stopCode": 58, "lines": "2", "name": "Bellevue Downtown Station", "walkingMeters": 1048, "walkingSeconds": 754, "band": 15}]}, "geometry": {"type": "Point", "coordinates": [-122.2013597, 47.6144352]}}, {"type": "Feature", "properties": {"id": 6717812106, "name": "Happy Lemon", "category": "cafe", "tags": ["cafe", "bubble-tea", "takeaway"], "sources": ["osm"], "website": "https://happylemonseattle.com/", "address": "1031 Bellevue Square"}, "geometry": {"type": "Point", "coordinates": [-122.2047415, 47.6160861]}}, {"type": "Feature", "properties": {"id": 6690017060, "name": "Jamba", "category": "fast_food", "tags": ["fast-food", "juice", "takeaway"], "sources": ["osm"], "website": "https://locations.jamba.com/wa/bellevue/131-bellevue-square", "phone": "+1-425-531-8282", "address": "131 Bellevue Square", "hours": "Mo-Sa 10:00-21:00; Su 11:00-19:00"}, "geometry": {"type": "Point", "coordinates": [-122.2045185, 47.6160861]}}, {"type": "Feature", "properties": {"id": 12615220498, "name": "Mochinut", "category": "fast_food", "tags": ["fast-food", "donut", "bubble-tea", "takeaway", "wheelchair-accessible"], "sources": ["osm"]}, "geometry": {"type": "Point", "coordinates": [-122.204629, 47.615794]}}, {"type": "Feature", "properties": {"id": 3921542489, "name": "Pasta & Co", "category": "cafe", "tags": ["cafe", "wheelchair-accessible"], "sources": ["osm"], "phone": "+1-425-453-8760", "address": "10218 Northeast 8th Street", "stations": [{"stopCode": 58, "lines": "2", "name": "Bellevue Downtown Station", "walkingMeters": 1272, "walkingSeconds": 920, "band": 15}]}, "geometry": {"type": "Point", "coordinates": [-122.2037569, 47.6177359]}}, {"type": "Feature", "properties": {"id": 4783748282, "name": "Nordstrom eBar", "category": "cafe", "tags": ["cafe", "wheelchair-accessible"], "sources": ["osm"], "stations": [{"stopCode": 58, "lines": "2", "name": "Bellevue Downtown Station", "walkingMeters": 1280, "walkingSeconds": 922, "band": 15}]}, "geometry": {"type": "Point", "coordinates": [-122.2042385, 47.616798]}}, {"type": "Feature", "properties": {"id": 2988437886, "name": "Din Tai Fung", "category": "restaurant", "tags": ["restaurant", "taiwanese", "wheelchair-accessible", "chinese", "dim-sum", "asian"], "sources": ["osm", "overture"], "website": "https://dtf.com/us/locations/bellevue.html", "phone": "+14256981095", "address": "10455 NE 8th St", "hours": "Mo-Th 11:00-21:00; Fr 11:00-22:00; Sa 10:30-22:00; Su 10:30-21:00", "stations": [{"stopCode": 58, "lines": "2", "name": "Bellevue Downtown Station", "walkingMeters": 1001, "walkingSeconds": 722, "band": 15}]}, "geometry": {"type": "Point", "coordinates": [-122.2005618, 47.6171329]}}, {"type": "Feature", "properties": {"id": 2868745248, "name": "Hokkaido Ramen Santouka", "category": "restaurant", "tags": ["restaurant", "japanese", "asian", "noodles"], "sources": ["osm", "overture"], "website": "https://www.santouka.co.jp/en/shop-foreign/usa/foreign01-010", "phone": "+14254620141", "address": "3rd, 103 Bellevue Way NE Suite 3", "hours": "11:00-21:00", "stations": [{"stopCode": 57, "lines": "2", "name": "East Main Station", "walkingMeters": 1131, "walkingSeconds": 819, "band": 15}, {"stopCode": 58, "lines": "2", "name": "Bellevue Downtown Station", "walkingMeters": 1324, "walkingSeconds": 952, "band": 15}]}, "geometry": {"type": "Point", "coordinates": [-122.2019644, 47.6113204]}}, {"type": "Feature", "properties": {"id": "2cbc4382-04f4-44c8-ae4b-4d6d7376a9b9", "name": "Quiznos", "category": "restaurant", "tags": ["restaurant", "sandwich"], "sources": ["overture"], "website": "http://www.quiznos.com", "phone": "(425) 709-6847", "address": "500 108th Ave NE", "stations": [{"stopCode": 58, "lines": "2", "name": "Bellevue Downtown Station", "walkingMeters": 1154, "walkingSeconds": 831, "band": 15}]}, "geometry": {"type": "Point", "coordinates": [-122.2019119, 47.612793]}}, {"type": "Feature", "properties": {"id": 2971057903, "name": "Farzi Caf\u00e9", "category": "restaurant", "tags": ["restaurant", "indian", "wheelchair-accessible"], "sources": ["osm", "overture"], "website": "https://www.exploretock.com/farzi-cafe-bellevue/", "phone": "+14255909276", "address": "515 Bellevue Square", "stations": [{"stopCode": 58, "lines": "2", "name": "Bellevue Downtown Station", "walkingMeters": 1064, "walkingSeconds": 766, "band": 15}]}, "geometry": {"type": "Point", "coordinates": [-122.2019692, 47.6166564]}}, {"type": "Feature", "properties": {"id": 2986971565, "name": "Monsoon East", "category": "restaurant", "tags": ["restaurant", "vietnamese", "wheelchair-accessible"], "sources": ["osm"], "website": "https://www.monsoonrestaurants.com/east/", "address": "10245 Main Street", "hours": "Mo-Fr 11:30-23:00; Sa 11:00-23:00", "stations": [{"stopCode": 57, "lines": "2", "name": "East Main Station", "walkingMeters": 1112, "walkingSeconds": 799, "band": 15}]}, "geometry": {"type": "Point", "coordinates": [-122.2031144, 47.6100391]}}, {"type": "Feature", "properties": {"id": 3073269015, "name": "The Cheesecake Factory", "category": "restaurant", "tags": ["restaurant", "american", "outdoor-seating", "indoor-seating", "wheelchair-accessible", "theme"], "sources": ["osm", "overture"], "website": "https://locations.thecheesecakefactory.com/wa/bellevue-47.html", "phone": "+14254506000", "address": "401 Bellevue Square", "hours": "Mo-Fr 11:00-24:00; Sa,Su 10:00-24:00", "stations": [{"stopCode": 58, "lines": "2", "name": "Bellevue Downtown Station", "walkingMeters": 979, "walkingSeconds": 705, "band": 15}]}, "geometry": {"type": "Point", "coordinates": [-122.2019989, 47.6158935]}}, {"type": "Feature", "properties": {"id": 3073271762, "name": "13 Coins", "category": "restaurant", "tags": ["restaurant", "breakfast", "seafood", "outdoor-seating", "wheelchair-accessible", "american"], "sources": ["osm", "overture"], "website": "https://www.13coins.com/", "phone": "+14254551313", "address": "900 Bellevue Way NE #100", "hours": "Su-Th 07:00-23:00; Fr-Sa 07:00-02:00", "stations": [{"stopCode": 58, "lines": "2", "name": "Bellevue Downtown Station", "walkingMeters": 1140, "walkingSeconds": 821, "band": 15}]}, "geometry": {"type": "Point", "coordinates": [-122.2013198, 47.6182022]}}, {"type": "Feature", "properties": {"id": 4728664413, "name": "Dough Zone", "category": "restaurant", "tags": ["restaurant", "chinese"], "sources": ["osm"], "website": "https://doughzonedumplinghouse.com", "phone": "+1-425-454-3333", "address": "10300 Main Street", "hours": "Mo-Su 11:00-22:00", "stations": [{"stopCode": 57, "lines": "2", "name": "East Main Station", "walkingMeters": 1103, "walkingSeconds": 799, "band": 15}]}, "geometry": {"type": "Point", "coordinates": [-122.2026086, 47.6103433]}}, {"type": "Feature", "properties": {"id": 5608446846, "name": "Fonte Coffee", "category": "cafe", "tags": ["cafe", "coffee-shop", "wheelchair-accessible", "coffee"], "sources": ["osm", "overture"], "website": "http://www.fontecoffee.com", "phone": "+14254293862", "address": "10500 NE 8th St", "hours": "Mo-Sa 06:00-20:00; Su 06:00-17:00", "stations": [{"stopCode": 58, "lines": "2", "name": "Bellevue Downtown Station", "walkingMeters": 1083, "walkingSeconds": 781, "band": 15}]}, "geometry": {"type": "Point", "coordinates": [-122.200442, 47.6181806]}}, {"type": "Feature", "properties": {"id": 5608446860, "name": "Boiling Point", "category": "restaurant", "tags": ["restaurant", "taiwanese", "asian"], "sources": ["osm", "overture"], "website": "http://bpgroupusa.com", "phone": "(425) 455-8375", "address": "1075 Bellevue Way NE"}, "geometry": {"type": "Point", "coordinates": [-122.2027416, 47.6198459]}}, {"type": "Feature", "properties": {"id": 3818186193, "name": "Xi'an Noodles", "category": "restaurant", "tags": ["restaurant", "chinese", "asian", "fusion"], "sources": ["osm", "overture"], "website": "https://www.xiannoodles.com/", "phone": "4252868888", "address": "1075 Bellevue Way NE B-2"}, "geometry": {"type": "Point", "coordinates": [-122.2027458, 47.6197288]}}, {"type": "Feature", "properties": {"id": 3883946999, "name": "Mercato Pizzeria", "category": "restaurant", "tags": ["restaurant", "pizza"], "sources": ["osm"], "hours": "Tu-Sa 16:30-21:00"}, "geometry": {"type": "Point", "coordinates": [-122.2056734, 47.6103013]}}, {"type": "Feature", "properties": {"id": 3883947001, "name": "Gilbert's on Main", "category": "restaurant", "tags": ["restaurant", "jewish", "deli", "delicatessen", "breakfast-and-brunch"], "sources": ["osm", "overture"], "website": "http://www.gilbertsonmain.com/", "phone": "+14254555650", "address": "10024 Main St"}, "geometry": {"type": "Point", "coordinates": [-122.2053448, 47.6102914]}}, {"type": "Feature", "properties": {"id": 3883947008, "name": "Araya's Place", "category": "restaurant", "tags": ["restaurant", "thai", "takeaway", "vegan"], "sources": ["osm"], "website": "https://www.arayasplace.com", "phone": "+1-425-454-2440", "address": "10246 Main Street", "hours": "Su-Th 11:30-15:00,16:30-21:00; Fr-Sa 11:30-15:00,16:30-21:00", "stations": [{"stopCode": 57, "lines": "2", "name": "East Main Station", "walkingMeters": 1112, "walkingSeconds": 803, "band": 15}]}, "geometry": {"type": "Point", "coordinates": [-122.2030425, 47.6102752]}}, {"type": "Feature", "properties": {"id": 3883947013, "name": "Bis On Main", "category": "restaurant", "tags": ["restaurant"], "sources": ["osm", "overture"], "website": "https://bobbymoorerestaurants.com/", "phone": "+14254552033", "address": "10213 Main St", "stations": [{"stopCode": 57, "lines": "2", "name": "East Main Station", "walkingMeters": 1169, "walkingSeconds": 840, "band": 15}]}, "geometry": {"type": "Point", "coordinates": [-122.203879, 47.6100663]}}, {"type": "Feature", "properties": {"id": 3905207490, "name": "PokeWorks", "category": "fast_food", "tags": ["fast-food", "restaurant", "poke", "asian", "japanese"], "sources": ["osm", "overture"], "website": "https://www.pokeworks.com/", "phone": "+14252141182", "address": "222 Bellevue Way NE", "stations": [{"stopCode": 58, "lines": "2", "name": "Bellevue Downtown Station", "walkingMeters": 1188, "walkingSeconds": 856, "band": 15}]}, "geometry": {"type": "Point", "coordinates": [-122.2013713, 47.6124562]}}, {"type": "Feature", "properties": {"id": 3921539282, "name": "Zeeks Pizza - Bellevue", "category": "restaurant", "tags": ["restaurant", "pizza"], "sources": ["osm"], "website": "https://zeekspizza.com/locations-hours/zeeks-pizza-bellevue/", "phone": "+1-425-893-8646", "address": "10201 Northeast 10th Street", "hours": "Mo-Su 11:00-22:00"}, "geometry": {"type": "Point", "coordinates": [-122.2041357, 47.6191188]}}, {"type": "Feature", "properties": {"id": 3926527631, "name": "Cactus - Bellevue Square", "category": "restaurant", "tags": ["restaurant", "southwestern", "wheelchair-accessible", "mexican"], "sources": ["osm", "overture"], "website": "http://www.cactusrestaurants.com/", "phone": "+14254554321", "address": "535 Bellevue Square", "hours": "Mo-Th 11:00-22:00; Fr 11:00-23:00; Sa 10:00-23:00; Su 10:00-22:00", "stations": [{"stopCode": 58, "lines": "2", "name": "Bellevue Downtown Station", "walkingMeters": 1075, "walkingSeconds": 775, "band": 15}]}, "geometry": {"type": "Point", "coordinates": [-122.2020899, 47.6167597]}}, {"type": "Feature", "properties": {"id": 3926527633, "name": "Cypress Lounge & Wine Bar", "category": "bar", "tags": ["bar", "wheelchair-accessible"], "sources": ["osm"], "stations": [{"stopCode": 58, "lines": "2", "name": "Bellevue Downtown Station", "walkingMeters": 857, "walkingSeconds": 618, "band": 10}]}, "geometry": {"type": "Point", "coordinates": [-122.200448, 47.6157956]}}, {"type": "Feature", "properties": {"id": 3926527635, "name": "Tavern Hall", "category": "pub", "tags": ["pub", "indoor-seating", "wheelchair-accessible", "restaurant", "bar-and-grill", "bar", "grill", "burger"], "sources": ["osm", "overture"], "website": "http://www.tavern-hall.com/", "phone": "+14254547500", "address": "505 Bellevue Square", "stations": [{"stopCode": 58, "lines": "2", "name": "Bellevue Downtown Station", "walkingMeters": 1054, "walkingSeconds": 759, "band": 15}]}, "geometry": {"type": "Point", "coordinates": [-122.202069, 47.6165675]}}, {"type": "Feature", "properties": {"id": 3926527637, "name": "Woods Coffee", "category": "cafe", "tags": ["cafe", "coffee-shop", "wheelchair-accessible", "wifi", "coffee"], "sources": ["osm", "overture"], "website": "https://woodscoffee.com/", "phone": "+14252798860", "address": "700 Bellevue Way NE #140", "hours": "Mo-Fr 07:00-21:00; Sa 08:00-21:00; Su 09:00-19:00", "stations": [{"stopCode": 58, "lines": "2", "name": "Bellevue Downtown Station", "walkingMeters": 1044, "walkingSeconds": 752, "band": 15}]}, "geometry": {"type": "Point", "coordinates": [-122.2009021, 47.6167198]}}, {"type": "Feature", "properties": {"id": 5338134821, "name": "Woods Coffee", "category": "cafe", "tags": ["cafe", "indoor-seating", "wheelchair-accessible", "vegetarian"], "sources": ["osm"], "address": "2002 Bellevue Square", "hours": "Mo-Sa 08:00-21:00; Su 09:00-19:00"}, "geometry": {"type": "Point", "coordinates": [-122.2050279, 47.6162704]}}, {"type": "Feature", "properties": {"id": 3926527639, "name": "Thai Kitchen Bird Pepper", "category": "restaurant", "tags": ["restaurant", "thai", "takeaway", "wheelchair-accessible", "asian"], "sources": ["osm", "overture"], "website": "https://thaikitchenbirdpepper.com", "phone": "+14254547334", "address": "563 Bellevue Square", "hours": "Mo-Fr 11:00-22:00; Sa-Su 11:00-24:00", "stations": [{"stopCode": 58, "lines": "2", "name": "Bellevue Downtown Station", "walkingMeters": 1176, "walkingSeconds": 847, "band": 15}]}, "geometry": {"type": "Point", "coordinates": [-122.20287, 47.6172132]}}, {"type": "Feature", "properties": {"id": 3926527640, "name": "Paddy Coyne's", "category": "pub", "tags": ["pub", "irish", "wheelchair-accessible"], "sources": ["osm"], "phone": "+1-425-453-8080", "address": "700 Bellevue Way Northeast", "hours": "Mo-Fr 11:00-02:00; Sa-Su 10:00-02:00", "stations": [{"stopCode": 58, "lines": "2", "name": "Bellevue Downtown Station", "walkingMeters": 1048, "walkingSeconds": 755, "band": 15}]}, "geometry": {"type": "Point", "coordinates": [-122.201183, 47.6172005]}}, {"type": "Feature", "properties": {"id": "751a6fc0-6554-44b0-94e4-4fc5bd29194e", "name": "Pizza Hut Express", "category": "fast_food", "tags": ["fast-food", "fast", "food"], "sources": ["overture"], "website": "https://locations.pizzahut.com/wa/bellevue/700-bellevue-way-northeast", "address": "700 Bellevue Way Northeast", "stations": [{"stopCode": 58, "lines": "2", "name": "Bellevue Downtown Station", "walkingMeters": 881, "walkingSeconds": 657, "band": 15}]}, "geometry": {"type": "Point", "coordinates": [-122.200882, 47.616642]}}, {"type": "Feature", "properties": {"id": 32613545, "name": "Wendy's", "category": "fast_food", "tags": ["fast-food", "burger", "takeaway", "drive-through", "wheelchair-accessible", "fast", "food", "american"], "sources": ["osm", "overture"], "website": "https://locations.wendys.com/united-states/wa/bellevue/940-bellevue-way-ne", "phone": "+14254541711", "address": "940 Bellevue Way NE", "hours": "09:00-22:00", "stations": [{"stopCode": 58, "lines": "2", "name": "Bellevue Downtown Station", "walkingMeters": 1263, "walkingSeconds": 910, "band": 15}]}, "geometry": {"type": "Point", "coordinates": [-122.2012836, 47.6190404]}}, {"type": "Feature", "properties": {"id": "53fbea1c-ba04-4c32-b6c4-3b63c266b67f", "name": "Hello Robin", "category": "bakery", "tags": ["bakery"], "sources": ["overture"], "website": "https://www.hellorobincookies.com", "address": "10045 NE 1st Street"}, "geometry": {"type": "Point", "coordinates": [-122.2043381, 47.6112289]}}, {"type": "Feature", "properties": {"id": 9480333532, "name": "What the Pho", "category": "restaurant", "tags": ["restaurant", "vietnamese", "wheelchair-accessible"], "sources": ["osm", "overture"], "website": "http://whatthepho.net", "phone": "(206) 669-6339", "address": "160 Bellevue Sq", "stations": [{"stopCode": 58, "lines": "2", "name": "Bellevue Downtown Station", "walkingMeters": 1154, "walkingSeconds": 831, "band": 15}]}, "geometry": {"type": "Point", "coordinates": [-122.2037407, 47.6146701]}}, {"type": "Feature", "properties": {"id": "f95d5fa9-abdc-42b2-aaa5-12d280826e83", "name": "What the Pho", "category": "restaurant", "tags": ["restaurant", "noodles"], "sources": ["overture"], "website": "http://whatthepho.net/", "phone": "(425) 462-5600", "address": "10680 NE 8th St", "stations": [{"stopCode": 58, "lines": "2", "name": "Bellevue Downtown Station", "walkingMeters": 972, "walkingSeconds": 699, "band": 15}]}, "geometry": {"type": "Point", "coordinates": [-122.201088, 47.6141777]}}, {"type": "Feature", "properties": {"id": 4549781309, "name": "Carmine's", "category": "restaurant", "tags": ["restaurant", "italian", "european"], "sources": ["osm", "overture"], "website": "http://www.carminesbellevue.com/", "phone": "+14257860160", "address": "88 102nd Ave NE"}, "geometry": {"type": "Point", "coordinates": [-122.2039399, 47.6110919]}}, {"type": "Feature", "properties": {"id": 5235764167, "name": "Macu Tea", "category": "cafe", "tags": ["cafe", "bubble-tea", "takeaway", "wheelchair-accessible"], "sources": ["osm"], "address": "10435 Northeast 4th Street", "stations": [{"stopCode": 58, "lines": "2", "name": "Bellevue Downtown Station", "walkingMeters": 985, "walkingSeconds": 710, "band": 15}]}, "geometry": {"type": "Point", "coordinates": [-122.20105, 47.6136449]}}, {"type": "Feature", "properties": {"id": 4728664414, "name": "Peony", "category": "restaurant", "tags": ["restaurant", "chinese", "outdoor-seating", "takeaway"], "sources": ["osm"], "website": "https://www.peonykitchen.com/", "phone": "+1-425-502-7652", "address": "10317 Main Street", "hours": "Mo-Fr 11:00-21:00; Sa-Su 11:00-22:00", "stations": [{"stopCode": 57, "lines": "2", "name": "East Main Station", "walkingMeters": 1080, "walkingSeconds": 776, "band": 15}]}, "geometry": {"type": "Point", "coordinates": [-122.2026916, 47.6100322]}}, {"type": "Feature", "properties": {"id": 12269969118, "name": "Capital One Caf\u00e9", "category": "cafe", "tags": ["cafe", "coffee-shop", "tea", "wheelchair-accessible", "wifi"], "sources": ["osm", "overture"], "website": "https://www.capitalone.com/local/seattle-bellevue/?utm_source=PowerListings&utm_medium=Local&utm_campaign=Yext", "phone": "+14253720250", "address": "400 Bellevue Way NE", "hours": "Mo-Sa 08:00-19:00,Su 10:00-18:00", "stations": [{"stopCode": 58, "lines": "2", "name": "Bellevue Downtown Station", "walkingMeters": 988, "walkingSeconds": 710, "band": 15}]}, "geometry": {"type": "Point", "coordinates": [-122.2012992, 47.6140358]}}, {"type": "Feature", "properties": {"id": 11217037212, "name": "Wetzel's Pretzels", "category": "fast_food", "tags": ["fast-food", "pretzel", "takeaway"], "sources": ["osm"], "address": "1085 Bellevue Square"}, "geometry": {"type": "Point", "coordinates": [-122.2049135, 47.6159628]}}, {"type": "Feature", "properties": {"id": "c8adda6f-fbb1-4622-9627-cf93b3a31fb3", "name": "Wetzel's Pretzels", "category": "fast_food", "tags": ["fast-food", "fast", "food"], "sources": ["overture"], "website": "https://www.wetzels.com", "phone": "14254550802", "address": "575 Bellevue Sq", "stations": [{"stopCode": 58, "lines": "2", "name": "Bellevue Downtown Station", "walkingMeters": 1007, "walkingSeconds": 751, "band": 15}]}, "geometry": {"type": "Point", "coordinates": [-122.2020187, 47.6171341]}}, {"type": "Feature", "properties": {"id": "ce90a5c2-27da-46c1-bf43-2741c40600f8", "name": "Great State Burger", "category": "restaurant", "tags": ["restaurant", "burger"], "sources": ["overture"], "website": "http://greatstateburger.com", "phone": "(425) 534-2345", "address": "575 Bellevue Sq", "stations": [{"stopCode": 58, "lines": "2", "name": "Bellevue Downtown Station", "walkingMeters": 1093, "walkingSeconds": 787, "band": 15}]}, "geometry": {"type": "Point", "coordinates": [-122.2035294, 47.6155701]}}, {"type": "Feature", "properties": {"id": 5032793346, "name": "Auntie Anne's", "category": "fast_food", "tags": ["fast-food", "pretzel", "takeaway", "wheelchair-accessible", "bakery"], "sources": ["osm", "overture"], "website": "http://auntieannes.com/", "phone": "+14256378990", "address": "575 Bellevue Square Space 2040"}, "geometry": {"type": "Point", "coordinates": [-122.204634, 47.6157201]}}, {"type": "Feature", "properties": {"id": 5096603753, "name": "Japonessa Sushi Cocina", "category": "restaurant", "tags": ["restaurant", "japanese", "wheelchair-accessible", "sushi", "asian"], "sources": ["osm", "overture"], "website": "https://www.japonessa.com/japonessa-bellevue/", "phone": "+14254541585", "address": "500 Bellevue Way NE Ste 130", "stations": [{"stopCode": 58, "lines": "2", "name": "Bellevue Downtown Station", "walkingMeters": 943, "walkingSeconds": 680, "band": 10}]}, "geometry": {"type": "Point", "coordinates": [-122.2010762, 47.6148776]}}, {"type": "Feature", "properties": {"id": "5df2d46b-a0ee-4f99-bad6-c0e88cfaea1e", "name": "Japonessa Sushi Cocina", "category": "restaurant", "tags": ["restaurant", "asian", "pan", "sushi"], "sources": ["overture"], "website": "http://bellevue.japonessa.com/", "phone": "4254541585", "address": "500 Bellevue Way NE Ste 130", "stations": [{"stopCode": 58, "lines": "2", "name": "Bellevue Downtown Station", "walkingMeters": 1259, "walkingSeconds": 908, "band": 15}]}, "geometry": {"type": "Point", "coordinates": [-122.2005615, 47.6187134]}}, {"type": "Feature", "properties": {"id": 5120911129, "name": "Civility and Unrest", "category": "bar", "tags": ["bar"], "sources": ["osm"], "website": "https://civilityandunrest.com", "stations": [{"stopCode": 58, "lines": "2", "name": "Bellevue Downtown Station", "walkingMeters": 930, "walkingSeconds": 670, "band": 10}]}, "geometry": {"type": "Point", "coordinates": [-122.2008935, 47.6148851]}}, {"type": "Feature", "properties": {"id": 5235765493, "name": "Pressed Juicery", "category": "fast_food", "tags": ["fast-food", "juice", "takeaway", "wheelchair-accessible"], "sources": ["osm"], "stations": [{"stopCode": 58, "lines": "2", "name": "Bellevue Downtown Station", "walkingMeters": 1114, "walkingSeconds": 802, "band": 15}]}, "geometry": {"type": "Point", "coordinates": [-122.2019864, 47.6171026]}}, {"type": "Feature", "properties": {"id": 5367088457, "name": "Beecher's Handmade Cheese", "category": "restaurant", "tags": ["restaurant", "american", "wheelchair-accessible"], "sources": ["osm"], "website": "https://www.beechershandmadecheese.com/", "phone": "+1-425-777-9171", "address": "126 Bellevue Square", "stations": [{"stopCode": 58, "lines": "2", "name": "Bellevue Downtown Station", "walkingMeters": 1093, "walkingSeconds": 787, "band": 15}]}, "geometry": {"type": "Point", "coordinates": [-122.2037891, 47.6156656]}}, {"type": "Feature", "properties": {"id": 5675916227, "name": "Ascend Prime Steak and Sushi", "category": "restaurant", "tags": ["restaurant", "steak-house", "sushi", "wheelchair-accessible"], "sources": ["osm"], "stations": [{"stopCode": 58, "lines": "2", "name": "Bellevue Downtown Station", "walkingMeters": 974, "walkingSeconds": 700, "band": 10}]}, "geometry": {"type": "Point", "coordinates": [-122.2008718, 47.6144104]}}, {"type": "Feature", "properties": {"id": 5752777682, "name": "Istanbul Cuisine", "category": "fast_food", "tags": ["fast-food", "wheelchair-accessible", "restaurant", "turkish", "middle-eastern", "mediterranean"], "sources": ["osm", "overture"], "website": "https://www.istanbulcuisinecafe.com/", "phone": "+14254552101", "address": "405 Bellevue Square", "stations": [{"stopCode": 58, "lines": "2", "name": "Bellevue Downtown Station", "walkingMeters": 971, "walkingSeconds": 699, "band": 15}]}, "geometry": {"type": "Point", "coordinates": [-122.202143, 47.6155137]}}, {"type": "Feature", "properties": {"id": 5752777706, "name": "MIX Poke Bar", "category": "fast_food", "tags": ["fast-food", "wheelchair-accessible", "restaurant", "poke", "japanese", "asian"], "sources": ["osm", "overture"], "website": "http://www.mixpokebar.com/", "phone": "+14254542217", "address": "403 Bellevue Square", "stations": [{"stopCode": 58, "lines": "2", "name": "Bellevue Downtown Station", "walkingMeters": 971, "walkingSeconds": 700, "band": 15}]}, "geometry": {"type": "Point", "coordinates": [-122.202144, 47.6157037]}}, {"type": "Feature", "properties": {"id": 5759106921, "name": "Great State Burger - Bellevue", "category": "restaurant", "tags": ["restaurant"], "sources": ["osm"], "address": "228 Bellevue Square", "hours": "Mo-Sa 09:30-21:30; Su 11:00-19:00", "stations": [{"stopCode": 58, "lines": "2", "name": "Bellevue Downtown Station", "walkingMeters": 1112, "walkingSeconds": 801, "band": 15}]}, "geometry": {"type": "Point", "coordinates": [-122.2036375, 47.6157578]}}, {"type": "Feature", "properties": {"id": 5864328985, "name": "Kizuki Ramen & Izakaya - Bellevue Square", "category": "restaurant", "tags": ["restaurant", "japanese", "wheelchair-accessible"], "sources": ["osm"], "website": "http://kuzuki.com", "phone": "+1-425-454-0885", "address": "252 Bellevue Square", "hours": "Mo-Sa 09:30-21:00; Su 11:00-19:00", "stations": [{"stopCode": 58, "lines": "2", "name": "Bellevue Downtown Station", "walkingMeters": 1151, "walkingSeconds": 829, "band": 15}]}, "geometry": {"type": "Point", "coordinates": [-122.2036095, 47.6147041]}}, {"type": "Feature", "properties": {"id": 5877138385, "name": "T'Latte", "category": "cafe", "tags": ["cafe"], "sources": ["osm", "overture"], "website": "http://www.t-latte.com/", "phone": "+14257096868", "address": "37 103rd Ave NE", "stations": [{"stopCode": 57, "lines": "2", "name": "East Main Station", "walkingMeters": 1188, "walkingSeconds": 858, "band": 15}, {"stopCode": 58, "lines": "2", "name": "Bellevue Downtown Station", "walkingMeters": 1420, "walkingSeconds": 1023, "band": 15}]}, "geometry": {"type": "Point", "coordinates": [-122.2030434, 47.6109919]}}, {"type": "Feature", "properties": {"id": "1911e8e9-e7c8-4c83-9052-afda9eb20291", "name": "Nana's Green Tea", "category": "cafe", "tags": ["cafe", "tea", "room", "japanese"], "sources": ["overture"], "website": "https://www.nanasgreenteawa.com", "phone": "+14255909715", "address": "16 103rd Ave NE", "stations": [{"stopCode": 57, "lines": "2", "name": "East Main Station", "walkingMeters": 1132, "walkingSeconds": 820, "band": 15}]}, "geometry": {"type": "Point", "coordinates": [-122.2027359, 47.6106033]}}, {"type": "Feature", "properties": {"id": 6483367285, "name": "Molly Moon's Homemade Ice Cream - Bellevue Walk-Up", "category": "ice_cream", "tags": ["ice-cream"], "sources": ["osm"], "address": "10045 Northeast 1st Street", "hours": "Mo-Su 11:00-17:00"}, "geometry": {"type": "Point", "coordinates": [-122.2053961, 47.6111237]}}, {"type": "Feature", "properties": {"id": 6552105085, "name": "Mango Mango Dessert", "category": "cafe", "tags": ["cafe", "asian", "dessert", "takeaway", "restaurant"], "sources": ["osm", "overture"], "website": "http://mangomangodessert.com/", "phone": "+14254550758", "address": "103 Bellevue Way NE", "stations": [{"stopCode": 57, "lines": "2", "name": "East Main Station", "walkingMeters": 1124, "walkingSeconds": 814, "band": 15}, {"stopCode": 58, "lines": "2", "name": "Bellevue Downtown Station", "walkingMeters": 1294, "walkingSeconds": 931, "band": 15}]}, "geometry": {"type": "Point", "coordinates": [-122.201762, 47.6114004]}}, {"type": "Feature", "properties": {"id": 7600942146, "name": "Third Culture Coffee", "category": "cafe", "tags": ["cafe", "coffee-shop", "wheelchair-accessible", "dog-friendly", "wifi", "coffee"], "sources": ["osm", "overture"], "website": "http://www.thirdculturecoffee.com/", "phone": "+1-425-230-3660", "address": "80 102nd Ave NE", "hours": "Mo-Th 07:00-17:00; Fr-Sa 07:00-18:00; Su 07:00-17:00"}, "geometry": {"type": "Point", "coordinates": [-122.2039409, 47.6108569]}}, {"type": "Feature", "properties": {"id": 9480333572, "name": "Cinnabon", "category": "fast_food", "tags": ["fast-food", "dessert", "takeaway", "bakery"], "sources": ["osm", "overture"], "website": "https://locations.cinnabon.com/wa/bellevue/1038-bellevue-square?utm_source=extnet&utm_medium=organic&utm_campaign=locations_partner", "phone": "+14254547035", "address": "1038 Bellevue Square"}, "geometry": {"type": "Point", "coordinates": [-122.2047374, 47.6157145]}}, {"type": "Feature", "properties": {"id": 9480333613, "name": "Nordstrom Marketplace Cafe", "category": "restaurant", "tags": ["restaurant"], "sources": ["osm"], "stations": [{"stopCode": 58, "lines": "2", "name": "Bellevue Downtown Station", "walkingMeters": 1264, "walkingSeconds": 910, "band": 15}]}, "geometry": {"type": "Point", "coordinates": [-122.2040285, 47.6171833]}}, {"type": "Feature", "properties": {"id": 9480344702, "name": "Forum Social House", "category": "bar", "tags": ["bar", "wheelchair-accessible", "wifi"], "sources": ["osm"], "hours": "Mo-Th 17:00-22:00; Fr 17:00-02:00; Sa 12:00-02:00; Su 12:00-20:00", "stations": [{"stopCode": 58, "lines": "2", "name": "Bellevue Downtown Station", "walkingMeters": 1080, "walkingSeconds": 778, "band": 15}]}, "geometry": {"type": "Point", "coordinates": [-122.201328, 47.6170349]}}, {"type": "Feature", "properties": {"id": 9480344703, "name": "Prime 21 Lounge", "category": "bar", "tags": ["bar"], "sources": ["osm"], "hours": "Tu-Sa 16:00+", "stations": [{"stopCode": 58, "lines": "2", "name": "Bellevue Downtown Station", "walkingMeters": 1023, "walkingSeconds": 737, "band": 15}]}, "geometry": {"type": "Point", "coordinates": [-122.2003182, 47.6178696]}}, {"type": "Feature", "properties": {"id": 9480344705, "name": "Fresh N More", "category": "restaurant", "tags": ["restaurant", "buffet"], "sources": ["osm", "overture"], "website": "https://www.orderfreshnmore.com/?utm_source=bing&utm_medium=websiteurl&utm_campaign=search", "phone": "4254552812", "address": "10500 NE 8th St Ste 206", "hours": "Mo-Fr 11:00-14:00", "stations": [{"stopCode": 58, "lines": "2", "name": "Bellevue Downtown Station", "walkingMeters": 1049, "walkingSeconds": 756, "band": 15}]}, "geometry": {"type": "Point", "coordinates": [-122.2002067, 47.6181139]}}, {"type": "Feature", "properties": {"id": 11125942705, "name": "Coffeeholic House", "category": "cafe", "tags": ["cafe", "coffee-shop", "vietnamese", "wifi", "coffee"], "sources": ["osm", "overture"], "website": "https://coffeeholichouse.com", "phone": "(425) 590-9916", "address": "10000 Main St", "hours": "Mo-Su 08:00-18:00"}, "geometry": {"type": "Point", "coordinates": [-122.205947, 47.6102953]}}, {"type": "Feature", "properties": {"id": "e782046e-941d-4938-8c03-2453d9ed442d", "name": "Kizuki Ramen & Izakaya", "category": "restaurant", "tags": ["restaurant", "japanese", "asian"], "sources": ["overture"], "website": "https://www.kizuki.com/", "phone": "+18778390645", "address": "575 Bellevue Sq", "stations": [{"stopCode": 58, "lines": "2", "name": "Bellevue Downtown Station", "walkingMeters": 1159, "walkingSeconds": 835, "band": 15}]}, "geometry": {"type": "Point", "coordinates": [-122.2033615, 47.6146278]}}, {"type": "Feature", "properties": {"id": 10876936728, "name": "Adrian's", "category": "restaurant", "tags": ["restaurant", "mexican"], "sources": ["osm"]}, "geometry": {"type": "Point", "coordinates": [-122.2042818, 47.6100696]}}, {"type": "Feature", "properties": {"id": 10876936729, "name": "Takai by Kashiba", "category": "restaurant", "tags": ["restaurant", "sushi", "reservations", "japanese", "asian"], "sources": ["osm", "overture"], "website": "http://www.takaibykashiba.com/", "phone": "+14255027259", "address": "180 Bellevue Way NE", "hours": "We-Mo 17:30+", "stations": [{"stopCode": 57, "lines": "2", "name": "East Main Station", "walkingMeters": 1139, "walkingSeconds": 824, "band": 15}, {"stopCode": 58, "lines": "2", "name": "Bellevue Downtown Station", "walkingMeters": 1235, "walkingSeconds": 888, "band": 15}]}, "geometry": {"type": "Point", "coordinates": [-122.2012671, 47.6116763]}}, {"type": "Feature", "properties": {"id": "25ef01ec-255e-44c2-90d7-179291b8f19c", "name": "Takai by Kashiba", "category": "restaurant", "tags": ["restaurant", "asian", "pan"], "sources": ["overture"], "website": "https://takaibykashiba.com/", "phone": "4255027259", "address": "180 Bellevue Way NE", "stations": [{"stopCode": 58, "lines": "2", "name": "Bellevue Downtown Station", "walkingMeters": 1112, "walkingSeconds": 801, "band": 15}]}, "geometry": {"type": "Point", "coordinates": [-122.2028198, 47.6158447]}}, {"type": "Feature", "properties": {"id": 11217037187, "name": "IceMonster", "category": "ice_cream", "tags": ["ice-cream", "shaved-ice"], "sources": ["osm"], "address": "1020 Bellevue Square"}, "geometry": {"type": "Point", "coordinates": [-122.2047648, 47.6162641]}}, {"type": "Feature", "properties": {"id": 11280454229, "name": "Sizzle and Crunch", "category": "restaurant", "tags": ["restaurant", "vietnamese"], "sources": ["osm"], "address": "10438 Northeast 10th Street", "stations": [{"stopCode": 58, "lines": "2", "name": "Bellevue Downtown Station", "walkingMeters": 1205, "walkingSeconds": 868, "band": 15}]}, "geometry": {"type": "Point", "coordinates": [-122.2004218, 47.6194168]}}, {"type": "Feature", "properties": {"id": "70218d2e-9e7b-4c6c-961a-bf62c80f829f", "name": "Dote Coffee Bar", "category": "cafe", "tags": ["cafe", "coffee"], "sources": ["overture"], "website": "http://www.dailydote.com", "phone": "+14254293292", "address": "500 Bellevue Way NE", "stations": [{"stopCode": 58, "lines": "2", "name": "Bellevue Downtown Station", "walkingMeters": 1005, "walkingSeconds": 724, "band": 10}]}, "geometry": {"type": "Point", "coordinates": [-122.2009506, 47.6144753]}}, {"type": "Feature", "properties": {"id": 11500556110, "name": "Semicolon Cafe", "category": "cafe", "tags": ["cafe", "sandwich", "vegetarian"], "sources": ["osm"], "website": "https://semicoloncafe.com/", "phone": "+1-425-223-5932", "address": "10451 Northeast 2nd Street", "hours": "Mo-Th 08:00-17:00; Fr-Su 08:00-20:00", "stations": [{"stopCode": 57, "lines": "2", "name": "East Main Station", "walkingMeters": 1118, "walkingSeconds": 804, "band": 15}, {"stopCode": 58, "lines": "2", "name": "Bellevue Downtown Station", "walkingMeters": 1180, "walkingSeconds": 848, "band": 15}]}, "geometry": {"type": "Point", "coordinates": [-122.2009537, 47.6118903]}}, {"type": "Feature", "properties": {"id": 12064246469, "name": "Omo Thai Tea", "category": "cafe", "tags": ["cafe", "takeaway"], "sources": ["osm"], "website": "https://omothaitea.com/", "address": "10226 Northeast 10th Street"}, "geometry": {"type": "Point", "coordinates": [-122.2035778, 47.6193584]}}, {"type": "Feature", "properties": {"id": 12064246645, "name": "Valentina\u2019s Wine Bar", "category": "bar", "tags": ["bar", "wine"], "sources": ["osm", "overture"], "website": "http://Valentinas-winebar.com/", "address": "10204 Main St", "stations": [{"stopCode": 57, "lines": "2", "name": "East Main Station", "walkingMeters": 1169, "walkingSeconds": 844, "band": 15}]}, "geometry": {"type": "Point", "coordinates": [-122.2037977, 47.6102774]}}, {"type": "Feature", "properties": {"id": 12103463654, "name": "Fresco", "category": "restaurant", "tags": ["restaurant"], "sources": ["osm"], "website": "https://www.ihg.com/intercontinental/hotels/us/en/bellevue/seaha/hoteldetail/dining", "address": "825 Avenue Square Northeast", "stations": [{"stopCode": 58, "lines": "2", "name": "Bellevue Downtown Station", "walkingMeters": 1338, "walkingSeconds": 967, "band": 15}]}, "geometry": {"type": "Point", "coordinates": [-122.2029741, 47.617843]}}, {"type": "Feature", "properties": {"id": "0fc894ee-f4e3-4980-9427-b2e876c11378", "name": "Zeeks Pizza", "category": "restaurant", "tags": ["restaurant", "pizza", "american"], "sources": ["overture"], "website": "https://zeekspizza.com/locations/", "phone": "+14254556765", "address": "10201 NE 10th St"}, "geometry": {"type": "Point", "coordinates": [-122.2041168, 47.6191597]}}, {"type": "Feature", "properties": {"id": 12269969117, "name": "Central Bar & Restaurant", "category": "restaurant", "tags": ["restaurant", "wheelchair-accessible", "bar", "bar-and-grill"], "sources": ["osm", "overture"], "website": "https://www.centralbar.com/", "phone": "+14255787878", "address": "10475 NE 6th St", "stations": [{"stopCode": 58, "lines": "2", "name": "Bellevue Downtown Station", "walkingMeters": 889, "walkingSeconds": 640, "band": 10}]}, "geometry": {"type": "Point", "coordinates": [-122.2007399, 47.6154369]}}, {"type": "Feature", "properties": {"id": 12270102688, "name": "W Living Room Bar & The Porch", "category": "bar", "tags": ["bar", "wheelchair-accessible"], "sources": ["osm"], "phone": "+1-425-709-9000", "address": "10455 Northeast 5th Place", "hours": "Su-Th 16:00-22:00; Fr-Sa 16:00-25:00", "stations": [{"stopCode": 58, "lines": "2", "name": "Bellevue Downtown Station", "walkingMeters": 898, "walkingSeconds": 647, "band": 10}]}, "geometry": {"type": "Point", "coordinates": [-122.2002705, 47.6149791]}}, {"type": "Feature", "properties": {"id": 13600683602, "name": "Molly Tea Bellevue", "category": "cafe", "tags": ["cafe", "bubble-tea"], "sources": ["osm"], "website": "https://usa.mollytea.com", "phone": "+1-425-620-5035", "address": "103 Bellevue Way Northeast", "hours": "Mo-Su 11:00-22:00", "stations": [{"stopCode": 57, "lines": "2", "name": "East Main Station", "walkingMeters": 1121, "walkingSeconds": 812, "band": 15}, {"stopCode": 58, "lines": "2", "name": "Bellevue Downtown Station", "walkingMeters": 1314, "walkingSeconds": 945, "band": 15}]}, "geometry": {"type": "Point", "coordinates": [-122.2018386, 47.6113328]}}, {"type": "Feature", "properties": {"id": 1326151816, "name": "Duke's Seafood", "category": "restaurant", "tags": ["restaurant", "seafood", "reservations", "wheelchair-accessible", "american"], "sources": ["osm", "overture"], "website": "https://www.dukesseafood.com/locations/bellevue/", "phone": "+14255052247", "address": "500 Bellevue Way NE", "hours": "11:00-23:00", "stations": [{"stopCode": 58, "lines": "2", "name": "Bellevue Downtown Station", "walkingMeters": 996, "walkingSeconds": 717, "band": 10}]}, "geometry": {"type": "Point", "coordinates": [-122.2012773, 47.6149032]}}, {"type": "Feature", "properties": {"id": 192567204, "name": "Fern Thai", "category": "restaurant", "tags": ["restaurant", "thai"], "sources": ["osm"], "phone": "+1-425-326-1624", "address": "10134 Main Street", "hours": "Mo-Su 11:00-22:00"}, "geometry": {"type": "Point", "coordinates": [-122.204649, 47.6103782]}}, {"type": "Feature", "properties": {"id": "39a264a1-e72f-4886-8acc-5fcb12d2ce39", "name": "Midnight Cookie Co.", "category": "bakery", "tags": ["bakery"], "sources": ["overture"], "website": "https://www.midnightcookieco.com", "phone": "(425) 842-3776", "stations": [{"stopCode": 58, "lines": "2", "name": "Bellevue Downtown Station", "walkingMeters": 911, "walkingSeconds": 680, "band": 10}]}, "geometry": {"type": "Point", "coordinates": [-122.2014008, 47.6147156]}}, {"type": "Feature", "properties": {"id": 1326151820, "name": "Mix Sushi Bar", "category": "restaurant", "tags": ["restaurant", "sushi"], "sources": ["osm"], "stations": [{"stopCode": 58, "lines": "2", "name": "Bellevue Downtown Station", "walkingMeters": 958, "walkingSeconds": 688, "band": 10}]}, "geometry": {"type": "Point", "coordinates": [-122.2008978, 47.6142908]}}, {"type": "Feature", "properties": {"id": 1326151817, "name": "Baron's Sino Kitchen & Bar", "category": "restaurant", "tags": ["restaurant", "chinese", "wheelchair-accessible", "asian"], "sources": ["osm", "overture"], "website": "https://www.baronsbellevue.com/", "phone": "+14255008888", "address": "500 Bellevue Way NE", "hours": "Mo-Fr 11:30-14:30; Mo-Th 16:30-21:00; Fr 16:30-22:00; Sa 11:30-15:00; Sa 16:30-22:00; Su 11:30-15:00; Su 16:30-21:00", "stations": [{"stopCode": 58, "lines": "2", "name": "Bellevue Downtown Station", "walkingMeters": 944, "walkingSeconds": 680, "band": 10}]}, "geometry": {"type": "Point", "coordinates": [-122.2010897, 47.6149557]}}, {"type": "Feature", "properties": {"id": 1326151819, "name": "Lakehouse", "category": "restaurant", "tags": ["restaurant", "american", "northwestern", "wheelchair-accessible"], "sources": ["osm"], "stations": [{"stopCode": 58, "lines": "2", "name": "Bellevue Downtown Station", "walkingMeters": 929, "walkingSeconds": 670, "band": 10}]}, "geometry": {"type": "Point", "coordinates": [-122.2005066, 47.614801]}}, {"type": "Feature", "properties": {"id": 1326151821, "name": "OAKBERRY", "category": "fast_food", "tags": ["fast-food", "dessert", "smoothie", "acai", "juice", "takeaway", "delivery"], "sources": ["osm"], "website": "https://oakberry.com/store/Bellevue;https://bellevuecollection.com/tenant/oakberry", "address": "500 Bellevue Way Northeast", "hours": "Mo-Sa 11:00-21:00; Su 11:00-19:00", "stations": [{"stopCode": 58, "lines": "2", "name": "Bellevue Downtown Station", "walkingMeters": 1024, "walkingSeconds": 736, "band": 10}]}, "geometry": {"type": "Point", "coordinates": [-122.2010224, 47.6142808]}}, {"type": "Feature", "properties": {"id": 1326151823, "name": "West Coast Tacos", "category": "restaurant", "tags": ["restaurant", "tacos", "mexican", "takeaway"], "sources": ["osm"], "address": "500 Bellevue Way Northeast", "hours": "Mo-Sa 11:00-21:00; Su 11:00-19:00", "stations": [{"stopCode": 58, "lines": "2", "name": "Bellevue Downtown Station", "walkingMeters": 1038, "walkingSeconds": 746, "band": 10}]}, "geometry": {"type": "Point", "coordinates": [-122.2009615, 47.6143513]}}, {"type": "Feature", "properties": {"id": 1326151826, "name": "Great State & King Leroy", "category": "pub", "tags": ["pub", "burger", "breakfast", "american", "takeaway", "cocktails"], "sources": ["osm"], "website": "https://kingleroyseattle.com", "address": "500 Bellevue Way Northeast", "hours": "Mo-Fr 08:00-21:00; Sa 09:00-21:00; Su 11:00-20:00", "stations": [{"stopCode": 58, "lines": "2", "name": "Bellevue Downtown Station", "walkingMeters": 1044, "walkingSeconds": 752, "band": 10}]}, "geometry": {"type": "Point", "coordinates": [-122.2009865, 47.6144688]}}, {"type": "Feature", "properties": {"id": 1326151827, "name": "Dote", "category": "cafe", "tags": ["cafe", "wheelchair-accessible"], "sources": ["osm"], "website": "https://dailydote.com", "phone": "+1-425-429-3292", "hours": "Mo-Fr 07:00-21:00; Sa 08:00-21:00; Su 08:00-19:00", "stations": [{"stopCode": 58, "lines": "2", "name": "Bellevue Downtown Station", "walkingMeters": 1026, "walkingSeconds": 739, "band": 10}]}, "geometry": {"type": "Point", "coordinates": [-122.2010138, 47.6145663]}}, {"type": "Feature", "properties": {"id": "faf9642c-6caf-4d58-a451-e722fc2ec331", "name": "Starbucks Coffee Company", "category": "cafe", "tags": ["cafe", "coffee"], "sources": ["overture"], "website": "https://www.starbucks.com/store-locator/store/18416/", "phone": "+14254540191", "address": "10214 NE 8th St", "stations": [{"stopCode": 58, "lines": "2", "name": "Bellevue Downtown Station", "walkingMeters": 1212, "walkingSeconds": 904, "band": 15}]}, "geometry": {"type": "Point", "coordinates": [-122.2039566, 47.6177177]}}, {"type": "Feature", "properties": {"id": "dc3bbcdd-cd6c-4253-a2b6-349089b95582", "name": "Papa John's Pizza", "category": "restaurant", "tags": ["restaurant", "pizza"], "sources": ["overture"], "website": "https://www.papajohns.com/", "phone": "4252897272", "address": "10222 NE 10th St"}, "geometry": {"type": "Point", "coordinates": [-122.2036362, 47.6194077]}}, {"type": "Feature", "properties": {"id": "2adde1b2-70a3-4273-a587-45fe06329a1d", "name": "Dough Zone Dumpling House", "category": "restaurant", "tags": ["restaurant", "chinese", "asian"], "sources": ["overture"], "website": "https://www.doughzonedumplinghouse.com/", "phone": "+14254543333", "address": "10300 Main St Ste E", "stations": [{"stopCode": 57, "lines": "2", "name": "East Main Station", "walkingMeters": 1065, "walkingSeconds": 772, "band": 15}]}, "geometry": {"type": "Point", "coordinates": [-122.2024689, 47.6102753]}}, {"type": "Feature", "properties": {"id": "726197ea-25b3-427b-bb35-895e497d5903", "name": "Blue C Sushi", "category": "restaurant", "tags": ["restaurant", "sushi"], "sources": ["overture"], "website": "http://www.bluecsushi.com", "phone": "(425) 454-8288", "address": "503 Bellevue Sq", "stations": [{"stopCode": 58, "lines": "2", "name": "Bellevue Downtown Station", "walkingMeters": 1019, "walkingSeconds": 734, "band": 15}]}, "geometry": {"type": "Point", "coordinates": [-122.201767, 47.6163139]}}, {"type": "Feature", "properties": {"id": "29cf8425-2532-4c2f-8298-94f186c96b3b", "name": "Tully's Coffee", "category": "cafe", "tags": ["cafe", "coffee"], "sources": ["overture"], "website": "http://tullyscoffeeshops.com", "phone": "(425) 274-4600", "address": "700 Bellevue Way NE", "stations": [{"stopCode": 58, "lines": "2", "name": "Bellevue Downtown Station", "walkingMeters": 1046, "walkingSeconds": 754, "band": 15}]}, "geometry": {"type": "Point", "coordinates": [-122.2013931, 47.6167259]}}, {"type": "Feature", "properties": {"id": "67ebe42c-92e6-4616-876b-6759ec2f1afb", "name": "Seattle's Best Coffee", "category": "cafe", "tags": ["cafe"], "sources": ["overture"], "website": "http://www.seattlesbest.com", "phone": "(425) 451-8102", "address": "226 Bellevue Sq Bellevue Square Mall"}, "geometry": {"type": "Point", "coordinates": [-122.2043762, 47.6159286]}}, {"type": "Feature", "properties": {"id": "2a992a82-aa3c-4a20-ab7b-3ff9c7ff6686", "name": "Pallino Pastaria", "category": "restaurant", "tags": ["restaurant"], "sources": ["overture"], "website": "https://www.pallino.com", "address": "515 Bellevue Sq", "stations": [{"stopCode": 58, "lines": "2", "name": "Bellevue Downtown Station", "walkingMeters": 984, "walkingSeconds": 734, "band": 15}]}, "geometry": {"type": "Point", "coordinates": [-122.2020187, 47.6164513]}}, {"type": "Feature", "properties": {"id": "e2987127-1ef0-46cf-8c63-81861f632200", "name": "Rice n Roll", "category": "restaurant", "tags": ["restaurant", "sushi"], "sources": ["overture"], "website": "http://ricenroll.com/", "phone": "(425) 455-4866", "address": "2039 Bellevue Sq"}, "geometry": {"type": "Point", "coordinates": [-122.2044601, 47.6159058]}}, {"type": "Feature", "properties": {"id": "c35b477e-8332-42cb-b079-6aa27caf7cfa", "name": "Jujubeet Cafe", "category": "restaurant", "tags": ["restaurant"], "sources": ["overture"], "website": "jujubeet.com", "address": "10246 Main St", "stations": [{"stopCode": 57, "lines": "2", "name": "East Main Station", "walkingMeters": 1209, "walkingSeconds": 902, "band": 15}]}, "geometry": {"type": "Point", "coordinates": [-122.2031631, 47.6102676]}}, {"type": "Feature", "properties": {"id": "eabb42ec-dd90-44ed-a47d-7b4b01b9e444", "name": "Boom Noodle", "category": "restaurant", "tags": ["restaurant"], "sources": ["overture"], "website": "https://www.boomnoodle.com", "address": "504 Bellevue Way NE", "stations": [{"stopCode": 58, "lines": "2", "name": "Bellevue Downtown Station", "walkingMeters": 1041, "walkingSeconds": 750, "band": 10}]}, "geometry": {"type": "Point", "coordinates": [-122.2012711, 47.6147766]}}, {"type": "Feature", "properties": {"id": "84a662d6-28d3-45e9-99b7-ee6b1b7006cc", "name": "Kaisho", "category": "restaurant", "tags": ["restaurant", "mexican"], "sources": ["overture"], "website": "http://www.kaishorestaurant.com", "phone": "(425) 453-6094", "address": "504 Bellevue Sq", "stations": [{"stopCode": 58, "lines": "2", "name": "Bellevue Downtown Station", "walkingMeters": 1410, "walkingSeconds": 1014, "band": 15}]}, "geometry": {"type": "Point", "coordinates": [-122.2048721, 47.615036]}}, {"type": "Feature", "properties": {"id": "ce310b5a-e3a2-4ee7-88db-4e81c84cfd60", "name": "Marketplace Cafe", "category": "cafe", "tags": ["cafe"], "sources": ["overture"], "website": "https://www.nordstrom.com/store-details/nordstrom-bellevue-square?sp_source=other&utm_channel=low_nd_seo_local&sp_campaign=food", "phone": "(425) 646-5006", "address": "100 Bellevue Sq", "stations": [{"stopCode": 58, "lines": "2", "name": "Bellevue Downtown Station", "walkingMeters": 1389, "walkingSeconds": 999, "band": 15}]}, "geometry": {"type": "Point", "coordinates": [-122.2045135, 47.6170692]}}, {"type": "Feature", "properties": {"id": "5c42d750-fb59-4f50-9636-f5f40c53c974", "name": "Sushi Maru", "category": "restaurant", "tags": ["restaurant", "sushi"], "sources": ["overture"], "website": "http://www.sushimarubellevue.com", "phone": "(425) 453-0100", "address": "205 105th Ave NE", "stations": [{"stopCode": 58, "lines": "2", "name": "Bellevue Downtown Station", "walkingMeters": 1074, "walkingSeconds": 775, "band": 15}, {"stopCode": 57, "lines": "2", "name": "East Main Station", "walkingMeters": 1103, "walkingSeconds": 793, "band": 15}]}, "geometry": {"type": "Point", "coordinates": [-122.2003479, 47.6123276]}}, {"type": "Feature", "properties": {"id": "e5877054-7507-4088-8ec1-0f11d1fe7d40", "name": "P.F. Chang's China Bistro", "category": "restaurant", "tags": ["restaurant", "chinese"], "sources": ["overture"], "website": "https://www.pfchangs.com/locations/us/wa/bellevue/525-bellevue-square/3700-bellevue.html", "phone": "(425) 637-3582", "address": "525 Bellevue Sq", "stations": [{"stopCode": 58, "lines": "2", "name": "Bellevue Downtown Station", "walkingMeters": 1078, "walkingSeconds": 777, "band": 15}]}, "geometry": {"type": "Point", "coordinates": [-122.2020493, 47.616787]}}, {"type": "Feature", "properties": {"id": "965b77c1-ff61-4911-a3af-0abac7b4f351", "name": "Araya's Vegetarian Place", "category": "restaurant", "tags": ["restaurant", "thai"], "sources": ["overture"], "website": "http://www.arayasplace.com", "phone": "(206) 402-6634", "address": "2808 E Madison St", "stations": [{"stopCode": 57, "lines": "2", "name": "East Main Station", "walkingMeters": 1078, "walkingSeconds": 780, "band": 15}, {"stopCode": 58, "lines": "2", "name": "Bellevue Downtown Station", "walkingMeters": 1347, "walkingSeconds": 968, "band": 15}]}, "geometry": {"type": "Point", "coordinates": [-122.2018051, 47.6109467]}}, {"type": "Feature", "properties": {"id": "fb71c80c-0935-4ac5-9893-4d26d3d14046", "name": "The Route 50", "category": "pub", "tags": ["pub"], "sources": ["overture"], "address": "11-8 Route 50", "stations": [{"stopCode": 57, "lines": "2", "name": "East Main Station", "walkingMeters": 1036, "walkingSeconds": 750, "band": 15}, {"stopCode": 58, "lines": "2", "name": "Bellevue Downtown Station", "walkingMeters": 1337, "walkingSeconds": 962, "band": 15}]}, "geometry": {"type": "Point", "coordinates": [-122.2014084, 47.6110229]}}, {"type": "Feature", "properties": {"id": "65d25b87-6221-4d35-ba38-a443d088c330", "name": "Byblos Deli", "category": "fast_food", "tags": ["fast-food", "fast", "food"], "sources": ["overture"], "website": "http://www.byblosdeli.com", "phone": "(425) 455-4355", "address": "102 Bellevue Way NE Ste B", "stations": [{"stopCode": 57, "lines": "2", "name": "East Main Station", "walkingMeters": 1098, "walkingSeconds": 790, "band": 15}, {"stopCode": 58, "lines": "2", "name": "Bellevue Downtown Station", "walkingMeters": 1376, "walkingSeconds": 990, "band": 15}]}, "geometry": {"type": "Point", "coordinates": [-122.2011795, 47.611393]}}, {"type": "Feature", "properties": {"id": "cb17f522-13b1-433f-9f69-dd9201abc116", "name": "SemiColon Cafe Bellevue", "category": "restaurant", "tags": ["restaurant", "sandwich"], "sources": ["overture"], "website": "http://semicolonbellevue.com/", "phone": "+14252235932", "address": "10451 NE 2nd St", "stations": [{"stopCode": 57, "lines": "2", "name": "East Main Station", "walkingMeters": 1110, "walkingSeconds": 798, "band": 15}, {"stopCode": 58, "lines": "2", "name": "Bellevue Downtown Station", "walkingMeters": 1171, "walkingSeconds": 842, "band": 15}]}, "geometry": {"type": "Point", "coordinates": [-122.2008438, 47.6119461]}}, {"type": "Feature", "properties": {"id": "60aff04f-b625-4a7f-9b3b-d29d4a353840", "name": "Old Mediterranean Kitchen", "category": "restaurant", "tags": ["restaurant", "mediterranean", "lebanese", "middle-eastern"], "sources": ["overture"], "website": "http://www.mediterraneankitchens.net/", "phone": "+14254629422", "address": "103 Bellevue Way NE #103", "stations": [{"stopCode": 58, "lines": "2", "name": "Bellevue Downtown Station", "walkingMeters": 1088, "walkingSeconds": 812, "band": 15}, {"stopCode": 57, "lines": "2", "name": "East Main Station", "walkingMeters": 1126, "walkingSeconds": 840, "band": 15}]}, "geometry": {"type": "Point", "coordinates": [-122.201683, 47.6113777]}}, {"type": "Feature", "properties": {"id": "72ee26cc-6dbc-4d03-af5f-41fa404e7c4c", "name": "Sugar N Flakes", "category": "bakery", "tags": ["bakery"], "sources": ["overture"], "website": "http://www.sugarnflakes.com", "phone": "(206) 330-7277", "address": "227 Bellevue Way NE", "stations": [{"stopCode": 58, "lines": "2", "name": "Bellevue Downtown Station", "walkingMeters": 1314, "walkingSeconds": 947, "band": 15}]}, "geometry": {"type": "Point", "coordinates": [-122.2020798, 47.6127167]}}, {"type": "Feature", "properties": {"id": "a53032b5-5071-486d-b3a4-5391d6022e17", "name": "Pwc International Inc", "category": "restaurant", "tags": ["restaurant"], "sources": ["overture"], "address": "10317 Main St # 100", "stations": [{"stopCode": 57, "lines": "2", "name": "East Main Station", "walkingMeters": 1156, "walkingSeconds": 863, "band": 15}]}, "geometry": {"type": "Point", "coordinates": [-122.2026901, 47.6100235]}}, {"type": "Feature", "properties": {"id": "7575d727-3466-41f1-9ebf-67176e54014e", "name": "Peony Kitchen Bellevue", "category": "restaurant", "tags": ["restaurant", "chinese", "asian"], "sources": ["overture"], "website": "http://www.peonykitchen.com/", "phone": "+14255027652", "address": "10317 Main St", "stations": [{"stopCode": 57, "lines": "2", "name": "East Main Station", "walkingMeters": 1088, "walkingSeconds": 782, "band": 15}]}, "geometry": {"type": "Point", "coordinates": [-122.2028656, 47.6100502]}}, {"type": "Feature", "properties": {"id": "85f4ec37-c462-497b-a0ae-eddd65a4882f", "name": "The Tlatte Company Llc", "category": "restaurant", "tags": ["restaurant"], "sources": ["overture"], "website": "tlatte.business.site", "address": "37 103rd Ave Ne Ste B", "stations": [{"stopCode": 58, "lines": "2", "name": "Bellevue Downtown Station", "walkingMeters": 1237, "walkingSeconds": 923, "band": 15}]}, "geometry": {"type": "Point", "coordinates": [-122.2032242, 47.6111145]}}, {"type": "Feature", "properties": {"id": "c584c524-b413-4da5-bac4-51dce5e278f8", "name": "Matcha Magic Bellevue", "category": "cafe", "tags": ["cafe"], "sources": ["overture"], "website": "http://www.itsmatchamagic.com", "phone": "+14254531029", "address": "10246 Main St", "stations": [{"stopCode": 57, "lines": "2", "name": "East Main Station", "walkingMeters": 1131, "walkingSeconds": 817, "band": 15}]}, "geometry": {"type": "Point", "coordinates": [-122.2033005, 47.6102333]}}, {"type": "Feature", "properties": {"id": "1aa949c2-6f4c-440d-89ff-80ecc1d46a26", "name": "Araya's Place Vegan Thai Bellevue", "category": "restaurant", "tags": ["restaurant", "thai", "vegetarian", "asian"], "sources": ["overture"], "website": "http://arayasplace.com/", "phone": "+14254542440", "address": "10246 Main St", "stations": [{"stopCode": 57, "lines": "2", "name": "East Main Station", "walkingMeters": 1201, "walkingSeconds": 896, "band": 15}]}, "geometry": {"type": "Point", "coordinates": [-122.2030716, 47.6102715]}}, {"type": "Feature", "properties": {"id": "3f26cbc4-db69-4ba8-ae5c-4c7c488c124f", "name": "Fd Bbq West Jordan Llc", "category": "restaurant", "tags": ["restaurant"], "sources": ["overture"], "address": "9 103rd Ave Ne Ste 204", "stations": [{"stopCode": 57, "lines": "2", "name": "East Main Station", "walkingMeters": 1198, "walkingSeconds": 894, "band": 15}]}, "geometry": {"type": "Point", "coordinates": [-122.2029953, 47.6103897]}}, {"type": "Feature", "properties": {"id": "d68991cc-b2ab-4b12-a1ec-42e3bbde5b7b", "name": "Fd Bbq Layton Llc", "category": "restaurant", "tags": ["restaurant"], "sources": ["overture"], "address": "9 103rd Ave Ne Ste 204", "stations": [{"stopCode": 57, "lines": "2", "name": "East Main Station", "walkingMeters": 1198, "walkingSeconds": 894, "band": 15}]}, "geometry": {"type": "Point", "coordinates": [-122.2029953, 47.6103897]}}, {"type": "Feature", "properties": {"id": "153a12cb-2dab-4eec-ad80-fbd0219c58e7", "name": "Standfords Clackamas Llc", "category": "restaurant", "tags": ["restaurant"], "sources": ["overture"], "address": "9 103rd Ave Ne Ste 204", "stations": [{"stopCode": 57, "lines": "2", "name": "East Main Station", "walkingMeters": 1198, "walkingSeconds": 894, "band": 15}]}, "geometry": {"type": "Point", "coordinates": [-122.2029953, 47.6103897]}}, {"type": "Feature", "properties": {"id": "374113d8-5a99-4b28-9bca-c725323e1998", "name": "Ascend Hospitality Group Llc", "category": "restaurant", "tags": ["restaurant"], "sources": ["overture"], "website": "https://www.ascendhg.com", "address": "9 103rd Ave Ne Ste 204", "stations": [{"stopCode": 57, "lines": "2", "name": "East Main Station", "walkingMeters": 1198, "walkingSeconds": 894, "band": 15}]}, "geometry": {"type": "Point", "coordinates": [-122.2029953, 47.6103897]}}, {"type": "Feature", "properties": {"id": "88003725-e0ad-46e9-8700-82fe5d020b80", "name": "Monsoon Bellevue", "category": "restaurant", "tags": ["restaurant", "vietnamese", "asian"], "sources": ["overture"], "website": "http://www.monsoonrestaurants.com/", "phone": "+14256351112", "address": "10245 Main St", "stations": [{"stopCode": 57, "lines": "2", "name": "East Main Station", "walkingMeters": 1109, "walkingSeconds": 797, "band": 15}]}, "geometry": {"type": "Point", "coordinates": [-122.2030792, 47.6101112]}}, {"type": "Feature", "properties": {"id": "ff4cc487-a2d2-4397-9eb5-f96441a52636", "name": "Porcella Urban Market", "category": "restaurant", "tags": ["restaurant"], "sources": ["overture"], "website": "http://porcellaurbanmarket.com/", "phone": "(425) 286-0800", "address": "10245 Main St", "stations": [{"stopCode": 57, "lines": "2", "name": "East Main Station", "walkingMeters": 1144, "walkingSeconds": 826, "band": 15}]}, "geometry": {"type": "Point", "coordinates": [-122.2035751, 47.6101875]}}, {"type": "Feature", "properties": {"id": "71372fbd-758c-4baa-b318-098c7616e2cd", "name": "Salute's of Bellevue", "category": "restaurant", "tags": ["restaurant"], "sources": ["overture"], "website": "http://www.saluteofbellevue.com/", "phone": "(425) 688-7613", "address": "10134 Main St"}, "geometry": {"type": "Point", "coordinates": [-122.2046356, 47.6102638]}}, {"type": "Feature", "properties": {"id": "f079c48e-f64f-4212-858d-635c0a32a6bc", "name": "Local Burger", "category": "restaurant", "tags": ["restaurant", "pub"], "sources": ["overture"], "website": "http://localburger.org", "phone": "(425) 454-8559", "address": "10134 Main St"}, "geometry": {"type": "Point", "coordinates": [-122.2046509, 47.6102905]}}, {"type": "Feature", "properties": {"id": "42f0e9ef-3a14-48a6-9bef-56f2e9cd7939", "name": "Fern Thai On Main (bellevue)", "category": "restaurant", "tags": ["restaurant", "thai"], "sources": ["overture"], "website": "https://www.fernthaionmain.com", "phone": "14253261624", "address": "10134 Main St"}, "geometry": {"type": "Point", "coordinates": [-122.204628, 47.6103897]}}, {"type": "Feature", "properties": {"id": "c7e777e6-97ec-4e9b-ad77-21a9fdbc09a8", "name": "Baifern Thai On Main Llc", "category": "restaurant", "tags": ["restaurant"], "sources": ["overture"], "website": "https://www.fernthaionmain.com", "address": "10134 Main St"}, "geometry": {"type": "Point", "coordinates": [-122.204628, 47.6103897]}}, {"type": "Feature", "properties": {"id": "1e0cd829-0258-4dc3-a2d7-05777ddb5bd9", "name": "Cantinetta Bellevue", "category": "restaurant", "tags": ["restaurant", "italian", "european"], "sources": ["overture"], "website": "http://www.CantinettaBellevue.com/", "phone": "+14252336040", "address": "10038 Main St"}, "geometry": {"type": "Point", "coordinates": [-122.2049484, 47.6102448]}}, {"type": "Feature", "properties": {"id": "0cfed487-a5da-430e-b744-9539eeb6da7f", "name": "G & M Restaurants On Main Llc", "category": "restaurant", "tags": ["restaurant"], "sources": ["overture"], "address": "10038 Main St"}, "geometry": {"type": "Point", "coordinates": [-122.2050018, 47.6103592]}}, {"type": "Feature", "properties": {"id": "9f717883-745d-436b-a499-879c1e8c1d07", "name": "Adrian\u2019s Restaurant and Tequila Bar", "category": "restaurant", "tags": ["restaurant", "mexican"], "sources": ["overture"], "website": "https://www.adriansrestaurantbellevue.com", "phone": "(425) 453-4124", "address": "10145 Main St Bellevue, King County 98004 USA"}, "geometry": {"type": "Point", "coordinates": [-122.2043533, 47.6100578]}}, {"type": "Feature", "properties": {"id": "c7727d18-6d6f-441d-ae6f-24869c170405", "name": "99 Park Restaurant", "category": "bar", "tags": ["bar", "cocktail"], "sources": ["overture"], "phone": "4259993991", "address": "99 102nd Ave NE"}, "geometry": {"type": "Point", "coordinates": [-122.2044907, 47.6110535]}}, {"type": "Feature", "properties": {"id": "7885527b-00b9-4e08-b72c-6762eec642ed", "name": "520 Bar & Grill", "category": "restaurant", "tags": ["restaurant", "bar-and-grill", "bar", "grill", "american"], "sources": ["overture"], "website": "http://www.520barandgrill.com/", "phone": "+14254500520", "address": "10146 Main St"}, "geometry": {"type": "Point", "coordinates": [-122.2043228, 47.6103096]}}, {"type": "Feature", "properties": {"id": "51bad242-6b7a-47e1-aa39-24c978984b8b", "name": "Pacific Catch Llc", "category": "restaurant", "tags": ["restaurant"], "sources": ["overture"], "address": "4 102nd Ave NE", "stations": [{"stopCode": 57, "lines": "2", "name": "East Main Station", "walkingMeters": 1290, "walkingSeconds": 963, "band": 15}]}, "geometry": {"type": "Point", "coordinates": [-122.2039948, 47.6103249]}}, {"type": "Feature", "properties": {"id": "b44b6bcd-cd53-448d-bfcd-de0c20f0424c", "name": "Red Ribbon Gourmet", "category": "restaurant", "tags": ["restaurant"], "sources": ["overture"], "website": "http://www.redribbongourmet.com", "phone": "(425) 462-2500", "address": "14 102nd Ave NE Ste 2"}, "geometry": {"type": "Point", "coordinates": [-122.2039108, 47.6106567]}}, {"type": "Feature", "properties": {"id": "68a82898-f8a7-4550-b52e-fafea5600d79", "name": "Childs Play Cafe", "category": "cafe", "tags": ["cafe", "coffee"], "sources": ["overture"], "website": "http://childsplaycafe.com/", "phone": "(425) 453-6151", "address": "10235 Main St", "stations": [{"stopCode": 57, "lines": "2", "name": "East Main Station", "walkingMeters": 1165, "walkingSeconds": 841, "band": 15}]}, "geometry": {"type": "Point", "coordinates": [-122.2038498, 47.6101646]}}, {"type": "Feature", "properties": {"id": "3e8afca9-fb9b-4c20-a350-73a9d87bf17d", "name": "Mercato Stellina Pizzeria", "category": "restaurant", "tags": ["restaurant", "pizza", "italian"], "sources": ["overture"], "website": "http://www.mercatostellina.com", "phone": "+14257326611", "address": "10000 Main St"}, "geometry": {"type": "Point", "coordinates": [-122.20578, 47.6102943]}}, {"type": "Feature", "properties": {"id": "69eb741b-de1c-4ed1-970d-742aecd62e22", "name": "Department Bento", "category": "restaurant", "tags": ["restaurant", "asian", "fusion"], "sources": ["overture"], "website": "https://shop.nordstrom.com/st/nordstrom-bellevue-square", "phone": "4256465600", "address": "100 Bellevue Sq", "stations": [{"stopCode": 58, "lines": "2", "name": "Bellevue Downtown Station", "walkingMeters": 1379, "walkingSeconds": 991, "band": 15}]}, "geometry": {"type": "Point", "coordinates": [-122.2048111, 47.615097]}}, {"type": "Feature", "properties": {"id": "c9f79ef0-0b29-4a08-9849-c2d8a633e4de", "name": "Lady M Cake Boutique", "category": "bakery", "tags": ["bakery"], "sources": ["overture"], "website": "https://www.ladym.com/", "phone": "+12066812292", "address": "2nd floor, 219 Bellevue Square"}, "geometry": {"type": "Point", "coordinates": [-122.2044373, 47.6160126]}}, {"type": "Feature", "properties": {"id": "5016889e-ef7b-4c4a-80d5-035356fd4b40", "name": "The Dining District", "category": "restaurant", "tags": ["restaurant", "asian", "japanese"], "sources": ["overture"], "website": "https://bellevuecollection.com/dining/", "address": "575 Bellevue Sq", "stations": [{"stopCode": 58, "lines": "2", "name": "Bellevue Downtown Station", "walkingMeters": 1268, "walkingSeconds": 913, "band": 15}]}, "geometry": {"type": "Point", "coordinates": [-122.20401, 47.6169128]}}, {"type": "Feature", "properties": {"id": "d33ab76e-d9eb-4657-9590-6972efcef80e", "name": "Habitant", "category": "bar", "tags": ["bar", "cocktail"], "sources": ["overture"], "website": "https://www.nordstrom.com/store-details/nordstrom-bellevue-square?utm_source=bing&utm_medium=organic&utm_campaign=food&utm_content=30004&utm_channel=low_nd_seo_local&sp_source=bing&sp_campaign=food", "phone": "4256465010", "address": "100 Bellevue Square", "stations": [{"stopCode": 58, "lines": "2", "name": "Bellevue Downtown Station", "walkingMeters": 1178, "walkingSeconds": 879, "band": 15}]}, "geometry": {"type": "Point", "coordinates": [-122.2038803, 47.6170006]}}, {"type": "Feature", "properties": {"id": "7aa2db2a-80de-4d0b-9303-7fb73d9b0d2a", "name": "The Grill", "category": "restaurant", "tags": ["restaurant", "american"], "sources": ["overture"], "website": "http://shop.nordstrom.com/c/nordstrom-restaurants", "phone": "+14254555800", "address": "100 Bellevue Sq"}, "geometry": {"type": "Point", "coordinates": [-122.2049561, 47.6170197]}}, {"type": "Feature", "properties": {"id": "ead0f7b3-d466-4787-a3cd-6368e4e2fbac", "name": "Freshii", "category": "fast_food", "tags": ["fast-food", "fast", "food", "health-food"], "sources": ["overture"], "website": "http://www.freshii.com/", "phone": "4256377444", "address": "575 Bellevue Way NE #2039"}, "geometry": {"type": "Point", "coordinates": [-122.204689, 47.6158257]}}, {"type": "Feature", "properties": {"id": "afeb18a3-7e83-4ee2-98a0-4305f670b552", "name": "Wintergarden Hospitality Group Llc", "category": "restaurant", "tags": ["restaurant"], "sources": ["overture"], "address": "10500 NE 8th St", "stations": [{"stopCode": 58, "lines": "2", "name": "Bellevue Downtown Station", "walkingMeters": 913, "walkingSeconds": 681, "band": 15}]}, "geometry": {"type": "Point", "coordinates": [-122.2005692, 47.617897]}}, {"type": "Feature", "properties": {"id": "ebace01a-c7bc-49e0-824e-bf7b56f86a51", "name": "Car Cafe Co", "category": "restaurant", "tags": ["restaurant"], "sources": ["overture"], "address": "10500 NE 8th St", "stations": [{"stopCode": 58, "lines": "2", "name": "Bellevue Downtown Station", "walkingMeters": 913, "walkingSeconds": 681, "band": 15}]}, "geometry": {"type": "Point", "coordinates": [-122.2005692, 47.617897]}}, {"type": "Feature", "properties": {"id": "d9fef3d4-e0ad-445e-af33-5f57dbc0ce93", "name": "Koral", "category": "restaurant", "tags": ["restaurant", "american"], "sources": ["overture"], "website": "http://www.koralbellevue.com", "phone": "(425) 623-1125", "address": "900 Bellevue Way NE Ste 100", "stations": [{"stopCode": 58, "lines": "2", "name": "Bellevue Downtown Station", "walkingMeters": 1104, "walkingSeconds": 796, "band": 15}]}, "geometry": {"type": "Point", "coordinates": [-122.2009506, 47.6180763]}}, {"type": "Feature", "properties": {"id": "671908d7-716e-4c99-96d1-362a6d55295a", "name": "STIR Martini + Raw Bar", "category": "restaurant", "tags": ["restaurant", "sushi"], "sources": ["overture"], "website": "http://www.stirmartinibar.com", "phone": "(425) 646-7847", "address": "10500 NE 8th Street", "stations": [{"stopCode": 58, "lines": "2", "name": "Bellevue Downtown Station", "walkingMeters": 1092, "walkingSeconds": 787, "band": 15}]}, "geometry": {"type": "Point", "coordinates": [-122.201088, 47.6178856]}}, {"type": "Feature", "properties": {"id": "8a9e2c1a-7efe-488e-8bba-4cacc3b9a6d2", "name": "JOEY Bellevue", "category": "restaurant", "tags": ["restaurant", "bar-and-grill"], "sources": ["overture"], "website": "https://joeyrestaurants.com/location/joey-bellevue", "phone": "+14256371177", "address": "800 Bellevue Way NE", "stations": [{"stopCode": 58, "lines": "2", "name": "Bellevue Downtown Station", "walkingMeters": 1100, "walkingSeconds": 793, "band": 15}]}, "geometry": {"type": "Point", "coordinates": [-122.2012939, 47.6176949]}}, {"type": "Feature", "properties": {"id": "e5590028-07fd-467c-92c7-952c75a049c2", "name": "Whisk 425", "category": "restaurant", "tags": ["restaurant"], "sources": ["overture"], "phone": "4254621234", "address": "900 Bellevue Way NE", "stations": [{"stopCode": 58, "lines": "2", "name": "Bellevue Downtown Station", "walkingMeters": 1032, "walkingSeconds": 770, "band": 15}]}, "geometry": {"type": "Point", "coordinates": [-122.2016602, 47.6182747]}}, {"type": "Feature", "properties": {"id": "2f188eef-f305-4b92-939f-b76763315b1d", "name": "Black Bottle Bellevue", "category": "restaurant", "tags": ["restaurant", "pub"], "sources": ["overture"], "website": "http://blackbottlebellevue.com/", "phone": "+14252235143", "address": "919 Bellevue Way NE", "stations": [{"stopCode": 58, "lines": "2", "name": "Bellevue Downtown Station", "walkingMeters": 1249, "walkingSeconds": 900, "band": 15}]}, "geometry": {"type": "Point", "coordinates": [-122.2019806, 47.6184616]}}, {"type": "Feature", "properties": {"id": "66dcf026-eb3f-40c2-a6bb-1e83520165da", "name": "Moghul Palace India Cuisine", "category": "restaurant", "tags": ["restaurant", "indian"], "sources": ["overture"], "website": "http://moghulpalace.net/", "phone": "(425) 451-1909", "address": "10301 NE 10th St"}, "geometry": {"type": "Point", "coordinates": [-122.2029114, 47.6190681]}}, {"type": "Feature", "properties": {"id": "8fa6824d-7962-4ac8-aea4-ff8d47343739", "name": "Ristorante Luciano", "category": "restaurant", "tags": ["restaurant", "italian"], "sources": ["overture"], "website": "http://www.ristoranteluciano.com", "phone": "(425) 283-5877", "address": "515 Bellevue Sq Ste A", "stations": [{"stopCode": 58, "lines": "2", "name": "Bellevue Downtown Station", "walkingMeters": 1028, "walkingSeconds": 741, "band": 15}]}, "geometry": {"type": "Point", "coordinates": [-122.2021332, 47.6161728]}}, {"type": "Feature", "properties": {"id": "bac4c349-e955-4100-80c1-0e6d35b6de1e", "name": "KuKuRuZa Gourmet Popcorn", "category": "restaurant", "tags": ["restaurant", "american"], "sources": ["overture"], "website": "http://www.kukuruza.com", "phone": "(425) 451-8084", "address": "2033 Bellevue Sq", "stations": [{"stopCode": 58, "lines": "2", "name": "Bellevue Downtown Station", "walkingMeters": 1123, "walkingSeconds": 809, "band": 15}]}, "geometry": {"type": "Point", "coordinates": [-122.2035065, 47.6149483]}}, {"type": "Feature", "properties": {"id": "ca43d91a-f643-4c46-9f29-118b6c9fccc2", "name": "Taylor Shellfish Farms", "category": "restaurant", "tags": ["restaurant", "seafood", "live-and-raw-food"], "sources": ["overture"], "website": "https://www.taylorshellfishfarms.com", "phone": "+14254403875", "address": "504 Bellevue Way NE", "stations": [{"stopCode": 58, "lines": "2", "name": "Bellevue Downtown Station", "walkingMeters": 996, "walkingSeconds": 718, "band": 10}]}, "geometry": {"type": "Point", "coordinates": [-122.201416, 47.6148949]}}, {"type": "Feature", "properties": {"id": "4d846667-290f-4695-963d-765d74e00a16", "name": "Cantina Monarca", "category": "restaurant", "tags": ["restaurant", "mexican"], "sources": ["overture"], "website": "http://cantinamonarca.com/", "phone": "+14255317206", "address": "504 Bellevue Way NE", "stations": [{"stopCode": 58, "lines": "2", "name": "Bellevue Downtown Station", "walkingMeters": 1009, "walkingSeconds": 727, "band": 10}]}, "geometry": {"type": "Point", "coordinates": [-122.2014236, 47.6147804]}}, {"type": "Feature", "properties": {"id": "910f2bc1-aa04-4d65-bc3b-c07bfe3858f8", "name": "Trader Vic's", "category": "bar", "tags": ["bar"], "sources": ["overture"], "website": "http://www.tradervicsbellevue.com/", "phone": "(425) 455-4483", "address": "700 Bellevue Way NE", "stations": [{"stopCode": 58, "lines": "2", "name": "Bellevue Downtown Station", "walkingMeters": 1046, "walkingSeconds": 753, "band": 15}]}, "geometry": {"type": "Point", "coordinates": [-122.2020035, 47.6164932]}}, {"type": "Feature", "properties": {"id": "44595052-3c1d-4d2c-a821-1ee723e119c7", "name": "Moksha Indian Cuisine of Bellevue", "category": "restaurant", "tags": ["restaurant", "indian"], "sources": ["overture"], "website": "http://spiceroutecuisine.com/moksha/cuisine/", "phone": "(425) 427-5787", "address": "515 Bellevue Way Northeast", "stations": [{"stopCode": 58, "lines": "2", "name": "Bellevue Downtown Station", "walkingMeters": 1042, "walkingSeconds": 750, "band": 15}]}, "geometry": {"type": "Point", "coordinates": [-122.202034, 47.6164589]}}, {"type": "Feature", "properties": {"id": "846736ba-2260-41e1-a16e-8a4c753b5438", "name": "Z'Tejas", "category": "restaurant", "tags": ["restaurant", "mexican"], "sources": ["overture"], "website": "http://ztejas.com/", "phone": "(425) 467-5911", "address": "535 Bellevue Sq", "stations": [{"stopCode": 58, "lines": "2", "name": "Bellevue Downtown Station", "walkingMeters": 1079, "walkingSeconds": 777, "band": 15}]}, "geometry": {"type": "Point", "coordinates": [-122.2020416, 47.6167946]}}, {"type": "Feature", "properties": {"id": "79be3732-c80b-4085-b8a9-f819730867f2", "name": "Vivo 53", "category": "restaurant", "tags": ["restaurant", "pizza"], "sources": ["overture"], "phone": "4252749165", "address": "504 Bellevue Sq", "stations": [{"stopCode": 58, "lines": "2", "name": "Bellevue Downtown Station", "walkingMeters": 1086, "walkingSeconds": 785, "band": 15}]}, "geometry": {"type": "Point", "coordinates": [-122.2017822, 47.6169777]}}, {"type": "Feature", "properties": {"id": "db5845e6-5f7a-4581-b201-2d956cf02a24", "name": "The Lodge", "category": "restaurant", "tags": ["restaurant", "bar-and-grill"], "sources": ["overture"], "website": "http://thelodgesportsgrille.com", "phone": "+14254548096", "address": "523 Bellevue Way NE", "stations": [{"stopCode": 58, "lines": "2", "name": "Bellevue Downtown Station", "walkingMeters": 1096, "walkingSeconds": 789, "band": 15}]}, "geometry": {"type": "Point", "coordinates": [-122.2019196, 47.6169319]}}, {"type": "Feature", "properties": {"id": "a60e656a-22d1-4ee9-8b63-537f92dd18ff", "name": "Legion Sports Bar", "category": "restaurant", "tags": ["restaurant", "bar", "sports"], "sources": ["overture"], "website": "https://legionsportsbar.com/", "phone": "4255027425", "address": "700 Bellevue Way NE Ste 50", "stations": [{"stopCode": 58, "lines": "2", "name": "Bellevue Downtown Station", "walkingMeters": 922, "walkingSeconds": 664, "band": 15}]}, "geometry": {"type": "Point", "coordinates": [-122.2016525, 47.6166306]}}, {"type": "Feature", "properties": {"id": "9a52ff3d-c8de-41f6-af70-49ebadf234df", "name": "McCormick & Schmick's Seafood & Steaks", "category": "restaurant", "tags": ["restaurant", "seafood"], "sources": ["overture"], "website": "http://www.mccormickandschmicks.com/locations/seattle-washington/bellevue-washington/bellevuewayne.aspx?utm_campaign=Yext&utm_source=Yext&utm_medium=Website&utm_content=MSBE", "phone": "4254542606", "address": "700 Bellevue Way NE Ste 115", "stations": [{"stopCode": 58, "lines": "2", "name": "Bellevue Downtown Station", "walkingMeters": 1074, "walkingSeconds": 774, "band": 15}]}, "geometry": {"type": "Point", "coordinates": [-122.2013702, 47.6169777]}}, {"type": "Feature", "properties": {"id": "444dd28b-1db2-46ec-90fd-f7be1a9a1df1", "name": "Water Grill", "category": "restaurant", "tags": ["restaurant", "seafood", "bar-and-grill"], "sources": ["overture"], "website": "https://www.watergrill.com/", "phone": "+14257992800", "address": "700 Bellevue Way NE", "stations": [{"stopCode": 58, "lines": "2", "name": "Bellevue Downtown Station", "walkingMeters": 959, "walkingSeconds": 691, "band": 15}]}, "geometry": {"type": "Point", "coordinates": [-122.2014923, 47.6168594]}}, {"type": "Feature", "properties": {"id": "7941234b-4a85-4a30-8f5d-1ffd3c872ec3", "name": "Munchbar", "category": "restaurant", "tags": ["restaurant", "american"], "sources": ["overture"], "website": "http://www.munchgroup.com/bellevue/", "phone": "(425) 454-6862", "address": "505 Bellevue Sq", "stations": [{"stopCode": 58, "lines": "2", "name": "Bellevue Downtown Station", "walkingMeters": 1032, "walkingSeconds": 744, "band": 15}]}, "geometry": {"type": "Point", "coordinates": [-122.2016678, 47.616539]}}, {"type": "Feature", "properties": {"id": "b9f598f1-1e88-4c8f-a307-55f21e0401cc", "name": "Palomino Rustico", "category": "restaurant", "tags": ["restaurant", "italian"], "sources": ["overture"], "website": "http://www.palomino.com", "phone": "(425) 455-7600", "address": "610 Bellevue Way NE", "stations": [{"stopCode": 58, "lines": "2", "name": "Bellevue Downtown Station", "walkingMeters": 937, "walkingSeconds": 675, "band": 15}]}, "geometry": {"type": "Point", "coordinates": [-122.2015305, 47.615757]}}, {"type": "Feature", "properties": {"id": "0514b07f-710d-4ded-b54b-9e2cd6c473ce", "name": "STK Steakhouse Bellevue", "category": "restaurant", "tags": ["restaurant", "steakhouse", "american", "seafood"], "sources": ["overture"], "website": "https://stksteakhouse.com/venues/bellevue/", "phone": "+14252091016", "address": "610 Bellevue Way NE #110", "stations": [{"stopCode": 58, "lines": "2", "name": "Bellevue Downtown Station", "walkingMeters": 902, "walkingSeconds": 673, "band": 15}]}, "geometry": {"type": "Point", "coordinates": [-122.2012711, 47.6160126]}}, {"type": "Feature", "properties": {"id": "420c06a2-3372-4ff2-b731-68b92c799611", "name": "The Parlor Billiards & Spirits", "category": "bar", "tags": ["bar", "sports"], "sources": ["overture"], "website": "http://www.parlorbilliards.com", "phone": "(425) 289-7000", "address": "700 Bellevue Way NE Ste 300", "stations": [{"stopCode": 58, "lines": "2", "name": "Bellevue Downtown Station", "walkingMeters": 1069, "walkingSeconds": 770, "band": 15}]}, "geometry": {"type": "Point", "coordinates": [-122.2011719, 47.6169395]}}, {"type": "Feature", "properties": {"id": "5dfefb5e-a970-494f-84d1-c036c3e747e2", "name": "Lincoln Square", "category": "restaurant", "tags": ["restaurant", "italian"], "sources": ["overture"], "address": "10455 NE 8th St.", "stations": [{"stopCode": 58, "lines": "2", "name": "Bellevue Downtown Station", "walkingMeters": 921, "walkingSeconds": 687, "band": 15}]}, "geometry": {"type": "Point", "coordinates": [-122.2009659, 47.6173935]}}, {"type": "Feature", "properties": {"id": "8ded5eb7-23c0-43a5-9739-30dbd3f129c8", "name": "Northwest Dtf Partners, Llc", "category": "restaurant", "tags": ["restaurant"], "sources": ["overture"], "address": "700 Bellevue Way Ne Ste 280", "stations": [{"stopCode": 58, "lines": "2", "name": "Bellevue Downtown Station", "walkingMeters": 880, "walkingSeconds": 657, "band": 15}]}, "geometry": {"type": "Point", "coordinates": [-122.2008286, 47.6167488]}}, {"type": "Feature", "properties": {"id": "9340ea46-8218-4950-a68b-5660055bb287", "name": "Earls Kitchen + Bar", "category": "restaurant", "tags": ["restaurant"], "sources": ["overture"], "website": "https://www.earls.ca", "phone": "14254523275", "address": "700 Bellevue Way Ne  Ste 130", "stations": [{"stopCode": 58, "lines": "2", "name": "Bellevue Downtown Station", "walkingMeters": 880, "walkingSeconds": 657, "band": 15}]}, "geometry": {"type": "Point", "coordinates": [-122.2008286, 47.6167488]}}, {"type": "Feature", "properties": {"id": "906b2701-0467-4c15-b98c-ec542ffae908", "name": "Pearl Seafood & Oyster Bar", "category": "restaurant", "tags": ["restaurant"], "sources": ["overture"], "website": "https://pearlbellevue.com", "address": "700 Bellevue Way Ne Ste 50", "stations": [{"stopCode": 58, "lines": "2", "name": "Bellevue Downtown Station", "walkingMeters": 1027, "walkingSeconds": 740, "band": 15}]}, "geometry": {"type": "Point", "coordinates": [-122.2008286, 47.6167488]}}, {"type": "Feature", "properties": {"id": "baaaf508-ae79-4980-93c5-affe4171aca7", "name": "Maggiano's Little Italy", "category": "restaurant", "tags": ["restaurant", "italian"], "sources": ["overture"], "website": "https://www.maggianos.com", "phone": "14255196476", "address": "10455 NE 8th St", "stations": [{"stopCode": 58, "lines": "2", "name": "Bellevue Downtown Station", "walkingMeters": 874, "walkingSeconds": 652, "band": 15}]}, "geometry": {"type": "Point", "coordinates": [-122.2005844, 47.6171532]}}, {"type": "Feature", "properties": {"id": "cdc48e96-2101-417c-a9f1-d1acc392c64f", "name": "Civility & Unrest", "category": "bar", "tags": ["bar", "cocktail"], "sources": ["overture"], "website": "http://civilityandunrest.com/", "phone": "+14254547076", "address": "10455 Bellevue Way NE", "stations": [{"stopCode": 58, "lines": "2", "name": "Bellevue Downtown Station", "walkingMeters": 839, "walkingSeconds": 626, "band": 10}]}, "geometry": {"type": "Point", "coordinates": [-122.2006607, 47.6147499]}}, {"type": "Feature", "properties": {"id": "9fde7490-2cf1-45a4-92a1-5fc93309f8f6", "name": "W Living Room Bar", "category": "bar", "tags": ["bar"], "sources": ["overture"], "website": "http://www.wbellevue.com/bellevue-dining", "phone": "+14257099000", "address": "10455 NE 5th Pl", "stations": [{"stopCode": 58, "lines": "2", "name": "Bellevue Downtown Station", "walkingMeters": 905, "walkingSeconds": 652, "band": 10}]}, "geometry": {"type": "Point", "coordinates": [-122.2007446, 47.6152878]}}, {"type": "Feature", "properties": {"id": "c491bf47-2fe1-4bf1-9238-7e9562692e3a", "name": "Carol And Co Hospitality Llc", "category": "restaurant", "tags": ["restaurant"], "sources": ["overture"], "address": "504 Bellevue Sq", "stations": [{"stopCode": 58, "lines": "2", "name": "Bellevue Downtown Station", "walkingMeters": 898, "walkingSeconds": 670, "band": 10}]}, "geometry": {"type": "Point", "coordinates": [-122.2012711, 47.6147766]}}, {"type": "Feature", "properties": {"id": "5dfab347-44e0-4953-be23-22e6e776bc1f", "name": "Japonessa Bellevue Llc", "category": "restaurant", "tags": ["restaurant"], "sources": ["overture"], "address": "500 Bellevue Way Ne Ste 130", "stations": [{"stopCode": 58, "lines": "2", "name": "Bellevue Downtown Station", "walkingMeters": 898, "walkingSeconds": 670, "band": 10}]}, "geometry": {"type": "Point", "coordinates": [-122.2012558, 47.6146355]}}, {"type": "Feature", "properties": {"id": "fea254e6-6a9c-4e5a-9fc0-c93ea54c7607", "name": "C + V", "category": "restaurant", "tags": ["restaurant"], "sources": ["overture"], "website": "jenniferdelarosa.rocks", "phone": "14256463660", "address": "500 Bellevue Way NE", "stations": [{"stopCode": 58, "lines": "2", "name": "Bellevue Downtown Station", "walkingMeters": 898, "walkingSeconds": 670, "band": 10}]}, "geometry": {"type": "Point", "coordinates": [-122.2012558, 47.6146355]}}, {"type": "Feature", "properties": {"id": "c866f2b1-d1d7-437a-a35d-408b1227bb98", "name": "Ascend Hospitality Group", "category": "restaurant", "tags": ["restaurant"], "sources": ["overture"], "website": "https://www.ascendhg.com", "address": "500 Bellevue Way NE", "stations": [{"stopCode": 58, "lines": "2", "name": "Bellevue Downtown Station", "walkingMeters": 898, "walkingSeconds": 670, "band": 10}]}, "geometry": {"type": "Point", "coordinates": [-122.2012558, 47.6146355]}}, {"type": "Feature", "properties": {"id": "8debb91a-6852-4ee8-a3df-bae7715bec4b", "name": "Crosta", "category": "fast_food", "tags": ["fast-food", "fast", "food"], "sources": ["overture"], "website": "https://www.lincolnsfh.com/restaurant/crosta/", "phone": "(425) 362-6082", "address": "500 Bellevue Way NE St, Fl 2", "stations": [{"stopCode": 58, "lines": "2", "name": "Bellevue Downtown Station", "walkingMeters": 1026, "walkingSeconds": 739, "band": 10}]}, "geometry": {"type": "Point", "coordinates": [-122.2011642, 47.6147003]}}, {"type": "Feature", "properties": {"id": "614b6020-3822-4879-aab8-cb9e383f4b29", "name": "Burger Brawler", "category": "bar", "tags": ["bar", "beer", "burger"], "sources": ["overture"], "website": "https://www.lincolnsfh.com/burger-brawler", "phone": "4253626082", "address": "500 Bellevue Way NE Floor 2", "stations": [{"stopCode": 58, "lines": "2", "name": "Bellevue Downtown Station", "walkingMeters": 1026, "walkingSeconds": 739, "band": 10}]}, "geometry": {"type": "Point", "coordinates": [-122.2010345, 47.6145477]}}, {"type": "Feature", "properties": {"id": "e9139ea9-8b41-41b9-a36a-2c721f2baf6c", "name": "Lake house Restaurant Bellevue Washington", "category": "restaurant", "tags": ["restaurant", "european", "theme"], "sources": ["overture"], "stations": [{"stopCode": 58, "lines": "2", "name": "Bellevue Downtown Station", "walkingMeters": 935, "walkingSeconds": 674, "band": 10}]}, "geometry": {"type": "Point", "coordinates": [-122.2009506, 47.614975]}}, {"type": "Feature", "properties": {"id": "b8268ae1-00bd-4929-bdf7-f5b4829e2a16", "name": "Barrio Luchador", "category": "restaurant", "tags": ["restaurant", "taco", "mexican"], "sources": ["overture"], "website": "https://lincolnsfh.com/barrio-luchador", "phone": "4253626082", "address": "500 Bellevue Way SE Floor 2", "stations": [{"stopCode": 58, "lines": "2", "name": "Bellevue Downtown Station", "walkingMeters": 1047, "walkingSeconds": 752, "band": 10}]}, "geometry": {"type": "Point", "coordinates": [-122.2010193, 47.6144257]}}, {"type": "Feature", "properties": {"id": "cf21aa86-1d5d-4ab5-a03b-9f6df1c12729", "name": "Lakha Investments Company", "category": "restaurant", "tags": ["restaurant"], "sources": ["overture"], "website": "https://aminandylakha.contently.com", "phone": "+14254622505", "address": "10400 Ne 4th St Ste 2200", "stations": [{"stopCode": 58, "lines": "2", "name": "Bellevue Downtown Station", "walkingMeters": 868, "walkingSeconds": 648, "band": 10}]}, "geometry": {"type": "Point", "coordinates": [-122.2008286, 47.6140938]}}, {"type": "Feature", "properties": {"id": "3308bab2-900c-4965-adba-d43f27ade40d", "name": "Restaurant Revolution Technologies", "category": "restaurant", "tags": ["restaurant"], "sources": ["overture"], "website": "www.revolutionordering.com", "address": "10400 NE 4th St", "stations": [{"stopCode": 58, "lines": "2", "name": "Bellevue Downtown Station", "walkingMeters": 868, "walkingSeconds": 648, "band": 10}]}, "geometry": {"type": "Point", "coordinates": [-122.2008286, 47.6140938]}}, {"type": "Feature", "properties": {"id": "b141e279-768e-49a6-a5c9-299208315546", "name": "Lincoln South Food Hall", "category": "restaurant", "tags": ["restaurant"], "sources": ["overture"], "website": "http://bellevuecollection.com/food-hall", "phone": "+14256386933", "address": "500 Bellevue Way NE Fl 2", "stations": [{"stopCode": 58, "lines": "2", "name": "Bellevue Downtown Station", "walkingMeters": 860, "walkingSeconds": 642, "band": 10}]}, "geometry": {"type": "Point", "coordinates": [-122.2008438, 47.6144753]}}, {"type": "Feature", "properties": {"id": "8ae862eb-03c0-4d03-bcbb-e15aa9d4707a", "name": "Ascend Prime Steak & Sushi", "category": "restaurant", "tags": ["restaurant", "steakhouse", "sushi", "asian"], "sources": ["overture"], "website": "https://ascendprime.com/", "phone": "+14256252080", "address": "10400 NE 4th St", "stations": [{"stopCode": 58, "lines": "2", "name": "Bellevue Downtown Station", "walkingMeters": 863, "walkingSeconds": 644, "band": 10}]}, "geometry": {"type": "Point", "coordinates": [-122.2008057, 47.6141663]}}, {"type": "Feature", "properties": {"id": "d6a1f3b8-0990-42ad-98d3-440750eb7d4f", "name": "The Lakehouse", "category": "restaurant", "tags": ["restaurant", "american"], "sources": ["overture"], "website": "https://www.thelakehousebellevue.com/", "phone": "+14254547076", "address": "10455 NE 5th Pl", "stations": [{"stopCode": 58, "lines": "2", "name": "Bellevue Downtown Station", "walkingMeters": 807, "walkingSeconds": 602, "band": 10}]}, "geometry": {"type": "Point", "coordinates": [-122.2003479, 47.6148987]}}, {"type": "Feature", "properties": {"id": "e542a664-59f7-4e22-b6dc-8cba6db58d69", "name": "Suite Restaurant & Lounge", "category": "restaurant", "tags": ["restaurant"], "sources": ["overture"], "website": "https://www.opentable.com/r/suite-lounge-reservations-bellevue?restref=207754&lang=en-US&ot_source=Restaurant+website", "phone": "+14256796951", "address": "10500 NE 8th St", "stations": [{"stopCode": 58, "lines": "2", "name": "Bellevue Downtown Station", "walkingMeters": 878, "walkingSeconds": 655, "band": 15}]}, "geometry": {"type": "Point", "coordinates": [-122.200325, 47.6176834]}}, {"type": "Feature", "properties": {"id": "8673ae9f-2ec2-419c-a6a2-4477e37f0791", "name": "Tewada Thai", "category": "restaurant", "tags": ["restaurant", "thai"], "sources": ["overture"], "website": "http://www.bellevuesquare.com", "phone": "(425) 455-2812", "address": "10500 ne 8th st", "stations": [{"stopCode": 58, "lines": "2", "name": "Bellevue Downtown Station", "walkingMeters": 1060, "walkingSeconds": 764, "band": 15}]}, "geometry": {"type": "Point", "coordinates": [-122.2003632, 47.6179123]}}, {"type": "Feature", "properties": {"id": "a40569be-3860-4500-85e0-bcaca21af8d6", "name": "Pin Hsiao & Associates L.L.C.", "category": "restaurant", "tags": ["restaurant", "gluten-free", "gluten", "free"], "sources": ["overture"], "website": "http://www.antoninasbakery.com/", "phone": "2068180155", "address": "138 105th Ave NE", "stations": [{"stopCode": 57, "lines": "2", "name": "East Main Station", "walkingMeters": 975, "walkingSeconds": 701, "band": 15}, {"stopCode": 58, "lines": "2", "name": "Bellevue Downtown Station", "walkingMeters": 1202, "walkingSeconds": 865, "band": 15}]}, "geometry": {"type": "Point", "coordinates": [-122.2000504, 47.6110649]}}, {"type": "Feature", "properties": {"id": 7205021680, "name": "Forest Deity", "category": "artwork", "tags": ["artwork"], "sources": ["osm"]}, "geometry": {"type": "Point", "coordinates": [-122.2056912, 47.6172758]}}, {"type": "Feature", "properties": {"id": 11212853758, "name": "Lincoln Square Fiori", "category": "artwork", "tags": ["artwork"], "sources": ["osm"], "stations": [{"stopCode": 58, "lines": "2", "name": "Bellevue Downtown Station", "walkingMeters": 1052, "walkingSeconds": 758, "band": 15}]}, "geometry": {"type": "Point", "coordinates": [-122.2014287, 47.6167801]}}, {"type": "Feature", "properties": {"id": 11214221844, "name": "Lincoln Square End of the Day Chandelier", "category": "artwork", "tags": ["artwork"], "sources": ["osm"], "stations": [{"stopCode": 58, "lines": "2", "name": "Bellevue Downtown Station", "walkingMeters": 1049, "walkingSeconds": 756, "band": 15}]}, "geometry": {"type": "Point", "coordinates": [-122.2014717, 47.6167535]}}, {"type": "Feature", "properties": {"id": 12554043199, "name": "Story Pole VI", "category": "artwork", "tags": ["artwork"], "sources": ["osm"], "stations": [{"stopCode": 58, "lines": "2", "name": "Bellevue Downtown Station", "walkingMeters": 1271, "walkingSeconds": 915, "band": 15}]}, "geometry": {"type": "Point", "coordinates": [-122.2040138, 47.6173618]}}, {"type": "Feature", "properties": {"id": 13237996411, "name": "Colors of Joy I, II", "category": "artwork", "tags": ["artwork"], "sources": ["osm"], "website": "https://static1.squarespace.com/static/63efe450f3d28b27294f0ff8/t/645e8f411c6d7774c49cde4f/1683918663093/COBUtilityBoxWrapsProgram2022.pdf", "stations": [{"stopCode": 58, "lines": "2", "name": "Bellevue Downtown Station", "walkingMeters": 1194, "walkingSeconds": 860, "band": 15}]}, "geometry": {"type": "Point", "coordinates": [-122.2002726, 47.619369]}}, {"type": "Feature", "properties": {"id": 13238424479, "name": "Water Lily", "category": "artwork", "tags": ["artwork"], "sources": ["osm"], "website": "https://static1.squarespace.com/static/63efe450f3d28b27294f0ff8/t/645e8f411c6d7774c49cde4f/1683918663093/COBUtilityBoxWrapsProgram2022.pdf", "stations": [{"stopCode": 58, "lines": "2", "name": "Bellevue Downtown Station", "walkingMeters": 1133, "walkingSeconds": 816, "band": 15}]}, "geometry": {"type": "Point", "coordinates": [-122.2019511, 47.6175573]}}, {"type": "Feature", "properties": {"id": 13238424480, "name": "Praise for You, Dive with Me", "category": "artwork", "tags": ["artwork"], "sources": ["osm"], "website": "https://static1.squarespace.com/static/63efe450f3d28b27294f0ff8/t/645e8f411c6d7774c49cde4f/1683918663093/COBUtilityBoxWrapsProgram2022.pdf", "stations": [{"stopCode": 58, "lines": "2", "name": "Bellevue Downtown Station", "walkingMeters": 997, "walkingSeconds": 718, "band": 15}]}, "geometry": {"type": "Point", "coordinates": [-122.2015521, 47.6162811]}}, {"type": "Feature", "properties": {"id": 13238424481, "name": "The Shoppers, The Sidewalk, Passerby, 11AM Saturday Morning, The Intersection, The Crosswalk", "category": "artwork", "tags": ["artwork"], "sources": ["osm"], "website": "https://static1.squarespace.com/static/63efe450f3d28b27294f0ff8/t/645e8f411c6d7774c49cde4f/1683918663093/COBUtilityBoxWrapsProgram2022.pdf", "stations": [{"stopCode": 58, "lines": "2", "name": "Bellevue Downtown Station", "walkingMeters": 932, "walkingSeconds": 672, "band": 10}]}, "geometry": {"type": "Point", "coordinates": [-122.2015319, 47.6154748]}}, {"type": "Feature", "properties": {"id": 13240210964, "name": "The Love Between", "category": "artwork", "tags": ["artwork"], "sources": ["osm"], "website": "https://bellevuewa.gov/city-government/departments/community-development/arts-and-culture/love-between"}, "geometry": {"type": "Point", "coordinates": [-122.204179, 47.611294]}}, {"type": "Feature", "properties": {"id": 1326469154, "name": "Piloti", "category": "artwork", "tags": ["artwork"], "sources": ["osm"], "website": "https://bellevuewa.gov/city-government/departments/community-development/arts-and-culture/piloti", "stations": [{"stopCode": 58, "lines": "2", "name": "Bellevue Downtown Station", "walkingMeters": 1110, "walkingSeconds": 800, "band": 15}]}, "geometry": {"type": "Point", "coordinates": [-122.2024742, 47.6135707]}}, {"type": "Feature", "properties": {"id": "a2501c04-64ba-4d66-b8a9-1244a7918f1d", "name": "Fireworks Gallery", "category": "gallery", "tags": ["gallery", "art"], "sources": ["overture"], "website": "http://www.fireworksgallery.net", "phone": "+14256880933", "address": "196 Bellevue Sq", "stations": [{"stopCode": 58, "lines": "2", "name": "Bellevue Downtown Station", "walkingMeters": 1093, "walkingSeconds": 787, "band": 15}]}, "geometry": {"type": "Point", "coordinates": [-122.2033768, 47.6154137]}}, {"type": "Feature", "properties": {"id": "91f9070f-2067-4166-bb2d-338111c49478", "name": "Hall Spassov Gallery", "category": "gallery", "tags": ["gallery", "art"], "sources": ["overture"], "website": "https://www.hallwaygallery.com", "phone": "+14254533244", "address": "800 Bellevue Way Ne Ste 150", "stations": [{"stopCode": 58, "lines": "2", "name": "Bellevue Downtown Station", "walkingMeters": 960, "walkingSeconds": 716, "band": 15}]}, "geometry": {"type": "Point", "coordinates": [-122.2011795, 47.6177673]}}, {"type": "Feature", "properties": {"id": "a3d930f7-d16b-4031-84ff-40014a5bc11d", "name": "Avalon Meydenbauer", "category": "attraction", "tags": ["attraction", "landmark", "historical", "building"], "sources": ["overture"], "website": "https://www.avaloncommunities.com/washington/bellevue-apartments/avalon-meydenbauer?utm_source=gmb&utm_medium=organic&utm_campaign=gmblist", "phone": "+14252140728", "address": "10410 NE 2nd St", "stations": [{"stopCode": 57, "lines": "2", "name": "East Main Station", "walkingMeters": 1134, "walkingSeconds": 815, "band": 15}, {"stopCode": 58, "lines": "2", "name": "Bellevue Downtown Station", "walkingMeters": 1161, "walkingSeconds": 837, "band": 15}]}, "geometry": {"type": "Point", "coordinates": [-122.2009659, 47.6120949]}}, {"type": "Feature", "properties": {"id": "dbef4d7c-87bb-4038-b063-602ec705c99f", "name": "Venn at Main Apartments", "category": "attraction", "tags": ["attraction", "landmark", "historical", "building"], "sources": ["overture"], "website": "http://www.equityapartments.com/seattle/downtown-bellevue/venn-at-main-apartments", "phone": "+14256287926", "address": "10333 NE 1st St", "stations": [{"stopCode": 57, "lines": "2", "name": "East Main Station", "walkingMeters": 1131, "walkingSeconds": 819, "band": 15}, {"stopCode": 58, "lines": "2", "name": "Bellevue Downtown Station", "walkingMeters": 1360, "walkingSeconds": 978, "band": 15}]}, "geometry": {"type": "Point", "coordinates": [-122.2021713, 47.6109352]}}, {"type": "Feature", "properties": {"id": "02806936-5166-4ac3-948b-1c23a68377e4", "name": "Borgata Apartment Homes", "category": "attraction", "tags": ["attraction", "landmark", "historical", "building"], "sources": ["overture"], "website": "https://www.borgatabellevue.com/", "phone": "+14254552736", "address": "37 103rd Ave NE", "stations": [{"stopCode": 58, "lines": "2", "name": "Bellevue Downtown Station", "walkingMeters": 1408, "walkingSeconds": 1015, "band": 15}]}, "geometry": {"type": "Point", "coordinates": [-122.2032394, 47.6111031]}}, {"type": "Feature", "properties": {"id": "51b38720-0e2f-46a4-bff7-c6d90f51d774", "name": "Apartments At Main Place", "category": "attraction", "tags": ["attraction", "landmark", "historical", "building"], "sources": ["overture"], "website": "http://www.mainplaceapartments.com", "phone": "+14254676246", "address": "10245 Main St", "stations": [{"stopCode": 57, "lines": "2", "name": "East Main Station", "walkingMeters": 1190, "walkingSeconds": 888, "band": 15}]}, "geometry": {"type": "Point", "coordinates": [-122.2030182, 47.6101265]}}, {"type": "Feature", "properties": {"id": "ec6bd36d-a9b2-42c4-be7b-c1b3e5a9f4b7", "name": "Old Bellevue Merchants Association", "category": "attraction", "tags": ["attraction", "landmark", "historical", "building"], "sources": ["overture"], "website": "https://www.visitoldbellevue.com/", "phone": "+14254553688", "address": "10038 Main St"}, "geometry": {"type": "Point", "coordinates": [-122.2046585, 47.6102409]}}, {"type": "Feature", "properties": {"id": "c2c3a967-f9b7-435c-8cf8-041e243de827", "name": "McKee Condominiums", "category": "attraction", "tags": ["attraction", "landmark", "historical", "building"], "sources": ["overture"], "address": "10042 Main St"}, "geometry": {"type": "Point", "coordinates": [-122.2050705, 47.6109695]}}, {"type": "Feature", "properties": {"id": "dc281d3f-8033-4768-af1d-33f9520f1f83", "name": "The Margot", "category": "attraction", "tags": ["attraction", "landmark", "historical", "building"], "sources": ["overture"], "website": "https://www.themargot.com/", "phone": "+14255991921", "address": "75 102nd Ave NE"}, "geometry": {"type": "Point", "coordinates": [-122.204483, 47.6109314]}}, {"type": "Feature", "properties": {"id": "212f1156-1ff9-4b6a-8f07-66ea6f82a847", "name": "Park 88 Residences", "category": "attraction", "tags": ["attraction", "landmark", "historical", "building"], "sources": ["overture"], "website": "http://www.park88.com", "phone": "+14254517715", "address": "88 102nd Ave NE"}, "geometry": {"type": "Point", "coordinates": [-122.2039413, 47.6109161]}}, {"type": "Feature", "properties": {"id": "172823a4-9e5a-4ac2-a34c-1be6da53f560", "name": "AMLI Bellevue Park", "category": "attraction", "tags": ["attraction", "landmark", "historical", "building"], "sources": ["overture"], "website": "https://www.amli.com/apartments/seattle/bellevue-apartments/amli-bellevue-park?switch_code=58700&utm_source=facebook&utm_medium=social&utm_campaign=bellevuepark", "phone": "+18552635746", "address": "10001 NE 1st St"}, "geometry": {"type": "Point", "coordinates": [-122.2062454, 47.6110191]}}, {"type": "Feature", "properties": {"id": "e0faacf4-654c-42fd-b27b-15dcb0e7322e", "name": "Bellevue 10 Apartments", "category": "attraction", "tags": ["attraction", "landmark", "historical", "building"], "sources": ["overture"], "website": "https://bellevue10.com/?utm_source=businessprofile&utm_medium=search&utm_campaign=general", "phone": "+18776889915", "address": "10050 NE 10th St"}, "geometry": {"type": "Point", "coordinates": [-122.2060318, 47.6193733]}}, {"type": "Feature", "properties": {"id": "8796b1e0-346a-4483-8209-2e875ab24025", "name": "LUX Apartments", "category": "attraction", "tags": ["attraction", "landmark", "historical", "building"], "sources": ["overture"], "website": "https://www.rentatlux.com/", "phone": "+14256461100", "address": "1000 100th Ave NE"}, "geometry": {"type": "Point", "coordinates": [-122.2068405, 47.6198959]}}, {"type": "Feature", "properties": {"id": "378d23b9-ea4c-456c-aafa-ac4ab33c7432", "name": "Rotella Gallery", "category": "gallery", "tags": ["gallery", "art"], "sources": ["overture"], "website": "http://rotellagallery.com/", "phone": "+14252135731", "address": "800 Bellevue Way NE #200", "stations": [{"stopCode": 58, "lines": "2", "name": "Bellevue Downtown Station", "walkingMeters": 1080, "walkingSeconds": 779, "band": 15}]}, "geometry": {"type": "Point", "coordinates": [-122.200943, 47.6178856]}}, {"type": "Feature", "properties": {"id": "b9d3a2ab-eb46-4ff2-8cf3-e822810179d0", "name": "Mira Flats", "category": "attraction", "tags": ["attraction", "landmark", "historical", "building"], "sources": ["overture"], "website": "http://MiraFlats.com/", "phone": "+14252868425", "address": "1085 103rd Ave NE"}, "geometry": {"type": "Point", "coordinates": [-122.2032928, 47.6199608]}}, {"type": "Feature", "properties": {"id": "983cb57e-e874-445b-8cee-ff223b7f27d7", "name": "Mari Bellevue", "category": "attraction", "tags": ["attraction", "landmark", "historical", "building"], "sources": ["overture"], "website": "https://maribellevue.com/", "phone": "+14254953614", "address": "10232 NE 10th St"}, "geometry": {"type": "Point", "coordinates": [-122.2033691, 47.6193924]}}, {"type": "Feature", "properties": {"id": "55d508d8-fcc7-46d7-8f47-488987acb989", "name": "Avalon Towers Bellevue", "category": "attraction", "tags": ["attraction", "landmark", "historical", "building"], "sources": ["overture"], "website": "https://www.avaloncommunities.com/washington/bellevue-apartments/avalon-towers-bellevue", "phone": "+14252140727", "address": "10349 NE 10th St", "stations": [{"stopCode": 58, "lines": "2", "name": "Bellevue Downtown Station", "walkingMeters": 1323, "walkingSeconds": 953, "band": 15}]}, "geometry": {"type": "Point", "coordinates": [-122.202446, 47.6190338]}}, {"type": "Feature", "properties": {"id": "945a2e36-b287-4994-a8da-fa11ce9e9b58", "name": "Two Lincoln Tower", "category": "attraction", "tags": ["attraction", "landmark", "historical", "building"], "sources": ["overture"], "website": "http://www.liveattwolincolntower.com/", "phone": "+18336610899", "address": "10485 NE 6th St", "stations": [{"stopCode": 58, "lines": "2", "name": "Bellevue Downtown Station", "walkingMeters": 854, "walkingSeconds": 616, "band": 10}]}, "geometry": {"type": "Point", "coordinates": [-122.2005463, 47.6155281]}}, {"type": "Feature", "properties": {"id": "eed48e0f-bbf7-441d-910a-a776d897820f", "name": "VUE art gallery", "category": "gallery", "tags": ["gallery", "art"], "sources": ["overture"], "website": "https://www.vueartgallery.com/", "phone": "4254547028", "address": "10500 NE 8th St Ste 111", "stations": [{"stopCode": 58, "lines": "2", "name": "Bellevue Downtown Station", "walkingMeters": 1023, "walkingSeconds": 737, "band": 15}]}, "geometry": {"type": "Point", "coordinates": [-122.2002335, 47.6178818]}}, {"type": "Feature", "properties": {"id": 24547844, "name": "Bellevue Downtown Park", "category": "park", "tags": ["park", "dog-friendly"], "sources": ["osm"], "website": "https://bellevuewa.gov/city-government/departments/parks/parks-and-trails/parks/bellevue-downtown-park", "phone": "+1-425-452-6885", "address": "10201 Northeast 4th Street", "hours": "Mo-Su (sunrise-00:30)-23:00"}, "geometry": {"type": "Point", "coordinates": [-122.204302, 47.6125366]}}, {"type": "Feature", "properties": {"id": 295393179, "name": "Goddard Park", "category": "park", "tags": ["park"], "sources": ["osm", "overture"], "website": "http://www.ci.bellevue.wa.us/goddard.htm", "phone": "+14254526885", "address": "715 100th Ave NE"}, "geometry": {"type": "Point", "coordinates": [-122.2074666, 47.6165385]}}, {"type": "Feature", "properties": {"id": 503657594, "name": "Inspiration Playground", "category": "playground", "tags": ["playground", "park"], "sources": ["osm", "overture"], "website": "http://inspirationplayground.org", "phone": "+14254526914", "address": "10201 NE 4th St"}, "geometry": {"type": "Point", "coordinates": [-122.2060303, 47.6118415]}}, {"type": "Feature", "properties": {"id": "2892d890-58be-4948-8207-2d8d76c9d668", "name": "Kids Cove", "category": "playground", "tags": ["playground"], "sources": ["overture"], "website": "http://www.bellevuecollection.com", "phone": "+14254548096", "address": "250 Bellevue Sq", "stations": [{"stopCode": 58, "lines": "2", "name": "Bellevue Downtown Station", "walkingMeters": 1093, "walkingSeconds": 787, "band": 15}]}, "geometry": {"type": "Point", "coordinates": [-122.2035446, 47.6156235]}}, {"type": "Feature", "properties": {"id": "f520fc25-df15-483f-93ee-0b6587864b2a", "name": "Bellevue Parks", "category": "park", "tags": ["park"], "sources": ["overture"], "phone": "+14254526914", "address": "2102 Bellevue Sq", "stations": [{"stopCode": 58, "lines": "2", "name": "Bellevue Downtown Station", "walkingMeters": 1105, "walkingSeconds": 796, "band": 15}]}, "geometry": {"type": "Point", "coordinates": [-122.2019348, 47.6172791]}}, {"type": "Feature", "properties": {"id": "e9d78830-c5ca-4e49-b0f6-a4e8ca944c9b", "name": "Mercer Slough Nature Park", "category": "park", "tags": ["park"], "sources": ["overture"], "website": "http://www.ci.bellevue.wa.us/mercer_slough.htm", "phone": "+14254526800", "address": "2380 Bellevue Way SE", "stations": [{"stopCode": 58, "lines": "2", "name": "Bellevue Downtown Station", "walkingMeters": 1105, "walkingSeconds": 796, "band": 15}]}, "geometry": {"type": "Point", "coordinates": [-122.2019348, 47.6172791]}}, {"type": "Feature", "properties": {"id": 557280121, "name": "Hyatt Regency Bellevue on Seattle's Eastside", "category": "hotel", "tags": ["hotel", "wheelchair-accessible", "dog-friendly", "wifi"], "sources": ["osm"], "website": "https://bellevue.regency.hyatt.com/en/hotel/home.html", "phone": "+1-425-462-1234", "address": "900 Bellevue Way Northeast", "stations": [{"stopCode": 58, "lines": "2", "name": "Bellevue Downtown Station", "walkingMeters": 1128, "walkingSeconds": 813, "band": 15}]}, "geometry": {"type": "Point", "coordinates": [-122.20116, 47.618258]}}, {"type": "Feature", "properties": {"id": 11921218971, "name": "InterContinental Seattle Bellevue, by IHG", "category": "hotel", "tags": ["hotel", "air-conditioned", "wifi"], "sources": ["osm", "overture"], "website": "https://www.ihg.com/intercontinental/hotels/us/en/bellevue/seaha/hoteldetail", "phone": "+14256156565", "address": "850 Ave Sq NE", "stations": [{"stopCode": 58, "lines": "2", "name": "Bellevue Downtown Station", "walkingMeters": 1264, "walkingSeconds": 915, "band": 15}]}, "geometry": {"type": "Point", "coordinates": [-122.202903, 47.6180341]}}, {"type": "Feature", "properties": {"id": 295297438, "name": "La Residence Suite Hotel", "category": "hotel", "tags": ["hotel"], "sources": ["osm", "overture"], "website": "http://www.bellevuelodging.com/", "phone": "+14254551475", "address": "475 100th Ave NE"}, "geometry": {"type": "Point", "coordinates": [-122.2074099, 47.6147522]}}, {"type": "Feature", "properties": {"id": 328017119, "name": "Westin Bellevue", "category": "hotel", "tags": ["hotel", "wheelchair-accessible"], "sources": ["osm"], "address": "600 Bellevue Way Northeast", "stations": [{"stopCode": 58, "lines": "2", "name": "Bellevue Downtown Station", "walkingMeters": 886, "walkingSeconds": 638, "band": 10}]}, "geometry": {"type": "Point", "coordinates": [-122.2008866, 47.6158988]}}, {"type": "Feature", "properties": {"id": 1326151818, "name": "W Bellevue", "category": "hotel", "tags": ["hotel", "wheelchair-accessible"], "sources": ["osm", "overture"], "website": "http://wbellevue.com/", "phone": "+14257099000", "address": "10455 NE 5th Pl", "stations": [{"stopCode": 58, "lines": "2", "name": "Bellevue Downtown Station", "walkingMeters": 910, "walkingSeconds": 656, "band": 10}]}, "geometry": {"type": "Point", "coordinates": [-122.2005373, 47.6149764]}}, {"type": "Feature", "properties": {"id": "ecb1912a-194d-46de-96e9-11e1909c1195", "name": "Hyatt Regency", "category": "hotel", "tags": ["hotel"], "sources": ["overture"], "website": "http://bellevue.hyatt.com/", "phone": "+14254621234", "address": "900 Bellevue Way NE", "stations": [{"stopCode": 58, "lines": "2", "name": "Bellevue Downtown Station", "walkingMeters": 1195, "walkingSeconds": 862, "band": 15}]}, "geometry": {"type": "Point", "coordinates": [-122.2008667, 47.6182098]}}, {"type": "Feature", "properties": {"id": "bace21d9-e67c-4629-b937-4be093978084", "name": "Property Services", "category": "hotel", "tags": ["hotel"], "sources": ["overture"], "website": "http://bellevuelodging.com", "phone": "+14254626200", "address": "475 100th Ave NE"}, "geometry": {"type": "Point", "coordinates": [-122.2072067, 47.6147652]}}, {"type": "Feature", "properties": {"id": "235a39bf-8762-4b75-8303-3e7a6956b367", "name": "The Westin Bellevue", "category": "hotel", "tags": ["hotel"], "sources": ["overture"], "website": "https://www.marriott.com/en-us/hotels/bvubw-the-westin-bellevue/overview/?scid=d2406702-e8ea-4b45-bb9b-69cddaaef03d", "phone": "+14256381000", "address": "600 Bellevue Way NE", "stations": [{"stopCode": 58, "lines": "2", "name": "Bellevue Downtown Station", "walkingMeters": 886, "walkingSeconds": 638, "band": 10}]}, "geometry": {"type": "Point", "coordinates": [-122.2007446, 47.6158714]}}, {"type": "Feature", "properties": {"id": "a3e6fb33-4148-4e8c-a689-502e96a372af", "name": "Paramount Hotels", "category": "hotel", "tags": ["hotel"], "sources": ["overture"], "website": "paramounthotels.com", "phone": "13038820405", "address": "10400 Ne 4th St  Ste 2225", "stations": [{"stopCode": 58, "lines": "2", "name": "Bellevue Downtown Station", "walkingMeters": 868, "walkingSeconds": 648, "band": 10}]}, "geometry": {"type": "Point", "coordinates": [-122.2008286, 47.6140938]}}, {"type": "Feature", "properties": {"id": 5235764159, "name": "Edible Arrangements", "category": "gift", "tags": ["gift", "wheelchair-accessible"], "sources": ["osm"], "address": "10455 Northeast 4th Street", "hours": "Mo-Fr 09:00-18:00; Sa 09:00-17:00; Su off", "stations": [{"stopCode": 58, "lines": "2", "name": "Bellevue Downtown Station", "walkingMeters": 956, "walkingSeconds": 689, "band": 15}]}, "geometry": {"type": "Point", "coordinates": [-122.200669, 47.6136515]}}, {"type": "Feature", "properties": {"id": 30758766, "name": "QFC", "category": "supermarket", "tags": ["supermarket", "wheelchair-accessible"], "sources": ["osm", "overture"], "website": "https://www.qfc.com/stores/grocery/wa/bellevue/bellevue/705/00808?cid=loc_70500808_fb", "phone": "+14254550870", "address": "10116 NE 8th St STE 1", "hours": "Mo-Su 05:00-01:00"}, "geometry": {"type": "Point", "coordinates": [-122.2053674, 47.6185586]}}, {"type": "Feature", "properties": {"id": "dadad760-a598-4c4e-a6bc-1d00e4b88282", "name": "Barnes & Noble", "category": "books", "tags": ["books"], "sources": ["overture"], "website": "https://stores.barnesandnoble.com/store/3525", "phone": "+14255524118", "address": "1140 Bellevue Square Spc 1140", "stations": [{"stopCode": 58, "lines": "2", "name": "Bellevue Downtown Station", "walkingMeters": 1367, "walkingSeconds": 983, "band": 15}]}, "geometry": {"type": "Point", "coordinates": [-122.2041779, 47.6144142]}}, {"type": "Feature", "properties": {"id": 5096603755, "name": "Nordstrom Rack", "category": "clothes", "tags": ["clothes", "wheelchair-accessible"], "sources": ["osm"], "website": "https://stores.nordstromrack.com/us/wa/bellevue/500-bellevue-way-ne", "stations": [{"stopCode": 58, "lines": "2", "name": "Bellevue Downtown Station", "walkingMeters": 959, "walkingSeconds": 690, "band": 10}]}, "geometry": {"type": "Point", "coordinates": [-122.2009155, 47.6142391]}}, {"type": "Feature", "properties": {"id": 4112967485, "name": "T-Mobile", "category": "mobile_phone", "tags": ["mobile-phone", "wheelchair-accessible", "mobile"], "sources": ["osm", "overture"], "website": "https://www.t-mobile.com/stores/bd/t-mobile-bellevue-wa-98004-7807?utm_source=facebook&utm_medium=lastmile&utm_campaign=7807", "phone": "+14254629828", "address": "1012 Bellevue Sq"}, "geometry": {"type": "Point", "coordinates": [-122.2047758, 47.6167222]}}, {"type": "Feature", "properties": {"id": 3905207492, "name": "Lawrence The Florist", "category": "florist", "tags": ["florist"], "sources": ["osm"], "stations": [{"stopCode": 58, "lines": "2", "name": "Bellevue Downtown Station", "walkingMeters": 1279, "walkingSeconds": 922, "band": 15}]}, "geometry": {"type": "Point", "coordinates": [-122.2020969, 47.6124055]}}, {"type": "Feature", "properties": {"id": 3905207482, "name": "Tobacco Patch", "category": "tobacco", "tags": ["tobacco"], "sources": ["osm"], "stations": [{"stopCode": 58, "lines": "2", "name": "Bellevue Downtown Station", "walkingMeters": 1312, "walkingSeconds": 946, "band": 15}]}, "geometry": {"type": "Point", "coordinates": [-122.2020982, 47.612703]}}, {"type": "Feature", "properties": {"id": 3073269012, "name": "AT&T", "category": "mobile_phone", "tags": ["mobile-phone", "wheelchair-accessible"], "sources": ["osm"], "website": "https://www.att.com/stores/washington/bellevue/210611?source=I-00s1000B000000L&wtExtndSource=locator", "phone": "+1-425-454-0581", "address": "821 Bellevue Way Northeast", "hours": "Mo-Sa 10:00-20:00; Su 11:00-18:00", "stations": [{"stopCode": 58, "lines": "2", "name": "Bellevue Downtown Station", "walkingMeters": 1167, "walkingSeconds": 845, "band": 15}]}, "geometry": {"type": "Point", "coordinates": [-122.202361, 47.6177571]}}, {"type": "Feature", "properties": {"id": 9480333546, "name": "AT&T", "category": "mobile_phone", "tags": ["mobile-phone", "wheelchair-accessible", "mobile"], "sources": ["osm", "overture"], "website": "https://www.att.com/stores/washington/bellevue/357?source=E-Fls10000000000X&wtExtndSource=website", "phone": "+14256461075", "address": "180 Bellevue Sq", "stations": [{"stopCode": 58, "lines": "2", "name": "Bellevue Downtown Station", "walkingMeters": 1112, "walkingSeconds": 801, "band": 15}]}, "geometry": {"type": "Point", "coordinates": [-122.2028476, 47.6156756]}}, {"type": "Feature", "properties": {"id": 9480333594, "name": "White House Black Market", "category": "clothes", "tags": ["clothes", "womens"], "sources": ["osm", "overture"], "website": "https://www.whitehouseblackmarket.com/locations/us/wa/bellevue/204-bellevue-square/", "phone": "+14254510557", "address": "204 Bellevue Square", "stations": [{"stopCode": 58, "lines": "2", "name": "Bellevue Downtown Station", "walkingMeters": 1155, "walkingSeconds": 832, "band": 15}]}, "geometry": {"type": "Point", "coordinates": [-122.2037593, 47.6165607]}}, {"type": "Feature", "properties": {"id": 11217037200, "name": "J.Crew", "category": "clothes", "tags": ["clothes", "wheelchair-accessible"], "sources": ["osm", "overture"], "website": "https://stores.jcrew.com/us/wa/bellevue/2058-bellevue-square", "phone": "+14254512739", "address": "2058 Bellevue Square"}, "geometry": {"type": "Point", "coordinates": [-122.2045849, 47.6154389]}}, {"type": "Feature", "properties": {"id": 9480333591, "name": "Lululemon", "category": "clothes", "tags": ["clothes", "womens"], "sources": ["osm", "overture"], "website": "https://shop.lululemon.com/stores/us/bellevue/bellevuesquare?utm_source=organic&utm_medium=local_listings&utm_campaign=Facebook", "phone": "+14254625530", "address": "224 Bellevue Sq", "stations": [{"stopCode": 58, "lines": "2", "name": "Bellevue Downtown Station", "walkingMeters": 1112, "walkingSeconds": 801, "band": 15}]}, "geometry": {"type": "Point", "coordinates": [-122.2037544, 47.615879]}}, {"type": "Feature", "properties": {"id": 9480333535, "name": "Sephora", "category": "cosmetics", "tags": ["cosmetics", "wheelchair-accessible"], "sources": ["osm"], "address": "148 Bellevue Square", "stations": [{"stopCode": 58, "lines": "2", "name": "Bellevue Downtown Station", "walkingMeters": 1119, "walkingSeconds": 806, "band": 15}]}, "geometry": {"type": "Point", "coordinates": [-122.2037428, 47.6149761]}}, {"type": "Feature", "properties": {"id": 9480333519, "name": "Free People", "category": "clothes", "tags": ["clothes", "wheelchair-accessible"], "sources": ["osm", "overture"], "website": "http://t.co/Mk8QHaGpF0", "phone": "+14254508873", "address": "1056 Bellevue Square 1056"}, "geometry": {"type": "Point", "coordinates": [-122.2047815, 47.615528]}}, {"type": "Feature", "properties": {"id": 9480333551, "name": "Madewell", "category": "clothes", "tags": ["clothes", "womens"], "sources": ["osm", "overture"], "website": "https://stores.madewell.com/us/wa/bellevue/118a-bellevue-square", "phone": "+14254542092", "address": "118A Bellevue Square", "stations": [{"stopCode": 58, "lines": "2", "name": "Bellevue Downtown Station", "walkingMeters": 1104, "walkingSeconds": 795, "band": 15}]}, "geometry": {"type": "Point", "coordinates": [-122.2038873, 47.616105]}}, {"type": "Feature", "properties": {"id": 9480333593, "name": "Banana Republic", "category": "clothes", "tags": ["clothes"], "sources": ["osm", "overture"], "website": "https://bananarepublic.gap.com/stores/wa/bellevue/banana-republic-8021.html", "phone": "+14254530991", "address": "208 Bellevue Sq", "stations": [{"stopCode": 58, "lines": "2", "name": "Bellevue Downtown Station", "walkingMeters": 1131, "walkingSeconds": 814, "band": 15}]}, "geometry": {"type": "Point", "coordinates": [-122.2037577, 47.6163337]}}, {"type": "Feature", "properties": {"id": "cc770ccc-618a-498b-b9c7-15cad4f0cda1", "name": "Banana Republic", "category": "clothes", "tags": ["clothes", "mens"], "sources": ["overture"], "website": "https://bananarepublic.gap.com/stores/wa/bellevue/banana-republic-8021.html", "phone": "4254530991", "address": "208 Bellevue Sq", "stations": [{"stopCode": 58, "lines": "2", "name": "Bellevue Downtown Station", "walkingMeters": 1169, "walkingSeconds": 843, "band": 15}]}, "geometry": {"type": "Point", "coordinates": [-122.2014923, 47.6123619]}}, {"type": "Feature", "properties": {"id": 9480333527, "name": "Gap", "category": "clothes", "tags": ["clothes", "wheelchair-accessible"], "sources": ["osm", "overture"], "website": "https://www.gap.com/stores/wa/bellevue/gap-1709.html", "phone": "+14254549132", "address": "183 Bellevue Square #183", "stations": [{"stopCode": 58, "lines": "2", "name": "Bellevue Downtown Station", "walkingMeters": 1355, "walkingSeconds": 974, "band": 15}]}, "geometry": {"type": "Point", "coordinates": [-122.2039078, 47.614708]}}, {"type": "Feature", "properties": {"id": 9480333592, "name": "Pottery Barn", "category": "furniture", "tags": ["furniture"], "sources": ["osm", "overture"], "website": "http://www.potterybarn.com/", "phone": "+14254510097", "address": "212 Bellevue Square", "stations": [{"stopCode": 58, "lines": "2", "name": "Bellevue Downtown Station", "walkingMeters": 1116, "walkingSeconds": 804, "band": 15}]}, "geometry": {"type": "Point", "coordinates": [-122.2037567, 47.6161987]}}, {"type": "Feature", "properties": {"id": 3926527638, "name": "Crate & Barrel", "category": "furniture", "tags": ["furniture"], "sources": ["osm"], "stations": [{"stopCode": 58, "lines": "2", "name": "Bellevue Downtown Station", "walkingMeters": 1135, "walkingSeconds": 818, "band": 15}]}, "geometry": {"type": "Point", "coordinates": [-122.2023179, 47.6172059]}}, {"type": "Feature", "properties": {"id": 4358042489, "name": "Safeway", "category": "supermarket", "tags": ["supermarket", "wheelchair-accessible"], "sources": ["osm", "overture"], "website": "https://local.safeway.com/safeway/wa/bellevue/300-bellevue-way-ne.html", "phone": "+14257493885", "address": "300 Bellevue Way NE", "hours": "05:00-01:00", "stations": [{"stopCode": 58, "lines": "2", "name": "Bellevue Downtown Station", "walkingMeters": 1061, "walkingSeconds": 765, "band": 15}]}, "geometry": {"type": "Point", "coordinates": [-122.200834, 47.6130141]}}, {"type": "Feature", "properties": {"id": 11217037202, "name": "Aveda", "category": "cosmetics", "tags": ["cosmetics", "wheelchair-accessible"], "sources": ["osm"], "address": "243 Bellevue Square", "stations": [{"stopCode": 58, "lines": "2", "name": "Bellevue Downtown Station", "walkingMeters": 1389, "walkingSeconds": 999, "band": 15}]}, "geometry": {"type": "Point", "coordinates": [-122.2039613, 47.6154442]}}, {"type": "Feature", "properties": {"id": 12103463651, "name": "MR.", "category": "furniture", "tags": ["furniture"], "sources": ["osm"], "website": "https://mr.studio/", "address": "859 Avenue Square Northeast", "stations": [{"stopCode": 58, "lines": "2", "name": "Bellevue Downtown Station", "walkingMeters": 1318, "walkingSeconds": 953, "band": 15}]}, "geometry": {"type": "Point", "coordinates": [-122.2032953, 47.6178672]}}, {"type": "Feature", "properties": {"id": 11414312333, "name": "Marine Layer", "category": "clothes", "tags": ["clothes", "wheelchair-accessible"], "sources": ["osm", "overture"], "website": "https://marinelayer.com", "phone": "(425) 380-7560", "address": "170 Bellevue Square", "stations": [{"stopCode": 58, "lines": "2", "name": "Bellevue Downtown Station", "walkingMeters": 1093, "walkingSeconds": 787, "band": 15}]}, "geometry": {"type": "Point", "coordinates": [-122.2033466, 47.6156395]}}, {"type": "Feature", "properties": {"id": 4728660983, "name": "west elm", "category": "furniture", "tags": ["furniture"], "sources": ["osm", "overture"], "website": "http://westelm.com/", "phone": "+14254620154", "address": "1 Bellevue Way NE", "stations": [{"stopCode": 57, "lines": "2", "name": "East Main Station", "walkingMeters": 1016, "walkingSeconds": 736, "band": 15}, {"stopCode": 58, "lines": "2", "name": "Bellevue Downtown Station", "walkingMeters": 1408, "walkingSeconds": 1012, "band": 15}]}, "geometry": {"type": "Point", "coordinates": [-122.201748, 47.6103954]}}, {"type": "Feature", "properties": {"id": 5338124424, "name": "Verizon", "category": "mobile_phone", "tags": ["mobile-phone", "wheelchair-accessible"], "sources": ["osm"], "address": "2077 Bellevue Square"}, "geometry": {"type": "Point", "coordinates": [-122.2050171, 47.6157132]}}, {"type": "Feature", "properties": {"id": 9480333575, "name": "Ben Bridge", "category": "jewelry", "tags": ["jewelry", "wheelchair-accessible"], "sources": ["osm"], "address": "143 Bellevue Square"}, "geometry": {"type": "Point", "coordinates": [-122.2040669, 47.6156835]}}, {"type": "Feature", "properties": {"id": 5338134721, "name": "Pandora", "category": "jewelry", "tags": ["jewelry", "wheelchair-accessible"], "sources": ["osm"], "address": "2088 Bellevue Square"}, "geometry": {"type": "Point", "coordinates": [-122.2050272, 47.6160498]}}, {"type": "Feature", "properties": {"id": 6717812112, "name": "Eileen Fisher", "category": "clothes", "tags": ["clothes", "wheelchair-accessible", "womens"], "sources": ["osm", "overture"], "website": "http://www.eileenfisher.com/", "phone": "+14256466441", "address": "2008 Bellevue Sq"}, "geometry": {"type": "Point", "coordinates": [-122.2050306, 47.616355]}}, {"type": "Feature", "properties": {"id": 3905207486, "name": "Mephisto", "category": "shoes", "tags": ["shoes", "wheelchair-accessible"], "sources": ["osm"], "website": "http://mephistoshoesseattle.com/", "phone": "+1-425-635-7463", "address": "10218 Northeast 8th Street", "stations": [{"stopCode": 58, "lines": "2", "name": "Bellevue Downtown Station", "walkingMeters": 1280, "walkingSeconds": 925, "band": 15}]}, "geometry": {"type": "Point", "coordinates": [-122.2038551, 47.617734]}}, {"type": "Feature", "properties": {"id": 9480333537, "name": "Suitsupply", "category": "clothes", "tags": ["clothes", "wheelchair-accessible", "mens"], "sources": ["osm", "overture"], "website": "https://suitsupply.com/stores/seattle", "phone": "+12062120100", "address": "144 Bellevue Square", "stations": [{"stopCode": 58, "lines": "2", "name": "Bellevue Downtown Station", "walkingMeters": 1095, "walkingSeconds": 788, "band": 15}]}, "geometry": {"type": "Point", "coordinates": [-122.2037441, 47.6151551]}}, {"type": "Feature", "properties": {"id": 9480333569, "name": "Anthropologie", "category": "clothes", "tags": ["clothes", "womens"], "sources": ["osm", "overture"], "website": "https://www.anthropologie.com/stores/bellevue?utm_medium=organic&utm_source=bing&utm_campaign=local&utm_content=532", "phone": "4254539881", "address": "1070 Bellevue Sq # 180"}, "geometry": {"type": "Point", "coordinates": [-122.2049041, 47.615856]}}, {"type": "Feature", "properties": {"id": 6254896445, "name": "Athleta", "category": "clothes", "tags": ["clothes", "wheelchair-accessible", "organic"], "sources": ["osm", "overture"], "website": "https://athleta.gap.com/stores/wa/bellevue/athleta-4625.html", "phone": "+14254547874", "address": "2100 Bellevue Sq", "stations": [{"stopCode": 58, "lines": "2", "name": "Bellevue Downtown Station", "walkingMeters": 1199, "walkingSeconds": 862, "band": 15}]}, "geometry": {"type": "Point", "coordinates": [-122.2034419, 47.6144294]}}, {"type": "Feature", "properties": {"id": 9480333542, "name": "Kiehl's", "category": "cosmetics", "tags": ["cosmetics", "wheelchair-accessible"], "sources": ["osm"], "address": "134 Bellevue Square", "stations": [{"stopCode": 58, "lines": "2", "name": "Bellevue Downtown Station", "walkingMeters": 1093, "walkingSeconds": 787, "band": 15}]}, "geometry": {"type": "Point", "coordinates": [-122.2036441, 47.6155263]}}, {"type": "Feature", "properties": {"id": 11217037196, "name": "Levi's", "category": "clothes", "tags": ["clothes"], "sources": ["osm"], "address": "163 Bellevue Square", "stations": [{"stopCode": 58, "lines": "2", "name": "Bellevue Downtown Station", "walkingMeters": 1389, "walkingSeconds": 999, "band": 15}]}, "geometry": {"type": "Point", "coordinates": [-122.2038931, 47.615295]}}, {"type": "Feature", "properties": {"id": 9480333543, "name": "Fireworks", "category": "gift", "tags": ["gift", "wheelchair-accessible"], "sources": ["osm"], "address": "196 Bellevue Square", "stations": [{"stopCode": 58, "lines": "2", "name": "Bellevue Downtown Station", "walkingMeters": 1093, "walkingSeconds": 787, "band": 15}]}, "geometry": {"type": "Point", "coordinates": [-122.2035259, 47.6155275]}}, {"type": "Feature", "properties": {"id": 9480333548, "name": "Mejuri", "category": "jewelry", "tags": ["jewelry"], "sources": ["osm"], "address": "124 Bellevue Square", "stations": [{"stopCode": 58, "lines": "2", "name": "Bellevue Downtown Station", "walkingMeters": 1112, "walkingSeconds": 801, "band": 15}]}, "geometry": {"type": "Point", "coordinates": [-122.2038796, 47.6158141]}}, {"type": "Feature", "properties": {"id": 9480333567, "name": "The North Face", "category": "clothes", "tags": ["clothes"], "sources": ["osm"], "address": "1001 Bellevue Square"}, "geometry": {"type": "Point", "coordinates": [-122.2049317, 47.616283]}}, {"type": "Feature", "properties": {"id": "a50e4f27-53ef-413a-8d60-3f7b4c6ba0f3", "name": "Fabri Fine Jewelry", "category": "jewelry", "tags": ["jewelry"], "sources": ["overture"], "website": "http://www.fabrifinejewelry.com/", "phone": "(425) 453-0373", "address": "186 Bellevue Sq", "stations": [{"stopCode": 58, "lines": "2", "name": "Bellevue Downtown Station", "walkingMeters": 1112, "walkingSeconds": 801, "band": 15}]}, "geometry": {"type": "Point", "coordinates": [-122.2038956, 47.6157379]}}, {"type": "Feature", "properties": {"id": 6254896446, "name": "Uniqlo", "category": "clothes", "tags": ["clothes", "wheelchair-accessible"], "sources": ["osm"], "website": "https://www.uniqlo.com/us/en/stores-details/?StoreID=10200083&source=stores", "phone": "+1-877-486-4756", "address": "2110 Bellevue Square", "stations": [{"stopCode": 58, "lines": "2", "name": "Bellevue Downtown Station", "walkingMeters": 1162, "walkingSeconds": 836, "band": 15}]}, "geometry": {"type": "Point", "coordinates": [-122.2034419, 47.6141879]}}, {"type": "Feature", "properties": {"id": 11217037206, "name": "Urban Outfitters", "category": "clothes", "tags": ["clothes"], "sources": ["osm", "overture"], "website": "https://www.urbanoutfitters.com/stores/bellevue", "phone": "+14253645449", "address": "248 Bellevue Square Spc 248", "stations": [{"stopCode": 58, "lines": "2", "name": "Bellevue Downtown Station", "walkingMeters": 1138, "walkingSeconds": 819, "band": 15}]}, "geometry": {"type": "Point", "coordinates": [-122.2036114, 47.6148211]}}, {"type": "Feature", "properties": {"id": 3073271761, "name": "d'Original Jewelers", "category": "jewelry", "tags": ["jewelry", "wheelchair-accessible"], "sources": ["osm", "overture"], "website": "http://doriginaljewelers.com", "phone": "(425) 454-5559", "address": "885 Bellevue Way NE", "stations": [{"stopCode": 58, "lines": "2", "name": "Bellevue Downtown Station", "walkingMeters": 1198, "walkingSeconds": 863, "band": 15}]}, "geometry": {"type": "Point", "coordinates": [-122.2020559, 47.6182128]}}, {"type": "Feature", "properties": {"id": 3073271763, "name": "Porcello Jewelers", "category": "jewelry", "tags": ["jewelry", "wheelchair-accessible"], "sources": ["osm", "overture"], "website": "http://porcellos.com/", "phone": "+14254542300", "address": "10222 NE 8th St", "stations": [{"stopCode": 58, "lines": "2", "name": "Bellevue Downtown Station", "walkingMeters": 1271, "walkingSeconds": 919, "band": 15}]}, "geometry": {"type": "Point", "coordinates": [-122.2035791, 47.6177379]}}, {"type": "Feature", "properties": {"id": 9480333526, "name": "Bath & Body Works", "category": "cosmetics", "tags": ["cosmetics", "wheelchair-accessible"], "sources": ["osm"], "phone": "+1-425-455-8398", "address": "181 Bellevue Square", "stations": [{"stopCode": 58, "lines": "2", "name": "Bellevue Downtown Station", "walkingMeters": 1444, "walkingSeconds": 1038, "band": 15}]}, "geometry": {"type": "Point", "coordinates": [-122.203923, 47.6148335]}}, {"type": "Feature", "properties": {"id": 3696362130, "name": "Gordon James", "category": "jewelry", "tags": ["jewelry"], "sources": ["osm"], "hours": "Tu-Fr 10:00-18:00; Sa 10:00-17:00"}, "geometry": {"type": "Point", "coordinates": [-122.2045095, 47.6100794]}}, {"type": "Feature", "properties": {"id": 3696362142, "name": "Shiraz Rug Gallery", "category": "furniture", "tags": ["furniture"], "sources": ["osm"], "hours": "Mo-Sa 10:00-18:00; Su 11:00-17:00", "stations": [{"stopCode": 57, "lines": "2", "name": "East Main Station", "walkingMeters": 1194, "walkingSeconds": 858, "band": 15}]}, "geometry": {"type": "Point", "coordinates": [-122.2040329, 47.6100481]}}, {"type": "Feature", "properties": {"id": 3883946994, "name": "J. Chapa Hernandez", "category": "jewelry", "tags": ["jewelry"], "sources": ["osm"], "address": "10246 Main Street", "stations": [{"stopCode": 57, "lines": "2", "name": "East Main Station", "walkingMeters": 1124, "walkingSeconds": 812, "band": 15}]}, "geometry": {"type": "Point", "coordinates": [-122.2032084, 47.610267]}}, {"type": "Feature", "properties": {"id": 3883947002, "name": "Title Nine", "category": "clothes", "tags": ["clothes", "womens"], "sources": ["osm", "overture"], "website": "https://www.titlenine.com/store-locator/title+nine+-+bellevue.do", "phone": "+14254519167", "address": "10217 Main St", "hours": "Mo-Sa 10:00-18:00; Su 11:00-17:00", "stations": [{"stopCode": 57, "lines": "2", "name": "East Main Station", "walkingMeters": 1145, "walkingSeconds": 822, "band": 15}]}, "geometry": {"type": "Point", "coordinates": [-122.2035544, 47.6100645]}}, {"type": "Feature", "properties": {"id": 3883947006, "name": "Jarbo", "category": "furniture", "tags": ["furniture", "clothes", "womens"], "sources": ["osm", "overture"], "website": "http://www.shopjarbo.com/", "phone": "+14252234524", "address": "10240 Main St", "stations": [{"stopCode": 57, "lines": "2", "name": "East Main Station", "walkingMeters": 1157, "walkingSeconds": 836, "band": 15}]}, "geometry": {"type": "Point", "coordinates": [-122.2033801, 47.6103854]}}, {"type": "Feature", "properties": {"id": 3883947011, "name": "La Ree", "category": "clothes", "tags": ["clothes"], "sources": ["osm"], "stations": [{"stopCode": 57, "lines": "2", "name": "East Main Station", "walkingMeters": 1131, "walkingSeconds": 817, "band": 15}]}, "geometry": {"type": "Point", "coordinates": [-122.2029965, 47.6104596]}}, {"type": "Feature", "properties": {"id": 3883947014, "name": "Number 9", "category": "clothes", "tags": ["clothes"], "sources": ["osm"], "stations": [{"stopCode": 57, "lines": "2", "name": "East Main Station", "walkingMeters": 1116, "walkingSeconds": 806, "band": 15}]}, "geometry": {"type": "Point", "coordinates": [-122.2030324, 47.6103267]}}, {"type": "Feature", "properties": {"id": 3928038754, "name": "Yardbird", "category": "furniture", "tags": ["furniture"], "sources": ["osm"], "address": "10400 Northeast 8th Street", "stations": [{"stopCode": 58, "lines": "2", "name": "Bellevue Downtown Station", "walkingMeters": 1063, "walkingSeconds": 766, "band": 15}]}, "geometry": {"type": "Point", "coordinates": [-122.201086, 47.6176075]}}, {"type": "Feature", "properties": {"id": 4188506098, "name": "Forelsket", "category": "clothes", "tags": ["clothes"], "sources": ["osm"], "address": "990 102nd Avenue Northeast"}, "geometry": {"type": "Point", "coordinates": [-122.203987, 47.6191173]}}, {"type": "Feature", "properties": {"id": 4188506793, "name": "Thomasville & Urban Interiors", "category": "furniture", "tags": ["furniture", "wheelchair-accessible"], "sources": ["osm"], "stations": [{"stopCode": 58, "lines": "2", "name": "Bellevue Downtown Station", "walkingMeters": 1072, "walkingSeconds": 772, "band": 15}]}, "geometry": {"type": "Point", "coordinates": [-122.2013349, 47.6169612]}}, {"type": "Feature", "properties": {"id": 4188507098, "name": "Schoener", "category": "furniture", "tags": ["furniture", "wheelchair-accessible"], "sources": ["osm"], "stations": [{"stopCode": 58, "lines": "2", "name": "Bellevue Downtown Station", "walkingMeters": 1028, "walkingSeconds": 741, "band": 15}]}, "geometry": {"type": "Point", "coordinates": [-122.2012143, 47.6165668]}}, {"type": "Feature", "properties": {"id": 4188507100, "name": "Lucky Dog", "category": "clothes", "tags": ["clothes", "second-hand"], "sources": ["osm", "overture"], "website": "http://www.luckydog.clothing", "phone": "(425) 590-9084", "address": "990 102nd Ave NE Ste 4"}, "geometry": {"type": "Point", "coordinates": [-122.203875, 47.6191202]}}, {"type": "Feature", "properties": {"id": 9480333579, "name": "Victoria's Secret", "category": "clothes", "tags": ["clothes", "wheelchair-accessible"], "sources": ["osm"], "address": "263 Bellevue Square", "stations": [{"stopCode": 58, "lines": "2", "name": "Bellevue Downtown Station", "walkingMeters": 1444, "walkingSeconds": 1038, "band": 15}]}, "geometry": {"type": "Point", "coordinates": [-122.2039685, 47.6149586]}}, {"type": "Feature", "properties": {"id": 9480333520, "name": "Aritzia", "category": "clothes", "tags": ["clothes", "wheelchair-accessible"], "sources": ["osm"], "address": "1050 Bellevue Square"}, "geometry": {"type": "Point", "coordinates": [-122.2045796, 47.6155322]}}, {"type": "Feature", "properties": {"id": 6254896448, "name": "Zara", "category": "clothes", "tags": ["clothes", "wheelchair-accessible"], "sources": ["osm", "overture"], "website": "http://www.zara.com/", "phone": "+18332472473", "address": "575 Bellevue Way NE", "stations": [{"stopCode": 58, "lines": "2", "name": "Bellevue Downtown Station", "walkingMeters": 1180, "walkingSeconds": 848, "band": 15}]}, "geometry": {"type": "Point", "coordinates": [-122.2037899, 47.6141792]}}, {"type": "Feature", "properties": {"id": 4485958016, "name": "Made in Washington", "category": "gift", "tags": ["gift", "wheelchair-accessible"], "sources": ["osm"], "address": "190 Bellevue Square", "stations": [{"stopCode": 58, "lines": "2", "name": "Bellevue Downtown Station", "walkingMeters": 1093, "walkingSeconds": 787, "band": 15}]}, "geometry": {"type": "Point", "coordinates": [-122.2030966, 47.6155318]}}, {"type": "Feature", "properties": {"id": 4728660984, "name": "Robbins Brothers", "category": "jewelry", "tags": ["jewelry"], "sources": ["osm"], "address": "33 Bellevue Way Northeast", "stations": [{"stopCode": 57, "lines": "2", "name": "East Main Station", "walkingMeters": 1082, "walkingSeconds": 784, "band": 15}, {"stopCode": 58, "lines": "2", "name": "Bellevue Downtown Station", "walkingMeters": 1342, "walkingSeconds": 965, "band": 15}]}, "geometry": {"type": "Point", "coordinates": [-122.2017855, 47.6109915]}}, {"type": "Feature", "properties": {"id": 6717812110, "name": "Soma", "category": "clothes", "tags": ["clothes", "wheelchair-accessible"], "sources": ["osm"], "website": "https://www.soma.com/", "address": "2012 Bellevue Square"}, "geometry": {"type": "Point", "coordinates": [-122.2050341, 47.6164637]}}, {"type": "Feature", "properties": {"id": 6717812111, "name": "Chico's", "category": "clothes", "tags": ["clothes", "wheelchair-accessible"], "sources": ["osm"], "website": "https://www.chicos.com/", "address": "2016 Bellevue Square"}, "geometry": {"type": "Point", "coordinates": [-122.2050377, 47.6165771]}}, {"type": "Feature", "properties": {"id": "8805c5e7-7ec0-4c51-862c-9d17e76a53bf", "name": "Chico's", "category": "clothes", "tags": ["clothes", "womens"], "sources": ["overture"], "website": "https://www.chicos.com/locations/us/wa/bellevue/2016-bellevue-square/", "phone": "+14254544654", "address": "2016 Bellevue Square", "stations": [{"stopCode": 58, "lines": "2", "name": "Bellevue Downtown Station", "walkingMeters": 1073, "walkingSeconds": 773, "band": 15}]}, "geometry": {"type": "Point", "coordinates": [-122.2027206, 47.6161385]}}, {"type": "Feature", "properties": {"id": 9480333529, "name": "Zumiez", "category": "clothes", "tags": ["clothes", "wheelchair-accessible"], "sources": ["osm", "overture"], "website": "https://www.zumiez.com/stores/us005", "phone": "+14254510236", "address": "244 Bellevue Square", "stations": [{"stopCode": 58, "lines": "2", "name": "Bellevue Downtown Station", "walkingMeters": 1121, "walkingSeconds": 808, "band": 15}]}, "geometry": {"type": "Point", "coordinates": [-122.2036135, 47.6149578]}}, {"type": "Feature", "properties": {"id": 5338124422, "name": "Ecco", "category": "shoes", "tags": ["shoes", "wheelchair-accessible"], "sources": ["osm"], "address": "2086 Bellevue Square"}, "geometry": {"type": "Point", "coordinates": [-122.2050206, 47.6159587]}}, {"type": "Feature", "properties": {"id": 5338124423, "name": "Ex Officio", "category": "clothes", "tags": ["clothes", "wheelchair-accessible"], "sources": ["osm"], "address": "2036 Bellevue Square"}, "geometry": {"type": "Point", "coordinates": [-122.2046388, 47.6159615]}}, {"type": "Feature", "properties": {"id": "3d486568-dd09-4936-9392-318e3e6a4538", "name": "Exofficio", "category": "clothes", "tags": ["clothes", "mens"], "sources": ["overture"], "website": "https://www.newellbrands.com", "phone": "+14254540914", "address": "575 Bellevue Sq Unit 2036", "stations": [{"stopCode": 58, "lines": "2", "name": "Bellevue Downtown Station", "walkingMeters": 1007, "walkingSeconds": 751, "band": 15}]}, "geometry": {"type": "Point", "coordinates": [-122.2020187, 47.6171341]}}, {"type": "Feature", "properties": {"id": 5338134722, "name": "Blue Nile", "category": "jewelry", "tags": ["jewelry", "wheelchair-accessible"], "sources": ["osm", "overture"], "website": "https://www.bluenile.com/", "phone": "+18885657618", "address": "575 Bellevue Square", "stations": [{"stopCode": 58, "lines": "2", "name": "Bellevue Downtown Station", "walkingMeters": 1444, "walkingSeconds": 1038, "band": 15}]}, "geometry": {"type": "Point", "coordinates": [-122.2039038, 47.6149975]}}, {"type": "Feature", "properties": {"id": 5608446861, "name": "The Studio Fine Art Classes", "category": "art", "tags": ["art"], "sources": ["osm"], "address": "1075 Bellevue Way Northeast"}, "geometry": {"type": "Point", "coordinates": [-122.2027436, 47.6197786]}}, {"type": "Feature", "properties": {"id": 5842455918, "name": "Apple Store", "category": "electronics", "tags": ["electronics", "wheelchair-accessible"], "sources": ["osm"], "website": "https://www.apple.com/retail/bellevuesquare/", "phone": "+1-425-519-0080", "address": "213 Bellevue Square", "hours": "Mo-Sa 10:00-21:00; Su 11:00-19:00"}, "geometry": {"type": "Point", "coordinates": [-122.2041677, 47.6164232]}}, {"type": "Feature", "properties": {"id": 11217037194, "name": "Foot Locker", "category": "shoes", "tags": ["shoes"], "sources": ["osm"], "website": "https://stores.footlocker.com/wa/bellevue/1100-bellevue-square-7435.html", "address": "1100 Bellevue Square", "hours": "Mo-Sa 10:00-21:00; Su 11:00-19:00", "stations": [{"stopCode": 58, "lines": "2", "name": "Bellevue Downtown Station", "walkingMeters": 1199, "walkingSeconds": 862, "band": 15}]}, "geometry": {"type": "Point", "coordinates": [-122.2037156, 47.6144739]}}, {"type": "Feature", "properties": {"id": 9480333547, "name": "Champs Sports", "category": "sports", "tags": ["sports", "wheelchair-accessible"], "sources": ["osm"], "website": "https://stores.champssports.com/wa/bellevue/176-bellevue-square-14321.html", "address": "176 Bellevue Square", "stations": [{"stopCode": 58, "lines": "2", "name": "Bellevue Downtown Station", "walkingMeters": 1112, "walkingSeconds": 801, "band": 15}]}, "geometry": {"type": "Point", "coordinates": [-122.203055, 47.6156734]}}, {"type": "Feature", "properties": {"id": 9480333541, "name": "Swarovski", "category": "jewelry", "tags": ["jewelry"], "sources": ["osm", "overture"], "website": "http://swarovski.com/", "phone": "+14256888981", "address": "136 Bellevue Sq", "stations": [{"stopCode": 58, "lines": "2", "name": "Bellevue Downtown Station", "walkingMeters": 1095, "walkingSeconds": 788, "band": 15}]}, "geometry": {"type": "Point", "coordinates": [-122.2037463, 47.6154741]}}, {"type": "Feature", "properties": {"id": 6254896458, "name": "Alo", "category": "clothes", "tags": ["clothes"], "sources": ["osm"], "stations": [{"stopCode": 58, "lines": "2", "name": "Bellevue Downtown Station", "walkingMeters": 1112, "walkingSeconds": 801, "band": 15}]}, "geometry": {"type": "Point", "coordinates": [-122.2035965, 47.6156677]}}, {"type": "Feature", "properties": {"id": 9480333570, "name": "Indochino", "category": "clothes", "tags": ["clothes", "wheelchair-accessible", "mens"], "sources": ["osm", "overture"], "website": "https://www.indochino.com/showroom/bellevuesquare", "phone": "+14253654018", "address": "1045 Bellevue Sq"}, "geometry": {"type": "Point", "coordinates": [-122.2045307, 47.6156236]}}, {"type": "Feature", "properties": {"id": 6690017061, "name": "UNTUCKit", "category": "clothes", "tags": ["clothes"], "sources": ["osm", "overture"], "website": "http://www.untuckit.com/", "phone": "+14257487708", "address": "133 Bellevue Square"}, "geometry": {"type": "Point", "coordinates": [-122.2044147, 47.6160911]}}, {"type": "Feature", "properties": {"id": 6690017062, "name": "Kate Spade New York", "category": "clothes", "tags": ["clothes", "womens"], "sources": ["osm", "overture"], "website": "http://www.katespade.com", "phone": "(425) 453-6245", "address": "139 Bellevue Sq"}, "geometry": {"type": "Point", "coordinates": [-122.2041006, 47.6160991]}}, {"type": "Feature", "properties": {"id": 6717812107, "name": "Allen Edmonds", "category": "shoes", "tags": ["shoes"], "sources": ["osm"], "address": "135 Bellevue Square"}, "geometry": {"type": "Point", "coordinates": [-122.2042927, 47.6160942]}}, {"type": "Feature", "properties": {"id": "194b3985-ef20-4602-9ad0-6de731ec1afc", "name": "Allen Edmonds", "category": "shoes", "tags": ["shoes", "shoe"], "sources": ["overture"], "website": "https://www.allenedmonds.com/stores/wa/bellevue/98004/bellevue-collection-39073?PartnerID=organic_search_google_storelisting&utm_medium=organic&utm_source=search&utm_campaign=bing&utm_content=storelisting", "phone": "4252568356", "address": "135 Bellevue Sq"}, "geometry": {"type": "Point", "coordinates": [-122.2053757, 47.6159477]}}, {"type": "Feature", "properties": {"id": 6717812109, "name": "Lego", "category": "toys", "tags": ["toys"], "sources": ["osm", "overture"], "website": "https://www.lego.com/en-us/stores/stores/us/bellevue-square-mall?utm_source=Facebook&utm_medium=Yext&y_source=1_MTY2ODY4OTEtNTU5LWxvY2F0aW9uLndlYnNpdGU%3D", "phone": "+14256960028", "address": "119 Bellevue Square"}, "geometry": {"type": "Point", "coordinates": [-122.2044401, 47.6161834]}}, {"type": "Feature", "properties": {"id": 6717812113, "name": "American Eagle Outfitters", "category": "clothes", "tags": ["clothes", "wheelchair-accessible"], "sources": ["osm"], "address": "1065 Bellevue Square"}, "geometry": {"type": "Point", "coordinates": [-122.2050329, 47.6155228]}}, {"type": "Feature", "properties": {"id": 7600942147, "name": "Aquaria", "category": "pet", "tags": ["pet"], "sources": ["osm"], "stations": [{"stopCode": 57, "lines": "2", "name": "East Main Station", "walkingMeters": 1124, "walkingSeconds": 811, "band": 15}]}, "geometry": {"type": "Point", "coordinates": [-122.2029991, 47.610393]}}, {"type": "Feature", "properties": {"id": 7861659471, "name": "Bellevue Bridal Boutique", "category": "clothes", "tags": ["clothes"], "sources": ["osm"], "stations": [{"stopCode": 58, "lines": "2", "name": "Bellevue Downtown Station", "walkingMeters": 1408, "walkingSeconds": 1015, "band": 15}]}, "geometry": {"type": "Point", "coordinates": [-122.2030469, 47.6111437]}}, {"type": "Feature", "properties": {"id": "04188026-e69a-4fea-b1ce-9098f323c2b2", "name": "Mango", "category": "clothes", "tags": ["clothes"], "sources": ["overture"], "website": "https://shop.mango.com/us/en/stores/bellevue/bellevue-square/13411", "address": "575 Bellevue Square Unit 265", "stations": [{"stopCode": 58, "lines": "2", "name": "Bellevue Downtown Station", "walkingMeters": 1106, "walkingSeconds": 825, "band": 15}]}, "geometry": {"type": "Point", "coordinates": [-122.203392, 47.61586]}}, {"type": "Feature", "properties": {"id": 9480333566, "name": "PacSun", "category": "clothes", "tags": ["clothes", "wheelchair-accessible"], "sources": ["osm", "overture"], "website": "http://www.pacsun.com/", "phone": "+14254553299", "address": "1005 Bellevue Square"}, "geometry": {"type": "Point", "coordinates": [-122.2049231, 47.6165255]}}, {"type": "Feature", "properties": {"id": "9ee4000f-219f-44d5-87b6-e8dd8473d41b", "name": "PacSun", "category": "clothes", "tags": ["clothes"], "sources": ["overture"], "website": "https://www.pacsun.com/store/bellevue-square-bellevue-wa-0061", "address": "1005 BELLEVUE SQUARE", "stations": [{"stopCode": 58, "lines": "2", "name": "Bellevue Downtown Station", "walkingMeters": 1112, "walkingSeconds": 830, "band": 15}]}, "geometry": {"type": "Point", "coordinates": [-122.2017746, 47.6192856]}}, {"type": "Feature", "properties": {"id": "f5a66c5b-ff82-462c-803c-9ad79ffbd5c5", "name": "Build-A-Bear Workshop", "category": "toys", "tags": ["toys"], "sources": ["overture"], "website": "https://www.buildabear.com/", "phone": "4254675944", "address": "144 Bellevue Sq", "stations": [{"stopCode": 58, "lines": "2", "name": "Bellevue Downtown Station", "walkingMeters": 1095, "walkingSeconds": 788, "band": 15}]}, "geometry": {"type": "Point", "coordinates": [-122.2035065, 47.6152077]}}, {"type": "Feature", "properties": {"id": 11217037209, "name": "Lovisa", "category": "jewelry", "tags": ["jewelry", "wheelchair-accessible"], "sources": ["osm", "overture"], "address": "575 Bellevue Square", "stations": [{"stopCode": 58, "lines": "2", "name": "Bellevue Downtown Station", "walkingMeters": 1112, "walkingSeconds": 801, "band": 15}]}, "geometry": {"type": "Point", "coordinates": [-122.2033546, 47.6157595]}}, {"type": "Feature", "properties": {"id": "0aa02317-15ad-48e6-91ca-09cd3176d94a", "name": "Pop Mart", "category": "toys", "tags": ["toys"], "sources": ["overture"], "address": "258 Bellevue Square unit 179, Bellevue, WA 98004", "stations": [{"stopCode": 58, "lines": "2", "name": "Bellevue Downtown Station", "walkingMeters": 1140, "walkingSeconds": 851, "band": 15}]}, "geometry": {"type": "Point", "coordinates": [-122.203743, 47.61586]}}, {"type": "Feature", "properties": {"id": "7587ba5f-8e25-4213-9975-974314a838f6", "name": "Aldo", "category": "shoes", "tags": ["shoes", "shoe"], "sources": ["overture"], "website": "https://www.aldoshoes.com/us/en_US?utm_source=Bing&utm_medium=lpm&utm_campaign=Aldo", "phone": "4254620533", "address": "192 Bellevue Sq 192", "stations": [{"stopCode": 58, "lines": "2", "name": "Bellevue Downtown Station", "walkingMeters": 1094, "walkingSeconds": 788, "band": 15}]}, "geometry": {"type": "Point", "coordinates": [-122.2031097, 47.6151199]}}, {"type": "Feature", "properties": {"id": "cd70f32b-4135-4289-a1e9-9572b5e27af8", "name": "Helzberg Diamonds", "category": "jewelry", "tags": ["jewelry"], "sources": ["overture"], "phone": "4254548333", "address": "165 Bellevue Sq", "stations": [{"stopCode": 58, "lines": "2", "name": "Bellevue Downtown Station", "walkingMeters": 1377, "walkingSeconds": 990, "band": 15}]}, "geometry": {"type": "Point", "coordinates": [-122.2048035, 47.6150894]}}, {"type": "Feature", "properties": {"id": 9480333521, "name": "Beyond Yoga", "category": "clothes", "tags": ["clothes", "wheelchair-accessible"], "sources": ["osm"], "address": "151 Bellevue Square"}, "geometry": {"type": "Point", "coordinates": [-122.2044089, 47.6155358]}}, {"type": "Feature", "properties": {"id": 9480333522, "name": "L'Occitane", "category": "cosmetics", "tags": ["cosmetics", "wheelchair-accessible"], "sources": ["osm"], "address": "153 Bellevue Square"}, "geometry": {"type": "Point", "coordinates": [-122.2042046, 47.6155513]}}, {"type": "Feature", "properties": {"id": 9480333524, "name": "Rodd & Gunn", "category": "clothes", "tags": ["clothes", "mens"], "sources": ["osm", "overture"], "website": "https://www.roddandgunn.com/us", "phone": "+14254548242", "address": "575 Bellevue Sq", "stations": [{"stopCode": 58, "lines": "2", "name": "Bellevue Downtown Station", "walkingMeters": 1389, "walkingSeconds": 999, "band": 15}]}, "geometry": {"type": "Point", "coordinates": [-122.2039055, 47.6155545]}}, {"type": "Feature", "properties": {"id": 9480333528, "name": "Go! Games & Toys", "category": "toys", "tags": ["toys", "wheelchair-accessible"], "sources": ["osm"], "address": "156 Bellevue Square", "stations": [{"stopCode": 58, "lines": "2", "name": "Bellevue Downtown Station", "walkingMeters": 1125, "walkingSeconds": 810, "band": 15}]}, "geometry": {"type": "Point", "coordinates": [-122.2037421, 47.6148759]}}, {"type": "Feature", "properties": {"id": "5b9a9881-8901-4143-bfb1-bb2360721515", "name": "Go! Games & Toys", "category": "toys", "tags": ["toys"], "sources": ["overture"], "address": "Space 156, 156 Bellevue Square", "stations": [{"stopCode": 58, "lines": "2", "name": "Bellevue Downtown Station", "walkingMeters": 952, "walkingSeconds": 710, "band": 15}]}, "geometry": {"type": "Point", "coordinates": [-122.2006912, 47.6183395]}}, {"type": "Feature", "properties": {"id": 9480333530, "name": "Vans", "category": "shoes", "tags": ["shoes", "wheelchair-accessible", "shoe"], "sources": ["osm", "overture"], "website": "https://www.vans.com/?utm_source=yext&utm_medium=fb&utm_campaign=bellevue-wa-official-usa279", "phone": "+14254540770", "address": "242 Bellevue Square", "stations": [{"stopCode": 58, "lines": "2", "name": "Bellevue Downtown Station", "walkingMeters": 1111, "walkingSeconds": 800, "band": 15}]}, "geometry": {"type": "Point", "coordinates": [-122.203615, 47.6150529]}}, {"type": "Feature", "properties": {"id": 9480333534, "name": "Abercrombie & Fitch", "category": "clothes", "tags": ["clothes", "wheelchair-accessible", "womens"], "sources": ["osm", "overture"], "website": "https://www.abercrombie.com/shop/us/clothing-stores/US/Bellevue/WA/11670", "phone": "+14252012219", "address": "240 Bellevue Sq", "stations": [{"stopCode": 58, "lines": "2", "name": "Bellevue Downtown Station", "walkingMeters": 1095, "walkingSeconds": 788, "band": 15}]}, "geometry": {"type": "Point", "coordinates": [-122.2036166, 47.6151533]}}, {"type": "Feature", "properties": {"id": 9480333538, "name": "Lush", "category": "cosmetics", "tags": ["cosmetics", "wheelchair-accessible"], "sources": ["osm"], "address": "140 Bellevue Square", "stations": [{"stopCode": 58, "lines": "2", "name": "Bellevue Downtown Station", "walkingMeters": 1095, "walkingSeconds": 788, "band": 15}]}, "geometry": {"type": "Point", "coordinates": [-122.2037448, 47.6152645]}}, {"type": "Feature", "properties": {"id": 9480333539, "name": "Buckle", "category": "clothes", "tags": ["clothes"], "sources": ["osm", "overture"], "website": "https://local.buckle.com/wa/bellevue/clothing-441.html", "phone": "+14254533234", "address": "182 Bellevue Square", "stations": [{"stopCode": 58, "lines": "2", "name": "Bellevue Downtown Station", "walkingMeters": 1093, "walkingSeconds": 787, "band": 15}]}, "geometry": {"type": "Point", "coordinates": [-122.2029297, 47.6155335]}}, {"type": "Feature", "properties": {"id": 9480333544, "name": "TaraShakti", "category": "clothes", "tags": ["clothes"], "sources": ["osm"], "address": "194 Bellevue Square", "stations": [{"stopCode": 58, "lines": "2", "name": "Bellevue Downtown Station", "walkingMeters": 1093, "walkingSeconds": 787, "band": 15}]}, "geometry": {"type": "Point", "coordinates": [-122.203371, 47.6155291]}}, {"type": "Feature", "properties": {"id": 9480333545, "name": "ABLAJ", "category": "shoes", "tags": ["shoes", "wheelchair-accessible"], "sources": ["osm"], "address": "192 Bellevue Square", "stations": [{"stopCode": 58, "lines": "2", "name": "Bellevue Downtown Station", "walkingMeters": 1093, "walkingSeconds": 787, "band": 15}]}, "geometry": {"type": "Point", "coordinates": [-122.203242, 47.6155304]}}, {"type": "Feature", "properties": {"id": 9480333550, "name": "Splendid", "category": "clothes", "tags": ["clothes"], "sources": ["osm"], "address": "205 Bellevue Square"}, "geometry": {"type": "Point", "coordinates": [-122.2041672, 47.6165799]}}, {"type": "Feature", "properties": {"id": 9480333552, "name": "Janie & Jack", "category": "clothes", "tags": ["clothes", "wheelchair-accessible"], "sources": ["osm"], "address": "239 Bellevue Square"}, "geometry": {"type": "Point", "coordinates": [-122.2042776, 47.6154824]}}, {"type": "Feature", "properties": {"id": 9480333553, "name": "Max Mara", "category": "clothes", "tags": ["clothes", "womens"], "sources": ["osm", "overture"], "website": "http://cfstores.com/", "phone": "+14254540952", "address": "110 Bellevue Square"}, "geometry": {"type": "Point", "coordinates": [-122.2038935, 47.6163403]}}, {"type": "Feature", "properties": {"id": 9480333554, "name": "Burberry", "category": "clothes", "tags": ["clothes"], "sources": ["osm", "overture"], "website": "https://barteconceptgallery.com/", "phone": "+14254400280", "address": "108 Bellevue Way NE"}, "geometry": {"type": "Point", "coordinates": [-122.2038965, 47.6164537]}}, {"type": "Feature", "properties": {"id": 9480333555, "name": "Tory Burch", "category": "clothes", "tags": ["clothes"], "sources": ["osm"], "address": "106 Bellevue Square", "stations": [{"stopCode": 58, "lines": "2", "name": "Bellevue Downtown Station", "walkingMeters": 1276, "walkingSeconds": 918, "band": 15}]}, "geometry": {"type": "Point", "coordinates": [-122.2038995, 47.6165657]}}, {"type": "Feature", "properties": {"id": 9480333558, "name": "Tiffany & Company", "category": "jewelry", "tags": ["jewelry"], "sources": ["osm"], "address": "105 Bellevue Square"}, "geometry": {"type": "Point", "coordinates": [-122.2040854, 47.6164902]}}, {"type": "Feature", "properties": {"id": 9480333559, "name": "Hugo Boss", "category": "clothes", "tags": ["clothes"], "sources": ["osm"], "address": "109 Bellevue Square"}, "geometry": {"type": "Point", "coordinates": [-122.2040853, 47.6163511]}}, {"type": "Feature", "properties": {"id": 9480333561, "name": "Escape Outdoors", "category": "outdoor", "tags": ["outdoor"], "sources": ["osm"], "address": "1023 Bellevue Square"}, "geometry": {"type": "Point", "coordinates": [-122.2047628, 47.6161792]}}, {"type": "Feature", "properties": {"id": 9480333562, "name": "Urbanity", "category": "clothes", "tags": ["clothes", "gift"], "sources": ["osm", "overture"], "website": "http://www.urbanityshop.com", "phone": "(425) 454-7276", "address": "575 Bellevue Sq Spc 1019"}, "geometry": {"type": "Point", "coordinates": [-122.2047665, 47.6163351]}}, {"type": "Feature", "properties": {"id": 9480333568, "name": "Camper", "category": "shoes", "tags": ["shoes"], "sources": ["osm"], "address": "1083 Bellevue Square"}, "geometry": {"type": "Point", "coordinates": [-122.2049162, 47.6160543]}}, {"type": "Feature", "properties": {"id": 9480333574, "name": "Ted Baker", "category": "clothes", "tags": ["clothes"], "sources": ["osm", "overture"], "website": "http://tedbaker.com", "phone": "(425) 453-5582", "address": "141 Bellevue Way NE & NE 8th Street"}, "geometry": {"type": "Point", "coordinates": [-122.2040942, 47.6159967]}}, {"type": "Feature", "properties": {"id": 9480333577, "name": "Canada Goose", "category": "clothes", "tags": ["clothes"], "sources": ["osm"], "address": "111 Bellevue Square"}, "geometry": {"type": "Point", "coordinates": [-122.2040851, 47.6161866]}}, {"type": "Feature", "properties": {"id": 9480333580, "name": "Na Hoku", "category": "jewelry", "tags": ["jewelry", "wheelchair-accessible"], "sources": ["osm", "overture"], "website": "https://www.nahoku.com/", "phone": "+14254518089", "address": "236 Bellevue Sq", "stations": [{"stopCode": 58, "lines": "2", "name": "Bellevue Downtown Station", "walkingMeters": 1095, "walkingSeconds": 788, "band": 15}]}, "geometry": {"type": "Point", "coordinates": [-122.2036193, 47.6153258]}}, {"type": "Feature", "properties": {"id": 9480333582, "name": "Fabletics", "category": "clothes", "tags": ["clothes", "wheelchair-accessible"], "sources": ["osm"], "address": "278 Bellevue Square", "stations": [{"stopCode": 58, "lines": "2", "name": "Bellevue Downtown Station", "walkingMeters": 1093, "walkingSeconds": 787, "band": 15}]}, "geometry": {"type": "Point", "coordinates": [-122.2034158, 47.6154658]}}, {"type": "Feature", "properties": {"id": 9480333586, "name": "Loft", "category": "clothes", "tags": ["clothes", "womens"], "sources": ["osm", "overture"], "website": "https://www.loft.com/store/wa/bellevue/268-bellevue-square?y_source=1_MTY0MjMyMy01NTktbG9jYXRpb24ud2Vic2l0ZQ%3D%3D", "phone": "+14256468666", "address": "268 Bellevue Square", "stations": [{"stopCode": 58, "lines": "2", "name": "Bellevue Downtown Station", "walkingMeters": 1093, "walkingSeconds": 787, "band": 15}]}, "geometry": {"type": "Point", "coordinates": [-122.2028797, 47.6154659]}}, {"type": "Feature", "properties": {"id": 9480333588, "name": "Ann Taylor", "category": "clothes", "tags": ["clothes", "wheelchair-accessible"], "sources": ["osm"], "address": "264 Bellevue Square", "stations": [{"stopCode": 58, "lines": "2", "name": "Bellevue Downtown Station", "walkingMeters": 1112, "walkingSeconds": 801, "band": 15}]}, "geometry": {"type": "Point", "coordinates": [-122.2030095, 47.6157616]}}, {"type": "Feature", "properties": {"id": "2177b6e1-c4cc-4f21-818f-93978014f698", "name": "Ann Taylor", "category": "clothes", "tags": ["clothes", "womens"], "sources": ["overture"], "website": "https://www.anntaylor.com/store/wa/bellevue/575-bellevue-square?y_source=1_MTY1NzI1OC00ODMtbG9jYXRpb24ud2Vic2l0ZQ%3D%3D", "phone": "4255770935", "address": "264 Bellevue Sq", "stations": [{"stopCode": 58, "lines": "2", "name": "Bellevue Downtown Station", "walkingMeters": 956, "walkingSeconds": 689, "band": 15}]}, "geometry": {"type": "Point", "coordinates": [-122.2017746, 47.6157455]}}, {"type": "Feature", "properties": {"id": 9480333595, "name": "Everything But Water", "category": "clothes", "tags": ["clothes"], "sources": ["osm"], "address": "202 Bellevue Square", "stations": [{"stopCode": 58, "lines": "2", "name": "Bellevue Downtown Station", "walkingMeters": 1276, "walkingSeconds": 918, "band": 15}]}, "geometry": {"type": "Point", "coordinates": [-122.20376, 47.6166665]}}, {"type": "Feature", "properties": {"id": 9480333596, "name": "Tommy Bahama", "category": "clothes", "tags": ["clothes"], "sources": ["osm", "overture"], "website": "https://www.tommybahama.com/store/Bellevue%20Square", "phone": "+14252740268", "address": "575 Bellevue Sq"}, "geometry": {"type": "Point", "coordinates": [-122.2041669, 47.6166604]}}, {"type": "Feature", "properties": {"id": 9480333602, "name": "Oil & Vinegar", "category": "deli", "tags": ["deli", "wheelchair-accessible"], "sources": ["osm"], "address": "2038 Bellevue Square"}, "geometry": {"type": "Point", "coordinates": [-122.2046369, 47.6158685]}}, {"type": "Feature", "properties": {"id": 9480333605, "name": "Peloton", "category": "sports", "tags": ["sports"], "sources": ["osm"], "address": "233 Bellevue Square"}, "geometry": {"type": "Point", "coordinates": [-122.2041764, 47.6157988]}}, {"type": "Feature", "properties": {"id": 9480333606, "name": "Psycho Bunny", "category": "clothes", "tags": ["clothes", "mens"], "sources": ["osm", "overture"], "website": "https://www.psychobunny.com/pages/store-locator-new#!/l/bellevue/229-bellevue-square/4599865", "phone": "4255046200", "address": "229 Bellevue Sq"}, "geometry": {"type": "Point", "coordinates": [-122.2041799, 47.6158795]}}, {"type": "Feature", "properties": {"id": 9480333612, "name": "The Body Shop", "category": "cosmetics", "tags": ["cosmetics"], "sources": ["osm"], "address": "2034 Bellevue Square"}, "geometry": {"type": "Point", "coordinates": [-122.20464, 47.6160222]}}, {"type": "Feature", "properties": {"id": 9480333616, "name": "Proto101", "category": "clothes", "tags": ["clothes"], "sources": ["osm"], "address": "272 Bellevue Square", "stations": [{"stopCode": 58, "lines": "2", "name": "Bellevue Downtown Station", "walkingMeters": 1093, "walkingSeconds": 787, "band": 15}]}, "geometry": {"type": "Point", "coordinates": [-122.2029834, 47.6154659]}}, {"type": "Feature", "properties": {"id": 9480344704, "name": "Needs Deli | Mercantile", "category": "deli", "tags": ["deli"], "sources": ["osm"], "phone": "+1-425-646-7222", "address": "10500 Northeast 8th Street", "hours": "Mo-Fr 09:00-17:00", "stations": [{"stopCode": 58, "lines": "2", "name": "Bellevue Downtown Station", "walkingMeters": 1080, "walkingSeconds": 779, "band": 15}]}, "geometry": {"type": "Point", "coordinates": [-122.2004609, 47.6181038]}}, {"type": "Feature", "properties": {"id": "767afd3d-4033-4c9b-9f38-92b8f9e034d5", "name": "Terra Bella", "category": "gift", "tags": ["gift"], "sources": ["overture"], "website": "http://www.terrabellagifts.com", "phone": "(206) 914-6401", "address": "10251 Main St", "stations": [{"stopCode": 57, "lines": "2", "name": "East Main Station", "walkingMeters": 1122, "walkingSeconds": 810, "band": 15}]}, "geometry": {"type": "Point", "coordinates": [-122.2031784, 47.6102867]}}, {"type": "Feature", "properties": {"id": 10634836356, "name": "Reiwatakiya", "category": "variety_store", "tags": ["variety-store"], "sources": ["osm"], "stations": [{"stopCode": 58, "lines": "2", "name": "Bellevue Downtown Station", "walkingMeters": 1286, "walkingSeconds": 926, "band": 15}]}, "geometry": {"type": "Point", "coordinates": [-122.2021022, 47.6124627]}}, {"type": "Feature", "properties": {"id": 10762083981, "name": "Browne Family Vineyards", "category": "wine", "tags": ["wine", "winery"], "sources": ["osm", "overture"], "website": "https://www.brownefamilyvineyards.com/bellevue", "phone": "+14254005505", "address": "10245 Main St", "stations": [{"stopCode": 57, "lines": "2", "name": "East Main Station", "walkingMeters": 1122, "walkingSeconds": 806, "band": 15}]}, "geometry": {"type": "Point", "coordinates": [-122.2032502, 47.6100387]}}, {"type": "Feature", "properties": {"id": "bd95086e-9bb8-44b9-8374-23a28d87dfc5", "name": "Vuori", "category": "clothes", "tags": ["clothes"], "sources": ["overture"], "website": "https://www.vuoriclothing.com/", "phone": "4259202661", "address": "141 Bellevue Sq"}, "geometry": {"type": "Point", "coordinates": [-122.204071, 47.6158943]}}, {"type": "Feature", "properties": {"id": 11213162188, "name": "Finish Line", "category": "sports", "tags": ["sports", "wheelchair-accessible"], "sources": ["osm"], "stations": [{"stopCode": 58, "lines": "2", "name": "Bellevue Downtown Station", "walkingMeters": 971, "walkingSeconds": 699, "band": 15}]}, "geometry": {"type": "Point", "coordinates": [-122.2023413, 47.6154937]}}, {"type": "Feature", "properties": {"id": 11214334061, "name": "City Flowers", "category": "gift", "tags": ["gift", "florist"], "sources": ["osm"], "stations": [{"stopCode": 58, "lines": "2", "name": "Bellevue Downtown Station", "walkingMeters": 1077, "walkingSeconds": 776, "band": 15}]}, "geometry": {"type": "Point", "coordinates": [-122.200509, 47.6180599]}}, {"type": "Feature", "properties": {"id": 11217037188, "name": "Chanel", "category": "cosmetics", "tags": ["cosmetics"], "sources": ["osm"], "address": "112 Bellevue Square"}, "geometry": {"type": "Point", "coordinates": [-122.2038913, 47.6162585]}}, {"type": "Feature", "properties": {"id": 11217037189, "name": "Nike", "category": "clothes", "tags": ["clothes", "wheelchair-accessible"], "sources": ["osm"], "address": "116 Bellevue Square", "stations": [{"stopCode": 58, "lines": "2", "name": "Bellevue Downtown Station", "walkingMeters": 1119, "walkingSeconds": 806, "band": 15}]}, "geometry": {"type": "Point", "coordinates": [-122.2038899, 47.6162049]}}, {"type": "Feature", "properties": {"id": 11217037193, "name": "Kids Foot Locker", "category": "shoes", "tags": ["shoes", "shoe"], "sources": ["osm", "overture"], "website": "https://stores.kidsfootlocker.com/wa/bellevue/bellevue-square-48916.html", "phone": "+14253645527", "address": "BELLEVUE SQUARE 1100 Bellevue Square", "stations": [{"stopCode": 58, "lines": "2", "name": "Bellevue Downtown Station", "walkingMeters": 1199, "walkingSeconds": 862, "band": 15}]}, "geometry": {"type": "Point", "coordinates": [-122.2037199, 47.6143924]}}, {"type": "Feature", "properties": {"id": 11217037197, "name": "Express", "category": "clothes", "tags": ["clothes", "wheelchair-accessible"], "sources": ["osm", "overture"], "website": "https://stores.express.com/us/wa/bellevue/2070-bellevue-square", "phone": "+14254538494", "address": "2070 Bellevue Square"}, "geometry": {"type": "Point", "coordinates": [-122.2051296, 47.6154399]}}, {"type": "Feature", "properties": {"id": 11217037198, "name": "Talbots", "category": "clothes", "tags": ["clothes", "womens"], "sources": ["osm", "overture"], "website": "http://www.talbots.com/", "phone": "+14254550841", "address": "2062 Bellevue Sq"}, "geometry": {"type": "Point", "coordinates": [-122.2047893, 47.6154393]}}, {"type": "Feature", "properties": {"id": 11217037199, "name": "Express Men", "category": "clothes", "tags": ["clothes", "wheelchair-accessible"], "sources": ["osm"], "address": "2070 Bellevue Square"}, "geometry": {"type": "Point", "coordinates": [-122.2049705, 47.6154396]}}, {"type": "Feature", "properties": {"id": 11217037204, "name": "Oak + Fort", "category": "clothes", "tags": ["clothes", "wheelchair-accessible"], "sources": ["osm"], "address": "249 Bellevue Square", "stations": [{"stopCode": 58, "lines": "2", "name": "Bellevue Downtown Station", "walkingMeters": 1389, "walkingSeconds": 999, "band": 15}]}, "geometry": {"type": "Point", "coordinates": [-122.2039279, 47.6151504]}}, {"type": "Feature", "properties": {"id": "08228d84-721e-4338-9bc6-39fc0aa648d8", "name": "Oak + Fort", "category": "clothes", "tags": ["clothes"], "sources": ["overture"], "website": "https://www.oakandfort.com", "phone": "14255317176", "address": "575 Bellevue Sq", "stations": [{"stopCode": 58, "lines": "2", "name": "Bellevue Downtown Station", "walkingMeters": 1007, "walkingSeconds": 751, "band": 15}]}, "geometry": {"type": "Point", "coordinates": [-122.2020187, 47.6171341]}}, {"type": "Feature", "properties": {"id": 11217037208, "name": "APM Monaco", "category": "jewelry", "tags": ["jewelry", "wheelchair-accessible"], "sources": ["osm"], "address": "230 Bellevue Square", "stations": [{"stopCode": 58, "lines": "2", "name": "Bellevue Downtown Station", "walkingMeters": 1093, "walkingSeconds": 787, "band": 15}]}, "geometry": {"type": "Point", "coordinates": [-122.2035429, 47.6154658]}}, {"type": "Feature", "properties": {"id": 11217037210, "name": "Johnny Was", "category": "clothes", "tags": ["clothes", "wheelchair-accessible", "womens"], "sources": ["osm", "overture"], "website": "https://www.johnnywas.com/stores/united-states/washington/bellevue/2030-bellevue-square-bellevue-wa-1034bellevue-square", "phone": "+14258004167", "address": "2030 Bellevue Square"}, "geometry": {"type": "Point", "coordinates": [-122.2046326, 47.6162575]}}, {"type": "Feature", "properties": {"id": 11217037211, "name": "Domino", "category": "shoes", "tags": ["shoes", "wheelchair-accessible"], "sources": ["osm"], "address": "2042 Bellevue Square"}, "geometry": {"type": "Point", "coordinates": [-122.204633, 47.6156709]}}, {"type": "Feature", "properties": {"id": 12008728872, "name": "Brume", "category": "furniture", "tags": ["furniture"], "sources": ["osm"], "website": "https://www.brume.house/", "address": "801 Avenue Square Northeast", "stations": [{"stopCode": 58, "lines": "2", "name": "Bellevue Downtown Station", "walkingMeters": 1227, "walkingSeconds": 888, "band": 15}]}, "geometry": {"type": "Point", "coordinates": [-122.2032568, 47.6176128]}}, {"type": "Feature", "properties": {"id": 12008728876, "name": "Fleur", "category": "florist", "tags": ["florist"], "sources": ["osm"], "address": "846 Avenue Square Northeast", "stations": [{"stopCode": 58, "lines": "2", "name": "Bellevue Downtown Station", "walkingMeters": 1338, "walkingSeconds": 967, "band": 15}]}, "geometry": {"type": "Point", "coordinates": [-122.2029925, 47.617864]}}, {"type": "Feature", "properties": {"id": 12615200151, "name": "J.Jill", "category": "clothes", "tags": ["clothes", "wheelchair-accessible"], "sources": ["osm"]}, "geometry": {"type": "Point", "coordinates": [-122.2051002, 47.6155994]}}, {"type": "Feature", "properties": {"id": "3ebf1d48-0e82-4e8a-8ff4-e1494cf4fd06", "name": "J.Jill", "category": "clothes", "tags": ["clothes", "womens"], "sources": ["overture"], "website": "http://locations.jjill.com/wa/bellevue/69/", "phone": "4254629546", "address": "2050 Bellevue Sq", "stations": [{"stopCode": 58, "lines": "2", "name": "Bellevue Downtown Station", "walkingMeters": 1035, "walkingSeconds": 745, "band": 15}]}, "geometry": {"type": "Point", "coordinates": [-122.2024612, 47.6153984]}}, {"type": "Feature", "properties": {"id": 12615219911, "name": "FP Movement", "category": "clothes", "tags": ["clothes", "wheelchair-accessible"], "sources": ["osm"], "stations": [{"stopCode": 58, "lines": "2", "name": "Bellevue Downtown Station", "walkingMeters": 1093, "walkingSeconds": 787, "band": 15}]}, "geometry": {"type": "Point", "coordinates": [-122.203135, 47.6156678]}}, {"type": "Feature", "properties": {"id": "80a295e5-7c12-4644-9558-f5e942feeb5c", "name": "FP Movement", "category": "clothes", "tags": ["clothes", "womens"], "sources": ["overture"], "website": "https://www.freepeople.com/stores/fp-movement-bellevue", "phone": "4253843259", "address": "173 Bellevue Sq", "stations": [{"stopCode": 58, "lines": "2", "name": "Bellevue Downtown Station", "walkingMeters": 1138, "walkingSeconds": 818, "band": 15}]}, "geometry": {"type": "Point", "coordinates": [-122.2030945, 47.6140594]}}, {"type": "Feature", "properties": {"id": 12697199468, "name": "Mahindra", "category": "jewelry", "tags": ["jewelry"], "sources": ["osm"]}, "geometry": {"type": "Point", "coordinates": [-122.2046402, 47.6164351]}}, {"type": "Feature", "properties": {"id": "aafc673f-b332-4c8d-94f0-86ae9094c7c6", "name": "Urban Interiors", "category": "furniture", "tags": ["furniture"], "sources": ["overture"], "website": "https://www.urbaninteriors.com", "phone": "14256370888", "address": "700 Bellevue Way Ne  Ste 200", "stations": [{"stopCode": 58, "lines": "2", "name": "Bellevue Downtown Station", "walkingMeters": 880, "walkingSeconds": 657, "band": 15}]}, "geometry": {"type": "Point", "coordinates": [-122.2008286, 47.6167488]}}, {"type": "Feature", "properties": {"id": 497738386, "name": "Nordstrom", "category": "department_store", "tags": ["department-store", "wheelchair-accessible", "department"], "sources": ["osm", "overture"], "website": "http://www.nordstrom.com", "phone": "+14254555800", "address": "575 Bellevue Sq", "hours": "Mo-Sa 10:00-21:00; Su 11:00-19:00", "stations": [{"stopCode": 58, "lines": "2", "name": "Bellevue Downtown Station", "walkingMeters": 1290, "walkingSeconds": 928, "band": 15}]}, "geometry": {"type": "Point", "coordinates": [-122.2043724, 47.6170147]}}, {"type": "Feature", "properties": {"id": 497739259, "name": "Macy's", "category": "department_store", "tags": ["department-store", "wheelchair-accessible", "department"], "sources": ["osm", "overture"], "website": "http://www.macys.com", "phone": "+14256886000", "address": "400 Bellevue Square", "stations": [{"stopCode": 58, "lines": "2", "name": "Bellevue Downtown Station", "walkingMeters": 977, "walkingSeconds": 704, "band": 15}]}, "geometry": {"type": "Point", "coordinates": [-122.2023552, 47.6156715]}}, {"type": "Feature", "properties": {"id": 192568972, "name": "Gregg's Bellevue Cycle", "category": "bicycle", "tags": ["bicycle"], "sources": ["osm"], "phone": "+1-425-462-1900", "address": "105 Bellevue Way Northeast", "hours": "Mo-Fr 10:00-20:00; Sa,Su 10:00-18:00", "stations": [{"stopCode": 57, "lines": "2", "name": "East Main Station", "walkingMeters": 1157, "walkingSeconds": 838, "band": 15}, {"stopCode": 58, "lines": "2", "name": "Bellevue Downtown Station", "walkingMeters": 1292, "walkingSeconds": 929, "band": 15}]}, "geometry": {"type": "Point", "coordinates": [-122.2019201, 47.6115889]}}, {"type": "Feature", "properties": {"id": "b540bfcc-385c-49d9-9561-b9d0fd40c76c", "name": "H&M", "category": "clothes", "tags": ["clothes"], "sources": ["overture"], "website": "https://www2.hm.com/en_us/customer-service/shopping-at-hm/store-locator/usa/bellevue/bellevue-square/US0763.html?utm_source=overture_location&utm_medium=organic&utm_content=US0763&utm_campaign=pi_USQ00AAU0AA004", "phone": "+1-8554667467", "address": "1120 Bellevue Square", "stations": [{"stopCode": 58, "lines": "2", "name": "Bellevue Downtown Station", "walkingMeters": 1183, "walkingSeconds": 850, "band": 15}]}, "geometry": {"type": "Point", "coordinates": [-122.2038345, 47.6141548]}}, {"type": "Feature", "properties": {"id": "bf4d66f5-d86d-4478-941c-6dbb3fd6f610", "name": "Lucky Brand", "category": "clothes", "tags": ["clothes"], "sources": ["overture"], "website": "https://stores.luckybrand.com/lucky-brand-d966710b2940", "phone": "(425) 450-0035", "address": "163 Bellevue Sq", "stations": [{"stopCode": 58, "lines": "2", "name": "Bellevue Downtown Station", "walkingMeters": 1112, "walkingSeconds": 801, "band": 15}]}, "geometry": {"type": "Point", "coordinates": [-122.2037048, 47.6159019]}}, {"type": "Feature", "properties": {"id": "0024fdc9-e865-48f4-86d4-a9ff39941f16", "name": "Eddie Bauer", "category": "clothes", "tags": ["clothes", "womens"], "sources": ["overture"], "website": "eddiebauer.com", "address": "10401 Ne 8th St Ste 500", "stations": [{"stopCode": 58, "lines": "2", "name": "Bellevue Downtown Station", "walkingMeters": 953, "walkingSeconds": 711, "band": 15}]}, "geometry": {"type": "Point", "coordinates": [-122.2014313, 47.617157]}}, {"type": "Feature", "properties": {"id": "b3b6ce40-251b-485c-9d07-c4f1ad0b8d1d", "name": "At&t Store", "category": "mobile_phone", "tags": ["mobile-phone", "mobile"], "sources": ["overture"], "website": "https://www.att.com", "phone": "14254540581", "address": "821 Bellevue Way NE", "stations": [{"stopCode": 58, "lines": "2", "name": "Bellevue Downtown Station", "walkingMeters": 1141, "walkingSeconds": 822, "band": 15}]}, "geometry": {"type": "Point", "coordinates": [-122.2022018, 47.6177788]}}, {"type": "Feature", "properties": {"id": "a09d1a8b-97de-45f1-bebc-047e4dc7ce26", "name": "Quality Food Center", "category": "supermarket", "tags": ["supermarket"], "sources": ["overture"], "website": "https://www.qfc.com/stores/grocery/wa/bellevue/bellevue/705/00808", "address": "10116 NE 8th St STE 1"}, "geometry": {"type": "Point", "coordinates": [-122.2056198, 47.618557]}}, {"type": "Feature", "properties": {"id": "eb6a2d74-ea33-4fcd-a879-c77755eb74d3", "name": "Ben Bridge Jeweler", "category": "jewelry", "tags": ["jewelry"], "sources": ["overture"], "website": "http://www.benbridge.com", "phone": "+14254549227", "address": "192 Bellevue Square", "stations": [{"stopCode": 58, "lines": "2", "name": "Bellevue Downtown Station", "walkingMeters": 1136, "walkingSeconds": 848, "band": 15}]}, "geometry": {"type": "Point", "coordinates": [-122.2037277, 47.615612]}}, {"type": "Feature", "properties": {"id": "e4785303-0170-4060-bd40-a7a2ab14fdeb", "name": "abercrombie kids", "category": "clothes", "tags": ["clothes", "childrens"], "sources": ["overture"], "website": "https://www.abercrombie.com/shop/us/clothing-stores/US/Bellevue/WA/21670", "phone": "4254545998", "address": "156 Bellevue Sq", "stations": [{"stopCode": 58, "lines": "2", "name": "Bellevue Downtown Station", "walkingMeters": 1103, "walkingSeconds": 823, "band": 15}]}, "geometry": {"type": "Point", "coordinates": [-122.203392, 47.6148643]}}, {"type": "Feature", "properties": {"id": "93562c6e-069e-4e16-a781-7cecd903a1dc", "name": "Pandora Jewelry", "category": "jewelry", "tags": ["jewelry"], "sources": ["overture"], "website": "https://stores.pandora.net/wa/bellevue/pandora-jewelry-us03ee52c8.html", "phone": "4252868277", "address": "2088 Bellevue Sq"}, "geometry": {"type": "Point", "coordinates": [-122.2049713, 47.6160431]}}, {"type": "Feature", "properties": {"id": "49eef049-7392-40c8-b765-340bbca9a7cb", "name": "Clarks", "category": "shoes", "tags": ["shoes", "shoe"], "sources": ["overture"], "website": "http://www.clarksusa.com/", "phone": "4256371966", "address": "221 Bellevue Square Mall Bellevue Sq", "stations": [{"stopCode": 58, "lines": "2", "name": "Bellevue Downtown Station", "walkingMeters": 1162, "walkingSeconds": 837, "band": 15}]}, "geometry": {"type": "Point", "coordinates": [-122.2016449, 47.6125832]}}, {"type": "Feature", "properties": {"id": "669261b4-7986-41b8-af3b-064a731162ac", "name": "Clarks", "category": "shoes", "tags": ["shoes", "shoe"], "sources": ["overture"], "website": "https://www.clarksusa.com", "phone": "(425) 637-1966", "address": "231 Bellevue Sq"}, "geometry": {"type": "Point", "coordinates": [-122.2041702, 47.6158905]}}, {"type": "Feature", "properties": {"id": "cc0c418e-7292-4d96-bf8e-e61a607e4502", "name": "True Religion", "category": "clothes", "tags": ["clothes"], "sources": ["overture"], "website": "http://locations.truereligion.com/wa/bellevue/51042/", "phone": "(425) 453-5841", "address": "575 Bellevue Square"}, "geometry": {"type": "Point", "coordinates": [-122.2047958, 47.6164742]}}, {"type": "Feature", "properties": {"id": "1201ade3-9c52-42d1-89a5-30d27af6d48d", "name": "Tiffany & Co.", "category": "jewelry", "tags": ["jewelry"], "sources": ["overture"], "website": "https://www.tiffany.com", "phone": "14254518844", "address": "105 Bellevue Sq", "stations": [{"stopCode": 58, "lines": "2", "name": "Bellevue Downtown Station", "walkingMeters": 1099, "walkingSeconds": 820, "band": 15}, {"stopCode": 57, "lines": "2", "name": "East Main Station", "walkingMeters": 1163, "walkingSeconds": 868, "band": 15}]}, "geometry": {"type": "Point", "coordinates": [-122.201973, 47.6115723]}}, {"type": "Feature", "properties": {"id": "9c5b8012-9c83-40ee-8729-3904cdadefdd", "name": "Tiffany & Co.", "category": "jewelry", "tags": ["jewelry"], "sources": ["overture"], "website": "http://www.tiffany.com", "phone": "+14254518844", "address": "105 Bellevue Square"}, "geometry": {"type": "Point", "coordinates": [-122.2040482, 47.6165199]}}, {"type": "Feature", "properties": {"id": "5ace1293-4351-4080-b3e8-befa5ae4d373", "name": "bebe", "category": "clothes", "tags": ["clothes", "womens"], "sources": ["overture"], "website": "http://www.bebe.com/", "phone": "4254550352", "address": "144 Bellevue Sq #144"}, "geometry": {"type": "Point", "coordinates": [-122.2053528, 47.6155968]}}, {"type": "Feature", "properties": {"id": "25aadddb-3307-4fe8-88bb-259dfb6ccca3", "name": "Zebra Club", "category": "clothes", "tags": ["clothes"], "sources": ["overture"], "website": "http://www.zebraclub.com", "phone": "(425) 450-5542", "address": "249 Bellevue Sq", "stations": [{"stopCode": 58, "lines": "2", "name": "Bellevue Downtown Station", "walkingMeters": 1112, "walkingSeconds": 801, "band": 15}]}, "geometry": {"type": "Point", "coordinates": [-122.2038956, 47.6157379]}}, {"type": "Feature", "properties": {"id": "cbde53eb-645a-4918-aef7-42bc2662400c", "name": "Robbins Brothers Fine Jewelers", "category": "jewelry", "tags": ["jewelry"], "sources": ["overture"], "website": "https://www.robbinsbrothers.com", "phone": "14256357464", "address": "33 Bellevue Way NE", "stations": [{"stopCode": 57, "lines": "2", "name": "East Main Station", "walkingMeters": 1040, "walkingSeconds": 753, "band": 15}, {"stopCode": 58, "lines": "2", "name": "Bellevue Downtown Station", "walkingMeters": 1384, "walkingSeconds": 995, "band": 15}]}, "geometry": {"type": "Point", "coordinates": [-122.2018585, 47.610939]}}, {"type": "Feature", "properties": {"id": "90b18377-c9d9-4777-abff-5ea307fd792e", "name": "The Walking Company", "category": "shoes", "tags": ["shoes", "shoe"], "sources": ["overture"], "website": "http://thewalkingcompany.com", "phone": "(425) 453-3139", "address": "1036 Bellevue Sq", "stations": [{"stopCode": 58, "lines": "2", "name": "Bellevue Downtown Station", "walkingMeters": 1112, "walkingSeconds": 801, "band": 15}]}, "geometry": {"type": "Point", "coordinates": [-122.2038956, 47.6157379]}}, {"type": "Feature", "properties": {"id": "6acb096c-ef31-4a93-b7dd-5c61dcfcd3d5", "name": "Aerosoles", "category": "shoes", "tags": ["shoes", "shoe"], "sources": ["overture"], "website": "http://aerosoles.com/", "phone": "4254531388", "address": "179 Bellevue Sq", "stations": [{"stopCode": 58, "lines": "2", "name": "Bellevue Downtown Station", "walkingMeters": 1350, "walkingSeconds": 971, "band": 15}]}, "geometry": {"type": "Point", "coordinates": [-122.2047806, 47.6149025]}}, {"type": "Feature", "properties": {"id": "02f68011-813a-479f-85aa-10be8e313678", "name": "Jos. A. Bank", "category": "clothes", "tags": ["clothes", "mens"], "sources": ["overture"], "phone": "4254514414", "address": "929 Bellevue Way NE", "stations": [{"stopCode": 58, "lines": "2", "name": "Bellevue Downtown Station", "walkingMeters": 1264, "walkingSeconds": 911, "band": 15}]}, "geometry": {"type": "Point", "coordinates": [-122.2018051, 47.6188965]}}, {"type": "Feature", "properties": {"id": "6559c0bb-ec8e-461f-8841-6100087ea16c", "name": "Verizon Business Services", "category": "mobile_phone", "tags": ["mobile-phone", "mobile"], "sources": ["overture"], "website": "http://www.verizon.com/stores/washington/bellevue/bellevue-square-R00000328070?CMP=soc_m_p_bld_fbk_ot_23_11_dtr", "phone": "+18666444532", "address": "2077 Bellevue Sq"}, "geometry": {"type": "Point", "coordinates": [-122.2051315, 47.6158028]}}, {"type": "Feature", "properties": {"id": "51596093-f0fa-4080-b5d9-337429ae84b1", "name": "Hollister Co.", "category": "clothes", "tags": ["clothes"], "sources": ["overture"], "website": "http://www.hollisterco.com", "phone": "(425) 372-0018", "address": "148 Bellevue Sq", "stations": [{"stopCode": 58, "lines": "2", "name": "Bellevue Downtown Station", "walkingMeters": 1125, "walkingSeconds": 810, "band": 15}]}, "geometry": {"type": "Point", "coordinates": [-122.2036133, 47.6149063]}}, {"type": "Feature", "properties": {"id": "2bad2885-d588-4d8d-9706-c2b6215c48df", "name": "Disney Store", "category": "gift", "tags": ["gift"], "sources": ["overture"], "website": "https://stores.shopdisney.com/wa/bellevue/541/", "phone": "4254518300", "address": "172 Bellevue Sq", "stations": [{"stopCode": 58, "lines": "2", "name": "Bellevue Downtown Station", "walkingMeters": 959, "walkingSeconds": 691, "band": 15}]}, "geometry": {"type": "Point", "coordinates": [-122.2017059, 47.6157761]}}, {"type": "Feature", "properties": {"id": "4c5b5e32-a7eb-42a3-8145-2e113ae77f2f", "name": "Thomasville Home Furnishings", "category": "furniture", "tags": ["furniture"], "sources": ["overture"], "website": "https://www.urbaninteriors.com/contactus.inc?__cf_chl_jschl_tk__=73d7e7186bf1678e2bb8247bd2c0d09dfeeb68d2-1603494281-0-AfD1sAFIxOQw4CXJsioY06lPq_Ia662a91Ur3bihW5_AMWx3vszzm0drWKWVjONDJ4TO8AGDWj9YTvG8U", "phone": "+14256370888", "address": "700 Bellevue Way NE", "stations": [{"stopCode": 58, "lines": "2", "name": "Bellevue Downtown Station", "walkingMeters": 1040, "walkingSeconds": 749, "band": 15}]}, "geometry": {"type": "Point", "coordinates": [-122.2012329, 47.6169624]}}, {"type": "Feature", "properties": {"id": "467340d8-6474-4bc2-bc8c-493e544d663b", "name": "Gymboree", "category": "clothes", "tags": ["clothes", "childrens"], "sources": ["overture"], "website": "http://www.gymboree.com", "phone": "(425) 453-6938", "address": "256 Bellevue Sq", "stations": [{"stopCode": 58, "lines": "2", "name": "Bellevue Downtown Station", "walkingMeters": 1093, "walkingSeconds": 787, "band": 15}]}, "geometry": {"type": "Point", "coordinates": [-122.2036819, 47.6155968]}}, {"type": "Feature", "properties": {"id": "2b43db66-d45b-4053-b5a0-d763617b1caf", "name": "The Kraken Team Store", "category": "gift", "tags": ["gift", "souvenir"], "sources": ["overture"], "website": "https://www.nhl.com/kraken/fans/store", "phone": "(888) 316-0714", "address": "575 Bellevue Sq", "stations": [{"stopCode": 58, "lines": "2", "name": "Bellevue Downtown Station", "walkingMeters": 1389, "walkingSeconds": 999, "band": 15}]}, "geometry": {"type": "Point", "coordinates": [-122.2039566, 47.6155472]}}, {"type": "Feature", "properties": {"id": "3dd36188-80f1-4107-a20b-6f84b2ccacc8", "name": "American Eagle", "category": "clothes", "tags": ["clothes"], "sources": ["overture"], "website": "https://storelocations.ae.com/us/wa/bellevue/1065-bellevue-square.html", "phone": "+14254675912", "address": "1065 Bellevue Square"}, "geometry": {"type": "Point", "coordinates": [-122.2050858, 47.6153564]}}, {"type": "Feature", "properties": {"id": "c6c936c6-5990-4203-8a6e-0bbf13481630", "name": "Scan Design Furniture", "category": "furniture", "tags": ["furniture"], "sources": ["overture"], "website": "http://www.scan-design.com", "phone": "(425) 454-7200", "address": "10515 NE 6th St", "stations": [{"stopCode": 58, "lines": "2", "name": "Bellevue Downtown Station", "walkingMeters": 870, "walkingSeconds": 627, "band": 10}]}, "geometry": {"type": "Point", "coordinates": [-122.2005692, 47.6153488]}}, {"type": "Feature", "properties": {"id": "dd5b5053-b36c-4f90-9b0d-c30818be78f7", "name": "gorjana", "category": "jewelry", "tags": ["jewelry"], "sources": ["overture"], "website": "https://www.gorjana.com/pages/jewelry-store-bellevue-wa", "phone": "4252243202", "address": "232 Bellevue Sq", "stations": [{"stopCode": 58, "lines": "2", "name": "Bellevue Downtown Station", "walkingMeters": 1093, "walkingSeconds": 787, "band": 15}]}, "geometry": {"type": "Point", "coordinates": [-122.2014999, 47.6125221]}}, {"type": "Feature", "properties": {"id": "16785d11-a801-4df0-9498-d89235962ac6", "name": "Stride Rite", "category": "shoes", "tags": ["shoes", "shoe"], "sources": ["overture"], "website": "http://www.striderite.com/", "phone": "4254530101", "address": "# 188 Bellevue Square Mall", "stations": [{"stopCode": 57, "lines": "2", "name": "East Main Station", "walkingMeters": 1147, "walkingSeconds": 830, "band": 15}, {"stopCode": 58, "lines": "2", "name": "Bellevue Downtown Station", "walkingMeters": 1241, "walkingSeconds": 892, "band": 15}]}, "geometry": {"type": "Point", "coordinates": [-122.2014694, 47.6117249]}}, {"type": "Feature", "properties": {"id": "c6e9d700-f43d-4e84-99fb-e4e4dfc0a049", "name": "Stride Rite", "category": "shoes", "tags": ["shoes", "shoe"], "sources": ["overture"], "website": "https://www.striderite.com", "phone": "(425) 453-0101", "address": "575 Bellevue Sq", "stations": [{"stopCode": 58, "lines": "2", "name": "Bellevue Downtown Station", "walkingMeters": 1093, "walkingSeconds": 787, "band": 15}]}, "geometry": {"type": "Point", "coordinates": [-122.2032623, 47.6156311]}}, {"type": "Feature", "properties": {"id": "dcc766ab-f392-4ebe-bd20-53be3dd3ad0f", "name": "Born To Run-Barefoot Shoe Str", "category": "shoes", "tags": ["shoes", "shoe"], "sources": ["overture"], "phone": "4256981224", "address": "206 Bellevue Way NE", "stations": [{"stopCode": 58, "lines": "2", "name": "Bellevue Downtown Station", "walkingMeters": 1199, "walkingSeconds": 864, "band": 15}]}, "geometry": {"type": "Point", "coordinates": [-122.2015991, 47.6121788]}}, {"type": "Feature", "properties": {"id": "ec869c4b-202b-4d6b-8239-1980b50ea446", "name": "Trendy Fox Boutique", "category": "clothes", "tags": ["clothes", "womens"], "sources": ["overture"], "website": "http://www.shoptrendyfox.com", "phone": "+14254542391", "address": "211 Bellevue Way NE", "stations": [{"stopCode": 58, "lines": "2", "name": "Bellevue Downtown Station", "walkingMeters": 1270, "walkingSeconds": 915, "band": 15}]}, "geometry": {"type": "Point", "coordinates": [-122.2021103, 47.6123199]}}, {"type": "Feature", "properties": {"id": "51bef79f-13b5-41d9-9fe4-b8902794dce1", "name": "Alvin Goldfarb Jeweler", "category": "jewelry", "tags": ["jewelry"], "sources": ["overture"], "website": "https://www.agjeweler.com", "phone": "14254549393", "address": "305 Bellevue Way NE", "stations": [{"stopCode": 58, "lines": "2", "name": "Bellevue Downtown Station", "walkingMeters": 1121, "walkingSeconds": 808, "band": 15}]}, "geometry": {"type": "Point", "coordinates": [-122.2019424, 47.6130104]}}, {"type": "Feature", "properties": {"id": "0cea00f2-097d-4be4-a7bd-5162dc9586b2", "name": "AdvantaClean of the Eastside", "category": "doityourself", "tags": ["doityourself", "home", "improvement"], "sources": ["overture"], "website": "http://advantaclean.com/location/bellevue-wa", "phone": "4256490600", "address": "227 Bellevue Way NE #712", "stations": [{"stopCode": 58, "lines": "2", "name": "Bellevue Downtown Station", "walkingMeters": 1309, "walkingSeconds": 943, "band": 15}]}, "geometry": {"type": "Point", "coordinates": [-122.2022018, 47.6126709]}}, {"type": "Feature", "properties": {"id": "7eddbcad-64a6-4a39-974f-65958dab221a", "name": "Robert Graham", "category": "clothes", "tags": ["clothes"], "sources": ["overture"], "website": "https://www.robertgraham.us", "phone": "14254625716", "address": "227 Bellevue Sq", "stations": [{"stopCode": 58, "lines": "2", "name": "Bellevue Downtown Station", "walkingMeters": 1051, "walkingSeconds": 784, "band": 15}]}, "geometry": {"type": "Point", "coordinates": [-122.2021332, 47.6125755]}}, {"type": "Feature", "properties": {"id": "95cb615f-9442-46b5-9cd5-e781aa6dacea", "name": "Robert Graham", "category": "clothes", "tags": ["clothes"], "sources": ["overture"], "website": "http://www.robertgraham.us/", "phone": "+14254625716", "address": "227 Bellevue Square"}, "geometry": {"type": "Point", "coordinates": [-122.2039185, 47.6160355]}}, {"type": "Feature", "properties": {"id": "ae510b09-e1df-41b5-b2fb-bb7f9677d441", "name": "Heads Up Puzzles", "category": "toys", "tags": ["toys"], "sources": ["overture"], "website": "headsuppuzzles.com", "phone": "+18775540359", "address": "227 Bellevue Way Ne Ste 439", "stations": [{"stopCode": 58, "lines": "2", "name": "Bellevue Downtown Station", "walkingMeters": 1051, "walkingSeconds": 784, "band": 15}]}, "geometry": {"type": "Point", "coordinates": [-122.2021332, 47.6125755]}}, {"type": "Feature", "properties": {"id": "f176b431-f7be-46b7-87b1-070ae4a26aae", "name": "Movado Boutique", "category": "jewelry", "tags": ["jewelry"], "sources": ["overture"], "website": "https://www.movadocompanystore.com", "phone": "+14254545801", "address": "139 Bellevue Sq", "stations": [{"stopCode": 58, "lines": "2", "name": "Bellevue Downtown Station", "walkingMeters": 1060, "walkingSeconds": 791, "band": 15}]}, "geometry": {"type": "Point", "coordinates": [-122.2021561, 47.6124535]}}, {"type": "Feature", "properties": {"id": "5af80bd4-6327-41d4-8782-4752346a70c9", "name": "Smith & Main", "category": "clothes", "tags": ["clothes", "womens"], "sources": ["overture"], "website": "http://www.shopsmithandmain.com/", "phone": "+14255052604", "address": "37 103rd Ave NE", "stations": [{"stopCode": 57, "lines": "2", "name": "East Main Station", "walkingMeters": 1188, "walkingSeconds": 860, "band": 15}, {"stopCode": 58, "lines": "2", "name": "Bellevue Downtown Station", "walkingMeters": 1404, "walkingSeconds": 1011, "band": 15}]}, "geometry": {"type": "Point", "coordinates": [-122.2029266, 47.6111298]}}, {"type": "Feature", "properties": {"id": "28990f19-be37-478e-aaf1-3001cc55ff1f", "name": "J Chapa Hernandez Jewellers", "category": "jewelry", "tags": ["jewelry"], "sources": ["overture"], "website": "http://www.jchapahernandez.com/", "phone": "+14254510244", "address": "10246 Main St", "stations": [{"stopCode": 57, "lines": "2", "name": "East Main Station", "walkingMeters": 1123, "walkingSeconds": 811, "band": 15}]}, "geometry": {"type": "Point", "coordinates": [-122.2031937, 47.6102371]}}, {"type": "Feature", "properties": {"id": "4cc1abfa-8dee-4194-a0ea-25cc547eeeb3", "name": "Wee Tots Children's Store", "category": "toys", "tags": ["toys"], "sources": ["overture"], "website": "http://shopweetots.com", "phone": "(425) 502-7182", "address": "10245 Main St", "stations": [{"stopCode": 57, "lines": "2", "name": "East Main Station", "walkingMeters": 1138, "walkingSeconds": 818, "band": 15}]}, "geometry": {"type": "Point", "coordinates": [-122.2034683, 47.6100273]}}, {"type": "Feature", "properties": {"id": "6e7ddf29-aaf2-4ff8-ae22-42823ab31b4e", "name": "Glassybaby Bellevue", "category": "gift", "tags": ["gift"], "sources": ["overture"], "website": "https://www.glassybaby.com", "phone": "14252562927", "address": "10230 Main St", "stations": [{"stopCode": 57, "lines": "2", "name": "East Main Station", "walkingMeters": 1245, "walkingSeconds": 929, "band": 15}]}, "geometry": {"type": "Point", "coordinates": [-122.2034912, 47.610405]}}, {"type": "Feature", "properties": {"id": "225560ec-b4b2-4679-9ebc-a5de978bc2fd", "name": "Watson Kennedy Fine Life", "category": "gift", "tags": ["gift"], "sources": ["overture"], "phone": "+14254671142", "address": "10032 Main St"}, "geometry": {"type": "Point", "coordinates": [-122.205162, 47.6102905]}}, {"type": "Feature", "properties": {"id": "735a9be5-faab-4297-852e-93d63b63c839", "name": "Gin & The Banker", "category": "jewelry", "tags": ["jewelry"], "sources": ["overture"], "website": "https://www.ginandthebanker.com/", "phone": "+14254542280", "address": "10028 Main St"}, "geometry": {"type": "Point", "coordinates": [-122.2052002, 47.6102295]}}, {"type": "Feature", "properties": {"id": "b1be73a1-9625-4180-bf6b-985005beb4ee", "name": "Gordon James Fine Diamonds", "category": "jewelry", "tags": ["jewelry"], "sources": ["overture"], "website": "http://www.gordonjamesdiamonds.com/", "phone": "+14257774451", "address": "10133 Main St"}, "geometry": {"type": "Point", "coordinates": [-122.2045364, 47.6101265]}}, {"type": "Feature", "properties": {"id": "954a07cf-21c3-40f8-9b47-2471639616dd", "name": "Crystallia Inc", "category": "gift", "tags": ["gift"], "sources": ["overture"], "phone": "4254545687", "address": "4 102nd Ave Ne  # 201", "stations": [{"stopCode": 57, "lines": "2", "name": "East Main Station", "walkingMeters": 1290, "walkingSeconds": 963, "band": 15}]}, "geometry": {"type": "Point", "coordinates": [-122.2039948, 47.6103249]}}, {"type": "Feature", "properties": {"id": "66f3a628-7381-4d6d-b363-ae8ecf546263", "name": "Diamonds Inc.", "category": "jewelry", "tags": ["jewelry"], "sources": ["overture"], "website": "http://www.diamondsinc.com/", "phone": "4254541143", "address": "10204 Main St", "stations": [{"stopCode": 57, "lines": "2", "name": "East Main Station", "walkingMeters": 1172, "walkingSeconds": 846, "band": 15}]}, "geometry": {"type": "Point", "coordinates": [-122.2038422, 47.6103325]}}, {"type": "Feature", "properties": {"id": "f30daef4-b37b-455e-8162-a997516ceb42", "name": "J.Hilburn Stylist Studio", "category": "clothes", "tags": ["clothes", "mens"], "sources": ["overture"], "website": "http://www.jhilburn.com/", "phone": "+12063904260", "address": "10047 Main St"}, "geometry": {"type": "Point", "coordinates": [-122.2059402, 47.6101112]}}, {"type": "Feature", "properties": {"id": "29aee976-b2f7-4724-98ea-235f659f88dd", "name": "ECCO BELLEVUE", "category": "shoes", "tags": ["shoes", "shoe"], "sources": ["overture"], "website": "https://us.ecco.com/", "phone": "6033184179", "address": "2086 Bellevue Sq Ste 2086"}, "geometry": {"type": "Point", "coordinates": [-122.2053909, 47.6159706]}}, {"type": "Feature", "properties": {"id": "77441be8-2367-4698-8057-50c56146ddcf", "name": "Etam Lingerie", "category": "clothes", "tags": ["clothes"], "sources": ["overture"], "website": "https://us.etam.com", "phone": "(425) 455-5800", "address": "100 Bellevue Ave E", "stations": [{"stopCode": 58, "lines": "2", "name": "Bellevue Downtown Station", "walkingMeters": 1160, "walkingSeconds": 866, "band": 15}]}, "geometry": {"type": "Point", "coordinates": [-122.2039871, 47.6154022]}}, {"type": "Feature", "properties": {"id": "33260a5e-37c0-4fd9-8007-33bd5411694f", "name": "Kendra Scott", "category": "jewelry", "tags": ["jewelry"], "sources": ["overture"], "website": "https://www.kendrascott.com", "phone": "(425) 278-9521", "address": "179 Bellevue Sq"}, "geometry": {"type": "Point", "coordinates": [-122.2040787, 47.6152954]}}, {"type": "Feature", "properties": {"id": "20f1c5fe-3e5d-42d3-9a5d-866bcdea4763", "name": "Timberland", "category": "shoes", "tags": ["shoes", "shoe"], "sources": ["overture"], "website": "https://locations.timberland.com/", "phone": "4254534685", "address": "245 Bellevue Sq"}, "geometry": {"type": "Point", "coordinates": [-122.2040634, 47.615284]}}, {"type": "Feature", "properties": {"id": "1af04f0e-1cab-4898-8556-14c441db6f59", "name": "Monica Vinader", "category": "jewelry", "tags": ["jewelry"], "sources": ["overture"], "website": "https://www.monicavinader.com/stockists/details/nordstrom-bellevue", "phone": "(425) 455-5800", "address": "100 Bellevue Sq"}, "geometry": {"type": "Point", "coordinates": [-122.2041931, 47.6165695]}}, {"type": "Feature", "properties": {"id": "b88b42d8-1464-42cb-be5e-507ef854f1f0", "name": "Canada Goose Bellevue", "category": "clothes", "tags": ["clothes"], "sources": ["overture"], "website": "https://www.canadagoose.com/us/en/home-page?y_source=1_Mjg0OTA4MTMtNTU5LWxvY2F0aW9uLndlYnNpdGU%3D", "phone": "+14258006229", "address": "111 Bellevue Square"}, "geometry": {"type": "Point", "coordinates": [-122.2042542, 47.6159897]}}, {"type": "Feature", "properties": {"id": "29528c35-c81f-4897-a0a8-c823c01310ed", "name": "Diane Von Furstenberg", "category": "clothes", "tags": ["clothes", "womens"], "sources": ["overture"], "website": "http://www.dvf.com/", "phone": "4254057960", "address": "122 Bellevue Sq"}, "geometry": {"type": "Point", "coordinates": [-122.2041092, 47.615799]}}, {"type": "Feature", "properties": {"id": "bc544593-9aba-46de-8a84-ea07b11e4498", "name": "Brighton Collectibles", "category": "jewelry", "tags": ["jewelry"], "sources": ["overture"], "website": "http://www.brighton.com", "phone": "(425) 462-5112", "address": "241 Bellevue Sq", "stations": [{"stopCode": 58, "lines": "2", "name": "Bellevue Downtown Station", "walkingMeters": 1112, "walkingSeconds": 801, "band": 15}]}, "geometry": {"type": "Point", "coordinates": [-122.2038956, 47.6157379]}}, {"type": "Feature", "properties": {"id": "1eede9dc-0b5c-4a7e-86b0-a4db25828567", "name": "Yankee Candle", "category": "gift", "tags": ["gift"], "sources": ["overture"], "website": "http://www.yankeecandle.com", "phone": "(425) 455-8238", "address": "215 Bellevue Sq", "stations": [{"stopCode": 58, "lines": "2", "name": "Bellevue Downtown Station", "walkingMeters": 1112, "walkingSeconds": 801, "band": 15}]}, "geometry": {"type": "Point", "coordinates": [-122.2038956, 47.6157379]}}, {"type": "Feature", "properties": {"id": "3f7ee6d6-de08-4720-bbbd-a9c9233b983b", "name": "BOSS Store - Bellevue", "category": "clothes", "tags": ["clothes", "mens"], "sources": ["overture"], "website": "http://www.hugoboss.com/us/boss-store-109-bellevue-square-suite-190-bellevue-wa/?utm_source=YEXT&utm_medium=website_url", "phone": "+14254534845", "address": "109 Bellevue Square Ste #109"}, "geometry": {"type": "Point", "coordinates": [-122.2040939, 47.6163025]}}, {"type": "Feature", "properties": {"id": "451ccb69-8584-435b-8d35-8f79f28f5d82", "name": "Lacoste", "category": "clothes", "tags": ["clothes"], "sources": ["overture"], "website": "http://shop.lacoste.com", "phone": "(425) 454-6100", "address": "110 Bellevue Sq"}, "geometry": {"type": "Point", "coordinates": [-122.2040634, 47.6161118]}}, {"type": "Feature", "properties": {"id": "ed3ee3f5-17a8-4bfe-bbb5-cb97de98111d", "name": "ABLAJ Bellevue", "category": "clothes", "tags": ["clothes"], "sources": ["overture"], "website": "http://www.Ablaj.com/", "phone": "+14255909691", "address": "192 Bellevue Sq", "stations": [{"stopCode": 58, "lines": "2", "name": "Bellevue Downtown Station", "walkingMeters": 1313, "walkingSeconds": 945, "band": 15}]}, "geometry": {"type": "Point", "coordinates": [-122.2046814, 47.6170998]}}, {"type": "Feature", "properties": {"id": "4134519d-2d90-4a3f-91e4-2d73e8ed97fe", "name": "Icebreaker", "category": "clothes", "tags": ["clothes"], "sources": ["overture"], "website": "https://www.icebreaker.com/en/home", "phone": "+14254670113", "address": "129 Bellevue Square"}, "geometry": {"type": "Point", "coordinates": [-122.2047272, 47.6160889]}}, {"type": "Feature", "properties": {"id": "f0b01491-e7ac-4b2b-a286-01895efd0bfc", "name": "Armani Exchange", "category": "clothes", "tags": ["clothes"], "sources": ["overture"], "website": "http://www.armaniexchange.com/", "phone": "(425) 586-0113", "address": "1045 Bellevue Sq"}, "geometry": {"type": "Point", "coordinates": [-122.204628, 47.6156654]}}, {"type": "Feature", "properties": {"id": "2d37ae02-c0c6-4951-840f-d33892e01206", "name": "Domino Shoes", "category": "shoes", "tags": ["shoes", "shoe"], "sources": ["overture"], "website": "http://www.dominoshoes.com/", "phone": "+14254170980", "address": "2042 Bellevue Square"}, "geometry": {"type": "Point", "coordinates": [-122.2048798, 47.6156845]}}, {"type": "Feature", "properties": {"id": "7a72e7ee-1514-479e-80f5-a38e2d563323", "name": "Marbles the brain store", "category": "toys", "tags": ["toys"], "sources": ["overture"], "website": "http://www.marblesthebrainstore.com", "address": "129 Bellevue Sq"}, "geometry": {"type": "Point", "coordinates": [-122.2048798, 47.6160698]}}, {"type": "Feature", "properties": {"id": "6f581856-754e-46fe-a2f7-0d6d0ce4f23e", "name": "Mephisto Shoes Bellevue", "category": "shoes", "tags": ["shoes", "shoe"], "sources": ["overture"], "website": "http://www.shoesnw.com/", "phone": "+14256357463", "address": "10218 NE 8th St", "stations": [{"stopCode": 58, "lines": "2", "name": "Bellevue Downtown Station", "walkingMeters": 1280, "walkingSeconds": 926, "band": 15}]}, "geometry": {"type": "Point", "coordinates": [-122.2038574, 47.6177368]}}, {"type": "Feature", "properties": {"id": "485fd636-f941-4a3e-9f99-e897880fe2a8", "name": "Pasta & Co - Bellevue", "category": "supermarket", "tags": ["supermarket", "italian", "american"], "sources": ["overture"], "website": "http://www.pastaco.com/", "phone": "+14254538760", "address": "10218 NE 8th St", "stations": [{"stopCode": 58, "lines": "2", "name": "Bellevue Downtown Station", "walkingMeters": 1199, "walkingSeconds": 895, "band": 15}]}, "geometry": {"type": "Point", "coordinates": [-122.2038345, 47.6176949]}}, {"type": "Feature", "properties": {"id": "40273bce-f159-473a-aab9-b9c4e402838d", "name": "CenturyLink Small Business", "category": "mobile_phone", "tags": ["mobile-phone", "mobile"], "sources": ["overture"], "website": "http://www.centurylink.com/small-business/products/simple-business-internet", "phone": "+14254520010", "address": "10200 NE 10th St"}, "geometry": {"type": "Point", "coordinates": [-122.2039871, 47.6194801]}}, {"type": "Feature", "properties": {"id": "390128a6-7d25-4a7d-926c-4acc9f2d7eb8", "name": "Karan Dannenberg Clothier", "category": "clothes", "tags": ["clothes", "womens"], "sources": ["overture"], "website": "https://karandannenberg.com", "phone": "14254536846", "address": "10500 Ne 8th St  Ste 105", "stations": [{"stopCode": 58, "lines": "2", "name": "Bellevue Downtown Station", "walkingMeters": 1077, "walkingSeconds": 776, "band": 15}]}, "geometry": {"type": "Point", "coordinates": [-122.2005692, 47.617897]}}, {"type": "Feature", "properties": {"id": "7be0187b-151b-4207-bdb4-36ff9f0b8fd2", "name": "Hny Food Corporation", "category": "supermarket", "tags": ["supermarket"], "sources": ["overture"], "address": "10500 Ne 8th St Ste 218", "stations": [{"stopCode": 58, "lines": "2", "name": "Bellevue Downtown Station", "walkingMeters": 913, "walkingSeconds": 681, "band": 15}]}, "geometry": {"type": "Point", "coordinates": [-122.2005692, 47.617897]}}, {"type": "Feature", "properties": {"id": "08592891-dcae-4450-8dbf-524a4858781e", "name": "Asia Hiwave City", "category": "supermarket", "tags": ["supermarket"], "sources": ["overture"], "website": "https://www.bellevueasianfoods.com", "phone": "14254531688", "address": "1075 Bellevue Way Ne  Ste B7"}, "geometry": {"type": "Point", "coordinates": [-122.2028122, 47.6199188]}}, {"type": "Feature", "properties": {"id": "585b1b2c-a219-4560-b362-3747fb2fdecb", "name": "Destination Maternity", "category": "clothes", "tags": ["clothes", "womens"], "sources": ["overture"], "website": "https://stores.destinationmaternity.com/us/wa/bellevue/10300-a-ne-8th-street", "phone": "(425) 458-2885", "address": "10300A NE 8th St", "stations": [{"stopCode": 58, "lines": "2", "name": "Bellevue Downtown Station", "walkingMeters": 1094, "walkingSeconds": 816, "band": 15}]}, "geometry": {"type": "Point", "coordinates": [-122.2026672, 47.6177483]}}, {"type": "Feature", "properties": {"id": "7fcf53cd-5194-4e3f-b392-80f45af90292", "name": "Del-teet Furniture Inc", "category": "furniture", "tags": ["furniture"], "sources": ["overture"], "website": "https://delteet.com", "phone": "14254625400", "address": "10308 NE 10th St"}, "geometry": {"type": "Point", "coordinates": [-122.2026749, 47.6194916]}}, {"type": "Feature", "properties": {"id": "8e8c0878-4090-42a0-b96d-b8a886497a93", "name": "New Balance", "category": "shoes", "tags": ["shoes", "shoe"], "sources": ["overture"], "website": "http://www.newbalance.com/", "phone": "+14254548542", "address": "823 Bellevue Sq", "stations": [{"stopCode": 58, "lines": "2", "name": "Bellevue Downtown Station", "walkingMeters": 1183, "walkingSeconds": 852, "band": 15}]}, "geometry": {"type": "Point", "coordinates": [-122.2022629, 47.6178741]}}, {"type": "Feature", "properties": {"id": "87289bf8-6f67-4168-96d5-71f3ca3ef9e5", "name": "COS", "category": "clothes", "tags": ["clothes"], "sources": ["overture"], "website": "http://www.cos.com/?utm_source=overture_location&utm_medium=organic&utm_campaign=US0784", "phone": "+1-855-842-1818", "address": "1033 Bellevue Square", "stations": [{"stopCode": 58, "lines": "2", "name": "Bellevue Downtown Station", "walkingMeters": 1112, "walkingSeconds": 801, "band": 15}]}, "geometry": {"type": "Point", "coordinates": [-122.2037277, 47.6157265]}}, {"type": "Feature", "properties": {"id": "1f5d152f-4200-4bd3-bda9-3c36eed3a4bd", "name": "Johnston & Murphy", "category": "clothes", "tags": ["clothes"], "sources": ["overture"], "website": "http://www.johnstonmurphy.com", "phone": "(425) 451-8570", "address": "2032 Bellevue Sq", "stations": [{"stopCode": 58, "lines": "2", "name": "Bellevue Downtown Station", "walkingMeters": 1093, "walkingSeconds": 787, "band": 15}]}, "geometry": {"type": "Point", "coordinates": [-122.2036591, 47.6155701]}}, {"type": "Feature", "properties": {"id": "93165e7f-388a-497f-9f1a-c54dd203b8af", "name": "Lorna Jane - Bellevue Square", "category": "clothes", "tags": ["clothes", "womens"], "sources": ["overture"], "website": "https://www.lornajane.com/", "phone": "4254548563", "address": "575 Bellevue Sq #1085", "stations": [{"stopCode": 58, "lines": "2", "name": "Bellevue Downtown Station", "walkingMeters": 1106, "walkingSeconds": 797, "band": 15}]}, "geometry": {"type": "Point", "coordinates": [-122.2031174, 47.616188]}}, {"type": "Feature", "properties": {"id": "85d93989-3253-4fed-b959-31d511347fe9", "name": "BOSS Menswear Store", "category": "clothes", "tags": ["clothes"], "sources": ["overture"], "website": "https://www.hugoboss.com/us/storedetail?storeid=9923153", "address": "109 Bellevue Sq., Ste #109", "stations": [{"stopCode": 58, "lines": "2", "name": "Bellevue Downtown Station", "walkingMeters": 1070, "walkingSeconds": 799, "band": 15}]}, "geometry": {"type": "Point", "coordinates": [-122.203064, 47.6154442]}}, {"type": "Feature", "properties": {"id": "87eec341-b75e-4ff8-8547-2d21ee5f689a", "name": "David Yurman", "category": "jewelry", "tags": ["jewelry"], "sources": ["overture"], "website": "https://www.davidyurman.com/stores/bellevue-bellevue-square.html", "phone": "4258008555", "address": "139 Bellevue Square", "stations": [{"stopCode": 58, "lines": "2", "name": "Bellevue Downtown Station", "walkingMeters": 1095, "walkingSeconds": 788, "band": 15}]}, "geometry": {"type": "Point", "coordinates": [-122.2035675, 47.6153374]}}, {"type": "Feature", "properties": {"id": "7633bc3b-fea1-444a-98a7-32a546c4041d", "name": "Motherhood Maternity", "category": "clothes", "tags": ["clothes"], "sources": ["overture"], "website": "http://www.motherhood.com", "phone": "(425) 454-1355", "address": "2020 Bellevue Sq", "stations": [{"stopCode": 58, "lines": "2", "name": "Bellevue Downtown Station", "walkingMeters": 1095, "walkingSeconds": 788, "band": 15}]}, "geometry": {"type": "Point", "coordinates": [-122.2036057, 47.6153793]}}, {"type": "Feature", "properties": {"id": "5ad1ef20-5110-4942-a095-4642ec73a428", "name": "Levi's Store", "category": "clothes", "tags": ["clothes"], "sources": ["overture"], "website": "https://locations.levi.com/en-us/wa/bellevue/denim_bellevue_wa_602.html", "phone": "+14255225011", "address": "163 Bellevue Square", "stations": [{"stopCode": 58, "lines": "2", "name": "Bellevue Downtown Station", "walkingMeters": 1095, "walkingSeconds": 788, "band": 15}]}, "geometry": {"type": "Point", "coordinates": [-122.2036972, 47.6152191]}}, {"type": "Feature", "properties": {"id": "ee7d8577-595c-4e87-9c4d-f5f9af800f38", "name": "Soft Surroundings", "category": "furniture", "tags": ["furniture"], "sources": ["overture"], "website": "https://www.softsurroundings.com/stores/bellevue-square/", "phone": "(425) 214-7055", "address": "2027 Bellevue Way Southeast", "stations": [{"stopCode": 58, "lines": "2", "name": "Bellevue Downtown Station", "walkingMeters": 1108, "walkingSeconds": 798, "band": 15}]}, "geometry": {"type": "Point", "coordinates": [-122.203598, 47.6150818]}}, {"type": "Feature", "properties": {"id": "bde2a531-16bb-4e40-a1d8-07d6d805a8a1", "name": "UNIQLO Bellevue Collection", "category": "clothes", "tags": ["clothes"], "sources": ["overture"], "website": "http://www.uniqlo.com/us/stores/store-locations/bellevue-square.html", "phone": "+18554864756", "address": "2110 Bellevue Square", "stations": [{"stopCode": 58, "lines": "2", "name": "Bellevue Downtown Station", "walkingMeters": 1154, "walkingSeconds": 831, "band": 15}]}, "geometry": {"type": "Point", "coordinates": [-122.2034683, 47.6142387]}}, {"type": "Feature", "properties": {"id": "952b8a41-9738-4652-8659-a68ab573ae86", "name": "OFFLINE By Aerie", "category": "clothes", "tags": ["clothes"], "sources": ["overture"], "website": "https://storelocations.ae.com/us/wa/bellevue/03843-2048-bellevue-square.html", "address": "2048 Bellevue Square", "stations": [{"stopCode": 58, "lines": "2", "name": "Bellevue Downtown Station", "walkingMeters": 1012, "walkingSeconds": 755, "band": 15}]}, "geometry": {"type": "Point", "coordinates": [-122.2024689, 47.6154022]}}, {"type": "Feature", "properties": {"id": "2a05f7ad-0148-4fde-ac90-cb776e125f5c", "name": "Janie and Jack", "category": "clothes", "tags": ["clothes", "childrens"], "sources": ["overture"], "website": "http://www.janieandjack.com/", "phone": "+14256889879", "address": "151 Bellevue Sq", "stations": [{"stopCode": 58, "lines": "2", "name": "Bellevue Downtown Station", "walkingMeters": 1035, "walkingSeconds": 746, "band": 15}]}, "geometry": {"type": "Point", "coordinates": [-122.2024689, 47.615406]}}, {"type": "Feature", "properties": {"id": "d5caa654-75cd-49d9-8626-972c481c6d89", "name": "Steve Madden", "category": "shoes", "tags": ["shoes", "shoe"], "sources": ["overture"], "website": "https://www.stevemadden.com", "phone": "(425) 453-3054", "address": "188 Bellevue Sq", "stations": [{"stopCode": 58, "lines": "2", "name": "Bellevue Downtown Station", "walkingMeters": 971, "walkingSeconds": 699, "band": 15}]}, "geometry": {"type": "Point", "coordinates": [-122.2023926, 47.6155434]}}, {"type": "Feature", "properties": {"id": "1699b65e-2a0d-4755-9217-6da80ee924e4", "name": "Crate&kids", "category": "furniture", "tags": ["furniture"], "sources": ["overture"], "website": "https://www.crateandbarrel.com/stores/bellevue-square/str450", "phone": "+14256468900", "address": "555 Bellevue Square", "stations": [{"stopCode": 58, "lines": "2", "name": "Bellevue Downtown Station", "walkingMeters": 1016, "walkingSeconds": 732, "band": 15}]}, "geometry": {"type": "Point", "coordinates": [-122.2022095, 47.6152992]}}, {"type": "Feature", "properties": {"id": "b80f92c9-c31a-4994-8789-8ed903f30399", "name": "Bellevue Rare Coins", "category": "gift", "tags": ["gift"], "sources": ["overture"], "website": "http://www.bellevuerarecoins.com/", "phone": "+14254541283", "address": "321 Bellevue Way NE", "stations": [{"stopCode": 58, "lines": "2", "name": "Bellevue Downtown Station", "walkingMeters": 1073, "walkingSeconds": 774, "band": 15}]}, "geometry": {"type": "Point", "coordinates": [-122.2018814, 47.6134605]}}, {"type": "Feature", "properties": {"id": "1402636f-b28f-4c91-8587-3e6656dc7967", "name": "Urban Dogs", "category": "pet", "tags": ["pet"], "sources": ["overture"], "address": "575 Bellevue Sq", "stations": [{"stopCode": 58, "lines": "2", "name": "Bellevue Downtown Station", "walkingMeters": 1007, "walkingSeconds": 751, "band": 15}]}, "geometry": {"type": "Point", "coordinates": [-122.2020187, 47.6171341]}}, {"type": "Feature", "properties": {"id": "b7ed434f-69e4-4e44-b5ee-c667ab8b3277", "name": "House Of Hoops By Foot Locker", "category": "shoes", "tags": ["shoes", "shoe"], "sources": ["overture"], "website": "https://www.footlocker-inc.com", "phone": "+14254514929", "address": "575 Bellevue Sq", "stations": [{"stopCode": 58, "lines": "2", "name": "Bellevue Downtown Station", "walkingMeters": 1007, "walkingSeconds": 751, "band": 15}]}, "geometry": {"type": "Point", "coordinates": [-122.2020187, 47.6171341]}}, {"type": "Feature", "properties": {"id": "368e9111-1118-4d35-9abb-1e7fb80f5179", "name": "Henredon & Schoener", "category": "furniture", "tags": ["furniture"], "sources": ["overture"], "website": "http://www.henredonschoener.com", "phone": "(425) 454-9000", "address": "700 Bellevue Way NE", "stations": [{"stopCode": 58, "lines": "2", "name": "Bellevue Downtown Station", "walkingMeters": 1042, "walkingSeconds": 751, "band": 15}]}, "geometry": {"type": "Point", "coordinates": [-122.2015228, 47.6166916]}}, {"type": "Feature", "properties": {"id": "dfdc3de0-8c2f-4bb4-903c-87fa7980bbd6", "name": "Papillon", "category": "clothes", "tags": ["clothes", "womens"], "sources": ["overture"], "phone": "4254547324", "address": "10500 NE 8th St Ste 105", "stations": [{"stopCode": 58, "lines": "2", "name": "Bellevue Downtown Station", "walkingMeters": 1001, "walkingSeconds": 724, "band": 15}]}, "geometry": {"type": "Point", "coordinates": [-122.2005081, 47.617424]}}, {"type": "Feature", "properties": {"id": "5ff1f81e-579d-4325-bb30-2c75e95aa56f", "name": "Frederick & Nelson", "category": "clothes", "tags": ["clothes"], "sources": ["overture"], "address": "400 Bellevue Sq", "stations": [{"stopCode": 58, "lines": "2", "name": "Bellevue Downtown Station", "walkingMeters": 854, "walkingSeconds": 637, "band": 10}]}, "geometry": {"type": "Point", "coordinates": [-122.2008057, 47.6146355]}}, {"type": "Feature", "properties": {"id": "b7ea79c3-4cd6-4b8e-a16a-0adde2acec91", "name": "Bcbgmaxazria At Macy's", "category": "clothes", "tags": ["clothes", "womens"], "sources": ["overture"], "website": "http://www.bcbg.com", "phone": "+14254557340", "address": "400 Bellevue Sq", "stations": [{"stopCode": 58, "lines": "2", "name": "Bellevue Downtown Station", "walkingMeters": 854, "walkingSeconds": 637, "band": 10}]}, "geometry": {"type": "Point", "coordinates": [-122.2008057, 47.6146355]}}, {"type": "Feature", "properties": {"id": "4e4af930-64d2-4a65-a142-c9f45d437207", "name": "Pok\u00e9mon", "category": "toys", "tags": ["toys"], "sources": ["overture"], "website": "https://www.pokemon.com/us/about-pokemon/", "phone": "+14252296242", "address": "10400 NE 4th St", "stations": [{"stopCode": 58, "lines": "2", "name": "Bellevue Downtown Station", "walkingMeters": 869, "walkingSeconds": 649, "band": 10}]}, "geometry": {"type": "Point", "coordinates": [-122.2008438, 47.614109]}}, {"type": "Feature", "properties": {"id": "55f39c1c-8cd2-47ab-b1ae-a43d213974a4", "name": "Everyvine", "category": "wine", "tags": ["wine", "winery"], "sources": ["overture"], "website": "https://www.everyvine.com", "address": "10400 Ne 4th St  Ste 2210", "stations": [{"stopCode": 58, "lines": "2", "name": "Bellevue Downtown Station", "walkingMeters": 868, "walkingSeconds": 648, "band": 10}]}, "geometry": {"type": "Point", "coordinates": [-122.2008286, 47.6140938]}}, {"type": "Feature", "properties": {"id": "1d558589-d93b-4d9a-9c52-bcecd1e5e8f1", "name": "Neoh Usa", "category": "supermarket", "tags": ["supermarket"], "sources": ["overture"], "website": "https://www.neoh.com", "address": "10400 NE 4th St", "stations": [{"stopCode": 58, "lines": "2", "name": "Bellevue Downtown Station", "walkingMeters": 868, "walkingSeconds": 648, "band": 10}]}, "geometry": {"type": "Point", "coordinates": [-122.2008286, 47.6140938]}}, {"type": "Feature", "properties": {"id": "ee95041b-527c-40b9-8b1a-41a6ec67336f", "name": "Needs LTD", "category": "deli", "tags": ["deli", "delicatessen"], "sources": ["overture"], "website": "http://ckcps.com", "phone": "(425) 646-7222", "address": "10500 NE 8th St", "stations": [{"stopCode": 58, "lines": "2", "name": "Bellevue Downtown Station", "walkingMeters": 878, "walkingSeconds": 655, "band": 15}]}, "geometry": {"type": "Point", "coordinates": [-122.2001266, 47.6179619]}}, {"type": "Feature", "properties": {"id": "95eabb61-04fe-4299-a0b8-765207e1f7d8", "name": "Needs Deli", "category": "deli", "tags": ["deli", "delicatessen", "breakfast-and-brunch"], "sources": ["overture"], "website": "http://ckcps.com", "phone": "+14256467222", "address": "575 Bellevue Way NE", "stations": [{"stopCode": 58, "lines": "2", "name": "Bellevue Downtown Station", "walkingMeters": 1075, "walkingSeconds": 774, "band": 15}]}, "geometry": {"type": "Point", "coordinates": [-122.2004776, 47.618042]}}, {"type": "Feature", "properties": {"id": 4188509494, "name": "Overlake Medical Clinics", "category": "clinic", "tags": ["clinic", "wheelchair-accessible"], "sources": ["osm"], "website": "https://www.overlakehospital.org/locations/overlake-clinics-primary-care-bellevue-downtown", "phone": "+1-425-635-6350", "address": "10223 Northeast 10th Street", "hours": "Mo-Fr 07:00-18:00"}, "geometry": {"type": "Point", "coordinates": [-122.2032203, 47.6188801]}}, {"type": "Feature", "properties": {"id": 5338127021, "name": "Care Clinic", "category": "clinic", "tags": ["clinic"], "sources": ["osm"]}, "geometry": {"type": "Point", "coordinates": [-122.2058754, 47.6180058]}}, {"type": "Feature", "properties": {"id": "d39eef9b-2cb8-4a44-95a7-005561c08350", "name": "Bartell Drugs", "category": "pharmacy", "tags": ["pharmacy"], "sources": ["overture"], "website": "https://www.bartelldrugs.com/store/bellevue-village/", "phone": "+14254543111", "address": "10116 NE 8th St"}, "geometry": {"type": "Point", "coordinates": [-122.2055435, 47.6179543]}}, {"type": "Feature", "properties": {"id": "db58da6d-c218-4d76-bb6c-3e695c430058", "name": "Dermatology Arts", "category": "hospital", "tags": ["hospital"], "sources": ["overture"], "website": "http://dermatologyarts.com", "phone": "(425) 753-2918", "address": "1414 116th Avenue NE, Ste. E"}, "geometry": {"type": "Point", "coordinates": [-122.204155, 47.6184349]}}, {"type": "Feature", "properties": {"id": 697212586, "name": "Bank of America", "category": "bank", "tags": ["bank"], "sources": ["osm"]}, "geometry": {"type": "Point", "coordinates": [-122.2048252, 47.6184746]}}, {"type": "Feature", "properties": {"id": 3651436228, "name": "KeyBank", "category": "bank", "tags": ["bank"], "sources": ["osm"]}, "geometry": {"type": "Point", "coordinates": [-122.2020296, 47.6198091]}}, {"type": "Feature", "properties": {"id": "ec0832c4-352e-4721-909f-ebb354ccc5ab", "name": "U.S. Bank", "category": "bank", "tags": ["bank", "credit", "union"], "sources": ["overture"], "website": "https://www.usbank.com/locations", "phone": "4256350399", "address": "10425 NE 8th St", "stations": [{"stopCode": 58, "lines": "2", "name": "Bellevue Downtown Station", "walkingMeters": 1062, "walkingSeconds": 767, "band": 15}]}, "geometry": {"type": "Point", "coordinates": [-122.2013092, 47.617363]}}, {"type": "Feature", "properties": {"id": 30832059, "name": "Chase", "category": "bank", "tags": ["bank"], "sources": ["osm"], "website": "https://locator.chase.com/wa/bellevue/123-bellevue-way-ne", "phone": "+1-425-590-4030", "address": "123 Bellevue Way Northeast", "hours": "Mo-Fr 09:00-17:00; Sa 09:00-13:00; Su closed", "stations": [{"stopCode": 57, "lines": "2", "name": "East Main Station", "walkingMeters": 1176, "walkingSeconds": 851, "band": 15}, {"stopCode": 58, "lines": "2", "name": "Bellevue Downtown Station", "walkingMeters": 1273, "walkingSeconds": 915, "band": 15}]}, "geometry": {"type": "Point", "coordinates": [-122.2019272, 47.6118052]}}, {"type": "Feature", "properties": {"id": 2686121568, "name": "BECU", "category": "bank", "tags": ["bank"], "sources": ["osm"], "address": "200 Bellevue Way Northeast", "hours": "Mo-Fr 09:00-18:00; Sa 09:00-13:00", "stations": [{"stopCode": 57, "lines": "2", "name": "East Main Station", "walkingMeters": 1171, "walkingSeconds": 841, "band": 15}, {"stopCode": 58, "lines": "2", "name": "Bellevue Downtown Station", "walkingMeters": 1184, "walkingSeconds": 853, "band": 15}]}, "geometry": {"type": "Point", "coordinates": [-122.2013116, 47.6122102]}}, {"type": "Feature", "properties": {"id": 295399822, "name": "WaFd Bank", "category": "bank", "tags": ["bank", "wheelchair-accessible"], "sources": ["osm"], "address": "10001 Northeast 8th Street"}, "geometry": {"type": "Point", "coordinates": [-122.2067904, 47.6172025]}}, {"type": "Feature", "properties": {"id": 3073271289, "name": "Columbia Bank", "category": "bank", "tags": ["bank", "credit", "union"], "sources": ["osm", "overture"], "website": "https://locations.umpquabank.com/wa/bellevue/1000-bellevue-way-ne", "phone": "4254549212", "address": "1000 Bellevue Way NE", "stations": [{"stopCode": 58, "lines": "2", "name": "Bellevue Downtown Station", "walkingMeters": 1352, "walkingSeconds": 974, "band": 15}]}, "geometry": {"type": "Point", "coordinates": [-122.2012502, 47.6196288]}}, {"type": "Feature", "properties": {"id": "09da69d8-60cd-4d1c-b338-8c97ae536f87", "name": "Columbia Bank", "category": "bank", "tags": ["bank", "credit", "union"], "sources": ["overture"], "website": "https://locations.umpquabank.com/wa/bellevue/95-102nd-ave-ne", "phone": "4254527323", "address": "95 102nd Ave NE"}, "geometry": {"type": "Point", "coordinates": [-122.2041702, 47.6111565]}}, {"type": "Feature", "properties": {"id": "ebad35a7-36b7-45e7-b4f1-08fcd297f072", "name": "Heritage Bank", "category": "bank", "tags": ["bank", "credit", "union"], "sources": ["overture"], "website": "https://local.heritagebanknw.com/wa/bellevue/10500-ne-8th-street", "phone": "+14254552400", "address": "10500 NE 8th St Ste 1500", "stations": [{"stopCode": 58, "lines": "2", "name": "Bellevue Downtown Station", "walkingMeters": 1065, "walkingSeconds": 768, "band": 15}]}, "geometry": {"type": "Point", "coordinates": [-122.2004776, 47.6179581]}}, {"type": "Feature", "properties": {"id": 3928038755, "name": "Fidelity Investments", "category": "bank", "tags": ["bank", "wheelchair-accessible"], "sources": ["osm"], "hours": "Mo-Fr 08:30-17:00; Sa-Su off", "stations": [{"stopCode": 58, "lines": "2", "name": "Bellevue Downtown Station", "walkingMeters": 1005, "walkingSeconds": 724, "band": 15}]}, "geometry": {"type": "Point", "coordinates": [-122.2003158, 47.6175885]}}, {"type": "Feature", "properties": {"id": 11500556109, "name": "HSBC", "category": "bank", "tags": ["bank"], "sources": ["osm"], "address": "196 Bellevue Way Northeast", "stations": [{"stopCode": 57, "lines": "2", "name": "East Main Station", "walkingMeters": 1153, "walkingSeconds": 828, "band": 15}, {"stopCode": 58, "lines": "2", "name": "Bellevue Downtown Station", "walkingMeters": 1214, "walkingSeconds": 873, "band": 15}]}, "geometry": {"type": "Point", "coordinates": [-122.2012829, 47.611864]}}, {"type": "Feature", "properties": {"id": 6313239765, "name": "FedEx Office", "category": "post_office", "tags": ["post-office"], "sources": ["osm"], "stations": [{"stopCode": 57, "lines": "2", "name": "East Main Station", "walkingMeters": 1077, "walkingSeconds": 774, "band": 15}, {"stopCode": 58, "lines": "2", "name": "Bellevue Downtown Station", "walkingMeters": 1355, "walkingSeconds": 975, "band": 15}]}, "geometry": {"type": "Point", "coordinates": [-122.200676, 47.6104176]}}, {"type": "Feature", "properties": {"id": 11280454228, "name": "Bank of Hope", "category": "bank", "tags": ["bank", "credit", "union"], "sources": ["osm", "overture"], "website": "https://www.bankofhope.com/", "phone": "4258921488", "address": "10430 NE 10th St.", "stations": [{"stopCode": 58, "lines": "2", "name": "Bellevue Downtown Station", "walkingMeters": 1220, "walkingSeconds": 879, "band": 15}]}, "geometry": {"type": "Point", "coordinates": [-122.2006241, 47.6194183]}}, {"type": "Feature", "properties": {"id": "856bcbee-bc61-4967-9e4a-420ecd02640f", "name": "Bank of America ATM", "category": "bank", "tags": ["bank", "credit", "union"], "sources": ["overture"], "website": "https://locators.bankofamerica.com/wa/bellevue/atm-bellevue-100605.html", "phone": "8444018500", "address": "Bellevue Square Mall", "stations": [{"stopCode": 58, "lines": "2", "name": "Bellevue Downtown Station", "walkingMeters": 1113, "walkingSeconds": 831, "band": 15}]}, "geometry": {"type": "Point", "coordinates": [-122.2034836, 47.615715]}}, {"type": "Feature", "properties": {"id": "da107b0d-5492-4240-8a66-d631601c703b", "name": "Washington Trust Bank", "category": "bank", "tags": ["bank", "credit", "union"], "sources": ["overture"], "website": "https://locations.watrust.com/wa/bellevue/46/", "phone": "4257095500", "address": "10500 NE 8th St Ste 1100", "stations": [{"stopCode": 58, "lines": "2", "name": "Bellevue Downtown Station", "walkingMeters": 1014, "walkingSeconds": 731, "band": 15}]}, "geometry": {"type": "Point", "coordinates": [-122.2003326, 47.617424]}}, {"type": "Feature", "properties": {"id": "b5681fd8-9cea-4fb3-a0ca-cbdd0842eee3", "name": "Bank of America Financial Center", "category": "bank", "tags": ["bank", "credit", "union"], "sources": ["overture"], "website": "https://locators.bankofamerica.com/wa/bellevue/financial-centers-bellevue-950.html", "phone": "2065856430", "address": "10116 NE 8th St"}, "geometry": {"type": "Point", "coordinates": [-122.2049103, 47.6184425]}}, {"type": "Feature", "properties": {"id": "eee73b0e-ec6e-4109-9743-b26246532849", "name": "U.S. Bank ATM", "category": "bank", "tags": ["bank", "credit", "union"], "sources": ["overture"], "website": "http://www.usbank.com/locations", "phone": "8008722657", "address": "10425 NE 8th St", "stations": [{"stopCode": 58, "lines": "2", "name": "Bellevue Downtown Station", "walkingMeters": 912, "walkingSeconds": 681, "band": 15}]}, "geometry": {"type": "Point", "coordinates": [-122.2008896, 47.6173592]}}, {"type": "Feature", "properties": {"id": "5f2ee5f7-169f-4857-917c-0eb56f596c5a", "name": "HSBC Bank", "category": "bank", "tags": ["bank", "credit", "union"], "sources": ["overture"], "website": "https://www.us.hsbc.com/", "phone": "8009754722", "address": "821 Bellevue Way NE", "stations": [{"stopCode": 58, "lines": "2", "name": "Bellevue Downtown Station", "walkingMeters": 1166, "walkingSeconds": 844, "band": 15}]}, "geometry": {"type": "Point", "coordinates": [-122.2023468, 47.617794]}}, {"type": "Feature", "properties": {"id": "327383f1-586d-43d8-9cb5-324ab704d62d", "name": "Sandra Ramsey - Heritage Bank", "category": "bank", "tags": ["bank", "credit", "union"], "sources": ["overture"], "website": "https://local.heritagebanknw.com/wa/bellevue/10500-ne-8th-street/sandra-ramsey", "phone": "4253944460", "address": "10500 NE 8th St Ste 1500", "stations": [{"stopCode": 58, "lines": "2", "name": "Bellevue Downtown Station", "walkingMeters": 1014, "walkingSeconds": 731, "band": 15}]}, "geometry": {"type": "Point", "coordinates": [-122.2005386, 47.6174622]}}, {"type": "Feature", "properties": {"id": "15df5444-2851-4e5c-ba59-e0a4d4c0333b", "name": "Rob Raile - Heritage Bank", "category": "bank", "tags": ["bank", "credit", "union"], "sources": ["overture"], "website": "https://local.heritagebanknw.com/wa/bellevue/10500-ne-8th-street/rob-raile", "phone": "4259985471", "address": "10500 NE 8th St Ste 1500", "stations": [{"stopCode": 58, "lines": "2", "name": "Bellevue Downtown Station", "walkingMeters": 1014, "walkingSeconds": 731, "band": 15}]}, "geometry": {"type": "Point", "coordinates": [-122.2005386, 47.6174622]}}, {"type": "Feature", "properties": {"id": "4d934172-7f1c-475e-b886-fc14a9d42dc6", "name": "Michael Tibbits - Heritage Bank", "category": "bank", "tags": ["bank", "credit", "union"], "sources": ["overture"], "website": "https://local.heritagebanknw.com/wa/bellevue/10500-ne-8th-street/michael-tibbits", "phone": "4254672044", "address": "10500 NE 8th St Ste 1500", "stations": [{"stopCode": 58, "lines": "2", "name": "Bellevue Downtown Station", "walkingMeters": 1014, "walkingSeconds": 731, "band": 15}]}, "geometry": {"type": "Point", "coordinates": [-122.2005386, 47.6174622]}}, {"type": "Feature", "properties": {"id": "a93c057f-4fbf-46c3-a56b-2575c3db5357", "name": "Mike Arellano - Heritage Bank", "category": "bank", "tags": ["bank", "credit", "union"], "sources": ["overture"], "phone": "4256373907", "address": "10500 NE 8th St Ste 1500", "stations": [{"stopCode": 58, "lines": "2", "name": "Bellevue Downtown Station", "walkingMeters": 1014, "walkingSeconds": 731, "band": 15}]}, "geometry": {"type": "Point", "coordinates": [-122.2005386, 47.6174622]}}, {"type": "Feature", "properties": {"id": "cb729c14-3eff-48f3-a8fe-cee0d2752e40", "name": "Jason Hollaway - Heritage Bank", "category": "bank", "tags": ["bank", "credit", "union"], "sources": ["overture"], "website": "https://local.heritagebanknw.com/wa/bellevue/10500-ne-8th-street/jason-hollaway", "phone": "4256373915", "address": "10500 NE 8th St Ste 1500", "stations": [{"stopCode": 58, "lines": "2", "name": "Bellevue Downtown Station", "walkingMeters": 1014, "walkingSeconds": 731, "band": 15}]}, "geometry": {"type": "Point", "coordinates": [-122.2005386, 47.6174622]}}, {"type": "Feature", "properties": {"id": "bb95035e-618d-41ab-a45c-05df83703a9e", "name": "Aaron Moraca-Savva - Heritage Bank", "category": "bank", "tags": ["bank", "credit", "union"], "sources": ["overture"], "phone": "4254672009", "address": "10500 NE 8th St Ste 1500", "stations": [{"stopCode": 58, "lines": "2", "name": "Bellevue Downtown Station", "walkingMeters": 1014, "walkingSeconds": 731, "band": 15}]}, "geometry": {"type": "Point", "coordinates": [-122.2005386, 47.6174622]}}, {"type": "Feature", "properties": {"id": "74a237d0-2f93-4e42-a818-6c2e312f44b9", "name": "Porter Advisory Group", "category": "bank", "tags": ["bank", "credit", "union"], "sources": ["overture"], "website": "https://www.porteradvisorygroup.com/", "phone": "4257658991", "address": "10400 NE 4th St Ste 500", "stations": [{"stopCode": 58, "lines": "2", "name": "Bellevue Downtown Station", "walkingMeters": 1004, "walkingSeconds": 724, "band": 15}]}, "geometry": {"type": "Point", "coordinates": [-122.2013092, 47.6136703]}}, {"type": "Feature", "properties": {"id": 31537858, "name": "Orangetheory Fitness", "category": "fitness_centre", "tags": ["fitness-centre", "gym"], "sources": ["osm", "overture"], "website": "https://www.orangetheory.com/en-us/locations/bellevue-washington-0578?utm_medium=seo&utm_source=fb&utm_term=corporate&utm_campaign=soci", "phone": "+12067859190", "address": "30 Bellevue Way NE", "stations": [{"stopCode": 57, "lines": "2", "name": "East Main Station", "walkingMeters": 1195, "walkingSeconds": 860, "band": 15}, {"stopCode": 58, "lines": "2", "name": "Bellevue Downtown Station", "walkingMeters": 1474, "walkingSeconds": 1060, "band": 15}]}, "geometry": {"type": "Point", "coordinates": [-122.201205, 47.6107801]}}, {"type": "Feature", "properties": {"id": 4188507099, "name": "CorePower Yoga", "category": "fitness_centre", "tags": ["fitness-centre", "yoga"], "sources": ["osm"], "address": "10307 Northeast 10th Street"}, "geometry": {"type": "Point", "coordinates": [-122.2028753, 47.6191036]}}, {"type": "Feature", "properties": {"id": 4849029106, "name": "SoulCycle", "category": "fitness_centre", "tags": ["fitness-centre", "cycling", "wheelchair-accessible"], "sources": ["osm"], "address": "10470 Northeast 4th Street", "stations": [{"stopCode": 58, "lines": "2", "name": "Bellevue Downtown Station", "walkingMeters": 935, "walkingSeconds": 672, "band": 10}]}, "geometry": {"type": "Point", "coordinates": [-122.2005884, 47.6140435]}}, {"type": "Feature", "properties": {"id": 5603371512, "name": "Nancy Wallace Pilates", "category": "fitness_centre", "tags": ["fitness-centre"], "sources": ["osm"], "address": "990 102nd Avenue Northeast"}, "geometry": {"type": "Point", "coordinates": [-122.2037387, 47.6187028]}}, {"type": "Feature", "properties": {"id": 10931808589, "name": "Bellevue Pickleball Club", "category": "sports_centre", "tags": ["sports-centre"], "sources": ["osm"], "address": "44 Bellevue Way Northeast", "hours": "06:00-24:00", "stations": [{"stopCode": 57, "lines": "2", "name": "East Main Station", "walkingMeters": 1022, "walkingSeconds": 735, "band": 15}, {"stopCode": 58, "lines": "2", "name": "Bellevue Downtown Station", "walkingMeters": 1303, "walkingSeconds": 937, "band": 15}]}, "geometry": {"type": "Point", "coordinates": [-122.2006599, 47.610903]}}, {"type": "Feature", "properties": {"id": 11214249972, "name": "Topgolf Swing Suite", "category": "sports_centre", "tags": ["sports-centre", "golf"], "sources": ["osm"], "stations": [{"stopCode": 58, "lines": "2", "name": "Bellevue Downtown Station", "walkingMeters": 1080, "walkingSeconds": 778, "band": 15}]}, "geometry": {"type": "Point", "coordinates": [-122.2012926, 47.6170359]}}, {"type": "Feature", "properties": {"id": "7d6ae02c-e87a-4635-b2f2-60f7b2812b14", "name": "23 Fit Club", "category": "fitness_centre", "tags": ["fitness-centre", "gym"], "sources": ["overture"], "website": "http://23fitclub.com", "phone": "(425) 659-5623", "address": "10620 NE 8th St"}, "geometry": {"type": "Point", "coordinates": [-122.2033157, 47.6190109]}}, {"type": "Feature", "properties": {"id": 1326151814, "name": "TruFusion", "category": "fitness_centre", "tags": ["fitness-centre", "yoga", "pilates", "barre", "bootcamp", "trx", "total-resistance-exercises", "boxing", "hiit", "high-intensity-interval-training"], "sources": ["osm"], "website": "https://trufusion.com/bellevue", "phone": "+1-425-362-6956", "address": "500 Bellevue Way Northeast", "hours": "Mo-Th 06:00-21:00; Fr 06:00-20:00; Sa 08:30-14:30; Su 08:30-14:30", "stations": [{"stopCode": 58, "lines": "2", "name": "Bellevue Downtown Station", "walkingMeters": 1048, "walkingSeconds": 753, "band": 15}]}, "geometry": {"type": "Point", "coordinates": [-122.201269, 47.6144331]}}, {"type": "Feature", "properties": {"id": "d4fed00c-61cb-49e3-aa5c-38facf342615", "name": "First Street Fitness", "category": "swimming_pool", "tags": ["swimming-pool", "swimming", "pool"], "sources": ["overture"], "website": "http://fitnesstechnology.net", "phone": "(425) 450-8870", "address": "10001 NE 1st St"}, "geometry": {"type": "Point", "coordinates": [-122.2064896, 47.6108437]}}, {"type": "Feature", "properties": {"id": "96c37249-82fc-4814-90f5-148c7fd0b0b3", "name": "Bellevue Pilates", "category": "fitness_centre", "tags": ["fitness-centre", "pilates", "studio"], "sources": ["overture"], "website": "http://www.bellevuepilates.com/", "phone": "+14256468400", "address": "990 102nd Ave NE"}, "geometry": {"type": "Point", "coordinates": [-122.2036743, 47.6188011]}}, {"type": "Feature", "properties": {"id": "33230fff-7baa-4b5e-8fb4-3fa6fb6e8b85", "name": "CorePower Yoga - Bellevue", "category": "fitness_centre", "tags": ["fitness-centre", "yoga", "studio"], "sources": ["overture"], "website": "https://www.corepoweryoga.com/yoga-studios/wa/seattle/bellevue", "phone": "+18334482561", "address": "10307 NE 10th St"}, "geometry": {"type": "Point", "coordinates": [-122.2028656, 47.6190872]}}, {"type": "Feature", "properties": {"id": "e7af7b82-4e24-4f56-b7dc-b5cec323f0a2", "name": "TruFusion Bellevue", "category": "fitness_centre", "tags": ["fitness-centre", "gym"], "sources": ["overture"], "website": "https://trufusion.com/bellevue/", "phone": "+14253626956", "address": "500 Bellevue Way NE #230", "stations": [{"stopCode": 58, "lines": "2", "name": "Bellevue Downtown Station", "walkingMeters": 912, "walkingSeconds": 681, "band": 10}]}, "geometry": {"type": "Point", "coordinates": [-122.201416, 47.6147194]}}, {"type": "Feature", "properties": {"id": "e4377754-48b8-4511-bb5e-7989bb079d7c", "name": "Tempo", "category": "fitness_centre", "tags": ["fitness-centre", "fitness", "trainer"], "sources": ["overture"], "phone": "+14255029532", "address": "575 Bellevue Sq Ste Bellevue", "stations": [{"stopCode": 58, "lines": "2", "name": "Bellevue Downtown Station", "walkingMeters": 1007, "walkingSeconds": 751, "band": 15}]}, "geometry": {"type": "Point", "coordinates": [-122.2020187, 47.6171341]}}, {"type": "Feature", "properties": {"id": "cd94992b-9952-459d-a05a-0f79cf28b464", "name": "Fit Gym", "category": "fitness_centre", "tags": ["fitness-centre", "gym"], "sources": ["overture"], "address": "10455 NE 5th Pl", "stations": [{"stopCode": 58, "lines": "2", "name": "Bellevue Downtown Station", "walkingMeters": 947, "walkingSeconds": 683, "band": 10}]}, "geometry": {"type": "Point", "coordinates": [-122.2008286, 47.6146355]}}, {"type": "Feature", "properties": {"id": "e72f7ce7-e55e-4611-adea-32d5442dc484", "name": "CrossFit Amped", "category": "fitness_centre", "tags": ["fitness-centre", "gym"], "sources": ["overture"], "website": "http://www.crossfitamped.com/", "phone": "4252477963", "address": "1001 106th Ave NE", "stations": [{"stopCode": 58, "lines": "2", "name": "Bellevue Downtown Station", "walkingMeters": 1219, "walkingSeconds": 878, "band": 15}]}, "geometry": {"type": "Point", "coordinates": [-122.2001266, 47.6197243]}}]}