{"type": "FeatureCollection", "features": [{"type": "Feature", "properties": {"id": 2159323005, "name": "Domino's", "category": "fast_food", "tags": ["fast-food", "pizza", "indoor-seating", "takeaway", "delivery"], "sources": ["osm"], "website": "https://pizza.dominos.com/washington/seattle/1427-broadway", "phone": "+1-206-860-9900", "address": "1427 Broadway", "hours": "Mo-Th 10:00-01:00; Fr-Sa 10:00-02:00; Su 10:00-24:00", "stations": [{"stopCode": 49, "lines": "1,2", "name": "Capitol Hill Station", "walkingMeters": 660, "walkingSeconds": 475, "band": 10}]}, "geometry": {"type": "Point", "coordinates": [-122.3209747, 47.6136903]}}, {"type": "Feature", "properties": {"id": "d513dcf8-7da8-4b5b-bc5e-f70d318aaa99", "name": "Starbucks", "category": "cafe", "tags": ["cafe", "coffee"], "sources": ["overture"], "website": "https://www.starbucks.com/store-locator/store/1010100", "phone": "+12063409068", "address": "1730 Minor Ave 150", "stations": [{"stopCode": 50, "lines": "1,2", "name": "Westlake Station", "walkingMeters": 812, "walkingSeconds": 594, "band": 15}, {"stopCode": 49, "lines": "1,2", "name": "Capitol Hill Station", "walkingMeters": 1020, "walkingSeconds": 740, "band": 15}]}, "geometry": {"type": "Point", "coordinates": [-122.3298874, 47.6171303]}}, {"type": "Feature", "properties": {"id": "e56b79b1-44c2-4bb1-b17f-b26a258eb1f4", "name": "Starbucks", "category": "cafe", "tags": ["cafe", "coffee"], "sources": ["overture"], "phone": "2062541336", "address": "1301 Madison St (First Hill II)", "stations": [{"stopCode": 49, "lines": "1,2", "name": "Capitol Hill Station", "walkingMeters": 1086, "walkingSeconds": 786, "band": 15}]}, "geometry": {"type": "Point", "coordinates": [-122.3225174, 47.6104469]}}, {"type": "Feature", "properties": {"id": "61ce6135-84df-4856-892f-aef2dceb905f", "name": "Starbucks", "category": "cafe", "tags": ["cafe", "coffee"], "sources": ["overture"], "phone": "2062641607", "address": "600 E Pine St Pacific Pl", "stations": [{"stopCode": 49, "lines": "1,2", "name": "Capitol Hill Station", "walkingMeters": 719, "walkingSeconds": 519, "band": 10}]}, "geometry": {"type": "Point", "coordinates": [-122.3243179, 47.6152306]}}, {"type": "Feature", "properties": {"id": "e75453b4-1f55-4f23-890e-3d03c52afc83", "name": "Starbucks", "category": "cafe", "tags": ["cafe", "coffee"], "sources": ["overture"], "website": "https://www.starbucks.com/store-locator/store/14203", "phone": "2068603818", "address": "1401 Broadway", "stations": [{"stopCode": 49, "lines": "1,2", "name": "Capitol Hill Station", "walkingMeters": 659, "walkingSeconds": 474, "band": 10}]}, "geometry": {"type": "Point", "coordinates": [-122.3211212, 47.6138573]}}, {"type": "Feature", "properties": {"id": "58b537cb-378c-46c5-ad3a-1924e7d79bb9", "name": "Starbucks", "category": "cafe", "tags": ["cafe", "coffee"], "sources": ["overture"], "phone": "2065685185", "address": "1600 E Olive Way E Olive Way", "stations": [{"stopCode": 49, "lines": "1,2", "name": "Capitol Hill Station", "walkingMeters": 475, "walkingSeconds": 341, "band": 5}]}, "geometry": {"type": "Point", "coordinates": [-122.324852, 47.619278]}}, {"type": "Feature", "properties": {"id": 356551808, "name": "Carmelo\u2019s Tacos", "category": "restaurant", "tags": ["restaurant", "tacos"], "sources": ["osm"], "website": "https://carmelostacos.com/", "address": "101 Broadway East", "stations": [{"stopCode": 49, "lines": "1,2", "name": "Capitol Hill Station", "walkingMeters": 99, "walkingSeconds": 71, "band": 5}]}, "geometry": {"type": "Point", "coordinates": [-122.3210607, 47.6188627]}}, {"type": "Feature", "properties": {"id": "aedca416-d4b1-43eb-bb77-f2b18bbca4c5", "name": "Carmelos Tacos", "category": "restaurant", "tags": ["restaurant", "mexican", "taco", "latin-american"], "sources": ["overture"], "phone": "+12066590159", "address": "110 Summit Ave E", "stations": [{"stopCode": 49, "lines": "1,2", "name": "Capitol Hill Station", "walkingMeters": 456, "walkingSeconds": 328, "band": 5}]}, "geometry": {"type": "Point", "coordinates": [-122.3251419, 47.618824]}}, {"type": "Feature", "properties": {"id": 1735704790, "name": "Garlic Crush", "category": "fast_food", "tags": ["fast-food", "mediterranean", "indoor-seating", "restaurant", "bar-and-grill"], "sources": ["osm", "overture"], "website": "http://www.garliccrush.com", "phone": "+12068603989", "address": "1417 Broadway", "hours": "Mo-Su 11:30-22:30", "stations": [{"stopCode": 49, "lines": "1,2", "name": "Capitol Hill Station", "walkingMeters": 667, "walkingSeconds": 480, "band": 10}]}, "geometry": {"type": "Point", "coordinates": [-122.3209773, 47.6136243]}}, {"type": "Feature", "properties": {"id": 2159323024, "name": "Pagliacci Pizza", "category": "restaurant", "tags": ["restaurant", "pizza", "vegetarian", "italian"], "sources": ["osm", "overture"], "website": "http://www.pagliacci.com/", "phone": "+12067261717", "address": "415 E Pike St", "hours": "Su-Th 11:00-22:00; Fr,Sa 11:00-23:00", "stations": [{"stopCode": 49, "lines": "1,2", "name": "Capitol Hill Station", "walkingMeters": 971, "walkingSeconds": 700, "band": 15}, {"stopCode": 50, "lines": "1,2", "name": "Westlake Station", "walkingMeters": 976, "walkingSeconds": 703, "band": 15}]}, "geometry": {"type": "Point", "coordinates": [-122.3260488, 47.6139305]}}, {"type": "Feature", "properties": {"id": 3696396468, "name": "Jimmy John's", "category": "fast_food", "tags": ["fast-food", "sandwich", "takeaway", "restaurant"], "sources": ["osm", "overture"], "website": "https://locations.jimmyjohns.com/wa/seattle/sandwiches-1347.html", "phone": "+12068121043", "address": "1221 Madison St", "hours": "Mo-Su 11:00-21:00", "stations": [{"stopCode": 49, "lines": "1,2", "name": "Capitol Hill Station", "walkingMeters": 1147, "walkingSeconds": 830, "band": 15}]}, "geometry": {"type": "Point", "coordinates": [-122.323017, 47.6100188]}}, {"type": "Feature", "properties": {"id": 2159322809, "name": "Top Pot Doughnuts", "category": "cafe", "tags": ["cafe", "donut", "coffee-shop", "outdoor-seating", "indoor-seating"], "sources": ["osm"], "website": "https://www.toppotdoughnuts.com/", "phone": "+1-206-708-7244", "address": "1206 Madison Street", "hours": "Mo-Fr 06:00-15:00; Sa-Su 07:00-15:00", "stations": [{"stopCode": 49, "lines": "1,2", "name": "Capitol Hill Station", "walkingMeters": 1191, "walkingSeconds": 858, "band": 15}]}, "geometry": {"type": "Point", "coordinates": [-122.323827, 47.6100591]}}, {"type": "Feature", "properties": {"id": "841771d6-b53f-4fc4-9605-62e2bfa93cb5", "name": "Caffe Vita", "category": "restaurant", "tags": ["restaurant"], "sources": ["overture"], "phone": "+12064024747", "address": "1215 Seneca St", "stations": [{"stopCode": 49, "lines": "1,2", "name": "Capitol Hill Station", "walkingMeters": 1193, "walkingSeconds": 890, "band": 15}]}, "geometry": {"type": "Point", "coordinates": [-122.3244858, 47.6113281]}}, {"type": "Feature", "properties": {"id": 1332014999, "name": "Donna's", "category": "bar", "tags": ["bar", "italian", "pasta"], "sources": ["osm", "overture"], "website": "http://donnasseattle.com/", "address": "1355 E Olive Way", "hours": "Mo-Su 16:00-02:00", "stations": [{"stopCode": 49, "lines": "1,2", "name": "Capitol Hill Station", "walkingMeters": 710, "walkingSeconds": 514, "band": 10}, {"stopCode": 50, "lines": "1,2", "name": "Westlake Station", "walkingMeters": 965, "walkingSeconds": 696, "band": 15}]}, "geometry": {"type": "Point", "coordinates": [-122.3275746, 47.6166381]}}, {"type": "Feature", "properties": {"id": 1332015004, "name": "Knee High Stocking Company", "category": "bar", "tags": ["bar", "filipino"], "sources": ["osm"], "address": "1356 East Olive Way", "stations": [{"stopCode": 49, "lines": "1,2", "name": "Capitol Hill Station", "walkingMeters": 692, "walkingSeconds": 499, "band": 10}, {"stopCode": 50, "lines": "1,2", "name": "Westlake Station", "walkingMeters": 1020, "walkingSeconds": 736, "band": 15}]}, "geometry": {"type": "Point", "coordinates": [-122.3274506, 47.6169643]}}, {"type": "Feature", "properties": {"id": 2159322971, "name": "Chipotle", "category": "fast_food", "tags": ["fast-food", "mexican", "indoor-seating", "takeaway", "vegetarian", "vegan"], "sources": ["osm"], "website": "https://locations.chipotle.com/wa/seattle/1415-broadway", "phone": "+1-206-512-3500", "address": "1415 Broadway", "hours": "Mo-Su 10:45-23:00", "stations": [{"stopCode": 49, "lines": "1,2", "name": "Capitol Hill Station", "walkingMeters": 695, "walkingSeconds": 500, "band": 10}]}, "geometry": {"type": "Point", "coordinates": [-122.3209713, 47.6133731]}}, {"type": "Feature", "properties": {"id": 206623301, "name": "Victrola Coffee Roasters", "category": "cafe", "tags": ["cafe", "coffee-shop", "outdoor-seating", "takeaway", "wheelchair-accessible", "coffee"], "sources": ["osm", "overture"], "website": "http://www.victrolacoffee.com", "phone": "+1-206-624-1725", "address": "310 E Pike St", "hours": "Mo-Su 07:00-18:00", "stations": [{"stopCode": 50, "lines": "1,2", "name": "Westlake Station", "walkingMeters": 877, "walkingSeconds": 632, "band": 15}, {"stopCode": 49, "lines": "1,2", "name": "Capitol Hill Station", "walkingMeters": 983, "walkingSeconds": 709, "band": 15}]}, "geometry": {"type": "Point", "coordinates": [-122.3272995, 47.6143299]}}, {"type": "Feature", "properties": {"id": "2046e666-8c80-4b22-91ef-0d08235bc77b", "name": "Genki Sushi", "category": "restaurant", "tags": ["restaurant", "sushi"], "sources": ["overture"], "website": "http://www.genkisushiusa.com", "phone": "(206) 257-4418", "address": "1620 Broadway", "stations": [{"stopCode": 49, "lines": "1,2", "name": "Capitol Hill Station", "walkingMeters": 414, "walkingSeconds": 298, "band": 5}]}, "geometry": {"type": "Point", "coordinates": [-122.3206482, 47.6156998]}}, {"type": "Feature", "properties": {"id": 1735589414, "name": "Spice Bliss", "category": "fast_food", "tags": ["fast-food", "indian", "indoor-seating", "takeaway", "restaurant"], "sources": ["osm", "overture"], "website": "http://www.spiceboxseattlewa.com/", "phone": "2062584135", "address": "1520 Broadway", "hours": "Mo-Su 11:00-03:00", "stations": [{"stopCode": 49, "lines": "1,2", "name": "Capitol Hill Station", "walkingMeters": 528, "walkingSeconds": 380, "band": 10}]}, "geometry": {"type": "Point", "coordinates": [-122.32057, 47.6146859]}}, {"type": "Feature", "properties": {"id": "5596a74d-470e-4aec-a59c-e6bcb7bf01fd", "name": "Panera Bread", "category": "cafe", "tags": ["cafe"], "sources": ["overture"], "website": "http://www.panerabread.com", "phone": "2063027634", "address": "1620 Broadway  Ste 100a", "stations": [{"stopCode": 49, "lines": "1,2", "name": "Capitol Hill Station", "walkingMeters": 457, "walkingSeconds": 341, "band": 5}]}, "geometry": {"type": "Point", "coordinates": [-122.3203888, 47.6158981]}}, {"type": "Feature", "properties": {"id": 2077248855, "name": "Hot Mama's Pizza", "category": "fast_food", "tags": ["fast-food", "pizza", "takeaway", "restaurant", "italian", "american"], "sources": ["osm", "overture"], "website": "http://www.hot-mamaspizza.com/", "phone": "+12063226444", "address": "700 E Pine St", "hours": "Mo-Th 11:00-23:00; Su 12:00-23:00; Fr,Sa 11:00-12:00", "stations": [{"stopCode": 49, "lines": "1,2", "name": "Capitol Hill Station", "walkingMeters": 639, "walkingSeconds": 459, "band": 10}]}, "geometry": {"type": "Point", "coordinates": [-122.323178, 47.6153574]}}, {"type": "Feature", "properties": {"id": 2077272323, "name": "Albacha Restaurant", "category": "restaurant", "tags": ["restaurant", "mediterranean", "wheelchair-accessible", "mexican"], "sources": ["osm", "overture"], "website": "https://www.albachabroadway.com/", "phone": "+12064135870", "address": "1833 Broadway", "hours": "10:00-24:00, Fr,Sa 10:00-27:00", "stations": [{"stopCode": 49, "lines": "1,2", "name": "Capitol Hill Station", "walkingMeters": 113, "walkingSeconds": 81, "band": 5}]}, "geometry": {"type": "Point", "coordinates": [-122.3211039, 47.6186155]}}, {"type": "Feature", "properties": {"id": 2077272324, "name": "Annapurna Cafe", "category": "restaurant", "tags": ["restaurant", "indian"], "sources": ["osm"], "website": "https://annapurnacafe.com/", "phone": "+1-206-320-7770", "address": "1831 Broadway", "hours": "Tu-Su 16:00-21:00; Mo off", "stations": [{"stopCode": 49, "lines": "1,2", "name": "Capitol Hill Station", "walkingMeters": 115, "walkingSeconds": 83, "band": 5}]}, "geometry": {"type": "Point", "coordinates": [-122.321079, 47.6185701]}}, {"type": "Feature", "properties": {"id": 2939935803, "name": "Emerald City Smoothie", "category": "fast_food", "tags": ["fast-food", "smoothie"], "sources": ["osm"], "address": "1620 Broadway", "hours": "Mo-Sa 09:00-19:00; Su 10:00-18:00", "stations": [{"stopCode": 49, "lines": "1,2", "name": "Capitol Hill Station", "walkingMeters": 402, "walkingSeconds": 289, "band": 5}]}, "geometry": {"type": "Point", "coordinates": [-122.3206158, 47.6158061]}}, {"type": "Feature", "properties": {"id": 4112849388, "name": "Ooink Ramen", "category": "restaurant", "tags": ["restaurant", "ramen", "outdoor-seating", "takeaway", "wheelchair-accessible", "vegetarian", "vegan"], "sources": ["osm"], "website": "https://www.ooinkramen.com", "phone": "+1-206-568-7669", "address": "1416 Harvard Avenue", "hours": "Su-Th 11:30-21:00; Fr-Sa 11:30-23:00", "stations": [{"stopCode": 49, "lines": "1,2", "name": "Capitol Hill Station", "walkingMeters": 651, "walkingSeconds": 469, "band": 10}]}, "geometry": {"type": "Point", "coordinates": [-122.3212698, 47.6139225]}}, {"type": "Feature", "properties": {"id": 2158667094, "name": "Rock Box", "category": "bar", "tags": ["bar"], "sources": ["osm"], "website": "https://rockboxseattle.com/", "address": "1603 Nagle Place", "stations": [{"stopCode": 49, "lines": "1,2", "name": "Capitol Hill Station", "walkingMeters": 399, "walkingSeconds": 287, "band": 5}]}, "geometry": {"type": "Point", "coordinates": [-122.3202129, 47.6154799]}}, {"type": "Feature", "properties": {"id": 2158667123, "name": "Hot Cakes", "category": "cafe", "tags": ["cafe", "dessert", "takeaway", "vegetarian"], "sources": ["osm"], "address": "1650 East Olive Way", "hours": "Mo-Th 16:00-23:00; Fr 16:00-24:00; Sa 15:00-24:00; Su 15:00-23:00", "stations": [{"stopCode": 49, "lines": "1,2", "name": "Capitol Hill Station", "walkingMeters": 388, "walkingSeconds": 279, "band": 5}]}, "geometry": {"type": "Point", "coordinates": [-122.323832, 47.6198759]}}, {"type": "Feature", "properties": {"id": 2158750457, "name": "Neighbours", "category": "bar", "tags": ["bar"], "sources": ["osm"], "address": "1509 Broadway", "stations": [{"stopCode": 49, "lines": "1,2", "name": "Capitol Hill Station", "walkingMeters": 575, "walkingSeconds": 414, "band": 10}]}, "geometry": {"type": "Point", "coordinates": [-122.3210341, 47.6144236]}}, {"type": "Feature", "properties": {"id": 2158750465, "name": "Insomnia Cookies", "category": "fast_food", "tags": ["fast-food", "dessert"], "sources": ["osm"], "website": "https://insomniacookies.com/store/broadway", "address": "1513 Broadway", "stations": [{"stopCode": 49, "lines": "1,2", "name": "Capitol Hill Station", "walkingMeters": 563, "walkingSeconds": 405, "band": 10}]}, "geometry": {"type": "Point", "coordinates": [-122.3210094, 47.6145348]}}, {"type": "Feature", "properties": {"id": 2158750503, "name": "Tea Addicts", "category": "cafe", "tags": ["cafe", "bubble-tea"], "sources": ["osm"], "website": "https://www.teaaddictsboba.com", "phone": "+1-206-466-6004", "address": "1527 Harvard Avenue", "hours": "Mo-Su 12:00-20:00", "stations": [{"stopCode": 49, "lines": "1,2", "name": "Capitol Hill Station", "walkingMeters": 629, "walkingSeconds": 453, "band": 10}]}, "geometry": {"type": "Point", "coordinates": [-122.3223378, 47.614812]}}, {"type": "Feature", "properties": {"id": 2158750515, "name": "Cafe Ashiana", "category": "restaurant", "tags": ["restaurant"], "sources": ["osm"], "address": "1601 Harvard Avenue", "stations": [{"stopCode": 49, "lines": "1,2", "name": "Capitol Hill Station", "walkingMeters": 578, "walkingSeconds": 416, "band": 10}]}, "geometry": {"type": "Point", "coordinates": [-122.3223714, 47.6153948]}}, {"type": "Feature", "properties": {"id": 2158750780, "name": "Life on Mars", "category": "bar", "tags": ["bar", "vegan", "cocktail"], "sources": ["osm", "overture"], "website": "http://lifeonmarsseattle.com/", "phone": "+12063239166", "address": "722 E Pike St", "hours": "Tu-We 16:00-23:00; Th 16:00-00:00; Fr 16:00-02:00; Sa 10:00-02:00; Su 10:00-23:00", "stations": [{"stopCode": 49, "lines": "1,2", "name": "Capitol Hill Station", "walkingMeters": 694, "walkingSeconds": 500, "band": 10}]}, "geometry": {"type": "Point", "coordinates": [-122.3222957, 47.6142279]}}, {"type": "Feature", "properties": {"id": 2158750790, "name": "a stir", "category": "restaurant", "tags": ["restaurant", "regional", "mediterranean", "outdoor-seating", "indoor-seating", "gluten-free"], "sources": ["osm", "overture"], "website": "http://astirseattle.com/", "phone": "+12063973564", "address": "818 E Pike St", "stations": [{"stopCode": 49, "lines": "1,2", "name": "Capitol Hill Station", "walkingMeters": 614, "walkingSeconds": 442, "band": 10}]}, "geometry": {"type": "Point", "coordinates": [-122.3210992, 47.6142084]}}, {"type": "Feature", "properties": {"id": 2158750791, "name": "Comebuytea", "category": "cafe", "tags": ["cafe", "tea"], "sources": ["osm"], "address": "824 East Pike Street", "stations": [{"stopCode": 49, "lines": "1,2", "name": "Capitol Hill Station", "walkingMeters": 600, "walkingSeconds": 432, "band": 10}]}, "geometry": {"type": "Point", "coordinates": [-122.3209901, 47.6142237]}}, {"type": "Feature", "properties": {"id": 2158768434, "name": "Zaika", "category": "restaurant", "tags": ["restaurant", "indian"], "sources": ["osm"], "website": "https://zaikaseattle.com", "address": "1100 Pike Street", "hours": "Mo-Su 11:00-14:30, 16:30-23:00", "stations": [{"stopCode": 50, "lines": "1,2", "name": "Westlake Station", "walkingMeters": 742, "walkingSeconds": 536, "band": 10}, {"stopCode": 51, "lines": "1,2", "name": "Symphony Station", "walkingMeters": 997, "walkingSeconds": 717, "band": 15}, {"stopCode": 49, "lines": "1,2", "name": "Capitol Hill Station", "walkingMeters": 1100, "walkingSeconds": 797, "band": 15}]}, "geometry": {"type": "Point", "coordinates": [-122.3288633, 47.6136753]}}, {"type": "Feature", "properties": {"id": 2158768439, "name": "Rumba", "category": "restaurant", "tags": ["restaurant", "caribbean", "latin-american"], "sources": ["osm", "overture"], "website": "http://www.rumbaonpike.com/", "phone": "+12065837177", "address": "1112 Pike St", "stations": [{"stopCode": 50, "lines": "1,2", "name": "Westlake Station", "walkingMeters": 770, "walkingSeconds": 555, "band": 15}, {"stopCode": 51, "lines": "1,2", "name": "Symphony Station", "walkingMeters": 1024, "walkingSeconds": 737, "band": 15}, {"stopCode": 49, "lines": "1,2", "name": "Capitol Hill Station", "walkingMeters": 1073, "walkingSeconds": 777, "band": 15}]}, "geometry": {"type": "Point", "coordinates": [-122.3285566, 47.6138049]}}, {"type": "Feature", "properties": {"id": 2158768453, "name": "Voodoo Doughnut", "category": "fast_food", "tags": ["fast-food", "donut", "takeaway", "wheelchair-accessible", "vegetarian", "vegan", "gluten-free"], "sources": ["osm"], "website": "https://voodoodoughnuti.com", "phone": "+1-206-309-5666", "address": "1201 Pine Street", "hours": "Su-Th 06:00-24:00; Fr-Sa 06:00-27:00", "stations": [{"stopCode": 50, "lines": "1,2", "name": "Westlake Station", "walkingMeters": 729, "walkingSeconds": 534, "band": 15}, {"stopCode": 49, "lines": "1,2", "name": "Capitol Hill Station", "walkingMeters": 961, "walkingSeconds": 697, "band": 15}, {"stopCode": 51, "lines": "1,2", "name": "Symphony Station", "walkingMeters": 1157, "walkingSeconds": 834, "band": 15}]}, "geometry": {"type": "Point", "coordinates": [-122.3285088, 47.6148431]}}, {"type": "Feature", "properties": {"id": 2158768458, "name": "Pho 4 U", "category": "restaurant", "tags": ["restaurant", "vietnamese"], "sources": ["osm"], "website": "https://www.pho4useattle.com", "address": "1202 Pine Street", "stations": [{"stopCode": 50, "lines": "1,2", "name": "Westlake Station", "walkingMeters": 747, "walkingSeconds": 539, "band": 15}, {"stopCode": 49, "lines": "1,2", "name": "Capitol Hill Station", "walkingMeters": 928, "walkingSeconds": 671, "band": 10}]}, "geometry": {"type": "Point", "coordinates": [-122.328613, 47.6151531]}}, {"type": "Feature", "properties": {"id": 2158768475, "name": "Lil Woody's", "category": "fast_food", "tags": ["fast-food", "burger", "restaurant"], "sources": ["osm", "overture"], "website": "https://www.lilwoodys.com", "phone": "12064574148", "address": "1211 Pine St", "hours": "Mo-Th,Su 11:00-21:00; Fr-Sa 11:00-23:00", "stations": [{"stopCode": 50, "lines": "1,2", "name": "Westlake Station", "walkingMeters": 754, "walkingSeconds": 552, "band": 15}, {"stopCode": 49, "lines": "1,2", "name": "Capitol Hill Station", "walkingMeters": 922, "walkingSeconds": 669, "band": 15}]}, "geometry": {"type": "Point", "coordinates": [-122.3281858, 47.614978]}}, {"type": "Feature", "properties": {"id": 2158768477, "name": "Cheese Room", "category": "restaurant", "tags": ["restaurant", "italian"], "sources": ["osm"], "website": "https://www.cheeseroomseattle.com", "address": "1215 Pine Street", "stations": [{"stopCode": 50, "lines": "1,2", "name": "Westlake Station", "walkingMeters": 780, "walkingSeconds": 571, "band": 15}, {"stopCode": 49, "lines": "1,2", "name": "Capitol Hill Station", "walkingMeters": 914, "walkingSeconds": 663, "band": 10}]}, "geometry": {"type": "Point", "coordinates": [-122.3280674, 47.6150274]}}, {"type": "Feature", "properties": {"id": 2158768478, "name": "La Cocina Oaxaquena", "category": "restaurant", "tags": ["restaurant", "mexican", "outdoor-seating", "indoor-seating", "has-bar", "latin-american"], "sources": ["osm", "overture"], "website": "http://lacocinaoaxaquena.com/", "phone": "+12066238226", "address": "1216 Pine St", "stations": [{"stopCode": 50, "lines": "1,2", "name": "Westlake Station", "walkingMeters": 792, "walkingSeconds": 572, "band": 15}, {"stopCode": 49, "lines": "1,2", "name": "Capitol Hill Station", "walkingMeters": 883, "walkingSeconds": 638, "band": 10}]}, "geometry": {"type": "Point", "coordinates": [-122.3281345, 47.6153901]}}, {"type": "Feature", "properties": {"id": 2158768484, "name": "Captain Blacks", "category": "bar", "tags": ["bar", "dive"], "sources": ["osm", "overture"], "website": "http://captainblacksseattle.com/", "address": "129 Belmont Ave E", "hours": "Mo-Th 16:00-26:00; Fr-Su 14:00-26:00", "stations": [{"stopCode": 49, "lines": "1,2", "name": "Capitol Hill Station", "walkingMeters": 425, "walkingSeconds": 306, "band": 5}]}, "geometry": {"type": "Point", "coordinates": [-122.3241849, 47.6193202]}}, {"type": "Feature", "properties": {"id": 2158768487, "name": "Bonito", "category": "cafe", "tags": ["cafe", "latin-american"], "sources": ["osm"], "address": "1351 East Olive Way", "stations": [{"stopCode": 49, "lines": "1,2", "name": "Capitol Hill Station", "walkingMeters": 719, "walkingSeconds": 521, "band": 10}, {"stopCode": 50, "lines": "1,2", "name": "Westlake Station", "walkingMeters": 956, "walkingSeconds": 690, "band": 15}]}, "geometry": {"type": "Point", "coordinates": [-122.327683, 47.6165918]}}, {"type": "Feature", "properties": {"id": 2158768490, "name": "Pie Bar", "category": "bar", "tags": ["bar", "cake", "cocktail"], "sources": ["osm", "overture"], "website": "http://www.piebarballard.com", "phone": "+12062571459", "address": "1361 E Olive Wy", "hours": "We-Su 17:30-02:00", "stations": [{"stopCode": 49, "lines": "1,2", "name": "Capitol Hill Station", "walkingMeters": 695, "walkingSeconds": 503, "band": 10}, {"stopCode": 50, "lines": "1,2", "name": "Westlake Station", "walkingMeters": 980, "walkingSeconds": 707, "band": 15}]}, "geometry": {"type": "Point", "coordinates": [-122.3273958, 47.6166974]}}, {"type": "Feature", "properties": {"id": 2158768499, "name": "Hula Hula", "category": "bar", "tags": ["bar", "outdoor-seating", "karaoke", "air-conditioned"], "sources": ["osm"], "website": "http://hulahula.org/", "phone": "+1-206-284-5003", "address": "1501 East Olive Way", "hours": "Mo-Su 16:00-02:00", "stations": [{"stopCode": 49, "lines": "1,2", "name": "Capitol Hill Station", "walkingMeters": 514, "walkingSeconds": 371, "band": 10}]}, "geometry": {"type": "Point", "coordinates": [-122.3259419, 47.6179198]}}, {"type": "Feature", "properties": {"id": 2158768500, "name": "Terra Plata", "category": "restaurant", "tags": ["restaurant", "regional", "outdoor-seating", "wifi", "american", "latin-american"], "sources": ["osm", "overture"], "website": "http://www.twitter.com/terraplata", "phone": "+12063251501", "address": "1501 Melrose Ave", "hours": "Mo-Sa 16:30-22:00, Su 16:30-21:00, Sa,Su 09:30-14:00", "stations": [{"stopCode": 50, "lines": "1,2", "name": "Westlake Station", "walkingMeters": 818, "walkingSeconds": 598, "band": 15}, {"stopCode": 49, "lines": "1,2", "name": "Capitol Hill Station", "walkingMeters": 985, "walkingSeconds": 714, "band": 15}, {"stopCode": 51, "lines": "1,2", "name": "Symphony Station", "walkingMeters": 1120, "walkingSeconds": 805, "band": 15}]}, "geometry": {"type": "Point", "coordinates": [-122.3280798, 47.6143873]}}, {"type": "Feature", "properties": {"id": 2158768504, "name": "Montana", "category": "bar", "tags": ["bar", "cocktail"], "sources": ["osm", "overture"], "website": "https://www.montanabar.org/", "phone": "+12063279362", "address": "1506 E Olive Way", "hours": "Mo-Su 16:00-02:00", "stations": [{"stopCode": 49, "lines": "1,2", "name": "Capitol Hill Station", "walkingMeters": 535, "walkingSeconds": 388, "band": 10}]}, "geometry": {"type": "Point", "coordinates": [-122.3262971, 47.6179414]}}, {"type": "Feature", "properties": {"id": 2158768509, "name": "Yalla", "category": "restaurant", "tags": ["restaurant", "middle-eastern", "takeaway", "wheelchair-accessible"], "sources": ["osm"], "website": "https://www.yallaseattle.com", "address": "1510 East Olive Way", "hours": "Th,Sa-Mo 11:00-21:00; Fr 11:00-22:00; Tu,We,PH off", "stations": [{"stopCode": 49, "lines": "1,2", "name": "Capitol Hill Station", "walkingMeters": 516, "walkingSeconds": 375, "band": 10}]}, "geometry": {"type": "Point", "coordinates": [-122.3261573, 47.6180814]}}, {"type": "Feature", "properties": {"id": 2158768515, "name": "Revolver Bar", "category": "bar", "tags": ["bar", "american"], "sources": ["osm", "overture"], "website": "http://www.revolverbarseattle.com/", "phone": "+12068607000", "address": "1514 E Olive Wy", "hours": "Mo-Su 16:00-02:00", "stations": [{"stopCode": 49, "lines": "1,2", "name": "Capitol Hill Station", "walkingMeters": 502, "walkingSeconds": 365, "band": 5}]}, "geometry": {"type": "Point", "coordinates": [-122.3260709, 47.6181916]}}, {"type": "Feature", "properties": {"id": 2158768545, "name": "Hillside Bar", "category": "bar", "tags": ["bar"], "sources": ["osm", "overture"], "website": "http://hillsidebar.com/", "phone": "+12068298694", "address": "1520 E Olive Wy", "hours": "Mo-Su 14:00-02:00", "stations": [{"stopCode": 49, "lines": "1,2", "name": "Capitol Hill Station", "walkingMeters": 488, "walkingSeconds": 355, "band": 5}]}, "geometry": {"type": "Point", "coordinates": [-122.3259852, 47.6183009]}}, {"type": "Feature", "properties": {"id": 2158768565, "name": "Dino's Tomato Pie", "category": "restaurant", "tags": ["restaurant", "pizza", "italian"], "sources": ["osm", "overture"], "website": "http://www.dinostomatopie.com/", "phone": "+12064031742", "address": "1524 E Olive Wy", "hours": "Tu,We,Su 16:00-24:00; Mo off, Th-Sa 16:00-02:00", "stations": [{"stopCode": 49, "lines": "1,2", "name": "Capitol Hill Station", "walkingMeters": 478, "walkingSeconds": 347, "band": 5}]}, "geometry": {"type": "Point", "coordinates": [-122.3259287, 47.6183874]}}, {"type": "Feature", "properties": {"id": 2158768581, "name": "Still Liquor", "category": "bar", "tags": ["bar"], "sources": ["osm", "overture"], "website": "http://www.stillliquor.com/", "phone": "+12064674075", "address": "1524 Minor Ave", "stations": [{"stopCode": 50, "lines": "1,2", "name": "Westlake Station", "walkingMeters": 760, "walkingSeconds": 556, "band": 15}, {"stopCode": 49, "lines": "1,2", "name": "Capitol Hill Station", "walkingMeters": 992, "walkingSeconds": 719, "band": 15}, {"stopCode": 51, "lines": "1,2", "name": "Symphony Station", "walkingMeters": 1149, "walkingSeconds": 827, "band": 15}]}, "geometry": {"type": "Point", "coordinates": [-122.3283112, 47.614602]}}, {"type": "Feature", "properties": {"id": 2158768603, "name": "Eggslut", "category": "restaurant", "tags": ["restaurant"], "sources": ["osm"], "address": "1531 Melrose Avenue", "stations": [{"stopCode": 50, "lines": "1,2", "name": "Westlake Station", "walkingMeters": 798, "walkingSeconds": 584, "band": 15}, {"stopCode": 49, "lines": "1,2", "name": "Capitol Hill Station", "walkingMeters": 932, "walkingSeconds": 676, "band": 15}]}, "geometry": {"type": "Point", "coordinates": [-122.3280652, 47.6148665]}}, {"type": "Feature", "properties": {"id": 2158768615, "name": "The Pine Box", "category": "pub", "tags": ["pub", "outdoor-seating", "bar"], "sources": ["osm", "overture"], "website": "http://www.pineboxbar.com/", "phone": "+12065880375", "address": "1600 Melrose Ave", "hours": "Su-We 15:00-24:00, Th-Sa 15:00-02:00", "stations": [{"stopCode": 50, "lines": "1,2", "name": "Westlake Station", "walkingMeters": 832, "walkingSeconds": 600, "band": 15}, {"stopCode": 49, "lines": "1,2", "name": "Capitol Hill Station", "walkingMeters": 849, "walkingSeconds": 614, "band": 10}]}, "geometry": {"type": "Point", "coordinates": [-122.3276703, 47.6154981]}}, {"type": "Feature", "properties": {"id": 2158768667, "name": "The Doctor's Office", "category": "bar", "tags": ["bar", "cocktail"], "sources": ["osm", "overture"], "website": "http://tdosea.com/", "phone": "+12067417428", "address": "1631 E Olive Wy", "stations": [{"stopCode": 49, "lines": "1,2", "name": "Capitol Hill Station", "walkingMeters": 426, "walkingSeconds": 306, "band": 5}]}, "geometry": {"type": "Point", "coordinates": [-122.3242875, 47.6194168]}}, {"type": "Feature", "properties": {"id": 2158768673, "name": "The Stumbling Monk", "category": "bar", "tags": ["bar", "indoor-seating"], "sources": ["osm"], "address": "1635 East Olive Way", "hours": "We-Sa 18:00-01:00; Su-Tu off", "stations": [{"stopCode": 49, "lines": "1,2", "name": "Capitol Hill Station", "walkingMeters": 410, "walkingSeconds": 294, "band": 5}]}, "geometry": {"type": "Point", "coordinates": [-122.3241621, 47.6194827]}}, {"type": "Feature", "properties": {"id": 2158768715, "name": "CC's Seattle", "category": "bar", "tags": ["bar"], "sources": ["osm"], "address": "1701 East Olive Way", "hours": "Mo-Sa 15:00-02:00, Su 13:00-24:00", "stations": [{"stopCode": 49, "lines": "1,2", "name": "Capitol Hill Station", "walkingMeters": 339, "walkingSeconds": 244, "band": 5}]}, "geometry": {"type": "Point", "coordinates": [-122.3233324, 47.6197166]}}, {"type": "Feature", "properties": {"id": 2158768718, "name": "Bar the Way", "category": "bar", "tags": ["bar"], "sources": ["osm"], "website": "http://barthewayseattle.com", "address": "1703 East Olive Way", "stations": [{"stopCode": 49, "lines": "1,2", "name": "Capitol Hill Station", "walkingMeters": 327, "walkingSeconds": 235, "band": 5}]}, "geometry": {"type": "Point", "coordinates": [-122.3231802, 47.6197359]}}, {"type": "Feature", "properties": {"id": 2158768823, "name": "Aamrai Indian Kitchen And Bar", "category": "restaurant", "tags": ["restaurant", "indian"], "sources": ["osm", "overture"], "website": "https://aamraiseattle.com/", "phone": "+12065665934", "address": "1802 Bellevue Ave", "hours": "Tu-Th,Su 11:30-14:30,16:30-22:00; Mo 16:30-22:00; Fr,Sa 11:30-14:30,16:30-22:30", "stations": [{"stopCode": 49, "lines": "1,2", "name": "Capitol Hill Station", "walkingMeters": 588, "walkingSeconds": 424, "band": 10}]}, "geometry": {"type": "Point", "coordinates": [-122.3266027, 47.6179196]}}, {"type": "Feature", "properties": {"id": 2158768846, "name": "Six Arms", "category": "pub", "tags": ["pub", "american", "outdoor-seating", "wheelchair-accessible"], "sources": ["osm"], "website": "https://www.mcmenamins.com/311-six-arms-home", "phone": "+1-206-223-1698", "address": "300 East Pike Street", "hours": "Mo-Th 11:00-01:00; Fr-Sa 11:00-02:00; Su 12:00-24:00", "stations": [{"stopCode": 50, "lines": "1,2", "name": "Westlake Station", "walkingMeters": 843, "walkingSeconds": 608, "band": 15}, {"stopCode": 49, "lines": "1,2", "name": "Capitol Hill Station", "walkingMeters": 1017, "walkingSeconds": 733, "band": 15}, {"stopCode": 51, "lines": "1,2", "name": "Symphony Station", "walkingMeters": 1098, "walkingSeconds": 790, "band": 15}]}, "geometry": {"type": "Point", "coordinates": [-122.327754, 47.6141346]}}, {"type": "Feature", "properties": {"id": 2158768882, "name": "Sugar Hill", "category": "bar", "tags": ["bar", "thai", "outdoor-seating", "restaurant", "asian"], "sources": ["osm", "overture"], "website": "http://sugarhillseattle.com/", "phone": "+12065682111", "address": "414 E Pine St", "hours": "Fr,Sa 17:00-02:00, Th,Su 17:00-22:00; Mo-We off", "stations": [{"stopCode": 49, "lines": "1,2", "name": "Capitol Hill Station", "walkingMeters": 822, "walkingSeconds": 593, "band": 10}, {"stopCode": 50, "lines": "1,2", "name": "Westlake Station", "walkingMeters": 924, "walkingSeconds": 680, "band": 15}]}, "geometry": {"type": "Point", "coordinates": [-122.3260787, 47.6153516]}}, {"type": "Feature", "properties": {"id": 2158768896, "name": "Cantina del Sol", "category": "bar", "tags": ["bar", "restaurant", "mexican", "taco"], "sources": ["osm", "overture"], "website": "https://www.cantinadelsol.com", "phone": "+12068068468", "address": "422 E Pine St", "stations": [{"stopCode": 49, "lines": "1,2", "name": "Capitol Hill Station", "walkingMeters": 813, "walkingSeconds": 586, "band": 10}, {"stopCode": 50, "lines": "1,2", "name": "Westlake Station", "walkingMeters": 947, "walkingSeconds": 697, "band": 15}]}, "geometry": {"type": "Point", "coordinates": [-122.3257687, 47.6153671]}}, {"type": "Feature", "properties": {"id": 2158768901, "name": "Meet Korean BBQ", "category": "restaurant", "tags": ["restaurant", "korean", "barbecue", "asian"], "sources": ["osm", "overture"], "website": "https://www.meetkoreanbbq.com/", "phone": "+12066952621", "address": "500 E Pike St", "hours": "Mo-Su 17:00-22:00", "stations": [{"stopCode": 49, "lines": "1,2", "name": "Capitol Hill Station", "walkingMeters": 910, "walkingSeconds": 657, "band": 10}, {"stopCode": 50, "lines": "1,2", "name": "Westlake Station", "walkingMeters": 1032, "walkingSeconds": 743, "band": 15}]}, "geometry": {"type": "Point", "coordinates": [-122.325354, 47.6142379]}}, {"type": "Feature", "properties": {"id": 2158768902, "name": "Tamari Bar", "category": "restaurant", "tags": ["restaurant", "japanese", "outdoor-seating", "indoor-seating", "bar-and-grill", "bar", "grill"], "sources": ["osm", "overture"], "website": "https://www.tamaribarseattle.com/", "phone": "+12069798800", "address": "500 E Pine St", "hours": "Tu-Su 17:00-23:00", "stations": [{"stopCode": 49, "lines": "1,2", "name": "Capitol Hill Station", "walkingMeters": 777, "walkingSeconds": 561, "band": 10}]}, "geometry": {"type": "Point", "coordinates": [-122.3253103, 47.6154268]}}, {"type": "Feature", "properties": {"id": 2158768916, "name": "La Josie's", "category": "bar", "tags": ["bar", "outdoor-seating"], "sources": ["osm", "overture"], "website": "http://lajosiesseattle.com/", "phone": "+12065357168", "address": "514 E Pike St", "stations": [{"stopCode": 49, "lines": "1,2", "name": "Capitol Hill Station", "walkingMeters": 877, "walkingSeconds": 633, "band": 10}, {"stopCode": 50, "lines": "1,2", "name": "Westlake Station", "walkingMeters": 1062, "walkingSeconds": 765, "band": 15}]}, "geometry": {"type": "Point", "coordinates": [-122.3249011, 47.6142339]}}, {"type": "Feature", "properties": {"id": 2158768921, "name": "The Counter Shoppe", "category": "cafe", "tags": ["cafe"], "sources": ["osm"], "website": "https://thecountershoppeseattle.com", "address": "516 East Pike Street", "stations": [{"stopCode": 49, "lines": "1,2", "name": "Capitol Hill Station", "walkingMeters": 870, "walkingSeconds": 628, "band": 10}, {"stopCode": 50, "lines": "1,2", "name": "Westlake Station", "walkingMeters": 1069, "walkingSeconds": 770, "band": 15}]}, "geometry": {"type": "Point", "coordinates": [-122.324812, 47.6142364]}}, {"type": "Feature", "properties": {"id": 2158768923, "name": "The Belmont", "category": "bar", "tags": ["bar", "outdoor-seating", "restaurant", "bar-and-grill", "grill"], "sources": ["osm", "overture"], "website": "http://belmontseattle.com/", "phone": "+12062458462", "address": "518 E Pike St", "hours": "Su-We 17:00-22:00; Th 17:00-23:00; Fr-Sa 17:00-02:00", "stations": [{"stopCode": 49, "lines": "1,2", "name": "Capitol Hill Station", "walkingMeters": 847, "walkingSeconds": 611, "band": 10}, {"stopCode": 50, "lines": "1,2", "name": "Westlake Station", "walkingMeters": 1092, "walkingSeconds": 787, "band": 15}]}, "geometry": {"type": "Point", "coordinates": [-122.3246571, 47.6142379]}}, {"type": "Feature", "properties": {"id": 2158768924, "name": "NEKO Cat Cafe", "category": "cafe", "tags": ["cafe"], "sources": ["osm"], "website": "https://nekocatcafe.com/seattle", "phone": "+1-206-708-7287", "address": "519 East Pine Street", "hours": "Mo-Fr 10:00-21:45; Sa,Su 09:00-21:45", "stations": [{"stopCode": 49, "lines": "1,2", "name": "Capitol Hill Station", "walkingMeters": 766, "walkingSeconds": 553, "band": 10}]}, "geometry": {"type": "Point", "coordinates": [-122.324833, 47.6151081]}}, {"type": "Feature", "properties": {"id": 2158768939, "name": "Fog\u00f3n Cocina Mexicana", "category": "restaurant", "tags": ["restaurant", "mexican", "outdoor-seating", "indoor-seating", "latin-american"], "sources": ["osm", "overture"], "website": "http://fogonseattle.com/", "phone": "+12063207777", "address": "600 E Pine St", "hours": "Su-We 11:00-22:00, Th 11:00-23:00, Fr,Sa 11:00-24:00", "stations": [{"stopCode": 49, "lines": "1,2", "name": "Capitol Hill Station", "walkingMeters": 708, "walkingSeconds": 511, "band": 10}]}, "geometry": {"type": "Point", "coordinates": [-122.3242827, 47.6153475]}}, {"type": "Feature", "properties": {"id": 2158768950, "name": "El Lugar", "category": "bar", "tags": ["bar", "indoor-seating"], "sources": ["osm"], "address": "606 East Pine Street", "hours": "Mo-Th 13:00-22:00; Fr 13:00-23:00; Sa 12:00-23:00; Su 12:00-20:00", "stations": [{"stopCode": 49, "lines": "1,2", "name": "Capitol Hill Station", "walkingMeters": 686, "walkingSeconds": 495, "band": 10}]}, "geometry": {"type": "Point", "coordinates": [-122.3239879, 47.6153627]}}, {"type": "Feature", "properties": {"id": 2158768959, "name": "Realfine Coffee", "category": "cafe", "tags": ["cafe", "coffee-shop", "coffee"], "sources": ["osm", "overture"], "website": "http://realfinecoffee.com", "phone": "+12063956808", "address": "616 E Pine St", "hours": "Mo-Fr 07:00-18:00; Sa,Su 08:00-18:00", "stations": [{"stopCode": 49, "lines": "1,2", "name": "Capitol Hill Station", "walkingMeters": 660, "walkingSeconds": 476, "band": 10}]}, "geometry": {"type": "Point", "coordinates": [-122.3236427, 47.6153631]}}, {"type": "Feature", "properties": {"id": 2158768961, "name": "Massive", "category": "bar", "tags": ["bar"], "sources": ["osm"], "website": "https://www.massive.club/", "address": "619 East Pine Street", "hours": "Mo off; Tu-Fr 16:00-26:00; Sa,Su 16:00-27:00", "stations": [{"stopCode": 49, "lines": "1,2", "name": "Capitol Hill Station", "walkingMeters": 684, "walkingSeconds": 494, "band": 10}]}, "geometry": {"type": "Point", "coordinates": [-122.3237201, 47.6150824]}}, {"type": "Feature", "properties": {"id": 2159322937, "name": "206 Burger Company", "category": "restaurant", "tags": ["restaurant", "burger", "indoor-seating", "takeaway", "delivery", "has-bar"], "sources": ["osm"], "website": "https://206burgercompany.com", "phone": "+1-206-717-2867", "address": "1401 Broadway", "hours": "Su-Th 11:00-20:30; Fr-Sa 11:00-21:30", "stations": [{"stopCode": 49, "lines": "1,2", "name": "Capitol Hill Station", "walkingMeters": 724, "walkingSeconds": 521, "band": 10}]}, "geometry": {"type": "Point", "coordinates": [-122.3209687, 47.6131116]}}, {"type": "Feature", "properties": {"id": 2159322814, "name": "Potbelly", "category": "fast_food", "tags": ["fast-food", "sandwich", "takeaway", "restaurant"], "sources": ["osm", "overture"], "website": "https://www.potbelly.com/locations/washington/first-hill", "phone": "+12064548520", "address": "1208 Madison St", "hours": "Mo-Fr 08:00-20:00; Sa,Su 10:00-20:00", "stations": [{"stopCode": 49, "lines": "1,2", "name": "Capitol Hill Station", "walkingMeters": 1181, "walkingSeconds": 850, "band": 15}]}, "geometry": {"type": "Point", "coordinates": [-122.3237073, 47.610103]}}, {"type": "Feature", "properties": {"id": 2159322864, "name": "Vietlicious", "category": "fast_food", "tags": ["fast-food", "vietnamese", "restaurant", "asian"], "sources": ["osm", "overture"], "website": "http://eatvietlicious.com/", "phone": "+12066827702", "address": "1303 Madison St", "hours": "Mo-Fr 09:00-20:30; Sa 10:00-20:00", "stations": [{"stopCode": 49, "lines": "1,2", "name": "Capitol Hill Station", "walkingMeters": 1092, "walkingSeconds": 790, "band": 15}]}, "geometry": {"type": "Point", "coordinates": [-122.3224299, 47.6103083]}}, {"type": "Feature", "properties": {"id": 2159323009, "name": "Chawlas 2", "category": "restaurant", "tags": ["restaurant", "indian"], "sources": ["osm", "overture"], "website": "https://www.chawlas2seattle.us", "address": "1412 Harvard Ave", "stations": [{"stopCode": 49, "lines": "1,2", "name": "Capitol Hill Station", "walkingMeters": 707, "walkingSeconds": 509, "band": 10}]}, "geometry": {"type": "Point", "coordinates": [-122.3217545, 47.6138126]}}, {"type": "Feature", "properties": {"id": 2159323011, "name": "Cranes Landing", "category": "restaurant", "tags": ["restaurant", "vietnamese", "asian"], "sources": ["osm", "overture"], "website": "https://www.clover.com", "phone": "12067086168", "address": "1430 Harvard Ave", "hours": "11:00-20:00", "stations": [{"stopCode": 49, "lines": "1,2", "name": "Capitol Hill Station", "walkingMeters": 715, "walkingSeconds": 515, "band": 10}]}, "geometry": {"type": "Point", "coordinates": [-122.3218598, 47.6138108]}}, {"type": "Feature", "properties": {"id": 2159323028, "name": "Tavolata", "category": "restaurant", "tags": ["restaurant", "italian", "outdoor-seating", "indoor-seating", "wheelchair-accessible", "vegetarian", "european"], "sources": ["osm", "overture"], "website": "https://tavolata.com/", "phone": "+12064208355", "address": "501 E Pike St", "hours": "Mo-Su 17:00-23:00", "stations": [{"stopCode": 49, "lines": "1,2", "name": "Capitol Hill Station", "walkingMeters": 928, "walkingSeconds": 669, "band": 15}, {"stopCode": 50, "lines": "1,2", "name": "Westlake Station", "walkingMeters": 1030, "walkingSeconds": 742, "band": 15}]}, "geometry": {"type": "Point", "coordinates": [-122.3253177, 47.6139607]}}, {"type": "Feature", "properties": {"id": 2159323043, "name": "Biang Biang Noodles", "category": "restaurant", "tags": ["restaurant", "chinese", "vegetarian", "noodles", "asian"], "sources": ["osm", "overture"], "website": "http://Biangbiangnoodles.com/", "phone": "+12068098999", "address": "601 E Pike St Unit 100", "hours": "Su-Th 11:30-21:00; Fr,Sa 11:30-21:30", "stations": [{"stopCode": 49, "lines": "1,2", "name": "Capitol Hill Station", "walkingMeters": 853, "walkingSeconds": 616, "band": 10}]}, "geometry": {"type": "Point", "coordinates": [-122.3243015, 47.6139769]}}, {"type": "Feature", "properties": {"id": 2159323080, "name": "Soma Kombucha Taproom", "category": "cafe", "tags": ["cafe"], "sources": ["osm"], "address": "701 East Pike Street", "stations": [{"stopCode": 49, "lines": "1,2", "name": "Capitol Hill Station", "walkingMeters": 795, "walkingSeconds": 572, "band": 10}]}, "geometry": {"type": "Point", "coordinates": [-122.323246, 47.6139478]}}, {"type": "Feature", "properties": {"id": 2159323085, "name": "HoneyHole", "category": "restaurant", "tags": ["restaurant", "sandwich", "takeaway", "vegetarian", "vegan", "wifi"], "sources": ["osm"], "website": "https://www.honeyholeseattle.com", "phone": "+1-206-906-9892", "address": "703 East Pike Street", "stations": [{"stopCode": 49, "lines": "1,2", "name": "Capitol Hill Station", "walkingMeters": 788, "walkingSeconds": 567, "band": 10}]}, "geometry": {"type": "Point", "coordinates": [-122.3231531, 47.6139483]}}, {"type": "Feature", "properties": {"id": 2159323122, "name": "Saint John's Bar & Eatery", "category": "restaurant", "tags": ["restaurant", "outdoor-seating", "vegetarian", "has-bar", "pub", "american"], "sources": ["osm", "overture"], "website": "http://www.saintjohnsseattle.com/", "phone": "+12062451390", "address": "719 E Pike St", "hours": "Mo-Fr 16:00-24:00, Sa,Su 12:00-02:00", "stations": [{"stopCode": 49, "lines": "1,2", "name": "Capitol Hill Station", "walkingMeters": 744, "walkingSeconds": 535, "band": 10}]}, "geometry": {"type": "Point", "coordinates": [-122.3225652, 47.6139515]}}, {"type": "Feature", "properties": {"id": 2159323127, "name": "La Dive", "category": "cafe", "tags": ["cafe", "air-conditioned", "bar", "wine"], "sources": ["osm", "overture"], "website": "http://www.ladiveseattle.com/", "address": "721 E Pike St", "hours": "Mo-Fr 15:00-02:00, Sa,Su 12:00-02:00", "stations": [{"stopCode": 49, "lines": "1,2", "name": "Capitol Hill Station", "walkingMeters": 736, "walkingSeconds": 530, "band": 10}]}, "geometry": {"type": "Point", "coordinates": [-122.3224625, 47.613952]}}, {"type": "Feature", "properties": {"id": 2159323138, "name": "Ayutthaya Thai Cuisine", "category": "restaurant", "tags": ["restaurant", "thai", "vegetarian"], "sources": ["osm"], "website": "http://www.ayutthayathai.com/", "address": "727 East Pike Street", "hours": "Mo-Fr 11:30-15:00, 16:00-23:00; Sa 12:00-23:00; Su 16:00-23:00", "stations": [{"stopCode": 49, "lines": "1,2", "name": "Capitol Hill Station", "walkingMeters": 723, "walkingSeconds": 520, "band": 10}]}, "geometry": {"type": "Point", "coordinates": [-122.3222886, 47.613953]}}, {"type": "Feature", "properties": {"id": 2159323152, "name": "Kyoto Teriyaki", "category": "fast_food", "tags": ["fast-food", "japanese", "takeaway", "restaurant", "asian"], "sources": ["osm", "overture"], "website": "https://kyoto-teriyaki.com", "phone": "+12067267610", "address": "803 E Pike St", "hours": "Mo-Sa 10:30-21:00; Su off", "stations": [{"stopCode": 49, "lines": "1,2", "name": "Capitol Hill Station", "walkingMeters": 690, "walkingSeconds": 497, "band": 10}]}, "geometry": {"type": "Point", "coordinates": [-122.3218416, 47.6139463]}}, {"type": "Feature", "properties": {"id": 2159323173, "name": "Poke Plus", "category": "fast_food", "tags": ["fast-food", "poke", "takeaway", "restaurant", "seafood", "asian"], "sources": ["osm", "overture"], "phone": "+12065183758", "address": "811 E Pike St", "stations": [{"stopCode": 49, "lines": "1,2", "name": "Capitol Hill Station", "walkingMeters": 678, "walkingSeconds": 488, "band": 10}]}, "geometry": {"type": "Point", "coordinates": [-122.3216852, 47.613943]}}, {"type": "Feature", "properties": {"id": 5824799471, "name": "Salt & Straw", "category": "ice_cream", "tags": ["ice-cream", "wheelchair-accessible"], "sources": ["osm"], "website": "https://saltandstraw.com/sea-locations/", "phone": "+1-206-258-4574", "address": "714 East Pike Street", "hours": "11:00-23:00", "stations": [{"stopCode": 49, "lines": "1,2", "name": "Capitol Hill Station", "walkingMeters": 772, "walkingSeconds": 556, "band": 10}]}, "geometry": {"type": "Point", "coordinates": [-122.323198, 47.6142254]}}, {"type": "Feature", "properties": {"id": 6052257386, "name": "FOB Poke Bar", "category": "fast_food", "tags": ["fast-food", "seafood", "restaurant", "poke", "hawaiian"], "sources": ["osm", "overture"], "website": "https://fobpokebar.com/", "phone": "+12064419888", "address": "1620 Broadway #100d", "hours": "Mo-Su 11:00-21:00", "stations": [{"stopCode": 49, "lines": "1,2", "name": "Capitol Hill Station", "walkingMeters": 377, "walkingSeconds": 271, "band": 5}]}, "geometry": {"type": "Point", "coordinates": [-122.3206221, 47.6160277]}}, {"type": "Feature", "properties": {"id": "65abe1dc-c764-4961-be0c-71a27527baa7", "name": "Cherry Street Coffee House", "category": "cafe", "tags": ["cafe", "coffee"], "sources": ["overture"], "website": "http://cherryst.com", "phone": "(206) 859-2777", "address": "320 E Pine St", "stations": [{"stopCode": 50, "lines": "1,2", "name": "Westlake Station", "walkingMeters": 823, "walkingSeconds": 606, "band": 15}, {"stopCode": 49, "lines": "1,2", "name": "Capitol Hill Station", "walkingMeters": 868, "walkingSeconds": 626, "band": 10}]}, "geometry": {"type": "Point", "coordinates": [-122.327301, 47.6152611]}}, {"type": "Feature", "properties": {"id": "18b3547f-fe63-4a64-bebd-93aca06aba04", "name": "Wingdome", "category": "restaurant", "tags": ["restaurant"], "sources": ["overture"], "website": "http://www.thewingdome.com/", "phone": "(206) 860-9464", "address": "1416 E Olive Way", "stations": [{"stopCode": 49, "lines": "1,2", "name": "Capitol Hill Station", "walkingMeters": 621, "walkingSeconds": 448, "band": 10}, {"stopCode": 50, "lines": "1,2", "name": "Westlake Station", "walkingMeters": 1058, "walkingSeconds": 763, "band": 15}]}, "geometry": {"type": "Point", "coordinates": [-122.3265762, 47.6170883]}}, {"type": "Feature", "properties": {"id": 12703965061, "name": "Wingstop", "category": "fast_food", "tags": ["fast-food", "wings", "indoor-seating", "takeaway", "delivery", "restaurant", "chicken"], "sources": ["osm", "overture"], "website": "https://www.wingstop.com/location/wingstop-2616-seattle-wa-98122/menu?y_source=1_MTA5MTQwNzg3NC00ODMtbG9jYXRpb24ud2Vic2l0ZQ%3D%3D", "phone": "2063374833", "address": "1812 Broadway Ave Ste R202", "hours": "Mo-Su 10:30-24:00", "stations": [{"stopCode": 49, "lines": "1,2", "name": "Capitol Hill Station", "walkingMeters": 150, "walkingSeconds": 108, "band": 5}]}, "geometry": {"type": "Point", "coordinates": [-122.3206131, 47.6180788]}}, {"type": "Feature", "properties": {"id": "c7f6089e-3a6d-4ec6-aa36-a76a0928d278", "name": "Serious Pie", "category": "restaurant", "tags": ["restaurant", "pizza", "fast-food"], "sources": ["overture"], "website": "http://www.seriouspieseattle.com/pike", "phone": "+12069238012", "address": "1124 Pike St", "stations": [{"stopCode": 50, "lines": "1,2", "name": "Westlake Station", "walkingMeters": 811, "walkingSeconds": 593, "band": 15}, {"stopCode": 49, "lines": "1,2", "name": "Capitol Hill Station", "walkingMeters": 1019, "walkingSeconds": 739, "band": 15}, {"stopCode": 51, "lines": "1,2", "name": "Symphony Station", "walkingMeters": 1080, "walkingSeconds": 777, "band": 15}]}, "geometry": {"type": "Point", "coordinates": [-122.3281784, 47.6139679]}}, {"type": "Feature", "properties": {"id": 2703661948, "name": "Raygun Lounge", "category": "bar", "tags": ["bar"], "sources": ["osm", "overture"], "website": "http://www.raygunlounge.com/", "phone": "+12068122521", "address": "501 E Pine St", "hours": "Mo-Th 16:00-23:00; Fr 16:00-01:00; Sa 14:00-01:00; Su 14:00-23:00", "stations": [{"stopCode": 49, "lines": "1,2", "name": "Capitol Hill Station", "walkingMeters": 789, "walkingSeconds": 569, "band": 10}, {"stopCode": 50, "lines": "1,2", "name": "Westlake Station", "walkingMeters": 998, "walkingSeconds": 726, "band": 15}]}, "geometry": {"type": "Point", "coordinates": [-122.3251369, 47.6150856]}}, {"type": "Feature", "properties": {"id": 2939935703, "name": "Paparepas", "category": "restaurant", "tags": ["restaurant", "venezuelan", "takeaway", "wheelchair-accessible", "vegetarian"], "sources": ["osm"], "address": "1620 Broadway", "hours": "Mo-Su 11:00-21:00", "stations": [{"stopCode": 49, "lines": "1,2", "name": "Capitol Hill Station", "walkingMeters": 387, "walkingSeconds": 279, "band": 5}]}, "geometry": {"type": "Point", "coordinates": [-122.3206196, 47.6159352]}}, {"type": "Feature", "properties": {"id": 2939935802, "name": "Tacos Cometa", "category": "fast_food", "tags": ["fast-food", "mexican", "restaurant", "taco"], "sources": ["osm", "overture"], "website": "https://www.tacoscometa.com", "address": "1620 Broadway Ave, Unit 100H", "stations": [{"stopCode": 49, "lines": "1,2", "name": "Capitol Hill Station", "walkingMeters": 413, "walkingSeconds": 297, "band": 5}]}, "geometry": {"type": "Point", "coordinates": [-122.3205997, 47.6157038]}}, {"type": "Feature", "properties": {"id": 2939936001, "name": "Sweet Caffeine", "category": "cafe", "tags": ["cafe"], "sources": ["osm"], "address": "1620 Broadway", "hours": "Mo-Tu,Sa-Su off; We-Fr 08:00-14:00", "stations": [{"stopCode": 49, "lines": "1,2", "name": "Capitol Hill Station", "walkingMeters": 370, "walkingSeconds": 267, "band": 5}]}, "geometry": {"type": "Point", "coordinates": [-122.320619, 47.616089]}}, {"type": "Feature", "properties": {"id": "d8bb1f8c-e187-40e7-8f4a-77b15dc209b4", "name": "Taylor Shellfish Oyster Bar", "category": "restaurant", "tags": ["restaurant", "seafood"], "sources": ["overture"], "website": "http://www.taylorshellfishfarms.com", "phone": "+12065014321", "address": "1521 Melrose Ave", "stations": [{"stopCode": 50, "lines": "1,2", "name": "Westlake Station", "walkingMeters": 824, "walkingSeconds": 602, "band": 15}, {"stopCode": 49, "lines": "1,2", "name": "Capitol Hill Station", "walkingMeters": 958, "walkingSeconds": 695, "band": 15}]}, "geometry": {"type": "Point", "coordinates": [-122.3280411, 47.6146317]}}, {"type": "Feature", "properties": {"id": 3006168381, "name": "Pelicana Chicken", "category": "restaurant", "tags": ["restaurant", "korean", "chicken", "asian"], "sources": ["osm", "overture"], "website": "https://www.pelicanausa.com", "phone": "+12064026510", "address": "725 E Pine St", "hours": "Su-Th 11:00-24:00; Fr,Sa 11:00-26:00", "stations": [{"stopCode": 49, "lines": "1,2", "name": "Capitol Hill Station", "walkingMeters": 599, "walkingSeconds": 431, "band": 10}]}, "geometry": {"type": "Point", "coordinates": [-122.3223619, 47.6150836]}}, {"type": "Feature", "properties": {"id": 3169474461, "name": "Bistro on Yale", "category": "restaurant", "tags": ["restaurant"], "sources": ["osm"], "stations": [{"stopCode": 49, "lines": "1,2", "name": "Capitol Hill Station", "walkingMeters": 952, "walkingSeconds": 692, "band": 10}, {"stopCode": 50, "lines": "1,2", "name": "Westlake Station", "walkingMeters": 980, "walkingSeconds": 705, "band": 15}]}, "geometry": {"type": "Point", "coordinates": [-122.3297798, 47.6177373]}}, {"type": "Feature", "properties": {"id": 3716410294, "name": "Kizuki Ramen & Izakaya - Capitol Hill", "category": "restaurant", "tags": ["restaurant", "japanese", "vegetarian"], "sources": ["osm"], "website": "https://www.kizuki.com/", "phone": "+1-206-420-1497", "address": "320 East Pine Street", "hours": "Su-Th 11:00-21:30; Fr-Sa 11:00-01:00", "stations": [{"stopCode": 49, "lines": "1,2", "name": "Capitol Hill Station", "walkingMeters": 838, "walkingSeconds": 604, "band": 10}, {"stopCode": 50, "lines": "1,2", "name": "Westlake Station", "walkingMeters": 868, "walkingSeconds": 626, "band": 15}]}, "geometry": {"type": "Point", "coordinates": [-122.3270507, 47.615375]}}, {"type": "Feature", "properties": {"id": 4243744790, "name": "Sugar Bakery", "category": "cafe", "tags": ["cafe", "bakery"], "sources": ["osm", "overture"], "website": "http://sugarbakerycafe.com/", "phone": "+12065882253", "address": "320 E Pine St Ste 101", "stations": [{"stopCode": 49, "lines": "1,2", "name": "Capitol Hill Station", "walkingMeters": 849, "walkingSeconds": 612, "band": 10}, {"stopCode": 50, "lines": "1,2", "name": "Westlake Station", "walkingMeters": 857, "walkingSeconds": 618, "band": 15}]}, "geometry": {"type": "Point", "coordinates": [-122.3271966, 47.6153766]}}, {"type": "Feature", "properties": {"id": 4243768890, "name": "Sushi Maki", "category": "fast_food", "tags": ["fast-food", "sushi", "takeaway", "restaurant"], "sources": ["osm", "overture"], "website": "http://www.sushimaki.com", "phone": "(206) 264-0725", "address": "1633 Bellevue Ave", "hours": "Mo-Fr 11:00-14:00, 16:00-21:00; Sa,Su off", "stations": [{"stopCode": 49, "lines": "1,2", "name": "Capitol Hill Station", "walkingMeters": 739, "walkingSeconds": 533, "band": 10}, {"stopCode": 50, "lines": "1,2", "name": "Westlake Station", "walkingMeters": 966, "walkingSeconds": 697, "band": 15}]}, "geometry": {"type": "Point", "coordinates": [-122.3269829, 47.6161298]}}, {"type": "Feature", "properties": {"id": 4243769089, "name": "Ghost Note Coffee", "category": "cafe", "tags": ["cafe", "coffee-shop", "indoor-seating", "wifi", "coffee"], "sources": ["osm", "overture"], "website": "http://www.ghostnotecoffee.com", "phone": "(877) 585-1085", "address": "1623 Bellevue Ave", "hours": "Mo,We-Fr 07:00-17:00; Tu 07:00-15:00; Sa-Su 08:00-18:00", "stations": [{"stopCode": 49, "lines": "1,2", "name": "Capitol Hill Station", "walkingMeters": 762, "walkingSeconds": 550, "band": 10}, {"stopCode": 50, "lines": "1,2", "name": "Westlake Station", "walkingMeters": 944, "walkingSeconds": 680, "band": 15}]}, "geometry": {"type": "Point", "coordinates": [-122.3270324, 47.6159256]}}, {"type": "Feature", "properties": {"id": 4317158985, "name": "Jimmy's on Broadway", "category": "restaurant", "tags": ["restaurant", "american", "bar-and-grill"], "sources": ["osm", "overture"], "website": "http://www.jimmysonbroadway.com/", "phone": "+12062041188", "address": "1100 Broadway", "hours": "Su 07:00-21:00; Mo-Sa 07:00-22:00", "stations": [{"stopCode": 49, "lines": "1,2", "name": "Capitol Hill Station", "walkingMeters": 920, "walkingSeconds": 662, "band": 15}]}, "geometry": {"type": "Point", "coordinates": [-122.32052, 47.6114544]}}, {"type": "Feature", "properties": {"id": 4324522689, "name": "Verve Bowls", "category": "fast_food", "tags": ["fast-food", "smoothie"], "sources": ["osm"], "phone": "+1-206-473-2766", "address": "715 East Pine Street", "stations": [{"stopCode": 49, "lines": "1,2", "name": "Capitol Hill Station", "walkingMeters": 670, "walkingSeconds": 482, "band": 10}]}, "geometry": {"type": "Point", "coordinates": [-122.322714, 47.6148083]}}, {"type": "Feature", "properties": {"id": 4400540089, "name": "The Last Drop", "category": "pub", "tags": ["pub"], "sources": ["osm"], "website": "https://www.thelastdropseattle.com", "address": "517 East Pike Street", "hours": "Su-Th 14:00-22:00, Fr,Sa 14:00-24:00", "stations": [{"stopCode": 49, "lines": "1,2", "name": "Capitol Hill Station", "walkingMeters": 900, "walkingSeconds": 649, "band": 15}, {"stopCode": 50, "lines": "1,2", "name": "Westlake Station", "walkingMeters": 1058, "walkingSeconds": 762, "band": 15}]}, "geometry": {"type": "Point", "coordinates": [-122.3249471, 47.6139747]}}, {"type": "Feature", "properties": {"id": 4400540090, "name": "The Cookie Counter", "category": "cafe", "tags": ["cafe", "cookies"], "sources": ["osm"], "address": "517 East Pike Street", "stations": [{"stopCode": 49, "lines": "1,2", "name": "Capitol Hill Station", "walkingMeters": 875, "walkingSeconds": 631, "band": 10}]}, "geometry": {"type": "Point", "coordinates": [-122.3246191, 47.6139749]}}, {"type": "Feature", "properties": {"id": 4527603992, "name": "Yeti Bar", "category": "bar", "tags": ["bar", "cocktail", "himalayan-nepalese"], "sources": ["osm", "overture"], "website": "https://annapurnacafe.com/yeti-bar", "phone": "+12063207770", "address": "1833 Broadway", "hours": "10:00-21:00; Su closed", "stations": [{"stopCode": 49, "lines": "1,2", "name": "Capitol Hill Station", "walkingMeters": 121, "walkingSeconds": 87, "band": 5}]}, "geometry": {"type": "Point", "coordinates": [-122.321079, 47.6185153]}}, {"type": "Feature", "properties": {"id": 4631048889, "name": "Shawarma Shack", "category": "fast_food", "tags": ["fast-food"], "sources": ["osm"], "address": "1620 Broadway", "stations": [{"stopCode": 49, "lines": "1,2", "name": "Capitol Hill Station", "walkingMeters": 395, "walkingSeconds": 284, "band": 5}]}, "geometry": {"type": "Point", "coordinates": [-122.320619, 47.6158654]}}, {"type": "Feature", "properties": {"id": "7dbf1320-0422-4ae9-a252-0f5682cfcf50", "name": "Homegrown", "category": "restaurant", "tags": ["restaurant", "sandwich"], "sources": ["overture"], "website": "https://www.homegrownusallc.com", "phone": "12066200463", "address": "1531 Melrose Ave", "stations": [{"stopCode": 50, "lines": "1,2", "name": "Westlake Station", "walkingMeters": 944, "walkingSeconds": 704, "band": 15}, {"stopCode": 49, "lines": "1,2", "name": "Capitol Hill Station", "walkingMeters": 1003, "walkingSeconds": 749, "band": 15}, {"stopCode": 51, "lines": "1,2", "name": "Symphony Station", "walkingMeters": 1255, "walkingSeconds": 937, "band": 15}]}, "geometry": {"type": "Point", "coordinates": [-122.3282471, 47.6147346]}}, {"type": "Feature", "properties": {"id": 4839020416, "name": "Honor Society Coffee", "category": "cafe", "tags": ["cafe", "coffee-shop", "takeaway"], "sources": ["osm"], "website": "https://www.honorsocietycoffee.com/", "address": "1531 Melrose Avenue", "hours": "08:00-15:00", "stations": [{"stopCode": 50, "lines": "1,2", "name": "Westlake Station", "walkingMeters": 804, "walkingSeconds": 588, "band": 15}, {"stopCode": 49, "lines": "1,2", "name": "Capitol Hill Station", "walkingMeters": 938, "walkingSeconds": 680, "band": 15}]}, "geometry": {"type": "Point", "coordinates": [-122.3282037, 47.6148164]}}, {"type": "Feature", "properties": {"id": 4839020417, "name": "Marseille", "category": "bar", "tags": ["bar"], "sources": ["osm"], "address": "1531 Melrose Avenue", "stations": [{"stopCode": 50, "lines": "1,2", "name": "Westlake Station", "walkingMeters": 801, "walkingSeconds": 586, "band": 15}, {"stopCode": 49, "lines": "1,2", "name": "Capitol Hill Station", "walkingMeters": 935, "walkingSeconds": 678, "band": 15}]}, "geometry": {"type": "Point", "coordinates": [-122.3281535, 47.6148398]}}, {"type": "Feature", "properties": {"id": 4844780498, "name": "Gyro Saj", "category": "fast_food", "tags": ["fast-food", "mediterranean", "restaurant", "greek", "middle-eastern"], "sources": ["osm", "overture"], "website": "https://www.gyrosaj.com/", "phone": "+12066952405", "address": "1301 Madison St", "hours": "Mo-Su 10:00-22:00", "stations": [{"stopCode": 49, "lines": "1,2", "name": "Capitol Hill Station", "walkingMeters": 1102, "walkingSeconds": 797, "band": 15}]}, "geometry": {"type": "Point", "coordinates": [-122.3225488, 47.6102568]}}, {"type": "Feature", "properties": {"id": 4844780499, "name": "Mad Pizza", "category": "fast_food", "tags": ["fast-food", "pizza", "restaurant", "italian"], "sources": ["osm", "overture"], "website": "http://madpizza.com/", "phone": "+12063227447", "address": "1321 Madison St", "stations": [{"stopCode": 49, "lines": "1,2", "name": "Capitol Hill Station", "walkingMeters": 1047, "walkingSeconds": 758, "band": 15}]}, "geometry": {"type": "Point", "coordinates": [-122.3219188, 47.6105111]}}, {"type": "Feature", "properties": {"id": "ddbe8f76-d93c-438e-a4e6-92ec03eff553", "name": "Maharaja Cuisine Of India", "category": "restaurant", "tags": ["restaurant"], "sources": ["overture"], "website": "https://www.maharajawestseattle.com", "address": "720 E Pike St", "stations": [{"stopCode": 49, "lines": "1,2", "name": "Capitol Hill Station", "walkingMeters": 708, "walkingSeconds": 528, "band": 10}]}, "geometry": {"type": "Point", "coordinates": [-122.3222961, 47.6143684]}}, {"type": "Feature", "properties": {"id": 5153053623, "name": "Razzi's Pizzeria", "category": "restaurant", "tags": ["restaurant", "pizza"], "sources": ["osm"], "website": "http://razzis.com/", "address": "1314 Howell Street", "stations": [{"stopCode": 49, "lines": "1,2", "name": "Capitol Hill Station", "walkingMeters": 972, "walkingSeconds": 706, "band": 10}, {"stopCode": 50, "lines": "1,2", "name": "Westlake Station", "walkingMeters": 1023, "walkingSeconds": 736, "band": 15}]}, "geometry": {"type": "Point", "coordinates": [-122.3294145, 47.6180097]}}, {"type": "Feature", "properties": {"id": "2c734d82-6ae1-41ef-ae8e-288019b84879", "name": "Kedai Makan", "category": "restaurant", "tags": ["restaurant", "malaysian"], "sources": ["overture"], "website": "http://kedaimakansea.com", "address": "1802 Bellevue Ave", "stations": [{"stopCode": 49, "lines": "1,2", "name": "Capitol Hill Station", "walkingMeters": 598, "walkingSeconds": 431, "band": 10}, {"stopCode": 50, "lines": "1,2", "name": "Westlake Station", "walkingMeters": 1129, "walkingSeconds": 814, "band": 15}]}, "geometry": {"type": "Point", "coordinates": [-122.3267441, 47.6178551]}}, {"type": "Feature", "properties": {"id": 5731552621, "name": "The Wash", "category": "bar", "tags": ["bar", "outdoor-seating", "indoor-seating"], "sources": ["osm"], "website": "https://www.thewashseattle.com", "address": "1801 East Olive Way", "stations": [{"stopCode": 49, "lines": "1,2", "name": "Capitol Hill Station", "walkingMeters": 237, "walkingSeconds": 171, "band": 5}]}, "geometry": {"type": "Point", "coordinates": [-122.322038, 47.6197933]}}, {"type": "Feature", "properties": {"id": 5731573723, "name": "The Crescent", "category": "bar", "tags": ["bar", "indoor-seating", "karaoke"], "sources": ["osm"], "address": "1413 East Olive Way", "hours": "Mo-Su 14:00-01:45", "stations": [{"stopCode": 49, "lines": "1,2", "name": "Capitol Hill Station", "walkingMeters": 574, "walkingSeconds": 414, "band": 10}]}, "geometry": {"type": "Point", "coordinates": [-122.3263046, 47.6174661]}}, {"type": "Feature", "properties": {"id": 5972426286, "name": "Carmelo\u2019s", "category": "fast_food", "tags": ["fast-food", "mexican", "takeaway"], "sources": ["osm"], "hours": "Mo-Fr 11:00-23:00; Sa,Su 11:00-23:00", "stations": [{"stopCode": 49, "lines": "1,2", "name": "Capitol Hill Station", "walkingMeters": 498, "walkingSeconds": 358, "band": 5}]}, "geometry": {"type": "Point", "coordinates": [-122.3250199, 47.6188799]}}, {"type": "Feature", "properties": {"id": 6033281785, "name": "Menya Musashi Niten Ichiryu", "category": "restaurant", "tags": ["restaurant", "japanese", "ramen", "takeaway", "vegetarian", "vegan"], "sources": ["osm"], "website": "https://menyamuso.us/", "phone": "+1-206-257-4289", "address": "1510 Belmont Avenue", "hours": "Mo-Su 11:30-22:00", "stations": [{"stopCode": 49, "lines": "1,2", "name": "Capitol Hill Station", "walkingMeters": 808, "walkingSeconds": 583, "band": 10}]}, "geometry": {"type": "Point", "coordinates": [-122.3242658, 47.614465]}}, {"type": "Feature", "properties": {"id": 6069211989, "name": "R+M Dessert Bar", "category": "cafe", "tags": ["cafe", "dessert", "vegetarian"], "sources": ["osm"], "website": "https://www.rmdessertbar.com", "hours": "Tu-Su 17:00-22:30, Fr,Sa 17:00-23:00", "stations": [{"stopCode": 49, "lines": "1,2", "name": "Capitol Hill Station", "walkingMeters": 837, "walkingSeconds": 604, "band": 10}]}, "geometry": {"type": "Point", "coordinates": [-122.3240318, 47.6139539]}}, {"type": "Feature", "properties": {"id": 6268995285, "name": "Sankaku", "category": "fast_food", "tags": ["fast-food"], "sources": ["osm"], "address": "1531 Melrose Avenue", "stations": [{"stopCode": 50, "lines": "1,2", "name": "Westlake Station", "walkingMeters": 800, "walkingSeconds": 585, "band": 15}, {"stopCode": 49, "lines": "1,2", "name": "Capitol Hill Station", "walkingMeters": 934, "walkingSeconds": 677, "band": 15}]}, "geometry": {"type": "Point", "coordinates": [-122.328107, 47.6148522]}}, {"type": "Feature", "properties": {"id": 6498475186, "name": "Kigo Kitchen - Met Park", "category": "restaurant", "tags": ["restaurant", "asian"], "sources": ["osm"], "website": "https://kigokitchen.com/", "phone": "+1-206-805-6228", "hours": "Mo-Fr 11:00-20:00", "stations": [{"stopCode": 50, "lines": "1,2", "name": "Westlake Station", "walkingMeters": 903, "walkingSeconds": 652, "band": 15}, {"stopCode": 49, "lines": "1,2", "name": "Capitol Hill Station", "walkingMeters": 1035, "walkingSeconds": 750, "band": 15}]}, "geometry": {"type": "Point", "coordinates": [-122.329866, 47.6169803]}}, {"type": "Feature", "properties": {"id": 8140512593, "name": "Bad Chancla", "category": "restaurant", "tags": ["restaurant", "latin-american", "american"], "sources": ["osm", "overture"], "website": "http://www.garzonpnw.com/bad-chancla", "phone": "+14252025840", "address": "1525 E Olive Wy Unit B1", "hours": "Mo-Tu,Su off; We-Sa 12:00-20:00", "stations": [{"stopCode": 49, "lines": "1,2", "name": "Capitol Hill Station", "walkingMeters": 464, "walkingSeconds": 335, "band": 5}]}, "geometry": {"type": "Point", "coordinates": [-122.325611, 47.6183101]}}, {"type": "Feature", "properties": {"id": "51bc34dd-bd2d-4c7b-ba51-b80eb5868fbb", "name": "Tous Les Jours", "category": "restaurant", "tags": ["restaurant"], "sources": ["overture"], "website": "https://tljus.com/stores/seattle-120-broadway-e", "phone": "2064329054", "address": "120 Broadway E", "stations": [{"stopCode": 49, "lines": "1,2", "name": "Capitol Hill Station", "walkingMeters": 168, "walkingSeconds": 121, "band": 5}]}, "geometry": {"type": "Point", "coordinates": [-122.3208923, 47.6196556]}}, {"type": "Feature", "properties": {"id": 9899917196, "name": "Double O' Burgers", "category": "fast_food", "tags": ["fast-food", "burger", "takeaway", "restaurant", "american"], "sources": ["osm", "overture"], "website": "https://www.doubleoburgers.com", "phone": "+12068068468", "address": "422 E Pine St", "stations": [{"stopCode": 49, "lines": "1,2", "name": "Capitol Hill Station", "walkingMeters": 799, "walkingSeconds": 577, "band": 10}, {"stopCode": 50, "lines": "1,2", "name": "Westlake Station", "walkingMeters": 960, "walkingSeconds": 706, "band": 15}]}, "geometry": {"type": "Point", "coordinates": [-122.325708, 47.6153488]}}, {"type": "Feature", "properties": {"id": "9c33a06f-e051-4024-93a6-a30ca697f3d2", "name": "Kizuki Ramen & Izakaya", "category": "restaurant", "tags": ["restaurant", "japanese", "asian"], "sources": ["overture"], "website": "https://www.kizuki.com/", "phone": "+18778390526", "address": "320 E Pine St", "stations": [{"stopCode": 49, "lines": "1,2", "name": "Capitol Hill Station", "walkingMeters": 846, "walkingSeconds": 610, "band": 10}, {"stopCode": 50, "lines": "1,2", "name": "Westlake Station", "walkingMeters": 860, "walkingSeconds": 621, "band": 15}]}, "geometry": {"type": "Point", "coordinates": [-122.3271561, 47.6153183]}}, {"type": "Feature", "properties": {"id": 10281498858, "name": "Di Fiora", "category": "restaurant", "tags": ["restaurant", "asian", "vegetarian", "fusion"], "sources": ["osm", "overture"], "website": "http://www.difiora.com", "phone": "+12063255508", "address": "1320 University St", "hours": "Mo-Th 12:00-16:00,17:00-21:30; Fr 12:00-16:00,17:00-22:00; Sa 11:00-16:00,17:00-22:00; Su 11:00-16:00,17:00-21:30", "stations": [{"stopCode": 49, "lines": "1,2", "name": "Capitol Hill Station", "walkingMeters": 965, "walkingSeconds": 696, "band": 15}]}, "geometry": {"type": "Point", "coordinates": [-122.3240874, 47.6128824]}}, {"type": "Feature", "properties": {"id": 11009009325, "name": "Chicken Factory", "category": "fast_food", "tags": ["fast-food", "chicken"], "sources": ["osm"], "address": "1412 Harvard Avenue", "hours": "11:00-21:00", "stations": [{"stopCode": 49, "lines": "1,2", "name": "Capitol Hill Station", "walkingMeters": 658, "walkingSeconds": 474, "band": 10}]}, "geometry": {"type": "Point", "coordinates": [-122.3212687, 47.613861]}}, {"type": "Feature", "properties": {"id": 11215863311, "name": "Ltd Edition Sushi", "category": "restaurant", "tags": ["restaurant", "sushi", "reservations", "japanese", "asian"], "sources": ["osm", "overture"], "website": "https://www.ltdeditionsushi.com", "phone": "+12064534627", "address": "1641 Nagle Pl", "stations": [{"stopCode": 49, "lines": "1,2", "name": "Capitol Hill Station", "walkingMeters": 351, "walkingSeconds": 252, "band": 5}]}, "geometry": {"type": "Point", "coordinates": [-122.3202013, 47.6159095]}}, {"type": "Feature", "properties": {"id": 11577973532, "name": "Pinoyshki Bakery & Cafe", "category": "restaurant", "tags": ["restaurant", "filipino", "russian", "delivery"], "sources": ["osm"], "website": "https://pinoyshki.com/", "phone": "+1-206-322-2820", "address": "715 East Pine Street", "hours": "Mo off; Tu-We 08:30-14:30; Th-Su 08:30-18:00", "stations": [{"stopCode": 49, "lines": "1,2", "name": "Capitol Hill Station", "walkingMeters": 624, "walkingSeconds": 449, "band": 10}]}, "geometry": {"type": "Point", "coordinates": [-122.3226912, 47.6150721]}}, {"type": "Feature", "properties": {"id": "7ce637ea-346e-41b7-ad28-87e34f805eec", "name": "Arosa Cafe", "category": "restaurant", "tags": ["restaurant"], "sources": ["overture"], "website": "https://www.arosacafe.com", "address": "1310 Madison St", "stations": [{"stopCode": 49, "lines": "1,2", "name": "Capitol Hill Station", "walkingMeters": 1090, "walkingSeconds": 789, "band": 15}]}, "geometry": {"type": "Point", "coordinates": [-122.3225861, 47.6107368]}}, {"type": "Feature", "properties": {"id": 12113765398, "name": "Social Tea", "category": "cafe", "tags": ["cafe", "bubble-tea"], "sources": ["osm"], "address": "1212 Pine Street", "stations": [{"stopCode": 50, "lines": "1,2", "name": "Westlake Station", "walkingMeters": 769, "walkingSeconds": 555, "band": 15}, {"stopCode": 49, "lines": "1,2", "name": "Capitol Hill Station", "walkingMeters": 907, "walkingSeconds": 656, "band": 10}]}, "geometry": {"type": "Point", "coordinates": [-122.3283645, 47.6152515]}}, {"type": "Feature", "properties": {"id": 12179273279, "name": "Baiten Bakery", "category": "ice_cream", "tags": ["ice-cream", "outdoor-seating", "takeaway"], "sources": ["osm"], "website": "https://www.tamaribarseattle.com/baiten-2", "phone": "+1-206-979-8800", "address": "510 East Pine Street", "hours": "Tu-Su 12:00-22:00", "stations": [{"stopCode": 49, "lines": "1,2", "name": "Capitol Hill Station", "walkingMeters": 770, "walkingSeconds": 555, "band": 10}]}, "geometry": {"type": "Point", "coordinates": [-122.3251577, 47.6153661]}}, {"type": "Feature", "properties": {"id": 12540090601, "name": "Piedmont Caf\u00e9", "category": "cafe", "tags": ["cafe", "coffee-shop"], "sources": ["osm", "overture"], "website": "http://www.piedmontseattle.com/", "phone": "+12066599899", "address": "1215 Seneca St Ste 100", "hours": "Mo-Fr 07:00-15:00; Sa-Su 08:00-15:00", "stations": [{"stopCode": 49, "lines": "1,2", "name": "Capitol Hill Station", "walkingMeters": 1062, "walkingSeconds": 764, "band": 15}]}, "geometry": {"type": "Point", "coordinates": [-122.3242968, 47.6115087]}}, {"type": "Feature", "properties": {"id": 12550129812, "name": "Seasmith Coffee", "category": "cafe", "tags": ["cafe", "indoor-seating"], "sources": ["osm"], "address": "118 Broadway East", "hours": "Mo-Su 07:00-21:00", "stations": [{"stopCode": 49, "lines": "1,2", "name": "Capitol Hill Station", "walkingMeters": 78, "walkingSeconds": 56, "band": 5}]}, "geometry": {"type": "Point", "coordinates": [-122.3206635, 47.618897]}}, {"type": "Feature", "properties": {"id": 12732311401, "name": "Inside Passage", "category": "bar", "tags": ["bar", "asian", "cocktail"], "sources": ["osm", "overture"], "website": "https://www.insidepassageseattle.com/", "phone": "+12065837177", "address": "1108 Pike St", "hours": "Su, Tu-We 17:00-22:00; Th-Sa 17:00-23:00", "stations": [{"stopCode": 50, "lines": "1,2", "name": "Westlake Station", "walkingMeters": 762, "walkingSeconds": 550, "band": 15}, {"stopCode": 51, "lines": "1,2", "name": "Symphony Station", "walkingMeters": 1017, "walkingSeconds": 732, "band": 15}, {"stopCode": 49, "lines": "1,2", "name": "Capitol Hill Station", "walkingMeters": 1080, "walkingSeconds": 783, "band": 15}]}, "geometry": {"type": "Point", "coordinates": [-122.3286412, 47.6137735]}}, {"type": "Feature", "properties": {"id": 12861633703, "name": "Ph\u00ea", "category": "cafe", "tags": ["cafe", "coffee-shop", "vietnamese"], "sources": ["osm"], "website": "https://phecafe.com/", "phone": "+1-206-747-0077", "address": "721 East Pine Street", "hours": "Mo-Fr 08:00-16:00; Sa-Su 09:00-17:00", "stations": [{"stopCode": 49, "lines": "1,2", "name": "Capitol Hill Station", "walkingMeters": 610, "walkingSeconds": 439, "band": 10}]}, "geometry": {"type": "Point", "coordinates": [-122.3225097, 47.6150844]}}, {"type": "Feature", "properties": {"id": 13075254961, "name": "Romi\u00f3s", "category": "restaurant", "tags": ["restaurant", "italian"], "sources": ["osm"], "stations": [{"stopCode": 50, "lines": "1,2", "name": "Westlake Station", "walkingMeters": 712, "walkingSeconds": 514, "band": 10}, {"stopCode": 51, "lines": "1,2", "name": "Symphony Station", "walkingMeters": 932, "walkingSeconds": 670, "band": 15}, {"stopCode": 49, "lines": "1,2", "name": "Capitol Hill Station", "walkingMeters": 1165, "walkingSeconds": 844, "band": 15}]}, "geometry": {"type": "Point", "coordinates": [-122.3291542, 47.6131729]}}, {"type": "Feature", "properties": {"id": 13270679812, "name": "Open Form", "category": "cafe", "tags": ["cafe", "persian", "coffee-shop", "indoor-seating", "wifi"], "sources": ["osm"], "website": "https://openform.space/", "address": "500 East Pike Street", "hours": "We-Su 10:00-18:00", "stations": [{"stopCode": 49, "lines": "1,2", "name": "Capitol Hill Station", "walkingMeters": 908, "walkingSeconds": 655, "band": 10}, {"stopCode": 50, "lines": "1,2", "name": "Westlake Station", "walkingMeters": 1031, "walkingSeconds": 743, "band": 15}]}, "geometry": {"type": "Point", "coordinates": [-122.3253191, 47.6142358]}}, {"type": "Feature", "properties": {"id": 13551131370, "name": "Hawk Dog", "category": "fast_food", "tags": ["fast-food", "hot-dog"], "sources": ["osm"], "stations": [{"stopCode": 49, "lines": "1,2", "name": "Capitol Hill Station", "walkingMeters": 610, "walkingSeconds": 439, "band": 10}]}, "geometry": {"type": "Point", "coordinates": [-122.3202879, 47.6141963]}}, {"type": "Feature", "properties": {"id": 13733684026, "name": "Cha Chak", "category": "cafe", "tags": ["cafe"], "sources": ["osm"], "address": "118 Broadway", "stations": [{"stopCode": 49, "lines": "1,2", "name": "Capitol Hill Station", "walkingMeters": 48, "walkingSeconds": 34, "band": 5}]}, "geometry": {"type": "Point", "coordinates": [-122.3204551, 47.6188994]}}, {"type": "Feature", "properties": {"id": 13922010001, "name": "The Buzz Cafe", "category": "cafe", "tags": ["cafe"], "sources": ["osm", "overture"], "website": "https://www.seattlecentral.edu/faculty/tschultz", "phone": "12069343800", "address": "1701 Broadway", "hours": "Mo 07:30-11:00; Tu-Fr 07:30-14:00", "stations": [{"stopCode": 49, "lines": "1,2", "name": "Capitol Hill Station", "walkingMeters": 379, "walkingSeconds": 273, "band": 5}]}, "geometry": {"type": "Point", "coordinates": [-122.3213264, 47.6163351]}}, {"type": "Feature", "properties": {"id": 14018515901, "name": "Paper Fan Cocktail Bar", "category": "bar", "tags": ["bar", "reservations", "cocktails", "cocktail"], "sources": ["osm", "overture"], "website": "https://tables.toasttab.com/restaurants/c1984699-d3cc-491a-b21b-005e03342ed1/reserve?partySize=2&dateTime=2025-02-20T11%3A30%3A00.000-08%3A00", "phone": "+12066449166", "address": "601 E Pike St", "hours": "Mo-Th 17:00-21:00; Fr-Sa 17:00-22:00; Su off", "stations": [{"stopCode": 49, "lines": "1,2", "name": "Capitol Hill Station", "walkingMeters": 848, "walkingSeconds": 612, "band": 10}]}, "geometry": {"type": "Point", "coordinates": [-122.3241801, 47.6139075]}}, {"type": "Feature", "properties": {"id": 14086348416, "name": "Jeepney Cap Hill", "category": "restaurant", "tags": ["restaurant", "filipino"], "sources": ["osm"], "address": "1356 East Olive Way", "stations": [{"stopCode": 49, "lines": "1,2", "name": "Capitol Hill Station", "walkingMeters": 702, "walkingSeconds": 507, "band": 10}, {"stopCode": 50, "lines": "1,2", "name": "Westlake Station", "walkingMeters": 992, "walkingSeconds": 716, "band": 15}]}, "geometry": {"type": "Point", "coordinates": [-122.3275651, 47.6169163]}}, {"type": "Feature", "properties": {"id": 206048430, "name": "E.A.T. Asian Tapas", "category": "restaurant", "tags": ["restaurant", "asian", "fusion"], "sources": ["osm", "overture"], "website": "http://eatasiantapas.com/", "phone": "+12064305252", "address": "1621 E Olive Wy", "stations": [{"stopCode": 49, "lines": "1,2", "name": "Capitol Hill Station", "walkingMeters": 448, "walkingSeconds": 321, "band": 5}]}, "geometry": {"type": "Point", "coordinates": [-122.3245452, 47.6193251]}}, {"type": "Feature", "properties": {"id": 206048450, "name": "Dick's Drive-In - Broadway", "category": "fast_food", "tags": ["fast-food", "burger", "wheelchair-accessible"], "sources": ["osm"], "website": "https://ddir.com/", "phone": "+1-206-323-1300", "address": "115 Broadway East", "hours": "Mo-Su 10:30-02:00", "stations": [{"stopCode": 49, "lines": "1,2", "name": "Capitol Hill Station", "walkingMeters": 152, "walkingSeconds": 110, "band": 5}]}, "geometry": {"type": "Point", "coordinates": [-122.3211927, 47.6193222]}}, {"type": "Feature", "properties": {"id": 206623323, "name": "Linda's Tavern", "category": "pub", "tags": ["pub", "outdoor-seating", "smoking", "bar"], "sources": ["osm", "overture"], "website": "http://lindastavern.com/", "phone": "+12063251220", "address": "707 E Pine St", "hours": "Mo-Fr 16:00-02:00, Sa,Su 10:00-02:00", "stations": [{"stopCode": 49, "lines": "1,2", "name": "Capitol Hill Station", "walkingMeters": 648, "walkingSeconds": 466, "band": 10}]}, "geometry": {"type": "Point", "coordinates": [-122.3230109, 47.6150538]}}, {"type": "Feature", "properties": {"id": 236755623, "name": "Garage", "category": "pub", "tags": ["pub", "billiards", "outdoor-seating"], "sources": ["osm"], "website": "http://www.garagebilliards.com/mambo/", "phone": "+1-206-322-2296", "address": "1130 Broadway", "hours": "15:00-02:00", "stations": [{"stopCode": 49, "lines": "1,2", "name": "Capitol Hill Station", "walkingMeters": 811, "walkingSeconds": 584, "band": 10}]}, "geometry": {"type": "Point", "coordinates": [-122.3202728, 47.6123503]}}, {"type": "Feature", "properties": {"id": 434703404, "name": "Noren Sushi", "category": "restaurant", "tags": ["restaurant", "japanese", "sushi"], "sources": ["osm"], "website": "https://www.norensushi.com/", "phone": "+1-206-327-9269", "address": "320 East Pike Street", "hours": "Su-Th 16:00-24:00; Fr,Sa 16:00-26:00", "stations": [{"stopCode": 50, "lines": "1,2", "name": "Westlake Station", "walkingMeters": 919, "walkingSeconds": 662, "band": 15}, {"stopCode": 49, "lines": "1,2", "name": "Capitol Hill Station", "walkingMeters": 942, "walkingSeconds": 679, "band": 15}]}, "geometry": {"type": "Point", "coordinates": [-122.3270471, 47.614323]}}, {"type": "Feature", "properties": {"id": 434703405, "name": "Seattle Eagle", "category": "bar", "tags": ["bar", "gay"], "sources": ["osm", "overture"], "website": "http://www.seattleeagle.com", "phone": "12066217591", "address": "314 E Pike St", "stations": [{"stopCode": 50, "lines": "1,2", "name": "Westlake Station", "walkingMeters": 887, "walkingSeconds": 639, "band": 15}, {"stopCode": 49, "lines": "1,2", "name": "Capitol Hill Station", "walkingMeters": 973, "walkingSeconds": 702, "band": 15}]}, "geometry": {"type": "Point", "coordinates": [-122.3271692, 47.6143292]}}, {"type": "Feature", "properties": {"id": "67627020-5ccb-4bf6-8e19-9a3d273a7d08", "name": "Dick's Drive-In", "category": "fast_food", "tags": ["fast-food", "fast", "food", "burger", "american"], "sources": ["overture"], "website": "http://www.ddir.com", "phone": "+12063231300", "address": "115 Broadway E", "stations": [{"stopCode": 49, "lines": "1,2", "name": "Capitol Hill Station", "walkingMeters": 152, "walkingSeconds": 109, "band": 5}]}, "geometry": {"type": "Point", "coordinates": [-122.3211823, 47.6193237]}}, {"type": "Feature", "properties": {"id": "1347b9c8-b0bd-4312-ace1-f36066b42a3b", "name": "Gold Bar", "category": "bar", "tags": ["bar", "cocktail"], "sources": ["overture"], "website": "https://www.goldbarseattle.com", "phone": "12066079027", "address": "1416 E Olive Way", "stations": [{"stopCode": 49, "lines": "1,2", "name": "Capitol Hill Station", "walkingMeters": 592, "walkingSeconds": 427, "band": 10}, {"stopCode": 50, "lines": "1,2", "name": "Westlake Station", "walkingMeters": 1104, "walkingSeconds": 796, "band": 15}]}, "geometry": {"type": "Point", "coordinates": [-122.3265686, 47.6175995]}}, {"type": "Feature", "properties": {"id": "fb033423-92d0-48c6-8c7c-f7ccb544a7fe", "name": "Chipotle Mexican Grill", "category": "restaurant", "tags": ["restaurant", "mexican", "taco", "texmex"], "sources": ["overture"], "website": "https://locations.chipotle.com/wa/seattle/1415-broadway?utm_source=facebook&utm_medium=yext&utm_campaign=yext_listings%3Frestaurant%3D1984", "phone": "+12065123500", "address": "1415 Broadway", "stations": [{"stopCode": 49, "lines": "1,2", "name": "Capitol Hill Station", "walkingMeters": 692, "walkingSeconds": 498, "band": 10}]}, "geometry": {"type": "Point", "coordinates": [-122.3209381, 47.6134148]}}, {"type": "Feature", "properties": {"id": "f4b97b78-42e2-4910-9c50-1a0e34ef98ba", "name": "Mary's Kitchen at El Corazon", "category": "restaurant", "tags": ["restaurant", "comfort-food", "comfort", "food"], "sources": ["overture"], "website": "http://www.maryskitchenguests.com", "phone": "(206) 245-3857", "address": "109 Eastlake Ave E", "stations": [{"stopCode": 49, "lines": "1,2", "name": "Capitol Hill Station", "walkingMeters": 957, "walkingSeconds": 695, "band": 10}, {"stopCode": 50, "lines": "1,2", "name": "Westlake Station", "walkingMeters": 1122, "walkingSeconds": 807, "band": 15}]}, "geometry": {"type": "Point", "coordinates": [-122.3292923, 47.6188583]}}, {"type": "Feature", "properties": {"id": "b76af2ad-5dde-408b-b384-4e1dbe54698a", "name": "The Peach & The Pig @ El Corazon", "category": "restaurant", "tags": ["restaurant", "barbecue"], "sources": ["overture"], "website": "http://www.thepeachandthepig.com", "phone": "(206) 476-8094", "address": "109 Eastlake Ave E", "stations": [{"stopCode": 49, "lines": "1,2", "name": "Capitol Hill Station", "walkingMeters": 945, "walkingSeconds": 686, "band": 10}, {"stopCode": 50, "lines": "1,2", "name": "Westlake Station", "walkingMeters": 1110, "walkingSeconds": 798, "band": 15}]}, "geometry": {"type": "Point", "coordinates": [-122.3292007, 47.6187515]}}, {"type": "Feature", "properties": {"id": "f16ad693-2f79-4910-87d2-a1c625be7aa9", "name": "Aladdin Hookah Lounge", "category": "bar", "tags": ["bar", "hookah"], "sources": ["overture"], "website": "http://seattlealaddinhookahlounge.com/", "phone": "+12062617592", "address": "1314 Denny Wy #101", "stations": [{"stopCode": 49, "lines": "1,2", "name": "Capitol Hill Station", "walkingMeters": 899, "walkingSeconds": 653, "band": 10}, {"stopCode": 50, "lines": "1,2", "name": "Westlake Station", "walkingMeters": 1094, "walkingSeconds": 789, "band": 15}]}, "geometry": {"type": "Point", "coordinates": [-122.3296509, 47.6185722]}}, {"type": "Feature", "properties": {"id": "fc497a17-3114-423f-8c6b-a8b41eb109a6", "name": "Bistro on Yale Restaurant & Bar", "category": "restaurant", "tags": ["restaurant", "american"], "sources": ["overture"], "website": "http://www.marriott.com/hotels/hotel-information/restaurant/seadt-springhill-suites-seattle-downtown-south-lake-union", "phone": "+12062540500", "address": "1808 Yale Ave", "stations": [{"stopCode": 49, "lines": "1,2", "name": "Capitol Hill Station", "walkingMeters": 936, "walkingSeconds": 680, "band": 10}, {"stopCode": 50, "lines": "1,2", "name": "Westlake Station", "walkingMeters": 997, "walkingSeconds": 717, "band": 15}]}, "geometry": {"type": "Point", "coordinates": [-122.3299789, 47.6178131]}}, {"type": "Feature", "properties": {"id": "0fd0991a-3e79-48f5-aef5-a8707f0d25f8", "name": "Northwest Trophy Inc", "category": "restaurant", "tags": ["restaurant"], "sources": ["overture"], "address": "1314 Howell St", "stations": [{"stopCode": 49, "lines": "1,2", "name": "Capitol Hill Station", "walkingMeters": 918, "walkingSeconds": 685, "band": 10}, {"stopCode": 50, "lines": "1,2", "name": "Westlake Station", "walkingMeters": 1170, "walkingSeconds": 873, "band": 15}]}, "geometry": {"type": "Point", "coordinates": [-122.3294983, 47.618042]}}, {"type": "Feature", "properties": {"id": "58a80861-c240-42ff-a118-927ba4ae8423", "name": "Razzis Pizzeria Downtown", "category": "restaurant", "tags": ["restaurant", "pizza", "italian"], "sources": ["overture"], "website": "http://www.razzispizza.com", "phone": "+12065882425", "address": "1314 Howell St", "stations": [{"stopCode": 49, "lines": "1,2", "name": "Capitol Hill Station", "walkingMeters": 907, "walkingSeconds": 677, "band": 10}, {"stopCode": 50, "lines": "1,2", "name": "Westlake Station", "walkingMeters": 1169, "walkingSeconds": 872, "band": 15}]}, "geometry": {"type": "Point", "coordinates": [-122.329361, 47.6179581]}}, {"type": "Feature", "properties": {"id": "2634adc2-9e11-45cb-b37d-f3fc2b53b8d9", "name": "Kigo Kitchen", "category": "restaurant", "tags": ["restaurant", "asian", "fusion"], "sources": ["overture"], "website": "https://www.kigokitchen.com", "phone": "+12068056225", "address": "1730 Minor Ave", "stations": [{"stopCode": 50, "lines": "1,2", "name": "Westlake Station", "walkingMeters": 897, "walkingSeconds": 647, "band": 15}, {"stopCode": 49, "lines": "1,2", "name": "Capitol Hill Station", "walkingMeters": 1029, "walkingSeconds": 745, "band": 15}]}, "geometry": {"type": "Point", "coordinates": [-122.3297577, 47.6168823]}}, {"type": "Feature", "properties": {"id": "164b9bfd-ee77-4fa7-814b-8ab1b8995d61", "name": "Kigo Kitchen", "category": "restaurant", "tags": ["restaurant"], "sources": ["overture"], "website": "https://www.kigokitchen.com", "address": "1620 Broadway Ste 209", "stations": [{"stopCode": 49, "lines": "1,2", "name": "Capitol Hill Station", "walkingMeters": 457, "walkingSeconds": 341, "band": 5}]}, "geometry": {"type": "Point", "coordinates": [-122.3203888, 47.6158981]}}, {"type": "Feature", "properties": {"id": "b796cb72-0bb5-4428-b01b-ed5de13b254d", "name": "Wasabi Sushi Sea", "category": "restaurant", "tags": ["restaurant", "sushi"], "sources": ["overture"], "phone": "2068907056", "address": "1202 Pine St", "stations": [{"stopCode": 50, "lines": "1,2", "name": "Westlake Station", "walkingMeters": 852, "walkingSeconds": 615, "band": 15}, {"stopCode": 49, "lines": "1,2", "name": "Capitol Hill Station", "walkingMeters": 852, "walkingSeconds": 616, "band": 10}]}, "geometry": {"type": "Point", "coordinates": [-122.3285599, 47.6152649]}}, {"type": "Feature", "properties": {"id": "3097c23d-fe6d-4bfb-91db-3b926bf29fa3", "name": "PHO 4U RESTAURANT", "category": "restaurant", "tags": ["restaurant", "vietnamese", "asian", "noodles"], "sources": ["overture"], "phone": "+12068907056", "address": "1202 Pine St", "stations": [{"stopCode": 50, "lines": "1,2", "name": "Westlake Station", "walkingMeters": 935, "walkingSeconds": 698, "band": 15}, {"stopCode": 49, "lines": "1,2", "name": "Capitol Hill Station", "walkingMeters": 1005, "walkingSeconds": 750, "band": 15}]}, "geometry": {"type": "Point", "coordinates": [-122.3287048, 47.6151314]}}, {"type": "Feature", "properties": {"id": "c0b0bdd3-9ccf-408b-b652-3d73f407b682", "name": "Baguette Box", "category": "restaurant", "tags": ["restaurant", "sandwich"], "sources": ["overture"], "website": "http://baguetteboxseattle.com", "phone": "(206) 332-0220", "address": "1203 Pine St", "stations": [{"stopCode": 50, "lines": "1,2", "name": "Westlake Station", "walkingMeters": 718, "walkingSeconds": 529, "band": 15}, {"stopCode": 49, "lines": "1,2", "name": "Capitol Hill Station", "walkingMeters": 942, "walkingSeconds": 683, "band": 15}, {"stopCode": 51, "lines": "1,2", "name": "Symphony Station", "walkingMeters": 1166, "walkingSeconds": 841, "band": 15}]}, "geometry": {"type": "Point", "coordinates": [-122.3285675, 47.6149445]}}, {"type": "Feature", "properties": {"id": "1ef8f627-12b8-4fa0-8391-58e9d405911f", "name": "Meaty Johnson\u2019s Bbq", "category": "restaurant", "tags": ["restaurant", "barbecue"], "sources": ["overture"], "website": "http://meatyjohnsons.com", "phone": "(206) 817-4280", "address": "1201 Pine St", "stations": [{"stopCode": 50, "lines": "1,2", "name": "Westlake Station", "walkingMeters": 736, "walkingSeconds": 539, "band": 15}, {"stopCode": 49, "lines": "1,2", "name": "Capitol Hill Station", "walkingMeters": 941, "walkingSeconds": 682, "band": 15}]}, "geometry": {"type": "Point", "coordinates": [-122.3284149, 47.6149101]}}, {"type": "Feature", "properties": {"id": "5bee5a59-1a8e-4033-8708-a3ac9f1cfc2d", "name": "Qin Xi'an Noodles", "category": "restaurant", "tags": ["restaurant", "asian", "fusion", "noodles"], "sources": ["overture"], "website": "https://qinxiannoodleswa.com/", "address": "1203 Pine St", "stations": [{"stopCode": 50, "lines": "1,2", "name": "Westlake Station", "walkingMeters": 733, "walkingSeconds": 537, "band": 15}, {"stopCode": 49, "lines": "1,2", "name": "Capitol Hill Station", "walkingMeters": 944, "walkingSeconds": 684, "band": 15}, {"stopCode": 51, "lines": "1,2", "name": "Symphony Station", "walkingMeters": 1161, "walkingSeconds": 837, "band": 15}]}, "geometry": {"type": "Point", "coordinates": [-122.3284149, 47.6148605]}}, {"type": "Feature", "properties": {"id": "5e506563-8163-409b-bc9d-e283fb69fa0c", "name": "Chutneys Queen Anne Indian", "category": "restaurant", "tags": ["restaurant", "seafood"], "sources": ["overture"], "website": "https://www.seattlechutneys.com", "phone": "(206) 432-9355", "address": "1100 Pike St", "stations": [{"stopCode": 50, "lines": "1,2", "name": "Westlake Station", "walkingMeters": 754, "walkingSeconds": 544, "band": 10}, {"stopCode": 51, "lines": "1,2", "name": "Symphony Station", "walkingMeters": 1009, "walkingSeconds": 726, "band": 15}, {"stopCode": 49, "lines": "1,2", "name": "Capitol Hill Station", "walkingMeters": 1088, "walkingSeconds": 788, "band": 15}]}, "geometry": {"type": "Point", "coordinates": [-122.328804, 47.6138153]}}, {"type": "Feature", "properties": {"id": "e2ae82a5-4818-4777-a3ba-c35ec64a5691", "name": "Zaika Seattle", "category": "restaurant", "tags": ["restaurant", "indian", "asian"], "sources": ["overture"], "website": "https://zaikaseattle.com", "phone": "+12064329355", "address": "1100 Pike St", "stations": [{"stopCode": 50, "lines": "1,2", "name": "Westlake Station", "walkingMeters": 822, "walkingSeconds": 613, "band": 10}, {"stopCode": 51, "lines": "1,2", "name": "Symphony Station", "walkingMeters": 1095, "walkingSeconds": 817, "band": 15}, {"stopCode": 49, "lines": "1,2", "name": "Capitol Hill Station", "walkingMeters": 1151, "walkingSeconds": 859, "band": 15}]}, "geometry": {"type": "Point", "coordinates": [-122.3288727, 47.6136551]}}, {"type": "Feature", "properties": {"id": "5c8a19f3-2542-441d-a9ab-1273c3dcfbe6", "name": "Harman Foods Inc", "category": "restaurant", "tags": ["restaurant"], "sources": ["overture"], "address": "1011 Pike St Ste B", "stations": [{"stopCode": 50, "lines": "1,2", "name": "Westlake Station", "walkingMeters": 757, "walkingSeconds": 565, "band": 10}, {"stopCode": 51, "lines": "1,2", "name": "Symphony Station", "walkingMeters": 1000, "walkingSeconds": 746, "band": 15}, {"stopCode": 49, "lines": "1,2", "name": "Capitol Hill Station", "walkingMeters": 1242, "walkingSeconds": 927, "band": 15}]}, "geometry": {"type": "Point", "coordinates": [-122.3292465, 47.6130104]}}, {"type": "Feature", "properties": {"id": "789e67d9-c1c0-4309-9dcf-57c0ea650844", "name": "Tully's Coffee", "category": "cafe", "tags": ["cafe", "coffee"], "sources": ["overture"], "website": "http://www.tullyscoffeeshops.com", "phone": "(206) 625-7373", "address": "925 Seneca St", "stations": [{"stopCode": 51, "lines": "1,2", "name": "Symphony Station", "walkingMeters": 764, "walkingSeconds": 551, "band": 15}, {"stopCode": 50, "lines": "1,2", "name": "Westlake Station", "walkingMeters": 966, "walkingSeconds": 694, "band": 15}]}, "geometry": {"type": "Point", "coordinates": [-122.327652, 47.6100235]}}, {"type": "Feature", "properties": {"id": "a9014fbb-ae9d-4396-b7a5-d73ede4354e2", "name": "Stumptown Coffee Roasters", "category": "cafe", "tags": ["cafe", "coffee"], "sources": ["overture"], "website": "http://stumptowncoffee.com/", "phone": "(206) 329-0115", "address": "616 E Pine St", "stations": [{"stopCode": 49, "lines": "1,2", "name": "Capitol Hill Station", "walkingMeters": 669, "walkingSeconds": 483, "band": 10}]}, "geometry": {"type": "Point", "coordinates": [-122.3237686, 47.6153488]}}, {"type": "Feature", "properties": {"id": "2ac300be-149a-44cc-a49a-95b503468f13", "name": "Stoup Brewing \u2013 Capitol Hill", "category": "bar", "tags": ["bar", "brewery"], "sources": ["overture"], "website": "https://www.stoupbrewing.com/capitol-hill", "phone": "(206) 659-8962", "address": "1158 Broadway", "stations": [{"stopCode": 49, "lines": "1,2", "name": "Capitol Hill Station", "walkingMeters": 760, "walkingSeconds": 548, "band": 10}]}, "geometry": {"type": "Point", "coordinates": [-122.3202667, 47.6127472]}}, {"type": "Feature", "properties": {"id": "6b52b66e-2126-432d-a07b-83c8a54fca3e", "name": "Lil J's Super Dawgs", "category": "restaurant", "tags": ["restaurant", "hot-dog", "hot", "dog"], "sources": ["overture"], "website": "http://www.liljsuperdawgs.com", "phone": "12062807850", "address": "909 E Union St", "stations": [{"stopCode": 49, "lines": "1,2", "name": "Capitol Hill Station", "walkingMeters": 918, "walkingSeconds": 685, "band": 10}]}, "geometry": {"type": "Point", "coordinates": [-122.3202667, 47.6127129]}}, {"type": "Feature", "properties": {"id": "bed7e789-576c-41ec-8924-7d2d923d244c", "name": "Optimism Brewing Company", "category": "bar", "tags": ["bar", "brewery"], "sources": ["overture"], "website": "http://www.optimismbrewing.com", "phone": "12066515429", "address": "909 E Union St", "stations": [{"stopCode": 49, "lines": "1,2", "name": "Capitol Hill Station", "walkingMeters": 918, "walkingSeconds": 685, "band": 10}]}, "geometry": {"type": "Point", "coordinates": [-122.3202667, 47.6127129]}}, {"type": "Feature", "properties": {"id": "f1357232-68b9-4496-8e5d-844ffc3a41f7", "name": "206 Burger Co. & Bar", "category": "restaurant", "tags": ["restaurant", "burger", "fast-food", "american"], "sources": ["overture"], "website": "http://www.206burgercompany.com/", "phone": "+12067172867", "address": "1401 Broadway", "stations": [{"stopCode": 49, "lines": "1,2", "name": "Capitol Hill Station", "walkingMeters": 724, "walkingSeconds": 521, "band": 10}]}, "geometry": {"type": "Point", "coordinates": [-122.3209686, 47.6131172]}}, {"type": "Feature", "properties": {"id": "50dbf775-8ae2-455a-9345-a9613979b0c1", "name": "8oz Burger Bar", "category": "restaurant", "tags": ["restaurant", "burger"], "sources": ["overture"], "website": "http://8ozburgerandco.com", "phone": "(206) 466-5989", "address": "1401 Broadway", "stations": [{"stopCode": 49, "lines": "1,2", "name": "Capitol Hill Station", "walkingMeters": 723, "walkingSeconds": 520, "band": 10}]}, "geometry": {"type": "Point", "coordinates": [-122.3210144, 47.6131248]}}, {"type": "Feature", "properties": {"id": "4c77f979-3ec8-45fc-9edc-fbac24c328a6", "name": "8oz Burger & Co", "category": "restaurant", "tags": ["restaurant"], "sources": ["overture"], "website": "https://8ozburgerandco.com", "address": "1401 Broadway", "stations": [{"stopCode": 49, "lines": "1,2", "name": "Capitol Hill Station", "walkingMeters": 864, "walkingSeconds": 645, "band": 10}]}, "geometry": {"type": "Point", "coordinates": [-122.3210983, 47.6131134]}}, {"type": "Feature", "properties": {"id": "2b4c179f-f711-41e4-a7cc-e85010ff0c7f", "name": "La Spiga", "category": "restaurant", "tags": ["restaurant"], "sources": ["overture"], "website": "https://www.laspiga.com", "address": "1401 Broadway", "stations": [{"stopCode": 49, "lines": "1,2", "name": "Capitol Hill Station", "walkingMeters": 864, "walkingSeconds": 645, "band": 10}]}, "geometry": {"type": "Point", "coordinates": [-122.3210983, 47.6131134]}}, {"type": "Feature", "properties": {"id": "2ee14ec7-d8e7-441b-9565-216e2454f5cc", "name": "Optum - Broadway Imaging", "category": "restaurant", "tags": ["restaurant", "breakfast-and-brunch", "breakfast", "brunch"], "sources": ["overture"], "website": "https://www.polyclinic.com/locations-nav/locations/wa/optum-broadway-imaging-1145-broadway-seattle-wa-98122/DMC94068458.html", "phone": "2068605496", "address": "1145 Broadway", "stations": [{"stopCode": 49, "lines": "1,2", "name": "Capitol Hill Station", "walkingMeters": 800, "walkingSeconds": 576, "band": 10}]}, "geometry": {"type": "Point", "coordinates": [-122.3212128, 47.6124344]}}, {"type": "Feature", "properties": {"id": "6f62ba14-01f2-40d6-bc3d-a00c69faf698", "name": "Stella Lounge", "category": "bar", "tags": ["bar"], "sources": ["overture"], "website": "https://www.wholefoodsmarket.com/stores/madisonbroadway", "phone": "2068023720", "address": "1001 Broadway", "stations": [{"stopCode": 49, "lines": "1,2", "name": "Capitol Hill Station", "walkingMeters": 927, "walkingSeconds": 667, "band": 15}]}, "geometry": {"type": "Point", "coordinates": [-122.3210144, 47.6112938]}}, {"type": "Feature", "properties": {"id": "8d75ced1-52e8-44b8-81dc-3d70f0e3f309", "name": "DoubleTree By Hilton Cookie CAREavan", "category": "fast_food", "tags": ["fast-food", "food", "truck"], "sources": ["overture"], "website": "http://www.doubletree.com", "address": "Westlake Park", "stations": [{"stopCode": 49, "lines": "1,2", "name": "Capitol Hill Station", "walkingMeters": 986, "walkingSeconds": 709, "band": 15}]}, "geometry": {"type": "Point", "coordinates": [-122.3231506, 47.6117668]}}, {"type": "Feature", "properties": {"id": "dca2e833-a302-4941-8a95-a78fa1648c6b", "name": "First Hill", "category": "restaurant", "tags": ["restaurant", "sandwich", "fast-food", "wrap"], "sources": ["overture"], "address": "1208 Madison Street", "stations": [{"stopCode": 49, "lines": "1,2", "name": "Capitol Hill Station", "walkingMeters": 1345, "walkingSeconds": 1004, "band": 15}]}, "geometry": {"type": "Point", "coordinates": [-122.3237534, 47.6100693]}}, {"type": "Feature", "properties": {"id": "d859208f-7293-4a0c-8ff1-66367864a608", "name": "Bitcoin Pizza - First Hill", "category": "restaurant", "tags": ["restaurant", "pizza"], "sources": ["overture"], "website": "https://www.eatbitcoinpizza.com", "phone": "+18887111774", "address": "1321 Madison St", "stations": [{"stopCode": 49, "lines": "1,2", "name": "Capitol Hill Station", "walkingMeters": 1275, "walkingSeconds": 951, "band": 15}]}, "geometry": {"type": "Point", "coordinates": [-122.3219299, 47.6103172]}}, {"type": "Feature", "properties": {"id": "f6117eef-cc96-4867-ab56-b178c7a639ee", "name": "Shayna Investments Inc", "category": "restaurant", "tags": ["restaurant"], "sources": ["overture"], "address": "1321 Madison St", "stations": [{"stopCode": 49, "lines": "1,2", "name": "Capitol Hill Station", "walkingMeters": 1275, "walkingSeconds": 951, "band": 15}]}, "geometry": {"type": "Point", "coordinates": [-122.3219299, 47.6103172]}}, {"type": "Feature", "properties": {"id": "a8de0bcc-09ad-4d32-82e1-583a0cbdd0c3", "name": "Virgina Mason", "category": "restaurant", "tags": ["restaurant"], "sources": ["overture"], "website": "https://virginamason.org", "address": "1201 Terry Ave", "stations": [{"stopCode": 50, "lines": "1,2", "name": "Westlake Station", "walkingMeters": 849, "walkingSeconds": 634, "band": 15}, {"stopCode": 51, "lines": "1,2", "name": "Symphony Station", "walkingMeters": 861, "walkingSeconds": 643, "band": 15}]}, "geometry": {"type": "Point", "coordinates": [-122.3281479, 47.6105194]}}, {"type": "Feature", "properties": {"id": "77f72e9c-cca1-4ad4-841c-bf8790a2b777", "name": "Four Seasons Cafe", "category": "cafe", "tags": ["cafe"], "sources": ["overture"], "website": "https://www.virginiamason.org/cafeteria-dining", "phone": "(888) 862-2737", "address": "1201 Terry Ave", "stations": [{"stopCode": 51, "lines": "1,2", "name": "Symphony Station", "walkingMeters": 759, "walkingSeconds": 548, "band": 15}, {"stopCode": 50, "lines": "1,2", "name": "Westlake Station", "walkingMeters": 960, "walkingSeconds": 690, "band": 15}]}, "geometry": {"type": "Point", "coordinates": [-122.3283234, 47.6104927]}}, {"type": "Feature", "properties": {"id": "1e14c8b7-2bb8-4e33-8c7e-df3b2e172bea", "name": "McMenamins Six Arms", "category": "pub", "tags": ["pub"], "sources": ["overture"], "website": "https://www.mcmenamins.com/six-arms", "phone": "+12062231698", "address": "300 E Pike St", "stations": [{"stopCode": 50, "lines": "1,2", "name": "Westlake Station", "walkingMeters": 833, "walkingSeconds": 601, "band": 15}, {"stopCode": 49, "lines": "1,2", "name": "Capitol Hill Station", "walkingMeters": 1013, "walkingSeconds": 732, "band": 15}, {"stopCode": 51, "lines": "1,2", "name": "Symphony Station", "walkingMeters": 1087, "walkingSeconds": 782, "band": 15}]}, "geometry": {"type": "Point", "coordinates": [-122.3278503, 47.6140671]}}, {"type": "Feature", "properties": {"id": "43d1faa1-8432-4ab2-9e61-6e5cbf65fd13", "name": "Mamnoon", "category": "restaurant", "tags": ["restaurant", "middle-eastern", "middle", "eastern"], "sources": ["overture"], "website": "mamnoonrestaurant.com", "phone": "12069069606", "address": "1508 Melrose Ave", "stations": [{"stopCode": 50, "lines": "1,2", "name": "Westlake Station", "walkingMeters": 829, "walkingSeconds": 606, "band": 15}, {"stopCode": 49, "lines": "1,2", "name": "Capitol Hill Station", "walkingMeters": 980, "walkingSeconds": 708, "band": 15}]}, "geometry": {"type": "Point", "coordinates": [-122.3275986, 47.6143379]}}, {"type": "Feature", "properties": {"id": "5844d19f-01ae-4510-a233-c618e49fc969", "name": "Foreign National", "category": "bar", "tags": ["bar", "cocktail"], "sources": ["overture"], "website": "http://www.foreignnationalbar.com/", "address": "300 E Pike St", "stations": [{"stopCode": 50, "lines": "1,2", "name": "Westlake Station", "walkingMeters": 872, "walkingSeconds": 637, "band": 15}, {"stopCode": 49, "lines": "1,2", "name": "Capitol Hill Station", "walkingMeters": 993, "walkingSeconds": 716, "band": 15}]}, "geometry": {"type": "Point", "coordinates": [-122.3274536, 47.6142273]}}, {"type": "Feature", "properties": {"id": "b58f4148-54d1-49f1-a30c-1b17bde3871c", "name": "Yjm.corp", "category": "restaurant", "tags": ["restaurant"], "sources": ["overture"], "address": "320 E Pike St", "stations": [{"stopCode": 49, "lines": "1,2", "name": "Capitol Hill Station", "walkingMeters": 965, "walkingSeconds": 720, "band": 15}, {"stopCode": 50, "lines": "1,2", "name": "Westlake Station", "walkingMeters": 1011, "walkingSeconds": 754, "band": 15}]}, "geometry": {"type": "Point", "coordinates": [-122.327179, 47.6143227]}}, {"type": "Feature", "properties": {"id": "783065c2-91d0-446e-95b5-c78cff403e17", "name": "Noren [ Korean \u00d7 Japanese ]", "category": "restaurant", "tags": ["restaurant", "korean", "japanese", "sushi"], "sources": ["overture"], "website": "https://www.norensushi.com", "phone": "+12063279269", "address": "320 E Pike St", "stations": [{"stopCode": 50, "lines": "1,2", "name": "Westlake Station", "walkingMeters": 898, "walkingSeconds": 647, "band": 15}, {"stopCode": 49, "lines": "1,2", "name": "Capitol Hill Station", "walkingMeters": 963, "walkingSeconds": 694, "band": 15}]}, "geometry": {"type": "Point", "coordinates": [-122.327034, 47.6141739]}}, {"type": "Feature", "properties": {"id": "8b39b0fa-3cef-4ddc-ae9c-a6cd27b023a5", "name": "Cheese Room Seattle", "category": "restaurant", "tags": ["restaurant", "italian"], "sources": ["overture"], "website": "http://www.cheeseroomseattle.com/", "phone": "+12063370123", "address": "1215 Pine St", "stations": [{"stopCode": 50, "lines": "1,2", "name": "Westlake Station", "walkingMeters": 781, "walkingSeconds": 571, "band": 15}, {"stopCode": 49, "lines": "1,2", "name": "Capitol Hill Station", "walkingMeters": 915, "walkingSeconds": 664, "band": 10}]}, "geometry": {"type": "Point", "coordinates": [-122.328064, 47.6150169]}}, {"type": "Feature", "properties": {"id": "20cc85bf-c4a7-4f87-95e0-88240d5fdb20", "name": "Ristorante Machiavelli", "category": "restaurant", "tags": ["restaurant", "italian"], "sources": ["overture"], "website": "https://www.ristorantemachiavelli.com", "phone": "14257740650", "address": "1215 Pine St", "stations": [{"stopCode": 50, "lines": "1,2", "name": "Westlake Station", "walkingMeters": 742, "walkingSeconds": 543, "band": 15}, {"stopCode": 49, "lines": "1,2", "name": "Capitol Hill Station", "walkingMeters": 934, "walkingSeconds": 678, "band": 10}]}, "geometry": {"type": "Point", "coordinates": [-122.3280945, 47.6150017]}}, {"type": "Feature", "properties": {"id": "1fe1271c-76e3-476b-a366-a28e538327a2", "name": "Sankaku Onigiri Cafe & Bar", "category": "cafe", "tags": ["cafe", "japanese"], "sources": ["overture"], "address": "1531 Melrose Ave", "stations": [{"stopCode": 50, "lines": "1,2", "name": "Westlake Station", "walkingMeters": 808, "walkingSeconds": 591, "band": 15}, {"stopCode": 49, "lines": "1,2", "name": "Capitol Hill Station", "walkingMeters": 942, "walkingSeconds": 683, "band": 15}]}, "geometry": {"type": "Point", "coordinates": [-122.3280334, 47.6147766]}}, {"type": "Feature", "properties": {"id": "2016c619-7d84-4bfa-be68-259d609b41ea", "name": "Bar Ferd'nand", "category": "bar", "tags": ["bar", "wine"], "sources": ["overture"], "website": "http://www.ferdinandthebar.com", "phone": "(206) 682-1333", "address": "1531 Melrose Ave", "stations": [{"stopCode": 50, "lines": "1,2", "name": "Westlake Station", "walkingMeters": 811, "walkingSeconds": 593, "band": 15}, {"stopCode": 49, "lines": "1,2", "name": "Capitol Hill Station", "walkingMeters": 945, "walkingSeconds": 686, "band": 15}, {"stopCode": 51, "lines": "1,2", "name": "Symphony Station", "walkingMeters": 1160, "walkingSeconds": 834, "band": 15}]}, "geometry": {"type": "Point", "coordinates": [-122.3282013, 47.6147461]}}, {"type": "Feature", "properties": {"id": "f465ef55-bc56-4390-93bb-452ca627d07d", "name": "Sitka and Spruce", "category": "restaurant", "tags": ["restaurant", "american"], "sources": ["overture"], "website": "http://www.sitkaandspruce.com", "phone": "(206) 324-0662", "address": "1531 Melrose Ave", "stations": [{"stopCode": 50, "lines": "1,2", "name": "Westlake Station", "walkingMeters": 757, "walkingSeconds": 554, "band": 15}, {"stopCode": 49, "lines": "1,2", "name": "Capitol Hill Station", "walkingMeters": 989, "walkingSeconds": 717, "band": 15}, {"stopCode": 51, "lines": "1,2", "name": "Symphony Station", "walkingMeters": 1152, "walkingSeconds": 829, "band": 15}]}, "geometry": {"type": "Point", "coordinates": [-122.3282852, 47.6146393]}}, {"type": "Feature", "properties": {"id": "4b26df05-1b76-402d-b53e-8a00a7fee749", "name": "My Sweet Lil Cakes", "category": "fast_food", "tags": ["fast-food", "food", "truck"], "sources": ["overture"], "website": "http://mysweetlilcakes.com", "phone": "(206) 265-3002", "address": "1208 Pine St", "stations": [{"stopCode": 50, "lines": "1,2", "name": "Westlake Station", "walkingMeters": 792, "walkingSeconds": 572, "band": 15}, {"stopCode": 49, "lines": "1,2", "name": "Capitol Hill Station", "walkingMeters": 914, "walkingSeconds": 661, "band": 10}]}, "geometry": {"type": "Point", "coordinates": [-122.3282776, 47.6153908]}}, {"type": "Feature", "properties": {"id": "bed1035a-a32d-4bc1-882b-c3fae6450e80", "name": "Faire Gallery Caf\u00e9", "category": "cafe", "tags": ["cafe"], "sources": ["overture"], "website": "http://www.fairegallerycafe.com", "phone": "(206) 652-0781", "address": "1351 E Olive Way", "stations": [{"stopCode": 49, "lines": "1,2", "name": "Capitol Hill Station", "walkingMeters": 719, "walkingSeconds": 521, "band": 10}, {"stopCode": 50, "lines": "1,2", "name": "Westlake Station", "walkingMeters": 956, "walkingSeconds": 690, "band": 15}]}, "geometry": {"type": "Point", "coordinates": [-122.3277359, 47.6166534]}}, {"type": "Feature", "properties": {"id": "997c0cdb-24b4-48f2-8018-319f4b446790", "name": "Bonito Caf\u00e9 y Mercadito", "category": "cafe", "tags": ["cafe", "latin-american"], "sources": ["overture"], "phone": "+12066599544", "address": "1351 E Olive Wy", "stations": [{"stopCode": 49, "lines": "1,2", "name": "Capitol Hill Station", "walkingMeters": 717, "walkingSeconds": 519, "band": 10}, {"stopCode": 50, "lines": "1,2", "name": "Westlake Station", "walkingMeters": 958, "walkingSeconds": 691, "band": 15}]}, "geometry": {"type": "Point", "coordinates": [-122.3275833, 47.6166306]}}, {"type": "Feature", "properties": {"id": "a70076f2-d018-44ec-9497-e7a40a509030", "name": "La B\u00eate", "category": "restaurant", "tags": ["restaurant", "french"], "sources": ["overture"], "website": "http://labeteseattle.com", "phone": "(206) 329-4047", "address": "1802 Bellevue Ave", "stations": [{"stopCode": 49, "lines": "1,2", "name": "Capitol Hill Station", "walkingMeters": 581, "walkingSeconds": 419, "band": 10}]}, "geometry": {"type": "Point", "coordinates": [-122.3265915, 47.6178551]}}, {"type": "Feature", "properties": {"id": "7cc66ce5-3ce0-4f9d-bef7-2d57779a314f", "name": "The Jilted Siren", "category": "bar", "tags": ["bar", "bar-and-grill"], "sources": ["overture"], "website": "http://thejiltedsiren.com/", "phone": "+12064208337", "address": "1802 Bellevue Ave", "stations": [{"stopCode": 49, "lines": "1,2", "name": "Capitol Hill Station", "walkingMeters": 586, "walkingSeconds": 423, "band": 10}]}, "geometry": {"type": "Point", "coordinates": [-122.3265533, 47.6178932]}}, {"type": "Feature", "properties": {"id": "b4b0d878-b551-405e-ae42-cddab1b4c28f", "name": "The Saint", "category": "restaurant", "tags": ["restaurant", "mexican"], "sources": ["overture"], "website": "http://www.thesaintsocialclub.com/", "phone": "(206) 323-9922", "address": "1416 E Olive Way", "stations": [{"stopCode": 49, "lines": "1,2", "name": "Capitol Hill Station", "walkingMeters": 584, "walkingSeconds": 421, "band": 10}, {"stopCode": 50, "lines": "1,2", "name": "Westlake Station", "walkingMeters": 1102, "walkingSeconds": 795, "band": 15}]}, "geometry": {"type": "Point", "coordinates": [-122.326561, 47.6175613]}}, {"type": "Feature", "properties": {"id": "bea9dadc-b4ab-41c1-ab66-61a66a580770", "name": "AfterlifeSeattle", "category": "bar", "tags": ["bar"], "sources": ["overture"], "website": "https://afterlifeseattle.com/", "phone": "+12066079027", "address": "1418 E Olive Way", "stations": [{"stopCode": 49, "lines": "1,2", "name": "Capitol Hill Station", "walkingMeters": 620, "walkingSeconds": 447, "band": 10}, {"stopCode": 50, "lines": "1,2", "name": "Westlake Station", "walkingMeters": 1066, "walkingSeconds": 769, "band": 15}]}, "geometry": {"type": "Point", "coordinates": [-122.3268433, 47.6173096]}}, {"type": "Feature", "properties": {"id": "4d5e915a-1717-42d8-9cf1-8f8442a75541", "name": "Laurel", "category": "bar", "tags": ["bar", "cocktail"], "sources": ["overture"], "website": "http://www.laurelseattle.com/", "address": "1500 E Olive Way", "stations": [{"stopCode": 49, "lines": "1,2", "name": "Capitol Hill Station", "walkingMeters": 631, "walkingSeconds": 471, "band": 10}]}, "geometry": {"type": "Point", "coordinates": [-122.3264236, 47.6178589]}}, {"type": "Feature", "properties": {"id": "ebce39cb-d942-4999-92a0-134645afe5be", "name": "Yalla Seattle", "category": "restaurant", "tags": ["restaurant", "middle-eastern", "middle", "eastern", "mediterranean"], "sources": ["overture"], "website": "http://Yallaseattle.com/", "address": "1510 E Olive Wy", "stations": [{"stopCode": 49, "lines": "1,2", "name": "Capitol Hill Station", "walkingMeters": 520, "walkingSeconds": 377, "band": 10}]}, "geometry": {"type": "Point", "coordinates": [-122.3261719, 47.618103]}}, {"type": "Feature", "properties": {"id": "316de69d-2108-47f1-a1ca-f4f805b01576", "name": "Dinette", "category": "restaurant", "tags": ["restaurant", "mediterranean"], "sources": ["overture"], "website": "http://www.dinetteseattle.com", "phone": "(206) 328-2282", "address": "1514 E Olive Way", "stations": [{"stopCode": 49, "lines": "1,2", "name": "Capitol Hill Station", "walkingMeters": 496, "walkingSeconds": 358, "band": 5}]}, "geometry": {"type": "Point", "coordinates": [-122.3258896, 47.6180878]}}, {"type": "Feature", "properties": {"id": "bdf0f29c-fdd6-4da9-a55b-e61bf67fd4cb", "name": "Pizza And Grotto", "category": "restaurant", "tags": ["restaurant"], "sources": ["overture"], "website": "https://dinostomatopie.com", "address": "1524 E Olive Way", "stations": [{"stopCode": 49, "lines": "1,2", "name": "Capitol Hill Station", "walkingMeters": 569, "walkingSeconds": 425, "band": 5}]}, "geometry": {"type": "Point", "coordinates": [-122.325943, 47.6183815]}}, {"type": "Feature", "properties": {"id": "fc62d5b9-de4b-46cf-8dae-779fcc64cad4", "name": "In The Bowl", "category": "restaurant", "tags": ["restaurant", "american", "thai"], "sources": ["overture"], "website": "http://inthebowlbistro.com/", "phone": "+12065682343", "address": "1554 E Olive Way", "stations": [{"stopCode": 49, "lines": "1,2", "name": "Capitol Hill Station", "walkingMeters": 470, "walkingSeconds": 338, "band": 5}]}, "geometry": {"type": "Point", "coordinates": [-122.3256378, 47.618679]}}, {"type": "Feature", "properties": {"id": "5c7e9bdb-341c-4d41-aeb7-0db944c90680", "name": "Oregon Bar & Grill Inc", "category": "restaurant", "tags": ["restaurant"], "sources": ["overture"], "address": "1501 E Olive Way", "stations": [{"stopCode": 49, "lines": "1,2", "name": "Capitol Hill Station", "walkingMeters": 579, "walkingSeconds": 432, "band": 10}]}, "geometry": {"type": "Point", "coordinates": [-122.3258896, 47.6179085]}}, {"type": "Feature", "properties": {"id": "3f60300b-cf6e-4c73-8fc0-e42fe22307a7", "name": "Amante Pizza", "category": "restaurant", "tags": ["restaurant", "pizza"], "sources": ["overture"], "website": "http://www.amantepizzaandpasta.com/specials.html", "phone": "(206) 861-1777", "address": "1525 E Olive Way", "stations": [{"stopCode": 49, "lines": "1,2", "name": "Capitol Hill Station", "walkingMeters": 448, "walkingSeconds": 323, "band": 5}]}, "geometry": {"type": "Point", "coordinates": [-122.3255386, 47.6184425]}}, {"type": "Feature", "properties": {"id": "7355eacb-b23b-4cf0-8cb2-3fa4556ee6ee", "name": "Bai-Ten", "category": "restaurant", "tags": ["restaurant", "japanese"], "sources": ["overture"], "website": "https://www.tamaribarseattle.com/baiten", "address": "510 E. Pine St.", "stations": [{"stopCode": 49, "lines": "1,2", "name": "Capitol Hill Station", "walkingMeters": 770, "walkingSeconds": 556, "band": 10}]}, "geometry": {"type": "Point", "coordinates": [-122.3251648, 47.6153641]}}, {"type": "Feature", "properties": {"id": "e22d929a-1b4f-4ae9-92eb-2e820b1acd38", "name": "World of Beer", "category": "bar", "tags": ["bar"], "sources": ["overture"], "website": "http://wobusa.com/locations/Capitol-Hill/", "phone": "(206) 323-9110", "address": "500 E Pine St", "stations": [{"stopCode": 49, "lines": "1,2", "name": "Capitol Hill Station", "walkingMeters": 801, "walkingSeconds": 578, "band": 10}, {"stopCode": 50, "lines": "1,2", "name": "Westlake Station", "walkingMeters": 959, "walkingSeconds": 705, "band": 15}]}, "geometry": {"type": "Point", "coordinates": [-122.3256226, 47.6152878]}}, {"type": "Feature", "properties": {"id": "f835d59b-be72-41c4-a0a8-ffacefbda2a4", "name": "khao mun gai", "category": "restaurant", "tags": ["restaurant", "thai"], "sources": ["overture"], "website": "https://www.guitarskmg.com", "phone": "(206) 568-2111", "address": "414 E Pine St", "stations": [{"stopCode": 49, "lines": "1,2", "name": "Capitol Hill Station", "walkingMeters": 785, "walkingSeconds": 566, "band": 10}, {"stopCode": 50, "lines": "1,2", "name": "Westlake Station", "walkingMeters": 975, "walkingSeconds": 716, "band": 15}]}, "geometry": {"type": "Point", "coordinates": [-122.3258896, 47.6154823]}}, {"type": "Feature", "properties": {"id": "f1014073-8481-460d-89dd-2f078f3ca5fe", "name": "Uncle Dom's Italian Kitchen", "category": "restaurant", "tags": ["restaurant", "italian"], "sources": ["overture"], "website": "https://www.uncledomsseattle.com/", "phone": "+12068068468", "address": "422 E Pine St", "stations": [{"stopCode": 49, "lines": "1,2", "name": "Capitol Hill Station", "walkingMeters": 790, "walkingSeconds": 570, "band": 10}, {"stopCode": 50, "lines": "1,2", "name": "Westlake Station", "walkingMeters": 969, "walkingSeconds": 713, "band": 15}]}, "geometry": {"type": "Point", "coordinates": [-122.325798, 47.6154327]}}, {"type": "Feature", "properties": {"id": "eb9da080-c31c-4db8-b7c3-5495bea5fd0d", "name": "Mezcaleria Oaxaca", "category": "restaurant", "tags": ["restaurant", "mexican"], "sources": ["overture"], "website": "http://mezcaleriaoaxaca.com", "phone": "(206) 324-0506", "address": "422 E Pine St", "stations": [{"stopCode": 49, "lines": "1,2", "name": "Capitol Hill Station", "walkingMeters": 767, "walkingSeconds": 572, "band": 10}, {"stopCode": 50, "lines": "1,2", "name": "Westlake Station", "walkingMeters": 1195, "walkingSeconds": 892, "band": 15}]}, "geometry": {"type": "Point", "coordinates": [-122.3258133, 47.615345]}}, {"type": "Feature", "properties": {"id": "db0c924c-6e00-4fc9-a70c-d914523ad045", "name": "Yumi Hiraga, Phd Pllc", "category": "restaurant", "tags": ["restaurant"], "sources": ["overture"], "address": "400 E Pine St Ste 220", "stations": [{"stopCode": 49, "lines": "1,2", "name": "Capitol Hill Station", "walkingMeters": 804, "walkingSeconds": 600, "band": 10}, {"stopCode": 50, "lines": "1,2", "name": "Westlake Station", "walkingMeters": 1145, "walkingSeconds": 854, "band": 15}]}, "geometry": {"type": "Point", "coordinates": [-122.3264618, 47.6154404]}}, {"type": "Feature", "properties": {"id": "f89971d5-9b79-41bd-b86a-a19e341d384f", "name": "Bauhaus Strong Coffee", "category": "cafe", "tags": ["cafe", "coffee"], "sources": ["overture"], "website": "http://www.bauhaus.coffee/", "phone": "2066251600", "address": "414 E Pine St", "stations": [{"stopCode": 49, "lines": "1,2", "name": "Capitol Hill Station", "walkingMeters": 781, "walkingSeconds": 583, "band": 10}, {"stopCode": 50, "lines": "1,2", "name": "Westlake Station", "walkingMeters": 1175, "walkingSeconds": 877, "band": 15}]}, "geometry": {"type": "Point", "coordinates": [-122.3260574, 47.6153717]}}, {"type": "Feature", "properties": {"id": "122eda7b-f22c-4e04-91c6-c751c2671ff3", "name": "Capitol Club", "category": "bar", "tags": ["bar"], "sources": ["overture"], "website": "http://www.thecapitolclubseattle.com", "phone": "(206) 325-2149", "address": "414 E Pine St", "stations": [{"stopCode": 49, "lines": "1,2", "name": "Capitol Hill Station", "walkingMeters": 817, "walkingSeconds": 589, "band": 10}, {"stopCode": 50, "lines": "1,2", "name": "Westlake Station", "walkingMeters": 919, "walkingSeconds": 676, "band": 15}]}, "geometry": {"type": "Point", "coordinates": [-122.3261414, 47.6153336]}}, {"type": "Feature", "properties": {"id": "3f2afaf7-b9d1-4431-be44-d05ee763efa2", "name": "Sun Liquor Distillery", "category": "bar", "tags": ["bar", "cocktail"], "sources": ["overture"], "website": "http://sunliquor.com", "phone": "(206) 720-1600", "address": "514 E Pike St", "stations": [{"stopCode": 49, "lines": "1,2", "name": "Capitol Hill Station", "walkingMeters": 873, "walkingSeconds": 630, "band": 10}, {"stopCode": 50, "lines": "1,2", "name": "Westlake Station", "walkingMeters": 1066, "walkingSeconds": 768, "band": 15}]}, "geometry": {"type": "Point", "coordinates": [-122.324852, 47.6141663]}}, {"type": "Feature", "properties": {"id": "8d058bf0-58dc-4c00-9427-c285a46bf714", "name": "Revolution Wine", "category": "restaurant", "tags": ["restaurant"], "sources": ["overture"], "website": "revolutionwineshop.com", "address": "518 E Pike St", "stations": [{"stopCode": 49, "lines": "1,2", "name": "Capitol Hill Station", "walkingMeters": 820, "walkingSeconds": 612, "band": 10}, {"stopCode": 50, "lines": "1,2", "name": "Westlake Station", "walkingMeters": 1237, "walkingSeconds": 923, "band": 15}]}, "geometry": {"type": "Point", "coordinates": [-122.3246689, 47.614254]}}, {"type": "Feature", "properties": {"id": "c8570065-276b-4c08-a01d-a7c0b49ecf0d", "name": "Kaladi Brothers Coffee", "category": "restaurant", "tags": ["restaurant"], "sources": ["overture"], "website": "https://kaladi.com", "phone": "+12062571688", "address": "517 E Pike St", "stations": [{"stopCode": 49, "lines": "1,2", "name": "Capitol Hill Station", "walkingMeters": 883, "walkingSeconds": 659, "band": 15}, {"stopCode": 50, "lines": "1,2", "name": "Westlake Station", "walkingMeters": 1206, "walkingSeconds": 900, "band": 15}]}, "geometry": {"type": "Point", "coordinates": [-122.324791, 47.6137962]}}, {"type": "Feature", "properties": {"id": "ebb251b7-7da4-4488-b7e4-b5b92463add4", "name": "Menya Musashi Tsukemen & Ramen \uff08Capitol Hill\uff09", "category": "restaurant", "tags": ["restaurant", "japanese", "asian", "noodles"], "sources": ["overture"], "website": "http://menyamusashi-seattle.us/", "phone": "+12062574289", "address": "1510 Belmont Ave", "stations": [{"stopCode": 49, "lines": "1,2", "name": "Capitol Hill Station", "walkingMeters": 817, "walkingSeconds": 589, "band": 10}]}, "geometry": {"type": "Point", "coordinates": [-122.3242035, 47.6143723]}}, {"type": "Feature", "properties": {"id": "b2dccdd0-a88b-4390-b785-69abb19131d4", "name": "El Lugar Bodega Bar", "category": "restaurant", "tags": ["restaurant", "mexican", "latin-american"], "sources": ["overture"], "website": "http://lugarbodegabar.com/", "phone": "+12064534570", "address": "606 E Pine St", "stations": [{"stopCode": 49, "lines": "1,2", "name": "Capitol Hill Station", "walkingMeters": 696, "walkingSeconds": 503, "band": 10}]}, "geometry": {"type": "Point", "coordinates": [-122.3241272, 47.615284]}}, {"type": "Feature", "properties": {"id": "e93fd6cb-b16c-4f7d-b656-fe0549f0990e", "name": "Suika Seattle", "category": "restaurant", "tags": ["restaurant", "japanese"], "sources": ["overture"], "website": "http://suikaseattle.com", "phone": "(206) 747-9595", "address": "611 Pine St", "stations": [{"stopCode": 49, "lines": "1,2", "name": "Capitol Hill Station", "walkingMeters": 682, "walkingSeconds": 492, "band": 10}]}, "geometry": {"type": "Point", "coordinates": [-122.323822, 47.6152534]}}, {"type": "Feature", "properties": {"id": "f4326c56-745b-4f67-8de8-9a4861680a05", "name": "R Place", "category": "bar", "tags": ["bar", "gay"], "sources": ["overture"], "website": "http://www.rplaceseattle.com/", "phone": "(206) 322-8828", "address": "619 E Pine St", "stations": [{"stopCode": 49, "lines": "1,2", "name": "Capitol Hill Station", "walkingMeters": 664, "walkingSeconds": 480, "band": 10}]}, "geometry": {"type": "Point", "coordinates": [-122.3235092, 47.6152039]}}, {"type": "Feature", "properties": {"id": "743f3107-53f6-430e-b00a-6670ca771a9e", "name": "pizzakobo", "category": "restaurant", "tags": ["restaurant"], "sources": ["overture"], "website": "https://www.kobopizza.com/", "address": "714 E Pike St", "stations": [{"stopCode": 49, "lines": "1,2", "name": "Capitol Hill Station", "walkingMeters": 686, "walkingSeconds": 494, "band": 10}]}, "geometry": {"type": "Point", "coordinates": [-122.3227234, 47.614399]}}, {"type": "Feature", "properties": {"id": "36f1abd1-666e-45d6-b0a3-f3bbc1da42bc", "name": "Golmok Market Bar", "category": "restaurant", "tags": ["restaurant", "korean", "asian"], "sources": ["overture"], "website": "http://www.golmokseattle.com/", "phone": "+12066441987", "address": "706 E Pike St", "stations": [{"stopCode": 49, "lines": "1,2", "name": "Capitol Hill Station", "walkingMeters": 767, "walkingSeconds": 552, "band": 10}]}, "geometry": {"type": "Point", "coordinates": [-122.3231277, 47.6142235]}}, {"type": "Feature", "properties": {"id": "0d399da3-fb97-4229-9423-7c0974ce0231", "name": "Honeyhole Sandwiches", "category": "restaurant", "tags": ["restaurant"], "sources": ["overture"], "website": "https://thehoneyhole.com", "phone": "12069069892", "address": "703 E Pike St", "stations": [{"stopCode": 49, "lines": "1,2", "name": "Capitol Hill Station", "walkingMeters": 790, "walkingSeconds": 569, "band": 10}]}, "geometry": {"type": "Point", "coordinates": [-122.323204, 47.6139259]}}, {"type": "Feature", "properties": {"id": "aafe6c4d-aca6-4e06-8606-72d2cd2f7e20", "name": "Rosebud Restaurant & Bar", "category": "restaurant", "tags": ["restaurant"], "sources": ["overture"], "address": "719 E Pike St", "stations": [{"stopCode": 49, "lines": "1,2", "name": "Capitol Hill Station", "walkingMeters": 769, "walkingSeconds": 554, "band": 10}]}, "geometry": {"type": "Point", "coordinates": [-122.3225937, 47.6139297]}}, {"type": "Feature", "properties": {"id": "f489ca4a-dd52-4a7e-a527-0e4f3b20f267", "name": "The Other Coast Cafe", "category": "restaurant", "tags": ["restaurant", "sandwich"], "sources": ["overture"], "website": "http://othercoastcafe.com", "phone": "(206) 257-5927", "address": "721 E Pike St", "stations": [{"stopCode": 49, "lines": "1,2", "name": "Capitol Hill Station", "walkingMeters": 728, "walkingSeconds": 524, "band": 10}]}, "geometry": {"type": "Point", "coordinates": [-122.3224869, 47.6140785]}}, {"type": "Feature", "properties": {"id": "6d3c9a72-3446-45af-8f0a-963f385074b9", "name": "Junbi Matcha & Tea - Seattle", "category": "cafe", "tags": ["cafe", "tea", "room"], "sources": ["overture"], "website": "http://Www.junbishop.com/", "phone": "+12064223920", "address": "722 E Pike St Ste 110", "stations": [{"stopCode": 49, "lines": "1,2", "name": "Capitol Hill Station", "walkingMeters": 725, "walkingSeconds": 541, "band": 10}]}, "geometry": {"type": "Point", "coordinates": [-122.3223953, 47.6142693]}}, {"type": "Feature", "properties": {"id": "5df94afb-2832-447f-b7cf-6f6d0c9b9a2a", "name": "95 Slide", "category": "bar", "tags": ["bar", "sports"], "sources": ["overture"], "website": "http://95slide.com", "phone": "(206) 328-7666", "address": "722 E Pike St", "stations": [{"stopCode": 49, "lines": "1,2", "name": "Capitol Hill Station", "walkingMeters": 714, "walkingSeconds": 514, "band": 10}]}, "geometry": {"type": "Point", "coordinates": [-122.3224258, 47.6141205]}}, {"type": "Feature", "properties": {"id": "af3eb7d2-ee65-4ce3-ae6b-cbe3f13d4e7a", "name": "Ayutthaya Thai Restaurant", "category": "restaurant", "tags": ["restaurant", "thai", "asian"], "sources": ["overture"], "website": "http://www.ayutthayathai.com/", "phone": "+12063248833", "address": "727 E Pike St", "stations": [{"stopCode": 49, "lines": "1,2", "name": "Capitol Hill Station", "walkingMeters": 722, "walkingSeconds": 520, "band": 10}]}, "geometry": {"type": "Point", "coordinates": [-122.3223038, 47.6139565]}}, {"type": "Feature", "properties": {"id": "b48ce59f-8531-416d-aa6a-92b5b21b605d", "name": "Ebnk International Llc", "category": "restaurant", "tags": ["restaurant"], "sources": ["overture"], "address": "811 E Pike St", "stations": [{"stopCode": 49, "lines": "1,2", "name": "Capitol Hill Station", "walkingMeters": 764, "walkingSeconds": 570, "band": 10}]}, "geometry": {"type": "Point", "coordinates": [-122.3217621, 47.613884]}}, {"type": "Feature", "properties": {"id": "d22d5be6-0f3b-4b03-b1ee-da5d16dfbd2e", "name": "Tangerine Tree", "category": "restaurant", "tags": ["restaurant", "vietnamese"], "sources": ["overture"], "website": "http://www.tangerinetreerestaurant.com", "phone": "2063222081", "address": "1430 Harvard Ave", "stations": [{"stopCode": 49, "lines": "1,2", "name": "Capitol Hill Station", "walkingMeters": 773, "walkingSeconds": 577, "band": 10}]}, "geometry": {"type": "Point", "coordinates": [-122.3217926, 47.6138191]}}, {"type": "Feature", "properties": {"id": "e9b6c54b-036a-4eb4-8b70-13ffcf00af8d", "name": "Vostok Dumpling House", "category": "restaurant", "tags": ["restaurant", "russian", "ukrainian"], "sources": ["overture"], "website": "http://vostokdh.com/", "phone": "2066877865", "address": "1416 Harvard Ave", "stations": [{"stopCode": 49, "lines": "1,2", "name": "Capitol Hill Station", "walkingMeters": 654, "walkingSeconds": 471, "band": 10}]}, "geometry": {"type": "Point", "coordinates": [-122.3220291, 47.6132545]}}, {"type": "Feature", "properties": {"id": "0b05be13-d7e6-47bf-be41-910d04ab4c6b", "name": "Marination Station", "category": "restaurant", "tags": ["restaurant", "asian", "fusion", "hawaiian"], "sources": ["overture"], "website": "http://marinationmobile.com/", "phone": "2063258226", "address": "1412 Harvard Ave", "stations": [{"stopCode": 49, "lines": "1,2", "name": "Capitol Hill Station", "walkingMeters": 695, "walkingSeconds": 500, "band": 10}]}, "geometry": {"type": "Point", "coordinates": [-122.3215866, 47.613842]}}, {"type": "Feature", "properties": {"id": "5684ccd7-0319-48b1-b20c-4a00daba9a35", "name": "Aurflo Llc", "category": "restaurant", "tags": ["restaurant"], "sources": ["overture"], "website": "jajajamexicana.com", "address": "1425 Broadway PMB 27245", "stations": [{"stopCode": 49, "lines": "1,2", "name": "Capitol Hill Station", "walkingMeters": 847, "walkingSeconds": 632, "band": 10}]}, "geometry": {"type": "Point", "coordinates": [-122.3209686, 47.613224]}}, {"type": "Feature", "properties": {"id": "5fba1a12-dfdb-47db-ba27-36f788366033", "name": "Mediterranean Express", "category": "restaurant", "tags": ["restaurant", "greek", "mediterranean", "middle-eastern"], "sources": ["overture"], "phone": "2068603989", "address": "1417 Broadway", "stations": [{"stopCode": 49, "lines": "1,2", "name": "Capitol Hill Station", "walkingMeters": 668, "walkingSeconds": 481, "band": 10}]}, "geometry": {"type": "Point", "coordinates": [-122.3209305, 47.6136131]}}, {"type": "Feature", "properties": {"id": "77a957af-5ff4-4e42-b268-c827e5471461", "name": "Ooink", "category": "restaurant", "tags": ["restaurant", "japanese", "asian", "noodles"], "sources": ["overture"], "website": "https://www.shopooink.com/", "phone": "+12065687669", "address": "1416 Harvard Ave", "stations": [{"stopCode": 49, "lines": "1,2", "name": "Capitol Hill Station", "walkingMeters": 642, "walkingSeconds": 462, "band": 10}]}, "geometry": {"type": "Point", "coordinates": [-122.3212051, 47.6139984]}}, {"type": "Feature", "properties": {"id": "f24da4e7-c824-4006-8f6b-5ea25152f592", "name": "Freddy Junior's", "category": "restaurant", "tags": ["restaurant", "burger", "fast-food", "hot-dog"], "sources": ["overture"], "website": "http://freddyjuniors.com/", "phone": "2063231413", "address": "1513 Broadway", "stations": [{"stopCode": 49, "lines": "1,2", "name": "Capitol Hill Station", "walkingMeters": 562, "walkingSeconds": 405, "band": 10}]}, "geometry": {"type": "Point", "coordinates": [-122.3209534, 47.6145401]}}, {"type": "Feature", "properties": {"id": "ffb9ed42-252b-4870-8c30-4d06b517e242", "name": "Neighbours Nightclub and Lounge", "category": "bar", "tags": ["bar", "gay"], "sources": ["overture"], "website": "http://www.neighboursnightclub.com", "phone": "+12064202958", "address": "1509 Broadway", "stations": [{"stopCode": 49, "lines": "1,2", "name": "Capitol Hill Station", "walkingMeters": 678, "walkingSeconds": 506, "band": 10}]}, "geometry": {"type": "Point", "coordinates": [-122.3210373, 47.6144066]}}, {"type": "Feature", "properties": {"id": "90eeb008-fb1d-44cc-be05-d2a824d7fd17", "name": "Grubwich", "category": "restaurant", "tags": ["restaurant"], "sources": ["overture"], "phone": "2063253335", "address": "1513 Broadway", "stations": [{"stopCode": 49, "lines": "1,2", "name": "Capitol Hill Station", "walkingMeters": 661, "walkingSeconds": 493, "band": 10}]}, "geometry": {"type": "Point", "coordinates": [-122.3210907, 47.6145248]}}, {"type": "Feature", "properties": {"id": "2061be28-eccb-4d2b-a882-0e19fcbe6d5e", "name": "Capitol Cider", "category": "bar", "tags": ["bar", "cocktail", "breakfast-and-brunch", "gluten-free"], "sources": ["overture"], "website": "https://www.capitolcider.com/", "phone": "2063973564", "address": "818 E Pike St", "stations": [{"stopCode": 49, "lines": "1,2", "name": "Capitol Hill Station", "walkingMeters": 706, "walkingSeconds": 527, "band": 10}]}, "geometry": {"type": "Point", "coordinates": [-122.3211823, 47.6142197]}}, {"type": "Feature", "properties": {"id": "085f2ac1-0de6-448c-b759-2fcaef6ae56c", "name": "Cinnaholic", "category": "bakery", "tags": ["bakery", "vegetarian"], "sources": ["overture"], "website": "https://locations.cinnaholic.com/ll/us/wa/seattle/31/", "phone": "+12069223253", "address": "816 E Pike St", "stations": [{"stopCode": 49, "lines": "1,2", "name": "Capitol Hill Station", "walkingMeters": 628, "walkingSeconds": 452, "band": 10}]}, "geometry": {"type": "Point", "coordinates": [-122.3212891, 47.6141701]}}, {"type": "Feature", "properties": {"id": "ec821a1e-a7cf-4894-880a-c7b0cb92c048", "name": "Bean Box", "category": "cafe", "tags": ["cafe", "coffee"], "sources": ["overture"], "website": "https://beanbox.com/", "phone": "+18889238596", "address": "721 E Pine St", "stations": [{"stopCode": 49, "lines": "1,2", "name": "Capitol Hill Station", "walkingMeters": 615, "walkingSeconds": 459, "band": 10}]}, "geometry": {"type": "Point", "coordinates": [-122.322403, 47.6150742]}}, {"type": "Feature", "properties": {"id": "b3e95121-61d4-44fc-86d8-479605dae87f", "name": "Bill's Off Broadway", "category": "bar", "tags": ["bar", "sports", "barbecue", "breakfast-and-brunch", "pizza"], "sources": ["overture"], "website": "http://www.billsoffbroadway.net/", "phone": "2064207493", "address": "725 E Pine St", "stations": [{"stopCode": 49, "lines": "1,2", "name": "Capitol Hill Station", "walkingMeters": 605, "walkingSeconds": 435, "band": 10}]}, "geometry": {"type": "Point", "coordinates": [-122.3224335, 47.6150627]}}, {"type": "Feature", "properties": {"id": "b5b4266f-734d-4030-9145-3c2470d5246c", "name": "Pinoyshki Bakery, Cafe & Bar", "category": "cafe", "tags": ["cafe", "filipino"], "sources": ["overture"], "website": "http://pinoyshki.com/", "phone": "+12063222820", "address": "715 E Pine St", "stations": [{"stopCode": 49, "lines": "1,2", "name": "Capitol Hill Station", "walkingMeters": 619, "walkingSeconds": 446, "band": 10}]}, "geometry": {"type": "Point", "coordinates": [-122.3226242, 47.6150665]}}, {"type": "Feature", "properties": {"id": "c64c11c1-2894-4c16-bf1d-9062a211463a", "name": "Korn Dog", "category": "restaurant", "tags": ["restaurant", "korean"], "sources": ["overture"], "website": "https://www.order.online", "phone": "12068806412", "address": "1601 Harvard Ave", "stations": [{"stopCode": 49, "lines": "1,2", "name": "Capitol Hill Station", "walkingMeters": 571, "walkingSeconds": 426, "band": 10}]}, "geometry": {"type": "Point", "coordinates": [-122.3223724, 47.6153946]}}, {"type": "Feature", "properties": {"id": "4aee6f35-dfb9-4be1-bdcd-cec69ff68c96", "name": "Mia's Off Broadway Cafe", "category": "cafe", "tags": ["cafe"], "sources": ["overture"], "website": "https://miasoffbroadway.com", "phone": "2063254992", "address": "1601 Harvard Ave", "stations": [{"stopCode": 49, "lines": "1,2", "name": "Capitol Hill Station", "walkingMeters": 574, "walkingSeconds": 415, "band": 10}]}, "geometry": {"type": "Point", "coordinates": [-122.3223724, 47.6153946]}}, {"type": "Feature", "properties": {"id": "42026456-239e-4c5b-b9b2-afa317e3930b", "name": "Square One Bistro", "category": "restaurant", "tags": ["restaurant", "american", "european"], "sources": ["overture"], "website": "http://www.seattleculinary.com", "address": "1701 Broadway", "stations": [{"stopCode": 49, "lines": "1,2", "name": "Capitol Hill Station", "walkingMeters": 379, "walkingSeconds": 273, "band": 5}]}, "geometry": {"type": "Point", "coordinates": [-122.3212662, 47.6162987]}}, {"type": "Feature", "properties": {"id": "a930ba43-d3c4-4a39-8ab3-2ba427d9a69e", "name": "One World Restaurant", "category": "restaurant", "tags": ["restaurant"], "sources": ["overture"], "website": "oneworldspokane.com", "address": "1701 Broadway", "stations": [{"stopCode": 49, "lines": "1,2", "name": "Capitol Hill Station", "walkingMeters": 333, "walkingSeconds": 249, "band": 5}]}, "geometry": {"type": "Point", "coordinates": [-122.3213577, 47.6168976]}}, {"type": "Feature", "properties": {"id": "bf7afde3-79ba-4e67-8266-69350dc9de9b", "name": "Natural Sweet Palace Seattle", "category": "restaurant", "tags": ["restaurant"], "sources": ["overture"], "website": "https://www.clover.com", "address": "1833 Broadway", "stations": [{"stopCode": 49, "lines": "1,2", "name": "Capitol Hill Station", "walkingMeters": 111, "walkingSeconds": 83, "band": 5}]}, "geometry": {"type": "Point", "coordinates": [-122.321106, 47.6186028]}}, {"type": "Feature", "properties": {"id": "8a7e961c-0efd-44e5-b16f-0b05a28c4576", "name": "Redwood", "category": "bar", "tags": ["bar", "dive"], "sources": ["overture"], "website": "http://the", "phone": "(206) 329-1952", "address": "514 E Howell St", "stations": [{"stopCode": 49, "lines": "1,2", "name": "Capitol Hill Station", "walkingMeters": 446, "walkingSeconds": 322, "band": 5}]}, "geometry": {"type": "Point", "coordinates": [-122.3245316, 47.617794]}}, {"type": "Feature", "properties": {"id": "59b58dcc-3a9e-4399-8b3b-21f73258b34f", "name": "Big Will\u2019s Kitchen", "category": "restaurant", "tags": ["restaurant"], "sources": ["overture"], "address": "129 Belmont Ave E", "stations": [{"stopCode": 49, "lines": "1,2", "name": "Capitol Hill Station", "walkingMeters": 409, "walkingSeconds": 305, "band": 5}]}, "geometry": {"type": "Point", "coordinates": [-122.3243942, 47.6190109]}}, {"type": "Feature", "properties": {"id": "cddd4813-0093-443e-9932-bba096f64c28", "name": "Rita's Fine Foods Inc", "category": "restaurant", "tags": ["restaurant"], "sources": ["overture"], "address": "1621 E Olive Way", "stations": [{"stopCode": 49, "lines": "1,2", "name": "Capitol Hill Station", "walkingMeters": 427, "walkingSeconds": 319, "band": 5}]}, "geometry": {"type": "Point", "coordinates": [-122.3245621, 47.6192932]}}, {"type": "Feature", "properties": {"id": "78efafc3-6756-4685-ac81-d1d523a3d4c7", "name": "BlueStone", "category": "restaurant", "tags": ["restaurant"], "sources": ["overture"], "phone": "2067260141", "address": "1631 E Olive Way", "stations": [{"stopCode": 49, "lines": "1,2", "name": "Capitol Hill Station", "walkingMeters": 445, "walkingSeconds": 319, "band": 5}]}, "geometry": {"type": "Point", "coordinates": [-122.3245239, 47.6193466]}}, {"type": "Feature", "properties": {"id": "67b7d36d-b512-47bd-a448-b2c9655dcf55", "name": "B & O Espresso", "category": "restaurant", "tags": ["restaurant", "diner"], "sources": ["overture"], "website": "http://www.b-oespresso.com", "phone": "(206) 322-5028", "address": "204 Belmont Ave E # E-5605", "stations": [{"stopCode": 49, "lines": "1,2", "name": "Capitol Hill Station", "walkingMeters": 412, "walkingSeconds": 296, "band": 5}]}, "geometry": {"type": "Point", "coordinates": [-122.3238297, 47.6199379]}}, {"type": "Feature", "properties": {"id": "8cdc4954-1f1d-4c77-853c-0c205fcb1218", "name": "Stumbling Monk", "category": "bar", "tags": ["bar"], "sources": ["overture"], "website": "http://beeradvocate.com/beer/profile/4896", "phone": "+12068600916", "address": "1635 E Olive Wy", "stations": [{"stopCode": 49, "lines": "1,2", "name": "Capitol Hill Station", "walkingMeters": 419, "walkingSeconds": 301, "band": 5}]}, "geometry": {"type": "Point", "coordinates": [-122.3242264, 47.6194649]}}, {"type": "Feature", "properties": {"id": "bb106491-dc29-435f-9cca-c51b7e6ba554", "name": "Zhu Dang", "category": "restaurant", "tags": ["restaurant", "asian"], "sources": ["overture"], "website": "http://www.zhudangrestaurant.com", "phone": "(206) 535-7270", "address": "1715 E Olive Way", "stations": [{"stopCode": 49, "lines": "1,2", "name": "Capitol Hill Station", "walkingMeters": 298, "walkingSeconds": 214, "band": 5}]}, "geometry": {"type": "Point", "coordinates": [-122.3227921, 47.6196594]}}, {"type": "Feature", "properties": {"id": "0203be2e-ff6b-44f0-801a-17744e8f181e", "name": "Cafe Metropolitan", "category": "bar", "tags": ["bar"], "sources": ["overture"], "website": "http://www.cafemetropolitain.com", "phone": "(206) 324-0771", "address": "1701 E Olive Way", "stations": [{"stopCode": 49, "lines": "1,2", "name": "Capitol Hill Station", "walkingMeters": 354, "walkingSeconds": 254, "band": 5}]}, "geometry": {"type": "Point", "coordinates": [-122.3235092, 47.6197014]}}, {"type": "Feature", "properties": {"id": "c9a29c5f-de98-4be9-866a-985e97a14b4f", "name": "C C Attle's", "category": "bar", "tags": ["bar", "gay"], "sources": ["overture"], "website": "http://www.ccattles.net/", "phone": "+12067260565", "address": "1701 E Olive Way", "stations": [{"stopCode": 49, "lines": "1,2", "name": "Capitol Hill Station", "walkingMeters": 358, "walkingSeconds": 257, "band": 5}]}, "geometry": {"type": "Point", "coordinates": [-122.3234024, 47.6196785]}}, {"type": "Feature", "properties": {"id": "e1561ef4-8b26-4e07-a1da-e30e46ab02f2", "name": "Kessler's", "category": "bar", "tags": ["bar"], "sources": ["overture"], "website": "http://kesslerssportsbar.com", "phone": "(206) 457-4453", "address": "1703 E Olive Way", "stations": [{"stopCode": 49, "lines": "1,2", "name": "Capitol Hill Station", "walkingMeters": 365, "walkingSeconds": 262, "band": 5}]}, "geometry": {"type": "Point", "coordinates": [-122.3232422, 47.6195564]}}, {"type": "Feature", "properties": {"id": "6c789819-3b06-40d7-b634-8f42bbb36c10", "name": "The Online Caf\u00e9", "category": "cafe", "tags": ["cafe", "coffee"], "sources": ["overture"], "website": "http://onlinecoffeeco.com/", "phone": "(206) 328-3731", "address": "1720 E Olive Way", "stations": [{"stopCode": 49, "lines": "1,2", "name": "Capitol Hill Station", "walkingMeters": 287, "walkingSeconds": 206, "band": 5}]}, "geometry": {"type": "Point", "coordinates": [-122.3225708, 47.6198654]}}, {"type": "Feature", "properties": {"id": "9d3c4660-72a1-4d78-81e1-dd7ec634e177", "name": "Rose Temple", "category": "bar", "tags": ["bar"], "sources": ["overture"], "website": "http://www.rosetemplebar.com", "address": "1801 E Olive Way", "stations": [{"stopCode": 49, "lines": "1,2", "name": "Capitol Hill Station", "walkingMeters": 246, "walkingSeconds": 177, "band": 5}]}, "geometry": {"type": "Point", "coordinates": [-122.322052, 47.6197891]}}, {"type": "Feature", "properties": {"id": "8b12619d-4b16-47e2-855b-78c6742ed542", "name": "EuroPub", "category": "pub", "tags": ["pub"], "sources": ["overture"], "website": "http://europub.us", "phone": "(206) 380-3535", "address": "109 Broadway E", "stations": [{"stopCode": 49, "lines": "1,2", "name": "Capitol Hill Station", "walkingMeters": 108, "walkingSeconds": 77, "band": 5}]}, "geometry": {"type": "Point", "coordinates": [-122.3212051, 47.6189384]}}, {"type": "Feature", "properties": {"id": "8c10b1ee-9a26-4207-9aef-2d87e14e1007", "name": "Just Poke Capitol Hill", "category": "restaurant", "tags": ["restaurant", "poke", "health-food"], "sources": ["overture"], "website": "http://www.justpoke.com/", "phone": "+14255465888", "address": "131 Broadway E", "stations": [{"stopCode": 49, "lines": "1,2", "name": "Capitol Hill Station", "walkingMeters": 179, "walkingSeconds": 129, "band": 5}]}, "geometry": {"type": "Point", "coordinates": [-122.3209915, 47.6196022]}}, {"type": "Feature", "properties": {"id": "8e7745a0-d62f-4070-b464-41d34f8872eb", "name": "Seasmith", "category": "cafe", "tags": ["cafe", "coffee"], "sources": ["overture"], "website": "http://seasmith.xyz/", "phone": "+12064688819", "address": "118 Broadway", "stations": [{"stopCode": 49, "lines": "1,2", "name": "Capitol Hill Station", "walkingMeters": 75, "walkingSeconds": 54, "band": 5}]}, "geometry": {"type": "Point", "coordinates": [-122.3206711, 47.6188889]}}, {"type": "Feature", "properties": {"id": "8ab742c1-3e22-4659-8545-558993f2c4d2", "name": "Espresso Vivace Roasteria Cafe", "category": "restaurant", "tags": ["restaurant"], "sources": ["overture"], "website": "http://www.espressovivace.com", "phone": "(206) 860-5869", "address": "901 E Denny Way", "stations": [{"stopCode": 49, "lines": "1,2", "name": "Capitol Hill Station", "walkingMeters": 90, "walkingSeconds": 65, "band": 5}]}, "geometry": {"type": "Point", "coordinates": [-122.32061, 47.6186142]}}, {"type": "Feature", "properties": {"id": "2b2fd5db-146d-4db7-bb82-40a959cbf1ad", "name": "Cure", "category": "bar", "tags": ["bar", "cocktail", "french"], "sources": ["overture"], "phone": "2065685475", "address": "1641 Nagle Pl", "stations": [{"stopCode": 49, "lines": "1,2", "name": "Capitol Hill Station", "walkingMeters": 386, "walkingSeconds": 278, "band": 5}]}, "geometry": {"type": "Point", "coordinates": [-122.3202133, 47.615593]}}, {"type": "Feature", "properties": {"id": "60e8f802-06b0-41db-8a73-69061db9a828", "name": "Wanderfish Poke", "category": "restaurant", "tags": ["restaurant", "seafood"], "sources": ["overture"], "website": "https://www.wanderfishpoke.com", "phone": "2067296565", "address": "1620 Broadway", "stations": [{"stopCode": 49, "lines": "1,2", "name": "Capitol Hill Station", "walkingMeters": 387, "walkingSeconds": 278, "band": 5}]}, "geometry": {"type": "Point", "coordinates": [-122.3203888, 47.6158981]}}, {"type": "Feature", "properties": {"id": "4e59c57f-d81c-409c-8a87-e2000e0de926", "name": "Paparepas Venezuelan Food (capitol Hill)", "category": "restaurant", "tags": ["restaurant", "venezuelan"], "sources": ["overture"], "website": "https://www.paparepas.com", "address": "1620 Broadway", "stations": [{"stopCode": 49, "lines": "1,2", "name": "Capitol Hill Station", "walkingMeters": 398, "walkingSeconds": 286, "band": 5}]}, "geometry": {"type": "Point", "coordinates": [-122.3203888, 47.6158981]}}, {"type": "Feature", "properties": {"id": "10641e66-6b7c-49fd-a627-943a85988d35", "name": "Yo Zushi Restaurant", "category": "restaurant", "tags": ["restaurant", "sushi"], "sources": ["overture"], "website": "http://www.yozushiseattle.com/menu.aspx", "phone": "2064026855", "address": "1620 Broadway", "stations": [{"stopCode": 49, "lines": "1,2", "name": "Capitol Hill Station", "walkingMeters": 401, "walkingSeconds": 288, "band": 5}]}, "geometry": {"type": "Point", "coordinates": [-122.3204117, 47.6158142]}}, {"type": "Feature", "properties": {"id": "68674896-4442-4c29-9a94-17a4fe5c1d90", "name": "zpizza", "category": "restaurant", "tags": ["restaurant", "pizza"], "sources": ["overture"], "website": "http://www.zpizza.com", "phone": "(206) 432-9158", "address": "1620 Broadway", "stations": [{"stopCode": 49, "lines": "1,2", "name": "Capitol Hill Station", "walkingMeters": 397, "walkingSeconds": 286, "band": 5}]}, "geometry": {"type": "Point", "coordinates": [-122.3205338, 47.6158485]}}, {"type": "Feature", "properties": {"id": "d6b3148c-c19e-4c7f-b9bf-811b48801f97", "name": "Ian's Pizza", "category": "restaurant", "tags": ["restaurant", "pizza", "italian"], "sources": ["overture"], "website": "http://www.ianspizza.com/", "phone": "+12066594721", "address": "1620 Broadway", "stations": [{"stopCode": 49, "lines": "1,2", "name": "Capitol Hill Station", "walkingMeters": 401, "walkingSeconds": 289, "band": 5}]}, "geometry": {"type": "Point", "coordinates": [-122.3207169, 47.6158104]}}, {"type": "Feature", "properties": {"id": "718a3a5b-d9cd-4917-a482-e96f0055389f", "name": "Moti Mahal Indian Cuisine", "category": "restaurant", "tags": ["restaurant", "indian"], "sources": ["overture"], "website": "https://www.motimahalindiancuisine.com", "phone": "12062584135", "address": "1520 Broadway", "stations": [{"stopCode": 49, "lines": "1,2", "name": "Capitol Hill Station", "walkingMeters": 526, "walkingSeconds": 378, "band": 10}]}, "geometry": {"type": "Point", "coordinates": [-122.3206024, 47.6145935]}}, {"type": "Feature", "properties": {"id": "c4b988e0-9a17-4acc-81fa-214d3ec80926", "name": "Ballet Restaurant", "category": "restaurant", "tags": ["restaurant", "vietnamese"], "sources": ["overture"], "website": "http://ballettogo.com", "phone": "(206) 328-7983", "address": "914 E Pike St", "stations": [{"stopCode": 49, "lines": "1,2", "name": "Capitol Hill Station", "walkingMeters": 625, "walkingSeconds": 450, "band": 10}]}, "geometry": {"type": "Point", "coordinates": [-122.3200836, 47.6141281]}}, {"type": "Feature", "properties": {"id": "91184dff-5246-403b-9420-23c4b4e61601", "name": "Capitol Coffee Works", "category": "cafe", "tags": ["cafe", "coffee"], "sources": ["overture"], "website": "http://www.seattlecoffeeworks.com/", "phone": "2063408867", "address": "907 E Pike St", "stations": [{"stopCode": 49, "lines": "1,2", "name": "Capitol Hill Station", "walkingMeters": 634, "walkingSeconds": 456, "band": 10}]}, "geometry": {"type": "Point", "coordinates": [-122.3202896, 47.613884]}}, {"type": "Feature", "properties": {"id": "561e0715-a8e6-4f96-b236-d9331160169c", "name": "Shikorina Bakeshop & Cafe", "category": "cafe", "tags": ["cafe", "coffee"], "sources": ["overture"], "website": "https://www.shikorinaseattle.com", "address": "907 E Pike St", "stations": [{"stopCode": 49, "lines": "1,2", "name": "Capitol Hill Station", "walkingMeters": 632, "walkingSeconds": 454, "band": 10}]}, "geometry": {"type": "Point", "coordinates": [-122.3203125, 47.6139603]}}, {"type": "Feature", "properties": {"id": "26ba73e4-868d-4e97-82b8-d0cabc20abb6", "name": "Ben & Esther's Vegan Jewish Deli", "category": "restaurant", "tags": ["restaurant", "vegan"], "sources": ["overture"], "website": "https://www.benandesthers.com", "phone": "2062570290", "address": "907 E Pike St", "stations": [{"stopCode": 49, "lines": "1,2", "name": "Capitol Hill Station", "walkingMeters": 737, "walkingSeconds": 550, "band": 10}]}, "geometry": {"type": "Point", "coordinates": [-122.3203125, 47.6139603]}}, {"type": "Feature", "properties": {"id": "5fe4ed00-db11-419f-b599-7beee1fbfbc3", "name": "Hawk Dogs", "category": "restaurant", "tags": ["restaurant", "hot-dog", "hot", "dog"], "sources": ["overture"], "website": "https://hawkdogs.business.site", "phone": "12063075070", "address": "1500 Broadway", "stations": [{"stopCode": 49, "lines": "1,2", "name": "Capitol Hill Station", "walkingMeters": 583, "walkingSeconds": 420, "band": 10}]}, "geometry": {"type": "Point", "coordinates": [-122.3202896, 47.6143456]}}, {"type": "Feature", "properties": {"id": "2ac939a9-af26-4314-95bd-678edad27164", "name": "Alaskan Dumplings", "category": "fast_food", "tags": ["fast-food", "food", "truck"], "sources": ["overture"], "website": "https://www.seattlefoodtruck.com/food-trucks/alaskan-dumplings", "phone": "(206) 245-6447", "address": "1500 Broadway", "stations": [{"stopCode": 49, "lines": "1,2", "name": "Capitol Hill Station", "walkingMeters": 564, "walkingSeconds": 406, "band": 10}]}, "geometry": {"type": "Point", "coordinates": [-122.3205566, 47.6143646]}}, {"type": "Feature", "properties": {"id": 4031957157, "name": "Chief Sealth", "category": "artwork", "tags": ["artwork"], "sources": ["osm"], "stations": [{"stopCode": 49, "lines": "1,2", "name": "Capitol Hill Station", "walkingMeters": 1005, "walkingSeconds": 724, "band": 15}]}, "geometry": {"type": "Point", "coordinates": [-122.3205533, 47.6104482]}}, {"type": "Feature", "properties": {"id": 6466882755, "name": "the Waltz", "category": "artwork", "tags": ["artwork"], "sources": ["osm"], "stations": [{"stopCode": 49, "lines": "1,2", "name": "Capitol Hill Station", "walkingMeters": 166, "walkingSeconds": 120, "band": 5}]}, "geometry": {"type": "Point", "coordinates": [-122.3210332, 47.6198524]}}, {"type": "Feature", "properties": {"id": 6466910421, "name": "BUSSTOP (a variation on the)", "category": "artwork", "tags": ["artwork"], "sources": ["osm"], "stations": [{"stopCode": 49, "lines": "1,2", "name": "Capitol Hill Station", "walkingMeters": 113, "walkingSeconds": 81, "band": 5}]}, "geometry": {"type": "Point", "coordinates": [-122.3209791, 47.6185846]}}, {"type": "Feature", "properties": {"id": 6466930499, "name": "Wind Cradle", "category": "artwork", "tags": ["artwork"], "sources": ["osm"], "stations": [{"stopCode": 49, "lines": "1,2", "name": "Capitol Hill Station", "walkingMeters": 442, "walkingSeconds": 318, "band": 5}]}, "geometry": {"type": "Point", "coordinates": [-122.321076, 47.615749]}}, {"type": "Feature", "properties": {"id": 6466937004, "name": "Park Sculpture", "category": "artwork", "tags": ["artwork"], "sources": ["osm"], "stations": [{"stopCode": 49, "lines": "1,2", "name": "Capitol Hill Station", "walkingMeters": 494, "walkingSeconds": 356, "band": 5}]}, "geometry": {"type": "Point", "coordinates": [-122.3214709, 47.6155641]}}, {"type": "Feature", "properties": {"id": 6466951219, "name": "Cha-Cha-Cha", "category": "artwork", "tags": ["artwork"], "sources": ["osm"], "stations": [{"stopCode": 49, "lines": "1,2", "name": "Capitol Hill Station", "walkingMeters": 504, "walkingSeconds": 362, "band": 10}]}, "geometry": {"type": "Point", "coordinates": [-122.3208978, 47.6150709]}}, {"type": "Feature", "properties": {"id": 9514169121, "name": "andimgonnamisseverybody", "category": "artwork", "tags": ["artwork"], "sources": ["osm"], "website": "https://theamp.org/artwork/andimgonnamisseverybody/", "stations": [{"stopCode": 49, "lines": "1,2", "name": "Capitol Hill Station", "walkingMeters": 38, "walkingSeconds": 27, "band": 5}]}, "geometry": {"type": "Point", "coordinates": [-122.3202066, 47.6191562]}}, {"type": "Feature", "properties": {"id": 12450278523, "name": "Wavelengths", "category": "artwork", "tags": ["artwork"], "sources": ["osm"], "stations": [{"stopCode": 49, "lines": "1,2", "name": "Capitol Hill Station", "walkingMeters": 126, "walkingSeconds": 91, "band": 5}]}, "geometry": {"type": "Point", "coordinates": [-122.3210451, 47.6184663]}}, {"type": "Feature", "properties": {"id": 216282720, "name": "Arcade Plaza", "category": "artwork", "tags": ["artwork", "park"], "sources": ["osm"], "stations": [{"stopCode": 49, "lines": "1,2", "name": "Capitol Hill Station", "walkingMeters": 439, "walkingSeconds": 315, "band": 5}]}, "geometry": {"type": "Point", "coordinates": [-122.3252934, 47.6186545]}}, {"type": "Feature", "properties": {"id": "e775fc0a-6964-4781-922a-30c2b94f2120", "name": "Pivot Apartments", "category": "attraction", "tags": ["attraction", "landmark", "historical", "building"], "sources": ["overture"], "website": "https://www.pivotseattle.com/", "phone": "+12067522188", "address": "1208 Pine St", "stations": [{"stopCode": 50, "lines": "1,2", "name": "Westlake Station", "walkingMeters": 758, "walkingSeconds": 547, "band": 15}, {"stopCode": 49, "lines": "1,2", "name": "Capitol Hill Station", "walkingMeters": 918, "walkingSeconds": 663, "band": 10}]}, "geometry": {"type": "Point", "coordinates": [-122.3284531, 47.6151619]}}, {"type": "Feature", "properties": {"id": "2ee1ca92-270e-4b70-9491-62ef88a7d595", "name": "Pine + Minor", "category": "attraction", "tags": ["attraction", "landmark", "historical", "building"], "sources": ["overture"], "website": "http://www.pineminor.com/", "phone": "+14253321146", "address": "1551 Minor Ave", "stations": [{"stopCode": 50, "lines": "1,2", "name": "Westlake Station", "walkingMeters": 728, "walkingSeconds": 533, "band": 10}, {"stopCode": 49, "lines": "1,2", "name": "Capitol Hill Station", "walkingMeters": 982, "walkingSeconds": 712, "band": 15}, {"stopCode": 51, "lines": "1,2", "name": "Symphony Station", "walkingMeters": 1157, "walkingSeconds": 834, "band": 15}]}, "geometry": {"type": "Point", "coordinates": [-122.3285828, 47.6146278]}}, {"type": "Feature", "properties": {"id": "f6a23bdf-366c-473b-b895-7fe7d0c0b523", "name": "The Meridian", "category": "attraction", "tags": ["attraction", "landmark", "historical", "building"], "sources": ["overture"], "website": "https://www.highrises.com/seattle/the-meridian-condos", "phone": "+12062621420", "address": "1420 Terry Ave", "stations": [{"stopCode": 50, "lines": "1,2", "name": "Westlake Station", "walkingMeters": 724, "walkingSeconds": 540, "band": 10}, {"stopCode": 51, "lines": "1,2", "name": "Symphony Station", "walkingMeters": 941, "walkingSeconds": 702, "band": 15}, {"stopCode": 49, "lines": "1,2", "name": "Capitol Hill Station", "walkingMeters": 1300, "walkingSeconds": 970, "band": 15}]}, "geometry": {"type": "Point", "coordinates": [-122.3294373, 47.6125717]}}, {"type": "Feature", "properties": {"id": "b58115ef-ea6c-4a88-bfb5-b31371574225", "name": "Downtown Portfolio Seattle", "category": "attraction", "tags": ["attraction", "landmark", "historical", "building"], "sources": ["overture"], "website": "http://www.downtownportfolio.com/", "phone": "+18888027409", "address": "1401 Boren Ave", "stations": [{"stopCode": 50, "lines": "1,2", "name": "Westlake Station", "walkingMeters": 829, "walkingSeconds": 598, "band": 15}, {"stopCode": 51, "lines": "1,2", "name": "Symphony Station", "walkingMeters": 967, "walkingSeconds": 697, "band": 15}, {"stopCode": 49, "lines": "1,2", "name": "Capitol Hill Station", "walkingMeters": 1208, "walkingSeconds": 870, "band": 15}]}, "geometry": {"type": "Point", "coordinates": [-122.328476, 47.6125717]}}, {"type": "Feature", "properties": {"id": "3e3f1690-1cc0-4888-b1a4-2cbf8fa211cc", "name": "Avanti", "category": "attraction", "tags": ["attraction", "landmark", "historical", "building"], "sources": ["overture"], "website": "https://www.downtownportfolio.com/ils/191/switch_cls[id]/65315", "phone": "+12063177252", "address": "1401 Boren Ave", "stations": [{"stopCode": 50, "lines": "1,2", "name": "Westlake Station", "walkingMeters": 826, "walkingSeconds": 596, "band": 15}, {"stopCode": 51, "lines": "1,2", "name": "Symphony Station", "walkingMeters": 932, "walkingSeconds": 672, "band": 15}, {"stopCode": 49, "lines": "1,2", "name": "Capitol Hill Station", "walkingMeters": 1217, "walkingSeconds": 877, "band": 15}]}, "geometry": {"type": "Point", "coordinates": [-122.3284988, 47.6124763]}}, {"type": "Feature", "properties": {"id": "ffbcbb75-a465-4f77-ba59-fa08d6e44ddc", "name": "Elektra Condominiums", "category": "attraction", "tags": ["attraction", "landmark", "historical", "building"], "sources": ["overture"], "website": "http://elektracondos.com", "phone": "+12066245600", "address": "1400 Hubbell Pl", "stations": [{"stopCode": 50, "lines": "1,2", "name": "Westlake Station", "walkingMeters": 723, "walkingSeconds": 522, "band": 10}, {"stopCode": 51, "lines": "1,2", "name": "Symphony Station", "walkingMeters": 845, "walkingSeconds": 610, "band": 15}]}, "geometry": {"type": "Point", "coordinates": [-122.3298569, 47.6121941]}}, {"type": "Feature", "properties": {"id": "9b8cf8c9-0a6c-40b5-bc6b-378be09bbfa5", "name": "Cambridge Apartments", "category": "attraction", "tags": ["attraction", "landmark", "historical", "building"], "sources": ["overture"], "website": "http://www.bellwetherhousing.org", "phone": "+15644654074", "address": "903 Union St", "stations": [{"stopCode": 51, "lines": "1,2", "name": "Symphony Station", "walkingMeters": 772, "walkingSeconds": 557, "band": 10}, {"stopCode": 50, "lines": "1,2", "name": "Westlake Station", "walkingMeters": 795, "walkingSeconds": 574, "band": 10}]}, "geometry": {"type": "Point", "coordinates": [-122.3299942, 47.6115074]}}, {"type": "Feature", "properties": {"id": "8a04e1c8-f99c-4828-9478-a84bf5fd92dd", "name": "The Danforth", "category": "attraction", "tags": ["attraction", "landmark", "historical", "building"], "sources": ["overture"], "website": "https://thedanforthseattle.com/?fbclid=IwY2xjawLsk_ZleHRuA2FlbQIxMABicmlkETBjWG9PRGlBNFpUUWg5R0dZAR6eTsC--KIDug1lPHRAiwIAMwteohDCGzDJnOZF8ynUzRwXLCgB92ukRELkoA_aem_5Wo6CG4nQGvwDDJnw99zJQ&utm_source=Social+Kapture&utm_medium=Facebook&utm_term=Website+Referral&utm_content=Post+Engagement&utm_campaign=Social+Post", "phone": "+12063241000", "address": "1425 Spring St", "stations": [{"stopCode": 49, "lines": "1,2", "name": "Capitol Hill Station", "walkingMeters": 954, "walkingSeconds": 687, "band": 15}]}, "geometry": {"type": "Point", "coordinates": [-122.3214264, 47.6116829]}}, {"type": "Feature", "properties": {"id": "e25864e5-8ace-4fbb-8996-89c47dc4345b", "name": "Maxmillian Apartments", "category": "attraction", "tags": ["attraction", "landmark", "historical", "building"], "sources": ["overture"], "phone": "+12069455270", "address": "1414 Seneca St", "stations": [{"stopCode": 49, "lines": "1,2", "name": "Capitol Hill Station", "walkingMeters": 956, "walkingSeconds": 713, "band": 15}]}, "geometry": {"type": "Point", "coordinates": [-122.3226166, 47.612648]}}, {"type": "Feature", "properties": {"id": "05f33777-941c-44e8-bca9-df6a87dd6e15", "name": "Luma Condominiums", "category": "attraction", "tags": ["attraction", "landmark", "historical", "building"], "sources": ["overture"], "website": "http://liveluma.com/find-us/", "phone": "+12068991235", "address": "1321 Seneca St", "stations": [{"stopCode": 49, "lines": "1,2", "name": "Capitol Hill Station", "walkingMeters": 963, "walkingSeconds": 693, "band": 15}]}, "geometry": {"type": "Point", "coordinates": [-122.3231583, 47.6119995]}}, {"type": "Feature", "properties": {"id": "34c35dcc-4061-402e-9938-ebd67400866a", "name": "The Manhattan", "category": "attraction", "tags": ["attraction", "landmark", "historical", "building"], "sources": ["overture"], "phone": "+12063251901", "address": "1200 Boylston Ave", "stations": [{"stopCode": 49, "lines": "1,2", "name": "Capitol Hill Station", "walkingMeters": 1010, "walkingSeconds": 754, "band": 15}]}, "geometry": {"type": "Point", "coordinates": [-122.3231735, 47.6123657]}}, {"type": "Feature", "properties": {"id": "0cfe708e-e9e7-4287-8a0c-e9e686600944", "name": "Charbonneau Luxury Apartments", "category": "attraction", "tags": ["attraction", "landmark", "historical", "building"], "sources": ["overture"], "website": "https://www.charbonneauapartments.com", "phone": "+12067268020", "address": "1201 Boylston Ave", "stations": [{"stopCode": 49, "lines": "1,2", "name": "Capitol Hill Station", "walkingMeters": 987, "walkingSeconds": 712, "band": 15}]}, "geometry": {"type": "Point", "coordinates": [-122.3236084, 47.6124611]}}, {"type": "Feature", "properties": {"id": "206be412-d8e0-4a9f-8978-d5dbf9f735bc", "name": "Union Arms", "category": "attraction", "tags": ["attraction", "landmark", "historical", "building"], "sources": ["overture"], "website": "https://www.unionarmsliving.com/", "phone": "+12063470783", "address": "604 E Union St", "stations": [{"stopCode": 49, "lines": "1,2", "name": "Capitol Hill Station", "walkingMeters": 954, "walkingSeconds": 688, "band": 15}]}, "geometry": {"type": "Point", "coordinates": [-122.3241577, 47.6130714]}}, {"type": "Feature", "properties": {"id": "d4d03584-661b-4042-91c9-e3f5e49df88c", "name": "Tuscany Apartments", "category": "attraction", "tags": ["attraction", "landmark", "historical", "building"], "sources": ["overture"], "website": "http://www.northwestapartments.com/properties/tuscany", "phone": "+12063821392", "address": "1215 Seneca St Ste 100", "stations": [{"stopCode": 49, "lines": "1,2", "name": "Capitol Hill Station", "walkingMeters": 1079, "walkingSeconds": 776, "band": 15}]}, "geometry": {"type": "Point", "coordinates": [-122.3245239, 47.611454]}}, {"type": "Feature", "properties": {"id": "f2eb3400-fe71-46a8-bfa2-ac212d047f16", "name": "San Marco Apartments", "category": "attraction", "tags": ["attraction", "landmark", "historical", "building"], "sources": ["overture"], "phone": "+12066247779", "address": "1205 Spring St", "stations": [{"stopCode": 49, "lines": "1,2", "name": "Capitol Hill Station", "walkingMeters": 1293, "walkingSeconds": 965, "band": 15}]}, "geometry": {"type": "Point", "coordinates": [-122.3242416, 47.6105423]}}, {"type": "Feature", "properties": {"id": "38acfda2-29b8-4918-845b-8c165d23695d", "name": "Hilltop Court Apartments", "category": "attraction", "tags": ["attraction", "landmark", "historical", "building"], "sources": ["overture"], "website": "http://www.pacificsunseattle.com", "phone": "+12063223696", "address": "1314 Spring St", "stations": [{"stopCode": 49, "lines": "1,2", "name": "Capitol Hill Station", "walkingMeters": 1057, "walkingSeconds": 760, "band": 15}]}, "geometry": {"type": "Point", "coordinates": [-122.3229446, 47.6114159]}}, {"type": "Feature", "properties": {"id": "11a8008a-e982-44d5-b751-7e255541bc58", "name": "Coppins Well", "category": "attraction", "tags": ["attraction", "landmark", "historical", "building"], "sources": ["overture"], "website": "https://www.coppinswell.com/", "phone": "+12068121882", "address": "1000 Minor Ave", "stations": [{"stopCode": 49, "lines": "1,2", "name": "Capitol Hill Station", "walkingMeters": 1235, "walkingSeconds": 889, "band": 15}]}, "geometry": {"type": "Point", "coordinates": [-122.3241348, 47.6101227]}}, {"type": "Feature", "properties": {"id": "af7fef8e-4e8f-42db-80b6-06cbf08a9676", "name": "Museum Of Museums", "category": "museum", "tags": ["museum", "art"], "sources": ["overture"], "website": "https://www.museumofmuseums.com", "phone": "(970) 819-8647", "address": "900 Boylston Ave", "stations": [{"stopCode": 49, "lines": "1,2", "name": "Capitol Hill Station", "walkingMeters": 1074, "walkingSeconds": 775, "band": 15}]}, "geometry": {"type": "Point", "coordinates": [-122.3210602, 47.6102753]}}, {"type": "Feature", "properties": {"id": "0056dfed-7c80-481d-9e3a-a916e8f6b2c3", "name": "Gainsborough Condominium", "category": "attraction", "tags": ["attraction", "landmark", "historical", "building"], "sources": ["overture"], "website": "http://www.gainsboroughcondominium.com/", "phone": "+12066223276", "address": "1017 Minor Ave", "stations": [{"stopCode": 49, "lines": "1,2", "name": "Capitol Hill Station", "walkingMeters": 1347, "walkingSeconds": 1005, "band": 15}]}, "geometry": {"type": "Point", "coordinates": [-122.324707, 47.6102524]}}, {"type": "Feature", "properties": {"id": "8d219d3e-f1af-4718-bb8d-eeda4330a910", "name": "Sutton Place Condominiums", "category": "attraction", "tags": ["attraction", "landmark", "historical", "building"], "sources": ["overture"], "website": "http://suttonplaceseattle.com", "phone": "+12066245100", "address": "1221 Minor Ave", "stations": [{"stopCode": 51, "lines": "1,2", "name": "Symphony Station", "walkingMeters": 972, "walkingSeconds": 701, "band": 15}, {"stopCode": 49, "lines": "1,2", "name": "Capitol Hill Station", "walkingMeters": 1188, "walkingSeconds": 854, "band": 15}]}, "geometry": {"type": "Point", "coordinates": [-122.3258514, 47.6115074]}}, {"type": "Feature", "properties": {"id": "787e435e-d699-4e28-8dcb-05fba5b8697c", "name": "Parkview Plaza Condominiums", "category": "attraction", "tags": ["attraction", "landmark", "historical", "building"], "sources": ["overture"], "phone": "+12063401515", "address": "1101 Seneca St", "stations": [{"stopCode": 51, "lines": "1,2", "name": "Symphony Station", "walkingMeters": 910, "walkingSeconds": 659, "band": 15}, {"stopCode": 49, "lines": "1,2", "name": "Capitol Hill Station", "walkingMeters": 1217, "walkingSeconds": 875, "band": 15}]}, "geometry": {"type": "Point", "coordinates": [-122.3259964, 47.610714]}}, {"type": "Feature", "properties": {"id": "935b38bf-bb87-4f95-8ceb-5643881401b3", "name": "Cascade Court", "category": "attraction", "tags": ["attraction", "landmark", "historical", "building"], "sources": ["overture"], "website": "http://www.bellwetherhousing.org", "phone": "+14253337652", "address": "1201 Summit Ave", "stations": [{"stopCode": 49, "lines": "1,2", "name": "Capitol Hill Station", "walkingMeters": 1083, "walkingSeconds": 781, "band": 15}]}, "geometry": {"type": "Point", "coordinates": [-122.3247299, 47.6120148]}}, {"type": "Feature", "properties": {"id": "2c7eeccd-d028-406f-bae9-512c166caeda", "name": "1300 University Condominiums", "category": "attraction", "tags": ["attraction", "landmark", "historical", "building"], "sources": ["overture"], "phone": "+12063281068", "address": "1300 University St", "stations": [{"stopCode": 49, "lines": "1,2", "name": "Capitol Hill Station", "walkingMeters": 1007, "walkingSeconds": 751, "band": 15}]}, "geometry": {"type": "Point", "coordinates": [-122.3247681, 47.6128159]}}, {"type": "Feature", "properties": {"id": "3347b96d-fb27-486b-843f-365a568f8701", "name": "Union Plaza Apartments", "category": "attraction", "tags": ["attraction", "landmark", "historical", "building"], "sources": ["overture"], "website": "https://www.unionparkapartments.com/?utm_knock=sm", "phone": "+12062032971", "address": "1310 Minor Ave", "stations": [{"stopCode": 50, "lines": "1,2", "name": "Westlake Station", "walkingMeters": 980, "walkingSeconds": 706, "band": 15}, {"stopCode": 49, "lines": "1,2", "name": "Capitol Hill Station", "walkingMeters": 1089, "walkingSeconds": 785, "band": 15}]}, "geometry": {"type": "Point", "coordinates": [-122.3264999, 47.6131363]}}, {"type": "Feature", "properties": {"id": "b0e7fa85-1b29-4ea6-a644-ce6ce32b7591", "name": "Panorama Apartments", "category": "attraction", "tags": ["attraction", "landmark", "historical", "building"], "sources": ["overture"], "website": "http://www.panoramaseattle.com", "phone": "+12062073894", "address": "1100 University St", "stations": [{"stopCode": 50, "lines": "1,2", "name": "Westlake Station", "walkingMeters": 1000, "walkingSeconds": 721, "band": 15}, {"stopCode": 51, "lines": "1,2", "name": "Symphony Station", "walkingMeters": 1004, "walkingSeconds": 724, "band": 15}, {"stopCode": 49, "lines": "1,2", "name": "Capitol Hill Station", "walkingMeters": 1211, "walkingSeconds": 872, "band": 15}]}, "geometry": {"type": "Point", "coordinates": [-122.326561, 47.612011]}}, {"type": "Feature", "properties": {"id": "557e1e6c-1459-477a-88f9-96da7aef8e79", "name": "The Marlborough", "category": "attraction", "tags": ["attraction", "landmark", "historical", "building"], "sources": ["overture"], "website": "http://www.marlboroughseattle.com", "phone": "+12066828800", "address": "1220 Boren Ave", "stations": [{"stopCode": 50, "lines": "1,2", "name": "Westlake Station", "walkingMeters": 972, "walkingSeconds": 725, "band": 15}, {"stopCode": 51, "lines": "1,2", "name": "Symphony Station", "walkingMeters": 1044, "walkingSeconds": 779, "band": 15}, {"stopCode": 49, "lines": "1,2", "name": "Capitol Hill Station", "walkingMeters": 1275, "walkingSeconds": 951, "band": 15}]}, "geometry": {"type": "Point", "coordinates": [-122.3267517, 47.6114273]}}, {"type": "Feature", "properties": {"id": "ab4dab18-cad6-4951-a885-34443b725657", "name": "John Winthrop Apartments", "category": "attraction", "tags": ["attraction", "landmark", "historical", "building"], "sources": ["overture"], "website": "https://www.johnwinthropapts.com/", "phone": "+14253653270", "address": "1020 Seneca St", "stations": [{"stopCode": 51, "lines": "1,2", "name": "Symphony Station", "walkingMeters": 843, "walkingSeconds": 608, "band": 15}, {"stopCode": 50, "lines": "1,2", "name": "Westlake Station", "walkingMeters": 1043, "walkingSeconds": 750, "band": 15}, {"stopCode": 49, "lines": "1,2", "name": "Capitol Hill Station", "walkingMeters": 1281, "walkingSeconds": 921, "band": 15}]}, "geometry": {"type": "Point", "coordinates": [-122.3269348, 47.610672]}}, {"type": "Feature", "properties": {"id": "fed822c7-ce0b-4851-ad5c-9d13efcfef14", "name": "Sovereign Apartments", "category": "attraction", "tags": ["attraction", "landmark", "historical", "building"], "sources": ["overture"], "website": "http://www.metmgmt.net/properties/details/sovereign", "phone": "+12066825862", "address": "1317 Boren Ave #203", "stations": [{"stopCode": 51, "lines": "1,2", "name": "Symphony Station", "walkingMeters": 902, "walkingSeconds": 650, "band": 15}, {"stopCode": 50, "lines": "1,2", "name": "Westlake Station", "walkingMeters": 922, "walkingSeconds": 665, "band": 15}, {"stopCode": 49, "lines": "1,2", "name": "Capitol Hill Station", "walkingMeters": 1268, "walkingSeconds": 914, "band": 15}]}, "geometry": {"type": "Point", "coordinates": [-122.3277588, 47.6119194]}}, {"type": "Feature", "properties": {"id": "99022da8-c93f-4b47-b0d8-2f2dd424e91a", "name": "Embassy Apartments", "category": "attraction", "tags": ["attraction", "landmark", "historical", "building"], "sources": ["overture"], "website": "http://www.northwestapartments.com/properties/embassy", "phone": "+12064007295", "address": "1420 Boren Ave", "stations": [{"stopCode": 50, "lines": "1,2", "name": "Westlake Station", "walkingMeters": 802, "walkingSeconds": 578, "band": 15}, {"stopCode": 51, "lines": "1,2", "name": "Symphony Station", "walkingMeters": 1028, "walkingSeconds": 740, "band": 15}, {"stopCode": 49, "lines": "1,2", "name": "Capitol Hill Station", "walkingMeters": 1129, "walkingSeconds": 814, "band": 15}]}, "geometry": {"type": "Point", "coordinates": [-122.3282318, 47.6132774]}}, {"type": "Feature", "properties": {"id": "85f35027-5e56-4f01-879e-6bc05bfe8a0e", "name": "Pike Lofts", "category": "attraction", "tags": ["attraction", "landmark", "historical", "building"], "sources": ["overture"], "address": "303 E Pike St", "stations": [{"stopCode": 50, "lines": "1,2", "name": "Westlake Station", "walkingMeters": 879, "walkingSeconds": 634, "band": 15}, {"stopCode": 49, "lines": "1,2", "name": "Capitol Hill Station", "walkingMeters": 1000, "walkingSeconds": 721, "band": 15}]}, "geometry": {"type": "Point", "coordinates": [-122.3272552, 47.6139717]}}, {"type": "Feature", "properties": {"id": "f24c99ef-9cb8-403c-a9c5-01b77abf6976", "name": "Warren Knapp Gallery", "category": "gallery", "tags": ["gallery", "art"], "sources": ["overture"], "website": "http://warrenknapp.com", "phone": "(206) 381-3335", "address": "1530 Melrose Ave", "stations": [{"stopCode": 50, "lines": "1,2", "name": "Westlake Station", "walkingMeters": 825, "walkingSeconds": 603, "band": 15}, {"stopCode": 49, "lines": "1,2", "name": "Capitol Hill Station", "walkingMeters": 883, "walkingSeconds": 637, "band": 10}]}, "geometry": {"type": "Point", "coordinates": [-122.3273621, 47.6149025]}}, {"type": "Feature", "properties": {"id": "5f39f43f-39e3-4911-bffd-50d01528da2c", "name": "Excelsior", "category": "attraction", "tags": ["attraction", "landmark", "historical", "building"], "sources": ["overture"], "website": "https://excelsiorseattle.com/?utm_knock=fb", "phone": "+12063858505", "address": "1535 Bellevue Ave", "stations": [{"stopCode": 50, "lines": "1,2", "name": "Westlake Station", "walkingMeters": 840, "walkingSeconds": 613, "band": 15}, {"stopCode": 49, "lines": "1,2", "name": "Capitol Hill Station", "walkingMeters": 868, "walkingSeconds": 626, "band": 10}]}, "geometry": {"type": "Point", "coordinates": [-122.3271637, 47.6149826]}}, {"type": "Feature", "properties": {"id": "d6bc2a87-9f1b-41f2-be32-bde96139e5c0", "name": "Three20 Apartments", "category": "attraction", "tags": ["attraction", "landmark", "historical", "building"], "sources": ["overture"], "website": "http://www.equityapartments.com/seattle/capitol-hill/three20-apartments", "phone": "+12068661712", "address": "320 E Pine St", "stations": [{"stopCode": 49, "lines": "1,2", "name": "Capitol Hill Station", "walkingMeters": 848, "walkingSeconds": 612, "band": 10}, {"stopCode": 50, "lines": "1,2", "name": "Westlake Station", "walkingMeters": 858, "walkingSeconds": 619, "band": 15}]}, "geometry": {"type": "Point", "coordinates": [-122.3271866, 47.6154137]}}, {"type": "Feature", "properties": {"id": "ed32a035-05c1-4ed8-b992-abcba01a6381", "name": "Melrose Apartments", "category": "attraction", "tags": ["attraction", "landmark", "historical", "building"], "sources": ["overture"], "website": "http://melrosemarketseattle.com", "phone": "+12066524106", "address": "1520 Melrose Ave", "stations": [{"stopCode": 50, "lines": "1,2", "name": "Westlake Station", "walkingMeters": 845, "walkingSeconds": 618, "band": 15}, {"stopCode": 49, "lines": "1,2", "name": "Capitol Hill Station", "walkingMeters": 952, "walkingSeconds": 688, "band": 15}]}, "geometry": {"type": "Point", "coordinates": [-122.327774, 47.6145973]}}, {"type": "Feature", "properties": {"id": "84ba0fd9-83d9-4989-859c-3b9c54de40e0", "name": "El Capitan Apartments", "category": "attraction", "tags": ["attraction", "landmark", "historical", "building"], "sources": ["overture"], "website": "http://www.elcapitanapartments.com", "phone": "+12066240962", "address": "1617 Yale Ave", "stations": [{"stopCode": 50, "lines": "1,2", "name": "Westlake Station", "walkingMeters": 852, "walkingSeconds": 615, "band": 15}, {"stopCode": 49, "lines": "1,2", "name": "Capitol Hill Station", "walkingMeters": 852, "walkingSeconds": 616, "band": 10}]}, "geometry": {"type": "Point", "coordinates": [-122.3282852, 47.6157913]}}, {"type": "Feature", "properties": {"id": "05a85bf6-558e-49f2-aa4c-222ddc197dd1", "name": "Sherwood Apartments", "category": "attraction", "tags": ["attraction", "landmark", "historical", "building"], "sources": ["overture"], "website": "https://www.cornellandassociates.com/capitol-hill/sherwood-apartments", "phone": "+12066246467", "address": "1633 Melrose Ave", "stations": [{"stopCode": 49, "lines": "1,2", "name": "Capitol Hill Station", "walkingMeters": 774, "walkingSeconds": 560, "band": 10}, {"stopCode": 50, "lines": "1,2", "name": "Westlake Station", "walkingMeters": 901, "walkingSeconds": 650, "band": 15}]}, "geometry": {"type": "Point", "coordinates": [-122.328125, 47.6162758]}}, {"type": "Feature", "properties": {"id": "1e60a6bf-a589-4207-9d08-1f2e1eff4890", "name": "Maison Ville", "category": "attraction", "tags": ["attraction", "landmark", "historical", "building"], "sources": ["overture"], "phone": "+12063240766", "address": "1740 Melrose Ave", "stations": [{"stopCode": 49, "lines": "1,2", "name": "Capitol Hill Station", "walkingMeters": 651, "walkingSeconds": 471, "band": 10}, {"stopCode": 50, "lines": "1,2", "name": "Westlake Station", "walkingMeters": 1127, "walkingSeconds": 813, "band": 15}]}, "geometry": {"type": "Point", "coordinates": [-122.3277588, 47.6181755]}}, {"type": "Feature", "properties": {"id": "64a97c7d-d20f-4105-9184-7f132768b9b6", "name": "The Crest Apartments", "category": "attraction", "tags": ["attraction", "landmark", "historical", "building"], "sources": ["overture"], "website": "http://www.metmgmt.net", "phone": "+12064808014", "address": "1718 Melrose Ave", "stations": [{"stopCode": 49, "lines": "1,2", "name": "Capitol Hill Station", "walkingMeters": 709, "walkingSeconds": 513, "band": 10}, {"stopCode": 50, "lines": "1,2", "name": "Westlake Station", "walkingMeters": 1069, "walkingSeconds": 771, "band": 15}]}, "geometry": {"type": "Point", "coordinates": [-122.3277512, 47.6176567]}}, {"type": "Feature", "properties": {"id": "6da6adc7-6289-40ef-af2b-7e50fc48b92b", "name": "Alexander Apartments", "category": "attraction", "tags": ["attraction", "landmark", "historical", "building"], "sources": ["overture"], "website": "https://www.bizapedia.com/wa/alexander-apartment-group-i-llc.html", "address": "1711 Bellevue Ave", "stations": [{"stopCode": 49, "lines": "1,2", "name": "Capitol Hill Station", "walkingMeters": 718, "walkingSeconds": 536, "band": 10}, {"stopCode": 50, "lines": "1,2", "name": "Westlake Station", "walkingMeters": 1265, "walkingSeconds": 944, "band": 15}]}, "geometry": {"type": "Point", "coordinates": [-122.3272018, 47.617527]}}, {"type": "Feature", "properties": {"id": "f0bf3b1b-832e-40b7-867f-49e7eec33b99", "name": "Oleta Apartments", "category": "attraction", "tags": ["attraction", "landmark", "historical", "building"], "sources": ["overture"], "phone": "+12062048732", "address": "1816 Bellevue Ave", "stations": [{"stopCode": 49, "lines": "1,2", "name": "Capitol Hill Station", "walkingMeters": 637, "walkingSeconds": 475, "band": 10}]}, "geometry": {"type": "Point", "coordinates": [-122.3266373, 47.6183319]}}, {"type": "Feature", "properties": {"id": "b0456bb8-cc27-45a7-8f3c-9e0212d9fb61", "name": "Julian Pena Gallery and Studio", "category": "gallery", "tags": ["gallery", "art"], "sources": ["overture"], "website": "http://www.jpenastudio.com/", "phone": "+12067450211", "address": "1633 Bellevue Ave Suite C", "stations": [{"stopCode": 49, "lines": "1,2", "name": "Capitol Hill Station", "walkingMeters": 736, "walkingSeconds": 530, "band": 10}, {"stopCode": 50, "lines": "1,2", "name": "Westlake Station", "walkingMeters": 970, "walkingSeconds": 700, "band": 15}]}, "geometry": {"type": "Point", "coordinates": [-122.3271408, 47.6160927]}}, {"type": "Feature", "properties": {"id": "3612034c-2e66-425b-bd7a-21197a00b01c", "name": "Capitol Steps Apartments & Furnished Suites", "category": "attraction", "tags": ["attraction", "landmark", "historical", "building"], "sources": ["overture"], "website": "https://capitolstepsonline.com/", "phone": "+12062231336", "address": "1633 Bellevue Ave", "stations": [{"stopCode": 49, "lines": "1,2", "name": "Capitol Hill Station", "walkingMeters": 778, "walkingSeconds": 581, "band": 10}, {"stopCode": 50, "lines": "1,2", "name": "Westlake Station", "walkingMeters": 1162, "walkingSeconds": 867, "band": 15}]}, "geometry": {"type": "Point", "coordinates": [-122.3268967, 47.6161308]}}, {"type": "Feature", "properties": {"id": "44ddd14b-f331-4ffe-afa2-ecf6351762b1", "name": "Bellevue Olive Apartments", "category": "attraction", "tags": ["attraction", "landmark", "historical", "building"], "sources": ["overture"], "website": "http://hrg.org", "phone": "+12066289699", "address": "1641 Bellevue Ave", "stations": [{"stopCode": 49, "lines": "1,2", "name": "Capitol Hill Station", "walkingMeters": 690, "walkingSeconds": 497, "band": 10}, {"stopCode": 50, "lines": "1,2", "name": "Westlake Station", "walkingMeters": 1016, "walkingSeconds": 733, "band": 15}]}, "geometry": {"type": "Point", "coordinates": [-122.3269501, 47.6165771]}}, {"type": "Feature", "properties": {"id": "51647957-5342-41c2-8445-19bddb5c7ac3", "name": "Ansonia Apartments", "category": "attraction", "tags": ["attraction", "landmark", "historical", "building"], "sources": ["overture"], "phone": "+12063251773", "address": "1628 Bellevue Ave", "stations": [{"stopCode": 49, "lines": "1,2", "name": "Capitol Hill Station", "walkingMeters": 767, "walkingSeconds": 572, "band": 10}, {"stopCode": 50, "lines": "1,2", "name": "Westlake Station", "walkingMeters": 1173, "walkingSeconds": 875, "band": 15}]}, "geometry": {"type": "Point", "coordinates": [-122.3266602, 47.6160316]}}, {"type": "Feature", "properties": {"id": "23bc5b04-f821-4183-b817-6a383127e0d8", "name": "Summit Place", "category": "attraction", "tags": ["attraction", "landmark", "historical", "building"], "sources": ["overture"], "phone": "+12063283445", "address": "1629 Summit Ave", "stations": [{"stopCode": 49, "lines": "1,2", "name": "Capitol Hill Station", "walkingMeters": 684, "walkingSeconds": 510, "band": 10}]}, "geometry": {"type": "Point", "coordinates": [-122.3257217, 47.6161423]}}, {"type": "Feature", "properties": {"id": "fb856a78-d194-4cf4-9fa0-eebe7994581a", "name": "Mercury Apartments", "category": "attraction", "tags": ["attraction", "landmark", "historical", "building"], "sources": ["overture"], "address": "1723 Summit Ave", "stations": [{"stopCode": 49, "lines": "1,2", "name": "Capitol Hill Station", "walkingMeters": 614, "walkingSeconds": 443, "band": 10}]}, "geometry": {"type": "Point", "coordinates": [-122.3258743, 47.6170387]}}, {"type": "Feature", "properties": {"id": "550ffb95-2dd5-4605-b417-d11054fc3c87", "name": "Darco Inc", "category": "attraction", "tags": ["attraction", "landmark", "historical", "building"], "sources": ["overture"], "website": "http://www.darcoapts.com/", "phone": "+12063229495", "address": "420 E Howell St", "stations": [{"stopCode": 49, "lines": "1,2", "name": "Capitol Hill Station", "walkingMeters": 561, "walkingSeconds": 419, "band": 5}]}, "geometry": {"type": "Point", "coordinates": [-122.3256607, 47.6178436]}}, {"type": "Feature", "properties": {"id": "c07b8acb-9260-41f7-8b3e-ef26ec03ebe4", "name": "St. Florence Apartments", "category": "attraction", "tags": ["attraction", "landmark", "historical", "building"], "sources": ["overture"], "website": "https://www.northwestapartments.com", "phone": "+12063282194", "address": "504 E Denny Way", "stations": [{"stopCode": 49, "lines": "1,2", "name": "Capitol Hill Station", "walkingMeters": 403, "walkingSeconds": 289, "band": 5}]}, "geometry": {"type": "Point", "coordinates": [-122.3249359, 47.6185722]}}, {"type": "Feature", "properties": {"id": "f7df1fa2-f66c-4bfd-a582-e66fa1a95f4f", "name": "Emerald Arms Apartments", "category": "attraction", "tags": ["attraction", "landmark", "historical", "building"], "sources": ["overture"], "phone": "+12063291636", "address": "1741 Belmont Ave #3", "stations": [{"stopCode": 49, "lines": "1,2", "name": "Capitol Hill Station", "walkingMeters": 492, "walkingSeconds": 367, "band": 5}]}, "geometry": {"type": "Point", "coordinates": [-122.3247528, 47.6175995]}}, {"type": "Feature", "properties": {"id": "039d8446-5e57-402e-b5e6-0e413a1429c7", "name": "Hudson House", "category": "attraction", "tags": ["attraction", "landmark", "historical", "building"], "sources": ["overture"], "phone": "+12063259908", "address": "Hudson House, 1712 Summit Ave #60", "stations": [{"stopCode": 49, "lines": "1,2", "name": "Capitol Hill Station", "walkingMeters": 615, "walkingSeconds": 459, "band": 10}]}, "geometry": {"type": "Point", "coordinates": [-122.3254242, 47.6166801]}}, {"type": "Feature", "properties": {"id": "c4a30ea3-ecfe-45d8-a125-b374149c7433", "name": "Parc On Summit", "category": "attraction", "tags": ["attraction", "landmark", "historical", "building"], "sources": ["overture"], "website": "http://www.parconsummit.com", "phone": "+12068602003", "address": "1616 Summit Ave Apt 108", "stations": [{"stopCode": 49, "lines": "1,2", "name": "Capitol Hill Station", "walkingMeters": 700, "walkingSeconds": 505, "band": 10}]}, "geometry": {"type": "Point", "coordinates": [-122.3254395, 47.6161156]}}, {"type": "Feature", "properties": {"id": "3a05f73e-d0c2-4927-969f-78eb452cd7d6", "name": "Terravita", "category": "attraction", "tags": ["attraction", "landmark", "historical", "building"], "sources": ["overture"], "website": "https://www.facebook.com/TerravitaApts", "phone": "+12063027950", "address": "1615 Belmont Ave", "stations": [{"stopCode": 49, "lines": "1,2", "name": "Capitol Hill Station", "walkingMeters": 758, "walkingSeconds": 547, "band": 10}]}, "geometry": {"type": "Point", "coordinates": [-122.3250046, 47.6153908]}}, {"type": "Feature", "properties": {"id": "34e7d6d8-6e13-4f9f-817f-71b00d304bf3", "name": "Ltd. Art Gallery", "category": "museum", "tags": ["museum", "art"], "sources": ["overture"], "phone": "2064572970", "address": "501 E Pine St", "stations": [{"stopCode": 49, "lines": "1,2", "name": "Capitol Hill Station", "walkingMeters": 850, "walkingSeconds": 613, "band": 10}, {"stopCode": 50, "lines": "1,2", "name": "Westlake Station", "walkingMeters": 1013, "walkingSeconds": 738, "band": 15}]}, "geometry": {"type": "Point", "coordinates": [-122.3252029, 47.6149864]}}, {"type": "Feature", "properties": {"id": "2e9b90ef-f577-4e79-a9af-2ed4f2ef87b6", "name": "The New Mcdermott", "category": "attraction", "tags": ["attraction", "landmark", "historical", "building"], "sources": ["overture"], "phone": "+12063228310", "address": "1514 Bellevue Ave", "stations": [{"stopCode": 49, "lines": "1,2", "name": "Capitol Hill Station", "walkingMeters": 882, "walkingSeconds": 658, "band": 10}, {"stopCode": 50, "lines": "1,2", "name": "Westlake Station", "walkingMeters": 1096, "walkingSeconds": 818, "band": 15}]}, "geometry": {"type": "Point", "coordinates": [-122.3264313, 47.6146355]}}, {"type": "Feature", "properties": {"id": "74a0101b-e551-4267-94a7-26343b25d893", "name": "Portofino", "category": "attraction", "tags": ["attraction", "landmark", "historical", "building"], "sources": ["overture"], "address": "417 E Pine St", "stations": [{"stopCode": 49, "lines": "1,2", "name": "Capitol Hill Station", "walkingMeters": 844, "walkingSeconds": 609, "band": 10}, {"stopCode": 50, "lines": "1,2", "name": "Westlake Station", "walkingMeters": 938, "walkingSeconds": 684, "band": 15}]}, "geometry": {"type": "Point", "coordinates": [-122.3259201, 47.6149979]}}, {"type": "Feature", "properties": {"id": "e29e796b-284f-4d20-a2b0-0359f3f3d440", "name": "Art Primo", "category": "gallery", "tags": ["gallery", "art"], "sources": ["overture"], "website": "http://www.artprimo.com/", "phone": "+12063654083", "address": "415 E Pine St", "stations": [{"stopCode": 49, "lines": "1,2", "name": "Capitol Hill Station", "walkingMeters": 848, "walkingSeconds": 611, "band": 10}, {"stopCode": 50, "lines": "1,2", "name": "Westlake Station", "walkingMeters": 935, "walkingSeconds": 682, "band": 15}]}, "geometry": {"type": "Point", "coordinates": [-122.3259583, 47.6151581]}}, {"type": "Feature", "properties": {"id": "d7586a8a-6792-406f-a5e9-4fe5a1c01364", "name": "Manchester Arms", "category": "attraction", "tags": ["attraction", "landmark", "historical", "building"], "sources": ["overture"], "website": "https://www.zillow.com/apartments/seattle-wa/manchester-arms/5XjVyM/", "phone": "+14254703189", "address": "1412 Summit Ave", "stations": [{"stopCode": 49, "lines": "1,2", "name": "Capitol Hill Station", "walkingMeters": 959, "walkingSeconds": 716, "band": 15}, {"stopCode": 50, "lines": "1,2", "name": "Westlake Station", "walkingMeters": 1141, "walkingSeconds": 851, "band": 15}]}, "geometry": {"type": "Point", "coordinates": [-122.3253326, 47.6134033]}}, {"type": "Feature", "properties": {"id": "ac8f2bf4-81de-4fb4-9c31-44cb69779b2b", "name": "Dunn Motors Building @ Capitol Hill", "category": "attraction", "tags": ["attraction", "landmark", "historical", "building"], "sources": ["overture"], "website": "http://dunnmotorsbldg.com/", "phone": "+12062571999", "address": "1430 Summit Ave", "stations": [{"stopCode": 49, "lines": "1,2", "name": "Capitol Hill Station", "walkingMeters": 904, "walkingSeconds": 675, "band": 15}, {"stopCode": 50, "lines": "1,2", "name": "Westlake Station", "walkingMeters": 1152, "walkingSeconds": 860, "band": 15}]}, "geometry": {"type": "Point", "coordinates": [-122.3254089, 47.613884]}}, {"type": "Feature", "properties": {"id": "ff3bab18-87bb-4321-8b9a-5042504d66fa", "name": "Summit Arms", "category": "attraction", "tags": ["attraction", "landmark", "historical", "building"], "sources": ["overture"], "website": "http://www.unionarmsliving.com", "phone": "+12063813160", "address": "1512 Summit Ave", "stations": [{"stopCode": 49, "lines": "1,2", "name": "Capitol Hill Station", "walkingMeters": 816, "walkingSeconds": 609, "band": 10}, {"stopCode": 50, "lines": "1,2", "name": "Westlake Station", "walkingMeters": 1200, "walkingSeconds": 896, "band": 15}]}, "geometry": {"type": "Point", "coordinates": [-122.3252182, 47.6145439]}}, {"type": "Feature", "properties": {"id": "20ecb600-bbd4-43f3-bf3e-cf2231804f03", "name": "Capitol Hill", "category": "attraction", "tags": ["attraction", "landmark", "historical", "building"], "sources": ["overture"], "website": "cscfloors.net", "phone": "+12063258221", "address": "500 E Pike St", "stations": [{"stopCode": 49, "lines": "1,2", "name": "Capitol Hill Station", "walkingMeters": 840, "walkingSeconds": 627, "band": 10}, {"stopCode": 50, "lines": "1,2", "name": "Westlake Station", "walkingMeters": 1192, "walkingSeconds": 890, "band": 15}]}, "geometry": {"type": "Point", "coordinates": [-122.3251953, 47.6143303]}}, {"type": "Feature", "properties": {"id": "2516b170-df63-4b32-bc72-78ffb1d9ec06", "name": "Cove Apartments", "category": "attraction", "tags": ["attraction", "landmark", "historical", "building"], "sources": ["overture"], "website": "https://www.apartments.com/cove-seattle-wa/ezzypgp/", "phone": "+12066877197", "address": "601 E Pike St", "stations": [{"stopCode": 49, "lines": "1,2", "name": "Capitol Hill Station", "walkingMeters": 841, "walkingSeconds": 607, "band": 10}]}, "geometry": {"type": "Point", "coordinates": [-122.3240967, 47.613987]}}, {"type": "Feature", "properties": {"id": "a3b45348-0100-46a4-9c67-ea663934ed8f", "name": "AVA Capitol Hill", "category": "attraction", "tags": ["attraction", "landmark", "historical", "building"], "sources": ["overture"], "website": "http://www.avaloncommunities.com/washington/seattle-apartments/ava-capitol-hill", "phone": "+12067354092", "address": "1530 Belmont Ave", "stations": [{"stopCode": 49, "lines": "1,2", "name": "Capitol Hill Station", "walkingMeters": 769, "walkingSeconds": 555, "band": 10}]}, "geometry": {"type": "Point", "coordinates": [-122.3242874, 47.6148186]}}, {"type": "Feature", "properties": {"id": "45fb68ec-dbd6-4bc4-bd44-180fad93c6ac", "name": "The Press", "category": "attraction", "tags": ["attraction", "landmark", "historical", "building"], "sources": ["overture"], "website": "http://presscondosseattle.com", "phone": "+12067091610", "address": "1610 Belmont Ave", "stations": [{"stopCode": 49, "lines": "1,2", "name": "Capitol Hill Station", "walkingMeters": 667, "walkingSeconds": 481, "band": 10}]}, "geometry": {"type": "Point", "coordinates": [-122.324234, 47.6157532]}}, {"type": "Feature", "properties": {"id": "9b4c8952-6506-4f80-a28d-2ab780317640", "name": "Teal Building", "category": "gallery", "tags": ["gallery", "art"], "sources": ["overture"], "website": "http://thirdplacetechnologies.com/tealbuildingartplace/", "address": "1533 Boylston Ave", "stations": [{"stopCode": 49, "lines": "1,2", "name": "Capitol Hill Station", "walkingMeters": 681, "walkingSeconds": 492, "band": 10}]}, "geometry": {"type": "Point", "coordinates": [-122.3236771, 47.6150589]}}, {"type": "Feature", "properties": {"id": "85b7dd8a-3a58-40ba-8162-ca83b1c75e5a", "name": "Gridline", "category": "attraction", "tags": ["attraction", "landmark", "historical", "building"], "sources": ["overture"], "website": "https://www.gridlineseattle.com/", "phone": "+12062943453", "address": "1421 Harvard Ave", "stations": [{"stopCode": 49, "lines": "1,2", "name": "Capitol Hill Station", "walkingMeters": 783, "walkingSeconds": 564, "band": 10}]}, "geometry": {"type": "Point", "coordinates": [-122.3225632, 47.6133957]}}, {"type": "Feature", "properties": {"id": "2c7e41f9-50b8-4198-a562-680a5efd09ba", "name": "Cue Apartments", "category": "attraction", "tags": ["attraction", "landmark", "historical", "building"], "sources": ["overture"], "website": "https://www.cueapartments.com/", "phone": "+12063973980", "address": "1525 Harvard Ave", "stations": [{"stopCode": 49, "lines": "1,2", "name": "Capitol Hill Station", "walkingMeters": 648, "walkingSeconds": 467, "band": 10}]}, "geometry": {"type": "Point", "coordinates": [-122.322258, 47.6146393]}}, {"type": "Feature", "properties": {"id": "f240018d-d493-4d53-ad74-2e659025f23a", "name": "The Lenawee", "category": "attraction", "tags": ["attraction", "landmark", "historical", "building"], "sources": ["overture"], "phone": "+12063253220", "address": "1629 Harvard Ave", "stations": [{"stopCode": 49, "lines": "1,2", "name": "Capitol Hill Station", "walkingMeters": 457, "walkingSeconds": 341, "band": 5}]}, "geometry": {"type": "Point", "coordinates": [-122.3222504, 47.6162148]}}, {"type": "Feature", "properties": {"id": "071aa204-cc87-40e9-8ff9-991791e6ed78", "name": "M. Rosetta Hunter Art Gallery", "category": "gallery", "tags": ["gallery", "art"], "sources": ["overture"], "phone": "+12069344379", "address": "1701 Broadway", "stations": [{"stopCode": 49, "lines": "1,2", "name": "Capitol Hill Station", "walkingMeters": 326, "walkingSeconds": 243, "band": 5}]}, "geometry": {"type": "Point", "coordinates": [-122.3214111, 47.6169586]}}, {"type": "Feature", "properties": {"id": "0da67e56-1ad0-454c-8c18-6e111979d1f1", "name": "Pantages Apartments", "category": "attraction", "tags": ["attraction", "landmark", "historical", "building"], "sources": ["overture"], "website": "https://www.capitolhillhousing.org/ourproperties/buildings/pantages.php", "phone": "+12063295407", "address": "803 E Denny Way", "stations": [{"stopCode": 49, "lines": "1,2", "name": "Capitol Hill Station", "walkingMeters": 200, "walkingSeconds": 144, "band": 5}]}, "geometry": {"type": "Point", "coordinates": [-122.3220367, 47.6185532]}}, {"type": "Feature", "properties": {"id": "cbea043c-b093-432c-bae0-0c2c40ae212b", "name": "Boylston Place Apartments", "category": "attraction", "tags": ["attraction", "landmark", "historical", "building"], "sources": ["overture"], "phone": "+12066187291", "address": "1816 Boylston Ave", "stations": [{"stopCode": 49, "lines": "1,2", "name": "Capitol Hill Station", "walkingMeters": 335, "walkingSeconds": 243, "band": 5}]}, "geometry": {"type": "Point", "coordinates": [-122.3232574, 47.6180573]}}, {"type": "Feature", "properties": {"id": "15889250-1784-4983-91f1-1baccf7860e7", "name": "Hollywood Court", "category": "attraction", "tags": ["attraction", "landmark", "historical", "building"], "sources": ["overture"], "address": "1716 Boylston Ave", "stations": [{"stopCode": 49, "lines": "1,2", "name": "Capitol Hill Station", "walkingMeters": 423, "walkingSeconds": 316, "band": 5}]}, "geometry": {"type": "Point", "coordinates": [-122.3232651, 47.616993]}}, {"type": "Feature", "properties": {"id": "a6933c31-dad1-4ffd-a185-f8687fa80fda", "name": "Naoma Apartments", "category": "attraction", "tags": ["attraction", "landmark", "historical", "building"], "sources": ["overture"], "website": "http://naoma-apartments.placestars.com", "phone": "+19702504256", "address": "1733 Boylston Ave", "stations": [{"stopCode": 49, "lines": "1,2", "name": "Capitol Hill Station", "walkingMeters": 432, "walkingSeconds": 315, "band": 5}]}, "geometry": {"type": "Point", "coordinates": [-122.3237228, 47.6173363]}}, {"type": "Feature", "properties": {"id": "8b22c89d-e3c6-4e0d-b42e-8133286c4a07", "name": "Ward House", "category": "attraction", "tags": ["attraction", "landmark", "historical", "building"], "sources": ["overture"], "website": "http://www.cityseekr.com/seattle/tourist-attractions-sightseeing/poi-ward-house-823660.html", "address": "107 Belmont Ave E", "stations": [{"stopCode": 49, "lines": "1,2", "name": "Capitol Hill Station", "walkingMeters": 345, "walkingSeconds": 248, "band": 5}]}, "geometry": {"type": "Point", "coordinates": [-122.3241196, 47.6185989]}}, {"type": "Feature", "properties": {"id": "3ae06485-2cc4-47fa-8de5-7ab01cb13d76", "name": "Plaza Del Sol Condominiums", "category": "attraction", "tags": ["attraction", "landmark", "historical", "building"], "sources": ["overture"], "phone": "+12063281312", "address": "1711 E Olive Wy", "stations": [{"stopCode": 49, "lines": "1,2", "name": "Capitol Hill Station", "walkingMeters": 326, "walkingSeconds": 234, "band": 5}]}, "geometry": {"type": "Point", "coordinates": [-122.323143, 47.6196709]}}, {"type": "Feature", "properties": {"id": "bb7b1fd1-58ad-4088-a759-e497e3295660", "name": "The Heights on Capitol Hill Apartments", "category": "attraction", "tags": ["attraction", "landmark", "historical", "building"], "sources": ["overture"], "website": "http://www.equityapartments.com/seattle/capitol-hill/the-heights-on-capitol-hill-apartments", "phone": "+12068385558", "address": "130 Harvard Ave E", "stations": [{"stopCode": 49, "lines": "1,2", "name": "Capitol Hill Station", "walkingMeters": 225, "walkingSeconds": 162, "band": 5}]}, "geometry": {"type": "Point", "coordinates": [-122.3218765, 47.6197815]}}, {"type": "Feature", "properties": {"id": "5a62cef4-937a-40a8-a50e-b620c3ff45ee", "name": "101 Broadway", "category": "attraction", "tags": ["attraction", "landmark", "historical", "building"], "sources": ["overture"], "website": "https://101broadwayseattle.com/?utm_campaign=Facebook", "phone": "+12062371059", "address": "840 E Denny Way", "stations": [{"stopCode": 49, "lines": "1,2", "name": "Capitol Hill Station", "walkingMeters": 116, "walkingSeconds": 83, "band": 5}]}, "geometry": {"type": "Point", "coordinates": [-122.3212814, 47.6188927]}}, {"type": "Feature", "properties": {"id": "b9811faf-74bd-4ac4-a8e4-2130ee313e8b", "name": "Hollywood Lofts", "category": "attraction", "tags": ["attraction", "landmark", "historical", "building"], "sources": ["overture"], "website": "http://www.hollywoodloftsseattle.com/", "phone": "+12065391503", "address": "127 Broadway E", "stations": [{"stopCode": 49, "lines": "1,2", "name": "Capitol Hill Station", "walkingMeters": 177, "walkingSeconds": 127, "band": 5}]}, "geometry": {"type": "Point", "coordinates": [-122.321106, 47.6195793]}}, {"type": "Feature", "properties": {"id": "e1c6c8d1-9b05-471f-87f2-7c24f695a774", "name": "Scandia Mignon Apartments", "category": "attraction", "tags": ["attraction", "landmark", "historical", "building"], "sources": ["overture"], "address": "205 Summit Ave E", "stations": [{"stopCode": 49, "lines": "1,2", "name": "Capitol Hill Station", "walkingMeters": 532, "walkingSeconds": 382, "band": 10}]}, "geometry": {"type": "Point", "coordinates": [-122.3255997, 47.6198387]}}, {"type": "Feature", "properties": {"id": "6e26cea4-fb2c-44d1-a49d-e556e240dcf2", "name": "Biltmore Apartments", "category": "attraction", "tags": ["attraction", "landmark", "historical", "building"], "sources": ["overture"], "website": "http://www.metmgmt.net/properties/details/biltmore", "phone": "+12067092866", "address": "418 E Loretta Pl", "stations": [{"stopCode": 49, "lines": "1,2", "name": "Capitol Hill Station", "walkingMeters": 542, "walkingSeconds": 390, "band": 10}]}, "geometry": {"type": "Point", "coordinates": [-122.3257523, 47.6195183]}}, {"type": "Feature", "properties": {"id": "d85262a3-ff5c-40d0-a513-ff7e131f73f4", "name": "Faneuil Hall", "category": "attraction", "tags": ["attraction", "landmark", "historical", "building"], "sources": ["overture"], "phone": "+12063287970", "address": "1562 E Olive Wy", "stations": [{"stopCode": 49, "lines": "1,2", "name": "Capitol Hill Station", "walkingMeters": 530, "walkingSeconds": 396, "band": 5}]}, "geometry": {"type": "Point", "coordinates": [-122.3256302, 47.618927]}}, {"type": "Feature", "properties": {"id": "02ff00b3-461d-4ee1-9fe8-dc36727ba40e", "name": "Iliad Apartments", "category": "attraction", "tags": ["attraction", "landmark", "historical", "building"], "sources": ["overture"], "website": "http://iliadapartments.com", "phone": "+12063282498", "address": "112 Bellevue Ave E", "stations": [{"stopCode": 49, "lines": "1,2", "name": "Capitol Hill Station", "walkingMeters": 586, "walkingSeconds": 421, "band": 10}]}, "geometry": {"type": "Point", "coordinates": [-122.3263245, 47.6190948]}}, {"type": "Feature", "properties": {"id": "dc5b9d45-66f7-45f3-a16b-9ea6fd051130", "name": "Meritage Condominiums", "category": "attraction", "tags": ["attraction", "landmark", "historical", "building"], "sources": ["overture"], "address": "124 Bellevue Ave E", "stations": [{"stopCode": 49, "lines": "1,2", "name": "Capitol Hill Station", "walkingMeters": 597, "walkingSeconds": 446, "band": 10}]}, "geometry": {"type": "Point", "coordinates": [-122.3263016, 47.6194305]}}, {"type": "Feature", "properties": {"id": "d90b32d4-8013-4c96-aa73-e306f1be6958", "name": "Chardonnay", "category": "attraction", "tags": ["attraction", "landmark", "historical", "building"], "sources": ["overture"], "phone": "+12068540699", "address": "203 Bellevue Ave E", "stations": [{"stopCode": 49, "lines": "1,2", "name": "Capitol Hill Station", "walkingMeters": 638, "walkingSeconds": 476, "band": 10}]}, "geometry": {"type": "Point", "coordinates": [-122.3266754, 47.6196861]}}, {"type": "Feature", "properties": {"id": "07536a98-3e83-417c-b2b6-a2f088e90c44", "name": "Melrose East Condominiums", "category": "attraction", "tags": ["attraction", "landmark", "historical", "building"], "sources": ["overture"], "address": "150 Melrose Ave E", "stations": [{"stopCode": 49, "lines": "1,2", "name": "Capitol Hill Station", "walkingMeters": 711, "walkingSeconds": 531, "band": 10}]}, "geometry": {"type": "Point", "coordinates": [-122.3274384, 47.6196709]}}, {"type": "Feature", "properties": {"id": "385a9446-9c73-4806-a658-fbccc8154447", "name": "Denny Terrace", "category": "attraction", "tags": ["attraction", "landmark", "historical", "building"], "sources": ["overture"], "website": "www.seattlehousing.org", "address": "100 Melrose Ave E", "stations": [{"stopCode": 49, "lines": "1,2", "name": "Capitol Hill Station", "walkingMeters": 649, "walkingSeconds": 466, "band": 10}, {"stopCode": 50, "lines": "1,2", "name": "Westlake Station", "walkingMeters": 1206, "walkingSeconds": 870, "band": 15}]}, "geometry": {"type": "Point", "coordinates": [-122.3276978, 47.6188698]}}, {"type": "Feature", "properties": {"id": "1e1ed101-1c5c-4b7b-8c58-e61bd2a7c32d", "name": "Ander North", "category": "attraction", "tags": ["attraction", "landmark", "historical", "building"], "sources": ["overture"], "phone": "+12068231225", "address": "118 Broadway E", "stations": [{"stopCode": 49, "lines": "1,2", "name": "Capitol Hill Station", "walkingMeters": 75, "walkingSeconds": 54, "band": 5}]}, "geometry": {"type": "Point", "coordinates": [-122.3208084, 47.6190414]}}, {"type": "Feature", "properties": {"id": "78b481c0-1d8c-497a-9337-efb5ce688592", "name": "Modera Broadway", "category": "attraction", "tags": ["attraction", "landmark", "historical", "building"], "sources": ["overture"], "website": "https://www.moderabroadway.com/?switch_cls%5Bid%5D=95046&utm_source=Facebook%2FInstagram&utm_medium=Community+Listing", "phone": "+12065800580", "address": "1812 Broadway", "stations": [{"stopCode": 49, "lines": "1,2", "name": "Capitol Hill Station", "walkingMeters": 170, "walkingSeconds": 122, "band": 5}]}, "geometry": {"type": "Point", "coordinates": [-122.3206787, 47.6179008]}}, {"type": "Feature", "properties": {"id": "2d758f4d-0bf7-400c-af12-30919469c480", "name": "The Broadway Building @ Capitol Hill", "category": "attraction", "tags": ["attraction", "landmark", "historical", "building"], "sources": ["overture"], "website": "http://www.broadwaybuilding.com", "phone": "+12063231500", "address": "1641 Nagle Pl", "stations": [{"stopCode": 49, "lines": "1,2", "name": "Capitol Hill Station", "walkingMeters": 329, "walkingSeconds": 237, "band": 5}]}, "geometry": {"type": "Point", "coordinates": [-122.3202591, 47.6161003]}}, {"type": "Feature", "properties": {"id": "6b4b6541-66cf-4f3a-99a9-0c2d90f1b81c", "name": "Rainbow Crosswalk", "category": "attraction", "tags": ["attraction", "landmark", "historical", "building"], "sources": ["overture"], "stations": [{"stopCode": 49, "lines": "1,2", "name": "Capitol Hill Station", "walkingMeters": 723, "walkingSeconds": 540, "band": 10}]}, "geometry": {"type": "Point", "coordinates": [-122.3207932, 47.6140747]}}, {"type": "Feature", "properties": {"id": "9b7a21e7-b156-4731-b4c7-730d3b34b83e", "name": "Cloud Gallery", "category": "gallery", "tags": ["gallery", "art"], "sources": ["overture"], "website": "https://cloudgalleryseattle.wordpress.com", "phone": "+12067202054", "address": "901 E Pike St", "stations": [{"stopCode": 49, "lines": "1,2", "name": "Capitol Hill Station", "walkingMeters": 619, "walkingSeconds": 445, "band": 10}]}, "geometry": {"type": "Point", "coordinates": [-122.320488, 47.6139984]}}, {"type": "Feature", "properties": {"id": 52128532, "name": "First Hill Park", "category": "park", "tags": ["park"], "sources": ["osm", "overture"], "website": "http://www.seattle.gov/parks/park_detail.asp?ID=3910", "phone": "+12066844075", "address": "1201 University St", "hours": "04:00-23:30", "stations": [{"stopCode": 49, "lines": "1,2", "name": "Capitol Hill Station", "walkingMeters": 1119, "walkingSeconds": 806, "band": 15}]}, "geometry": {"type": "Point", "coordinates": [-122.3255377, 47.6119131]}}, {"type": "Feature", "properties": {"id": 157446923, "name": "Summit Slope Park", "category": "park", "tags": ["park"], "sources": ["osm"], "website": "https://www.seattle.gov/parks/allparks/summit-slope-park", "address": "200 Summit Avenue East", "hours": "04:00-23:30", "stations": [{"stopCode": 49, "lines": "1,2", "name": "Capitol Hill Station", "walkingMeters": 487, "walkingSeconds": 354, "band": 10}]}, "geometry": {"type": "Point", "coordinates": [-122.3249549, 47.6198586]}}, {"type": "Feature", "properties": {"id": 368569221, "name": "University Street Parklet", "category": "park", "tags": ["park"], "sources": ["osm"], "stations": [{"stopCode": 49, "lines": "1,2", "name": "Capitol Hill Station", "walkingMeters": 933, "walkingSeconds": 673, "band": 15}]}, "geometry": {"type": "Point", "coordinates": [-122.3237008, 47.6128854]}}, {"type": "Feature", "properties": {"id": 742068086, "name": "Three Car Park", "category": "garden", "tags": ["garden"], "sources": ["osm"], "stations": [{"stopCode": 49, "lines": "1,2", "name": "Capitol Hill Station", "walkingMeters": 446, "walkingSeconds": 320, "band": 5}]}, "geometry": {"type": "Point", "coordinates": [-122.3254144, 47.6186065]}}, {"type": "Feature", "properties": {"id": "1ae4fc52-7503-431c-a948-dac0fae83db4", "name": "Capitolhilldogs", "category": "park", "tags": ["park", "dog"], "sources": ["overture"], "website": "http://facebookcapitolhilldogs.com/", "phone": "+12069137261", "stations": [{"stopCode": 50, "lines": "1,2", "name": "Westlake Station", "walkingMeters": 622, "walkingSeconds": 449, "band": 10}, {"stopCode": 49, "lines": "1,2", "name": "Capitol Hill Station", "walkingMeters": 1067, "walkingSeconds": 771, "band": 15}, {"stopCode": 51, "lines": "1,2", "name": "Symphony Station", "walkingMeters": 1109, "walkingSeconds": 798, "band": 15}]}, "geometry": {"type": "Point", "coordinates": [-122.3287735, 47.6137199]}}, {"type": "Feature", "properties": {"id": "30c04760-ef8d-498f-8b7d-f602387a1c84", "name": "Plymouth Pillars Park", "category": "park", "tags": ["park", "dog"], "sources": ["overture"], "website": "http://seattle.gov/parks/park_detail.asp?ID=4000", "phone": "+12066844075", "address": "1050 Pike St", "stations": [{"stopCode": 50, "lines": "1,2", "name": "Westlake Station", "walkingMeters": 704, "walkingSeconds": 508, "band": 10}, {"stopCode": 51, "lines": "1,2", "name": "Symphony Station", "walkingMeters": 996, "walkingSeconds": 716, "band": 15}, {"stopCode": 49, "lines": "1,2", "name": "Capitol Hill Station", "walkingMeters": 1146, "walkingSeconds": 830, "band": 15}]}, "geometry": {"type": "Point", "coordinates": [-122.3293991, 47.6136284]}}, {"type": "Feature", "properties": {"id": "07d0abd0-42f8-44c5-8b10-037438f68677", "name": "Seattle Boardwalk", "category": "park", "tags": ["park"], "sources": ["overture"], "phone": "+12063255643", "address": "1520 Bellevue Ave", "stations": [{"stopCode": 49, "lines": "1,2", "name": "Capitol Hill Station", "walkingMeters": 887, "walkingSeconds": 639, "band": 10}, {"stopCode": 50, "lines": "1,2", "name": "Westlake Station", "walkingMeters": 913, "walkingSeconds": 666, "band": 15}]}, "geometry": {"type": "Point", "coordinates": [-122.3265991, 47.614769]}}, {"type": "Feature", "properties": {"id": "dd244a2c-2e67-4d23-bb66-b92d9384b2be", "name": "Rialto Beach la Push Washington", "category": "park", "tags": ["park"], "sources": ["overture"], "address": "Rialto Beach la Push Washington", "stations": [{"stopCode": 49, "lines": "1,2", "name": "Capitol Hill Station", "walkingMeters": 542, "walkingSeconds": 404, "band": 5}]}, "geometry": {"type": "Point", "coordinates": [-122.3257217, 47.6186638]}}, {"type": "Feature", "properties": {"id": "6471f127-9094-4375-a35f-381276e8caeb", "name": "Unpaving Paradise P-Patch", "category": "park", "tags": ["park"], "sources": ["overture"], "website": "http://unpavingparadise.blogspot.com/", "address": "200 Summit Ave E", "stations": [{"stopCode": 49, "lines": "1,2", "name": "Capitol Hill Station", "walkingMeters": 500, "walkingSeconds": 361, "band": 5}]}, "geometry": {"type": "Point", "coordinates": [-122.3248215, 47.6198349]}}, {"type": "Feature", "properties": {"id": 2327794567, "name": "SpringHill Suites", "category": "hotel", "tags": ["hotel"], "sources": ["osm", "overture"], "website": "https://www.marriott.com/en-us/hotels/seadt-springhill-suites-seattle-downtown-south-lake-union/overview/?scid=d2406702-e8ea-4b45-bb9b-69cddaaef03d", "phone": "+12062540500", "address": "1800 Yale Avenue", "stations": [{"stopCode": 49, "lines": "1,2", "name": "Capitol Hill Station", "walkingMeters": 981, "walkingSeconds": 712, "band": 10}, {"stopCode": 50, "lines": "1,2", "name": "Westlake Station", "walkingMeters": 993, "walkingSeconds": 714, "band": 15}]}, "geometry": {"type": "Point", "coordinates": [-122.329655, 47.6178421]}}, {"type": "Feature", "properties": {"id": "90b34729-9fe2-4ab7-9a3b-5598fb61c37b", "name": "Silver Cloud Hotel", "category": "hotel", "tags": ["hotel"], "sources": ["overture"], "website": "http://www.silvercloud.com/", "phone": "+12063251400", "address": "1100 Broadway", "stations": [{"stopCode": 49, "lines": "1,2", "name": "Capitol Hill Station", "walkingMeters": 880, "walkingSeconds": 634, "band": 10}]}, "geometry": {"type": "Point", "coordinates": [-122.3205185, 47.6116371]}}, {"type": "Feature", "properties": {"id": 236755639, "name": "Silver Cloud Broadway", "category": "hotel", "tags": ["hotel"], "sources": ["osm"], "website": "https://www.silvercloud.com/", "address": "1100 Broadway", "stations": [{"stopCode": 49, "lines": "1,2", "name": "Capitol Hill Station", "walkingMeters": 879, "walkingSeconds": 633, "band": 10}]}, "geometry": {"type": "Point", "coordinates": [-122.3202849, 47.6116375]}}, {"type": "Feature", "properties": {"id": "2c9dc136-f67f-49cd-ace6-8b789baf9ca3", "name": "Seattle Convention Suites by Metro", "category": "hotel", "tags": ["hotel"], "sources": ["overture"], "phone": "+12067789100", "address": "1401 Boren Ave", "stations": [{"stopCode": 50, "lines": "1,2", "name": "Westlake Station", "walkingMeters": 836, "walkingSeconds": 603, "band": 15}, {"stopCode": 51, "lines": "1,2", "name": "Symphony Station", "walkingMeters": 960, "walkingSeconds": 693, "band": 15}, {"stopCode": 49, "lines": "1,2", "name": "Capitol Hill Station", "walkingMeters": 1202, "walkingSeconds": 866, "band": 15}]}, "geometry": {"type": "Point", "coordinates": [-122.32827, 47.6125374]}}, {"type": "Feature", "properties": {"id": "70186045-48c8-4460-8392-42bd665fafc1", "name": "The Curben Hotel", "category": "hotel", "tags": ["hotel"], "sources": ["overture"], "website": "http://neiders.com/property/the-curben-hotel-washington-seattle-apartment/", "phone": "+12063238688", "address": "1726 Summit Ave", "stations": [{"stopCode": 49, "lines": "1,2", "name": "Capitol Hill Station", "walkingMeters": 579, "walkingSeconds": 418, "band": 10}]}, "geometry": {"type": "Point", "coordinates": [-122.3254013, 47.6171913]}}, {"type": "Feature", "properties": {"id": "83f026dd-6fcd-4718-a4fe-e76437d35fb1", "name": "Summit Inn", "category": "hotel", "tags": ["hotel"], "sources": ["overture"], "phone": "+12063245285", "address": "1712 Summit Ave", "stations": [{"stopCode": 49, "lines": "1,2", "name": "Capitol Hill Station", "walkingMeters": 636, "walkingSeconds": 459, "band": 10}]}, "geometry": {"type": "Point", "coordinates": [-122.325325, 47.6166954]}}, {"type": "Feature", "properties": {"id": 4112849387, "name": "QFC", "category": "supermarket", "tags": ["supermarket", "wheelchair-accessible"], "sources": ["osm", "overture"], "website": "https://www.qfc.com/stores/grocery/wa/seattle/harvard-market/705/00847?cid=loc_70500847_fb", "phone": "+12068603818", "address": "1401 Broadway", "hours": "24/7", "stations": [{"stopCode": 49, "lines": "1,2", "name": "Capitol Hill Station", "walkingMeters": 642, "walkingSeconds": 462, "band": 10}]}, "geometry": {"type": "Point", "coordinates": [-122.3210828, 47.6138791]}}, {"type": "Feature", "properties": {"id": 206623501, "name": "Food Mart", "category": "convenience", "tags": ["convenience"], "sources": ["osm"], "address": "1500 Broadway", "hours": "24/7", "stations": [{"stopCode": 49, "lines": "1,2", "name": "Capitol Hill Station", "walkingMeters": 580, "walkingSeconds": 417, "band": 10}]}, "geometry": {"type": "Point", "coordinates": [-122.3203001, 47.6143773]}}, {"type": "Feature", "properties": {"id": 2158750469, "name": "Mud Bay", "category": "pet", "tags": ["pet", "wheelchair-accessible"], "sources": ["osm", "overture"], "website": "https://www.mudbay.com/pet-store/BAP-seattle-WA", "phone": "+12068391144", "address": "1514 Broadway", "hours": "Mo-Fr 09:30-20:30; Sa,Su 09:00-19:30", "stations": [{"stopCode": 49, "lines": "1,2", "name": "Capitol Hill Station", "walkingMeters": 534, "walkingSeconds": 384, "band": 10}]}, "geometry": {"type": "Point", "coordinates": [-122.320575, 47.6146157]}}, {"type": "Feature", "properties": {"id": 2077272325, "name": "Metro by T-Mobile", "category": "mobile_phone", "tags": ["mobile-phone", "mobile"], "sources": ["osm", "overture"], "website": "https://www.metrobyt-mobile.com/stores/bd/metro-by-t-mobile-seattle-wa-10277006/?utm_source=facebook&utm_medium=lastmile&utm_campaign=39684", "phone": "+12069222265", "address": "109 Broadway E", "hours": "Mo-Sa 10:00-19:00; Su 11:00-18:00", "stations": [{"stopCode": 49, "lines": "1,2", "name": "Capitol Hill Station", "walkingMeters": 118, "walkingSeconds": 85, "band": 5}]}, "geometry": {"type": "Point", "coordinates": [-122.32105, 47.6190301]}}, {"type": "Feature", "properties": {"id": "ea5cf3f1-9b85-4d1a-a82d-51b29064bb42", "name": "Metro by T-Mobile", "category": "mobile_phone", "tags": ["mobile-phone", "mobile"], "sources": ["overture"], "website": "https://www.metrobyt-mobile.com/stores/bd/metro-by-t-mobile-1403-broadway-seattle-wa-10338293/?utm_source=facebook&utm_medium=lastmile&utm_campaign=63099", "phone": "+12064135910", "address": "1403 Broadway", "stations": [{"stopCode": 49, "lines": "1,2", "name": "Capitol Hill Station", "walkingMeters": 856, "walkingSeconds": 639, "band": 10}]}, "geometry": {"type": "Point", "coordinates": [-122.3209763, 47.613163]}}, {"type": "Feature", "properties": {"id": 2077272327, "name": "Phoenix Comics & Games", "category": "books", "tags": ["books", "wifi"], "sources": ["osm"], "website": "https://shop.phoenixseattle.com/", "phone": "+1 206-328-4554", "address": "113 Broadway East", "hours": "Mo-Fr 11:00-22:00; Sa,Su 10:00-21:00", "stations": [{"stopCode": 49, "lines": "1,2", "name": "Capitol Hill Station", "walkingMeters": 129, "walkingSeconds": 93, "band": 5}]}, "geometry": {"type": "Point", "coordinates": [-122.3210517, 47.6191274]}}, {"type": "Feature", "properties": {"id": 2158667159, "name": "Seattle Central College Bookstore", "category": "books", "tags": ["books"], "sources": ["osm"], "address": "1710 Broadway", "hours": "Mo-Th 09:00-15:00; Fr 09:00-14:00; Sa,Su off", "stations": [{"stopCode": 49, "lines": "1,2", "name": "Capitol Hill Station", "walkingMeters": 306, "walkingSeconds": 221, "band": 5}]}, "geometry": {"type": "Point", "coordinates": [-122.3204857, 47.6165425]}}, {"type": "Feature", "properties": {"id": 2158750785, "name": "Aveda", "category": "cosmetics", "tags": ["cosmetics"], "sources": ["osm"], "website": "https://avedaarts.edu/", "phone": "+1-206-302-1044", "address": "802 East Pike Street", "stations": [{"stopCode": 49, "lines": "1,2", "name": "Capitol Hill Station", "walkingMeters": 659, "walkingSeconds": 474, "band": 10}]}, "geometry": {"type": "Point", "coordinates": [-122.3216927, 47.614198]}}, {"type": "Feature", "properties": {"id": 2158750801, "name": "Sad\u014d Room", "category": "clothes", "tags": ["clothes", "second-hand"], "sources": ["osm"], "website": "https://sadoroom.com", "address": "914 East Pike Street", "stations": [{"stopCode": 49, "lines": "1,2", "name": "Capitol Hill Station", "walkingMeters": 612, "walkingSeconds": 440, "band": 10}]}, "geometry": {"type": "Point", "coordinates": [-122.320034, 47.614204]}}, {"type": "Feature", "properties": {"id": 2158768433, "name": "Hillcrest Market", "category": "convenience", "tags": ["convenience", "supermarket"], "sources": ["osm", "overture"], "website": "https://everout.com/seattle/locations/carmelos-tacos/l14372", "phone": "+12063294400", "address": "110 Summit Ave E", "stations": [{"stopCode": 49, "lines": "1,2", "name": "Capitol Hill Station", "walkingMeters": 490, "walkingSeconds": 352, "band": 5}]}, "geometry": {"type": "Point", "coordinates": [-122.3251193, 47.6188364]}}, {"type": "Feature", "properties": {"id": 2158768437, "name": "Stussy", "category": "clothes", "tags": ["clothes"], "sources": ["osm"], "address": "1108 Pike Street", "stations": [{"stopCode": 50, "lines": "1,2", "name": "Westlake Station", "walkingMeters": 759, "walkingSeconds": 547, "band": 15}, {"stopCode": 51, "lines": "1,2", "name": "Symphony Station", "walkingMeters": 1013, "walkingSeconds": 729, "band": 15}, {"stopCode": 49, "lines": "1,2", "name": "Capitol Hill Station", "walkingMeters": 1084, "walkingSeconds": 785, "band": 15}]}, "geometry": {"type": "Point", "coordinates": [-122.3286807, 47.6137524]}}, {"type": "Feature", "properties": {"id": 2158768448, "name": "USEDfurniture", "category": "furniture", "tags": ["furniture"], "sources": ["osm", "overture"], "phone": "+12062617999", "address": "117 Summit Ave E", "hours": "\"by appointment\"", "stations": [{"stopCode": 49, "lines": "1,2", "name": "Capitol Hill Station", "walkingMeters": 505, "walkingSeconds": 363, "band": 5}]}, "geometry": {"type": "Point", "coordinates": [-122.3254459, 47.6190709]}}, {"type": "Feature", "properties": {"id": 2158768450, "name": "Pretty Parlor", "category": "clothes", "tags": ["clothes"], "sources": ["osm"], "address": "119 Summit Avenue East", "hours": "Mo-Su 12:00-18:00", "stations": [{"stopCode": 49, "lines": "1,2", "name": "Capitol Hill Station", "walkingMeters": 510, "walkingSeconds": 366, "band": 5}]}, "geometry": {"type": "Point", "coordinates": [-122.325437, 47.6191115]}}, {"type": "Feature", "properties": {"id": 2158768586, "name": "The Reef Cannabis Dispensary", "category": "cannabis", "tags": ["cannabis", "clinic"], "sources": ["osm", "overture"], "website": "https://www.thereefstores.com/locations/capitol-hill", "phone": "+12064666286", "address": "1525 E Olive Wy", "hours": "Mo-Su 08:00-23:30", "stations": [{"stopCode": 49, "lines": "1,2", "name": "Capitol Hill Station", "walkingMeters": 452, "walkingSeconds": 326, "band": 5}]}, "geometry": {"type": "Point", "coordinates": [-122.3255207, 47.6183787]}}, {"type": "Feature", "properties": {"id": 2158768587, "name": "Glasswing", "category": "clothes", "tags": ["clothes"], "sources": ["osm"], "address": "1525 Melrose Avenue", "hours": "Mo-Su 11:00-18:00", "stations": [{"stopCode": 50, "lines": "1,2", "name": "Westlake Station", "walkingMeters": 817, "walkingSeconds": 597, "band": 15}, {"stopCode": 49, "lines": "1,2", "name": "Capitol Hill Station", "walkingMeters": 951, "walkingSeconds": 689, "band": 15}]}, "geometry": {"type": "Point", "coordinates": [-122.3280654, 47.6146986]}}, {"type": "Feature", "properties": {"id": 2158768600, "name": "MR.", "category": "furniture", "tags": ["furniture"], "sources": ["osm"], "website": "https://mr.studio/", "phone": "+1-206-622-1608", "address": "1530 Bellevue Avenue", "hours": "Tu-Fr 09:00-17:30; Sa 09:30-16:00", "stations": [{"stopCode": 49, "lines": "1,2", "name": "Capitol Hill Station", "walkingMeters": 863, "walkingSeconds": 622, "band": 10}, {"stopCode": 50, "lines": "1,2", "name": "Westlake Station", "walkingMeters": 890, "walkingSeconds": 649, "band": 15}]}, "geometry": {"type": "Point", "coordinates": [-122.3266179, 47.6149811]}}, {"type": "Feature", "properties": {"id": 2158768724, "name": "King of the Hill Market", "category": "convenience", "tags": ["convenience"], "sources": ["osm"], "address": "1705 East Olive Way", "hours": "Su-Th 10:00-24:00, Fr,Sa 10:00-01:00", "stations": [{"stopCode": 49, "lines": "1,2", "name": "Capitol Hill Station", "walkingMeters": 315, "walkingSeconds": 226, "band": 5}]}, "geometry": {"type": "Point", "coordinates": [-122.323028, 47.6197552]}}, {"type": "Feature", "properties": {"id": 2158768843, "name": "Twice Sold Tales", "category": "books", "tags": ["books", "wheelchair-accessible"], "sources": ["osm", "overture"], "website": "http://twicesoldtales.com/", "phone": "+12063242421", "address": "1833 Harvard Ave", "hours": "Mo-Su 11:00-20:00", "stations": [{"stopCode": 49, "lines": "1,2", "name": "Capitol Hill Station", "walkingMeters": 219, "walkingSeconds": 157, "band": 5}]}, "geometry": {"type": "Point", "coordinates": [-122.3223117, 47.6185331]}}, {"type": "Feature", "properties": {"id": 2158768856, "name": "Buck Mason", "category": "clothes", "tags": ["clothes", "mens"], "sources": ["osm", "overture"], "website": "http://www.buckmason.com", "phone": "+12066821224", "address": "313 E Pine St", "hours": "Mo-Sa 11:00-19:00; Su 12:00-18:00", "stations": [{"stopCode": 50, "lines": "1,2", "name": "Westlake Station", "walkingMeters": 810, "walkingSeconds": 592, "band": 15}, {"stopCode": 49, "lines": "1,2", "name": "Capitol Hill Station", "walkingMeters": 898, "walkingSeconds": 647, "band": 10}]}, "geometry": {"type": "Point", "coordinates": [-122.327554, 47.6150959]}}, {"type": "Feature", "properties": {"id": 2158768858, "name": "Taylor Stitch", "category": "clothes", "tags": ["clothes"], "sources": ["osm"], "address": "315 East Pine Street", "hours": "11:00-19:00", "stations": [{"stopCode": 50, "lines": "1,2", "name": "Westlake Station", "walkingMeters": 818, "walkingSeconds": 598, "band": 15}, {"stopCode": 49, "lines": "1,2", "name": "Capitol Hill Station", "walkingMeters": 890, "walkingSeconds": 642, "band": 10}]}, "geometry": {"type": "Point", "coordinates": [-122.3274514, 47.6150988]}}, {"type": "Feature", "properties": {"id": 2158768861, "name": "Marine Layer", "category": "clothes", "tags": ["clothes"], "sources": ["osm", "overture"], "website": "http://www.marinelayer.com/", "phone": "+12064204924", "address": "319 E Pine St", "hours": "Mo-Su 11:00-18:00", "stations": [{"stopCode": 50, "lines": "1,2", "name": "Westlake Station", "walkingMeters": 836, "walkingSeconds": 610, "band": 15}, {"stopCode": 49, "lines": "1,2", "name": "Capitol Hill Station", "walkingMeters": 872, "walkingSeconds": 629, "band": 10}]}, "geometry": {"type": "Point", "coordinates": [-122.3272184, 47.6150977]}}, {"type": "Feature", "properties": {"id": 2158768863, "name": "Aesop", "category": "cosmetics", "tags": ["cosmetics"], "sources": ["osm"], "phone": "+1-206-403-1449", "address": "321 East Pine Street", "hours": "Mo-Su 11:00-19:00", "stations": [{"stopCode": 50, "lines": "1,2", "name": "Westlake Station", "walkingMeters": 846, "walkingSeconds": 618, "band": 15}, {"stopCode": 49, "lines": "1,2", "name": "Capitol Hill Station", "walkingMeters": 862, "walkingSeconds": 621, "band": 10}]}, "geometry": {"type": "Point", "coordinates": [-122.327073, 47.6150993]}}, {"type": "Feature", "properties": {"id": 2158768868, "name": "Blu Dot", "category": "furniture", "tags": ["furniture"], "sources": ["osm", "overture"], "website": "https://www.bludot.com/seattle", "phone": "+12068589309", "address": "401 E Pine St", "hours": "Mo-Sa 10:00-18:00; Su 12:00-17:00", "stations": [{"stopCode": 49, "lines": "1,2", "name": "Capitol Hill Station", "walkingMeters": 851, "walkingSeconds": 614, "band": 10}, {"stopCode": 50, "lines": "1,2", "name": "Westlake Station", "walkingMeters": 888, "walkingSeconds": 648, "band": 15}]}, "geometry": {"type": "Point", "coordinates": [-122.3265807, 47.6150529]}}, {"type": "Feature", "properties": {"id": 2158768877, "name": "The Little Store", "category": "clothes", "tags": ["clothes"], "sources": ["osm"], "address": "411 East Pine Street", "hours": "Tu-Sa 11:00-18:00, Sa 11:00-18:00; Mo off", "stations": [{"stopCode": 49, "lines": "1,2", "name": "Capitol Hill Station", "walkingMeters": 844, "walkingSeconds": 608, "band": 10}, {"stopCode": 50, "lines": "1,2", "name": "Westlake Station", "walkingMeters": 928, "walkingSeconds": 677, "band": 15}]}, "geometry": {"type": "Point", "coordinates": [-122.3260462, 47.6150778]}}, {"type": "Feature", "properties": {"id": 2158768880, "name": "Faris", "category": "clothes", "tags": ["clothes", "jewelry"], "sources": ["osm", "overture"], "website": "http://www.farisfaris.com/", "phone": "+12064023550", "address": "413 E Pine St", "hours": "We-Sa 11:00-18:00; Su 11:00-17:00; Mo,Tu off", "stations": [{"stopCode": 49, "lines": "1,2", "name": "Capitol Hill Station", "walkingMeters": 848, "walkingSeconds": 612, "band": 10}, {"stopCode": 50, "lines": "1,2", "name": "Westlake Station", "walkingMeters": 934, "walkingSeconds": 680, "band": 15}]}, "geometry": {"type": "Point", "coordinates": [-122.3259793, 47.6150745]}}, {"type": "Feature", "properties": {"id": 2159322686, "name": "Pike Grocery", "category": "convenience", "tags": ["convenience", "supermarket"], "sources": ["osm", "overture"], "website": "http://pikegroceryseattle.24cafes.com", "phone": "12065881959", "address": "1011 Pike St", "stations": [{"stopCode": 50, "lines": "1,2", "name": "Westlake Station", "walkingMeters": 725, "walkingSeconds": 523, "band": 10}, {"stopCode": 51, "lines": "1,2", "name": "Symphony Station", "walkingMeters": 945, "walkingSeconds": 680, "band": 15}, {"stopCode": 49, "lines": "1,2", "name": "Capitol Hill Station", "walkingMeters": 1152, "walkingSeconds": 834, "band": 15}]}, "geometry": {"type": "Point", "coordinates": [-122.3290095, 47.6132355]}}, {"type": "Feature", "properties": {"id": 2159322994, "name": "Woof Gang", "category": "pet", "tags": ["pet"], "sources": ["osm"], "address": "1422 Harvard Avenue", "stations": [{"stopCode": 49, "lines": "1,2", "name": "Capitol Hill Station", "walkingMeters": 688, "walkingSeconds": 495, "band": 10}]}, "geometry": {"type": "Point", "coordinates": [-122.3214918, 47.6138141]}}, {"type": "Feature", "properties": {"id": 2159323058, "name": "Pike Tobacco", "category": "tobacco", "tags": ["tobacco"], "sources": ["osm", "overture"], "website": "http://www.pikegrocery.com/", "phone": "+12065563529", "address": "611 E Pike St", "hours": "Mo-Su 09:00-21:00", "stations": [{"stopCode": 49, "lines": "1,2", "name": "Capitol Hill Station", "walkingMeters": 824, "walkingSeconds": 595, "band": 10}]}, "geometry": {"type": "Point", "coordinates": [-122.323867, 47.613967]}}, {"type": "Feature", "properties": {"id": 2159323245, "name": "Retail Therapy", "category": "clothes", "tags": ["clothes"], "sources": ["osm"], "address": "905 East Pike Street", "stations": [{"stopCode": 49, "lines": "1,2", "name": "Capitol Hill Station", "walkingMeters": 630, "walkingSeconds": 453, "band": 10}]}, "geometry": {"type": "Point", "coordinates": [-122.3203458, 47.6139627]}}, {"type": "Feature", "properties": {"id": 2159323263, "name": "Slow Dance", "category": "clothes", "tags": ["clothes"], "sources": ["osm", "overture"], "phone": "12062571810", "address": "909 E Pike St", "stations": [{"stopCode": 49, "lines": "1,2", "name": "Capitol Hill Station", "walkingMeters": 639, "walkingSeconds": 460, "band": 10}]}, "geometry": {"type": "Point", "coordinates": [-122.3202181, 47.6139504]}}, {"type": "Feature", "properties": {"id": 206047749, "name": "All The Best", "category": "pet", "tags": ["pet"], "sources": ["osm"], "website": "https://www.allthebestpetcare.com/locations-and-hours/best-pet-store-on-capitol-hill-seattle/", "address": "1600 East Olive Way", "stations": [{"stopCode": 49, "lines": "1,2", "name": "Capitol Hill Station", "walkingMeters": 520, "walkingSeconds": 374, "band": 5}]}, "geometry": {"type": "Point", "coordinates": [-122.3250657, 47.6194242]}}, {"type": "Feature", "properties": {"id": 2463389926, "name": "Mediums", "category": "clothes", "tags": ["clothes"], "sources": ["osm"], "website": "https://mediumscollective.com/", "phone": "+1-929-320-0988", "address": "705 East Pike Street", "hours": "Mo-Fr 13:00-22:00; Sa 11:00-23:00; Su 11:00-20:00", "stations": [{"stopCode": 49, "lines": "1,2", "name": "Capitol Hill Station", "walkingMeters": 783, "walkingSeconds": 563, "band": 10}]}, "geometry": {"type": "Point", "coordinates": [-122.3230871, 47.6139486]}}, {"type": "Feature", "properties": {"id": 206051231, "name": "Uncle Ike's", "category": "cannabis", "tags": ["cannabis"], "sources": ["osm"], "website": "https://ikes.com/locations/olive-way/", "address": "1411 East Olive Way", "hours": "Mo-Su 08:00-23:45", "stations": [{"stopCode": 49, "lines": "1,2", "name": "Capitol Hill Station", "walkingMeters": 593, "walkingSeconds": 428, "band": 10}, {"stopCode": 50, "lines": "1,2", "name": "Westlake Station", "walkingMeters": 1086, "walkingSeconds": 783, "band": 15}]}, "geometry": {"type": "Point", "coordinates": [-122.3264049, 47.6173111]}}, {"type": "Feature", "properties": {"id": "3bc0c73f-efeb-49b9-a8e3-ae09a0a33c75", "name": "Sal Floral Design", "category": "florist", "tags": ["florist"], "sources": ["overture"], "website": "http://www.salfloraldesign.com", "phone": "(206) 588-2879", "address": "320 E Pine St Apt 110", "stations": [{"stopCode": 49, "lines": "1,2", "name": "Capitol Hill Station", "walkingMeters": 890, "walkingSeconds": 664, "band": 10}, {"stopCode": 50, "lines": "1,2", "name": "Westlake Station", "walkingMeters": 1052, "walkingSeconds": 785, "band": 15}]}, "geometry": {"type": "Point", "coordinates": [-122.3275604, 47.6154251]}}, {"type": "Feature", "properties": {"id": 4243769090, "name": "J's Quick Stop Mart", "category": "convenience", "tags": ["convenience"], "sources": ["osm"], "address": "1618 Bellevue Avenue", "hours": "Tu-Su 11:00-23:00; Mo off", "stations": [{"stopCode": 49, "lines": "1,2", "name": "Capitol Hill Station", "walkingMeters": 783, "walkingSeconds": 565, "band": 10}, {"stopCode": 50, "lines": "1,2", "name": "Westlake Station", "walkingMeters": 931, "walkingSeconds": 672, "band": 15}]}, "geometry": {"type": "Point", "coordinates": [-122.3265758, 47.6156723]}}, {"type": "Feature", "properties": {"id": 4400512392, "name": "Kpop Nara", "category": "music", "tags": ["music"], "sources": ["osm"], "address": "500 East Pike Street", "hours": "Mo-Su 10:00-19:00", "stations": [{"stopCode": 49, "lines": "1,2", "name": "Capitol Hill Station", "walkingMeters": 893, "walkingSeconds": 644, "band": 10}, {"stopCode": 50, "lines": "1,2", "name": "Westlake Station", "walkingMeters": 1046, "walkingSeconds": 754, "band": 15}]}, "geometry": {"type": "Point", "coordinates": [-122.325121, 47.6142373]}}, {"type": "Feature", "properties": {"id": 4400539989, "name": "Standard Goods", "category": "clothes", "tags": ["clothes"], "sources": ["osm"], "website": "https://thestandardgoods.com", "phone": "+1-206-323-0207", "address": "501 East Pike Street", "hours": "Mo-Sa 11:00-19:00; Su 11:00-18:00", "stations": [{"stopCode": 49, "lines": "1,2", "name": "Capitol Hill Station", "walkingMeters": 911, "walkingSeconds": 657, "band": 15}, {"stopCode": 50, "lines": "1,2", "name": "Westlake Station", "walkingMeters": 1048, "walkingSeconds": 755, "band": 15}]}, "geometry": {"type": "Point", "coordinates": [-122.32509, 47.6139615]}}, {"type": "Feature", "properties": {"id": 5247934603, "name": "Arden Home", "category": "furniture", "tags": ["furniture"], "sources": ["osm", "overture"], "website": "http://ardenhome.com/", "phone": "+12065665995", "address": "710 E Pike St", "hours": "We-Fr 11:00-18:00; Sa 12:00-18:00; Su 12:00-17:00", "stations": [{"stopCode": 49, "lines": "1,2", "name": "Capitol Hill Station", "walkingMeters": 757, "walkingSeconds": 545, "band": 10}]}, "geometry": {"type": "Point", "coordinates": [-122.3230035, 47.6141989]}}, {"type": "Feature", "properties": {"id": 6466889974, "name": "Neighborhood Market", "category": "convenience", "tags": ["convenience"], "sources": ["osm"], "address": "123 Broadway East", "hours": "Mo-Su 08:30-02:00", "stations": [{"stopCode": 49, "lines": "1,2", "name": "Capitol Hill Station", "walkingMeters": 171, "walkingSeconds": 123, "band": 5}]}, "geometry": {"type": "Point", "coordinates": [-122.321057, 47.619529]}}, {"type": "Feature", "properties": {"id": 6466951174, "name": "Capitol Hill Tobacco", "category": "tobacco", "tags": ["tobacco"], "sources": ["osm"], "stations": [{"stopCode": 49, "lines": "1,2", "name": "Capitol Hill Station", "walkingMeters": 548, "walkingSeconds": 395, "band": 10}]}, "geometry": {"type": "Point", "coordinates": [-122.3202935, 47.6146336]}}, {"type": "Feature", "properties": {"id": 6698088922, "name": "Union Park Grocery & Deli", "category": "convenience", "tags": ["convenience"], "sources": ["osm"], "address": "1310 Minor Avenue", "hours": "Mo-Su 10:00-22:00", "stations": [{"stopCode": 50, "lines": "1,2", "name": "Westlake Station", "walkingMeters": 985, "walkingSeconds": 710, "band": 15}, {"stopCode": 49, "lines": "1,2", "name": "Capitol Hill Station", "walkingMeters": 1107, "walkingSeconds": 798, "band": 15}]}, "geometry": {"type": "Point", "coordinates": [-122.3265567, 47.6128494]}}, {"type": "Feature", "properties": {"id": 9689783952, "name": "M2M Mart", "category": "supermarket", "tags": ["supermarket", "asian", "wheelchair-accessible"], "sources": ["osm"], "phone": "+1-206-557-7676", "address": "128 Broadway East", "hours": "Mo-Su 09:00-22:00", "stations": [{"stopCode": 49, "lines": "1,2", "name": "Capitol Hill Station", "walkingMeters": 118, "walkingSeconds": 85, "band": 5}]}, "geometry": {"type": "Point", "coordinates": [-122.320645, 47.6196604]}}, {"type": "Feature", "properties": {"id": 13706969505, "name": "Flowers for the People", "category": "florist", "tags": ["florist"], "sources": ["osm"], "address": "900 East Pine Street", "stations": [{"stopCode": 49, "lines": "1,2", "name": "Capitol Hill Station", "walkingMeters": 430, "walkingSeconds": 309, "band": 5}]}, "geometry": {"type": "Point", "coordinates": [-122.3203334, 47.6153841]}}, {"type": "Feature", "properties": {"id": 206051283, "name": "City Market", "category": "supermarket", "tags": ["supermarket", "convenience"], "sources": ["osm", "overture"], "website": "myspace.com/citymarketsigns", "phone": "+12063231715", "address": "1722 Bellevue Ave", "hours": "Mo-Fr 06:00-01:55, Sa,Su 07:00-01:55", "stations": [{"stopCode": 49, "lines": "1,2", "name": "Capitol Hill Station", "walkingMeters": 620, "walkingSeconds": 447, "band": 10}, {"stopCode": 50, "lines": "1,2", "name": "Westlake Station", "walkingMeters": 1059, "walkingSeconds": 764, "band": 15}]}, "geometry": {"type": "Point", "coordinates": [-122.3264422, 47.617049]}}, {"type": "Feature", "properties": {"id": 206625015, "name": "Pine Food Store", "category": "convenience", "tags": ["convenience"], "sources": ["osm", "overture"], "phone": "12063227744", "address": "701 E Pine St", "hours": "Su-Th 09:00-24:00, Fr,Sa 09:00-02:00", "stations": [{"stopCode": 49, "lines": "1,2", "name": "Capitol Hill Station", "walkingMeters": 674, "walkingSeconds": 487, "band": 10}]}, "geometry": {"type": "Point", "coordinates": [-122.3232097, 47.6150438]}}, {"type": "Feature", "properties": {"id": "d58eefbb-eed1-48fe-a48d-2c576018b426", "name": "At&t Store", "category": "mobile_phone", "tags": ["mobile-phone", "mobile"], "sources": ["overture"], "website": "https://www.att.com", "phone": "12068066160", "address": "819 E Pike St", "stations": [{"stopCode": 49, "lines": "1,2", "name": "Capitol Hill Station", "walkingMeters": 754, "walkingSeconds": 563, "band": 10}]}, "geometry": {"type": "Point", "coordinates": [-122.3216019, 47.6139336]}}, {"type": "Feature", "properties": {"id": "329e681f-293c-4a66-a236-916bc31f3a82", "name": "Quality Food Center", "category": "supermarket", "tags": ["supermarket"], "sources": ["overture"], "website": "https://www.qfc.com/stores/grocery/wa/seattle/harvard-market/705/00847", "address": "1401 Broadway", "stations": [{"stopCode": 49, "lines": "1,2", "name": "Capitol Hill Station", "walkingMeters": 772, "walkingSeconds": 576, "band": 10}]}, "geometry": {"type": "Point", "coordinates": [-122.321167, 47.6137619]}}, {"type": "Feature", "properties": {"id": "832a0341-caa9-4cd0-a6b6-b82293979c01", "name": "Shoes.com", "category": "shoes", "tags": ["shoes", "shoe"], "sources": ["overture"], "website": "http://www.shoes.com/", "phone": "8882336743", "address": "1730 Minor Ave Ste 700", "stations": [{"stopCode": 50, "lines": "1,2", "name": "Westlake Station", "walkingMeters": 900, "walkingSeconds": 649, "band": 15}, {"stopCode": 49, "lines": "1,2", "name": "Capitol Hill Station", "walkingMeters": 1032, "walkingSeconds": 747, "band": 15}]}, "geometry": {"type": "Point", "coordinates": [-122.3298187, 47.6169128]}}, {"type": "Feature", "properties": {"id": "b6e28ca4-fe8e-4c4b-860b-e8322a76061a", "name": "Salvation Army Thrift Store", "category": "variety_store", "tags": ["variety-store", "discount"], "sources": ["overture"], "website": "www.salvationarmy.org", "phone": "+12064479945", "address": "1101 Pike St", "stations": [{"stopCode": 50, "lines": "1,2", "name": "Westlake Station", "walkingMeters": 796, "walkingSeconds": 575, "band": 15}, {"stopCode": 51, "lines": "1,2", "name": "Symphony Station", "walkingMeters": 1023, "walkingSeconds": 736, "band": 15}, {"stopCode": 49, "lines": "1,2", "name": "Capitol Hill Station", "walkingMeters": 1124, "walkingSeconds": 810, "band": 15}]}, "geometry": {"type": "Point", "coordinates": [-122.3284454, 47.6133232]}}, {"type": "Feature", "properties": {"id": "fb7ca248-4b5c-444b-b86e-abd2fcec30ee", "name": "American Apparel", "category": "clothes", "tags": ["clothes"], "sources": ["overture"], "website": "http://americanapparel.net", "phone": "(206) 709-8100", "address": "200 Broadway E", "stations": [{"stopCode": 49, "lines": "1,2", "name": "Capitol Hill Station", "walkingMeters": 150, "walkingSeconds": 108, "band": 5}]}, "geometry": {"type": "Point", "coordinates": [-122.3207397, 47.6199417]}}, {"type": "Feature", "properties": {"id": "343f31be-dca4-4fed-80d2-3a29a0b2ecdb", "name": "WFM Coffee Bar", "category": "supermarket", "tags": ["supermarket"], "sources": ["overture"], "website": "https://www.wholefoodsmarket.com/stores/madisonbroadway?utm_source=bing&utm_medium=organic&utm_campaign=listings", "phone": "2068023720", "address": "1001 Broadway", "stations": [{"stopCode": 49, "lines": "1,2", "name": "Capitol Hill Station", "walkingMeters": 927, "walkingSeconds": 667, "band": 15}]}, "geometry": {"type": "Point", "coordinates": [-122.3210144, 47.6112938]}}, {"type": "Feature", "properties": {"id": "4ffde621-5b8a-4736-9b6f-01b96036f729", "name": "Madison Broadway Sandwiches", "category": "supermarket", "tags": ["supermarket"], "sources": ["overture"], "phone": "2068023720", "address": "1001 Broadway", "stations": [{"stopCode": 49, "lines": "1,2", "name": "Capitol Hill Station", "walkingMeters": 906, "walkingSeconds": 654, "band": 15}]}, "geometry": {"type": "Point", "coordinates": [-122.3208694, 47.611412]}}, {"type": "Feature", "properties": {"id": "a77ac93e-46fc-4751-b4f9-80e38b2bf847", "name": "Homestead Seattle", "category": "furniture", "tags": ["furniture"], "sources": ["overture"], "website": "http://homesteadseattle.com", "phone": "12065885519", "address": "1215 Seneca St  Ste 100", "stations": [{"stopCode": 49, "lines": "1,2", "name": "Capitol Hill Station", "walkingMeters": 1175, "walkingSeconds": 877, "band": 15}]}, "geometry": {"type": "Point", "coordinates": [-122.3242111, 47.6113968]}}, {"type": "Feature", "properties": {"id": "a67f5f09-6cbb-4672-a0ce-df70adea5b60", "name": "Sum", "category": "clothes", "tags": ["clothes"], "sources": ["overture"], "website": "shopsumstyle.com", "phone": "14258983827", "address": "307 E Pike St", "stations": [{"stopCode": 50, "lines": "1,2", "name": "Westlake Station", "walkingMeters": 994, "walkingSeconds": 742, "band": 15}, {"stopCode": 49, "lines": "1,2", "name": "Capitol Hill Station", "walkingMeters": 1007, "walkingSeconds": 751, "band": 15}]}, "geometry": {"type": "Point", "coordinates": [-122.3271179, 47.6138916]}}, {"type": "Feature", "properties": {"id": "466d7a79-b853-435b-8bae-f9b1d69932d9", "name": "Stock & Pantry", "category": "furniture", "tags": ["furniture"], "sources": ["overture"], "website": "https://stockandpantry.com", "phone": "(206) 623-5555", "address": "313 E. Pine Street", "stations": [{"stopCode": 50, "lines": "1,2", "name": "Westlake Station", "walkingMeters": 824, "walkingSeconds": 602, "band": 15}, {"stopCode": 49, "lines": "1,2", "name": "Capitol Hill Station", "walkingMeters": 884, "walkingSeconds": 637, "band": 10}]}, "geometry": {"type": "Point", "coordinates": [-122.3273697, 47.6149673]}}, {"type": "Feature", "properties": {"id": "3da29f27-e3f2-4d3b-a77c-428fd230de0c", "name": "Scotch & Soda", "category": "clothes", "tags": ["clothes"], "sources": ["overture"], "website": "https://www.scotch-soda.com", "phone": "2069058599", "address": "1530 Melrose Ave", "stations": [{"stopCode": 49, "lines": "1,2", "name": "Capitol Hill Station", "walkingMeters": 935, "walkingSeconds": 698, "band": 10}, {"stopCode": 50, "lines": "1,2", "name": "Westlake Station", "walkingMeters": 1014, "walkingSeconds": 757, "band": 15}]}, "geometry": {"type": "Point", "coordinates": [-122.3275833, 47.6149292]}}, {"type": "Feature", "properties": {"id": "4e3f1c69-e242-4136-9ac5-b4608fd731b8", "name": "Butter Home", "category": "furniture", "tags": ["furniture"], "sources": ["overture"], "website": "http://www.butterhomeseattle.com", "phone": "(206) 623-2626", "address": "1531 Melrose Ave", "stations": [{"stopCode": 50, "lines": "1,2", "name": "Westlake Station", "walkingMeters": 814, "walkingSeconds": 595, "band": 15}, {"stopCode": 49, "lines": "1,2", "name": "Capitol Hill Station", "walkingMeters": 948, "walkingSeconds": 688, "band": 15}]}, "geometry": {"type": "Point", "coordinates": [-122.3281479, 47.6147194]}}, {"type": "Feature", "properties": {"id": "143e879d-1cde-40d2-87d9-e7a2f71949bf", "name": "Marigold & Mint", "category": "florist", "tags": ["florist"], "sources": ["overture"], "website": "http://www.marigoldandmint.com", "phone": "(206) 682-3111", "address": "1531 Melrose Ave", "stations": [{"stopCode": 50, "lines": "1,2", "name": "Westlake Station", "walkingMeters": 937, "walkingSeconds": 699, "band": 15}, {"stopCode": 49, "lines": "1,2", "name": "Capitol Hill Station", "walkingMeters": 1010, "walkingSeconds": 754, "band": 15}, {"stopCode": 51, "lines": "1,2", "name": "Symphony Station", "walkingMeters": 1249, "walkingSeconds": 932, "band": 15}]}, "geometry": {"type": "Point", "coordinates": [-122.3283081, 47.6147079]}}, {"type": "Feature", "properties": {"id": "91c3bcef-9a73-4fd9-beff-75ea85aab943", "name": "Petal City", "category": "florist", "tags": ["florist"], "sources": ["overture"], "phone": "7173419413", "address": "1633 Melrose Ave Apt 306", "stations": [{"stopCode": 50, "lines": "1,2", "name": "Westlake Station", "walkingMeters": 848, "walkingSeconds": 612, "band": 15}, {"stopCode": 49, "lines": "1,2", "name": "Capitol Hill Station", "walkingMeters": 848, "walkingSeconds": 613, "band": 10}]}, "geometry": {"type": "Point", "coordinates": [-122.3281555, 47.6157532]}}, {"type": "Feature", "properties": {"id": "241bbf56-6f23-48dc-b72e-337eceb1b75b", "name": "Glasswing Greenhouse", "category": "florist", "tags": ["florist"], "sources": ["overture"], "website": "http://www.glasswinggreenhouse.com", "phone": "(206) 829-8955", "address": "1351 E Olive Way", "stations": [{"stopCode": 49, "lines": "1,2", "name": "Capitol Hill Station", "walkingMeters": 790, "walkingSeconds": 590, "band": 10}, {"stopCode": 50, "lines": "1,2", "name": "Westlake Station", "walkingMeters": 1160, "walkingSeconds": 866, "band": 15}]}, "geometry": {"type": "Point", "coordinates": [-122.3274155, 47.616581]}}, {"type": "Feature", "properties": {"id": "77b2a555-2d5d-4808-be6b-81f1e58eb2f2", "name": "Uncle Ike's Dispensary Seattle Olive Way", "category": "cannabis", "tags": ["cannabis"], "sources": ["overture"], "website": "https://ikes.com", "phone": "12063300498", "address": "1411 E Olive Way", "stations": [{"stopCode": 49, "lines": "1,2", "name": "Capitol Hill Station", "walkingMeters": 596, "walkingSeconds": 430, "band": 10}, {"stopCode": 50, "lines": "1,2", "name": "Westlake Station", "walkingMeters": 1082, "walkingSeconds": 780, "band": 15}]}, "geometry": {"type": "Point", "coordinates": [-122.3263702, 47.617321]}}, {"type": "Feature", "properties": {"id": "03370bcd-0c05-4e27-9647-3f24b32aee0f", "name": "FRANKiE4 footwear US", "category": "shoes", "tags": ["shoes", "shoe"], "sources": ["overture"], "address": "501 E Pine St", "stations": [{"stopCode": 49, "lines": "1,2", "name": "Capitol Hill Station", "walkingMeters": 797, "walkingSeconds": 575, "band": 10}, {"stopCode": 50, "lines": "1,2", "name": "Westlake Station", "walkingMeters": 990, "walkingSeconds": 721, "band": 15}]}, "geometry": {"type": "Point", "coordinates": [-122.3252335, 47.6150627]}}, {"type": "Feature", "properties": {"id": "c83df6c6-e5b6-4805-80ea-977515b6ed00", "name": "Baffetto Holding Company", "category": "supermarket", "tags": ["supermarket"], "sources": ["overture"], "phone": "+12066520877", "address": "423 E Pike St", "stations": [{"stopCode": 49, "lines": "1,2", "name": "Capitol Hill Station", "walkingMeters": 928, "walkingSeconds": 693, "band": 15}, {"stopCode": 50, "lines": "1,2", "name": "Westlake Station", "walkingMeters": 1117, "walkingSeconds": 834, "band": 15}]}, "geometry": {"type": "Point", "coordinates": [-122.3257675, 47.6138535]}}, {"type": "Feature", "properties": {"id": "c49fa972-3eab-4bdc-a2c0-4b1cd2bdf1ce", "name": "Capitol Flora", "category": "florist", "tags": ["florist"], "sources": ["overture"], "phone": "2064207923", "address": "500 E Pike St", "stations": [{"stopCode": 49, "lines": "1,2", "name": "Capitol Hill Station", "walkingMeters": 840, "walkingSeconds": 627, "band": 10}, {"stopCode": 50, "lines": "1,2", "name": "Westlake Station", "walkingMeters": 1192, "walkingSeconds": 890, "band": 15}]}, "geometry": {"type": "Point", "coordinates": [-122.3251953, 47.6143303]}}, {"type": "Feature", "properties": {"id": "1fe452a4-67fd-423b-b641-6ddb802bc02b", "name": "The Last Drop Bottle Shop - Capitol Hill", "category": "alcohol", "tags": ["alcohol"], "sources": ["overture"], "website": "http://thelastdropseattle.com/", "phone": "+12065245060", "address": "517 E Pike St Ste c", "stations": [{"stopCode": 49, "lines": "1,2", "name": "Capitol Hill Station", "walkingMeters": 896, "walkingSeconds": 646, "band": 10}, {"stopCode": 50, "lines": "1,2", "name": "Westlake Station", "walkingMeters": 1059, "walkingSeconds": 763, "band": 15}]}, "geometry": {"type": "Point", "coordinates": [-122.3248901, 47.6139946]}}, {"type": "Feature", "properties": {"id": "c58226d1-289a-4769-b673-a01d71050482", "name": "611 Supreme", "category": "supermarket", "tags": ["supermarket"], "sources": ["overture"], "website": "611supreme.com", "address": "611 E Pine St", "stations": [{"stopCode": 49, "lines": "1,2", "name": "Capitol Hill Station", "walkingMeters": 681, "walkingSeconds": 508, "band": 10}]}, "geometry": {"type": "Point", "coordinates": [-122.3238754, 47.6150589]}}, {"type": "Feature", "properties": {"id": "28265c54-4d5b-45ff-8987-7dae16cdddb2", "name": "The Naked Grocer", "category": "supermarket", "tags": ["supermarket"], "sources": ["overture"], "website": "http://www.nakedgrocer.com", "phone": "12063279289", "address": "620 E Pine St", "stations": [{"stopCode": 49, "lines": "1,2", "name": "Capitol Hill Station", "walkingMeters": 623, "walkingSeconds": 465, "band": 10}]}, "geometry": {"type": "Point", "coordinates": [-122.3236008, 47.6154099]}}, {"type": "Feature", "properties": {"id": "e10845ac-c051-42cd-8397-21c715e259f4", "name": "Mediums Collective", "category": "clothes", "tags": ["clothes", "womens"], "sources": ["overture"], "website": "https://mediumscollective.com", "phone": "+19293200988", "address": "705 E Pike St Ste A", "stations": [{"stopCode": 49, "lines": "1,2", "name": "Capitol Hill Station", "walkingMeters": 775, "walkingSeconds": 558, "band": 10}]}, "geometry": {"type": "Point", "coordinates": [-122.3229828, 47.6139755]}}, {"type": "Feature", "properties": {"id": "65f6a0c0-6218-44de-91cc-95b5073c0d26", "name": "Minervini", "category": "jewelry", "tags": ["jewelry"], "sources": ["overture"], "phone": "2068602127", "address": "1427 Harvard Ave", "stations": [{"stopCode": 49, "lines": "1,2", "name": "Capitol Hill Station", "walkingMeters": 784, "walkingSeconds": 585, "band": 10}]}, "geometry": {"type": "Point", "coordinates": [-122.3223038, 47.6138268]}}, {"type": "Feature", "properties": {"id": "ac40658a-9b14-4bb3-ac08-739247d7cb7f", "name": "Doghouse Leathers", "category": "clothes", "tags": ["clothes"], "sources": ["overture"], "website": "http://www.doghouseleathers.com/", "phone": "+12062570231", "address": "715 E Pike St", "stations": [{"stopCode": 49, "lines": "1,2", "name": "Capitol Hill Station", "walkingMeters": 753, "walkingSeconds": 542, "band": 10}]}, "geometry": {"type": "Point", "coordinates": [-122.3226929, 47.6138229]}}, {"type": "Feature", "properties": {"id": "136fbeb5-0034-4cbb-a294-2ff8e0c64078", "name": "Solemates", "category": "shoes", "tags": ["shoes", "shoe"], "sources": ["overture"], "website": "https://sms206.shop", "phone": "12064925856", "address": "1422 Harvard Ave", "stations": [{"stopCode": 49, "lines": "1,2", "name": "Capitol Hill Station", "walkingMeters": 694, "walkingSeconds": 499, "band": 10}]}, "geometry": {"type": "Point", "coordinates": [-122.3214722, 47.6138306]}}, {"type": "Feature", "properties": {"id": "4d294725-bb1f-44cc-9647-1e63764a2356", "name": "$pent Studios", "category": "clothes", "tags": ["clothes"], "sources": ["overture"], "website": "http://spentstudios.com", "phone": "12062188566", "address": "819 E Denny Way", "stations": [{"stopCode": 49, "lines": "1,2", "name": "Capitol Hill Station", "walkingMeters": 123, "walkingSeconds": 92, "band": 5}]}, "geometry": {"type": "Point", "coordinates": [-122.3212814, 47.6186295]}}, {"type": "Feature", "properties": {"id": "9bc333cc-9b48-4cfe-8149-29b6c92892fc", "name": "Rydawell Woodworks", "category": "furniture", "tags": ["furniture"], "sources": ["overture"], "website": "http://www.rydawell.com", "phone": "(206) 245-6212", "address": "1818 Harvard Ave", "stations": [{"stopCode": 49, "lines": "1,2", "name": "Capitol Hill Station", "walkingMeters": 237, "walkingSeconds": 170, "band": 5}]}, "geometry": {"type": "Point", "coordinates": [-122.3219528, 47.6182327]}}, {"type": "Feature", "properties": {"id": "726e75b6-bbaf-4ae7-aa65-1a437d1aec24", "name": "King of the Hill", "category": "supermarket", "tags": ["supermarket"], "sources": ["overture"], "website": "https://www.seattlemet.com/eat-and-drink/2021/06/king-of-the-hill-market-capitol-hill-owner-abraham-aklilu", "phone": "+12063235094", "address": "1705 E Olive Wy", "stations": [{"stopCode": 49, "lines": "1,2", "name": "Capitol Hill Station", "walkingMeters": 319, "walkingSeconds": 229, "band": 5}]}, "geometry": {"type": "Point", "coordinates": [-122.3230896, 47.6197853]}}, {"type": "Feature", "properties": {"id": "267bbbd1-ef24-4777-98d4-729c52ed2c2b", "name": "By the Pound Delicatessan", "category": "deli", "tags": ["deli", "delicatessen"], "sources": ["overture"], "website": "http://www.bythepounddeli.com", "phone": "(206) 900-0404", "address": "1801 E Olive Way", "stations": [{"stopCode": 49, "lines": "1,2", "name": "Capitol Hill Station", "walkingMeters": 190, "walkingSeconds": 142, "band": 5}]}, "geometry": {"type": "Point", "coordinates": [-122.3218994, 47.6196976]}}, {"type": "Feature", "properties": {"id": "ca79634d-fc89-4eeb-9cb9-d638b9e06c30", "name": "A Mixed Bag", "category": "gift", "tags": ["gift"], "sources": ["overture"], "phone": "12067206421", "address": "401 Broadway E  Ste 125", "stations": [{"stopCode": 49, "lines": "1,2", "name": "Capitol Hill Station", "walkingMeters": 119, "walkingSeconds": 89, "band": 5}]}, "geometry": {"type": "Point", "coordinates": [-122.3211517, 47.6195755]}}, {"type": "Feature", "properties": {"id": "6ba3b932-e7b3-4f8e-baec-a406373c116d", "name": "Sugar Pill", "category": "gift", "tags": ["gift"], "sources": ["overture"], "website": "http://www.sugarpillseattle.com", "phone": "12063227455", "address": "900 E Pine St", "stations": [{"stopCode": 49, "lines": "1,2", "name": "Capitol Hill Station", "walkingMeters": 514, "walkingSeconds": 384, "band": 5}]}, "geometry": {"type": "Point", "coordinates": [-122.3203964, 47.6155052]}}, {"type": "Feature", "properties": {"id": "f922c478-f11d-4735-b0b0-f1e78b6c45ad", "name": "Ritual", "category": "clothes", "tags": ["clothes"], "sources": ["overture"], "website": "https://www.makelifearitual.com", "phone": "12069069808", "address": "914 E Pike St", "stations": [{"stopCode": 49, "lines": "1,2", "name": "Capitol Hill Station", "walkingMeters": 699, "walkingSeconds": 522, "band": 10}]}, "geometry": {"type": "Point", "coordinates": [-122.3201218, 47.6142235]}}, {"type": "Feature", "properties": {"id": "ff05dabc-d5db-4c2e-bcd0-4a8ed847b8f0", "name": "Rite Aid", "category": "pharmacy", "tags": ["pharmacy"], "sources": ["overture"], "phone": "2063229316", "address": "1300 Madison St", "stations": [{"stopCode": 49, "lines": "1,2", "name": "Capitol Hill Station", "walkingMeters": 1097, "walkingSeconds": 794, "band": 15}]}, "geometry": {"type": "Point", "coordinates": [-122.3226395, 47.6103897]}}, {"type": "Feature", "properties": {"id": 2077249384, "name": "Walgreens", "category": "pharmacy", "tags": ["pharmacy"], "sources": ["osm"], "address": "1531 Broadway", "stations": [{"stopCode": 49, "lines": "1,2", "name": "Capitol Hill Station", "walkingMeters": 502, "walkingSeconds": 361, "band": 10}]}, "geometry": {"type": "Point", "coordinates": [-122.3210596, 47.6150832]}}, {"type": "Feature", "properties": {"id": 2939935901, "name": "One Medical", "category": "clinic", "tags": ["clinic"], "sources": ["osm"], "address": "1620 Broadway", "stations": [{"stopCode": 49, "lines": "1,2", "name": "Capitol Hill Station", "walkingMeters": 349, "walkingSeconds": 252, "band": 5}]}, "geometry": {"type": "Point", "coordinates": [-122.320587, 47.616277]}}, {"type": "Feature", "properties": {"id": 51969310, "name": "Swedish Family Medicine", "category": "clinic", "tags": ["clinic"], "sources": ["osm"], "address": "1401 Madison Street", "stations": [{"stopCode": 49, "lines": "1,2", "name": "Capitol Hill Station", "walkingMeters": 1016, "walkingSeconds": 734, "band": 15}]}, "geometry": {"type": "Point", "coordinates": [-122.3212792, 47.6106466]}}, {"type": "Feature", "properties": {"id": 236755629, "name": "The Polyclinic", "category": "clinic", "tags": ["clinic"], "sources": ["osm"], "website": "https://www.polyclinic.com/", "address": "1145 Broadway", "stations": [{"stopCode": 49, "lines": "1,2", "name": "Capitol Hill Station", "walkingMeters": 879, "walkingSeconds": 632, "band": 10}]}, "geometry": {"type": "Point", "coordinates": [-122.3214464, 47.612481]}}, {"type": "Feature", "properties": {"id": 297302349, "name": "Virginia Mason Hospital & Seattle Medical Center", "category": "hospital", "tags": ["hospital"], "sources": ["osm"], "website": "https://www.vmfh.org/our-hospitals/virginia-mason-medical-center", "phone": "+1-206-223-6600", "address": "1100 9th Avenue", "hours": "24/7", "stations": [{"stopCode": 51, "lines": "1,2", "name": "Symphony Station", "walkingMeters": 752, "walkingSeconds": 543, "band": 15}, {"stopCode": 50, "lines": "1,2", "name": "Westlake Station", "walkingMeters": 954, "walkingSeconds": 685, "band": 15}]}, "geometry": {"type": "Point", "coordinates": [-122.3278853, 47.6100706]}}, {"type": "Feature", "properties": {"id": "fa8490f5-7c1d-450d-ab4a-6b439cae346b", "name": "Bartell Drugs", "category": "pharmacy", "tags": ["pharmacy"], "sources": ["overture"], "phone": "12067263491", "address": "1407 Broadway", "stations": [{"stopCode": 49, "lines": "1,2", "name": "Capitol Hill Station", "walkingMeters": 836, "walkingSeconds": 624, "band": 10}]}, "geometry": {"type": "Point", "coordinates": [-122.3209839, 47.6133003]}}, {"type": "Feature", "properties": {"id": "f76096b7-0222-4731-b060-365cd0764e69", "name": "Walgreens Pharmacy", "category": "pharmacy", "tags": ["pharmacy"], "sources": ["overture"], "website": "https://www.walgreens.com", "phone": "+12062040599", "address": "1531 Broadway", "stations": [{"stopCode": 49, "lines": "1,2", "name": "Capitol Hill Station", "walkingMeters": 502, "walkingSeconds": 362, "band": 10}]}, "geometry": {"type": "Point", "coordinates": [-122.3210068, 47.615078]}}, {"type": "Feature", "properties": {"id": "0f00814a-ed63-49a8-9eaa-2ac073b008a6", "name": "Kindred Hospital Seattle - First Hill", "category": "hospital", "tags": ["hospital"], "sources": ["overture"], "website": "https://www.kindredhospitals.com/locations/washington/seattle-first-hill", "phone": "+12066822661", "address": "1334 Terry Ave", "stations": [{"stopCode": 50, "lines": "1,2", "name": "Westlake Station", "walkingMeters": 799, "walkingSeconds": 576, "band": 15}, {"stopCode": 51, "lines": "1,2", "name": "Symphony Station", "walkingMeters": 884, "walkingSeconds": 637, "band": 15}]}, "geometry": {"type": "Point", "coordinates": [-122.3287735, 47.6119881]}}, {"type": "Feature", "properties": {"id": "69d72b5f-fa85-4686-aa7d-c3c4f7018658", "name": "Virginia Mason MRI", "category": "clinic", "tags": ["clinic", "medical"], "sources": ["overture"], "website": "https://www.virginiamason.org", "stations": [{"stopCode": 51, "lines": "1,2", "name": "Symphony Station", "walkingMeters": 678, "walkingSeconds": 489, "band": 10}, {"stopCode": 50, "lines": "1,2", "name": "Westlake Station", "walkingMeters": 878, "walkingSeconds": 631, "band": 15}]}, "geometry": {"type": "Point", "coordinates": [-122.3291473, 47.6107941]}}, {"type": "Feature", "properties": {"id": "8040d26b-8413-4259-a60e-7f8b84b3f810", "name": "Health Resources Building", "category": "clinic", "tags": ["clinic", "medical"], "sources": ["overture"], "phone": "+18888622737", "address": "909 University St", "stations": [{"stopCode": 51, "lines": "1,2", "name": "Symphony Station", "walkingMeters": 791, "walkingSeconds": 590, "band": 10}, {"stopCode": 50, "lines": "1,2", "name": "Westlake Station", "walkingMeters": 820, "walkingSeconds": 612, "band": 15}]}, "geometry": {"type": "Point", "coordinates": [-122.3286133, 47.610054]}}, {"type": "Feature", "properties": {"id": "a08db88a-40e8-4ca5-95e1-67f9d1274a71", "name": "Health Street", "category": "clinic", "tags": ["clinic", "medical"], "sources": ["overture"], "website": "https://www.cvshealth.com", "phone": "+18883782499", "address": "1229 Madison St Ste 500", "stations": [{"stopCode": 49, "lines": "1,2", "name": "Capitol Hill Station", "walkingMeters": 1279, "walkingSeconds": 954, "band": 15}]}, "geometry": {"type": "Point", "coordinates": [-122.3220367, 47.6102982]}}, {"type": "Feature", "properties": {"id": "7a893a7d-ef2b-4d82-a3dc-7c2dfd20d525", "name": "Providence Infusion & Pharmacy Services", "category": "pharmacy", "tags": ["pharmacy"], "sources": ["overture"], "website": "https://www.providence.org/locations/wa/infusion-and-pharmacy-seattle?ls=location&y_source=1_MjI0ODk2MzMtNzE1LWxvY2F0aW9uLndlYnNpdGU=", "phone": "8008320319", "address": "1229 Madison St Ste 1220", "stations": [{"stopCode": 49, "lines": "1,2", "name": "Capitol Hill Station", "walkingMeters": 1075, "walkingSeconds": 778, "band": 15}]}, "geometry": {"type": "Point", "coordinates": [-122.3223877, 47.6105003]}}, {"type": "Feature", "properties": {"id": "21a5b08f-2c5a-4371-9dc8-2f1fc5ca4718", "name": "Revibe Men's Health by Universal Men's Clinic", "category": "clinic", "tags": ["clinic", "medical"], "sources": ["overture"], "website": "https://revibemenshealth.com/clinics/seattle/", "phone": "2068126252", "address": "1229 Madison St Ste 890", "stations": [{"stopCode": 49, "lines": "1,2", "name": "Capitol Hill Station", "walkingMeters": 1197, "walkingSeconds": 866, "band": 15}]}, "geometry": {"type": "Point", "coordinates": [-122.3223877, 47.6105003]}}, {"type": "Feature", "properties": {"id": "714ec359-9cf6-4bec-870e-76305228d427", "name": "Arnold Medical Pavilion", "category": "hospital", "tags": ["hospital"], "sources": ["overture"], "website": "http://www.swedish.org/services/cancer-institute/locations", "phone": "+12062156150", "address": "1221 Madison St", "stations": [{"stopCode": 49, "lines": "1,2", "name": "Capitol Hill Station", "walkingMeters": 1336, "walkingSeconds": 997, "band": 15}]}, "geometry": {"type": "Point", "coordinates": [-122.3229599, 47.6100082]}}, {"type": "Feature", "properties": {"id": "53f15754-0eab-48f1-a905-8b35441af6f4", "name": "Swedish Center for Blood Disorders and Stem Cell Transplants", "category": "clinic", "tags": ["clinic", "medical"], "sources": ["overture"], "website": "https://www.swedish.org/locations/first-hill-campus/center-for-blood-disorders-and-stem-cell-transplantation?Is=location&y_source=1_OTU3NjgwMi03MTUtbG9jYXRpb24ud2Vic2l0ZQ==", "phone": "2069912040", "address": "1221 Madison St 10th Fl", "stations": [{"stopCode": 49, "lines": "1,2", "name": "Capitol Hill Station", "walkingMeters": 1177, "walkingSeconds": 849, "band": 15}]}, "geometry": {"type": "Point", "coordinates": [-122.3235245, 47.6100273]}}, {"type": "Feature", "properties": {"id": "b2b1dab1-010a-442c-ac68-6422e2be5f4c", "name": "Swedish Specialty Pharmacy - Seattle", "category": "pharmacy", "tags": ["pharmacy"], "sources": ["overture"], "website": "https://www.swedish.org/locations/first-hill-campus/specialty-pharmacy?Is=location&y_source=1_OTU3NjgwNy03MTUtbG9jYXRpb24ud2Vic2l0ZQ==", "phone": "2063866020", "address": "1221 Madison St 3rd Fl", "stations": [{"stopCode": 49, "lines": "1,2", "name": "Capitol Hill Station", "walkingMeters": 1345, "walkingSeconds": 1004, "band": 15}]}, "geometry": {"type": "Point", "coordinates": [-122.3235245, 47.6100273]}}, {"type": "Feature", "properties": {"id": "8877af41-be9c-486b-b535-f6436a41d738", "name": "Swedish Inflammatory Bowel Disease Center", "category": "clinic", "tags": ["clinic", "medical"], "sources": ["overture"], "website": "https://www.swedish.org/services/inflammatory-bowel-disease?ls=location&y_source=1_OTU3NjgwOC03MTUtbG9jYXRpb24ud2Vic2l0ZQ==", "phone": "8554116944", "address": "1221 Madison St Ste 1220A", "stations": [{"stopCode": 49, "lines": "1,2", "name": "Capitol Hill Station", "walkingMeters": 1177, "walkingSeconds": 849, "band": 15}]}, "geometry": {"type": "Point", "coordinates": [-122.3235245, 47.6100273]}}, {"type": "Feature", "properties": {"id": "5d59838d-c499-417d-b533-3ce7c48b111d", "name": "Swedish Outpatient Pharmacy - First Hill", "category": "pharmacy", "tags": ["pharmacy"], "sources": ["overture"], "website": "https://www.swedish.org/services/pharmacies", "phone": "2063863784", "address": "1221 Madison St", "stations": [{"stopCode": 49, "lines": "1,2", "name": "Capitol Hill Station", "walkingMeters": 1177, "walkingSeconds": 849, "band": 15}]}, "geometry": {"type": "Point", "coordinates": [-122.3235245, 47.6100273]}}, {"type": "Feature", "properties": {"id": "980bdde1-4a58-4b14-9715-4fe8d6a66f17", "name": "Pacific Vascular", "category": "hospital", "tags": ["hospital"], "sources": ["overture"], "website": "http://www.pacificvascular.com", "phone": "+12062923037", "address": "1229 Madison St", "stations": [{"stopCode": 49, "lines": "1,2", "name": "Capitol Hill Station", "walkingMeters": 1197, "walkingSeconds": 866, "band": 15}]}, "geometry": {"type": "Point", "coordinates": [-122.322403, 47.6100883]}}, {"type": "Feature", "properties": {"id": "e502a3ea-8529-492a-ae3a-e1f6573eb6f8", "name": "Seattlemeds", "category": "pharmacy", "tags": ["pharmacy"], "sources": ["overture"], "website": "http://seattlemeds.com", "phone": "(206) 382-2087", "address": "1305 Madison St", "stations": [{"stopCode": 49, "lines": "1,2", "name": "Capitol Hill Station", "walkingMeters": 1080, "walkingSeconds": 781, "band": 15}]}, "geometry": {"type": "Point", "coordinates": [-122.322258, 47.6103172]}}, {"type": "Feature", "properties": {"id": "f346e3e2-4c1d-4b00-9b95-b8be0f770f35", "name": "Nordstrom Medical Tower", "category": "clinic", "tags": ["clinic", "medical"], "sources": ["overture"], "website": "http://swedish.org", "phone": "+12063866000", "address": "1229 Madison St", "stations": [{"stopCode": 49, "lines": "1,2", "name": "Capitol Hill Station", "walkingMeters": 1197, "walkingSeconds": 866, "band": 15}]}, "geometry": {"type": "Point", "coordinates": [-122.3222733, 47.6101303]}}, {"type": "Feature", "properties": {"id": "eb0b8d65-9fda-499d-9b18-78d44b8450e5", "name": "Swedish Cancer Rehabilitation - First Hill", "category": "clinic", "tags": ["clinic", "medical"], "sources": ["overture"], "website": "https://washington.providence.org/contact-us", "phone": "+12062156333", "address": "1229 Madison St Ste 1050", "stations": [{"stopCode": 49, "lines": "1,2", "name": "Capitol Hill Station", "walkingMeters": 1310, "walkingSeconds": 978, "band": 15}]}, "geometry": {"type": "Point", "coordinates": [-122.3221512, 47.6100922]}}, {"type": "Feature", "properties": {"id": "9084b734-4226-403e-bf2f-49e5912f49fb", "name": "Obstetrix Medical Group", "category": "clinic", "tags": ["clinic", "medical"], "sources": ["overture"], "website": "https://www.pediatrix.com", "phone": "+12063866300", "address": "1229 Madison St Ste 750", "stations": [{"stopCode": 49, "lines": "1,2", "name": "Capitol Hill Station", "walkingMeters": 1310, "walkingSeconds": 978, "band": 15}]}, "geometry": {"type": "Point", "coordinates": [-122.3221512, 47.6100922]}}, {"type": "Feature", "properties": {"id": "b74cf282-bd63-444e-9b3b-5968ba232c99", "name": "Travel Medicine at Virginia Mason", "category": "hospital", "tags": ["hospital"], "sources": ["overture"], "website": "https://www.vmfh.org/our-services/travel-health", "phone": "2065836585", "address": "1201 Terry Ave", "stations": [{"stopCode": 51, "lines": "1,2", "name": "Symphony Station", "walkingMeters": 754, "walkingSeconds": 544, "band": 15}, {"stopCode": 50, "lines": "1,2", "name": "Westlake Station", "walkingMeters": 954, "walkingSeconds": 686, "band": 15}]}, "geometry": {"type": "Point", "coordinates": [-122.3280029, 47.6103745]}}, {"type": "Feature", "properties": {"id": "fea26ac5-4152-40ec-812a-9f4530edea43", "name": "Asthma, Allergy and Immunology at Virginia Mason", "category": "hospital", "tags": ["hospital"], "sources": ["overture"], "website": "https://www.vmfh.org/our-services/allergy-asthma-and-immunology", "phone": "2062236173", "address": "1201 Terry Ave", "stations": [{"stopCode": 51, "lines": "1,2", "name": "Symphony Station", "walkingMeters": 754, "walkingSeconds": 544, "band": 15}, {"stopCode": 50, "lines": "1,2", "name": "Westlake Station", "walkingMeters": 954, "walkingSeconds": 686, "band": 15}]}, "geometry": {"type": "Point", "coordinates": [-122.3280029, 47.6103745]}}, {"type": "Feature", "properties": {"id": "fc799a91-7805-455a-afd8-8bb02a9164fc", "name": "Executive Health Program at Virginia Mason", "category": "clinic", "tags": ["clinic", "medical"], "sources": ["overture"], "website": "https://www.vmfh.org/our-services/executive-health-program", "phone": "2062236736", "address": "1201 Terry Ave", "stations": [{"stopCode": 51, "lines": "1,2", "name": "Symphony Station", "walkingMeters": 754, "walkingSeconds": 544, "band": 15}, {"stopCode": 50, "lines": "1,2", "name": "Westlake Station", "walkingMeters": 954, "walkingSeconds": 686, "band": 15}]}, "geometry": {"type": "Point", "coordinates": [-122.3280029, 47.6103745]}}, {"type": "Feature", "properties": {"id": "579c4fa2-4a11-4bf2-8501-d34fc87f8181", "name": "Plastic and Reconstructive Surgery at Virginia Mason", "category": "clinic", "tags": ["clinic", "medical"], "sources": ["overture"], "website": "https://www.vmfh.org/our-services/plastic-and-reconstructive-surgery", "phone": "2063410895", "address": "1201 Terry Ave", "stations": [{"stopCode": 51, "lines": "1,2", "name": "Symphony Station", "walkingMeters": 754, "walkingSeconds": 544, "band": 15}, {"stopCode": 50, "lines": "1,2", "name": "Westlake Station", "walkingMeters": 954, "walkingSeconds": 686, "band": 15}]}, "geometry": {"type": "Point", "coordinates": [-122.3280029, 47.6103745]}}, {"type": "Feature", "properties": {"id": "c8681d34-a9e6-4c3d-992d-d3be4dc124e2", "name": "Endocrinology at Virginia Mason", "category": "clinic", "tags": ["clinic", "medical"], "sources": ["overture"], "website": "https://www.vmfh.org/our-services/diabetes/endocrinology", "phone": "2062236624", "address": "1201 Terry Ave", "stations": [{"stopCode": 51, "lines": "1,2", "name": "Symphony Station", "walkingMeters": 754, "walkingSeconds": 544, "band": 15}, {"stopCode": 50, "lines": "1,2", "name": "Westlake Station", "walkingMeters": 954, "walkingSeconds": 686, "band": 15}]}, "geometry": {"type": "Point", "coordinates": [-122.3280029, 47.6103745]}}, {"type": "Feature", "properties": {"id": "a1b2a97d-fa72-431b-b758-856804505be0", "name": "Otolaryngology at Virginia Mason", "category": "hospital", "tags": ["hospital"], "sources": ["overture"], "website": "https://www.vmfh.org/our-services/ear-nose-and-throat-otolaryngology", "phone": "2062236374", "address": "1201 Terry Ave", "stations": [{"stopCode": 51, "lines": "1,2", "name": "Symphony Station", "walkingMeters": 754, "walkingSeconds": 544, "band": 15}, {"stopCode": 50, "lines": "1,2", "name": "Westlake Station", "walkingMeters": 954, "walkingSeconds": 686, "band": 15}]}, "geometry": {"type": "Point", "coordinates": [-122.3280029, 47.6103745]}}, {"type": "Feature", "properties": {"id": "d088409f-ab9f-4f15-823a-7efdc10a4fd1", "name": "Benaroya Diabetes Center at Virginia Mason", "category": "clinic", "tags": ["clinic", "medical"], "sources": ["overture"], "website": "https://www.vmfh.org/our-services/diabetes", "phone": "2065836455", "address": "1201 Terry Ave", "stations": [{"stopCode": 51, "lines": "1,2", "name": "Symphony Station", "walkingMeters": 754, "walkingSeconds": 544, "band": 15}, {"stopCode": 50, "lines": "1,2", "name": "Westlake Station", "walkingMeters": 954, "walkingSeconds": 686, "band": 15}]}, "geometry": {"type": "Point", "coordinates": [-122.3280029, 47.6103745]}}, {"type": "Feature", "properties": {"id": "911862e2-c89b-40f2-ab6c-64b5402dfe5f", "name": "Head and Neck Cancer at Virginia Mason", "category": "clinic", "tags": ["clinic", "medical"], "sources": ["overture"], "website": "https://www.vmfh.org/our-services/cancer-care/cancers-we-treat/head-neck-cancers-diagnosis-treatment", "phone": "2063410675", "address": "1201 Terry Ave", "stations": [{"stopCode": 51, "lines": "1,2", "name": "Symphony Station", "walkingMeters": 754, "walkingSeconds": 544, "band": 15}, {"stopCode": 50, "lines": "1,2", "name": "Westlake Station", "walkingMeters": 954, "walkingSeconds": 686, "band": 15}]}, "geometry": {"type": "Point", "coordinates": [-122.3280029, 47.6103745]}}, {"type": "Feature", "properties": {"id": "8f518f94-1b80-40f4-8853-0aba0f9414eb", "name": "Center for Cosmetic Services at Virginia Mason", "category": "hospital", "tags": ["hospital"], "sources": ["overture"], "website": "https://www.vmfh.org/our-services/plastic-and-reconstructive-surgery/cosmetic-services", "phone": "8776012452", "address": "1201 Terry Ave", "stations": [{"stopCode": 51, "lines": "1,2", "name": "Symphony Station", "walkingMeters": 754, "walkingSeconds": 544, "band": 15}, {"stopCode": 50, "lines": "1,2", "name": "Westlake Station", "walkingMeters": 954, "walkingSeconds": 686, "band": 15}]}, "geometry": {"type": "Point", "coordinates": [-122.3280029, 47.6103745]}}, {"type": "Feature", "properties": {"id": "a57d60ba-c908-4b73-be25-1958b5aa0cfe", "name": "Virginia Mason Center for Hyperbaric Medicine", "category": "hospital", "tags": ["hospital"], "sources": ["overture"], "website": "https://www.vmfh.org/our-services/hyperbaric-medicine", "phone": "2065836543", "address": "925 Seneca St", "stations": [{"stopCode": 51, "lines": "1,2", "name": "Symphony Station", "walkingMeters": 763, "walkingSeconds": 551, "band": 15}, {"stopCode": 50, "lines": "1,2", "name": "Westlake Station", "walkingMeters": 965, "walkingSeconds": 694, "band": 15}]}, "geometry": {"type": "Point", "coordinates": [-122.3276367, 47.6100006]}}, {"type": "Feature", "properties": {"id": "5c50722f-b8a5-4ca5-9d13-de355e380cc8", "name": "Sleep Disorders Clinic at Virginia Mason", "category": "hospital", "tags": ["hospital"], "sources": ["overture"], "website": "https://www.vmfh.org/our-services/sleep-disorders-center", "phone": "2066257180", "address": "925 Seneca St", "stations": [{"stopCode": 51, "lines": "1,2", "name": "Symphony Station", "walkingMeters": 763, "walkingSeconds": 551, "band": 15}, {"stopCode": 50, "lines": "1,2", "name": "Westlake Station", "walkingMeters": 965, "walkingSeconds": 694, "band": 15}]}, "geometry": {"type": "Point", "coordinates": [-122.3276367, 47.6100006]}}, {"type": "Feature", "properties": {"id": "3b53f627-fe70-4bd6-b0db-a79b145e32c8", "name": "Pulmonary and Critical Care Medicine at Virginia Mason", "category": "hospital", "tags": ["hospital"], "sources": ["overture"], "website": "https://www.vmfh.org/our-services/pulmonology", "phone": "2062236622", "address": "925 Seneca St", "stations": [{"stopCode": 51, "lines": "1,2", "name": "Symphony Station", "walkingMeters": 763, "walkingSeconds": 551, "band": 15}, {"stopCode": 50, "lines": "1,2", "name": "Westlake Station", "walkingMeters": 965, "walkingSeconds": 694, "band": 15}]}, "geometry": {"type": "Point", "coordinates": [-122.3276367, 47.6100006]}}, {"type": "Feature", "properties": {"id": "5aa72a54-da96-4e21-988e-fcc34938f3f6", "name": "Virginia Mason Lindeman Pavilion Pharmacy", "category": "pharmacy", "tags": ["pharmacy"], "sources": ["overture"], "website": "http://www.virginiamason.org", "phone": "+12066257202", "address": "1201 Terry Ave", "stations": [{"stopCode": 51, "lines": "1,2", "name": "Symphony Station", "walkingMeters": 721, "walkingSeconds": 520, "band": 15}, {"stopCode": 50, "lines": "1,2", "name": "Westlake Station", "walkingMeters": 923, "walkingSeconds": 663, "band": 15}]}, "geometry": {"type": "Point", "coordinates": [-122.3280411, 47.6105309]}}, {"type": "Feature", "properties": {"id": 4360887363, "name": "KeyBank", "category": "bank", "tags": ["bank"], "sources": ["osm"], "address": "1224 Madison Street", "hours": "Mo-Th 09:00-17:00; Fr 09:00-18:00", "stations": [{"stopCode": 49, "lines": "1,2", "name": "Capitol Hill Station", "walkingMeters": 1176, "walkingSeconds": 846, "band": 15}]}, "geometry": {"type": "Point", "coordinates": [-122.3234793, 47.6104628]}}, {"type": "Feature", "properties": {"id": 2077272329, "name": "U.S. Bank", "category": "bank", "tags": ["bank", "credit", "union"], "sources": ["osm", "overture"], "website": "https://www.usbank.com/locations", "phone": "2067200615", "address": "135 Broadway E", "hours": "Mo-Fr 09:00-17:00; Sa 09:00-13:00", "stations": [{"stopCode": 49, "lines": "1,2", "name": "Capitol Hill Station", "walkingMeters": 164, "walkingSeconds": 118, "band": 5}]}, "geometry": {"type": "Point", "coordinates": [-122.32108, 47.6197788]}}, {"type": "Feature", "properties": {"id": 2159323001, "name": "The UPS Store", "category": "post_office", "tags": ["post-office", "wheelchair-accessible"], "sources": ["osm"], "website": "https://locations.theupsstore.com/wa/seattle/1425-broadway", "address": "1425 Broadway", "stations": [{"stopCode": 49, "lines": "1,2", "name": "Capitol Hill Station", "walkingMeters": 719, "walkingSeconds": 517, "band": 10}]}, "geometry": {"type": "Point", "coordinates": [-122.321165, 47.6136496]}}, {"type": "Feature", "properties": {"id": "ecd803e9-11a7-402f-961c-e0a1d42fb3d9", "name": "Wells Fargo", "category": "bank", "tags": ["bank", "credit", "union"], "sources": ["overture"], "phone": "2063222671", "address": "1317 Madison St", "stations": [{"stopCode": 49, "lines": "1,2", "name": "Capitol Hill Station", "walkingMeters": 1072, "walkingSeconds": 776, "band": 15}]}, "geometry": {"type": "Point", "coordinates": [-122.3223572, 47.6105118]}}, {"type": "Feature", "properties": {"id": 2159322790, "name": "Chase", "category": "bank", "tags": ["bank"], "sources": ["osm"], "website": "https://locator.chase.com/wa/seattle/1200-madison-st", "phone": "+1-206-695-8621", "address": "1200 Madison Street", "hours": "Mo-Fr 09:00-17:00", "stations": [{"stopCode": 49, "lines": "1,2", "name": "Capitol Hill Station", "walkingMeters": 1203, "walkingSeconds": 866, "band": 15}]}, "geometry": {"type": "Point", "coordinates": [-122.3239655, 47.6100146]}}, {"type": "Feature", "properties": {"id": 2159322914, "name": "Salal Credit Union", "category": "bank", "tags": ["bank"], "sources": ["osm"], "address": "1320 Madison Street", "hours": "Mo-Fr 09:30-17:30; Sa 10:00-14:00", "stations": [{"stopCode": 49, "lines": "1,2", "name": "Capitol Hill Station", "walkingMeters": 1040, "walkingSeconds": 749, "band": 15}]}, "geometry": {"type": "Point", "coordinates": [-122.3221649, 47.6107677]}}, {"type": "Feature", "properties": {"id": "d336a5bb-1896-4c3c-b13b-52a774c0b078", "name": "Bank of America ATM", "category": "bank", "tags": ["bank", "credit", "union"], "sources": ["overture"], "website": "https://locators.bankofamerica.com/wa/seattle/atm-seattle-109185.html", "phone": "8444018500", "address": "1620 Broadway", "stations": [{"stopCode": 49, "lines": "1,2", "name": "Capitol Hill Station", "walkingMeters": 371, "walkingSeconds": 267, "band": 5}]}, "geometry": {"type": "Point", "coordinates": [-122.3208237, 47.6159935]}}, {"type": "Feature", "properties": {"id": "26933a6d-89ba-4324-934d-5fde0884c640", "name": "U.S. Bank ATM", "category": "bank", "tags": ["bank", "credit", "union"], "sources": ["overture"], "website": "https://www.usbank.com/locations/washington/seattle/135-broadway-e-bank-atm/?utm_source=facebook&utm_medium=organic&utm_campaign=facebook_listing", "phone": "+18008722657", "address": "135 Broadway E", "stations": [{"stopCode": 49, "lines": "1,2", "name": "Capitol Hill Station", "walkingMeters": 131, "walkingSeconds": 98, "band": 5}]}, "geometry": {"type": "Point", "coordinates": [-122.3209763, 47.6198006]}}, {"type": "Feature", "properties": {"id": "5eaa1f77-4e38-4e14-9a21-9b3da5d191d3", "name": "Chase Bank", "category": "bank", "tags": ["bank", "credit", "union"], "sources": ["overture"], "website": "https://www.chase.com/locator/banking/us/wa/seattle/1200-madison-st?jp_cmp=rb%2FLocalListings%2Faff%2Fbranch%2Fna&y_source=1_MjAzODI1Ny00ODMtbG9jYXRpb24ud2Vic2l0ZQ%3D%3D", "phone": "2066958621", "address": "1200 Madison St", "stations": [{"stopCode": 49, "lines": "1,2", "name": "Capitol Hill Station", "walkingMeters": 1192, "walkingSeconds": 858, "band": 15}]}, "geometry": {"type": "Point", "coordinates": [-122.3239136, 47.6101379]}}, {"type": "Feature", "properties": {"id": "9dd38764-efa3-4a5d-aef5-a0489798b162", "name": "Capitol Hill Tool Library", "category": "library", "tags": ["library"], "sources": ["overture"], "website": "http://www.sustainablecapitolhill.org/tool-library", "phone": "+12064207005", "address": "1552 Crawford Pl", "stations": [{"stopCode": 49, "lines": "1,2", "name": "Capitol Hill Station", "walkingMeters": 882, "walkingSeconds": 636, "band": 10}, {"stopCode": 50, "lines": "1,2", "name": "Westlake Station", "walkingMeters": 968, "walkingSeconds": 705, "band": 15}]}, "geometry": {"type": "Point", "coordinates": [-122.3261795, 47.6146889]}}, {"type": "Feature", "properties": {"id": "43c19d6c-90b3-4051-b169-bf0b5dc0b4b1", "name": "United States Post Office Broadway", "category": "post_office", "tags": ["post-office", "office"], "sources": ["overture"], "website": "http://www.usps.com/", "phone": "+12063245474", "address": "101 Broadway E", "stations": [{"stopCode": 49, "lines": "1,2", "name": "Capitol Hill Station", "walkingMeters": 89, "walkingSeconds": 66, "band": 5}]}, "geometry": {"type": "Point", "coordinates": [-122.3210831, 47.6189232]}}, {"type": "Feature", "properties": {"id": 12091163594, "name": "local FIT", "category": "fitness_centre", "tags": ["fitness-centre", "fitness"], "sources": ["osm"], "address": "1500 Summit Avenue", "stations": [{"stopCode": 49, "lines": "1,2", "name": "Capitol Hill Station", "walkingMeters": 887, "walkingSeconds": 640, "band": 10}, {"stopCode": 50, "lines": "1,2", "name": "Westlake Station", "walkingMeters": 1055, "walkingSeconds": 760, "band": 15}]}, "geometry": {"type": "Point", "coordinates": [-122.3253403, 47.6144474]}}, {"type": "Feature", "properties": {"id": 2158768606, "name": "The Rep Room", "category": "fitness_centre", "tags": ["fitness-centre"], "sources": ["osm"], "address": "1533 Minor Avenue", "stations": [{"stopCode": 50, "lines": "1,2", "name": "Westlake Station", "walkingMeters": 742, "walkingSeconds": 543, "band": 10}, {"stopCode": 49, "lines": "1,2", "name": "Capitol Hill Station", "walkingMeters": 996, "walkingSeconds": 721, "band": 15}, {"stopCode": 51, "lines": "1,2", "name": "Symphony Station", "walkingMeters": 1149, "walkingSeconds": 826, "band": 15}]}, "geometry": {"type": "Point", "coordinates": [-122.3285576, 47.6145597]}}, {"type": "Feature", "properties": {"id": 2158768645, "name": "Henry's Gymnasium", "category": "fitness_centre", "tags": ["fitness-centre", "fitness", "has-bar"], "sources": ["osm"], "website": "https://henrysgymnasium.com/capitol-hill/", "phone": "+1-206-644-7797", "address": "1617 Boylston Avenue", "hours": "Mo-Fr 06:00-22:00; Sa,Su 08:00-18:00", "stations": [{"stopCode": 49, "lines": "1,2", "name": "Capitol Hill Station", "walkingMeters": 594, "walkingSeconds": 429, "band": 10}]}, "geometry": {"type": "Point", "coordinates": [-122.3235763, 47.6158399]}}, {"type": "Feature", "properties": {"id": 2158768942, "name": "Be Here Now", "category": "fitness_centre", "tags": ["fitness-centre"], "sources": ["osm"], "address": "601 East Pine Street", "stations": [{"stopCode": 49, "lines": "1,2", "name": "Capitol Hill Station", "walkingMeters": 724, "walkingSeconds": 523, "band": 10}]}, "geometry": {"type": "Point", "coordinates": [-122.3242533, 47.6150739]}}, {"type": "Feature", "properties": {"id": 4243769189, "name": "Cap Hill Fitness", "category": "fitness_centre", "tags": ["fitness-centre", "fitness", "gym"], "sources": ["osm", "overture"], "website": "http://www.Caphillfitness.com/", "phone": "+12068199933", "address": "1618 Bellevue Ave", "hours": "Mo-Su 05:00-23:00", "stations": [{"stopCode": 49, "lines": "1,2", "name": "Capitol Hill Station", "walkingMeters": 761, "walkingSeconds": 549, "band": 10}, {"stopCode": 50, "lines": "1,2", "name": "Westlake Station", "walkingMeters": 953, "walkingSeconds": 687, "band": 15}]}, "geometry": {"type": "Point", "coordinates": [-122.326568, 47.6158686]}}, {"type": "Feature", "properties": {"id": 11974443109, "name": "Solidcore", "category": "fitness_centre", "tags": ["fitness-centre", "gym"], "sources": ["osm", "overture"], "website": "https://www.solidcore.co/wa/seattle/capitol-hill/", "phone": "2065944434", "address": "1812 Broadway", "stations": [{"stopCode": 49, "lines": "1,2", "name": "Capitol Hill Station", "walkingMeters": 188, "walkingSeconds": 135, "band": 5}]}, "geometry": {"type": "Point", "coordinates": [-122.3206039, 47.6177391]}}, {"type": "Feature", "properties": {"id": 13733684027, "name": "Uplift Fitness", "category": "fitness_centre", "tags": ["fitness-centre", "fitness", "trainer"], "sources": ["osm", "overture"], "website": "http://upliftfitnesswa.com/", "phone": "+18056603922", "address": "118 Broadway E", "hours": "\"Appointment Only\"", "stations": [{"stopCode": 49, "lines": "1,2", "name": "Capitol Hill Station", "walkingMeters": 70, "walkingSeconds": 50, "band": 5}]}, "geometry": {"type": "Point", "coordinates": [-122.3206557, 47.6190856]}}, {"type": "Feature", "properties": {"id": 206625013, "name": "Charles H. Mitchell Activity Center", "category": "sports_centre", "tags": ["sports-centre", "fitness"], "sources": ["osm"], "website": "https://mac.seattlecentral.edu", "address": "1718 Broadway", "stations": [{"stopCode": 49, "lines": "1,2", "name": "Capitol Hill Station", "walkingMeters": 275, "walkingSeconds": 198, "band": 5}]}, "geometry": {"type": "Point", "coordinates": [-122.3204358, 47.6169602]}}, {"type": "Feature", "properties": {"id": "314e5f5f-456c-4db7-85cf-8b694ad9853c", "name": "Kyzen Athletic Club", "category": "fitness_centre", "tags": ["fitness-centre", "gym"], "sources": ["overture"], "website": "https://www.kyzen.ac", "phone": "14259987531", "address": "1533 Minor Ave", "stations": [{"stopCode": 50, "lines": "1,2", "name": "Westlake Station", "walkingMeters": 905, "walkingSeconds": 675, "band": 10}, {"stopCode": 49, "lines": "1,2", "name": "Capitol Hill Station", "walkingMeters": 1043, "walkingSeconds": 778, "band": 15}, {"stopCode": 51, "lines": "1,2", "name": "Symphony Station", "walkingMeters": 1217, "walkingSeconds": 908, "band": 15}]}, "geometry": {"type": "Point", "coordinates": [-122.3285599, 47.6145592]}}, {"type": "Feature", "properties": {"id": "285be857-280e-45b5-94ac-a39b2fa7e6fc", "name": "Rival Fitness", "category": "fitness_centre", "tags": ["fitness-centre", "gym"], "sources": ["overture"], "website": "http://www.rivalfitnessseattle.com", "phone": "12062571507", "address": "510 E Pine St", "stations": [{"stopCode": 49, "lines": "1,2", "name": "Capitol Hill Station", "walkingMeters": 692, "walkingSeconds": 516, "band": 10}]}, "geometry": {"type": "Point", "coordinates": [-122.3248215, 47.6154251]}}, {"type": "Feature", "properties": {"id": "5370dfbb-4411-4116-9055-f9a40f60e80b", "name": "Qfit", "category": "fitness_centre", "tags": ["fitness-centre", "fitness", "trainer"], "sources": ["overture"], "website": "q3fit.com", "phone": "+12066020960", "address": "1618 Bellevue Ave Ste 2", "stations": [{"stopCode": 49, "lines": "1,2", "name": "Capitol Hill Station", "walkingMeters": 767, "walkingSeconds": 572, "band": 10}, {"stopCode": 50, "lines": "1,2", "name": "Westlake Station", "walkingMeters": 1176, "walkingSeconds": 878, "band": 15}]}, "geometry": {"type": "Point", "coordinates": [-122.3264771, 47.6158676]}}, {"type": "Feature", "properties": {"id": "743d4fd5-c71b-4b79-b5d0-fae1f24330e1", "name": "Urban Kinetics", "category": "fitness_centre", "tags": ["fitness-centre", "gym"], "sources": ["overture"], "phone": "+12063223947", "address": "1618 Bellevue Ave Ste 2", "stations": [{"stopCode": 49, "lines": "1,2", "name": "Capitol Hill Station", "walkingMeters": 761, "walkingSeconds": 549, "band": 10}, {"stopCode": 50, "lines": "1,2", "name": "Westlake Station", "walkingMeters": 953, "walkingSeconds": 688, "band": 15}]}, "geometry": {"type": "Point", "coordinates": [-122.3264771, 47.6158676]}}, {"type": "Feature", "properties": {"id": "b67743f7-929e-4eea-a47a-ddb9b206f401", "name": "Bassline Fitness Pike", "category": "fitness_centre", "tags": ["fitness-centre", "gym"], "sources": ["overture"], "website": "http://basslinefitness.com/pikestreet", "phone": "(206) 402-5193", "address": "501 E Pike St", "stations": [{"stopCode": 49, "lines": "1,2", "name": "Capitol Hill Station", "walkingMeters": 914, "walkingSeconds": 659, "band": 15}, {"stopCode": 50, "lines": "1,2", "name": "Westlake Station", "walkingMeters": 1041, "walkingSeconds": 750, "band": 15}]}, "geometry": {"type": "Point", "coordinates": [-122.3251343, 47.6138496]}}, {"type": "Feature", "properties": {"id": "31c8e718-e8c0-4d11-af26-8508f9238e12", "name": "Varta Fitness", "category": "fitness_centre", "tags": ["fitness-centre", "fitness", "trainer"], "sources": ["overture"], "website": "http://www.vartafitness.com", "phone": "12064566914", "address": "1500 Summit Ave", "stations": [{"stopCode": 49, "lines": "1,2", "name": "Capitol Hill Station", "walkingMeters": 855, "walkingSeconds": 638, "band": 10}, {"stopCode": 50, "lines": "1,2", "name": "Westlake Station", "walkingMeters": 1178, "walkingSeconds": 879, "band": 15}]}, "geometry": {"type": "Point", "coordinates": [-122.3253098, 47.614254]}}, {"type": "Feature", "properties": {"id": "1d4c2e04-3c6b-4d06-a91b-eb2179a3eb71", "name": "8 Limbs Yoga Centers - Capitol Hill", "category": "fitness_centre", "tags": ["fitness-centre", "yoga", "studio"], "sources": ["overture"], "website": "https://www.8limbsyoga.com", "phone": "2063258221", "address": "500 E Pike St", "stations": [{"stopCode": 49, "lines": "1,2", "name": "Capitol Hill Station", "walkingMeters": 891, "walkingSeconds": 643, "band": 10}, {"stopCode": 50, "lines": "1,2", "name": "Westlake Station", "walkingMeters": 1048, "walkingSeconds": 755, "band": 15}]}, "geometry": {"type": "Point", "coordinates": [-122.3251953, 47.6143303]}}, {"type": "Feature", "properties": {"id": "a3790483-f92d-456c-912e-c67bd73edf00", "name": "Flow Life Fitness", "category": "fitness_centre", "tags": ["fitness-centre", "fitness", "trainer"], "sources": ["overture"], "website": "https://www.flowlifefitness.com", "phone": "+12067940513", "address": "1617 Boylston Ave Ste U", "stations": [{"stopCode": 49, "lines": "1,2", "name": "Capitol Hill Station", "walkingMeters": 582, "walkingSeconds": 434, "band": 10}]}, "geometry": {"type": "Point", "coordinates": [-122.323761, 47.6158295]}}, {"type": "Feature", "properties": {"id": "27b0c494-0c36-495e-9695-58319a1314c8", "name": "Urban Fit Studios", "category": "fitness_centre", "tags": ["fitness-centre", "gym"], "sources": ["overture"], "website": "http://urban-fit.net", "phone": "(206) 332-7900", "address": "1500 Summit Ave", "stations": [{"stopCode": 49, "lines": "1,2", "name": "Capitol Hill Station", "walkingMeters": 592, "walkingSeconds": 428, "band": 10}]}, "geometry": {"type": "Point", "coordinates": [-122.3236847, 47.6158524]}}, {"type": "Feature", "properties": {"id": "e970bbeb-9c9b-4ad5-b54b-ddcbfdf69471", "name": "Mac Fitness & Recreation Center", "category": "fitness_centre", "tags": ["fitness-centre", "gym"], "sources": ["overture"], "address": "1718 Broadway", "stations": [{"stopCode": 49, "lines": "1,2", "name": "Capitol Hill Station", "walkingMeters": 305, "walkingSeconds": 228, "band": 5}]}, "geometry": {"type": "Point", "coordinates": [-122.3204117, 47.6169548]}}]}