{"type": "FeatureCollection", "features": [{"type": "Feature", "properties": {"id": 60665830, "name": "Basil Viet Kitchen", "category": "restaurant", "tags": ["restaurant", "thai", "vietnamese", "vegetarian", "vegan", "asian"], "sources": ["osm", "overture"], "phone": "+12065665136", "address": "4002 University Wy NE", "hours": "Mo-Fr 11:00-21:00; Sa-Su 11:00-20:00", "stations": [{"stopCode": 47, "lines": "1,2", "name": "U District Station", "walkingMeters": 626, "walkingSeconds": 450, "band": 10}, {"stopCode": 48, "lines": "1,2", "name": "University of Washington Station", "walkingMeters": 1140, "walkingSeconds": 820, "band": 15}]}, "geometry": {"type": "Point", "coordinates": [-122.3131495, 47.6554523]}}, {"type": "Feature", "properties": {"id": "55d27fff-d712-4b16-a41f-000906746519", "name": "Subway", "category": "restaurant", "tags": ["restaurant", "sandwich"], "sources": ["overture"], "website": "http://subway.com", "phone": "(206) 547-0375", "address": "4215 University Way NE", "stations": [{"stopCode": 47, "lines": "1,2", "name": "U District Station", "walkingMeters": 244, "walkingSeconds": 175, "band": 5}]}, "geometry": {"type": "Point", "coordinates": [-122.3134613, 47.6587296]}}, {"type": "Feature", "properties": {"id": 10299900717, "name": "Starbucks", "category": "cafe", "tags": ["cafe", "coffee-shop", "takeaway", "air-conditioned"], "sources": ["osm"], "phone": "+1-206-543-2237", "address": "3980 15th Avenue Northeast", "stations": [{"stopCode": 47, "lines": "1,2", "name": "U District Station", "walkingMeters": 754, "walkingSeconds": 545, "band": 10}, {"stopCode": 48, "lines": "1,2", "name": "University of Washington Station", "walkingMeters": 1041, "walkingSeconds": 749, "band": 15}]}, "geometry": {"type": "Point", "coordinates": [-122.311775, 47.6548932]}}, {"type": "Feature", "properties": {"id": "16a9dcdd-61e2-4271-b441-af41f4ae3082", "name": "Starbucks", "category": "cafe", "tags": ["cafe", "coffee"], "sources": ["overture"], "website": "https://www.starbucks.com/store-locator/store/13739/", "phone": "+12065473280", "address": "4147 University Way Ne", "stations": [{"stopCode": 47, "lines": "1,2", "name": "U District Station", "walkingMeters": 301, "walkingSeconds": 216, "band": 5}]}, "geometry": {"type": "Point", "coordinates": [-122.3133392, 47.6582069]}}, {"type": "Feature", "properties": {"id": "9d613202-62c5-45b3-b391-9ec0562ce1ce", "name": "Starbucks", "category": "cafe", "tags": ["cafe", "coffee"], "sources": ["overture"], "website": "https://www.starbucks.com/store-locator/store/1031562/", "phone": "2065432237", "address": "3980 15th Ave NE", "stations": [{"stopCode": 47, "lines": "1,2", "name": "U District Station", "walkingMeters": 924, "walkingSeconds": 690, "band": 10}, {"stopCode": 48, "lines": "1,2", "name": "University of Washington Station", "walkingMeters": 990, "walkingSeconds": 739, "band": 15}]}, "geometry": {"type": "Point", "coordinates": [-122.3116608, 47.6541328]}}, {"type": "Feature", "properties": {"id": 1411680133, "name": "Lee's Kitchen", "category": "restaurant", "tags": ["restaurant", "chinese", "outdoor-seating", "indoor-seating", "air-conditioned"], "sources": ["osm"], "website": "https://www.leeskitchenudub.com/", "phone": "+1-206-257-1781", "address": "4106 Brooklyn Avenue Northeast", "hours": "Sep-May Mo-Su 11:00-20:00; Jun-Aug Mo-Su 11:00-19:30", "stations": [{"stopCode": 47, "lines": "1,2", "name": "U District Station", "walkingMeters": 387, "walkingSeconds": 278, "band": 5}]}, "geometry": {"type": "Point", "coordinates": [-122.31417, 47.6569986]}}, {"type": "Feature", "properties": {"id": "f11af69f-5104-4067-965c-d52515a589bb", "name": "Pagliacci Pizza", "category": "restaurant", "tags": ["restaurant", "pizza"], "sources": ["overture"], "website": "www.pagliacci.com", "phone": "+12067261717", "address": "Lander Hall 1245 Campus Pkwy NE", "stations": [{"stopCode": 47, "lines": "1,2", "name": "U District Station", "walkingMeters": 652, "walkingSeconds": 487, "band": 5}, {"stopCode": 48, "lines": "1,2", "name": "University of Washington Station", "walkingMeters": 1380, "walkingSeconds": 1030, "band": 15}]}, "geometry": {"type": "Point", "coordinates": [-122.3147888, 47.6558113]}}, {"type": "Feature", "properties": {"id": "0f28b228-3724-47e6-ad94-bb9752f2f62d", "name": "Pagliacci Pizza", "category": "restaurant", "tags": ["restaurant", "pizza"], "sources": ["overture"], "website": "www.pagliacci.com", "phone": "+12067261717", "address": "4001 NE Stevens Way", "stations": [{"stopCode": 47, "lines": "1,2", "name": "U District Station", "walkingMeters": 672, "walkingSeconds": 501, "band": 10}, {"stopCode": 48, "lines": "1,2", "name": "University of Washington Station", "walkingMeters": 1278, "walkingSeconds": 954, "band": 15}]}, "geometry": {"type": "Point", "coordinates": [-122.3136063, 47.6556625]}}, {"type": "Feature", "properties": {"id": "ab952802-1265-40a7-b716-8f8b19a3f450", "name": "Taco Del Mar", "category": "restaurant", "tags": ["restaurant", "mexican"], "sources": ["overture"], "website": "http://www.tacodelmar.com", "phone": "(206) 547-2390", "address": "1313 NE 42nd St", "stations": [{"stopCode": 47, "lines": "1,2", "name": "U District Station", "walkingMeters": 249, "walkingSeconds": 179, "band": 5}]}, "geometry": {"type": "Point", "coordinates": [-122.3139801, 47.6581917]}}, {"type": "Feature", "properties": {"id": "5b0f6349-4dfd-4d12-8d23-fcdd7d4ad9b6", "name": "Jimmy John's", "category": "fast_food", "tags": ["fast-food", "fast", "food"], "sources": ["overture"], "website": "https://locations.jimmyjohns.com/wa/seattle/sandwiches-603.html", "phone": "2065489500", "address": "4141 University Way NE", "stations": [{"stopCode": 47, "lines": "1,2", "name": "U District Station", "walkingMeters": 316, "walkingSeconds": 227, "band": 5}]}, "geometry": {"type": "Point", "coordinates": [-122.3132172, 47.6580772]}}, {"type": "Feature", "properties": {"id": 1158383854, "name": "Caf\u00e9 On The Ave", "category": "cafe", "tags": ["cafe", "vegetarian", "has-bar", "breakfast-and-brunch", "american"], "sources": ["osm", "overture"], "website": "http://www.cafeontheave.com/", "phone": "+12066326001", "address": "4201 University Wy NE", "hours": "06:30-24:00", "stations": [{"stopCode": 47, "lines": "1,2", "name": "U District Station", "walkingMeters": 279, "walkingSeconds": 201, "band": 5}]}, "geometry": {"type": "Point", "coordinates": [-122.3133866, 47.6584393]}}, {"type": "Feature", "properties": {"id": 1411675888, "name": "Pho Than Brothers", "category": "restaurant", "tags": ["restaurant", "vietnamese"], "sources": ["osm", "overture"], "website": "https://www.thanbrothers.com", "phone": "12066327272", "address": "4207 University Way NE", "hours": "10:00-20:00", "stations": [{"stopCode": 47, "lines": "1,2", "name": "U District Station", "walkingMeters": 258, "walkingSeconds": 186, "band": 5}]}, "geometry": {"type": "Point", "coordinates": [-122.3133668, 47.6586007]}}, {"type": "Feature", "properties": {"id": 1316304039, "name": "By George", "category": "cafe", "tags": ["cafe", "sandwich", "smoothie", "wheelchair-accessible"], "sources": ["osm"], "website": "https://hfs.uw.edu/Eat/dining-hours/By-George", "hours": "Mo-Fr 07:30-15:00", "stations": [{"stopCode": 47, "lines": "1,2", "name": "U District Station", "walkingMeters": 722, "walkingSeconds": 519, "band": 10}, {"stopCode": 48, "lines": "1,2", "name": "University of Washington Station", "walkingMeters": 1037, "walkingSeconds": 746, "band": 15}]}, "geometry": {"type": "Point", "coordinates": [-122.310505, 47.6562507]}}, {"type": "Feature", "properties": {"id": 1411667988, "name": "Chipotle", "category": "fast_food", "tags": ["fast-food", "mexican", "outdoor-seating", "takeaway", "wheelchair-accessible", "vegetarian", "vegan"], "sources": ["osm"], "website": "https://locations.chipotle.com/wa/seattle/4229-university-way-ne", "phone": "+1-206-547-4644", "address": "4231 University Way Northeast", "hours": "Mo-Su 10:45-23:00", "stations": [{"stopCode": 47, "lines": "1,2", "name": "U District Station", "walkingMeters": 187, "walkingSeconds": 134, "band": 5}]}, "geometry": {"type": "Point", "coordinates": [-122.3133406, 47.6592428]}}, {"type": "Feature", "properties": {"id": 1411669004, "name": "Aladdin Gyro-cery & Deli", "category": "restaurant", "tags": ["restaurant", "kebab", "vegetarian", "vegan"], "sources": ["osm"], "address": "4139 University Way Northeast", "stations": [{"stopCode": 47, "lines": "1,2", "name": "U District Station", "walkingMeters": 324, "walkingSeconds": 233, "band": 5}]}, "geometry": {"type": "Point", "coordinates": [-122.3133884, 47.6579998]}}, {"type": "Feature", "properties": {"id": 1411670996, "name": "Saigon Deli", "category": "restaurant", "tags": ["restaurant", "vietnamese", "takeaway", "vegetarian", "vegan", "asian"], "sources": ["osm", "overture"], "website": "https://saigondeliuw.com", "phone": "+12066342866", "address": "4142 Brooklyn Ave NE #105", "hours": "Mo-Fr 10:00-21:00; Sa-Su 11:30-20:00", "stations": [{"stopCode": 47, "lines": "1,2", "name": "U District Station", "walkingMeters": 244, "walkingSeconds": 175, "band": 5}]}, "geometry": {"type": "Point", "coordinates": [-122.3142098, 47.6581295]}}, {"type": "Feature", "properties": {"id": 1411671077, "name": "Pho Shizzle", "category": "restaurant", "tags": ["restaurant", "vietnamese", "vegetarian", "vegan", "asian", "noodles"], "sources": ["osm", "overture"], "website": "https://www.phoshizzlerestaurant.com", "phone": "+12066321078", "address": "4235 University Wy NE", "hours": "10:00-22:00", "stations": [{"stopCode": 47, "lines": "1,2", "name": "U District Station", "walkingMeters": 176, "walkingSeconds": 127, "band": 5}]}, "geometry": {"type": "Point", "coordinates": [-122.3133401, 47.6593411]}}, {"type": "Feature", "properties": {"id": 1411671524, "name": "Finn MacCool's", "category": "pub", "tags": ["pub", "irish"], "sources": ["osm"], "website": "https://www.finnmaccools.com/", "address": "4217 University Way Northeast", "hours": "Mo,Su 15:00-24:00; Tu-Sa 15:00-02:00", "stations": [{"stopCode": 47, "lines": "1,2", "name": "U District Station", "walkingMeters": 227, "walkingSeconds": 163, "band": 5}]}, "geometry": {"type": "Point", "coordinates": [-122.31337, 47.6588831]}}, {"type": "Feature", "properties": {"id": 1411671655, "name": "Call A Chicken", "category": "restaurant", "tags": ["restaurant", "wifi"], "sources": ["osm"], "address": "4237 University Way Northeast", "stations": [{"stopCode": 47, "lines": "1,2", "name": "U District Station", "walkingMeters": 168, "walkingSeconds": 121, "band": 5}]}, "geometry": {"type": "Point", "coordinates": [-122.313348, 47.6594156]}}, {"type": "Feature", "properties": {"id": 1411673991, "name": "Bulldog News & Cafe", "category": "cafe", "tags": ["cafe", "coffee-shop", "vegetarian"], "sources": ["osm"], "address": "4208 University Way Northeast", "hours": "Mo-Fr 07:00-18:00; Sa,Su 09:00-18:00", "stations": [{"stopCode": 47, "lines": "1,2", "name": "U District Station", "walkingMeters": 278, "walkingSeconds": 200, "band": 5}]}, "geometry": {"type": "Point", "coordinates": [-122.3130437, 47.6585573]}}, {"type": "Feature", "properties": {"id": 1411674734, "name": "Bite and Bento", "category": "restaurant", "tags": ["restaurant"], "sources": ["osm"], "address": "4241 University Way Northeast", "stations": [{"stopCode": 47, "lines": "1,2", "name": "U District Station", "walkingMeters": 154, "walkingSeconds": 111, "band": 5}]}, "geometry": {"type": "Point", "coordinates": [-122.3133282, 47.6595358]}}, {"type": "Feature", "properties": {"id": 1411675169, "name": "Samurai Noodle", "category": "restaurant", "tags": ["restaurant", "japanese", "wheelchair-accessible", "vegetarian", "vegan", "noodles"], "sources": ["osm", "overture"], "website": "https://samurainoodle.com", "phone": "12065471774", "address": "4138 University Way NE", "hours": "Tu-Su 11:30-16:00,17:00-20:00", "stations": [{"stopCode": 47, "lines": "1,2", "name": "U District Station", "walkingMeters": 343, "walkingSeconds": 247, "band": 5}]}, "geometry": {"type": "Point", "coordinates": [-122.3130645, 47.6579661]}}, {"type": "Feature", "properties": {"id": 1411675303, "name": "N\u00faodle Express", "category": "restaurant", "tags": ["restaurant", "chinese", "vegetarian"], "sources": ["osm"], "phone": "+1-206-775-3333", "address": "4245 University Way Northeast", "hours": "Mo-Su 11:00-21:00", "stations": [{"stopCode": 47, "lines": "1,2", "name": "U District Station", "walkingMeters": 146, "walkingSeconds": 105, "band": 5}]}, "geometry": {"type": "Point", "coordinates": [-122.3133326, 47.6596112]}}, {"type": "Feature", "properties": {"id": 1411676388, "name": "BB's Teriyaki Grill", "category": "restaurant", "tags": ["restaurant", "vegetarian", "vegan", "japanese", "asian"], "sources": ["osm", "overture"], "website": "http://bbsteriyaki.com", "phone": "+12068769105", "address": "4221 University Wy NE", "stations": [{"stopCode": 47, "lines": "1,2", "name": "U District Station", "walkingMeters": 215, "walkingSeconds": 155, "band": 5}]}, "geometry": {"type": "Point", "coordinates": [-122.313368, 47.6589856]}}, {"type": "Feature", "properties": {"id": 1411679729, "name": "Ichiro", "category": "fast_food", "tags": ["fast-food", "japanese"], "sources": ["osm"], "address": "4124 University Way Northeast", "stations": [{"stopCode": 47, "lines": "1,2", "name": "U District Station", "walkingMeters": 430, "walkingSeconds": 310, "band": 5}]}, "geometry": {"type": "Point", "coordinates": [-122.3127738, 47.6574994]}}, {"type": "Feature", "properties": {"id": 1411679900, "name": "Burger Hut", "category": "fast_food", "tags": ["fast-food", "burger", "vegetarian", "vegan", "halal"], "sources": ["osm"], "phone": "+1-206-632-0324", "address": "4142 University Way Northeast", "stations": [{"stopCode": 47, "lines": "1,2", "name": "U District Station", "walkingMeters": 330, "walkingSeconds": 237, "band": 5}]}, "geometry": {"type": "Point", "coordinates": [-122.3130727, 47.6580857]}}, {"type": "Feature", "properties": {"id": 1411680120, "name": "Poke Bay", "category": "restaurant", "tags": ["restaurant", "poke"], "sources": ["osm"], "address": "4215 University Way Northeast", "hours": "Mo-Su 11:00-22:00", "stations": [{"stopCode": 47, "lines": "1,2", "name": "U District Station", "walkingMeters": 234, "walkingSeconds": 168, "band": 5}]}, "geometry": {"type": "Point", "coordinates": [-122.313363, 47.6588175]}}, {"type": "Feature", "properties": {"id": 1411680588, "name": "Shultzy's Bar And Grill", "category": "restaurant", "tags": ["restaurant", "wheelchair-accessible", "vegetarian", "vegan"], "sources": ["osm"], "website": "https://www.shultzys.com/", "phone": "+1-206-548-9461", "address": "4114 University Way Northeast", "hours": "Mo-Fr 11:00-02:00; Sa 11:30-02:00; Su 11:30-22:00", "stations": [{"stopCode": 47, "lines": "1,2", "name": "U District Station", "walkingMeters": 416, "walkingSeconds": 300, "band": 5}]}, "geometry": {"type": "Point", "coordinates": [-122.3130587, 47.6573018]}}, {"type": "Feature", "properties": {"id": 1411680620, "name": "Jai Thai", "category": "restaurant", "tags": ["restaurant", "thai"], "sources": ["osm"], "address": "4214 University Way Northeast", "stations": [{"stopCode": 47, "lines": "1,2", "name": "U District Station", "walkingMeters": 252, "walkingSeconds": 181, "band": 5}]}, "geometry": {"type": "Point", "coordinates": [-122.3130382, 47.6587941]}}, {"type": "Feature", "properties": {"id": 1411681237, "name": "Gu\u01d2C100", "category": "restaurant", "tags": ["restaurant"], "sources": ["osm"], "address": "4106 Brooklyn Avenue Northeast", "stations": [{"stopCode": 47, "lines": "1,2", "name": "U District Station", "walkingMeters": 401, "walkingSeconds": 288, "band": 5}]}, "geometry": {"type": "Point", "coordinates": [-122.313987, 47.6569977]}}, {"type": "Feature", "properties": {"id": 1411681473, "name": "H Mart grab & go", "category": "fast_food", "tags": ["fast-food", "korean", "takeaway", "wheelchair-accessible", "vegetarian", "vegan"], "sources": ["osm"], "address": "4223 University Way Northeast", "hours": "09:00-19:00", "stations": [{"stopCode": 47, "lines": "1,2", "name": "U District Station", "walkingMeters": 208, "walkingSeconds": 150, "band": 5}]}, "geometry": {"type": "Point", "coordinates": [-122.3133669, 47.6590369]}}, {"type": "Feature", "properties": {"id": 1411682582, "name": "Cafe Solstice", "category": "cafe", "tags": ["cafe", "coffee-shop", "outdoor-seating", "takeaway", "wheelchair-accessible"], "sources": ["osm", "overture"], "website": "http://www.cafesolsticeseattle.com/", "phone": "+12066750850", "address": "4116 University Wy NE", "hours": "Mo-Th 06:30-23:00; Fr 06:30-21:00; Sa 07:00-21:00; Su 07:00-23:00", "stations": [{"stopCode": 47, "lines": "1,2", "name": "U District Station", "walkingMeters": 404, "walkingSeconds": 291, "band": 5}]}, "geometry": {"type": "Point", "coordinates": [-122.3130573, 47.6574105]}}, {"type": "Feature", "properties": {"id": 1888703339, "name": "The Ugly Mug", "category": "cafe", "tags": ["cafe", "coffee-shop", "wifi"], "sources": ["osm"], "website": "https://uglymugseattle.com/", "phone": "+1-206-547-3219", "address": "1309 Northeast 43rd Street", "hours": "Mo-Fr 07:00-19:00; Sa 09:00-18:00; Su off", "stations": [{"stopCode": 47, "lines": "1,2", "name": "U District Station", "walkingMeters": 94, "walkingSeconds": 68, "band": 5}]}, "geometry": {"type": "Point", "coordinates": [-122.3138263, 47.6597146]}}, {"type": "Feature", "properties": {"id": 1888703358, "name": "Cafe Allegro", "category": "cafe", "tags": ["cafe", "coffee-shop", "takeaway", "wifi"], "sources": ["osm", "overture"], "website": "http://www.seattleallegro.com/", "phone": "+12066333030", "address": "Alleyway, 4214 University Wy NE", "hours": "Mo-Fr 06:30-22:00; Sa 07:30-22:00; Su 08:00-22:00", "stations": [{"stopCode": 47, "lines": "1,2", "name": "U District Station", "walkingMeters": 299, "walkingSeconds": 215, "band": 5}]}, "geometry": {"type": "Point", "coordinates": [-122.312716, 47.6586927]}}, {"type": "Feature", "properties": {"id": "db04568e-8467-495e-a066-762f0a9d8a27", "name": "Sarducci's", "category": "restaurant", "tags": ["restaurant", "sandwich"], "sources": ["overture"], "website": "http://sarducci.com", "phone": "(206) 547-9000", "address": "4135 University Way NE", "stations": [{"stopCode": 47, "lines": "1,2", "name": "U District Station", "walkingMeters": 309, "walkingSeconds": 222, "band": 5}]}, "geometry": {"type": "Point", "coordinates": [-122.3135605, 47.6579018]}}, {"type": "Feature", "properties": {"id": 2995199875, "name": "Portage Bay Cafe", "category": "restaurant", "tags": ["restaurant", "brunch", "outdoor-seating", "indoor-seating", "wheelchair-accessible", "cafe", "breakfast-and-brunch"], "sources": ["osm", "overture"], "website": "http://www.portagebaycafe.com", "phone": "+12065478230", "address": "4130 Roosevelt Way NE", "hours": "Mo,Th 08:00-13:00; Fr-Su 08:00-14:00", "stations": [{"stopCode": 47, "lines": "1,2", "name": "U District Station", "walkingMeters": 607, "walkingSeconds": 437, "band": 10}]}, "geometry": {"type": "Point", "coordinates": [-122.3175829, 47.6575638]}}, {"type": "Feature", "properties": {"id": 2316544001, "name": "Seafab Cafe", "category": "restaurant", "tags": ["restaurant", "cafe", "coffee"], "sources": ["osm", "overture"], "website": "https://www.seafabcafe.com", "address": "1001 NE Boat St", "stations": [{"stopCode": 47, "lines": "1,2", "name": "U District Station", "walkingMeters": 1041, "walkingSeconds": 749, "band": 15}]}, "geometry": {"type": "Point", "coordinates": [-122.3180905, 47.6534211]}}, {"type": "Feature", "properties": {"id": 2322595852, "name": "Sizzle & Crunch", "category": "fast_food", "tags": ["fast-food", "vietnamese", "outdoor-seating", "indoor-seating", "takeaway", "wheelchair-accessible", "vegetarian", "vegan", "gluten-free", "air-conditioned", "restaurant", "asian"], "sources": ["osm", "overture"], "website": "http://www.sizzleandcrunch.com/", "phone": "+12065472723", "address": "1313 NE 42nd St", "hours": "Mo-Fr 11:00-21:00; Sa 12:00-21:00; Su 12:00-20:00", "stations": [{"stopCode": 47, "lines": "1,2", "name": "U District Station", "walkingMeters": 269, "walkingSeconds": 193, "band": 5}]}, "geometry": {"type": "Point", "coordinates": [-122.3136866, 47.6582163]}}, {"type": "Feature", "properties": {"id": 2322595869, "name": "Yu Sushi & Katsu", "category": "restaurant", "tags": ["restaurant", "japanese", "sushi", "asian"], "sources": ["osm", "overture"], "website": "http://www.YuSushiKatsu.com/", "phone": "+12065456968", "address": "4129 University Wy NE", "stations": [{"stopCode": 47, "lines": "1,2", "name": "U District Station", "walkingMeters": 356, "walkingSeconds": 256, "band": 5}]}, "geometry": {"type": "Point", "coordinates": [-122.313397, 47.6577128]}}, {"type": "Feature", "properties": {"id": 2322595872, "name": "The BoB", "category": "restaurant", "tags": ["restaurant", "korean"], "sources": ["osm"], "website": "https://the-bob-seattle.webflow.io/", "phone": "+1-206-633-6582", "address": "4131 University Way Northeast", "stations": [{"stopCode": 47, "lines": "1,2", "name": "U District Station", "walkingMeters": 349, "walkingSeconds": 251, "band": 5}]}, "geometry": {"type": "Point", "coordinates": [-122.313395, 47.657773]}}, {"type": "Feature", "properties": {"id": 2322595881, "name": "IJ Sushi Burrito", "category": "restaurant", "tags": ["restaurant", "sushi", "vegetarian", "japanese", "asian"], "sources": ["osm", "overture"], "website": "http://www.ijsushiburrito.com/", "phone": "+12065472168", "address": "4141 University Wy NE", "stations": [{"stopCode": 47, "lines": "1,2", "name": "U District Station", "walkingMeters": 320, "walkingSeconds": 230, "band": 5}]}, "geometry": {"type": "Point", "coordinates": [-122.31338, 47.658038]}}, {"type": "Feature", "properties": {"id": 2322640329, "name": "U Dupbop", "category": "restaurant", "tags": ["restaurant", "korean", "vegetarian", "vegan"], "sources": ["osm"], "address": "4124 University Way Northeast", "stations": [{"stopCode": 47, "lines": "1,2", "name": "U District Station", "walkingMeters": 406, "walkingSeconds": 292, "band": 5}]}, "geometry": {"type": "Point", "coordinates": [-122.3127908, 47.6575019]}}, {"type": "Feature", "properties": {"id": 2322647961, "name": "Chili's South Indian Cuisine", "category": "restaurant", "tags": ["restaurant", "indian", "takeaway", "wheelchair-accessible", "vegetarian"], "sources": ["osm"], "website": "https://chilissouthindianrestaurant.com", "phone": "+1-206-633-1458", "address": "4220 University Way Northeast", "hours": "Tu,We 15:00-21:00; Th-Su 11:30-21:00", "stations": [{"stopCode": 47, "lines": "1,2", "name": "U District Station", "walkingMeters": 230, "walkingSeconds": 166, "band": 5}]}, "geometry": {"type": "Point", "coordinates": [-122.313007, 47.6589834]}}, {"type": "Feature", "properties": {"id": 2322647966, "name": "Sultan Gyro Grill", "category": "restaurant", "tags": ["restaurant", "vegetarian", "vegan"], "sources": ["osm"], "address": "4222 University Way Northeast", "stations": [{"stopCode": 47, "lines": "1,2", "name": "U District Station", "walkingMeters": 226, "walkingSeconds": 162, "band": 5}]}, "geometry": {"type": "Point", "coordinates": [-122.3130072, 47.6590377]}}, {"type": "Feature", "properties": {"id": 3355109585, "name": "MOD Pizza", "category": "fast_food", "tags": ["fast-food", "pizza", "outdoor-seating", "takeaway", "vegetarian", "vegan", "restaurant"], "sources": ["osm", "overture"], "website": "https://www.modpizza.com/", "phone": "+12066327111", "address": "1414 NE 42nd St Ste 103B", "hours": "Su-Th 10:30-22:00; Fr-Sa 10:30-23:00", "stations": [{"stopCode": 47, "lines": "1,2", "name": "U District Station", "walkingMeters": 326, "walkingSeconds": 234, "band": 5}]}, "geometry": {"type": "Point", "coordinates": [-122.31253, 47.6584538]}}, {"type": "Feature", "properties": {"id": "d3e96fbf-e8bb-4c24-9336-7e8918dda476", "name": "Byrek & Baguette", "category": "cafe", "tags": ["cafe"], "sources": ["overture"], "phone": "12066323864", "address": "4209 University Way NE", "stations": [{"stopCode": 47, "lines": "1,2", "name": "U District Station", "walkingMeters": 239, "walkingSeconds": 172, "band": 5}]}, "geometry": {"type": "Point", "coordinates": [-122.3135605, 47.6586609]}}, {"type": "Feature", "properties": {"id": 2439831123, "name": "Caf\u00e9 Happy", "category": "cafe", "tags": ["cafe", "bubble-tea", "vegetarian", "vegan", "wifi", "restaurant"], "sources": ["osm", "overture"], "website": "http://cafe-happy.com/", "phone": "+14258229696", "address": "1408 NE 40th St", "stations": [{"stopCode": 47, "lines": "1,2", "name": "U District Station", "walkingMeters": 644, "walkingSeconds": 464, "band": 10}, {"stopCode": 48, "lines": "1,2", "name": "University of Washington Station", "walkingMeters": 1154, "walkingSeconds": 830, "band": 15}]}, "geometry": {"type": "Point", "coordinates": [-122.3129094, 47.6554498]}}, {"type": "Feature", "properties": {"id": 2464035794, "name": "Samir's Mediterranean Grill", "category": "restaurant", "tags": ["restaurant", "mediterranean", "vegetarian", "vegan", "middle-eastern"], "sources": ["osm", "overture"], "website": "http://metropolitangrillseattle.cafesandrestaurants.website/", "phone": "+12066331778", "address": "1316 NE 43rd St", "stations": [{"stopCode": 47, "lines": "1,2", "name": "U District Station", "walkingMeters": 101, "walkingSeconds": 73, "band": 5}]}, "geometry": {"type": "Point", "coordinates": [-122.3135074, 47.6599101]}}, {"type": "Feature", "properties": {"id": 2464036021, "name": "College Inn Pub", "category": "pub", "tags": ["pub"], "sources": ["osm", "overture"], "website": "https://thecollegeinnpub.com", "phone": "12065737383", "address": "4006 University Way NE", "stations": [{"stopCode": 47, "lines": "1,2", "name": "U District Station", "walkingMeters": 612, "walkingSeconds": 440, "band": 10}, {"stopCode": 48, "lines": "1,2", "name": "University of Washington Station", "walkingMeters": 1154, "walkingSeconds": 830, "band": 15}]}, "geometry": {"type": "Point", "coordinates": [-122.3131194, 47.6555347]}}, {"type": "Feature", "properties": {"id": 2464036163, "name": "Aladdin CharBurger", "category": "fast_food", "tags": ["fast-food", "burger", "indoor-seating", "takeaway", "vegetarian", "restaurant", "american"], "sources": ["osm", "overture"], "website": "http://aladdincharburger.com/", "phone": "+12065453858", "address": "4135 University Wy NE", "stations": [{"stopCode": 47, "lines": "1,2", "name": "U District Station", "walkingMeters": 330, "walkingSeconds": 238, "band": 5}]}, "geometry": {"type": "Point", "coordinates": [-122.3133901, 47.6579357]}}, {"type": "Feature", "properties": {"id": 2464036648, "name": "Sweet Alchemy Ice Creamery", "category": "ice_cream", "tags": ["ice-cream", "outdoor-seating", "wheelchair-accessible", "vegan", "air-conditioned"], "sources": ["osm"], "website": "https://www.sweetalchemyicecreamery.com/", "address": "4301 University Way Northeast", "hours": "Su-Th 12:00-22:00; Fr,Sa 12:00-23:00", "stations": [{"stopCode": 47, "lines": "1,2", "name": "U District Station", "walkingMeters": 114, "walkingSeconds": 82, "band": 5}]}, "geometry": {"type": "Point", "coordinates": [-122.3133371, 47.6599036]}}, {"type": "Feature", "properties": {"id": 2497005558, "name": "The Rotunda", "category": "fast_food", "tags": ["fast-food", "american"], "sources": ["osm"], "website": "https://hfs.uw.edu/Eat/dining-hours/The-Rotunda", "address": "1705 Northeast Pacific Street", "hours": "Mo-Fr 07:30-16:00", "stations": [{"stopCode": 48, "lines": "1,2", "name": "University of Washington Station", "walkingMeters": 814, "walkingSeconds": 585, "band": 10}, {"stopCode": 47, "lines": "1,2", "name": "U District Station", "walkingMeters": 1284, "walkingSeconds": 924, "band": 15}]}, "geometry": {"type": "Point", "coordinates": [-122.3106813, 47.6509436]}}, {"type": "Feature", "properties": {"id": 2497005559, "name": "Rotunda Espresso", "category": "cafe", "tags": ["cafe", "coffee-shop", "takeaway"], "sources": ["osm"], "website": "https://hfs.uw.edu/Eat/dining-hours/Rotunda-Espresso", "address": "1705 Northeast Pacific Street", "hours": "Mo-Fr 07:30-16:00", "stations": [{"stopCode": 48, "lines": "1,2", "name": "University of Washington Station", "walkingMeters": 814, "walkingSeconds": 585, "band": 10}, {"stopCode": 47, "lines": "1,2", "name": "U District Station", "walkingMeters": 1284, "walkingSeconds": 924, "band": 15}]}, "geometry": {"type": "Point", "coordinates": [-122.3107853, 47.6509554]}}, {"type": "Feature", "properties": {"id": 2671015705, "name": "Vista Caf\u00e9", "category": "restaurant", "tags": ["restaurant", "sandwich"], "sources": ["osm"], "website": "https://www.hfs.washington.edu/dining/Default.aspx?id=324", "hours": "Mo-Fr 07:30-15:00", "stations": [{"stopCode": 48, "lines": "1,2", "name": "University of Washington Station", "walkingMeters": 925, "walkingSeconds": 665, "band": 15}, {"stopCode": 47, "lines": "1,2", "name": "U District Station", "walkingMeters": 1081, "walkingSeconds": 778, "band": 15}]}, "geometry": {"type": "Point", "coordinates": [-122.3132664, 47.6517371]}}, {"type": "Feature", "properties": {"id": 2672133041, "name": "City Grind at the Henry", "category": "cafe", "tags": ["cafe", "coffee-shop", "outdoor-seating", "coffee"], "sources": ["osm", "overture"], "website": "http://citygrindespresso.com", "phone": "(206) 616-3477", "address": "15th Ave NE and NE 41st St, Seattle , 98105, United States", "hours": "Tu-Fr 09:00-16:00; Sa-Su 11:00-14:00", "stations": [{"stopCode": 47, "lines": "1,2", "name": "U District Station", "walkingMeters": 604, "walkingSeconds": 434, "band": 10}, {"stopCode": 48, "lines": "1,2", "name": "University of Washington Station", "walkingMeters": 1198, "walkingSeconds": 861, "band": 15}]}, "geometry": {"type": "Point", "coordinates": [-122.3117406, 47.6563901]}}, {"type": "Feature", "properties": {"id": 3355097453, "name": "Cultivate", "category": "restaurant", "tags": ["restaurant", "american", "breakfast-and-brunch", "breakfast", "brunch"], "sources": ["osm", "overture"], "website": "https://hfs.uw.edu/Eat/dining-hours/Cultivate", "phone": "2066853622", "address": "1218 NE Campus Pkwy", "stations": [{"stopCode": 47, "lines": "1,2", "name": "U District Station", "walkingMeters": 452, "walkingSeconds": 325, "band": 5}]}, "geometry": {"type": "Point", "coordinates": [-122.3148405, 47.6566177]}}, {"type": "Feature", "properties": {"id": 3567670741, "name": "Husky Grind Caf\u00e9", "category": "cafe", "tags": ["cafe", "coffee-shop", "wheelchair-accessible", "wifi"], "sources": ["osm"], "website": "https://hfs.uw.edu/Eat/dining-hours/Husky-Grind-Cafe-Mercer-Court", "address": "3925 Adams Lane Northeast", "hours": "Mo-Fr 07:00-15:00; Sa-Su 09:00-15:00", "stations": [{"stopCode": 47, "lines": "1,2", "name": "U District Station", "walkingMeters": 811, "walkingSeconds": 583, "band": 10}, {"stopCode": 48, "lines": "1,2", "name": "University of Washington Station", "walkingMeters": 1265, "walkingSeconds": 910, "band": 15}]}, "geometry": {"type": "Point", "coordinates": [-122.3171022, 47.6547117]}}, {"type": "Feature", "properties": {"id": 9590561117, "name": "Husky Grind Caf\u00e9", "category": "cafe", "tags": ["cafe", "coffee-shop", "outdoor-seating"], "sources": ["osm"], "website": "https://hfs.uw.edu/Eat/dining-hours/Husky-Grind-Cafe-DM-Alder", "address": "1315 Northeast Campus Parkway", "hours": "Mo-Fr 07:00-20:00; Sa,Su 08:00-20:00", "stations": [{"stopCode": 47, "lines": "1,2", "name": "U District Station", "walkingMeters": 540, "walkingSeconds": 389, "band": 10}, {"stopCode": 48, "lines": "1,2", "name": "University of Washington Station", "walkingMeters": 1220, "walkingSeconds": 878, "band": 15}]}, "geometry": {"type": "Point", "coordinates": [-122.313651, 47.6558508]}}, {"type": "Feature", "properties": {"id": 4553005513, "name": "Kong Tofu House", "category": "restaurant", "tags": ["restaurant", "korean", "takeaway", "wheelchair-accessible", "asian"], "sources": ["osm", "overture"], "website": "http://www.kongtofuhouse.com", "phone": "+12065456783", "address": "George F. Russell Jr. Hall, 1414 NE 42nd St Ste 103A", "hours": "10:00-22:00", "stations": [{"stopCode": 47, "lines": "1,2", "name": "U District Station", "walkingMeters": 359, "walkingSeconds": 258, "band": 5}]}, "geometry": {"type": "Point", "coordinates": [-122.3122776, 47.6584214]}}, {"type": "Feature", "properties": {"id": 5281182571, "name": "Korean Tofu House", "category": "restaurant", "tags": ["restaurant", "korean", "takeaway", "asian"], "sources": ["osm", "overture"], "website": "https://KoreanTofuHouse.food96.com/", "phone": "+12066323119", "address": "4142 Brooklyn Ave NE", "hours": "Mo-Su 10:00-21:00", "stations": [{"stopCode": 47, "lines": "1,2", "name": "U District Station", "walkingMeters": 245, "walkingSeconds": 176, "band": 5}]}, "geometry": {"type": "Point", "coordinates": [-122.3140237, 47.658217]}}, {"type": "Feature", "properties": {"id": 5908595010, "name": "Cedars of Lebanon", "category": "restaurant", "tags": ["restaurant", "vegetarian", "vegan", "lebanese", "middle-eastern", "mediterranean"], "sources": ["osm", "overture"], "website": "http://cedarsoflebanonuw.com/", "phone": "+12066327708", "address": "1319 NE 43rd St", "stations": [{"stopCode": 47, "lines": "1,2", "name": "U District Station", "walkingMeters": 117, "walkingSeconds": 84, "band": 5}]}, "geometry": {"type": "Point", "coordinates": [-122.3135109, 47.6596914]}}, {"type": "Feature", "properties": {"id": 6309416485, "name": "Little Duck", "category": "restaurant", "tags": ["restaurant", "chinese", "asian"], "sources": ["osm", "overture"], "website": "http://www.littleduckseattle.com", "phone": "+12066952564", "address": "4100 Roosevelt Way NE", "hours": "Mo-Su 11:30-15:00, 16:00-21:30", "stations": [{"stopCode": 47, "lines": "1,2", "name": "U District Station", "walkingMeters": 610, "walkingSeconds": 439, "band": 10}]}, "geometry": {"type": "Point", "coordinates": [-122.317545, 47.6571135]}}, {"type": "Feature", "properties": {"id": 6780355215, "name": "Bombay", "category": "restaurant", "tags": ["restaurant"], "sources": ["osm"], "hours": "Mo-We 08:00-02:00, Th-Sa 08:00-03:00,12:00-24:00", "stations": [{"stopCode": 47, "lines": "1,2", "name": "U District Station", "walkingMeters": 262, "walkingSeconds": 188, "band": 5}]}, "geometry": {"type": "Point", "coordinates": [-122.3130501, 47.6586984]}}, {"type": "Feature", "properties": {"id": 10104715234, "name": "The Buzz", "category": "cafe", "tags": ["cafe", "wheelchair-accessible"], "sources": ["osm"], "hours": "Mo-Fr 08:15-15:30", "stations": [{"stopCode": 47, "lines": "1,2", "name": "U District Station", "walkingMeters": 710, "walkingSeconds": 511, "band": 10}, {"stopCode": 48, "lines": "1,2", "name": "University of Washington Station", "walkingMeters": 1121, "walkingSeconds": 807, "band": 15}]}, "geometry": {"type": "Point", "coordinates": [-122.3125056, 47.6549498]}}, {"type": "Feature", "properties": {"id": 10172372012, "name": "Evolutionary Grounds", "category": "cafe", "tags": ["cafe", "coffee-shop", "donut", "bagel", "outdoor-seating", "takeaway", "wheelchair-accessible", "wifi"], "sources": ["osm"], "website": "https://hfs.uw.edu/Eat/dining-hours/Evolutionary-Grounds", "address": "3747 West Stevens Way Northeast", "hours": "Mo-Fr 07:30-15:00", "stations": [{"stopCode": 48, "lines": "1,2", "name": "University of Washington Station", "walkingMeters": 729, "walkingSeconds": 524, "band": 10}, {"stopCode": 47, "lines": "1,2", "name": "U District Station", "walkingMeters": 1079, "walkingSeconds": 776, "band": 15}]}, "geometry": {"type": "Point", "coordinates": [-122.310093, 47.6523247]}}, {"type": "Feature", "properties": {"id": 10253945664, "name": "Public Grounds", "category": "cafe", "tags": ["cafe", "coffee-shop", "outdoor-seating"], "sources": ["osm"], "website": "https://hfs.uw.edu/Eat/dining-hours/Public-Grounds", "address": "4105 Memorial Way Northeast", "hours": "Mo-Th 08:00-15:00", "stations": [{"stopCode": 47, "lines": "1,2", "name": "U District Station", "walkingMeters": 555, "walkingSeconds": 400, "band": 10}]}, "geometry": {"type": "Point", "coordinates": [-122.3104146, 47.6573767]}}, {"type": "Feature", "properties": {"id": 10778799243, "name": "Boba Up", "category": "cafe", "tags": ["cafe", "bubble-tea"], "sources": ["osm"], "stations": [{"stopCode": 47, "lines": "1,2", "name": "U District Station", "walkingMeters": 320, "walkingSeconds": 230, "band": 5}]}, "geometry": {"type": "Point", "coordinates": [-122.3133758, 47.6580382]}}, {"type": "Feature", "properties": {"id": 11142039596, "name": "Little Thai", "category": "restaurant", "tags": ["restaurant", "thai", "takeaway", "vegetarian", "vegan"], "sources": ["osm"], "website": "https://littlethaiseattle.com/", "phone": "+1-206-548-8009", "address": "4142 Brooklyn Avenue Northeast", "hours": "Mo-Fr 11:00-21:00; Sa 12:00-21:00", "stations": [{"stopCode": 47, "lines": "1,2", "name": "U District Station", "walkingMeters": 249, "walkingSeconds": 179, "band": 5}]}, "geometry": {"type": "Point", "coordinates": [-122.3139732, 47.6582148]}}, {"type": "Feature", "properties": {"id": 11244834337, "name": "Snooze", "category": "cafe", "tags": ["cafe"], "sources": ["osm"], "address": "4213 University Way Northeast", "stations": [{"stopCode": 47, "lines": "1,2", "name": "U District Station", "walkingMeters": 238, "walkingSeconds": 171, "band": 5}]}, "geometry": {"type": "Point", "coordinates": [-122.3133622, 47.6587802]}}, {"type": "Feature", "properties": {"id": 13327358301, "name": "Shake & Stack Burgers", "category": "restaurant", "tags": ["restaurant", "burger", "fries", "gluten-free", "wifi"], "sources": ["osm"], "address": "4106 Brooklyn Avenue Northeast", "hours": "Mo-Su 11:00-00:00", "stations": [{"stopCode": 47, "lines": "1,2", "name": "U District Station", "walkingMeters": 363, "walkingSeconds": 261, "band": 5}]}, "geometry": {"type": "Point", "coordinates": [-122.3141924, 47.6570565]}}, {"type": "Feature", "properties": {"id": 13433916908, "name": "Big Time Brewery and Alehouse", "category": "pub", "tags": ["pub", "outdoor-seating", "wheelchair-accessible", "microbrew", "wifi", "bar", "brewery"], "sources": ["osm", "overture"], "website": "http://www.bigtimebrewery.com/", "phone": "+12065454509", "address": "4133 University Wy NE", "hours": "Mo-Th 12:00-00:00; Fr-Sa 12:00-01:00; Su 12:00-23:00", "stations": [{"stopCode": 47, "lines": "1,2", "name": "U District Station", "walkingMeters": 340, "walkingSeconds": 244, "band": 5}]}, "geometry": {"type": "Point", "coordinates": [-122.3134407, 47.6578581]}}, {"type": "Feature", "properties": {"id": 13790875680, "name": "Marina Cantina", "category": "bar", "tags": ["bar"], "sources": ["osm"], "stations": [{"stopCode": 47, "lines": "1,2", "name": "U District Station", "walkingMeters": 1029, "walkingSeconds": 740, "band": 10}, {"stopCode": 48, "lines": "1,2", "name": "University of Washington Station", "walkingMeters": 1060, "walkingSeconds": 762, "band": 15}]}, "geometry": {"type": "Point", "coordinates": [-122.3141937, 47.6514659]}}, {"type": "Feature", "properties": {"id": 13913737246, "name": "Alley Cat Lounge", "category": "bar", "tags": ["bar"], "sources": ["osm"], "stations": [{"stopCode": 47, "lines": "1,2", "name": "U District Station", "walkingMeters": 96, "walkingSeconds": 69, "band": 5}]}, "geometry": {"type": "Point", "coordinates": [-122.3136812, 47.6599823]}}, {"type": "Feature", "properties": {"id": 99926900, "name": "Agua Verde Caf\u00e9", "category": "restaurant", "tags": ["restaurant", "mexican", "outdoor-seating", "takeaway", "wheelchair-accessible", "latin-american"], "sources": ["osm", "overture"], "website": "http://www.aguaverdecafe.com", "phone": "+12065458570", "address": "1303 NE Boat St", "hours": "Su-Th 11:00-21:00; Fr-Sa 11:00-21:00", "stations": [{"stopCode": 47, "lines": "1,2", "name": "U District Station", "walkingMeters": 981, "walkingSeconds": 706, "band": 10}, {"stopCode": 48, "lines": "1,2", "name": "University of Washington Station", "walkingMeters": 1021, "walkingSeconds": 734, "band": 15}]}, "geometry": {"type": "Point", "coordinates": [-122.3143407, 47.6515836]}}, {"type": "Feature", "properties": {"id": "6dd9fce3-de52-4044-8f6d-0a45f27f939e", "name": "Chipotle Mexican Grill", "category": "restaurant", "tags": ["restaurant", "mexican", "texmex", "fast-food"], "sources": ["overture"], "website": "https://locations.chipotle.com/wa/seattle/4229-university-way-ne?utm_source=facebook&utm_medium=yext&utm_campaign=yext_listings%3Frestaurant%3D578", "phone": "+12065474644", "address": "4229 University Way NE", "stations": [{"stopCode": 47, "lines": "1,2", "name": "U District Station", "walkingMeters": 187, "walkingSeconds": 135, "band": 5}]}, "geometry": {"type": "Point", "coordinates": [-122.3133163, 47.6592407]}}, {"type": "Feature", "properties": {"id": "aba071e8-adad-4351-a128-d465cadbf0c1", "name": "Guanaco's Tacos Pupuseria", "category": "restaurant", "tags": ["restaurant", "salvadoran", "taco", "latin-american", "mexican"], "sources": ["overture"], "phone": "2065472369", "address": "4106 Brooklyn Ave NE", "stations": [{"stopCode": 47, "lines": "1,2", "name": "U District Station", "walkingMeters": 355, "walkingSeconds": 255, "band": 5}]}, "geometry": {"type": "Point", "coordinates": [-122.3140717, 47.6571274]}}, {"type": "Feature", "properties": {"id": "381d397f-7bcb-4e28-b922-eecc55bd1051", "name": "Rancho Bravo Tacos", "category": "fast_food", "tags": ["fast-food", "food", "truck", "mexican"], "sources": ["overture"], "website": "http://ranchobravotacos.com/", "phone": "2065458226", "address": "4241 University Way NE", "stations": [{"stopCode": 47, "lines": "1,2", "name": "U District Station", "walkingMeters": 148, "walkingSeconds": 106, "band": 5}]}, "geometry": {"type": "Point", "coordinates": [-122.3134384, 47.6595955]}}, {"type": "Feature", "properties": {"id": "3dd8e59c-a438-4f6d-b251-fa4e8f5b19f8", "name": "Pineapple Caf\u00e9", "category": "cafe", "tags": ["cafe"], "sources": ["overture"], "website": "http://staypineapple.com", "phone": "12068264242", "address": "4242 Roosevelt Way NE", "stations": [{"stopCode": 47, "lines": "1,2", "name": "U District Station", "walkingMeters": 343, "walkingSeconds": 247, "band": 5}]}, "geometry": {"type": "Point", "coordinates": [-122.3174362, 47.6595383]}}, {"type": "Feature", "properties": {"id": "c89a3610-4195-456e-8ac5-b65bf34c94cd", "name": "Kl Star Corporation", "category": "restaurant", "tags": ["restaurant"], "sources": ["overture"], "address": "4301 Roosevelt Way NE", "stations": [{"stopCode": 47, "lines": "1,2", "name": "U District Station", "walkingMeters": 394, "walkingSeconds": 294, "band": 5}]}, "geometry": {"type": "Point", "coordinates": [-122.3180847, 47.6597214]}}, {"type": "Feature", "properties": {"id": "d7ed02ba-3302-4d32-b1d5-e342c30997a9", "name": "Smooch Arts Incorporated", "category": "restaurant", "tags": ["restaurant"], "sources": ["overture"], "address": "4110 Roosevelt Way NE", "stations": [{"stopCode": 47, "lines": "1,2", "name": "U District Station", "walkingMeters": 542, "walkingSeconds": 404, "band": 10}]}, "geometry": {"type": "Point", "coordinates": [-122.3173676, 47.6572495]}}, {"type": "Feature", "properties": {"id": "493b5a1c-6336-47df-a7f7-3ff280fe73ce", "name": "Triple S", "category": "restaurant", "tags": ["restaurant", "sandwich"], "sources": ["overture"], "website": "triplesconsultingllc.business.site", "phone": "+12065436975", "address": "1201 NE Campus Pkwy", "stations": [{"stopCode": 47, "lines": "1,2", "name": "U District Station", "walkingMeters": 659, "walkingSeconds": 492, "band": 10}, {"stopCode": 48, "lines": "1,2", "name": "University of Washington Station", "walkingMeters": 1419, "walkingSeconds": 1059, "band": 15}]}, "geometry": {"type": "Point", "coordinates": [-122.3153, 47.6558075]}}, {"type": "Feature", "properties": {"id": "b5a3d8ac-e788-4aca-ad39-ec01159ea9c4", "name": "Husky Grind", "category": "cafe", "tags": ["cafe", "coffee"], "sources": ["overture"], "website": "https://www.hfs.washington.edu/huskygrind/", "phone": "+12065435367", "address": "1315 NE Campus Pkwy", "stations": [{"stopCode": 47, "lines": "1,2", "name": "U District Station", "walkingMeters": 848, "walkingSeconds": 610, "band": 5}, {"stopCode": 48, "lines": "1,2", "name": "University of Washington Station", "walkingMeters": 1306, "walkingSeconds": 975, "band": 15}]}, "geometry": {"type": "Point", "coordinates": [-122.3139114, 47.6557236]}}, {"type": "Feature", "properties": {"id": "29849c04-0bbd-4551-92f9-25937495f726", "name": "Dub Street Burgers", "category": "restaurant", "tags": ["restaurant", "burger"], "sources": ["overture"], "phone": "+12066854950", "address": "4001 NE Stevens Way", "stations": [{"stopCode": 47, "lines": "1,2", "name": "U District Station", "walkingMeters": 672, "walkingSeconds": 501, "band": 10}, {"stopCode": 48, "lines": "1,2", "name": "University of Washington Station", "walkingMeters": 1278, "walkingSeconds": 954, "band": 15}]}, "geometry": {"type": "Point", "coordinates": [-122.3136063, 47.6556625]}}, {"type": "Feature", "properties": {"id": "4c4db7fe-8c11-499f-a91d-80d3b39190c0", "name": "Bean & Bagel", "category": "cafe", "tags": ["cafe", "coffee"], "sources": ["overture"], "website": "http://beanandbagelseattle.gastrobars.com", "phone": "(303) 507-1025", "address": "1410 NE 40th St", "stations": [{"stopCode": 47, "lines": "1,2", "name": "U District Station", "walkingMeters": 640, "walkingSeconds": 460, "band": 10}, {"stopCode": 48, "lines": "1,2", "name": "University of Washington Station", "walkingMeters": 1153, "walkingSeconds": 830, "band": 15}]}, "geometry": {"type": "Point", "coordinates": [-122.312973, 47.655468]}}, {"type": "Feature", "properties": {"id": "134a55ca-a180-4c56-99a0-2bc8c6c9cb8e", "name": "Piatti Restaurant", "category": "restaurant", "tags": ["restaurant"], "sources": ["overture"], "website": "http://www.piatti.com/seattle", "phone": "(206) 524-9088", "address": "4032 University Way NE", "stations": [{"stopCode": 47, "lines": "1,2", "name": "U District Station", "walkingMeters": 529, "walkingSeconds": 381, "band": 10}, {"stopCode": 48, "lines": "1,2", "name": "University of Washington Station", "walkingMeters": 1219, "walkingSeconds": 877, "band": 15}]}, "geometry": {"type": "Point", "coordinates": [-122.3129578, 47.6563721]}}, {"type": "Feature", "properties": {"id": "aadbb023-5520-4da7-ad9f-eb3c65154265", "name": "Shultzy's Bar & Grill", "category": "restaurant", "tags": ["restaurant", "bar-and-grill", "bar", "grill"], "sources": ["overture"], "website": "http://www.shultzys.com/", "phone": "+12065489461", "address": "4114 University Wy NE", "stations": [{"stopCode": 47, "lines": "1,2", "name": "U District Station", "walkingMeters": 419, "walkingSeconds": 302, "band": 5}]}, "geometry": {"type": "Point", "coordinates": [-122.3130722, 47.6572762]}}, {"type": "Feature", "properties": {"id": "182deb87-ec63-4849-9092-2b6f073ab489", "name": "University Teriyaki and Bakery", "category": "restaurant", "tags": ["restaurant", "chinese", "asian"], "sources": ["overture"], "website": "http://teriyakiplus.com/", "phone": "+12066325688", "address": "4108 University Wy NE", "stations": [{"stopCode": 47, "lines": "1,2", "name": "U District Station", "walkingMeters": 429, "walkingSeconds": 309, "band": 5}]}, "geometry": {"type": "Point", "coordinates": [-122.3130646, 47.6571884]}}, {"type": "Feature", "properties": {"id": "ddcdd7da-317b-45bb-b44a-b46573ac076d", "name": "University T&b Inc", "category": "restaurant", "tags": ["restaurant"], "sources": ["overture"], "address": "4108 University Way NE", "stations": [{"stopCode": 47, "lines": "1,2", "name": "U District Station", "walkingMeters": 467, "walkingSeconds": 349, "band": 5}]}, "geometry": {"type": "Point", "coordinates": [-122.3129349, 47.6571732]}}, {"type": "Feature", "properties": {"id": "6efddc50-24f1-4703-b40a-f546e018ac0e", "name": "Hillside Quickie's Vegan Sandwich Shop", "category": "restaurant", "tags": ["restaurant", "vegan"], "sources": ["overture"], "website": "http://www.hillsidequickie.com/", "phone": "(206) 632-3037", "address": "4106 Brooklyn Ave NE", "stations": [{"stopCode": 47, "lines": "1,2", "name": "U District Station", "walkingMeters": 380, "walkingSeconds": 274, "band": 5}]}, "geometry": {"type": "Point", "coordinates": [-122.3143158, 47.6569138]}}, {"type": "Feature", "properties": {"id": "a0c419de-a0b4-4efe-b4ee-7edc20b246d2", "name": "Miss Mike", "category": "restaurant", "tags": ["restaurant", "taiwanese"], "sources": ["overture"], "website": "https://www.missmikebentonoodles.com", "phone": "(206) 547-8899", "address": "4106 Brooklyn Ave NE #102B", "stations": [{"stopCode": 47, "lines": "1,2", "name": "U District Station", "walkingMeters": 365, "walkingSeconds": 263, "band": 5}]}, "geometry": {"type": "Point", "coordinates": [-122.3141251, 47.6570358]}}, {"type": "Feature", "properties": {"id": "29b334ef-8061-4e47-8bab-bd194c199d13", "name": "Henry's Taiwan", "category": "restaurant", "tags": ["restaurant", "chinese"], "sources": ["overture"], "website": "http://www.henrystaiwankitchen.com", "phone": "(206) 547-8899", "address": "Brooklyn Avenue Northeast", "stations": [{"stopCode": 47, "lines": "1,2", "name": "U District Station", "walkingMeters": 359, "walkingSeconds": 259, "band": 5}]}, "geometry": {"type": "Point", "coordinates": [-122.3141403, 47.6570892]}}, {"type": "Feature", "properties": {"id": "d762eadc-44e4-4e35-a07e-4616b1c64149", "name": "Yummy Yummy Llc", "category": "restaurant", "tags": ["restaurant"], "sources": ["overture"], "address": "4106 Brooklyn Ave Ne Ste 103a", "stations": [{"stopCode": 47, "lines": "1,2", "name": "U District Station", "walkingMeters": 455, "walkingSeconds": 340, "band": 5}]}, "geometry": {"type": "Point", "coordinates": [-122.3141022, 47.6571541]}}, {"type": "Feature", "properties": {"id": "6badf49d-c4dd-4894-8c10-cfb6c888edbd", "name": "Pho Thy Thy", "category": "restaurant", "tags": ["restaurant", "vietnamese"], "sources": ["overture"], "website": "http://www.seattlesrestaurants.info/restaurant/Seattle-WA/Pho-Thy-Thy", "phone": "(206) 632-4909", "address": "4129 University Way NE", "stations": [{"stopCode": 47, "lines": "1,2", "name": "U District Station", "walkingMeters": 356, "walkingSeconds": 256, "band": 5}]}, "geometry": {"type": "Point", "coordinates": [-122.3134155, 47.6577148]}}, {"type": "Feature", "properties": {"id": "d4ae336b-fbd4-48a8-8abd-ddbb5fe7031b", "name": "Honeybee\u2019s Cafe", "category": "restaurant", "tags": ["restaurant"], "sources": ["overture"], "address": "4131 University Way NE", "stations": [{"stopCode": 47, "lines": "1,2", "name": "U District Station", "walkingMeters": 375, "walkingSeconds": 280, "band": 5}]}, "geometry": {"type": "Point", "coordinates": [-122.3135147, 47.6577377]}}, {"type": "Feature", "properties": {"id": "65786797-087d-4084-b344-db1f6d25edfd", "name": "Almatti & Sons Inc", "category": "restaurant", "tags": ["restaurant"], "sources": ["overture"], "address": "4139 University Way NE", "stations": [{"stopCode": 47, "lines": "1,2", "name": "U District Station", "walkingMeters": 346, "walkingSeconds": 258, "band": 5}]}, "geometry": {"type": "Point", "coordinates": [-122.3133926, 47.657959]}}, {"type": "Feature", "properties": {"id": "6c96e831-2d20-4ec4-a5e6-5f5b0fabd528", "name": "Sushi Town", "category": "restaurant", "tags": ["restaurant", "sushi"], "sources": ["overture"], "website": "http://www.uwsushitown.com", "phone": "(206) 633-1452", "address": "4141 University Way NE Ste 103", "stations": [{"stopCode": 47, "lines": "1,2", "name": "U District Station", "walkingMeters": 318, "walkingSeconds": 229, "band": 5}]}, "geometry": {"type": "Point", "coordinates": [-122.3134918, 47.6580544]}}, {"type": "Feature", "properties": {"id": "64bb3ee8-a422-4d7e-9777-1c9c7a20f660", "name": "Bestpro Investment Corp Dba Boba Up", "category": "restaurant", "tags": ["restaurant"], "sources": ["overture"], "address": "4141 University Way Ne Ste 103", "stations": [{"stopCode": 47, "lines": "1,2", "name": "U District Station", "walkingMeters": 330, "walkingSeconds": 246, "band": 5}]}, "geometry": {"type": "Point", "coordinates": [-122.3135834, 47.6580505]}}, {"type": "Feature", "properties": {"id": "c664c159-0bcd-4b80-98e1-dc995f9d88a2", "name": "Little Thai Restaurant", "category": "restaurant", "tags": ["restaurant", "thai", "asian"], "sources": ["overture"], "website": "http://littlethaiseattle.com/", "phone": "+12065488009", "address": "4142 Brooklyn Ave NE", "stations": [{"stopCode": 47, "lines": "1,2", "name": "U District Station", "walkingMeters": 255, "walkingSeconds": 183, "band": 5}]}, "geometry": {"type": "Point", "coordinates": [-122.3138962, 47.6582527]}}, {"type": "Feature", "properties": {"id": "4ada7dfe-d5f0-426a-95d8-f348bd737bc0", "name": "Rock N Roll Grill", "category": "restaurant", "tags": ["restaurant", "american"], "sources": ["overture"], "website": "https://rocknrollgrille.com", "phone": "2066321111", "address": "4209 University Way NE", "stations": [{"stopCode": 47, "lines": "1,2", "name": "U District Station", "walkingMeters": 244, "walkingSeconds": 182, "band": 5}]}, "geometry": {"type": "Point", "coordinates": [-122.3135605, 47.6586609]}}, {"type": "Feature", "properties": {"id": "3a74953a-c326-4694-81c0-dab47f445314", "name": "Fayza Restaurant", "category": "restaurant", "tags": ["restaurant"], "sources": ["overture"], "website": "https://www.seattlemediterraneancuisine.com", "address": "4209 University Way NE", "stations": [{"stopCode": 47, "lines": "1,2", "name": "U District Station", "walkingMeters": 245, "walkingSeconds": 176, "band": 5}]}, "geometry": {"type": "Point", "coordinates": [-122.3135605, 47.6586609]}}, {"type": "Feature", "properties": {"id": "30c3d006-d0c1-4e6b-8c6b-68d51af7d192", "name": "Ugly Mug Cafe", "category": "cafe", "tags": ["cafe", "coffee"], "sources": ["overture"], "website": "http://www.uglymugseattle.com/", "phone": "+12065473219", "address": "1309 NE 43rd St", "stations": [{"stopCode": 47, "lines": "1,2", "name": "U District Station", "walkingMeters": 94, "walkingSeconds": 68, "band": 5}]}, "geometry": {"type": "Point", "coordinates": [-122.3138199, 47.6597023]}}, {"type": "Feature", "properties": {"id": "1d367152-b571-422e-8c39-8b2c221815fa", "name": "Thaiger Room", "category": "restaurant", "tags": ["restaurant", "thai", "asian"], "sources": ["overture"], "website": "http://thaigerroom.com/", "phone": "+12066329299", "address": "1312 NE 43rd St", "stations": [{"stopCode": 47, "lines": "1,2", "name": "U District Station", "walkingMeters": 121, "walkingSeconds": 87, "band": 5}]}, "geometry": {"type": "Point", "coordinates": [-122.3136673, 47.6599426]}}, {"type": "Feature", "properties": {"id": "14c6291c-01d5-4141-bca0-70404cfb8feb", "name": "Seattle Best Curry Llc", "category": "restaurant", "tags": ["restaurant"], "sources": ["overture"], "address": "1313 NE 43rd St", "stations": [{"stopCode": 47, "lines": "1,2", "name": "U District Station", "walkingMeters": 109, "walkingSeconds": 81, "band": 5}]}, "geometry": {"type": "Point", "coordinates": [-122.3134766, 47.659687]}}, {"type": "Feature", "properties": {"id": "e577d0cc-e25c-4d34-bf56-3e4fd65d7fb2", "name": "Ruby Restaurant", "category": "restaurant", "tags": ["restaurant"], "sources": ["overture"], "website": "https://www.rubys.com", "address": "4241 University Way NE", "stations": [{"stopCode": 47, "lines": "1,2", "name": "U District Station", "walkingMeters": 121, "walkingSeconds": 90, "band": 5}]}, "geometry": {"type": "Point", "coordinates": [-122.3134537, 47.6595993]}}, {"type": "Feature", "properties": {"id": "a19384bc-ba4d-4529-aa0d-fa52766fd22b", "name": "Wisdom Corporation", "category": "restaurant", "tags": ["restaurant"], "sources": ["overture"], "address": "4247 University Way NE", "stations": [{"stopCode": 47, "lines": "1,2", "name": "U District Station", "walkingMeters": 116, "walkingSeconds": 87, "band": 5}]}, "geometry": {"type": "Point", "coordinates": [-122.3135223, 47.6596107]}}, {"type": "Feature", "properties": {"id": "cfab2036-f3b4-4f43-857b-b407081734ae", "name": "Mark Homemade Thai", "category": "cafe", "tags": ["cafe", "thai"], "sources": ["overture"], "website": "http://www.MarkHomemadeThai.com/", "phone": "+12064325803", "address": "1313 NE 43rd St", "stations": [{"stopCode": 47, "lines": "1,2", "name": "U District Station", "walkingMeters": 104, "walkingSeconds": 75, "band": 5}]}, "geometry": {"type": "Point", "coordinates": [-122.3135071, 47.6595764]}}, {"type": "Feature", "properties": {"id": "23aa42fe-768b-466e-866d-8e547a8f3adc", "name": "Bugis", "category": "restaurant", "tags": ["restaurant", "korean"], "sources": ["overture"], "website": "https://app.cheqplease.com/partner/5689", "phone": "(206) 547-1918", "address": "4241 University Way NE", "stations": [{"stopCode": 47, "lines": "1,2", "name": "U District Station", "walkingMeters": 116, "walkingSeconds": 83, "band": 5}]}, "geometry": {"type": "Point", "coordinates": [-122.3135223, 47.6596031]}}, {"type": "Feature", "properties": {"id": "d504ff5c-a4e6-47d6-bc1a-f91d316300ec", "name": "China First Restaurant Llc", "category": "restaurant", "tags": ["restaurant"], "sources": ["overture"], "address": "4237 University Way NE", "stations": [{"stopCode": 47, "lines": "1,2", "name": "U District Station", "walkingMeters": 154, "walkingSeconds": 111, "band": 5}]}, "geometry": {"type": "Point", "coordinates": [-122.31353, 47.6594429]}}, {"type": "Feature", "properties": {"id": "eb14751c-151c-4423-8248-00dab8168a4d", "name": "Bbq Chicken Uw", "category": "restaurant", "tags": ["restaurant", "chicken"], "sources": ["overture"], "phone": "+12068226338", "address": "4223 University Way NE", "stations": [{"stopCode": 47, "lines": "1,2", "name": "U District Station", "walkingMeters": 194, "walkingSeconds": 145, "band": 5}]}, "geometry": {"type": "Point", "coordinates": [-122.3135452, 47.6590157]}}, {"type": "Feature", "properties": {"id": "0f5155d1-5421-424d-8385-e5d9bf90b545", "name": "Mama's Viet Kitchen", "category": "restaurant", "tags": ["restaurant", "vietnamese"], "sources": ["overture"], "website": "https://mamasvietkitchen.com", "phone": "(206) 545-6992", "address": "4213 University Way NE", "stations": [{"stopCode": 47, "lines": "1,2", "name": "U District Station", "walkingMeters": 236, "walkingSeconds": 170, "band": 5}]}, "geometry": {"type": "Point", "coordinates": [-122.3134537, 47.6587944]}}, {"type": "Feature", "properties": {"id": "041d0015-993f-46a1-b33e-dbe77b6ec866", "name": "Pho Vietnam", "category": "restaurant", "tags": ["restaurant", "vietnamese"], "sources": ["overture"], "website": "http://www.phovietnams.com", "phone": "(206) 547-1709", "address": "4235 University Way NE", "stations": [{"stopCode": 47, "lines": "1,2", "name": "U District Station", "walkingMeters": 239, "walkingSeconds": 172, "band": 5}]}, "geometry": {"type": "Point", "coordinates": [-122.3133698, 47.6587715]}}, {"type": "Feature", "properties": {"id": "83624ad6-bc3f-44db-a490-a14c3ac11d90", "name": "Spice of India", "category": "restaurant", "tags": ["restaurant", "indian"], "sources": ["overture"], "website": "http://www.spiceofindiarestaurantseattle.com", "phone": "(206) 675-0000", "address": "4220 University Way NE", "stations": [{"stopCode": 47, "lines": "1,2", "name": "U District Station", "walkingMeters": 228, "walkingSeconds": 164, "band": 5}]}, "geometry": {"type": "Point", "coordinates": [-122.3132401, 47.6589432]}}, {"type": "Feature", "properties": {"id": "901a6a39-7a8e-4a5b-a8fb-01f469d76f73", "name": "Jai Thai Udub", "category": "restaurant", "tags": ["restaurant", "thai"], "sources": ["overture"], "website": "http://jai-thai-udub.business.site", "phone": "+12065479999", "address": "4214 University Wy NE until A", "stations": [{"stopCode": 47, "lines": "1,2", "name": "U District Station", "walkingMeters": 250, "walkingSeconds": 180, "band": 5}]}, "geometry": {"type": "Point", "coordinates": [-122.3131256, 47.6588058]}}, {"type": "Feature", "properties": {"id": "2fac8386-5c3e-480d-a013-aa6954198521", "name": "Bombay Express", "category": "restaurant", "tags": ["restaurant", "indian"], "sources": ["overture"], "website": "https://bombayexpress.us/", "phone": "+12065322222", "address": "4214 University Wy NE", "stations": [{"stopCode": 47, "lines": "1,2", "name": "U District Station", "walkingMeters": 253, "walkingSeconds": 182, "band": 5}]}, "geometry": {"type": "Point", "coordinates": [-122.3128891, 47.6587639]}}, {"type": "Feature", "properties": {"id": "80087f22-6bbf-4f5a-b8b8-bb18658e0ee8", "name": "Swagat Palace", "category": "restaurant", "tags": ["restaurant", "indian"], "sources": ["overture"], "website": "http://www.swagatpalaceseattle.com", "phone": "(206) 633-9964", "address": "4220 University Way NE", "stations": [{"stopCode": 47, "lines": "1,2", "name": "U District Station", "walkingMeters": 240, "walkingSeconds": 173, "band": 5}]}, "geometry": {"type": "Point", "coordinates": [-122.3129807, 47.6588936]}}, {"type": "Feature", "properties": {"id": "5acbc651-5455-4441-b4e2-0a46faafd769", "name": "Khong & Tran Inc", "category": "restaurant", "tags": ["restaurant"], "sources": ["overture"], "address": "4226 University Way NE", "stations": [{"stopCode": 47, "lines": "1,2", "name": "U District Station", "walkingMeters": 217, "walkingSeconds": 162, "band": 5}]}, "geometry": {"type": "Point", "coordinates": [-122.3130341, 47.6589928]}}, {"type": "Feature", "properties": {"id": "cda58bda-3b6e-43c9-a818-a2efe8f5fd3a", "name": "Thanh Vi", "category": "restaurant", "tags": ["restaurant", "vietnamese"], "sources": ["overture"], "website": "www.thanhvi.net", "phone": "12066337867", "address": "4226 University Way NE", "stations": [{"stopCode": 47, "lines": "1,2", "name": "U District Station", "walkingMeters": 208, "walkingSeconds": 149, "band": 5}]}, "geometry": {"type": "Point", "coordinates": [-122.3130341, 47.6589928]}}, {"type": "Feature", "properties": {"id": "6a2cb773-296c-4f76-9007-71e1624fb5e1", "name": "Sultan Gyros Grill", "category": "restaurant", "tags": ["restaurant", "mediterranean", "middle-eastern"], "sources": ["overture"], "website": "http://foodeist.com/place/sultan-gyro-grill", "phone": "+12066327844", "address": "4222 University Wy NE", "stations": [{"stopCode": 47, "lines": "1,2", "name": "U District Station", "walkingMeters": 229, "walkingSeconds": 165, "band": 5}]}, "geometry": {"type": "Point", "coordinates": [-122.3130569, 47.6590042]}}, {"type": "Feature", "properties": {"id": "bf183f1a-130d-46be-bb11-d86addb93d89", "name": "New China Express", "category": "restaurant", "tags": ["restaurant", "chinese"], "sources": ["overture"], "website": "http://chinaexpresstysons.com/", "phone": "(206) 632-5833", "address": "4232 University Way NE", "stations": [{"stopCode": 47, "lines": "1,2", "name": "U District Station", "walkingMeters": 216, "walkingSeconds": 155, "band": 5}]}, "geometry": {"type": "Point", "coordinates": [-122.3129959, 47.6591263]}}, {"type": "Feature", "properties": {"id": "64f52f86-a9d5-4d7e-af50-05cfc7cc794e", "name": "Pizza Brava", "category": "restaurant", "tags": ["restaurant", "pizza"], "sources": ["overture"], "website": "http://www.pizza-brava.com/", "phone": "(206) 548-9354", "address": "4222 University Way NE", "stations": [{"stopCode": 47, "lines": "1,2", "name": "U District Station", "walkingMeters": 216, "walkingSeconds": 156, "band": 5}]}, "geometry": {"type": "Point", "coordinates": [-122.3130035, 47.6591225]}}, {"type": "Feature", "properties": {"id": "fde4072e-83b3-429b-9328-fecb8d6cc750", "name": "Disaro Fortune Llc Dba Noodle Nation", "category": "restaurant", "tags": ["restaurant"], "sources": ["overture"], "address": "4232 University Way NE", "stations": [{"stopCode": 47, "lines": "1,2", "name": "U District Station", "walkingMeters": 189, "walkingSeconds": 138, "band": 5}]}, "geometry": {"type": "Point", "coordinates": [-122.312973, 47.6592598]}}, {"type": "Feature", "properties": {"id": "38cf7abe-1464-40ff-ad7f-2cad7f0154fa", "name": "Chili's South Indian Restaurant", "category": "restaurant", "tags": ["restaurant", "asian", "pan"], "sources": ["overture"], "website": "http://chilissouthindianrestaurant.com/", "phone": "2066331458", "address": "4220 University Way NE", "stations": [{"stopCode": 47, "lines": "1,2", "name": "U District Station", "walkingMeters": 199, "walkingSeconds": 149, "band": 5}]}, "geometry": {"type": "Point", "coordinates": [-122.3132172, 47.6590691]}}, {"type": "Feature", "properties": {"id": "ec58e667-7f2d-4611-aded-94dcf4154b3f", "name": "Called A Chicken", "category": "restaurant", "tags": ["restaurant", "chicken", "fast-food"], "sources": ["overture"], "phone": "+12065456979", "address": "4237 University Wy NE", "stations": [{"stopCode": 47, "lines": "1,2", "name": "U District Station", "walkingMeters": 150, "walkingSeconds": 112, "band": 5}]}, "geometry": {"type": "Point", "coordinates": [-122.3133392, 47.6594124]}}, {"type": "Feature", "properties": {"id": "777822f7-8685-4cf8-8be4-269da5dcfe13", "name": "A Burger Place", "category": "restaurant", "tags": ["restaurant", "burger"], "sources": ["overture"], "website": "http://ejburger.bite2go.com", "phone": "(206) 547-5096", "address": "4234 University Way NE", "stations": [{"stopCode": 47, "lines": "1,2", "name": "U District Station", "walkingMeters": 163, "walkingSeconds": 122, "band": 5}]}, "geometry": {"type": "Point", "coordinates": [-122.3131638, 47.6593819]}}, {"type": "Feature", "properties": {"id": "1b63e273-a63d-4915-9053-22eb6dc9badd", "name": "Flowers", "category": "bar", "tags": ["bar"], "sources": ["overture"], "website": "http://www.flowerbar.org", "phone": "(206) 633-1903", "address": "4247 University Way NE", "stations": [{"stopCode": 47, "lines": "1,2", "name": "U District Station", "walkingMeters": 128, "walkingSeconds": 92, "band": 5}]}, "geometry": {"type": "Point", "coordinates": [-122.3132858, 47.659771]}}, {"type": "Feature", "properties": {"id": "2d54bab4-6409-4ee6-abac-ae32d2d89b8b", "name": "Noble Palace Seattle", "category": "restaurant", "tags": ["restaurant", "chinese"], "sources": ["overture"], "website": "http://www.cityseekr.com/seattle/restaurants/poi-noble-palace-137625.html", "phone": "(206) 632-7248", "address": "4214 University Way NE Ste A", "stations": [{"stopCode": 47, "lines": "1,2", "name": "U District Station", "walkingMeters": 273, "walkingSeconds": 196, "band": 5}]}, "geometry": {"type": "Point", "coordinates": [-122.3129654, 47.6586609]}}, {"type": "Feature", "properties": {"id": "4e2dbbc4-d3b6-449d-9f6e-f0b4b0153d49", "name": "Shalimar Restaurant", "category": "restaurant", "tags": ["restaurant", "pakistani"], "sources": ["overture"], "website": "http://www.eatatshalimar.com", "phone": "(206) 633-3854", "address": "4214 University Way NE", "stations": [{"stopCode": 47, "lines": "1,2", "name": "U District Station", "walkingMeters": 261, "walkingSeconds": 188, "band": 5}]}, "geometry": {"type": "Point", "coordinates": [-122.3132248, 47.6586418]}}, {"type": "Feature", "properties": {"id": "b3e91836-5133-40b1-b210-45af0084211b", "name": "Orange King", "category": "restaurant", "tags": ["restaurant", "burger"], "sources": ["overture"], "website": "http://www.orangeking.bite2go.com", "phone": "(206) 632-1331", "address": "1411 NE 42nd St", "stations": [{"stopCode": 47, "lines": "1,2", "name": "U District Station", "walkingMeters": 322, "walkingSeconds": 232, "band": 5}]}, "geometry": {"type": "Point", "coordinates": [-122.3130188, 47.6581535]}}, {"type": "Feature", "properties": {"id": "104d669c-a1cb-421a-855b-34e3a09538a1", "name": "Burger and Kabob Hut", "category": "restaurant", "tags": ["restaurant", "burger", "american"], "sources": ["overture"], "website": "http://www.burgerandkabobhut.com/", "phone": "+12066320324", "address": "4142 University Wy NE", "stations": [{"stopCode": 47, "lines": "1,2", "name": "U District Station", "walkingMeters": 336, "walkingSeconds": 251, "band": 5}]}, "geometry": {"type": "Point", "coordinates": [-122.3131332, 47.6580772]}}, {"type": "Feature", "properties": {"id": "0746d35e-104d-469a-ab49-ccfc7a8ea70d", "name": "Aladdin Gyro-Cery", "category": "restaurant", "tags": ["restaurant", "mediterranean", "middle-eastern"], "sources": ["overture"], "website": "http://www.pakistanseattle.com/", "phone": "+12066325253", "address": "4139 University Wy NE", "stations": [{"stopCode": 47, "lines": "1,2", "name": "U District Station", "walkingMeters": 344, "walkingSeconds": 257, "band": 5}]}, "geometry": {"type": "Point", "coordinates": [-122.3133316, 47.6579857]}}, {"type": "Feature", "properties": {"id": "e38424e2-c0ae-4193-b7b9-b3c72c313b29", "name": "U DupBop Asian Fusion", "category": "restaurant", "tags": ["restaurant", "asian"], "sources": ["overture"], "website": "https://udupbop.dine.online", "phone": "+12066104097", "address": "4124 University Wy NE", "stations": [{"stopCode": 47, "lines": "1,2", "name": "U District Station", "walkingMeters": 390, "walkingSeconds": 281, "band": 5}]}, "geometry": {"type": "Point", "coordinates": [-122.3130569, 47.657547]}}, {"type": "Feature", "properties": {"id": "031f7fa6-5a34-4ce1-aac2-e1010f577001", "name": "City Grind Espresso", "category": "cafe", "tags": ["cafe", "coffee"], "sources": ["overture"], "website": "http://citygrindespresso.com/", "phone": "+12065528042", "address": "4100 15th Ave NE", "stations": [{"stopCode": 47, "lines": "1,2", "name": "U District Station", "walkingMeters": 622, "walkingSeconds": 447, "band": 10}, {"stopCode": 48, "lines": "1,2", "name": "University of Washington Station", "walkingMeters": 1180, "walkingSeconds": 849, "band": 15}]}, "geometry": {"type": "Point", "coordinates": [-122.3119125, 47.6563148]}}, {"type": "Feature", "properties": {"id": "dab9b9d1-d26f-4084-9d6f-e29eb97645a4", "name": "Tango Restaurant, Inc", "category": "restaurant", "tags": ["restaurant"], "sources": ["overture"], "website": "tangorestaurant.com", "address": "1303 NE Boat St", "stations": [{"stopCode": 48, "lines": "1,2", "name": "University of Washington Station", "walkingMeters": 1034, "walkingSeconds": 772, "band": 15}, {"stopCode": 47, "lines": "1,2", "name": "U District Station", "walkingMeters": 1349, "walkingSeconds": 1007, "band": 15}]}, "geometry": {"type": "Point", "coordinates": [-122.3142471, 47.6509705]}}, {"type": "Feature", "properties": {"id": "1b64abd0-b7bd-422d-b095-1a68aaa20a90", "name": "Pike Street Restaurant Group Inc", "category": "restaurant", "tags": ["restaurant"], "sources": ["overture"], "website": "pikestreethg.com", "address": "1303 NE Boat St", "stations": [{"stopCode": 48, "lines": "1,2", "name": "University of Washington Station", "walkingMeters": 1034, "walkingSeconds": 772, "band": 15}, {"stopCode": 47, "lines": "1,2", "name": "U District Station", "walkingMeters": 1349, "walkingSeconds": 1007, "band": 15}]}, "geometry": {"type": "Point", "coordinates": [-122.3142471, 47.6509705]}}, {"type": "Feature", "properties": {"id": "5335abb5-35f5-4f8a-8e4a-c02100022518", "name": "Saint Bread", "category": "bakery", "tags": ["bakery"], "sources": ["overture"], "website": "https://www.saintbread.com", "phone": "+12065665195", "address": "1421 NE Boat St", "stations": [{"stopCode": 48, "lines": "1,2", "name": "University of Washington Station", "walkingMeters": 922, "walkingSeconds": 663, "band": 15}, {"stopCode": 47, "lines": "1,2", "name": "U District Station", "walkingMeters": 1173, "walkingSeconds": 844, "band": 15}]}, "geometry": {"type": "Point", "coordinates": [-122.3129196, 47.6505165]}}, {"type": "Feature", "properties": {"id": "18836a0c-424f-4c45-9536-fd651c27b7af", "name": "Boat Street Cafe", "category": "restaurant", "tags": ["restaurant"], "sources": ["overture"], "website": "http://www.boatstreetcafe.com", "phone": "(206) 632-4602", "address": "909 NE Boat St # 98105-6603", "stations": [{"stopCode": 47, "lines": "1,2", "name": "U District Station", "walkingMeters": 1016, "walkingSeconds": 731, "band": 10}]}, "geometry": {"type": "Point", "coordinates": [-122.3188553, 47.6539841]}}, {"type": "Feature", "properties": {"id": 2672133030, "name": "Stronghold", "category": "artwork", "tags": ["artwork"], "sources": ["osm"], "stations": [{"stopCode": 48, "lines": "1,2", "name": "University of Washington Station", "walkingMeters": 832, "walkingSeconds": 600, "band": 10}, {"stopCode": 47, "lines": "1,2", "name": "U District Station", "walkingMeters": 986, "walkingSeconds": 712, "band": 10}]}, "geometry": {"type": "Point", "coordinates": [-122.3122347, 47.6523267]}}, {"type": "Feature", "properties": {"id": 2672133037, "name": "Everything That Rises", "category": "artwork", "tags": ["artwork"], "sources": ["osm"], "stations": [{"stopCode": 48, "lines": "1,2", "name": "University of Washington Station", "walkingMeters": 830, "walkingSeconds": 597, "band": 10}, {"stopCode": 47, "lines": "1,2", "name": "U District Station", "walkingMeters": 1039, "walkingSeconds": 748, "band": 10}]}, "geometry": {"type": "Point", "coordinates": [-122.3108784, 47.653361]}}, {"type": "Feature", "properties": {"id": 2672133045, "name": "George Washington", "category": "artwork", "tags": ["artwork"], "sources": ["osm"], "stations": [{"stopCode": 47, "lines": "1,2", "name": "U District Station", "walkingMeters": 679, "walkingSeconds": 488, "band": 10}, {"stopCode": 48, "lines": "1,2", "name": "University of Washington Station", "walkingMeters": 1069, "walkingSeconds": 769, "band": 15}]}, "geometry": {"type": "Point", "coordinates": [-122.3111513, 47.6560625]}}, {"type": "Feature", "properties": {"id": 2672133049, "name": "9 Spaces 9 Trees", "category": "artwork", "tags": ["artwork"], "sources": ["osm"], "stations": [{"stopCode": 47, "lines": "1,2", "name": "U District Station", "walkingMeters": 646, "walkingSeconds": 464, "band": 10}, {"stopCode": 48, "lines": "1,2", "name": "University of Washington Station", "walkingMeters": 1113, "walkingSeconds": 801, "band": 15}]}, "geometry": {"type": "Point", "coordinates": [-122.311095, 47.6564491]}}, {"type": "Feature", "properties": {"id": 2673276466, "name": "Department of Forensic Morphology Annex", "category": "artwork", "tags": ["artwork", "wheelchair-accessible"], "sources": ["osm"], "stations": [{"stopCode": 47, "lines": "1,2", "name": "U District Station", "walkingMeters": 482, "walkingSeconds": 346, "band": 10}]}, "geometry": {"type": "Point", "coordinates": [-122.310351, 47.6585913]}}, {"type": "Feature", "properties": {"id": 2677761014, "name": "Dancer with Flat Hat", "category": "artwork", "tags": ["artwork"], "sources": ["osm"], "stations": [{"stopCode": 47, "lines": "1,2", "name": "U District Station", "walkingMeters": 580, "walkingSeconds": 418, "band": 10}, {"stopCode": 48, "lines": "1,2", "name": "University of Washington Station", "walkingMeters": 1168, "walkingSeconds": 840, "band": 15}]}, "geometry": {"type": "Point", "coordinates": [-122.3124039, 47.6563301]}}, {"type": "Feature", "properties": {"id": 2679399672, "name": "The Wall of Death", "category": "artwork", "tags": ["artwork", "attraction", "landmark", "historical", "building"], "sources": ["osm", "overture"], "website": "http://www.cityseekr.com/seattle/tourist-attractions-sightseeing/poi-the-wall-of-death-935176.html", "stations": [{"stopCode": 47, "lines": "1,2", "name": "U District Station", "walkingMeters": 781, "walkingSeconds": 564, "band": 10}]}, "geometry": {"type": "Point", "coordinates": [-122.3185405, 47.6551982]}}, {"type": "Feature", "properties": {"id": 4702129243, "name": "Untitled", "category": "artwork", "tags": ["artwork"], "sources": ["osm"], "stations": [{"stopCode": 47, "lines": "1,2", "name": "U District Station", "walkingMeters": 797, "walkingSeconds": 574, "band": 10}, {"stopCode": 48, "lines": "1,2", "name": "University of Washington Station", "walkingMeters": 1051, "walkingSeconds": 755, "band": 15}]}, "geometry": {"type": "Point", "coordinates": [-122.3147434, 47.6533466]}}, {"type": "Feature", "properties": {"id": 4704281839, "name": "UW Sundial", "category": "artwork", "tags": ["artwork"], "sources": ["osm"], "stations": [{"stopCode": 48, "lines": "1,2", "name": "University of Washington Station", "walkingMeters": 754, "walkingSeconds": 543, "band": 10}, {"stopCode": 47, "lines": "1,2", "name": "U District Station", "walkingMeters": 982, "walkingSeconds": 707, "band": 15}]}, "geometry": {"type": "Point", "coordinates": [-122.3113282, 47.6527176]}}, {"type": "Feature", "properties": {"id": 5497812393, "name": "Breaking Away", "category": "artwork", "tags": ["artwork"], "sources": ["osm"], "stations": [{"stopCode": 47, "lines": "1,2", "name": "U District Station", "walkingMeters": 854, "walkingSeconds": 614, "band": 10}, {"stopCode": 48, "lines": "1,2", "name": "University of Washington Station", "walkingMeters": 978, "walkingSeconds": 704, "band": 15}]}, "geometry": {"type": "Point", "coordinates": [-122.310011, 47.6551286]}}, {"type": "Feature", "properties": {"id": 7792670559, "name": "Bench for Meditation", "category": "artwork", "tags": ["artwork"], "sources": ["osm"], "stations": [{"stopCode": 47, "lines": "1,2", "name": "U District Station", "walkingMeters": 520, "walkingSeconds": 374, "band": 10}]}, "geometry": {"type": "Point", "coordinates": [-122.3123397, 47.6569193]}}, {"type": "Feature", "properties": {"id": 7792670560, "name": "Time Frame", "category": "artwork", "tags": ["artwork"], "sources": ["osm"], "stations": [{"stopCode": 47, "lines": "1,2", "name": "U District Station", "walkingMeters": 465, "walkingSeconds": 335, "band": 5}]}, "geometry": {"type": "Point", "coordinates": [-122.3123378, 47.6574791]}}, {"type": "Feature", "properties": {"id": 8439909811, "name": "The Seated IV", "category": "artwork", "tags": ["artwork"], "sources": ["osm"], "stations": [{"stopCode": 47, "lines": "1,2", "name": "U District Station", "walkingMeters": 764, "walkingSeconds": 552, "band": 10}, {"stopCode": 48, "lines": "1,2", "name": "University of Washington Station", "walkingMeters": 1049, "walkingSeconds": 755, "band": 15}]}, "geometry": {"type": "Point", "coordinates": [-122.311438, 47.6550894]}}, {"type": "Feature", "properties": {"id": 8660653293, "name": "Stairway to Nowhere", "category": "artwork", "tags": ["artwork"], "sources": ["osm"], "stations": [{"stopCode": 47, "lines": "1,2", "name": "U District Station", "walkingMeters": 798, "walkingSeconds": 576, "band": 10}, {"stopCode": 48, "lines": "1,2", "name": "University of Washington Station", "walkingMeters": 1015, "walkingSeconds": 731, "band": 15}]}, "geometry": {"type": "Point", "coordinates": [-122.3110625, 47.654874]}}, {"type": "Feature", "properties": {"id": 9454489643, "name": "Explorer Voyage", "category": "artwork", "tags": ["artwork"], "sources": ["osm"], "stations": [{"stopCode": 47, "lines": "1,2", "name": "U District Station", "walkingMeters": 458, "walkingSeconds": 329, "band": 5}]}, "geometry": {"type": "Point", "coordinates": [-122.3189865, 47.6593375]}}, {"type": "Feature", "properties": {"id": 12133167484, "name": "Husky Playtime", "category": "artwork", "tags": ["artwork"], "sources": ["osm"], "website": "https://napierbronze.com/sculpture-gallery/by-land/husky-playtime-at-the-watertown-hotel-2/", "stations": [{"stopCode": 47, "lines": "1,2", "name": "U District Station", "walkingMeters": 341, "walkingSeconds": 245, "band": 5}]}, "geometry": {"type": "Point", "coordinates": [-122.3176056, 47.6594951]}}, {"type": "Feature", "properties": {"id": 54029687, "name": "Henry Art Gallery", "category": "museum", "tags": ["museum"], "sources": ["osm"], "website": "https://www.henryart.org/", "phone": "+1-206-543-2280", "address": "4100 15th Avenue Northeast", "hours": "We-Su 11:00-16:00; Th 11:00-21:00", "stations": [{"stopCode": 47, "lines": "1,2", "name": "U District Station", "walkingMeters": 590, "walkingSeconds": 424, "band": 10}, {"stopCode": 48, "lines": "1,2", "name": "University of Washington Station", "walkingMeters": 1212, "walkingSeconds": 872, "band": 15}]}, "geometry": {"type": "Point", "coordinates": [-122.3117369, 47.6565186]}}, {"type": "Feature", "properties": {"id": 935340655, "name": "K-Cut", "category": "artwork", "tags": ["artwork"], "sources": ["osm"], "stations": [{"stopCode": 48, "lines": "1,2", "name": "University of Washington Station", "walkingMeters": 866, "walkingSeconds": 622, "band": 10}, {"stopCode": 47, "lines": "1,2", "name": "U District Station", "walkingMeters": 1157, "walkingSeconds": 832, "band": 15}]}, "geometry": {"type": "Point", "coordinates": [-122.3119803, 47.6510124]}}, {"type": "Feature", "properties": {"id": "11b154be-2ac9-4c1a-b082-c1fa12c11070", "name": "Sadako and the Thousand Paper Cranes", "category": "gallery", "tags": ["gallery", "art"], "sources": ["overture"], "website": "http://www.seattle.gov/arts/", "phone": "(206) 684-7171", "address": "NE 40th St & NE Pacific St", "stations": [{"stopCode": 47, "lines": "1,2", "name": "U District Station", "walkingMeters": 820, "walkingSeconds": 590, "band": 10}]}, "geometry": {"type": "Point", "coordinates": [-122.3187408, 47.6556015]}}, {"type": "Feature", "properties": {"id": "fbae3e3f-df5e-4048-be5b-3001df55f83f", "name": "Lavita Apartments", "category": "attraction", "tags": ["attraction", "landmark", "historical", "building"], "sources": ["overture"], "website": "http://www.lavitaapartments.com/", "phone": "+12068803681", "address": "4055 8th Ave NE", "stations": [{"stopCode": 47, "lines": "1,2", "name": "U District Station", "walkingMeters": 758, "walkingSeconds": 546, "band": 10}]}, "geometry": {"type": "Point", "coordinates": [-122.3199768, 47.6571999]}}, {"type": "Feature", "properties": {"id": "b544c885-275b-4c2c-835f-7a5300278726", "name": "Kelsey Apartments", "category": "attraction", "tags": ["attraction", "landmark", "historical", "building"], "sources": ["overture"], "website": "http://www.uwapartments.net", "phone": "+12065231219", "address": "4233 9th Ave NE", "stations": [{"stopCode": 47, "lines": "1,2", "name": "U District Station", "walkingMeters": 526, "walkingSeconds": 393, "band": 10}]}, "geometry": {"type": "Point", "coordinates": [-122.3189545, 47.6586609]}}, {"type": "Feature", "properties": {"id": "717cecfc-d6f6-4d3d-927b-f87c744b1288", "name": "Kelly Anne Apartments", "category": "attraction", "tags": ["attraction", "landmark", "historical", "building"], "sources": ["overture"], "phone": "+12068336465", "address": "816 NE 43rd St", "stations": [{"stopCode": 47, "lines": "1,2", "name": "U District Station", "walkingMeters": 493, "walkingSeconds": 368, "band": 5}]}, "geometry": {"type": "Point", "coordinates": [-122.3190842, 47.6595955]}}, {"type": "Feature", "properties": {"id": "a18f8d66-d111-4e78-b79c-4279f0ac2d65", "name": "The Accolade", "category": "attraction", "tags": ["attraction", "landmark", "historical", "building"], "sources": ["overture"], "website": "https://theaccoladeudistrict.com/", "phone": "+12064450263", "address": "4126 12th Ave NE", "stations": [{"stopCode": 47, "lines": "1,2", "name": "U District Station", "walkingMeters": 537, "walkingSeconds": 386, "band": 5}]}, "geometry": {"type": "Point", "coordinates": [-122.3154221, 47.6576576]}}, {"type": "Feature", "properties": {"id": "fe84fb21-6b8b-48b3-823c-bd5743a6b397", "name": "DXU Apartments", "category": "attraction", "tags": ["attraction", "landmark", "historical", "building"], "sources": ["overture"], "website": "https://dxudistrict.com/", "phone": "+12063138881", "address": "4230 11th Ave NE", "stations": [{"stopCode": 47, "lines": "1,2", "name": "U District Station", "walkingMeters": 287, "walkingSeconds": 206, "band": 5}]}, "geometry": {"type": "Point", "coordinates": [-122.3164749, 47.6592789]}}, {"type": "Feature", "properties": {"id": "e3913982-8540-4a06-9b71-6c95538c6315", "name": "Augusta Apartments", "category": "attraction", "tags": ["attraction", "landmark", "historical", "building"], "sources": ["overture"], "website": "https://www.bozzuto.com/apartments-for-rent/wa/seattle/augusta-apartments?utm_source=SocialMedia&utm_medium=social-media&utm_campaign=AugustaApartments_Facebook", "phone": "+12065573589", "address": "4041 Roosevelt Way NE", "stations": [{"stopCode": 47, "lines": "1,2", "name": "U District Station", "walkingMeters": 707, "walkingSeconds": 508, "band": 10}]}, "geometry": {"type": "Point", "coordinates": [-122.3183365, 47.6565781]}}, {"type": "Feature", "properties": {"id": "fd34a371-29e6-46a6-a76f-a01f041a35cb", "name": "Cedar Apartments (UW HFS)", "category": "attraction", "tags": ["attraction", "landmark", "historical", "building"], "sources": ["overture"], "website": "http://www.hfs.washington.edu/", "phone": "+12065434059", "address": "1128 NE 41st St", "stations": [{"stopCode": 47, "lines": "1,2", "name": "U District Station", "walkingMeters": 506, "walkingSeconds": 364, "band": 5}]}, "geometry": {"type": "Point", "coordinates": [-122.3161011, 47.6569748]}}, {"type": "Feature", "properties": {"id": "121ce32d-72c3-4ec5-a539-04f6a36e002b", "name": "La Paz", "category": "attraction", "tags": ["attraction", "landmark", "historical", "building"], "sources": ["overture"], "phone": "+50255978200", "address": "La Paz Apartments, 1404 NE 42nd St", "stations": [{"stopCode": 47, "lines": "1,2", "name": "U District Station", "walkingMeters": 300, "walkingSeconds": 224, "band": 5}]}, "geometry": {"type": "Point", "coordinates": [-122.3128738, 47.6584053]}}, {"type": "Feature", "properties": {"id": "358d23d6-cee5-4a7c-819f-362c2fc4916e", "name": "Burke Museum Herbarium", "category": "museum", "tags": ["museum", "science"], "sources": ["overture"], "website": "http://uw.edu/150", "address": "Hitchcock Hall", "stations": [{"stopCode": 48, "lines": "1,2", "name": "University of Washington Station", "walkingMeters": 690, "walkingSeconds": 496, "band": 10}, {"stopCode": 47, "lines": "1,2", "name": "U District Station", "walkingMeters": 1079, "walkingSeconds": 776, "band": 15}]}, "geometry": {"type": "Point", "coordinates": [-122.3107986, 47.6519089]}}, {"type": "Feature", "properties": {"id": "2c8dfb24-5eca-4f58-a268-1cb101c2257e", "name": "UW Stevens Court Apartments", "category": "attraction", "tags": ["attraction", "landmark", "historical", "building"], "sources": ["overture"], "website": "http://www.hfs.washington.edu/", "phone": "+12065434059", "address": "3801 Brooklyn Ave NE", "stations": [{"stopCode": 47, "lines": "1,2", "name": "U District Station", "walkingMeters": 797, "walkingSeconds": 573, "band": 10}, {"stopCode": 48, "lines": "1,2", "name": "University of Washington Station", "walkingMeters": 1142, "walkingSeconds": 821, "band": 15}]}, "geometry": {"type": "Point", "coordinates": [-122.3159485, 47.6542168]}}, {"type": "Feature", "properties": {"id": "d9aaff1f-a53c-4d45-8392-3a50600a1cef", "name": "Mercer Court", "category": "attraction", "tags": ["attraction", "landmark", "historical", "building"], "sources": ["overture"], "phone": "+12065434059", "address": "3925 Adams Ln NE", "stations": [{"stopCode": 47, "lines": "1,2", "name": "U District Station", "walkingMeters": 863, "walkingSeconds": 644, "band": 10}]}, "geometry": {"type": "Point", "coordinates": [-122.3174438, 47.6547623]}}, {"type": "Feature", "properties": {"id": "0930b9b0-647e-45e3-ac53-4a6e9cdc1ae9", "name": "The Green Chair Project", "category": "gallery", "tags": ["gallery", "art"], "sources": ["overture"], "website": "https://thegreenchairproject.wordpress.com", "phone": "+15035800629", "address": "1001 NE Boat St", "stations": [{"stopCode": 47, "lines": "1,2", "name": "U District Station", "walkingMeters": 1050, "walkingSeconds": 784, "band": 15}]}, "geometry": {"type": "Point", "coordinates": [-122.3181305, 47.653553]}}, {"type": "Feature", "properties": {"id": 7027086157, "name": "Tikvah's Garden", "category": "garden", "tags": ["garden"], "sources": ["osm"], "stations": [{"stopCode": 47, "lines": "1,2", "name": "U District Station", "walkingMeters": 922, "walkingSeconds": 664, "band": 10}, {"stopCode": 48, "lines": "1,2", "name": "University of Washington Station", "walkingMeters": 1154, "walkingSeconds": 829, "band": 15}]}, "geometry": {"type": "Point", "coordinates": [-122.3156884, 47.6529203]}}, {"type": "Feature", "properties": {"id": 10828142593, "name": "Desert", "category": "garden", "tags": ["garden"], "sources": ["osm"], "stations": [{"stopCode": 48, "lines": "1,2", "name": "University of Washington Station", "walkingMeters": 642, "walkingSeconds": 461, "band": 10}, {"stopCode": 47, "lines": "1,2", "name": "U District Station", "walkingMeters": 1085, "walkingSeconds": 781, "band": 15}]}, "geometry": {"type": "Point", "coordinates": [-122.3101038, 47.6521048]}}, {"type": "Feature", "properties": {"id": 49668026, "name": "Peace Park", "category": "park", "tags": ["park"], "sources": ["osm", "overture"], "website": "http://www.cityofseattle.net/parks/parkspaces/PeacePark.htm", "phone": "+12066844075", "address": "851 NE 40th St", "stations": [{"stopCode": 47, "lines": "1,2", "name": "U District Station", "walkingMeters": 897, "walkingSeconds": 645, "band": 10}]}, "geometry": {"type": "Point", "coordinates": [-122.3195768, 47.6556509]}}, {"type": "Feature", "properties": {"id": 50786465, "name": "Christie Park", "category": "park", "tags": ["park"], "sources": ["osm", "overture"], "website": "http://seattle.gov/parks/park_detail.asp?ID=595", "phone": "+12066844075", "address": "817 NE 43rd St", "hours": "04:00-23:30", "stations": [{"stopCode": 47, "lines": "1,2", "name": "U District Station", "walkingMeters": 467, "walkingSeconds": 336, "band": 5}]}, "geometry": {"type": "Point", "coordinates": [-122.3190814, 47.6592513]}}, {"type": "Feature", "properties": {"id": 53533391, "name": "Sakuma Viewpoint", "category": "park", "tags": ["park", "asian", "sushi"], "sources": ["osm", "overture"], "website": "http://sakumaviewpoint1.placeweb.site", "address": "Sakuma Viewpoint", "stations": [{"stopCode": 47, "lines": "1,2", "name": "U District Station", "walkingMeters": 1015, "walkingSeconds": 733, "band": 10}, {"stopCode": 48, "lines": "1,2", "name": "University of Washington Station", "walkingMeters": 1091, "walkingSeconds": 786, "band": 15}]}, "geometry": {"type": "Point", "coordinates": [-122.3148848, 47.6516726]}}, {"type": "Feature", "properties": {"id": 253553527, "name": "Parrington Lawn", "category": "park", "tags": ["park"], "sources": ["osm"], "stations": [{"stopCode": 47, "lines": "1,2", "name": "U District Station", "walkingMeters": 478, "walkingSeconds": 344, "band": 10}]}, "geometry": {"type": "Point", "coordinates": [-122.3108468, 47.6581284]}}, {"type": "Feature", "properties": {"id": 296114452, "name": "Fritz Hedges Waterway Park", "category": "park", "tags": ["park"], "sources": ["osm", "overture"], "website": "https://www.seattle.gov", "phone": "12066844075", "address": "1117 NE Boat St", "stations": [{"stopCode": 47, "lines": "1,2", "name": "U District Station", "walkingMeters": 1028, "walkingSeconds": 740, "band": 10}, {"stopCode": 48, "lines": "1,2", "name": "University of Washington Station", "walkingMeters": 1178, "walkingSeconds": 847, "band": 15}]}, "geometry": {"type": "Point", "coordinates": [-122.3161619, 47.6522827]}}, {"type": "Feature", "properties": {"id": 1096230137, "name": "Portage Bay Vista", "category": "park", "tags": ["park"], "sources": ["osm"], "stations": [{"stopCode": 48, "lines": "1,2", "name": "University of Washington Station", "walkingMeters": 861, "walkingSeconds": 619, "band": 10}, {"stopCode": 47, "lines": "1,2", "name": "U District Station", "walkingMeters": 1043, "walkingSeconds": 751, "band": 15}]}, "geometry": {"type": "Point", "coordinates": [-122.3124295, 47.6518681]}}, {"type": "Feature", "properties": {"id": "ab0ecf23-9504-49ab-aab3-4eebd1b551e9", "name": "Statue of George Washington", "category": "park", "tags": ["park"], "sources": ["overture"], "stations": [{"stopCode": 47, "lines": "1,2", "name": "U District Station", "walkingMeters": 677, "walkingSeconds": 505, "band": 10}, {"stopCode": 48, "lines": "1,2", "name": "University of Washington Station", "walkingMeters": 1155, "walkingSeconds": 862, "band": 15}]}, "geometry": {"type": "Point", "coordinates": [-122.3111496, 47.6560707]}}, {"type": "Feature", "properties": {"id": 2464036010, "name": "College Inn", "category": "hotel", "tags": ["hotel", "wifi"], "sources": ["osm"], "website": "https://www.collegeinnseattle.com/", "phone": "+1-206-633-4441", "address": "4000 University Way Northeast", "stations": [{"stopCode": 47, "lines": "1,2", "name": "U District Station", "walkingMeters": 632, "walkingSeconds": 455, "band": 10}, {"stopCode": 48, "lines": "1,2", "name": "University of Washington Station", "walkingMeters": 1146, "walkingSeconds": 824, "band": 15}]}, "geometry": {"type": "Point", "coordinates": [-122.3130695, 47.6554515]}}, {"type": "Feature", "properties": {"id": 223357551, "name": "University Inn", "category": "hotel", "tags": ["hotel"], "sources": ["osm", "overture"], "website": "http://Staypineapple.com/university-inn-seattle-wa", "phone": "+12066325055", "address": "4140 Roosevelt Way NE", "stations": [{"stopCode": 47, "lines": "1,2", "name": "U District Station", "walkingMeters": 563, "walkingSeconds": 405, "band": 5}]}, "geometry": {"type": "Point", "coordinates": [-122.3175228, 47.6577597]}}, {"type": "Feature", "properties": {"id": 223363048, "name": "Watertown Hotel", "category": "hotel", "tags": ["hotel"], "sources": ["osm", "overture"], "website": "https://www.staypineapple.com/watertown-hotel-seattle-wa", "phone": "+12068264242", "address": "4242 Roosevelt Way NE", "stations": [{"stopCode": 47, "lines": "1,2", "name": "U District Station", "walkingMeters": 344, "walkingSeconds": 247, "band": 5}]}, "geometry": {"type": "Point", "coordinates": [-122.3174456, 47.659555]}}, {"type": "Feature", "properties": {"id": "175b2d6e-f533-4db8-8905-5d779721c7a3", "name": "College Inn Hotel", "category": "hotel", "tags": ["hotel"], "sources": ["overture"], "website": "http://Collegeinnpub.com/", "phone": "+12066334441", "address": "4000 University Wy NE", "stations": [{"stopCode": 47, "lines": "1,2", "name": "U District Station", "walkingMeters": 640, "walkingSeconds": 460, "band": 10}, {"stopCode": 48, "lines": "1,2", "name": "University of Washington Station", "walkingMeters": 1154, "walkingSeconds": 830, "band": 15}]}, "geometry": {"type": "Point", "coordinates": [-122.3129654, 47.6554337]}}, {"type": "Feature", "properties": {"id": "327b26d6-508b-4c33-9a16-e5e3a351b6ba", "name": "7-ELEVEN", "category": "convenience", "tags": ["convenience"], "sources": ["overture"], "website": "https://www.7-eleven.com/", "phone": "2066320722", "address": "4224 University Way NE", "stations": [{"stopCode": 47, "lines": "1,2", "name": "U District Station", "walkingMeters": 210, "walkingSeconds": 151, "band": 5}]}, "geometry": {"type": "Point", "coordinates": [-122.3128738, 47.6591034]}}, {"type": "Feature", "properties": {"id": 1411672075, "name": "Ave Mart", "category": "convenience", "tags": ["convenience"], "sources": ["osm"], "address": "4203 University Way Northeast", "hours": "Mo-Sa 08:00-24:00; Su 08:00-23:00", "stations": [{"stopCode": 47, "lines": "1,2", "name": "U District Station", "walkingMeters": 268, "walkingSeconds": 192, "band": 5}]}, "geometry": {"type": "Point", "coordinates": [-122.3133686, 47.6585163]}}, {"type": "Feature", "properties": {"id": 1411677823, "name": "24 Hr Market", "category": "convenience", "tags": ["convenience"], "sources": ["osm"], "address": "4247 University Way Northeast", "stations": [{"stopCode": 47, "lines": "1,2", "name": "U District Station", "walkingMeters": 137, "walkingSeconds": 99, "band": 5}]}, "geometry": {"type": "Point", "coordinates": [-122.3133438, 47.6596899]}}, {"type": "Feature", "properties": {"id": 1411679973, "name": "Sam's Smokes", "category": "tobacco", "tags": ["tobacco"], "sources": ["osm"], "phone": "+1 206-547-5344", "address": "4239 University Way Northeast", "hours": "Mo-Th 10:00-21:00; Fr, Sa 10:00-22:00; Su 10:00-16:00", "stations": [{"stopCode": 47, "lines": "1,2", "name": "U District Station", "walkingMeters": 162, "walkingSeconds": 116, "band": 5}]}, "geometry": {"type": "Point", "coordinates": [-122.3133211, 47.6594675]}}, {"type": "Feature", "properties": {"id": 1888703372, "name": "Magus Books", "category": "books", "tags": ["books", "second-hand"], "sources": ["osm", "overture"], "website": "http://www.magusbooksseattle.com/", "phone": "+12066331800", "address": "1408 NE 42nd St", "hours": "Su-Th 10:00-20:00; Fr-Sa 10:00-22:00", "stations": [{"stopCode": 47, "lines": "1,2", "name": "U District Station", "walkingMeters": 321, "walkingSeconds": 231, "band": 5}]}, "geometry": {"type": "Point", "coordinates": [-122.3127804, 47.6584244]}}, {"type": "Feature", "properties": {"id": 2322647957, "name": "H Mart", "category": "supermarket", "tags": ["supermarket", "asian"], "sources": ["osm"], "phone": "+1-206-547-0767", "address": "4216 University Way Northeast", "hours": "Mo-Fr 08:00-21:30; Sa 09:00-21:30; Su 09:00-21:00", "stations": [{"stopCode": 47, "lines": "1,2", "name": "U District Station", "walkingMeters": 240, "walkingSeconds": 172, "band": 5}]}, "geometry": {"type": "Point", "coordinates": [-122.313035, 47.6588997]}}, {"type": "Feature", "properties": {"id": 2323790009, "name": "The Wooly Mammoth", "category": "shoes", "tags": ["shoes", "wheelchair-accessible"], "sources": ["osm"], "address": "4303 University Way Northeast", "hours": "Mo 11:30-17:00; Tu-Su 11:00-18:00", "stations": [{"stopCode": 47, "lines": "1,2", "name": "U District Station", "walkingMeters": 130, "walkingSeconds": 94, "band": 5}]}, "geometry": {"type": "Point", "coordinates": [-122.3133405, 47.659968]}}, {"type": "Feature", "properties": {"id": 2464035784, "name": "Crossroads Trading Company", "category": "clothes", "tags": ["clothes", "second-hand"], "sources": ["osm"], "address": "1312 Northeast 43rd Street", "stations": [{"stopCode": 47, "lines": "1,2", "name": "U District Station", "walkingMeters": 90, "walkingSeconds": 64, "band": 5}]}, "geometry": {"type": "Point", "coordinates": [-122.3136632, 47.6599144]}}, {"type": "Feature", "properties": {"id": 4631648726, "name": "District Market", "category": "supermarket", "tags": ["supermarket", "wheelchair-accessible"], "sources": ["osm"], "address": "1315 Northeast Campus Parkway", "hours": "Mo-Fr 07:00-20:00; Sa-Su 09:00-20:00", "stations": [{"stopCode": 47, "lines": "1,2", "name": "U District Station", "walkingMeters": 567, "walkingSeconds": 408, "band": 10}, {"stopCode": 48, "lines": "1,2", "name": "University of Washington Station", "walkingMeters": 1190, "walkingSeconds": 856, "band": 15}]}, "geometry": {"type": "Point", "coordinates": [-122.313542, 47.6558026]}}, {"type": "Feature", "properties": {"id": 5080253021, "name": "Gallery Marine", "category": "outdoor", "tags": ["outdoor"], "sources": ["osm"], "stations": [{"stopCode": 47, "lines": "1,2", "name": "U District Station", "walkingMeters": 1036, "walkingSeconds": 746, "band": 10}]}, "geometry": {"type": "Point", "coordinates": [-122.3198898, 47.6543026]}}, {"type": "Feature", "properties": {"id": 5908517117, "name": "Crossroads Trading", "category": "clothes", "tags": ["clothes", "second-hand"], "sources": ["osm", "overture"], "website": "https://crossroadstrading.com/location/seattle-university-way-ne/", "phone": "+12066323111", "address": "4300 University Wy NE", "hours": "Mo-Sa 11:00-20:00; Su 11:00-19:00", "stations": [{"stopCode": 47, "lines": "1,2", "name": "U District Station", "walkingMeters": 142, "walkingSeconds": 102, "band": 5}]}, "geometry": {"type": "Point", "coordinates": [-122.3129987, 47.6599368]}}, {"type": "Feature", "properties": {"id": 8291669992, "name": "Trinity Market", "category": "convenience", "tags": ["convenience", "deli", "delicatessen"], "sources": ["osm", "overture"], "website": "http://www.cityseekr.com/seattle/shopping/poi-trinity-market-deli-939740.html", "phone": "+12066590934", "address": "4301 Roosevelt Way NE", "hours": "Mo-Th 07:00-23:00, Fr 07:00-24:00, Sa 08:00-24:00, Su 08:30-22:00", "stations": [{"stopCode": 47, "lines": "1,2", "name": "U District Station", "walkingMeters": 364, "walkingSeconds": 261, "band": 5}]}, "geometry": {"type": "Point", "coordinates": [-122.3179468, 47.6595719]}}, {"type": "Feature", "properties": {"id": 99926856, "name": "Recycled Cycles", "category": "bicycle", "tags": ["bicycle"], "sources": ["osm"], "website": "https://www.recycledcycles.com/", "phone": "+1-206-547-4491", "address": "1007 Northeast Boat Street", "hours": "Tu-Fr 11:00-18:00; Sa 10:00-18:00", "stations": [{"stopCode": 47, "lines": "1,2", "name": "U District Station", "walkingMeters": 1027, "walkingSeconds": 739, "band": 15}, {"stopCode": 48, "lines": "1,2", "name": "University of Washington Station", "walkingMeters": 1307, "walkingSeconds": 940, "band": 15}]}, "geometry": {"type": "Point", "coordinates": [-122.317571, 47.6530347]}}, {"type": "Feature", "properties": {"id": 1099920520, "name": "University of Washington Drama Scene Shop", "category": "clothes", "tags": ["clothes"], "sources": ["osm"], "address": "3941 University Way Northeast", "stations": [{"stopCode": 47, "lines": "1,2", "name": "U District Station", "walkingMeters": 654, "walkingSeconds": 470, "band": 10}, {"stopCode": 48, "lines": "1,2", "name": "University of Washington Station", "walkingMeters": 1103, "walkingSeconds": 793, "band": 15}]}, "geometry": {"type": "Point", "coordinates": [-122.313636, 47.6550348]}}, {"type": "Feature", "properties": {"id": "52a53a43-efe4-412d-923f-abdb529ae90e", "name": "Puget Consumers Co-op", "category": "supermarket", "tags": ["supermarket"], "sources": ["overture"], "website": "https://www.pccmarkets.com", "address": "4201 Roosevelt Way NE", "stations": [{"stopCode": 47, "lines": "1,2", "name": "U District Station", "walkingMeters": 517, "walkingSeconds": 386, "band": 10}]}, "geometry": {"type": "Point", "coordinates": [-122.3179779, 47.6578369]}}, {"type": "Feature", "properties": {"id": "4937f735-98d6-427d-a174-b96d13dcea0e", "name": "Pcc Natural Markets, Inc.", "category": "supermarket", "tags": ["supermarket"], "sources": ["overture"], "website": "http://www.pccnaturalmarkets.com", "address": "4201 Roosevelt Way NE", "stations": [{"stopCode": 47, "lines": "1,2", "name": "U District Station", "walkingMeters": 541, "walkingSeconds": 389, "band": 10}]}, "geometry": {"type": "Point", "coordinates": [-122.3179779, 47.6578369]}}, {"type": "Feature", "properties": {"id": "13fd57bf-5a96-46b1-84d3-1b678d1faed4", "name": "Hardwick's Hardware", "category": "hardware", "tags": ["hardware"], "sources": ["overture"], "website": "http://www.ehardwicks.com", "phone": "(206) 632-1203", "address": "4214 Roosevelt Way NE", "stations": [{"stopCode": 47, "lines": "1,2", "name": "U District Station", "walkingMeters": 435, "walkingSeconds": 313, "band": 5}]}, "geometry": {"type": "Point", "coordinates": [-122.3175812, 47.6587105]}}, {"type": "Feature", "properties": {"id": "5a2cc7e0-57e8-431c-b36a-3f662375e0d4", "name": "Portage Bay Grange Feed & Mercantile", "category": "pet", "tags": ["pet"], "sources": ["overture"], "website": "http://www.portagebaygrange.com", "phone": "(206) 369-2317", "address": "4110 Roosevelt Way NE", "stations": [{"stopCode": 47, "lines": "1,2", "name": "U District Station", "walkingMeters": 610, "walkingSeconds": 439, "band": 10}]}, "geometry": {"type": "Point", "coordinates": [-122.3175735, 47.6571159]}}, {"type": "Feature", "properties": {"id": "d83bc8ef-75a1-47d9-8554-38235fc9effa", "name": "District Market Alder", "category": "supermarket", "tags": ["supermarket"], "sources": ["overture"], "website": "https://hfs.uw.edu/Eat/Dining-Locations/District-Market", "phone": "+12062217796", "address": "University of Washington, Alder Hall, 1315 NE Campus Pkwy", "stations": [{"stopCode": 47, "lines": "1,2", "name": "U District Station", "walkingMeters": 550, "walkingSeconds": 396, "band": 10}, {"stopCode": 48, "lines": "1,2", "name": "University of Washington Station", "walkingMeters": 1210, "walkingSeconds": 870, "band": 15}]}, "geometry": {"type": "Point", "coordinates": [-122.3135147, 47.6558914]}}, {"type": "Feature", "properties": {"id": "6724611e-7935-4193-9a6d-65bc9e3b1e5a", "name": "Johnny's Flowers", "category": "gift", "tags": ["gift"], "sources": ["overture"], "website": "http://www.johnnysflowers.com", "phone": "(206) 632-5400", "address": "4145 University Way NE", "stations": [{"stopCode": 47, "lines": "1,2", "name": "U District Station", "walkingMeters": 288, "walkingSeconds": 207, "band": 5}]}, "geometry": {"type": "Point", "coordinates": [-122.3134308, 47.6582184]}}, {"type": "Feature", "properties": {"id": "c9ac6044-bb13-425d-8e48-3dba6156c887", "name": "Muse Crush", "category": "jewelry", "tags": ["jewelry"], "sources": ["overture"], "website": "http://musecrush.co/", "phone": "+14695438781", "address": "1313 NE 43rd St", "stations": [{"stopCode": 47, "lines": "1,2", "name": "U District Station", "walkingMeters": 104, "walkingSeconds": 74, "band": 5}]}, "geometry": {"type": "Point", "coordinates": [-122.3136826, 47.6597099]}}, {"type": "Feature", "properties": {"id": "0291364d-a922-4204-bd5d-42c2953ea322", "name": "H-Mart UW", "category": "supermarket", "tags": ["supermarket"], "sources": ["overture"], "website": "http://www.hmartus.com/", "phone": "+12065470767", "address": "4216 University Wy NE", "stations": [{"stopCode": 47, "lines": "1,2", "name": "U District Station", "walkingMeters": 240, "walkingSeconds": 173, "band": 5}]}, "geometry": {"type": "Point", "coordinates": [-122.3130569, 47.6588974]}}, {"type": "Feature", "properties": {"id": "e79e57ae-cdd8-4096-b226-b8800559a0a0", "name": "Woolly Mammoth", "category": "shoes", "tags": ["shoes", "shoe"], "sources": ["overture"], "website": "http://woollymammothshoes.com/", "phone": "+12066323254", "address": "4303 University Wy NE", "stations": [{"stopCode": 47, "lines": "1,2", "name": "U District Station", "walkingMeters": 128, "walkingSeconds": 92, "band": 5}]}, "geometry": {"type": "Point", "coordinates": [-122.313324, 47.6599503]}}, {"type": "Feature", "properties": {"id": "ccfceb27-4b64-43f0-9ede-ef77bdaf04de", "name": "Girlfriend Collective", "category": "clothes", "tags": ["clothes", "womens"], "sources": ["overture"], "website": "https://www.girlfriendcollectivestore.com", "address": "1414 Ne 42nd St Ste 400", "stations": [{"stopCode": 47, "lines": "1,2", "name": "U District Station", "walkingMeters": 298, "walkingSeconds": 222, "band": 5}]}, "geometry": {"type": "Point", "coordinates": [-122.3124008, 47.6586037]}}, {"type": "Feature", "properties": {"id": "e0fcca52-e35d-46dd-a42d-4a9750d33618", "name": "Melrose Florist", "category": "florist", "tags": ["florist"], "sources": ["overture"], "website": "http://www.seattlemelroseflorist.com/", "phone": "2066326261", "address": "4221 University Way NE", "stations": [{"stopCode": 47, "lines": "1,2", "name": "U District Station", "walkingMeters": 253, "walkingSeconds": 182, "band": 5}]}, "geometry": {"type": "Point", "coordinates": [-122.313179, 47.658699]}}, {"type": "Feature", "properties": {"id": "dc8112d1-a579-47d7-b090-f34af84182e0", "name": "University Food and Beverage", "category": "convenience", "tags": ["convenience"], "sources": ["overture"], "website": "https://order.online/store/UniversityFoodBeverageMarket-2335436/en-US/?hideModal=true&pickup=true", "phone": "+12065479887", "address": "4203 University Way NE", "stations": [{"stopCode": 47, "lines": "1,2", "name": "U District Station", "walkingMeters": 271, "walkingSeconds": 195, "band": 5}]}, "geometry": {"type": "Point", "coordinates": [-122.3133163, 47.6584816]}}, {"type": "Feature", "properties": {"id": 11958908033, "name": "Outpatient Pharmacy", "category": "pharmacy", "tags": ["pharmacy", "wheelchair-accessible", "wifi"], "sources": ["osm"], "website": "https://www.uwmedicine.org/locations/uw-roosevelt/outpatient-pharmacy", "phone": "+1-206-598-7557", "address": "4245 Roosevelt Way Northeast", "hours": "Mo-Fr 08:00-17:15", "stations": [{"stopCode": 47, "lines": "1,2", "name": "U District Station", "walkingMeters": 415, "walkingSeconds": 298, "band": 5}]}, "geometry": {"type": "Point", "coordinates": [-122.3180513, 47.6589924]}}, {"type": "Feature", "properties": {"id": 222832154, "name": "University of Washington Center for Anxiety and Trauma Stress", "category": "clinic", "tags": ["clinic"], "sources": ["osm"], "address": "3935 University Way Northeast", "stations": [{"stopCode": 47, "lines": "1,2", "name": "U District Station", "walkingMeters": 682, "walkingSeconds": 491, "band": 10}, {"stopCode": 48, "lines": "1,2", "name": "University of Washington Station", "walkingMeters": 1076, "walkingSeconds": 774, "band": 15}]}, "geometry": {"type": "Point", "coordinates": [-122.3136255, 47.6547799]}}, {"type": "Feature", "properties": {"id": 333492224, "name": "UW Medical Center - Roosevelt", "category": "clinic", "tags": ["clinic", "wifi"], "sources": ["osm"], "website": "https://www.uwmedicine.org/search/locations?s=Roosevelt", "stations": [{"stopCode": 47, "lines": "1,2", "name": "U District Station", "walkingMeters": 503, "walkingSeconds": 362, "band": 5}]}, "geometry": {"type": "Point", "coordinates": [-122.3183322, 47.6584659]}}, {"type": "Feature", "properties": {"id": "18b41276-12e5-42be-b50e-96553640afe3", "name": "Ramey Nutrition", "category": "clinic", "tags": ["clinic", "medical"], "sources": ["overture"], "website": "http://rameynutrition.com/", "phone": "2069098022", "address": "4241 11th Ave NE Ste B", "stations": [{"stopCode": 47, "lines": "1,2", "name": "U District Station", "walkingMeters": 318, "walkingSeconds": 228, "band": 5}]}, "geometry": {"type": "Point", "coordinates": [-122.3169556, 47.6596413]}}, {"type": "Feature", "properties": {"id": "86411cf4-f784-4373-b038-2f70b0f56250", "name": "Uw Medicine Outpatient Pharmacy At Uw Medical Center - Roosevelt", "category": "pharmacy", "tags": ["pharmacy"], "sources": ["overture"], "website": "https://www.uwmedicine.org", "phone": "12065987557", "address": "4245 Roosevelt Way Ne  Fl 1", "stations": [{"stopCode": 47, "lines": "1,2", "name": "U District Station", "walkingMeters": 458, "walkingSeconds": 342, "band": 5}]}, "geometry": {"type": "Point", "coordinates": [-122.3182983, 47.6588364]}}, {"type": "Feature", "properties": {"id": "fd5508b4-6907-42ed-b57b-1528e3cf560d", "name": "Center for Pain Relief", "category": "clinic", "tags": ["clinic", "medical"], "sources": ["overture"], "website": "http://www.uwmedicine.org/locations/center-for-pain-relief-uwmc-roosevelt", "phone": "+12065984282", "address": "4225 Roosevelt Way NE Fl 4", "stations": [{"stopCode": 47, "lines": "1,2", "name": "U District Station", "walkingMeters": 510, "walkingSeconds": 367, "band": 10}]}, "geometry": {"type": "Point", "coordinates": [-122.3180695, 47.6581421]}}, {"type": "Feature", "properties": {"id": "33cf6361-126d-451d-9158-cdca2e62e9d0", "name": "Endocrine Tumor Center at UW Medical Center - Roosevelt", "category": "clinic", "tags": ["clinic", "medical"], "sources": ["overture"], "website": "https://www.uwmedicine.org/locations/endocrine-tumor-uwmc-roosevelt", "phone": "2065984882", "address": "4225 Roosevelt Way NE", "stations": [{"stopCode": 47, "lines": "1,2", "name": "U District Station", "walkingMeters": 512, "walkingSeconds": 382, "band": 10}]}, "geometry": {"type": "Point", "coordinates": [-122.3183594, 47.6581955]}}, {"type": "Feature", "properties": {"id": "ba9bc37b-1761-48a4-8115-ebed83527a41", "name": "Uwmc Refractive Surgery Center", "category": "clinic", "tags": ["clinic", "medical"], "sources": ["overture"], "phone": "+12065982020", "address": "4225 Roosevelt Way NE", "stations": [{"stopCode": 47, "lines": "1,2", "name": "U District Station", "walkingMeters": 503, "walkingSeconds": 375, "band": 10}]}, "geometry": {"type": "Point", "coordinates": [-122.3183212, 47.6582603]}}, {"type": "Feature", "properties": {"id": "6c05aad5-7e3d-4f5d-ada3-2d80bca4441d", "name": "Transplant House", "category": "hospital", "tags": ["hospital"], "sources": ["overture"], "website": "http://www.transplanthouse.org", "phone": "+12063074111", "address": "4115 Roosevelt Way NE", "stations": [{"stopCode": 47, "lines": "1,2", "name": "U District Station", "walkingMeters": 612, "walkingSeconds": 440, "band": 10}]}, "geometry": {"type": "Point", "coordinates": [-122.3182297, 47.6573448]}}, {"type": "Feature", "properties": {"id": "ab302a7a-7ebf-4622-bfb8-67045930b07e", "name": "UW Autism Center", "category": "hospital", "tags": ["hospital"], "sources": ["overture"], "website": "http://www.depts.washington.edu/uwautism", "phone": "(877) 408-8922", "address": "1701 E Columbia St", "stations": [{"stopCode": 47, "lines": "1,2", "name": "U District Station", "walkingMeters": 747, "walkingSeconds": 539, "band": 10}, {"stopCode": 48, "lines": "1,2", "name": "University of Washington Station", "walkingMeters": 1066, "walkingSeconds": 768, "band": 15}]}, "geometry": {"type": "Point", "coordinates": [-122.3117447, 47.655014]}}, {"type": "Feature", "properties": {"id": 82699420, "name": "Wells Fargo", "category": "bank", "tags": ["bank", "wheelchair-accessible"], "sources": ["osm"], "address": "4100 University Way Northeast", "hours": "Mo-Fr 09:00-17:00", "stations": [{"stopCode": 47, "lines": "1,2", "name": "U District Station", "walkingMeters": 478, "walkingSeconds": 343, "band": 5}]}, "geometry": {"type": "Point", "coordinates": [-122.3129071, 47.6569775]}}, {"type": "Feature", "properties": {"id": 10104715235, "name": "Built Environments Library", "category": "library", "tags": ["library", "wheelchair-accessible"], "sources": ["osm"], "phone": "+1-206-543-4067", "stations": [{"stopCode": 47, "lines": "1,2", "name": "U District Station", "walkingMeters": 762, "walkingSeconds": 548, "band": 10}, {"stopCode": 48, "lines": "1,2", "name": "University of Washington Station", "walkingMeters": 1038, "walkingSeconds": 746, "band": 15}]}, "geometry": {"type": "Point", "coordinates": [-122.3126593, 47.6548127]}}, {"type": "Feature", "properties": {"id": 10115696721, "name": "Li Lu Library", "category": "library", "tags": ["library", "wifi"], "sources": ["osm"], "website": "https://hsl.uw.edu/lilulibrary/", "phone": "+1-206-685-3940", "address": "1607 Northeast Pacific Street", "stations": [{"stopCode": 48, "lines": "1,2", "name": "University of Washington Station", "walkingMeters": 655, "walkingSeconds": 470, "band": 10}, {"stopCode": 47, "lines": "1,2", "name": "U District Station", "walkingMeters": 1099, "walkingSeconds": 791, "band": 15}]}, "geometry": {"type": "Point", "coordinates": [-122.310519, 47.651754]}}, {"type": "Feature", "properties": {"id": 26447602, "name": "Odegaard Undergraduate Library", "category": "library", "tags": ["library"], "sources": ["osm", "overture"], "website": "http://www.lib.washington.edu/ougl/", "phone": "+12065432990", "address": "4060 George Washington Lane Northeast", "stations": [{"stopCode": 47, "lines": "1,2", "name": "U District Station", "walkingMeters": 645, "walkingSeconds": 464, "band": 10}, {"stopCode": 48, "lines": "1,2", "name": "University of Washington Station", "walkingMeters": 1094, "walkingSeconds": 787, "band": 15}]}, "geometry": {"type": "Point", "coordinates": [-122.3103656, 47.6564718]}}, {"type": "Feature", "properties": {"id": 223362694, "name": "University Post Office", "category": "post_office", "tags": ["post-office", "wheelchair-accessible"], "sources": ["osm"], "address": "4244 University Way Northeast", "hours": "Mo-Fr 08:30-17:30; Sa 08:30-15:00", "stations": [{"stopCode": 47, "lines": "1,2", "name": "U District Station", "walkingMeters": 178, "walkingSeconds": 128, "band": 5}]}, "geometry": {"type": "Point", "coordinates": [-122.3128407, 47.6595497]}}, {"type": "Feature", "properties": {"id": 459450616, "name": "Gallagher Law Library", "category": "library", "tags": ["library", "wifi"], "sources": ["osm", "overture"], "website": "https://lib.law.uw.edu/", "phone": "+12065434086", "address": "4293 Memorial Way Northeast", "stations": [{"stopCode": 47, "lines": "1,2", "name": "U District Station", "walkingMeters": 513, "walkingSeconds": 369, "band": 5}]}, "geometry": {"type": "Point", "coordinates": [-122.3106326, 47.6591352]}}, {"type": "Feature", "properties": {"id": "e81d2804-81b6-4c89-8b17-4cff9aedf6bd", "name": "United States Postal Service", "category": "post_office", "tags": ["post-office", "office"], "sources": ["overture"], "website": "https://tools.usps.com/find-location.htm?location=1385504", "phone": "+18002758777", "address": "4244 University Wy NE", "stations": [{"stopCode": 47, "lines": "1,2", "name": "U District Station", "walkingMeters": 195, "walkingSeconds": 140, "band": 5}]}, "geometry": {"type": "Point", "coordinates": [-122.3128128, 47.659626]}}, {"type": "Feature", "properties": {"id": "23fad140-ee86-4617-8376-df1661e03beb", "name": "Wells Fargo Bank", "category": "bank", "tags": ["bank", "credit", "union"], "sources": ["overture"], "website": "https://www.wellsfargo.com/locator/bank/4100__UNIVERSITY__WAY__NE_SEATTLE_WA_98105/?utm_campaign=Local_Listings&utm_source=Others&group=Community_Bank&loc=WF02481", "phone": "2065472811", "address": "4100 University Way NE", "stations": [{"stopCode": 47, "lines": "1,2", "name": "U District Station", "walkingMeters": 479, "walkingSeconds": 345, "band": 5}]}, "geometry": {"type": "Point", "coordinates": [-122.3128815, 47.6569748]}}, {"type": "Feature", "properties": {"id": "3dd77793-1a13-47cb-b8d5-176788019af6", "name": "U.S. Bank ATM", "category": "bank", "tags": ["bank", "credit", "union"], "sources": ["overture"], "website": "http://www.usbank.com/locations", "phone": "8008722657", "address": "1101 NE Campus Pkwy", "stations": [{"stopCode": 47, "lines": "1,2", "name": "U District Station", "walkingMeters": 626, "walkingSeconds": 451, "band": 10}]}, "geometry": {"type": "Point", "coordinates": [-122.31633, 47.6560287]}}, {"type": "Feature", "properties": {"id": "d758349c-f381-4aad-8716-25d9c28037f3", "name": "UPS Access Point location", "category": "post_office", "tags": ["post-office", "office"], "sources": ["overture"], "website": "https://locations.ups.com/wa/seattle/access-point-location-169667.html?utm_source=bing&utm_medium=organic&utm_campaign=rio", "address": "4313 University Way NE", "stations": [{"stopCode": 47, "lines": "1,2", "name": "U District Station", "walkingMeters": 108, "walkingSeconds": 81, "band": 5}]}, "geometry": {"type": "Point", "coordinates": [-122.3131638, 47.6599388]}}, {"type": "Feature", "properties": {"id": "1d0470cc-710c-4cce-9afa-40d0b377bbb6", "name": "Marian Gould Gallagher Law Library", "category": "library", "tags": ["library"], "sources": ["overture"], "website": "http://lib.law.washington.edu", "phone": "+12065434086", "address": "1100 NE Campus Pkwy", "stations": [{"stopCode": 47, "lines": "1,2", "name": "U District Station", "walkingMeters": 591, "walkingSeconds": 425, "band": 5}]}, "geometry": {"type": "Point", "coordinates": [-122.316246, 47.6565857]}}, {"type": "Feature", "properties": {"id": "da762a98-9961-491d-87fe-c5a08338abb1", "name": "Mysteries of the Built Environments Library", "category": "library", "tags": ["library"], "sources": ["overture"], "website": "http://www.lib.washington.edu/be", "phone": "+12065434067", "address": "3949 15th Ave NE", "stations": [{"stopCode": 47, "lines": "1,2", "name": "U District Station", "walkingMeters": 774, "walkingSeconds": 578, "band": 10}, {"stopCode": 48, "lines": "1,2", "name": "University of Washington Station", "walkingMeters": 1156, "walkingSeconds": 863, "band": 15}]}, "geometry": {"type": "Point", "coordinates": [-122.312767, 47.6550293]}}, {"type": "Feature", "properties": {"id": 1411674845, "name": "Open Flight Studio", "category": "fitness_centre", "tags": ["fitness-centre"], "sources": ["osm"], "website": "http://www.openflightstudio.org/", "address": "4205 University Way Northeast", "stations": [{"stopCode": 47, "lines": "1,2", "name": "U District Station", "walkingMeters": 263, "walkingSeconds": 189, "band": 5}]}, "geometry": {"type": "Point", "coordinates": [-122.3133678, 47.6585538]}}, {"type": "Feature", "properties": {"id": "8fa97d33-898c-4c58-be6c-9917405f28c9", "name": "Sarah Akhtar", "category": "fitness_centre", "tags": ["fitness-centre", "yoga", "studio"], "sources": ["overture"], "phone": "+12069098022", "address": "4241 11th Ave Ne Ste B", "stations": [{"stopCode": 47, "lines": "1,2", "name": "U District Station", "walkingMeters": 291, "walkingSeconds": 217, "band": 5}]}, "geometry": {"type": "Point", "coordinates": [-122.3169556, 47.6596413]}}, {"type": "Feature", "properties": {"id": "e3be0a50-decb-439e-84b0-8a7268b474eb", "name": "Melissa Lowell Pilates", "category": "fitness_centre", "tags": ["fitness-centre", "pilates", "studio"], "sources": ["overture"], "address": "1001 Ne Boat St Ste 2", "stations": [{"stopCode": 47, "lines": "1,2", "name": "U District Station", "walkingMeters": 1050, "walkingSeconds": 784, "band": 15}]}, "geometry": {"type": "Point", "coordinates": [-122.3181305, 47.653553]}}, {"type": "Feature", "properties": {"id": "4164aa51-54c4-4611-80dd-2054552297dd", "name": "Breathing Room Studio", "category": "fitness_centre", "tags": ["fitness-centre", "pilates", "studio"], "sources": ["overture"], "phone": "+12063492466", "address": "1001 NE Boat St #2", "stations": [{"stopCode": 47, "lines": "1,2", "name": "U District Station", "walkingMeters": 1028, "walkingSeconds": 740, "band": 15}]}, "geometry": {"type": "Point", "coordinates": [-122.3180008, 47.6534271]}}, {"type": "Feature", "properties": {"id": "56375d04-2130-4dc0-bc67-35bcfe1c0370", "name": "Peaceful Training", "category": "fitness_centre", "tags": ["fitness-centre", "fitness", "trainer"], "sources": ["overture"], "website": "http://www.peacefultraining.com", "phone": "12063996971", "address": "947 NE Boat St", "stations": [{"stopCode": 47, "lines": "1,2", "name": "U District Station", "walkingMeters": 1049, "walkingSeconds": 783, "band": 10}]}, "geometry": {"type": "Point", "coordinates": [-122.3183517, 47.6536217]}}]}