{"type": "FeatureCollection", "features": [{"type": "Feature", "properties": {"id": "96337759-cd46-4d7c-ae21-4fd15219dd09", "name": "Subway", "category": "restaurant", "tags": ["restaurant", "sandwich"], "sources": ["overture"], "website": "https://restaurants.subway.com/united-states/wa/redmond/16001-redmond-way", "phone": "(425) 885-9210", "address": "16001 Redmond Way", "stations": [{"stopCode": 65, "lines": "2", "name": "Downtown Redmond Station", "walkingMeters": 271, "walkingSeconds": 205, "band": 5}]}, "geometry": {"type": "Point", "coordinates": [-122.1266174, 47.6747131]}}, {"type": "Feature", "properties": {"id": 4353378417, "name": "Domino's", "category": "fast_food", "tags": ["fast-food", "pizza", "takeaway", "restaurant"], "sources": ["osm", "overture"], "website": "https://www.dominos.com/en/?utm_source=google&utm_medium=loclist&utm_campaign=localmaps", "phone": "+14258853030", "address": "16260 Redmond Way", "hours": "Su-Th 10:00-22:00; Fr,Sa 10:00-23:00", "stations": [{"stopCode": 65, "lines": "2", "name": "Downtown Redmond Station", "walkingMeters": 269, "walkingSeconds": 210, "band": 5}]}, "geometry": {"type": "Point", "coordinates": [-122.123368, 47.6746196]}}, {"type": "Feature", "properties": {"id": 1988524258, "name": "Starbucks", "category": "cafe", "tags": ["cafe", "coffee-shop", "outdoor-seating", "takeaway", "wifi"], "sources": ["osm"], "website": "https://starbucks.com/store-locator/store/13039/redmond-town-center-7425-166th-ave-ne-ste-c-105-redmond-wa-980527868-u", "phone": "+1-425-861-9198", "address": "16500 Northeast 74th Street", "hours": "Mo-Fr 05:30-20:00; Sa,Su 07:00-19:30", "stations": [{"stopCode": 65, "lines": "2", "name": "Downtown Redmond Station", "walkingMeters": 570, "walkingSeconds": 417, "band": 10}]}, "geometry": {"type": "Point", "coordinates": [-122.1200436, 47.6706107]}}, {"type": "Feature", "properties": {"id": 35796575, "name": "Starbucks", "category": "cafe", "tags": ["cafe", "coffee-shop", "takeaway", "coffee"], "sources": ["osm", "overture"], "website": "https://www.starbucks.com/store-locator/store/17662/", "phone": "+14258859590", "address": "15738 Redmond Way Redmond Center", "stations": [{"stopCode": 65, "lines": "2", "name": "Downtown Redmond Station", "walkingMeters": 496, "walkingSeconds": 364, "band": 5}]}, "geometry": {"type": "Point", "coordinates": [-122.1288462, 47.6749122]}}, {"type": "Feature", "properties": {"id": "a3153a3c-7d13-4d9b-a254-d0edd50b3eb2", "name": "Starbucks", "category": "cafe", "tags": ["cafe", "coffee"], "sources": ["overture"], "phone": "4255170117", "address": "8020 161st Ave NE", "stations": [{"stopCode": 65, "lines": "2", "name": "Downtown Redmond Station", "walkingMeters": 327, "walkingSeconds": 243, "band": 5}]}, "geometry": {"type": "Point", "coordinates": [-122.1250153, 47.6751595]}}, {"type": "Feature", "properties": {"id": 2624145049, "name": "Qdoba", "category": "fast_food", "tags": ["fast-food", "mexican", "takeaway", "delivery"], "sources": ["osm"], "website": "https://locations.qdoba.com/us/wa/redmond/15946-redmond-way.html", "phone": "+1-425-881-6829", "address": "15946 Redmond Way", "hours": "Mo-Su 10:30-22:00", "stations": [{"stopCode": 65, "lines": "2", "name": "Downtown Redmond Station", "walkingMeters": 446, "walkingSeconds": 328, "band": 5}]}, "geometry": {"type": "Point", "coordinates": [-122.1284051, 47.6750561]}}, {"type": "Feature", "properties": {"id": 418553403, "name": "Victor's Coffee House", "category": "cafe", "tags": ["cafe", "outdoor-seating", "vegetarian", "air-conditioned"], "sources": ["osm"], "hours": "Mo-Fr 07:00-16:00", "stations": [{"stopCode": 65, "lines": "2", "name": "Downtown Redmond Station", "walkingMeters": 356, "walkingSeconds": 274, "band": 5}]}, "geometry": {"type": "Point", "coordinates": [-122.1219693, 47.6745059]}}, {"type": "Feature", "properties": {"id": 418553404, "name": "The Matador", "category": "restaurant", "tags": ["restaurant", "mexican", "outdoor-seating", "wifi"], "sources": ["osm"], "website": "https://www.matadorrestaurants.com/locations/redmond", "phone": "+1-425-883-2855", "address": "7824 Leary Way Northeast", "hours": "Fr,Sa 11:00-02:00, Su-Th 11:00-24:00", "stations": [{"stopCode": 65, "lines": "2", "name": "Downtown Redmond Station", "walkingMeters": 178, "walkingSeconds": 135, "band": 5}]}, "geometry": {"type": "Point", "coordinates": [-122.1230261, 47.6731886]}}, {"type": "Feature", "properties": {"id": 4353378424, "name": "Garlic Crush", "category": "restaurant", "tags": ["restaurant", "mediterranean", "outdoor-seating", "wheelchair-accessible", "bar-and-grill"], "sources": ["osm", "overture"], "website": "http://www.GarlicCrush.com/", "phone": "+14259682539", "address": "16095 Cleveland St", "hours": "Su-Th 11:00-21:00; Fr,Sa 11:00-22:00", "stations": [{"stopCode": 65, "lines": "2", "name": "Downtown Redmond Station", "walkingMeters": 194, "walkingSeconds": 147, "band": 5}]}, "geometry": {"type": "Point", "coordinates": [-122.1261139, 47.6740476]}}, {"type": "Feature", "properties": {"id": 13419627731, "name": "Pagliacci Pizza", "category": "restaurant", "tags": ["restaurant", "pizza", "outdoor-seating", "delivery", "wheelchair-accessible", "child-friendly", "air-conditioned"], "sources": ["osm"], "website": "https://www.pagliacci.com/locations/redmond", "phone": "+1 206-726-1717", "address": "16311 Redmond Way", "hours": "Mo-Th,Su 11:00-22:00; Fr-Sa 11:00-23:00", "stations": [{"stopCode": 65, "lines": "2", "name": "Downtown Redmond Station", "walkingMeters": 267, "walkingSeconds": 210, "band": 5}]}, "geometry": {"type": "Point", "coordinates": [-122.1224518, 47.6737933]}}, {"type": "Feature", "properties": {"id": 986076497, "name": "Palmers", "category": "pub", "tags": ["pub", "outdoor-seating"], "sources": ["osm"], "address": "7853 Leary Way", "hours": "Mo-Su 10:00-02:00", "stations": [{"stopCode": 65, "lines": "2", "name": "Downtown Redmond Station", "walkingMeters": 202, "walkingSeconds": 161, "band": 5}]}, "geometry": {"type": "Point", "coordinates": [-122.1231522, 47.6737726]}}, {"type": "Feature", "properties": {"id": 1020824408, "name": "Royal Biryani House", "category": "restaurant", "tags": ["restaurant", "indian", "delivery", "wheelchair-accessible"], "sources": ["osm"], "website": "https://royalbiryanihouse.com/", "phone": "+1-425-448-9109", "address": "8102 161th Avenue Northeast", "hours": "Mo-Th 11:00-22:00; Fr-Sa 11:00-23:00; Su 11:00-21:30", "stations": [{"stopCode": 65, "lines": "2", "name": "Downtown Redmond Station", "walkingMeters": 479, "walkingSeconds": 353, "band": 10}]}, "geometry": {"type": "Point", "coordinates": [-122.125221, 47.6764909]}}, {"type": "Feature", "properties": {"id": 1020849071, "name": "Three Lions Pub", "category": "pub", "tags": ["pub", "british"], "sources": ["osm"], "website": "https://www.thethreelionspub.com/", "phone": "+1-425-883-7511", "address": "8125 161st Avenue Northeast", "stations": [{"stopCode": 65, "lines": "2", "name": "Downtown Redmond Station", "walkingMeters": 428, "walkingSeconds": 318, "band": 5}]}, "geometry": {"type": "Point", "coordinates": [-122.1261198, 47.6759806]}}, {"type": "Feature", "properties": {"id": 1020852776, "name": "The British Pantry Ltd.", "category": "restaurant", "tags": ["restaurant", "british", "outdoor-seating", "gift"], "sources": ["osm"], "website": "https://www.thebritishpantryltd.com/", "phone": "+1-425-883-7511", "address": "8125 161st Avenue Northeast", "hours": "Mo-Th 10:00-18:00; Fr-Su 10:00-21:00", "stations": [{"stopCode": 65, "lines": "2", "name": "Downtown Redmond Station", "walkingMeters": 439, "walkingSeconds": 326, "band": 5}]}, "geometry": {"type": "Point", "coordinates": [-122.1262638, 47.6759811]}}, {"type": "Feature", "properties": {"id": 1028669255, "name": "Village Square Cafe", "category": "cafe", "tags": ["cafe", "diner", "outdoor-seating", "wheelchair-accessible", "vegetarian", "breakfast-and-brunch", "american"], "sources": ["osm", "overture"], "website": "http://villagesquare.cafesinc.com/", "phone": "+14258857287", "address": "16150 NE 85th St #104", "hours": "Su-Fr 07:00-15:00", "stations": [{"stopCode": 65, "lines": "2", "name": "Downtown Redmond Station", "walkingMeters": 746, "walkingSeconds": 545, "band": 10}]}, "geometry": {"type": "Point", "coordinates": [-122.124949, 47.6788593]}}, {"type": "Feature", "properties": {"id": 2624145607, "name": "Jimmy John's", "category": "fast_food", "tags": ["fast-food", "sandwich", "takeaway", "restaurant"], "sources": ["osm", "overture"], "website": "https://locations.jimmyjohns.com/wa/redmond/sandwiches-1981.html", "phone": "+14252500772", "address": "8074 160th Ave NE", "stations": [{"stopCode": 65, "lines": "2", "name": "Downtown Redmond Station", "walkingMeters": 426, "walkingSeconds": 316, "band": 5}]}, "geometry": {"type": "Point", "coordinates": [-122.1271082, 47.6756342]}}, {"type": "Feature", "properties": {"id": "6da87734-7e70-4101-a076-197eb17e29f8", "name": "The French Bakery", "category": "bakery", "tags": ["bakery"], "sources": ["overture"], "website": "http://www.thefrenchbakery.com", "phone": "+14255224931", "address": "7330 164th Ave NE", "stations": [{"stopCode": 65, "lines": "2", "name": "Downtown Redmond Station", "walkingMeters": 522, "walkingSeconds": 382, "band": 10}]}, "geometry": {"type": "Point", "coordinates": [-122.1210709, 47.6702194]}}, {"type": "Feature", "properties": {"id": "67f3dada-0791-4db8-a050-88cbfde45bcd", "name": "Top Pot Doughnuts", "category": "cafe", "tags": ["cafe", "coffee"], "sources": ["overture"], "website": "http://www.toppotdoughnuts.com/", "phone": "4254978002", "address": "16095 Cleveland St", "stations": [{"stopCode": 65, "lines": "2", "name": "Downtown Redmond Station", "walkingMeters": 264, "walkingSeconds": 198, "band": 5}]}, "geometry": {"type": "Point", "coordinates": [-122.1267395, 47.6743965]}}, {"type": "Feature", "properties": {"id": "36b63c19-84b5-40e9-9ce5-908acc90b911", "name": "Pho Than Brothers", "category": "restaurant", "tags": ["restaurant", "noodles"], "sources": ["overture"], "website": "http://thanbrothers.com/", "phone": "(425) 881-3299", "address": "7844 Leary Way NE", "stations": [{"stopCode": 65, "lines": "2", "name": "Downtown Redmond Station", "walkingMeters": 191, "walkingSeconds": 156, "band": 5}]}, "geometry": {"type": "Point", "coordinates": [-122.1230545, 47.6736069]}}, {"type": "Feature", "properties": {"id": 1372948758, "name": "Hakka House", "category": "restaurant", "tags": ["restaurant", "chinese"], "sources": ["osm"], "address": "7845 Leary Way Northeast", "stations": [{"stopCode": 65, "lines": "2", "name": "Downtown Redmond Station", "walkingMeters": 188, "walkingSeconds": 152, "band": 5}]}, "geometry": {"type": "Point", "coordinates": [-122.1232079, 47.67366]}}, {"type": "Feature", "properties": {"id": 1380602517, "name": "Ristorante Tropea", "category": "restaurant", "tags": ["restaurant", "italian", "outdoor-seating", "vegetarian", "gluten-free"], "sources": ["osm"], "website": "https://www.ristorantetropea.com/", "phone": "+1-425-448-9982", "address": "8461 164th Avenue Northeast", "hours": "Mo-Th 11:00-14:00,16:30-21:00; Fr 11:00-14:00,16:30-22:00; Sa 16:30-22:00; Su 16:30-21:00", "stations": [{"stopCode": 65, "lines": "2", "name": "Downtown Redmond Station", "walkingMeters": 773, "walkingSeconds": 572, "band": 10}]}, "geometry": {"type": "Point", "coordinates": [-122.122344, 47.6779991]}}, {"type": "Feature", "properties": {"id": 2627471720, "name": "Cold Stone Creamery", "category": "ice_cream", "tags": ["ice-cream", "wheelchair-accessible"], "sources": ["osm"], "website": "https://www.coldstonecreamery.com/", "phone": "+1-425-497-8484", "address": "7349 164th Avenue Northeast", "hours": "Su-Th 11:00-22:30; Fr,Sa 11:00-23:00", "stations": [{"stopCode": 65, "lines": "2", "name": "Downtown Redmond Station", "walkingMeters": 488, "walkingSeconds": 358, "band": 10}]}, "geometry": {"type": "Point", "coordinates": [-122.1217426, 47.6704373]}}, {"type": "Feature", "properties": {"id": 1738744874, "name": "Redmond's Bar and Grill", "category": "pub", "tags": ["pub", "burger", "outdoor-seating", "wheelchair-accessible", "wifi", "restaurant", "bar-and-grill", "american"], "sources": ["osm", "overture"], "website": "http://www.redmondsgrill.com/", "phone": "+14255589800", "address": "7979 Leary Way NE", "stations": [{"stopCode": 65, "lines": "2", "name": "Downtown Redmond Station", "walkingMeters": 290, "walkingSeconds": 225, "band": 5}]}, "geometry": {"type": "Point", "coordinates": [-122.1227671, 47.6744858]}}, {"type": "Feature", "properties": {"id": 1740887062, "name": "Sages Restaurant", "category": "restaurant", "tags": ["restaurant", "italian", "european"], "sources": ["osm", "overture"], "website": "http://www.sagesrestaurant.com/", "phone": "+14258815004", "address": "15916 NE 83rd St", "hours": "Tu-Fr 11:30-14:00,17:00-21:00, Fr,Sa 17:00-22:00, Su 17:00-21:00", "stations": [{"stopCode": 65, "lines": "2", "name": "Downtown Redmond Station", "walkingMeters": 540, "walkingSeconds": 400, "band": 10}]}, "geometry": {"type": "Point", "coordinates": [-122.1277078, 47.6767931]}}, {"type": "Feature", "properties": {"id": 2071065704, "name": "Flatstick Pub", "category": "pub", "tags": ["pub", "brewery"], "sources": ["osm", "overture"], "website": "https://flatstickpub.com/redmond/", "phone": "+14255078349", "address": "7530 164th Ave NE Ste A108", "hours": "Su-Th 11:00-23:00; Fr-Sa 11:00-25:00", "stations": [{"stopCode": 65, "lines": "2", "name": "Downtown Redmond Station", "walkingMeters": 326, "walkingSeconds": 241, "band": 5}]}, "geometry": {"type": "Point", "coordinates": [-122.121293, 47.6719873]}}, {"type": "Feature", "properties": {"id": 11146740764, "name": "Rubinstein Bagels", "category": "cafe", "tags": ["cafe", "bagel", "takeaway", "delivery", "bakery"], "sources": ["osm", "overture"], "website": "https://ethanstowellrestaurants.com/restaurants/rubinstein-bagels-downtown-redmond", "phone": "4259797950", "address": "16050 Cleavland St Unit 130", "hours": "Mo-Su 07:00-15:00", "stations": [{"stopCode": 65, "lines": "2", "name": "Downtown Redmond Station", "walkingMeters": 253, "walkingSeconds": 192, "band": 5}]}, "geometry": {"type": "Point", "coordinates": [-122.125854, 47.674712]}}, {"type": "Feature", "properties": {"id": 11146740763, "name": "Tavol\u00e0ta", "category": "restaurant", "tags": ["restaurant", "italian", "takeaway", "delivery"], "sources": ["osm"], "address": "16050 Cleveland Street", "hours": "Mo-Su 16:00-22:00", "stations": [{"stopCode": 65, "lines": "2", "name": "Downtown Redmond Station", "walkingMeters": 236, "walkingSeconds": 180, "band": 5}]}, "geometry": {"type": "Point", "coordinates": [-122.1259092, 47.674567]}}, {"type": "Feature", "properties": {"id": "6b1f7659-8abb-4695-b81c-6217784fa2d4", "name": "Sam's Tavern", "category": "restaurant", "tags": ["restaurant", "burger"], "sources": ["overture"], "phone": "+14258617246", "address": "15740 Redmond Way", "stations": [{"stopCode": 65, "lines": "2", "name": "Downtown Redmond Station", "walkingMeters": 506, "walkingSeconds": 378, "band": 5}]}, "geometry": {"type": "Point", "coordinates": [-122.1297073, 47.6747246]}}, {"type": "Feature", "properties": {"id": 31928055, "name": "Jamba", "category": "fast_food", "tags": ["fast-food", "juice", "indoor-seating", "takeaway", "wheelchair-accessible", "air-conditioned"], "sources": ["osm"], "website": "https://locations.jamba.com/wa/redmond/16002-redmond-way-ne", "phone": "+1-425-531-8000", "address": "16002 Redmond Way Northeast", "hours": "Mo-Fr 06:30-21:00; Sa 07:00-21:00; Su 08:00-20:00", "stations": [{"stopCode": 65, "lines": "2", "name": "Downtown Redmond Station", "walkingMeters": 355, "walkingSeconds": 265, "band": 5}]}, "geometry": {"type": "Point", "coordinates": [-122.1272064, 47.6752062]}}, {"type": "Feature", "properties": {"id": 4792797647, "name": "Thai Ginger", "category": "restaurant", "tags": ["restaurant", "thai", "outdoor-seating", "takeaway", "vegetarian", "asian"], "sources": ["osm", "overture"], "website": "http://thaiginger.com", "phone": "+14255584044", "address": "7430 164th Ave NE B 225", "hours": "Mo-Su 11:00-21:00", "stations": [{"stopCode": 65, "lines": "2", "name": "Downtown Redmond Station", "walkingMeters": 536, "walkingSeconds": 392, "band": 10}]}, "geometry": {"type": "Point", "coordinates": [-122.1206533, 47.6706391]}}, {"type": "Feature", "properties": {"id": "fa09aee0-35e7-478c-ae45-f1317a16014c", "name": "Jersey Mike's Subs", "category": "fast_food", "tags": ["fast-food", "fast", "food"], "sources": ["overture"], "website": "https://www.jerseymikes.com/18002/redmond-wa", "phone": "4256413969", "address": "Store Closed", "stations": [{"stopCode": 65, "lines": "2", "name": "Downtown Redmond Station", "walkingMeters": 358, "walkingSeconds": 276, "band": 5}]}, "geometry": {"type": "Point", "coordinates": [-122.1215134, 47.6739883]}}, {"type": "Feature", "properties": {"id": 2624148528, "name": "The Screaming Parrots Cafe", "category": "cafe", "tags": ["cafe", "coffee-shop", "wifi"], "sources": ["osm"], "address": "16095 Cleveland Street", "hours": "Mo-Tu 08:00-23:00, We-Su 07:00-23:00", "stations": [{"stopCode": 65, "lines": "2", "name": "Downtown Redmond Station", "walkingMeters": 251, "walkingSeconds": 188, "band": 5}]}, "geometry": {"type": "Point", "coordinates": [-122.1267235, 47.6744104]}}, {"type": "Feature", "properties": {"id": 2624149206, "name": "Zeeks Pizza - Redmond", "category": "restaurant", "tags": ["restaurant", "pizza", "outdoor-seating", "takeaway", "delivery", "vegetarian", "child-friendly", "air-conditioned"], "sources": ["osm"], "website": "https://zeekspizza.com/", "hours": "Su-Th 11:00-21:00; Fr,Sa 11:00-22:00", "stations": [{"stopCode": 65, "lines": "2", "name": "Downtown Redmond Station", "walkingMeters": 283, "walkingSeconds": 212, "band": 5}]}, "geometry": {"type": "Point", "coordinates": [-122.1270057, 47.6746005]}}, {"type": "Feature", "properties": {"id": 2624157364, "name": "Tipsy Cow Burger Bar", "category": "restaurant", "tags": ["restaurant", "burger", "outdoor-seating", "takeaway", "vegetarian", "gluten-free", "child-friendly", "has-bar", "air-conditioned"], "sources": ["osm"], "website": "https://www.tipsycowburgerbar.com/", "address": "16345 Cleveland Street", "hours": "Su-Th 11:00-21:00; Fr,Sa 11:00-22:00", "stations": [{"stopCode": 65, "lines": "2", "name": "Downtown Redmond Station", "walkingMeters": 238, "walkingSeconds": 187, "band": 5}]}, "geometry": {"type": "Point", "coordinates": [-122.1223323, 47.6731103]}}, {"type": "Feature", "properties": {"id": 2627376310, "name": "Niko Teriyaki", "category": "restaurant", "tags": ["restaurant", "asian", "takeaway", "delivery", "japanese"], "sources": ["osm", "overture"], "website": "http://www.nikoteriyaki.com/", "phone": "+14258816764", "address": "15946 Redmond Wy #102", "hours": "Mo-Sa 10:30-21:00", "stations": [{"stopCode": 65, "lines": "2", "name": "Downtown Redmond Station", "walkingMeters": 405, "walkingSeconds": 299, "band": 5}]}, "geometry": {"type": "Point", "coordinates": [-122.1278505, 47.675058]}}, {"type": "Feature", "properties": {"id": 2627417682, "name": "Yi Fang Tea", "category": "cafe", "tags": ["cafe", "bubble-tea", "takeaway"], "sources": ["osm"], "website": "https://www.yifangteapnw.com/", "phone": "+1-425-968-8200", "address": "8145 160th Avenue Northeast", "hours": "Mo-Su 12:00-20:00", "stations": [{"stopCode": 65, "lines": "2", "name": "Downtown Redmond Station", "walkingMeters": 457, "walkingSeconds": 339, "band": 5}]}, "geometry": {"type": "Point", "coordinates": [-122.127259, 47.6760205]}}, {"type": "Feature", "properties": {"id": 35796577, "name": "KFC", "category": "fast_food", "tags": ["fast-food", "chicken", "takeaway", "fast", "food"], "sources": ["osm", "overture"], "website": "https://locations.kfc.com/wa/redmond/15802-bear-creek-parkway", "phone": "+14258850400", "address": "15802 Bear Creek Parkway", "hours": "Mo-Su 10:30-22:00", "stations": [{"stopCode": 65, "lines": "2", "name": "Downtown Redmond Station", "walkingMeters": 438, "walkingSeconds": 329, "band": 5}]}, "geometry": {"type": "Point", "coordinates": [-122.1296706, 47.6740504]}}, {"type": "Feature", "properties": {"id": 4959184317, "name": "Oto Sushi", "category": "restaurant", "tags": ["restaurant", "sushi", "japanese", "asian"], "sources": ["osm", "overture"], "website": "http://otoredmond.com/", "phone": "+14255585888", "address": "8105 161st Avenue Northeast", "hours": "Mo-Fr 11:30-14:30, Mo-Th 16:30-21:30, Fr 16:30-22:00; Sa 12:00-22:00; Su 12:00-21:00", "stations": [{"stopCode": 65, "lines": "2", "name": "Downtown Redmond Station", "walkingMeters": 415, "walkingSeconds": 308, "band": 5}]}, "geometry": {"type": "Point", "coordinates": [-122.1259348, 47.6759799]}}, {"type": "Feature", "properties": {"id": 3900551372, "name": "Kitanda", "category": "cafe", "tags": ["cafe", "coffee-shop", "acai", "outdoor-seating", "takeaway", "wheelchair-accessible", "vegetarian"], "sources": ["osm"], "website": "https://kitanda.com/redmond", "phone": "+1-425-556-7999", "address": "16349 Northeast 74th Street", "hours": "Mo-Sa 07:00-19:00; Su 08:00-18:00", "stations": [{"stopCode": 65, "lines": "2", "name": "Downtown Redmond Station", "walkingMeters": 455, "walkingSeconds": 337, "band": 5}]}, "geometry": {"type": "Point", "coordinates": [-122.1219969, 47.6706107]}}, {"type": "Feature", "properties": {"id": "c41a3209-06fc-4573-8e5e-891ce4717a8b", "name": "Herfy's Burgers", "category": "restaurant", "tags": ["restaurant", "burger"], "sources": ["overture"], "website": "http://www.mywirelessadvantage.com", "phone": "(425) 882-8668", "address": "8460 164th Ave NE", "stations": [{"stopCode": 65, "lines": "2", "name": "Downtown Redmond Station", "walkingMeters": 827, "walkingSeconds": 616, "band": 10}]}, "geometry": {"type": "Point", "coordinates": [-122.1211853, 47.6781425]}}, {"type": "Feature", "properties": {"id": 12104478171, "name": "Nekter Juice Bar", "category": "fast_food", "tags": ["fast-food", "juice"], "sources": ["osm"], "hours": "Mo-Fr 08:00-19:00, Sa-Su 09:00-18:00", "stations": [{"stopCode": 65, "lines": "2", "name": "Downtown Redmond Station", "walkingMeters": 301, "walkingSeconds": 224, "band": 5}]}, "geometry": {"type": "Point", "coordinates": [-122.1251006, 47.6751398]}}, {"type": "Feature", "properties": {"id": 35796576, "name": "Wendy's", "category": "fast_food", "tags": ["fast-food", "burger", "takeaway", "drive-through", "fast", "food", "american"], "sources": ["osm", "overture"], "website": "https://locations.wendys.com/united-states/wa/redmond/15945-redmond-way", "phone": "+14258850988", "address": "15945 Redmond Way", "hours": "08:00-22:00", "stations": [{"stopCode": 65, "lines": "2", "name": "Downtown Redmond Station", "walkingMeters": 343, "walkingSeconds": 260, "band": 5}]}, "geometry": {"type": "Point", "coordinates": [-122.127875, 47.6745069]}}, {"type": "Feature", "properties": {"id": 4350392293, "name": "Caadxi Mezcaleria", "category": "restaurant", "tags": ["restaurant", "mexican", "outdoor-seating"], "sources": ["osm", "overture"], "website": "http://caadximezcaleria.com/", "phone": "+14252421170", "address": "8300 160th Ave NE #130", "hours": "Su 11:00-21:00; Tu-Th 11:00-22:00; Fr-Sa 11:00-23:00", "stations": [{"stopCode": 65, "lines": "2", "name": "Downtown Redmond Station", "walkingMeters": 541, "walkingSeconds": 400, "band": 10}]}, "geometry": {"type": "Point", "coordinates": [-122.1273099, 47.6768496]}}, {"type": "Feature", "properties": {"id": 4350410789, "name": "Woodblock", "category": "pub", "tags": ["pub", "outdoor-seating", "bar", "cocktail"], "sources": ["osm", "overture"], "website": "http://www.woodblockredmond.com/", "phone": "+14252859416", "address": "16175 Cleveland St", "stations": [{"stopCode": 65, "lines": "2", "name": "Downtown Redmond Station", "walkingMeters": 98, "walkingSeconds": 78, "band": 5}]}, "geometry": {"type": "Point", "coordinates": [-122.1249446, 47.6737261]}}, {"type": "Feature", "properties": {"id": 4353378443, "name": "Molly Moon's Homemade Ice Cream - Redmond", "category": "ice_cream", "tags": ["ice-cream", "outdoor-seating"], "sources": ["osm"], "website": "https://www.mollymoon.com/locations/redmond", "phone": "+1-425-869-7654", "address": "16272 Cleveland Street", "hours": "Mo-Su 12:00-23:00", "stations": [{"stopCode": 65, "lines": "2", "name": "Downtown Redmond Station", "walkingMeters": 150, "walkingSeconds": 124, "band": 5}]}, "geometry": {"type": "Point", "coordinates": [-122.1235093, 47.6736599]}}, {"type": "Feature", "properties": {"id": 4353378454, "name": "Prime Steakhouse", "category": "restaurant", "tags": ["restaurant", "steak-house", "steakhouse", "american"], "sources": ["osm", "overture"], "website": "http://www.RedmondPrime.com/", "phone": "+14253762683", "address": "16330 Cleveland St", "stations": [{"stopCode": 65, "lines": "2", "name": "Downtown Redmond Station", "walkingMeters": 248, "walkingSeconds": 197, "band": 5}]}, "geometry": {"type": "Point", "coordinates": [-122.1221418, 47.6733836]}}, {"type": "Feature", "properties": {"id": 5039621985, "name": "Five Stones Coffee Co.", "category": "cafe", "tags": ["cafe", "coffee-shop"], "sources": ["osm"], "website": "https://5stonescoffeeco.com/", "phone": "+1-425-242-0099", "address": "8102 161st Avenue Northeast", "hours": "Mo-Su 07:00-18:00", "stations": [{"stopCode": 65, "lines": "2", "name": "Downtown Redmond Station", "walkingMeters": 441, "walkingSeconds": 326, "band": 10}]}, "geometry": {"type": "Point", "coordinates": [-122.1253295, 47.6763433]}}, {"type": "Feature", "properties": {"id": "80d93435-2919-4960-af18-79c6ed77295c", "name": "Tian Tian Noodles", "category": "restaurant", "tags": ["restaurant", "chinese"], "sources": ["overture"], "website": "www.tiantiannoodleswa.com", "phone": "14252421915", "address": "16421 Cleveland St", "stations": [{"stopCode": 65, "lines": "2", "name": "Downtown Redmond Station", "walkingMeters": 378, "walkingSeconds": 282, "band": 5}]}, "geometry": {"type": "Point", "coordinates": [-122.1210403, 47.672554]}}, {"type": "Feature", "properties": {"id": 13018291791, "name": "Mendocino Farms", "category": "restaurant", "tags": ["restaurant", "salad", "sandwich", "outdoor-seating", "vegetarian", "vegan", "gluten-free", "child-friendly"], "sources": ["osm"], "website": "https://www.mendocinofarms.com/location-directory/seattle/16502-cleveland-st-redmond-wa-98502", "phone": "+1-425-553-4663", "address": "16502 Cleveland Street", "hours": "Su-Sa 10:30-21:00", "stations": [{"stopCode": 65, "lines": "2", "name": "Downtown Redmond Station", "walkingMeters": 406, "walkingSeconds": 310, "band": 5}]}, "geometry": {"type": "Point", "coordinates": [-122.1203007, 47.6726343]}}, {"type": "Feature", "properties": {"id": 5872801325, "name": "Northwest Brewing Co.", "category": "bar", "tags": ["bar"], "sources": ["osm"], "website": "https://redmond.pintnpie.com/", "address": "7858 Leary Way", "stations": [{"stopCode": 65, "lines": "2", "name": "Downtown Redmond Station", "walkingMeters": 212, "walkingSeconds": 171, "band": 5}]}, "geometry": {"type": "Point", "coordinates": [-122.1228105, 47.6737003]}}, {"type": "Feature", "properties": {"id": 5953192257, "name": "Hello Pok\u00e9", "category": "restaurant", "tags": ["restaurant", "hawaiian", "outdoor-seating", "vegetarian", "vegan", "poke", "seafood"], "sources": ["osm", "overture"], "website": "http://www.hellopokeredmond.com", "phone": "+14255224841", "address": "16175 Cleveland St", "hours": "Tu-Fr 11:00-20:00; Sa 11:00-15:00", "stations": [{"stopCode": 65, "lines": "2", "name": "Downtown Redmond Station", "walkingMeters": 156, "walkingSeconds": 120, "band": 5}]}, "geometry": {"type": "Point", "coordinates": [-122.1243593, 47.6735973]}}, {"type": "Feature", "properties": {"id": 13018274253, "name": "Dave's Hot Chicken", "category": "fast_food", "tags": ["fast-food", "chicken", "takeaway", "delivery", "vegetarian", "halal", "child-friendly", "air-conditioned", "fast", "food"], "sources": ["osm", "overture"], "address": "16502 Redmond Way", "stations": [{"stopCode": 65, "lines": "2", "name": "Downtown Redmond Station", "walkingMeters": 474, "walkingSeconds": 359, "band": 10}]}, "geometry": {"type": "Point", "coordinates": [-122.1200155, 47.6732906]}}, {"type": "Feature", "properties": {"id": 9211179006, "name": "Meetea", "category": "cafe", "tags": ["cafe", "coffee-shop"], "sources": ["osm"], "website": "https://www.ordertogo.com/MeeteaCafe", "phone": "+1-425-898-4134", "address": "16180 Northeast 80th Street", "hours": "Mo-Su 12:00-21:00", "stations": [{"stopCode": 65, "lines": "2", "name": "Downtown Redmond Station", "walkingMeters": 331, "walkingSeconds": 254, "band": 5}]}, "geometry": {"type": "Point", "coordinates": [-122.1241327, 47.6750336]}}, {"type": "Feature", "properties": {"id": 9791573115, "name": "Biryani Bowl", "category": "restaurant", "tags": ["restaurant", "indian", "outdoor-seating", "takeaway", "vegetarian", "air-conditioned"], "sources": ["osm", "overture"], "website": "http://www.biryanibowlwa.com/", "phone": "+14254975100", "address": "7990 Leary Way NE", "stations": [{"stopCode": 65, "lines": "2", "name": "Downtown Redmond Station", "walkingMeters": 327, "walkingSeconds": 256, "band": 5}]}, "geometry": {"type": "Point", "coordinates": [-122.1222398, 47.6746349]}}, {"type": "Feature", "properties": {"id": 10093621766, "name": "Bandidos Mexican Grill", "category": "restaurant", "tags": ["restaurant", "mexican", "takeaway"], "sources": ["osm"], "phone": "+1-425-445-2318", "address": "8151 164th Avenue Northeast", "hours": "Mo-Sa 11:00-20:00", "stations": [{"stopCode": 65, "lines": "2", "name": "Downtown Redmond Station", "walkingMeters": 484, "walkingSeconds": 364, "band": 10}]}, "geometry": {"type": "Point", "coordinates": [-122.1225292, 47.6759979]}}, {"type": "Feature", "properties": {"id": 11028360363, "name": "Farine Bakery & Cafe", "category": "cafe", "tags": ["cafe", "belgian", "brunch", "breakfast", "coffee-shop", "bakery", "outdoor-seating", "takeaway", "delivery", "vegetarian", "vegan", "air-conditioned", "wifi"], "sources": ["osm", "overture"], "website": "https://www.farinecafe.com/", "phone": "+14258984525", "address": "16450 Redmond Way", "hours": "07:00-15:00", "stations": [{"stopCode": 65, "lines": "2", "name": "Downtown Redmond Station", "walkingMeters": 439, "walkingSeconds": 334, "band": 10}]}, "geometry": {"type": "Point", "coordinates": [-122.120475, 47.6737906]}}, {"type": "Feature", "properties": {"id": 11826478783, "name": "Doppio Cafe and Creperie", "category": "cafe", "tags": ["cafe", "crepe", "coffee-shop", "outdoor-seating", "wifi"], "sources": ["osm"], "website": "https://doppiocafeandcreperie.com", "phone": "+1-425-376-0106", "address": "8296 160th Avenue Northeast", "hours": "Mo-Su 07:00-17:00", "stations": [{"stopCode": 65, "lines": "2", "name": "Downtown Redmond Station", "walkingMeters": 512, "walkingSeconds": 378, "band": 10}]}, "geometry": {"type": "Point", "coordinates": [-122.1273322, 47.6765588]}}, {"type": "Feature", "properties": {"id": "c252f3fe-16ff-49d7-85bd-9bb007c674d5", "name": "Zeeks Pizza", "category": "restaurant", "tags": ["restaurant", "gluten-free", "gluten", "free", "pizza"], "sources": ["overture"], "website": "http://www.zeekspizza.com/", "phone": "4258938646", "address": "16015 Cleveland St Ste 100", "stations": [{"stopCode": 65, "lines": "2", "name": "Downtown Redmond Station", "walkingMeters": 308, "walkingSeconds": 230, "band": 5}]}, "geometry": {"type": "Point", "coordinates": [-122.1272202, 47.6745911]}}, {"type": "Feature", "properties": {"id": 12877578669, "name": "Neville\u2019s Restaurant", "category": "restaurant", "tags": ["restaurant", "outdoor-seating", "british"], "sources": ["osm", "overture"], "website": "http://www.thebritishpantryltd.com", "phone": "+14258837511", "address": "8125 161st Ave NE", "stations": [{"stopCode": 65, "lines": "2", "name": "Downtown Redmond Station", "walkingMeters": 462, "walkingSeconds": 343, "band": 5}]}, "geometry": {"type": "Point", "coordinates": [-122.1265718, 47.6759961]}}, {"type": "Feature", "properties": {"id": 13182442471, "name": "#K-Street KBBQ", "category": "restaurant", "tags": ["restaurant", "korean", "barbecue", "asian"], "sources": ["osm", "overture"], "website": "http://kstreetkbbq.com", "phone": "+12067541024", "address": "7430 164th Ave NE B103", "hours": "We-Su 11:00-23:00; Mo 11:00-22:00", "stations": [{"stopCode": 65, "lines": "2", "name": "Downtown Redmond Station", "walkingMeters": 487, "walkingSeconds": 357, "band": 10}]}, "geometry": {"type": "Point", "coordinates": [-122.1212518, 47.6708058]}}, {"type": "Feature", "properties": {"id": 14106724899, "name": "Pluto", "category": "cafe", "tags": ["cafe", "wifi"], "sources": ["osm"], "address": "16390 Cleveland Street", "stations": [{"stopCode": 65, "lines": "2", "name": "Downtown Redmond Station", "walkingMeters": 300, "walkingSeconds": 234, "band": 5}]}, "geometry": {"type": "Point", "coordinates": [-122.1216786, 47.673218]}}, {"type": "Feature", "properties": {"id": 33967742, "name": "Bombay Bistro", "category": "restaurant", "tags": ["restaurant", "indian", "bar"], "sources": ["osm", "overture"], "website": "https://bombaybistroredmond.com/", "phone": "4256570333", "address": "15740 Redmond Way", "hours": "Mo-Su 11:00-22:00", "stations": [{"stopCode": 65, "lines": "2", "name": "Downtown Redmond Station", "walkingMeters": 506, "walkingSeconds": 378, "band": 10}]}, "geometry": {"type": "Point", "coordinates": [-122.1297116, 47.6747437]}}, {"type": "Feature", "properties": {"id": 256664751, "name": "Spark Pizza", "category": "restaurant", "tags": ["restaurant", "pizza", "outdoor-seating", "takeaway", "wheelchair-accessible", "vegetarian", "vegan", "gluten-free", "italian"], "sources": ["osm", "overture"], "website": "http://www.SparkPizzaRedmond.com/", "phone": "+14258984106", "address": "8110 164th Ave NE", "hours": "Mo off; Tu-Th 03:00-21:00; Fr 03:00-22:00; Sa 12:00-22:00; Su 12:00-21:00", "stations": [{"stopCode": 65, "lines": "2", "name": "Downtown Redmond Station", "walkingMeters": 522, "walkingSeconds": 396, "band": 10}]}, "geometry": {"type": "Point", "coordinates": [-122.1212828, 47.6757045]}}, {"type": "Feature", "properties": {"id": 257931975, "name": "Coastline Burgers", "category": "fast_food", "tags": ["fast-food", "burger", "outdoor-seating", "takeaway", "restaurant"], "sources": ["osm", "overture"], "website": "https://www.coastlineburgers.com", "phone": "+1-425-822-1770", "address": "16244 Cleveland St", "hours": "Mo-Su 11:00-21:00", "stations": [{"stopCode": 65, "lines": "2", "name": "Downtown Redmond Station", "walkingMeters": 172, "walkingSeconds": 140, "band": 5}]}, "geometry": {"type": "Point", "coordinates": [-122.124015, 47.6738625]}}, {"type": "Feature", "properties": {"id": "876c9958-8632-46b2-8535-a70151dafb8c", "name": "Starbucks Coffee Company", "category": "cafe", "tags": ["cafe", "coffee"], "sources": ["overture"], "website": "https://www.starbucks.com/store-locator/store/13039/", "phone": "+14258619198", "address": "7425 166th Ave NE", "stations": [{"stopCode": 65, "lines": "2", "name": "Downtown Redmond Station", "walkingMeters": 601, "walkingSeconds": 449, "band": 10}]}, "geometry": {"type": "Point", "coordinates": [-122.120018, 47.6705666]}}, {"type": "Feature", "properties": {"id": "71258cc8-44b4-4273-92a4-05f813346208", "name": "Paris Baguette", "category": "cafe", "tags": ["cafe", "coffee"], "sources": ["overture"], "website": "https://parisbaguette.com/locations/wa/redmond/8065-161st-ave", "phone": "4253293992", "address": "8065 161st Ave Ste 150", "stations": [{"stopCode": 65, "lines": "2", "name": "Downtown Redmond Station", "walkingMeters": 428, "walkingSeconds": 318, "band": 5}]}, "geometry": {"type": "Point", "coordinates": [-122.1262894, 47.6756096]}}, {"type": "Feature", "properties": {"id": "b84c7544-5ba9-483f-bbff-41f4be76fe17", "name": "Qdoba Mexican Grill", "category": "restaurant", "tags": ["restaurant", "mexican", "taco", "texmex"], "sources": ["overture"], "website": "https://locations.qdoba.com/us/wa/redmond/15946-redmond-way", "phone": "+14258816829", "address": "15946 Redmond Way Redmond", "stations": [{"stopCode": 65, "lines": "2", "name": "Downtown Redmond Station", "walkingMeters": 433, "walkingSeconds": 319, "band": 5}]}, "geometry": {"type": "Point", "coordinates": [-122.1284485, 47.6749802]}}, {"type": "Feature", "properties": {"id": "307b758c-f5e3-4d80-9cc5-dbc741624d9c", "name": "Kitanda Espresso & Acai", "category": "cafe", "tags": ["cafe", "coffee", "brazilian"], "sources": ["overture"], "website": "http://www.kitanda.com/", "phone": "+14258204381", "address": "16349 NE 74th St Ste 120", "stations": [{"stopCode": 65, "lines": "2", "name": "Downtown Redmond Station", "walkingMeters": 461, "walkingSeconds": 341, "band": 5}]}, "geometry": {"type": "Point", "coordinates": [-122.1219177, 47.6706123]}}, {"type": "Feature", "properties": {"id": "fda4aa1a-16c4-4128-8f34-13d878fcb788", "name": "Pho Saigon Restaurant", "category": "restaurant", "tags": ["restaurant"], "sources": ["overture"], "website": "http://www.phofever.com", "phone": "(425) 869-9000", "address": "7844 Leary Way NE", "stations": [{"stopCode": 65, "lines": "2", "name": "Downtown Redmond Station", "walkingMeters": 210, "walkingSeconds": 170, "band": 5}]}, "geometry": {"type": "Point", "coordinates": [-122.1227875, 47.6736755]}}, {"type": "Feature", "properties": {"id": "6f9f592d-a6b6-4711-93b8-8380a204fb0f", "name": "Canyons Restaurant", "category": "bar", "tags": ["bar", "sports"], "sources": ["overture"], "website": "http://canyonsrestaurant.com/", "phone": "4255561390", "address": "15740 Redmond Way", "stations": [{"stopCode": 65, "lines": "2", "name": "Downtown Redmond Station", "walkingMeters": 590, "walkingSeconds": 432, "band": 10}]}, "geometry": {"type": "Point", "coordinates": [-122.1297379, 47.6747551]}}, {"type": "Feature", "properties": {"id": "7a794168-85d9-4d3c-a69f-4f5c3ec69275", "name": "5 Stones Coffee Co", "category": "cafe", "tags": ["cafe", "coffee"], "sources": ["overture"], "website": "http://5stonescoffeeco.com", "phone": "+14252420099", "address": "8102 161st Avenue Northeast", "stations": [{"stopCode": 65, "lines": "2", "name": "Downtown Redmond Station", "walkingMeters": 418, "walkingSeconds": 309, "band": 5}]}, "geometry": {"type": "Point", "coordinates": [-122.125473, 47.6761398]}}, {"type": "Feature", "properties": {"id": "16407de2-298f-4931-89f1-fb508f8f6c08", "name": "Tipsy Cow", "category": "restaurant", "tags": ["restaurant", "burger", "bar-and-grill"], "sources": ["overture"], "website": "http://tipsycowburgerbar.com", "phone": "+14258968716", "address": "16325 Cleveland St", "stations": [{"stopCode": 65, "lines": "2", "name": "Downtown Redmond Station", "walkingMeters": 243, "walkingSeconds": 191, "band": 5}]}, "geometry": {"type": "Point", "coordinates": [-122.1222153, 47.6730957]}}, {"type": "Feature", "properties": {"id": "09cbd37e-b0e3-4f23-a1c6-0c3c5ae44c0e", "name": "Midori Bakery", "category": "bakery", "tags": ["bakery"], "sources": ["overture"], "website": "http://midoribakery.com", "phone": "(425) 836-6583", "address": "16505 Redmond Way", "stations": [{"stopCode": 65, "lines": "2", "name": "Downtown Redmond Station", "walkingMeters": 445, "walkingSeconds": 338, "band": 5}]}, "geometry": {"type": "Point", "coordinates": [-122.1204529, 47.6732597]}}, {"type": "Feature", "properties": {"id": "61cae3c8-6c24-4ae1-9d9e-06db7e3a065e", "name": "Bay Leaf Llc", "category": "restaurant", "tags": ["restaurant"], "sources": ["overture"], "website": "bayleaf.us", "address": "16425 NE 80th St", "stations": [{"stopCode": 65, "lines": "2", "name": "Downtown Redmond Station", "walkingMeters": 452, "walkingSeconds": 337, "band": 10}]}, "geometry": {"type": "Point", "coordinates": [-122.1205521, 47.6744652]}}, {"type": "Feature", "properties": {"id": "adee2b33-39f1-423f-a52a-92dc8975167d", "name": "Iyara Thai", "category": "restaurant", "tags": ["restaurant", "thai"], "sources": ["overture"], "website": "http://www.iyarathai.com/", "phone": "(425) 885-3043", "address": "16421 Cleveland St #E", "stations": [{"stopCode": 65, "lines": "2", "name": "Downtown Redmond Station", "walkingMeters": 359, "walkingSeconds": 278, "band": 5}]}, "geometry": {"type": "Point", "coordinates": [-122.1208649, 47.6727524]}}, {"type": "Feature", "properties": {"id": "73c18ea7-c00c-48f3-b7fd-adc13530a995", "name": "La Isla", "category": "restaurant", "tags": ["restaurant", "caribbean"], "sources": ["overture"], "website": "http://laislacuisine.com", "phone": "(425) 298-0374", "address": "16505 Redmond Way Ste A Bldg B", "stations": [{"stopCode": 65, "lines": "2", "name": "Downtown Redmond Station", "walkingMeters": 430, "walkingSeconds": 328, "band": 5}]}, "geometry": {"type": "Point", "coordinates": [-122.1205902, 47.6733818]}}, {"type": "Feature", "properties": {"id": "0518f4d2-5ab4-49a0-80e5-387686b48ea7", "name": "Redmond Subs", "category": "restaurant", "tags": ["restaurant", "sandwich"], "sources": ["overture"], "website": "http://redmondsubs.com/", "phone": "(425) 895-8392", "address": "16494 NE 74th St", "stations": [{"stopCode": 65, "lines": "2", "name": "Downtown Redmond Station", "walkingMeters": 548, "walkingSeconds": 401, "band": 10}]}, "geometry": {"type": "Point", "coordinates": [-122.1201553, 47.6706467]}}, {"type": "Feature", "properties": {"id": "284927d1-bf1e-4966-935a-12e4f1fa9d32", "name": "Mehfil - Fine Indian Dining", "category": "restaurant", "tags": ["restaurant", "indian"], "sources": ["overture"], "website": "http://www.mehfildining.com/", "phone": "(425) 883-8989", "address": "16474 NE 74th St", "stations": [{"stopCode": 65, "lines": "2", "name": "Downtown Redmond Station", "walkingMeters": 544, "walkingSeconds": 398, "band": 10}]}, "geometry": {"type": "Point", "coordinates": [-122.1204376, 47.670414]}}, {"type": "Feature", "properties": {"id": "066510c7-4eaa-4cf2-80e3-e8dfdb30d599", "name": "Spazzo Italian Grill", "category": "restaurant", "tags": ["restaurant", "italian"], "sources": ["overture"], "website": "http://www.schwartzbros.com/spazzo/", "phone": "(425) 881-4400", "address": "16499 NE 74th St", "stations": [{"stopCode": 65, "lines": "2", "name": "Downtown Redmond Station", "walkingMeters": 600, "walkingSeconds": 438, "band": 10}]}, "geometry": {"type": "Point", "coordinates": [-122.1204147, 47.6700096]}}, {"type": "Feature", "properties": {"id": "3216dbea-443c-46f1-a800-2d86a513fd01", "name": "Haiku Sushi & Seafood Buffet", "category": "restaurant", "tags": ["restaurant", "sushi"], "sources": ["overture"], "website": "http://www.haikubuffet.com", "phone": "(425) 895-0389", "address": "7548 164th Ave NE", "stations": [{"stopCode": 65, "lines": "2", "name": "Downtown Redmond Station", "walkingMeters": 339, "walkingSeconds": 250, "band": 5}]}, "geometry": {"type": "Point", "coordinates": [-122.1212692, 47.671875]}}, {"type": "Feature", "properties": {"id": "f770adc1-f8bc-4c9a-9738-18d01e5173f8", "name": "Brown's Stockyard Exchange", "category": "bar", "tags": ["bar", "breakfast-and-brunch"], "sources": ["overture"], "website": "https://www.marriott.com/en-us/hotels/seamc-seattle-marriott-redmond/dining/", "phone": "4254984000", "address": "7401 164th Ave NE", "stations": [{"stopCode": 65, "lines": "2", "name": "Downtown Redmond Station", "walkingMeters": 452, "walkingSeconds": 335, "band": 5}]}, "geometry": {"type": "Point", "coordinates": [-122.1221466, 47.6711082]}}, {"type": "Feature", "properties": {"id": "fca9307d-99bf-40b5-9d8e-372fcfabfc54", "name": "Meritage Restaurant & Wine Bar", "category": "restaurant", "tags": ["restaurant"], "sources": ["overture"], "address": "7401 164th Ave NE", "stations": [{"stopCode": 65, "lines": "2", "name": "Downtown Redmond Station", "walkingMeters": 417, "walkingSeconds": 311, "band": 5}]}, "geometry": {"type": "Point", "coordinates": [-122.1219025, 47.6710739]}}, {"type": "Feature", "properties": {"id": "cae521ae-2754-4621-9ea2-d12da165f056", "name": "Three B\u2019s Burgers", "category": "restaurant", "tags": ["restaurant", "burger"], "sources": ["overture"], "website": "http://www.3bsburgers.com/", "phone": "4254975100", "address": "7990 Leary Way NE", "stations": [{"stopCode": 65, "lines": "2", "name": "Downtown Redmond Station", "walkingMeters": 327, "walkingSeconds": 256, "band": 5}]}, "geometry": {"type": "Point", "coordinates": [-122.1222534, 47.6746216]}}, {"type": "Feature", "properties": {"id": "fd9b7b27-ddeb-4a74-a083-6faafd1beaa2", "name": "3 B's Bar & Grill Llc", "category": "restaurant", "tags": ["restaurant"], "sources": ["overture"], "address": "7990 Leary Way NE", "stations": [{"stopCode": 65, "lines": "2", "name": "Downtown Redmond Station", "walkingMeters": 327, "walkingSeconds": 244, "band": 5}]}, "geometry": {"type": "Point", "coordinates": [-122.1222076, 47.6746407]}}, {"type": "Feature", "properties": {"id": "45640829-352f-4150-88e4-37450c02557c", "name": "Victor's Celtic Coffee & Roasters", "category": "cafe", "tags": ["cafe", "coffee"], "sources": ["overture"], "website": "http://www.victorscelticcoffee.com", "phone": "+14258816451", "address": "7993 Gilman St", "stations": [{"stopCode": 65, "lines": "2", "name": "Downtown Redmond Station", "walkingMeters": 356, "walkingSeconds": 275, "band": 5}]}, "geometry": {"type": "Point", "coordinates": [-122.121994, 47.6745338]}}, {"type": "Feature", "properties": {"id": "2684d9e5-c35f-4567-b18b-62280d59f768", "name": "Redprimellc", "category": "restaurant", "tags": ["restaurant"], "sources": ["overture"], "address": "16330 Cleveland St", "stations": [{"stopCode": 65, "lines": "2", "name": "Downtown Redmond Station", "walkingMeters": 261, "walkingSeconds": 195, "band": 5}]}, "geometry": {"type": "Point", "coordinates": [-122.1221313, 47.6733742]}}, {"type": "Feature", "properties": {"id": "4a00d575-f062-4ba3-a643-0abb40f73c31", "name": "Origins Roastery & Cafe", "category": "cafe", "tags": ["cafe", "coffee"], "sources": ["overture"], "website": "http://www.originsroastery.com/", "phone": "4253055128", "address": "16390 Cleveland St", "stations": [{"stopCode": 65, "lines": "2", "name": "Downtown Redmond Station", "walkingMeters": 300, "walkingSeconds": 234, "band": 5}]}, "geometry": {"type": "Point", "coordinates": [-122.1216888, 47.6732178]}}, {"type": "Feature", "properties": {"id": "d4d677f7-89eb-4609-84bf-752075669f26", "name": "NW Brewhouse & Grill", "category": "bar", "tags": ["bar", "brewery"], "sources": ["overture"], "website": "http://www.bearcreekbrewing.com", "phone": "(425) 498-2337", "address": "7950 164th Ave NE", "stations": [{"stopCode": 65, "lines": "2", "name": "Downtown Redmond Station", "walkingMeters": 439, "walkingSeconds": 336, "band": 5}]}, "geometry": {"type": "Point", "coordinates": [-122.1213303, 47.6745338]}}, {"type": "Feature", "properties": {"id": "39056407-d68f-4325-ae12-a20ae7a319de", "name": "Hugo's", "category": "restaurant", "tags": ["restaurant", "gluten-free", "gluten", "free"], "sources": ["overture"], "website": "http://www.livehealthyeatorganic.com", "phone": "(425) 298-4084", "address": "8110 164th Ave NE", "stations": [{"stopCode": 65, "lines": "2", "name": "Downtown Redmond Station", "walkingMeters": 518, "walkingSeconds": 393, "band": 10}]}, "geometry": {"type": "Point", "coordinates": [-122.1213455, 47.6757278]}}, {"type": "Feature", "properties": {"id": "dcc994b7-4beb-4339-841f-57396f5d0f46", "name": "Graces Family Restaurant", "category": "restaurant", "tags": ["restaurant"], "sources": ["overture"], "website": "https://www.graces5.com", "address": "8110 164th Ave NE", "stations": [{"stopCode": 65, "lines": "2", "name": "Downtown Redmond Station", "walkingMeters": 497, "walkingSeconds": 371, "band": 10}]}, "geometry": {"type": "Point", "coordinates": [-122.1212616, 47.6756821]}}, {"type": "Feature", "properties": {"id": "0db7483c-4a39-4419-8e31-89662529b50a", "name": "Alborz", "category": "restaurant", "tags": ["restaurant", "barbecue"], "sources": ["overture"], "website": "http://www.alborzrestaurant.net", "phone": "(425) 883-1080", "address": "8461 164th Ave NE", "stations": [{"stopCode": 65, "lines": "2", "name": "Downtown Redmond Station", "walkingMeters": 768, "walkingSeconds": 569, "band": 10}]}, "geometry": {"type": "Point", "coordinates": [-122.1220474, 47.6779289]}}, {"type": "Feature", "properties": {"id": "fe21c584-e3af-45bc-8010-9000522c9596", "name": "Bushnell Craft Brewing Company", "category": "bar", "tags": ["bar", "brewery"], "sources": ["overture"], "website": "http://www.bushnellcraft.com", "phone": "(425) 702-9743", "address": "24626 NE 102nd St", "stations": [{"stopCode": 65, "lines": "2", "name": "Downtown Redmond Station", "walkingMeters": 772, "walkingSeconds": 571, "band": 10}]}, "geometry": {"type": "Point", "coordinates": [-122.1223221, 47.6779709]}}, {"type": "Feature", "properties": {"id": "a93ce98a-b764-4f02-88a8-25ea832ee10a", "name": "Tropea Ristorante Italiano", "category": "restaurant", "tags": ["restaurant", "italian", "european"], "sources": ["overture"], "website": "http://www.ristorantetropea.com/", "phone": "+14254489982", "address": "8461 164th Ave NE", "stations": [{"stopCode": 65, "lines": "2", "name": "Downtown Redmond Station", "walkingMeters": 745, "walkingSeconds": 552, "band": 10}]}, "geometry": {"type": "Point", "coordinates": [-122.1224136, 47.6779366]}}, {"type": "Feature", "properties": {"id": "2eb1201d-5202-4f94-87d0-6c98d2ad9863", "name": "Tropea Ristorante Italiano", "category": "restaurant", "tags": ["restaurant", "italian"], "sources": ["overture"], "website": "http://ristorantetropea.com/", "phone": "(425) 867-1082", "address": "8042 161st Ave NE", "stations": [{"stopCode": 65, "lines": "2", "name": "Downtown Redmond Station", "walkingMeters": 337, "walkingSeconds": 250, "band": 5}]}, "geometry": {"type": "Point", "coordinates": [-122.1252213, 47.675415]}}, {"type": "Feature", "properties": {"id": "615731b1-757c-4a7f-84bc-fb2e2fbf821a", "name": "James & Klaus Management Llc", "category": "restaurant", "tags": ["restaurant"], "sources": ["overture"], "website": "https://www.redmondsgrill.com", "address": "7979 Leary Way NE", "stations": [{"stopCode": 65, "lines": "2", "name": "Downtown Redmond Station", "walkingMeters": 262, "walkingSeconds": 196, "band": 5}]}, "geometry": {"type": "Point", "coordinates": [-122.1229324, 47.6745071]}}, {"type": "Feature", "properties": {"id": "485714fb-717e-49e8-8b5b-b7ae5b9186a4", "name": "Northwest Brewing Pint & Pie Public House", "category": "bar", "tags": ["bar"], "sources": ["overture"], "website": "https://www.pintnpie.com", "phone": "14256583157", "address": "7858 Leary Way NE", "stations": [{"stopCode": 65, "lines": "2", "name": "Downtown Redmond Station", "walkingMeters": 218, "walkingSeconds": 175, "band": 5}]}, "geometry": {"type": "Point", "coordinates": [-122.1226883, 47.673687]}}, {"type": "Feature", "properties": {"id": "20cd2929-ca43-41c4-bdf1-3c4a649f6a89", "name": "Joy's Asian Restaurant", "category": "restaurant", "tags": ["restaurant"], "sources": ["overture"], "website": "http://joysasian.com/", "phone": "4258822228", "address": "7844 Leary Way", "stations": [{"stopCode": 65, "lines": "2", "name": "Downtown Redmond Station", "walkingMeters": 193, "walkingSeconds": 157, "band": 5}]}, "geometry": {"type": "Point", "coordinates": [-122.122818, 47.6735191]}}, {"type": "Feature", "properties": {"id": "e4e951d3-f4e0-45be-9af9-8ed247b409be", "name": "Matador Redmond", "category": "restaurant", "tags": ["restaurant", "mexican", "texmex", "latin-american"], "sources": ["overture"], "website": "https://matadorrestaurants.com/locations/redmond", "phone": "+14258832855", "address": "7824 Leary Way NE", "stations": [{"stopCode": 65, "lines": "2", "name": "Downtown Redmond Station", "walkingMeters": 190, "walkingSeconds": 142, "band": 5}]}, "geometry": {"type": "Point", "coordinates": [-122.1228485, 47.6732483]}}, {"type": "Feature", "properties": {"id": "47dc0d7d-003c-4403-9a29-7a15321c16e7", "name": "Eastern Pearl Hakka Chinese Cuisine", "category": "restaurant", "tags": ["restaurant", "chinese"], "sources": ["overture"], "website": "http://www.easternpearlredmond.com", "phone": "(425) 882-2228", "address": "7844 Leary Way NE", "stations": [{"stopCode": 65, "lines": "2", "name": "Downtown Redmond Station", "walkingMeters": 182, "walkingSeconds": 136, "band": 5}]}, "geometry": {"type": "Point", "coordinates": [-122.1230087, 47.6735649]}}, {"type": "Feature", "properties": {"id": "6f88854a-e262-4cb3-94e8-fa1ee73b035b", "name": "Big Time The Uncommon Pizzeria", "category": "restaurant", "tags": ["restaurant", "pizza"], "sources": ["overture"], "website": "http://bigtimerestaurantandbar.com/", "phone": "(425) 885-6425", "address": "7824 Leary Way NE", "stations": [{"stopCode": 65, "lines": "2", "name": "Downtown Redmond Station", "walkingMeters": 183, "walkingSeconds": 138, "band": 5}]}, "geometry": {"type": "Point", "coordinates": [-122.1230774, 47.6732407]}}, {"type": "Feature", "properties": {"id": "7464fbb5-482d-4c94-bc52-64f96b12d951", "name": "El Toreador", "category": "restaurant", "tags": ["restaurant", "mexican"], "sources": ["overture"], "website": "https://www.eltoreador.com", "phone": "14258837570", "address": "7845 Leary Way NE", "stations": [{"stopCode": 65, "lines": "2", "name": "Downtown Redmond Station", "walkingMeters": 194, "walkingSeconds": 156, "band": 5}]}, "geometry": {"type": "Point", "coordinates": [-122.1232605, 47.6736679]}}, {"type": "Feature", "properties": {"id": "e81ccd30-4658-42f6-8d25-4d0b574f0f0a", "name": "Palmers East", "category": "restaurant", "tags": ["restaurant", "bar-and-grill", "bar", "grill"], "sources": ["overture"], "website": "https://www.instagram.com/palmerseast/", "phone": "+14258673837", "address": "7853 Leary Way NE", "stations": [{"stopCode": 65, "lines": "2", "name": "Downtown Redmond Station", "walkingMeters": 206, "walkingSeconds": 164, "band": 5}]}, "geometry": {"type": "Point", "coordinates": [-122.1230545, 47.6737862]}}, {"type": "Feature", "properties": {"id": "a101c4f2-f200-48b0-9231-e5243420f252", "name": "Tommy Twos Llc", "category": "restaurant", "tags": ["restaurant"], "sources": ["overture"], "address": "7853 Leary Way NE", "stations": [{"stopCode": 65, "lines": "2", "name": "Downtown Redmond Station", "walkingMeters": 192, "walkingSeconds": 143, "band": 5}]}, "geometry": {"type": "Point", "coordinates": [-122.1231079, 47.6738815]}}, {"type": "Feature", "properties": {"id": "a8ea0308-93fd-4f0c-b654-8f887d055fcb", "name": "The Stone House", "category": "restaurant", "tags": ["restaurant", "american"], "sources": ["overture"], "website": "http://www.stonehouseredmond.co/", "phone": "(425) 558-5625", "address": "16244 Cleveland St", "stations": [{"stopCode": 65, "lines": "2", "name": "Downtown Redmond Station", "walkingMeters": 164, "walkingSeconds": 134, "band": 5}]}, "geometry": {"type": "Point", "coordinates": [-122.1239548, 47.6737671]}}, {"type": "Feature", "properties": {"id": "1c19271f-7568-4b6b-95e4-56836059fe52", "name": "Hancock's Bakery", "category": "bakery", "tags": ["bakery"], "sources": ["overture"], "website": "https://sweetjaneswhoopiepies.com", "phone": "4258853780", "address": "16150 Ne 85th St  Ste 105", "stations": [{"stopCode": 65, "lines": "2", "name": "Downtown Redmond Station", "walkingMeters": 807, "walkingSeconds": 589, "band": 10}]}, "geometry": {"type": "Point", "coordinates": [-122.1244812, 47.6779671]}}, {"type": "Feature", "properties": {"id": "1693ca40-52a0-4184-89a5-abf5077cc2a8", "name": "Dark Horse Brew", "category": "cafe", "tags": ["cafe", "coffee"], "sources": ["overture"], "website": "https://darkhorsebrew.coffee/", "address": "8005 161st Ave NE", "stations": [{"stopCode": 65, "lines": "2", "name": "Downtown Redmond Station", "walkingMeters": 306, "walkingSeconds": 232, "band": 5}]}, "geometry": {"type": "Point", "coordinates": [-122.1255646, 47.67519]}}, {"type": "Feature", "properties": {"id": "4b90fd2d-7660-49ac-86cb-eb1158d1650a", "name": "Tandoori Fire Bar & Grill", "category": "restaurant", "tags": ["restaurant", "indian"], "sources": ["overture"], "website": "http://www.tandoorifirebarandgrill.com", "phone": "(425) 298-4275", "address": "8102 161st Ave NE Ste 150", "stations": [{"stopCode": 65, "lines": "2", "name": "Downtown Redmond Station", "walkingMeters": 458, "walkingSeconds": 338, "band": 10}]}, "geometry": {"type": "Point", "coordinates": [-122.1253281, 47.6764946]}}, {"type": "Feature", "properties": {"id": "2678bffa-538f-47d2-85b6-7023901a7000", "name": "Tavol\u00e0ta Redmond", "category": "restaurant", "tags": ["restaurant"], "sources": ["overture"], "website": "https://ethanstowellrestaurants.com/restaurants/tavolata-redmond", "phone": "4258452550", "address": "16050 Cleveland St Ste 110", "stations": [{"stopCode": 65, "lines": "2", "name": "Downtown Redmond Station", "walkingMeters": 230, "walkingSeconds": 175, "band": 5}]}, "geometry": {"type": "Point", "coordinates": [-122.1257782, 47.6744881]}}, {"type": "Feature", "properties": {"id": "994ee569-64cf-4476-b6f9-5c600cd3a223", "name": "Hoffman's Fine Cakes & Pastries", "category": "bakery", "tags": ["bakery"], "sources": ["overture"], "website": "http://www.hoffmansfinecakes.com/", "phone": "+14258280926", "address": "16175 Cleveland St", "stations": [{"stopCode": 65, "lines": "2", "name": "Downtown Redmond Station", "walkingMeters": 143, "walkingSeconds": 111, "band": 5}]}, "geometry": {"type": "Point", "coordinates": [-122.1245193, 47.6736526]}}, {"type": "Feature", "properties": {"id": "382fdddf-fdf5-4c7b-aef2-10343c2dc883", "name": "The British Pantry", "category": "restaurant", "tags": ["restaurant", "british"], "sources": ["overture"], "website": "http://www.thebritishpantryltd.com", "phone": "14258837511", "address": "8125 161st Ave NE", "stations": [{"stopCode": 65, "lines": "2", "name": "Downtown Redmond Station", "walkingMeters": 432, "walkingSeconds": 321, "band": 5}]}, "geometry": {"type": "Point", "coordinates": [-122.126442, 47.6760483]}}, {"type": "Feature", "properties": {"id": "673a3dfa-ed01-481f-a0a6-50a51ade3732", "name": "Cascade Grind", "category": "cafe", "tags": ["cafe", "coffee"], "sources": ["overture"], "website": "http://cascadegrind.com", "phone": "(425) 881-2500", "address": "161st", "stations": [{"stopCode": 65, "lines": "2", "name": "Downtown Redmond Station", "walkingMeters": 328, "walkingSeconds": 246, "band": 5}]}, "geometry": {"type": "Point", "coordinates": [-122.1262589, 47.6751289]}}, {"type": "Feature", "properties": {"id": "59dff893-2468-4483-9e5b-fbfc1f3c5aa0", "name": "Kikuya Japanese Restaurant", "category": "restaurant", "tags": ["restaurant", "sushi"], "sources": ["overture"], "website": "http://kikuyausa.com/", "phone": "(425) 881-8771", "address": "8105 161st Ave NE", "stations": [{"stopCode": 65, "lines": "2", "name": "Downtown Redmond Station", "walkingMeters": 409, "walkingSeconds": 304, "band": 5}]}, "geometry": {"type": "Point", "coordinates": [-122.1259613, 47.6759148]}}, {"type": "Feature", "properties": {"id": "73aee832-9755-4e55-8fbc-527f8ef174ed", "name": "The Three Lions Pub", "category": "pub", "tags": ["pub"], "sources": ["overture"], "website": "http://thethreelionspub.com/", "phone": "+14252843399", "address": "8115 161st Avenue Northeast", "stations": [{"stopCode": 65, "lines": "2", "name": "Downtown Redmond Station", "walkingMeters": 421, "walkingSeconds": 314, "band": 5}]}, "geometry": {"type": "Point", "coordinates": [-122.1262131, 47.6759491]}}, {"type": "Feature", "properties": {"id": "38a9a8f3-6a3d-4045-a2d0-5443ed0c8b74", "name": "The Guilt Trip Llc", "category": "restaurant", "tags": ["restaurant"], "sources": ["overture"], "address": "8440 160th Ave NE", "stations": [{"stopCode": 65, "lines": "2", "name": "Downtown Redmond Station", "walkingMeters": 687, "walkingSeconds": 513, "band": 10}]}, "geometry": {"type": "Point", "coordinates": [-122.1269608, 47.6777267]}}, {"type": "Feature", "properties": {"id": "7fb46268-f58e-43d8-aaeb-c886c59b0db7", "name": "Nirvana", "category": "restaurant", "tags": ["restaurant", "indian"], "sources": ["overture"], "website": "http://www.nirvanacuisine.com", "phone": "(425) 867-9400", "address": "8440 160th Ave NE", "stations": [{"stopCode": 65, "lines": "2", "name": "Downtown Redmond Station", "walkingMeters": 656, "walkingSeconds": 482, "band": 10}]}, "geometry": {"type": "Point", "coordinates": [-122.1269836, 47.6776199]}}, {"type": "Feature", "properties": {"id": "1ac63df6-9402-4cd9-97f8-d74efdd3bb1b", "name": "A Hen & 2 COCKerels", "category": "bar", "tags": ["bar", "brewery"], "sources": ["overture"], "phone": "+12536329751", "address": "8296 160th Ave NE", "stations": [{"stopCode": 65, "lines": "2", "name": "Downtown Redmond Station", "walkingMeters": 531, "walkingSeconds": 392, "band": 10}]}, "geometry": {"type": "Point", "coordinates": [-122.1271515, 47.6763725]}}, {"type": "Feature", "properties": {"id": "7cfe9b4e-3b6c-42b4-9469-bd8eda138d8e", "name": "Eastside Beerworks", "category": "bar", "tags": ["bar", "beer"], "sources": ["overture"], "website": "https://www.eastsidebeerworks.com", "phone": "(425) 968-8394", "address": "8300 160th Ave NE", "stations": [{"stopCode": 65, "lines": "2", "name": "Downtown Redmond Station", "walkingMeters": 542, "walkingSeconds": 400, "band": 10}]}, "geometry": {"type": "Point", "coordinates": [-122.1272964, 47.6768532]}}, {"type": "Feature", "properties": {"id": "84e7520f-fa6e-468d-aa89-5ac211b842ea", "name": "The Guilt Trip Bar + Kitchen", "category": "restaurant", "tags": ["restaurant", "indian"], "sources": ["overture"], "website": "http://www.theguilttriprestaurant.com", "phone": "(425) 608-8788", "address": "238 Central Way", "stations": [{"stopCode": 65, "lines": "2", "name": "Downtown Redmond Station", "walkingMeters": 651, "walkingSeconds": 478, "band": 10}]}, "geometry": {"type": "Point", "coordinates": [-122.1273346, 47.6777802]}}, {"type": "Feature", "properties": {"id": "abf7e1ab-7b65-4a7f-8dcb-5882050b0dac", "name": "Highscore Burgers", "category": "restaurant", "tags": ["restaurant", "burger"], "sources": ["overture"], "website": "http://highscoreburgers.com", "phone": "(425) 556-5400", "address": "8440 160th Ave NE", "stations": [{"stopCode": 65, "lines": "2", "name": "Downtown Redmond Station", "walkingMeters": 654, "walkingSeconds": 481, "band": 10}]}, "geometry": {"type": "Point", "coordinates": [-122.127449, 47.6778641]}}, {"type": "Feature", "properties": {"id": "bd4e1bd9-eef1-4625-9217-9724bf8d5ebd", "name": "Tony Roma's", "category": "restaurant", "tags": ["restaurant", "steakhouse"], "sources": ["overture"], "website": "http://www.tonyromas.com", "phone": "(425) 861-8681", "address": "15955 Redmond Way", "stations": [{"stopCode": 65, "lines": "2", "name": "Downtown Redmond Station", "walkingMeters": 381, "walkingSeconds": 282, "band": 5}]}, "geometry": {"type": "Point", "coordinates": [-122.1278992, 47.6745491]}}, {"type": "Feature", "properties": {"id": "3d7ef1cb-61e0-47d1-97d1-fbd3d129d3e6", "name": "Saw Mill Cafe", "category": "cafe", "tags": ["cafe"], "sources": ["overture"], "website": "http://www.cafesinc.com", "phone": "(425) 885-7287", "address": "16150 NE 85th St", "stations": [{"stopCode": 65, "lines": "2", "name": "Downtown Redmond Station", "walkingMeters": 836, "walkingSeconds": 610, "band": 10}]}, "geometry": {"type": "Point", "coordinates": [-122.1242218, 47.679142]}}, {"type": "Feature", "properties": {"id": "769af40f-c2fa-4aa7-9fab-72df8f16aeb8", "name": "Super China Restaurant", "category": "restaurant", "tags": ["restaurant"], "sources": ["overture"], "website": "https://www.superchinabuffetshoreline.com", "address": "8460 164th Ave Ne Ste 110", "stations": [{"stopCode": 65, "lines": "2", "name": "Downtown Redmond Station", "walkingMeters": 804, "walkingSeconds": 600, "band": 10}]}, "geometry": {"type": "Point", "coordinates": [-122.1212387, 47.6782188]}}, {"type": "Feature", "properties": {"id": 3006220022, "name": "Seagull On A Post", "category": "artwork", "tags": ["artwork"], "sources": ["osm"], "stations": [{"stopCode": 65, "lines": "2", "name": "Downtown Redmond Station", "walkingMeters": 436, "walkingSeconds": 324, "band": 5}]}, "geometry": {"type": "Point", "coordinates": [-122.127946, 47.6709522]}}, {"type": "Feature", "properties": {"id": 4802669289, "name": "Wisdom Seekers", "category": "artwork", "tags": ["artwork"], "sources": ["osm"], "stations": [{"stopCode": 65, "lines": "2", "name": "Downtown Redmond Station", "walkingMeters": 831, "walkingSeconds": 610, "band": 10}]}, "geometry": {"type": "Point", "coordinates": [-122.1285526, 47.6788117]}}, {"type": "Feature", "properties": {"id": 7064307287, "name": "Signals", "category": "artwork", "tags": ["artwork"], "sources": ["osm"], "stations": [{"stopCode": 65, "lines": "2", "name": "Downtown Redmond Station", "walkingMeters": 58, "walkingSeconds": 50, "band": 5}]}, "geometry": {"type": "Point", "coordinates": [-122.125387, 47.6732852]}}, {"type": "Feature", "properties": {"id": 7132610944, "name": "A Helping Hand", "category": "artwork", "tags": ["artwork"], "sources": ["osm"], "stations": [{"stopCode": 65, "lines": "2", "name": "Downtown Redmond Station", "walkingMeters": 673, "walkingSeconds": 493, "band": 10}]}, "geometry": {"type": "Point", "coordinates": [-122.125253, 47.6783246]}}, {"type": "Feature", "properties": {"id": 10314085965, "name": "High Mountain Companions", "category": "artwork", "tags": ["artwork"], "sources": ["osm"], "stations": [{"stopCode": 65, "lines": "2", "name": "Downtown Redmond Station", "walkingMeters": 459, "walkingSeconds": 341, "band": 5}]}, "geometry": {"type": "Point", "coordinates": [-122.1258102, 47.6702709]}}, {"type": "Feature", "properties": {"id": 10815504176, "name": "Tribute", "category": "artwork", "tags": ["artwork"], "sources": ["osm"], "stations": [{"stopCode": 65, "lines": "2", "name": "Downtown Redmond Station", "walkingMeters": 835, "walkingSeconds": 613, "band": 10}]}, "geometry": {"type": "Point", "coordinates": [-122.127863, 47.6792299]}}, {"type": "Feature", "properties": {"id": 10815504177, "name": "Salmon Rising", "category": "artwork", "tags": ["artwork"], "sources": ["osm"], "stations": [{"stopCode": 65, "lines": "2", "name": "Downtown Redmond Station", "walkingMeters": 852, "walkingSeconds": 626, "band": 10}]}, "geometry": {"type": "Point", "coordinates": [-122.128085, 47.6792065]}}, {"type": "Feature", "properties": {"id": 10815504178, "name": "Fish Boy", "category": "artwork", "tags": ["artwork"], "sources": ["osm"], "stations": [{"stopCode": 65, "lines": "2", "name": "Downtown Redmond Station", "walkingMeters": 844, "walkingSeconds": 620, "band": 10}]}, "geometry": {"type": "Point", "coordinates": [-122.1279777, 47.6792512]}}, {"type": "Feature", "properties": {"id": 10815504179, "name": "Fawn and Bird", "category": "artwork", "tags": ["artwork"], "sources": ["osm"], "stations": [{"stopCode": 65, "lines": "2", "name": "Downtown Redmond Station", "walkingMeters": 862, "walkingSeconds": 632, "band": 10}]}, "geometry": {"type": "Point", "coordinates": [-122.1282171, 47.6792236]}}, {"type": "Feature", "properties": {"id": 10815504180, "name": "Seeds of Enchantment", "category": "artwork", "tags": ["artwork"], "sources": ["osm"], "stations": [{"stopCode": 65, "lines": "2", "name": "Downtown Redmond Station", "walkingMeters": 833, "walkingSeconds": 612, "band": 10}]}, "geometry": {"type": "Point", "coordinates": [-122.1282078, 47.6789054]}}, {"type": "Feature", "properties": {"id": 10815504181, "name": "Desert Scout", "category": "artwork", "tags": ["artwork"], "sources": ["osm"], "stations": [{"stopCode": 65, "lines": "2", "name": "Downtown Redmond Station", "walkingMeters": 776, "walkingSeconds": 571, "band": 10}]}, "geometry": {"type": "Point", "coordinates": [-122.1280558, 47.6788481]}}, {"type": "Feature", "properties": {"id": 10815504182, "name": "Bird Woman", "category": "artwork", "tags": ["artwork"], "sources": ["osm"], "stations": [{"stopCode": 65, "lines": "2", "name": "Downtown Redmond Station", "walkingMeters": 833, "walkingSeconds": 612, "band": 10}]}, "geometry": {"type": "Point", "coordinates": [-122.1282796, 47.6788504]}}, {"type": "Feature", "properties": {"id": 10815504183, "name": "Rivalry of the Winds", "category": "artwork", "tags": ["artwork"], "sources": ["osm"], "stations": [{"stopCode": 65, "lines": "2", "name": "Downtown Redmond Station", "walkingMeters": 833, "walkingSeconds": 612, "band": 10}]}, "geometry": {"type": "Point", "coordinates": [-122.128367, 47.6788511]}}, {"type": "Feature", "properties": {"id": 10815504184, "name": "Birds and Waterfall", "category": "artwork", "tags": ["artwork"], "sources": ["osm"], "stations": [{"stopCode": 65, "lines": "2", "name": "Downtown Redmond Station", "walkingMeters": 843, "walkingSeconds": 618, "band": 10}]}, "geometry": {"type": "Point", "coordinates": [-122.1284898, 47.6789185]}}, {"type": "Feature", "properties": {"id": 10958462913, "name": "VALA Art Center", "category": "gallery", "tags": ["gallery"], "sources": ["osm"], "website": "https://www.valaeastside.org/", "address": "8020 161st Avenue Northeast", "stations": [{"stopCode": 65, "lines": "2", "name": "Downtown Redmond Station", "walkingMeters": 330, "walkingSeconds": 245, "band": 5}]}, "geometry": {"type": "Point", "coordinates": [-122.1248873, 47.6750512]}}, {"type": "Feature", "properties": {"id": 11335178308, "name": "Let the Sunshine In", "category": "artwork", "tags": ["artwork"], "sources": ["osm"], "website": "https://www.redmond.gov/1986/Asphalt-Art", "stations": [{"stopCode": 65, "lines": "2", "name": "Downtown Redmond Station", "walkingMeters": 122, "walkingSeconds": 96, "band": 5}]}, "geometry": {"type": "Point", "coordinates": [-122.1248417, 47.6738579]}}, {"type": "Feature", "properties": {"id": 12119562031, "name": "Firefighters Bench", "category": "artwork", "tags": ["artwork"], "sources": ["osm"], "stations": [{"stopCode": 65, "lines": "2", "name": "Downtown Redmond Station", "walkingMeters": 673, "walkingSeconds": 493, "band": 10}]}, "geometry": {"type": "Point", "coordinates": [-122.1253168, 47.6783709]}}, {"type": "Feature", "properties": {"id": 12162601346, "name": "Hometown", "category": "artwork", "tags": ["artwork"], "sources": ["osm"], "website": "https://www.redmond.gov/2024/Community-I-am-Home-Hometown", "stations": [{"stopCode": 65, "lines": "2", "name": "Downtown Redmond Station", "walkingMeters": 187, "walkingSeconds": 153, "band": 5}]}, "geometry": {"type": "Point", "coordinates": [-122.1230186, 47.6735085]}}, {"type": "Feature", "properties": {"id": 12162601347, "name": "I Am Home, This Is Home", "category": "artwork", "tags": ["artwork"], "sources": ["osm"], "website": "https://www.redmond.gov/2024/Community-I-am-Home-Hometown", "stations": [{"stopCode": 65, "lines": "2", "name": "Downtown Redmond Station", "walkingMeters": 188, "walkingSeconds": 153, "band": 5}]}, "geometry": {"type": "Point", "coordinates": [-122.1230138, 47.6735162]}}, {"type": "Feature", "properties": {"id": 12162601348, "name": "Community", "category": "artwork", "tags": ["artwork"], "sources": ["osm"], "website": "https://www.redmond.gov/2024/Community-I-am-Home-Hometown", "stations": [{"stopCode": 65, "lines": "2", "name": "Downtown Redmond Station", "walkingMeters": 189, "walkingSeconds": 154, "band": 5}]}, "geometry": {"type": "Point", "coordinates": [-122.1230066, 47.6735278]}}, {"type": "Feature", "properties": {"id": 12162602590, "name": "Curious?", "category": "artwork", "tags": ["artwork"], "sources": ["osm"], "website": "https://www.redmond.gov/2036/Curious", "stations": [{"stopCode": 65, "lines": "2", "name": "Downtown Redmond Station", "walkingMeters": 251, "walkingSeconds": 194, "band": 5}]}, "geometry": {"type": "Point", "coordinates": [-122.1278443, 47.6734458]}}, {"type": "Feature", "properties": {"id": 12162656372, "name": "Edge Skate Park Graffiti Walls", "category": "artwork", "tags": ["artwork", "wheelchair-accessible"], "sources": ["osm"], "website": "https://www.redmond.gov/2043/Edge-Skate-Park-Graffiti-Walls", "stations": [{"stopCode": 65, "lines": "2", "name": "Downtown Redmond Station", "walkingMeters": 618, "walkingSeconds": 453, "band": 10}]}, "geometry": {"type": "Point", "coordinates": [-122.1245981, 47.6773065]}}, {"type": "Feature", "properties": {"id": 12877545787, "name": "Trikonasana", "category": "artwork", "tags": ["artwork"], "sources": ["osm"], "stations": [{"stopCode": 65, "lines": "2", "name": "Downtown Redmond Station", "walkingMeters": 413, "walkingSeconds": 316, "band": 5}]}, "geometry": {"type": "Point", "coordinates": [-122.1208194, 47.673845]}}, {"type": "Feature", "properties": {"id": 14081154603, "name": "John M. Bulkey, Jr.", "category": "artwork", "tags": ["artwork"], "sources": ["osm"], "stations": [{"stopCode": 65, "lines": "2", "name": "Downtown Redmond Station", "walkingMeters": 478, "walkingSeconds": 350, "band": 10}]}, "geometry": {"type": "Point", "coordinates": [-122.1213824, 47.6705928]}}, {"type": "Feature", "properties": {"id": 537449814, "name": "Bouyant Pavilion", "category": "artwork", "tags": ["artwork", "wheelchair-accessible"], "sources": ["osm"], "website": "https://www.redmond.gov/2030/Buoyant-Pavilion", "stations": [{"stopCode": 65, "lines": "2", "name": "Downtown Redmond Station", "walkingMeters": 204, "walkingSeconds": 155, "band": 5}]}, "geometry": {"type": "Point", "coordinates": [-122.1243295, 47.6741583]}}, {"type": "Feature", "properties": {"id": 1308728381, "name": "Skypainting", "category": "artwork", "tags": ["artwork"], "sources": ["osm"], "website": "https://www.johnflemingartist.com/wp/portfolio/sky-painting/", "stations": [{"stopCode": 65, "lines": "2", "name": "Downtown Redmond Station", "walkingMeters": 116, "walkingSeconds": 94, "band": 5}]}, "geometry": {"type": "Point", "coordinates": [-122.1244341, 47.6727597]}}, {"type": "Feature", "properties": {"id": "1a305885-a41e-41f0-b886-b05f3d806968", "name": "Edge Apartments", "category": "attraction", "tags": ["attraction", "landmark", "historical", "building"], "sources": ["overture"], "website": "https://edge.apartments/", "phone": "+14254068340", "address": "8356 165th Ave NE", "stations": [{"stopCode": 65, "lines": "2", "name": "Downtown Redmond Station", "walkingMeters": 778, "walkingSeconds": 580, "band": 10}]}, "geometry": {"type": "Point", "coordinates": [-122.1202469, 47.6774483]}}, {"type": "Feature", "properties": {"id": "c5d840c0-a61c-4d50-adfe-5ebea2b818ca", "name": "Kids Magic Lab", "category": "museum", "tags": ["museum", "childrens"], "sources": ["overture"], "website": "http://www.kidsmagiclab.com/", "phone": "+14253254338", "address": "7325 166th Ave NE f235", "stations": [{"stopCode": 65, "lines": "2", "name": "Downtown Redmond Station", "walkingMeters": 637, "walkingSeconds": 475, "band": 10}]}, "geometry": {"type": "Point", "coordinates": [-122.1200256, 47.6701851]}}, {"type": "Feature", "properties": {"id": "a9dfb6d8-e218-47f8-936a-3ca23dde7122", "name": "Elan Redmond Apartments", "category": "attraction", "tags": ["attraction", "landmark", "historical", "building"], "sources": ["overture"], "website": "http://www.elanredmond.com/", "phone": "+14254905219", "address": "16325 Cleveland St", "stations": [{"stopCode": 65, "lines": "2", "name": "Downtown Redmond Station", "walkingMeters": 300, "walkingSeconds": 224, "band": 5}]}, "geometry": {"type": "Point", "coordinates": [-122.1217575, 47.6728592]}}, {"type": "Feature", "properties": {"id": "76e24c3e-f703-4ec4-bbd5-90e8edbea98b", "name": "The Luke Apartments", "category": "attraction", "tags": ["attraction", "landmark", "historical", "building"], "sources": ["overture"], "website": "https://www.theluke.com/", "phone": "+14255374931", "address": "8280 164th Ave NE", "stations": [{"stopCode": 65, "lines": "2", "name": "Downtown Redmond Station", "walkingMeters": 563, "walkingSeconds": 420, "band": 10}]}, "geometry": {"type": "Point", "coordinates": [-122.1214828, 47.6763916]}}, {"type": "Feature", "properties": {"id": "8960cc59-b2a3-44b5-998e-947a3ff3bd00", "name": "HUE Apartments", "category": "attraction", "tags": ["attraction", "landmark", "historical", "building"], "sources": ["overture"], "website": "http://www.liveathue.com/?rcstdid=MTE%3D-aKFOxiSL8lQ%3D", "phone": "+12064083772", "address": "8460 164th Ave NE", "stations": [{"stopCode": 65, "lines": "2", "name": "Downtown Redmond Station", "walkingMeters": 776, "walkingSeconds": 579, "band": 10}]}, "geometry": {"type": "Point", "coordinates": [-122.1211472, 47.6779747]}}, {"type": "Feature", "properties": {"id": "550a22aa-2853-4cf4-97f6-10e6e0ca3eb6", "name": "Chelsea Square Apartments", "category": "attraction", "tags": ["attraction", "landmark", "historical", "building"], "sources": ["overture"], "website": "http://www.equityapartments.com/seattle/downtown-redmond/chelsea-square-apartments", "phone": "+14258693917", "address": "16340 NE 83rd St", "stations": [{"stopCode": 65, "lines": "2", "name": "Downtown Redmond Station", "walkingMeters": 639, "walkingSeconds": 476, "band": 10}]}, "geometry": {"type": "Point", "coordinates": [-122.122612, 47.6770134]}}, {"type": "Feature", "properties": {"id": "a3055908-e239-45b2-8b5a-bb23c374870f", "name": "Ravello", "category": "attraction", "tags": ["attraction", "landmark", "historical", "building"], "sources": ["overture"], "website": "http://www.liveravello.com/", "phone": "+14256965718", "address": "16180 NE 80th St", "stations": [{"stopCode": 65, "lines": "2", "name": "Downtown Redmond Station", "walkingMeters": 365, "walkingSeconds": 279, "band": 5}]}, "geometry": {"type": "Point", "coordinates": [-122.1243286, 47.6751442]}}, {"type": "Feature", "properties": {"id": "ad71af3e-b1c6-41c8-bfa3-583ec3d7e1bc", "name": "Veloce Apartments", "category": "attraction", "tags": ["attraction", "landmark", "historical", "building"], "sources": ["overture"], "website": "http://www.equityapartments.com/seattle/downtown-redmond/veloce-apartments", "phone": "+14258820103", "address": "8102 161st Avenue Northeast", "stations": [{"stopCode": 65, "lines": "2", "name": "Downtown Redmond Station", "walkingMeters": 397, "walkingSeconds": 294, "band": 5}]}, "geometry": {"type": "Point", "coordinates": [-122.1253662, 47.6759491]}}, {"type": "Feature", "properties": {"id": "8f64369c-d1a9-4fa7-85d8-1e9272b920fb", "name": "Zephyr on the Park Apartments", "category": "attraction", "tags": ["attraction", "landmark", "historical", "building"], "sources": ["overture"], "website": "https://www.equityapartments.com/seattle/downtown-redmond/zephyr-on-the-park-apartments", "phone": "+14252966482", "address": "8020 161st Avenue Northeast", "stations": [{"stopCode": 65, "lines": "2", "name": "Downtown Redmond Station", "walkingMeters": 326, "walkingSeconds": 243, "band": 5}]}, "geometry": {"type": "Point", "coordinates": [-122.1251907, 47.6753197]}}, {"type": "Feature", "properties": {"id": "6dcd9a9d-fb0d-426d-8c07-e309ff1fcbd2", "name": "Cleveland Condominium", "category": "attraction", "tags": ["attraction", "landmark", "historical", "building"], "sources": ["overture"], "website": "http://cleveland-redmond.com", "phone": "+14258617453", "address": "16141 Cleveland St Unit 208", "stations": [{"stopCode": 65, "lines": "2", "name": "Downtown Redmond Station", "walkingMeters": 141, "walkingSeconds": 109, "band": 5}]}, "geometry": {"type": "Point", "coordinates": [-122.1254959, 47.6738243]}}, {"type": "Feature", "properties": {"id": "f0f0ed0d-6cd2-4f7d-84f2-9c8ccfc7c4fc", "name": "Old Town Lofts Apartments", "category": "attraction", "tags": ["attraction", "landmark", "historical", "building"], "sources": ["overture"], "website": "http://www.equityapartments.com/seattle/downtown-redmond/old-town-lofts-apartments", "phone": "+14258697500", "address": "16175 Cleveland St", "stations": [{"stopCode": 65, "lines": "2", "name": "Downtown Redmond Station", "walkingMeters": 146, "walkingSeconds": 113, "band": 5}]}, "geometry": {"type": "Point", "coordinates": [-122.1244888, 47.6736221]}}, {"type": "Feature", "properties": {"id": "f089b7e2-63b3-43ae-bf81-4cf1dddf5ffe", "name": "Peloton Apartments", "category": "attraction", "tags": ["attraction", "landmark", "historical", "building"], "sources": ["overture"], "website": "https://www.pelotonapts.com/?rcstdid=MTE%3D-aKFOxiSL8lQ%3D", "phone": "+18888148044", "address": "7435 159th Pl NE", "stations": [{"stopCode": 65, "lines": "2", "name": "Downtown Redmond Station", "walkingMeters": 413, "walkingSeconds": 308, "band": 5}]}, "geometry": {"type": "Point", "coordinates": [-122.1282501, 47.6715393]}}, {"type": "Feature", "properties": {"id": "cde223a6-b66c-452f-861f-59bfe43a4b22", "name": "red160", "category": "attraction", "tags": ["attraction", "landmark", "historical", "building"], "sources": ["overture"], "website": "http://www.equityapartments.com/seattle/downtown-redmond/red160-apartments", "phone": "+14258831160", "address": "16015 Cleveland St", "stations": [{"stopCode": 65, "lines": "2", "name": "Downtown Redmond Station", "walkingMeters": 261, "walkingSeconds": 202, "band": 5}]}, "geometry": {"type": "Point", "coordinates": [-122.1272812, 47.6743813]}}, {"type": "Feature", "properties": {"id": "eb59d28a-9053-4897-ab6a-5465c117367f", "name": "Porch and Park Apartments", "category": "attraction", "tags": ["attraction", "landmark", "historical", "building"], "sources": ["overture"], "website": "https://porchandparkredmond.com/?utm_source=social&utm_medium=display&utm_iq=social", "phone": "+14255776294", "address": "16050 Cleveland St", "stations": [{"stopCode": 65, "lines": "2", "name": "Downtown Redmond Station", "walkingMeters": 226, "walkingSeconds": 173, "band": 5}]}, "geometry": {"type": "Point", "coordinates": [-122.1261749, 47.6743774]}}, {"type": "Feature", "properties": {"id": "ac650b4b-678b-4a1c-b6ca-d2e69d1aa157", "name": "Charles", "category": "attraction", "tags": ["attraction", "landmark", "historical", "building"], "sources": ["overture"], "website": "https://thecharlesredmond.com/", "phone": "+18334547636", "address": "8065 161st Ave NE", "stations": [{"stopCode": 65, "lines": "2", "name": "Downtown Redmond Station", "walkingMeters": 428, "walkingSeconds": 318, "band": 5}]}, "geometry": {"type": "Point", "coordinates": [-122.1262817, 47.6756096]}}, {"type": "Feature", "properties": {"id": "842ddfb7-ca52-417f-8440-8f306afabaca", "name": "Milehouse", "category": "attraction", "tags": ["attraction", "landmark", "historical", "building"], "sources": ["overture"], "website": "http://www.udr.com/seattle-apartments/redmond/milehouse/", "phone": "+14258423491", "address": "8300 160th Ave NE", "stations": [{"stopCode": 65, "lines": "2", "name": "Downtown Redmond Station", "walkingMeters": 590, "walkingSeconds": 435, "band": 10}]}, "geometry": {"type": "Point", "coordinates": [-122.1270828, 47.6770668]}}, {"type": "Feature", "properties": {"id": "453cd4bd-1c01-4c05-8f06-a34bbf0a40f5", "name": "Landscape Inspired Gallery (and Beads!)", "category": "gallery", "tags": ["gallery", "art"], "sources": ["overture"], "website": "https://LandscapeInspiredJewelry.com/", "address": "8159 161st Avenue Northeast", "stations": [{"stopCode": 65, "lines": "2", "name": "Downtown Redmond Station", "walkingMeters": 472, "walkingSeconds": 352, "band": 5}]}, "geometry": {"type": "Point", "coordinates": [-122.1269302, 47.676136]}}, {"type": "Feature", "properties": {"id": "2f2eb1fc-50cc-4a84-b5a5-3da05fa9c0a0", "name": "Heron Flats & Lofts", "category": "attraction", "tags": ["attraction", "landmark", "historical", "building"], "sources": ["overture"], "website": "https://www.bozzuto.com/apartments-for-rent/wa/redmond/the-heron-flats-and-lofts?utm_source=SocialMedia&utm_medium=social-media&utm_campaign=TheHeronFlatsandLofts_Facebook", "phone": "+14256298710", "address": "7662 159th Pl NE", "stations": [{"stopCode": 65, "lines": "2", "name": "Downtown Redmond Station", "walkingMeters": 289, "walkingSeconds": 222, "band": 5}]}, "geometry": {"type": "Point", "coordinates": [-122.1276245, 47.6729279]}}, {"type": "Feature", "properties": {"id": "8e99f21d-5284-42bd-b1b5-3dbfbc550af1", "name": "The Carter on the Park", "category": "attraction", "tags": ["attraction", "landmark", "historical", "building"], "sources": ["overture"], "website": "https://www.liveatthecarter.com", "phone": "+14255376359", "address": "7508 159th Pl NE", "stations": [{"stopCode": 65, "lines": "2", "name": "Downtown Redmond Station", "walkingMeters": 342, "walkingSeconds": 262, "band": 5}]}, "geometry": {"type": "Point", "coordinates": [-122.1276245, 47.6721916]}}, {"type": "Feature", "properties": {"id": "21053793-5ab2-4779-b2d7-c2e4c47c0f5c", "name": "New Original Art", "category": "gallery", "tags": ["gallery", "art"], "sources": ["overture"], "website": "http://www.neworiginalart.com/", "phone": "8583538667", "address": "7508 159th Pl NE Unit 521", "stations": [{"stopCode": 65, "lines": "2", "name": "Downtown Redmond Station", "walkingMeters": 334, "walkingSeconds": 256, "band": 5}]}, "geometry": {"type": "Point", "coordinates": [-122.1278381, 47.6723366]}}, {"type": "Feature", "properties": {"id": "743ba456-acc5-48d4-931c-38d8a8fc1bbd", "name": "Blackbird", "category": "attraction", "tags": ["attraction", "landmark", "historical", "building"], "sources": ["overture"], "website": "https://www.blackbirdredmond.com/?utm_knock=sm", "phone": "+12065671683", "address": "7601 159th Pl NE", "stations": [{"stopCode": 65, "lines": "2", "name": "Downtown Redmond Station", "walkingMeters": 319, "walkingSeconds": 243, "band": 5}]}, "geometry": {"type": "Point", "coordinates": [-122.1280746, 47.6728363]}}, {"type": "Feature", "properties": {"id": "7ef2499a-a593-4d84-88fc-c579c70cb987", "name": "Radiate", "category": "attraction", "tags": ["attraction", "landmark", "historical", "building"], "sources": ["overture"], "website": "https://www.radiateapartments.com/", "phone": "+14255330020", "address": "15808 Bear Creek Pkwy", "stations": [{"stopCode": 65, "lines": "2", "name": "Downtown Redmond Station", "walkingMeters": 309, "walkingSeconds": 236, "band": 5}]}, "geometry": {"type": "Point", "coordinates": [-122.1287231, 47.6738052]}}, {"type": "Feature", "properties": {"id": "c1ee124a-9aa6-4300-a2b6-e57bf6cff7a3", "name": "Modera River Trail", "category": "attraction", "tags": ["attraction", "landmark", "historical", "building"], "sources": ["overture"], "website": "https://www.moderarivertrail.com/?switch_cls%5Bid%5D=95046&utm_source=Facebook%2FInstagram&utm_medium=Community+Listing", "phone": "+12066906007", "address": "15881 NE 85th St", "stations": [{"stopCode": 65, "lines": "2", "name": "Downtown Redmond Station", "walkingMeters": 830, "walkingSeconds": 609, "band": 10}]}, "geometry": {"type": "Point", "coordinates": [-122.1290588, 47.6783524]}}, {"type": "Feature", "properties": {"id": "eaf3c9bf-fc55-4898-a5a1-c8e392b9947c", "name": "Avalon ParcSquare", "category": "attraction", "tags": ["attraction", "landmark", "historical", "building"], "sources": ["overture"], "website": "https://www.avaloncommunities.com/washington/redmond-apartments/avalon-parcsquare?utm_source=gmb&utm_medium=organic&utm_campaign=gmblist", "phone": "+14252855366", "address": "16080 NE 85th St", "stations": [{"stopCode": 65, "lines": "2", "name": "Downtown Redmond Station", "walkingMeters": 724, "walkingSeconds": 531, "band": 10}]}, "geometry": {"type": "Point", "coordinates": [-122.12603, 47.6786118]}}, {"type": "Feature", "properties": {"id": 3900547445, "name": "Giggle Jungle", "category": "playground", "tags": ["playground"], "sources": ["osm"], "website": "https://www.gigglejungle.com/", "phone": "+1-425-558-3600", "address": "7330 164th Avenue Northeast", "stations": [{"stopCode": 65, "lines": "2", "name": "Downtown Redmond Station", "walkingMeters": 537, "walkingSeconds": 393, "band": 10}]}, "geometry": {"type": "Point", "coordinates": [-122.1212908, 47.6700511]}}, {"type": "Feature", "properties": {"id": 4853806256, "name": "Doolittle Art Garden", "category": "garden", "tags": ["garden"], "sources": ["osm"], "stations": [{"stopCode": 65, "lines": "2", "name": "Downtown Redmond Station", "walkingMeters": 832, "walkingSeconds": 611, "band": 10}]}, "geometry": {"type": "Point", "coordinates": [-122.1278208, 47.6792209]}}, {"type": "Feature", "properties": {"id": 12150382566, "name": "Sensory Garden", "category": "playground", "tags": ["playground"], "sources": ["osm"], "stations": [{"stopCode": 65, "lines": "2", "name": "Downtown Redmond Station", "walkingMeters": 473, "walkingSeconds": 347, "band": 10}]}, "geometry": {"type": "Point", "coordinates": [-122.1217701, 47.6705782]}}, {"type": "Feature", "properties": {"id": 29691854, "name": "Heron Rookery Park", "category": "park", "tags": ["park"], "sources": ["osm"], "website": "https://www.redmond.gov/Facilities/Facility/Details/Heron-Rookery-39", "phone": "+1-425-556-2300", "address": "7529 Leary Way", "hours": "dawn-dusk", "stations": [{"stopCode": 65, "lines": "2", "name": "Downtown Redmond Station", "walkingMeters": 272, "walkingSeconds": 206, "band": 5}]}, "geometry": {"type": "Point", "coordinates": [-122.1259555, 47.6721587]}}, {"type": "Feature", "properties": {"id": 31928094, "name": "The Edge Skate Park", "category": "park", "tags": ["park", "skateboard", "wheelchair-accessible"], "sources": ["osm"], "website": "https://www.redmond.gov/Facilities/Facility/Details/The-Edge-Skate-Park-60", "phone": "+1-425-556-2300", "address": "8300 161st Avenue Northeast", "hours": "dawn-dusk", "stations": [{"stopCode": 65, "lines": "2", "name": "Downtown Redmond Station", "walkingMeters": 553, "walkingSeconds": 406, "band": 10}]}, "geometry": {"type": "Point", "coordinates": [-122.1249333, 47.6770937]}}, {"type": "Feature", "properties": {"id": 238108677, "name": "Downtown Park", "category": "park", "tags": ["park", "wheelchair-accessible", "dog-friendly"], "sources": ["osm", "overture"], "website": "http://www.redmond.gov/DowntownPark", "phone": "+14255562300", "address": "16101 Redmond Wy", "hours": "dawn-23:00", "stations": [{"stopCode": 65, "lines": "2", "name": "Downtown Redmond Station", "walkingMeters": 184, "walkingSeconds": 141, "band": 5}]}, "geometry": {"type": "Point", "coordinates": [-122.124773, 47.6742302]}}, {"type": "Feature", "properties": {"id": 296620644, "name": "Redmond Central Connector Park", "category": "park", "tags": ["park"], "sources": ["osm"], "website": "https://www.redmond.gov/Facilities/Facility/Details/Redmond-Central-Connector-Park-12", "phone": "+1-425-556-2300", "hours": "dawn-23:00", "stations": [{"stopCode": 65, "lines": "2", "name": "Downtown Redmond Station", "walkingMeters": 152, "walkingSeconds": 123, "band": 5}]}, "geometry": {"type": "Point", "coordinates": [-122.1265366, 47.6732933]}}, {"type": "Feature", "properties": {"id": "093728a3-1d76-4319-b688-4870205e6d5c", "name": "Redmond Central Connector Park", "category": "park", "tags": ["park"], "sources": ["overture"], "website": "https://www.traillink.com/trail/redmond-central-connector/", "phone": "+14255562723", "address": "161st Avenue Northeast", "stations": [{"stopCode": 65, "lines": "2", "name": "Downtown Redmond Station", "walkingMeters": 59, "walkingSeconds": 50, "band": 5}]}, "geometry": {"type": "Point", "coordinates": [-122.1253891, 47.6731987]}}, {"type": "Feature", "properties": {"id": 296802865, "name": "Dudley Carter Park", "category": "park", "tags": ["park"], "sources": ["osm", "overture"], "website": "http://www.ci.redmond.wa.us/cms/one.aspx?portalId=169&pageId=31525", "phone": "+14258697447", "address": "7447 159th Pl NE", "hours": "dawn-dusk", "stations": [{"stopCode": 65, "lines": "2", "name": "Downtown Redmond Station", "walkingMeters": 446, "walkingSeconds": 331, "band": 5}]}, "geometry": {"type": "Point", "coordinates": [-122.1278949, 47.6711906]}}, {"type": "Feature", "properties": {"id": 490140126, "name": "O'Leary Park", "category": "park", "tags": ["park"], "sources": ["osm"], "website": "https://www.redmond.gov/Facilities/Facility/Details/OLeary-Park-90", "phone": "+1-425-556-2300", "address": "78 Leary Way Northeast", "hours": "dawn-dusk", "stations": [{"stopCode": 65, "lines": "2", "name": "Downtown Redmond Station", "walkingMeters": 263, "walkingSeconds": 206, "band": 5}]}, "geometry": {"type": "Point", "coordinates": [-122.1230672, 47.6741421]}}, {"type": "Feature", "properties": {"id": 490141438, "name": "Flagpole Plaza Park", "category": "park", "tags": ["park"], "sources": ["osm"], "website": "https://www.redmond.gov/Facilities/Facility/Details/Flagpole-Plaza-Park-89", "phone": "+1-425-556-2300", "address": "16380 Redmond Way", "hours": "dawn-dusk", "stations": [{"stopCode": 65, "lines": "2", "name": "Downtown Redmond Station", "walkingMeters": 356, "walkingSeconds": 274, "band": 5}]}, "geometry": {"type": "Point", "coordinates": [-122.1217672, 47.6741894]}}, {"type": "Feature", "properties": {"id": 29197380, "name": "Residence Inn Seattle East/Redmond", "category": "hotel", "tags": ["hotel", "wifi"], "sources": ["osm"], "website": "https://www.marriott.com/seard", "phone": "+1-425-497-9226", "address": "7575 164th Avenue Northeast", "stations": [{"stopCode": 65, "lines": "2", "name": "Downtown Redmond Station", "walkingMeters": 303, "walkingSeconds": 234, "band": 5}]}, "geometry": {"type": "Point", "coordinates": [-122.1222192, 47.6720591]}}, {"type": "Feature", "properties": {"id": 47413267, "name": "Redmond Marriott Town Center", "category": "hotel", "tags": ["hotel"], "sources": ["osm"], "address": "7401 164th Avenue Northeast", "stations": [{"stopCode": 65, "lines": "2", "name": "Downtown Redmond Station", "walkingMeters": 376, "walkingSeconds": 287, "band": 5}]}, "geometry": {"type": "Point", "coordinates": [-122.1222156, 47.6711803]}}, {"type": "Feature", "properties": {"id": "6de539eb-64b7-408d-b9b1-366b8126c781", "name": "Seattle Marriott Redmond", "category": "hotel", "tags": ["hotel"], "sources": ["overture"], "website": "https://www.marriott.com/en-us/hotels/seamc-seattle-marriott-redmond/overview/?scid=d2406702-e8ea-4b45-bb9b-69cddaaef03d", "phone": "+14254984000", "address": "7401 164th Ave NE", "stations": [{"stopCode": 65, "lines": "2", "name": "Downtown Redmond Station", "walkingMeters": 427, "walkingSeconds": 314, "band": 5}]}, "geometry": {"type": "Point", "coordinates": [-122.1219177, 47.6709709]}}, {"type": "Feature", "properties": {"id": "7c91d79b-73b9-46d1-8771-dae6e07ddd4a", "name": "Residence Inn by Marriott", "category": "hotel", "tags": ["hotel"], "sources": ["overture"], "website": "https://www.marriott.com/en-us/hotels/seard-residence-inn-seattle-east-redmond/overview/?scid=d2406702-e8ea-4b45-bb9b-69cddaaef03d", "phone": "+14254979226", "address": "7575 164th Ave NE", "stations": [{"stopCode": 65, "lines": "2", "name": "Downtown Redmond Station", "walkingMeters": 284, "walkingSeconds": 211, "band": 5}]}, "geometry": {"type": "Point", "coordinates": [-122.1217957, 47.6721725]}}, {"type": "Feature", "properties": {"id": "0c1d9d89-bffa-4d7e-8d77-721e81e6d66e", "name": "M&T B&B - \u897f\u96c5\u5716\u6c11\u5bbf", "category": "guest_house", "tags": ["guest-house", "bed", "breakfast"], "sources": ["overture"], "website": "http://mtadventure2010.weebly.com/remond-town-center.html", "phone": "+14252986076", "address": "16141 Cleveland St", "stations": [{"stopCode": 65, "lines": "2", "name": "Downtown Redmond Station", "walkingMeters": 138, "walkingSeconds": 107, "band": 5}]}, "geometry": {"type": "Point", "coordinates": [-122.1254501, 47.6738243]}}, {"type": "Feature", "properties": {"id": 1104250373, "name": "7-Eleven", "category": "convenience", "tags": ["convenience", "delivery"], "sources": ["osm", "overture"], "website": "https://www.7-eleven.com/", "phone": "+14258855676", "address": "8316 164th Ave NE", "hours": "24/7", "stations": [{"stopCode": 65, "lines": "2", "name": "Downtown Redmond Station", "walkingMeters": 681, "walkingSeconds": 511, "band": 10}]}, "geometry": {"type": "Point", "coordinates": [-122.1211174, 47.6769425]}}, {"type": "Feature", "properties": {"id": 419324624, "name": "QFC", "category": "supermarket", "tags": ["supermarket", "wheelchair-accessible"], "sources": ["osm", "overture"], "website": "https://www.qfc.com/stores/grocery/wa/redmond/redmond/705/00820?cid=loc_70500820_fb", "phone": "+14258852311", "address": "15800 Redmond Wy", "hours": "Mo-Su 00:00-01:00,05:00-24:00", "stations": [{"stopCode": 65, "lines": "2", "name": "Downtown Redmond Station", "walkingMeters": 500, "walkingSeconds": 371, "band": 10}]}, "geometry": {"type": "Point", "coordinates": [-122.128898, 47.6756673]}}, {"type": "Feature", "properties": {"id": 1076268999, "name": "Trader Joe's", "category": "supermarket", "tags": ["supermarket"], "sources": ["osm", "overture"], "website": "https://locations.traderjoes.com/wa/redmond/140/", "phone": "+14258831624", "address": "15932 Redmond Way", "hours": "Mo-Su 08:00-21:00", "stations": [{"stopCode": 65, "lines": "2", "name": "Downtown Redmond Station", "walkingMeters": 432, "walkingSeconds": 322, "band": 5}]}, "geometry": {"type": "Point", "coordinates": [-122.1279042, 47.6756999]}}, {"type": "Feature", "properties": {"id": 1076252074, "name": "Redmond Cigars And Tobacco", "category": "tobacco", "tags": ["tobacco"], "sources": ["osm", "overture"], "website": "http://redmondcigars.com", "phone": "+14253760839", "address": "15786 Redmond Wy", "stations": [{"stopCode": 65, "lines": "2", "name": "Downtown Redmond Station", "walkingMeters": 582, "walkingSeconds": 430, "band": 10}]}, "geometry": {"type": "Point", "coordinates": [-122.1298595, 47.6756582]}}, {"type": "Feature", "properties": {"id": 1199361915, "name": "Purewag", "category": "pet", "tags": ["pet"], "sources": ["osm"], "website": "https://www.purewag.com", "phone": "+1 206-833-6041", "address": "8070 160th Avenue Northeast", "hours": "Mo-Sa 09:30-19:00; Su 10:00-18:00", "stations": [{"stopCode": 65, "lines": "2", "name": "Downtown Redmond Station", "walkingMeters": 412, "walkingSeconds": 306, "band": 5}]}, "geometry": {"type": "Point", "coordinates": [-122.1272991, 47.6756372]}}, {"type": "Feature", "properties": {"id": 1239340078, "name": "White House Black Market", "category": "clothes", "tags": ["clothes", "womens"], "sources": ["osm", "overture"], "website": "https://www.whitehouseblackmarket.com/locations/us/wa/redmond/7330-164th-ave-ne/", "phone": "+14258815609", "address": "7330 164th Ave NE Ste E122", "hours": "Mo-Sa 10:00-20:00; Su 11:00-19:00", "stations": [{"stopCode": 65, "lines": "2", "name": "Downtown Redmond Station", "walkingMeters": 560, "walkingSeconds": 410, "band": 10}]}, "geometry": {"type": "Point", "coordinates": [-122.1205553, 47.6702825]}}, {"type": "Feature", "properties": {"id": 3965457128, "name": "Gap", "category": "clothes", "tags": ["clothes"], "sources": ["osm", "overture"], "website": "https://www.gap.com/stores/wa/redmond/gap-1716.html", "phone": "+14258699772", "address": "7430 164th Ave NE B115", "hours": "Mo-Sa 10:00-20:00; Su 11:00-19:00", "stations": [{"stopCode": 65, "lines": "2", "name": "Downtown Redmond Station", "walkingMeters": 516, "walkingSeconds": 378, "band": 10}]}, "geometry": {"type": "Point", "coordinates": [-122.1208999, 47.6707046]}}, {"type": "Feature", "properties": {"id": 31928105, "name": "Half Price Books", "category": "books", "tags": ["books", "wifi"], "sources": ["osm"], "website": "https://www.hpb.com/054", "phone": "+1-425-702-2499", "address": "7805 Leary Way Northeast", "hours": "Mo-Su,PH 09:00-22:00; Dec 25 off", "stations": [{"stopCode": 65, "lines": "2", "name": "Downtown Redmond Station", "walkingMeters": 153, "walkingSeconds": 117, "band": 5}]}, "geometry": {"type": "Point", "coordinates": [-122.1236289, 47.6732038]}}, {"type": "Feature", "properties": {"id": 4789555208, "name": "Evereve", "category": "clothes", "tags": ["clothes", "womens"], "sources": ["osm", "overture"], "website": "https://evereve.com/?utm_source=fb&utm_medium=listings&utm_campaign=yext", "phone": "+14256584890", "address": "7430 164th Ave NE Ste B125", "hours": "Mo-Sa 10:00-20:00; Su 11:00-18:00", "stations": [{"stopCode": 65, "lines": "2", "name": "Downtown Redmond Station", "walkingMeters": 553, "walkingSeconds": 404, "band": 10}]}, "geometry": {"type": "Point", "coordinates": [-122.120437, 47.6705944]}}, {"type": "Feature", "properties": {"id": 326181635, "name": "ExtraMile", "category": "convenience", "tags": ["convenience"], "sources": ["osm"], "address": "16010 Redmond Way", "stations": [{"stopCode": 65, "lines": "2", "name": "Downtown Redmond Station", "walkingMeters": 358, "walkingSeconds": 267, "band": 5}]}, "geometry": {"type": "Point", "coordinates": [-122.1267964, 47.675219]}}, {"type": "Feature", "properties": {"id": 4789555203, "name": "Bath & Body Works", "category": "cosmetics", "tags": ["cosmetics"], "sources": ["osm"], "website": "https://bathandbodyworks.com", "phone": "+1-425-558-9210", "hours": "Mo-Sa 10:00-20:00; Su 11:00-19:00", "stations": [{"stopCode": 65, "lines": "2", "name": "Downtown Redmond Station", "walkingMeters": 545, "walkingSeconds": 399, "band": 10}]}, "geometry": {"type": "Point", "coordinates": [-122.1206525, 47.670336]}}, {"type": "Feature", "properties": {"id": 3731225641, "name": "Tanishq", "category": "jewelry", "tags": ["jewelry"], "sources": ["osm"], "website": "https://www.tanishq.com/storeDetails?storeId=XWS", "phone": "+1-425-289-7888", "address": "7325 166th Avenue Northeast", "hours": "We-Mo 12:00-19:30", "stations": [{"stopCode": 65, "lines": "2", "name": "Downtown Redmond Station", "walkingMeters": 608, "walkingSeconds": 444, "band": 10}]}, "geometry": {"type": "Point", "coordinates": [-122.1200378, 47.6700668]}}, {"type": "Feature", "properties": {"id": 31928059, "name": "Christian Science Reading Room", "category": "books", "tags": ["books"], "sources": ["osm"], "address": "8010 160th Avenue Northeast", "hours": "Mo,We,Fr 11:00-18:00; Tu,Th 11:00-20:00; Sa 11:00-15:00", "stations": [{"stopCode": 65, "lines": "2", "name": "Downtown Redmond Station", "walkingMeters": 381, "walkingSeconds": 284, "band": 5}]}, "geometry": {"type": "Point", "coordinates": [-122.1271708, 47.6753813]}}, {"type": "Feature", "properties": {"id": 4350380190, "name": "Element Cycles", "category": "bicycle", "tags": ["bicycle"], "sources": ["osm"], "address": "15932 Redmond Way", "hours": "Tu-Fr 11:00-18:00; Sa 12:00-18:00; Su 11:00-17:00", "stations": [{"stopCode": 65, "lines": "2", "name": "Downtown Redmond Station", "walkingMeters": 484, "walkingSeconds": 360, "band": 10}]}, "geometry": {"type": "Point", "coordinates": [-122.127935, 47.6760148]}}, {"type": "Feature", "properties": {"id": 4353378409, "name": "LivSavvy", "category": "tobacco", "tags": ["tobacco"], "sources": ["osm"], "address": "7981 Leary Way", "stations": [{"stopCode": 65, "lines": "2", "name": "Downtown Redmond Station", "walkingMeters": 302, "walkingSeconds": 234, "band": 5}]}, "geometry": {"type": "Point", "coordinates": [-122.1227023, 47.6745845]}}, {"type": "Feature", "properties": {"id": 4353378440, "name": "La Quemada Tienda Mexicana", "category": "convenience", "tags": ["convenience"], "sources": ["osm"], "stations": [{"stopCode": 65, "lines": "2", "name": "Downtown Redmond Station", "walkingMeters": 276, "walkingSeconds": 215, "band": 5}]}, "geometry": {"type": "Point", "coordinates": [-122.1233434, 47.6746801]}}, {"type": "Feature", "properties": {"id": 4353378471, "name": "Higher Leaf Cannabis", "category": "cannabis", "tags": ["cannabis"], "sources": ["osm"], "website": "https://www.higherleaf.com/", "address": "15935 Northeast Redmond Way", "hours": "Mo-Su 11:00-19:00", "stations": [{"stopCode": 65, "lines": "2", "name": "Downtown Redmond Station", "walkingMeters": 361, "walkingSeconds": 274, "band": 5}]}, "geometry": {"type": "Point", "coordinates": [-122.1287239, 47.6744036]}}, {"type": "Feature", "properties": {"id": 7682083221, "name": "Trek", "category": "bicycle", "tags": ["bicycle"], "sources": ["osm"], "address": "16389 Redmond Way", "hours": "Mo-Sa 10:00-18:00; Su 12:00-17:00", "stations": [{"stopCode": 65, "lines": "2", "name": "Downtown Redmond Station", "walkingMeters": 324, "walkingSeconds": 251, "band": 5}]}, "geometry": {"type": "Point", "coordinates": [-122.1218155, 47.6738243]}}, {"type": "Feature", "properties": {"id": 4789555192, "name": "Fuego", "category": "gift", "tags": ["gift"], "sources": ["osm"], "website": "http://www.shopfuego.com/", "phone": "+1-425-497-1622", "stations": [{"stopCode": 65, "lines": "2", "name": "Downtown Redmond Station", "walkingMeters": 601, "walkingSeconds": 439, "band": 10}]}, "geometry": {"type": "Point", "coordinates": [-122.1200408, 47.6701292]}}, {"type": "Feature", "properties": {"id": 4789555204, "name": "Daiso Japan", "category": "variety_store", "tags": ["variety-store"], "sources": ["osm"], "address": "7330 164th Avenue Northeast", "hours": "Mo-Su 10:00-20:00", "stations": [{"stopCode": 65, "lines": "2", "name": "Downtown Redmond Station", "walkingMeters": 523, "walkingSeconds": 383, "band": 10}]}, "geometry": {"type": "Point", "coordinates": [-122.120934, 47.6704059]}}, {"type": "Feature", "properties": {"id": 4789555207, "name": "Brick & Mortar Books", "category": "books", "tags": ["books"], "sources": ["osm", "overture"], "website": "http://brickandmortarbooks.com/", "phone": "+14258690606", "address": "7430 164th Ave NE Ste B105", "hours": "Mo-Sa 10:00-20:00, Su 11:00-19:00", "stations": [{"stopCode": 65, "lines": "2", "name": "Downtown Redmond Station", "walkingMeters": 503, "walkingSeconds": 368, "band": 10}]}, "geometry": {"type": "Point", "coordinates": [-122.1210619, 47.6707458]}}, {"type": "Feature", "properties": {"id": 4792797657, "name": "Getty Jewellers", "category": "jewelry", "tags": ["jewelry"], "sources": ["osm", "overture"], "website": "http://gettyjewelers.placeweb.site", "phone": "+14258691905", "address": "7330 164th Ave NE Suite E245", "hours": "Mo-Sa 10:00-19:00; Su 11:00-18:00", "stations": [{"stopCode": 65, "lines": "2", "name": "Downtown Redmond Station", "walkingMeters": 599, "walkingSeconds": 438, "band": 10}]}, "geometry": {"type": "Point", "coordinates": [-122.1203768, 47.670014]}}, {"type": "Feature", "properties": {"id": 5872680158, "name": "McDonald's Book Exchange", "category": "books", "tags": ["books", "wheelchair-accessible"], "sources": ["osm"], "address": "7969 Gilman Street", "hours": "Fr 10:00-18:00; Tu-Th,Sa 10:00-16:00", "stations": [{"stopCode": 65, "lines": "2", "name": "Downtown Redmond Station", "walkingMeters": 334, "walkingSeconds": 258, "band": 5}]}, "geometry": {"type": "Point", "coordinates": [-122.1220839, 47.6743242]}}, {"type": "Feature", "properties": {"id": 12117684425, "name": "Styled With Claire", "category": "clothes", "tags": ["clothes", "womens"], "sources": ["osm", "overture"], "website": "http://www.styledwithclaire.com/", "phone": "+14256475737", "address": "7865 Leary Way NE", "stations": [{"stopCode": 65, "lines": "2", "name": "Downtown Redmond Station", "walkingMeters": 219, "walkingSeconds": 174, "band": 5}]}, "geometry": {"type": "Point", "coordinates": [-122.1230437, 47.6739161]}}, {"type": "Feature", "properties": {"id": 12877545798, "name": "Shalimar Grocery", "category": "convenience", "tags": ["convenience"], "sources": ["osm"], "stations": [{"stopCode": 65, "lines": "2", "name": "Downtown Redmond Station", "walkingMeters": 496, "walkingSeconds": 377, "band": 10}]}, "geometry": {"type": "Point", "coordinates": [-122.1206168, 47.6745232]}}, {"type": "Feature", "properties": {"id": 12877578665, "name": "The Metal Shop", "category": "jewelry", "tags": ["jewelry"], "sources": ["osm"], "stations": [{"stopCode": 65, "lines": "2", "name": "Downtown Redmond Station", "walkingMeters": 432, "walkingSeconds": 320, "band": 5}]}, "geometry": {"type": "Point", "coordinates": [-122.1270321, 47.675636]}}, {"type": "Feature", "properties": {"id": 12877578666, "name": "Landscape Inspired Gallery", "category": "art", "tags": ["art"], "sources": ["osm"], "address": "8149 161st Avenue Northeast", "stations": [{"stopCode": 65, "lines": "2", "name": "Downtown Redmond Station", "walkingMeters": 491, "walkingSeconds": 363, "band": 5}]}, "geometry": {"type": "Point", "coordinates": [-122.1270367, 47.6761001]}}, {"type": "Feature", "properties": {"id": 13182442472, "name": "Gap Kids", "category": "clothes", "tags": ["clothes"], "sources": ["osm"], "address": "7430 164th Avenue Northeast", "hours": "Mo-Sa 10:00-20:00; Su 11:00-19:00", "stations": [{"stopCode": 65, "lines": "2", "name": "Downtown Redmond Station", "walkingMeters": 512, "walkingSeconds": 374, "band": 10}]}, "geometry": {"type": "Point", "coordinates": [-122.1209526, 47.6707172]}}, {"type": "Feature", "properties": {"id": 14106724900, "name": "World of Smoke & Vape", "category": "tobacco", "tags": ["tobacco"], "sources": ["osm"], "address": "16390 Cleveland Street", "stations": [{"stopCode": 65, "lines": "2", "name": "Downtown Redmond Station", "walkingMeters": 274, "walkingSeconds": 216, "band": 5}]}, "geometry": {"type": "Point", "coordinates": [-122.121814, 47.6732439]}}, {"type": "Feature", "properties": {"id": 31928107, "name": "Hashtag Cannabis and Supply Company", "category": "cannabis", "tags": ["cannabis"], "sources": ["osm"], "website": "https://shop.seattlehashtag.com/redmond", "phone": "+1-425-256-3148", "address": "7829 Leary Way Northeast", "hours": "Su-We 09:00-23:00; Th-Sa 09:00-23:45", "stations": [{"stopCode": 65, "lines": "2", "name": "Downtown Redmond Station", "walkingMeters": 146, "walkingSeconds": 121, "band": 5}]}, "geometry": {"type": "Point", "coordinates": [-122.1235067, 47.673342]}}, {"type": "Feature", "properties": {"id": 35993645, "name": "Origins Cannabis", "category": "cannabis", "tags": ["cannabis"], "sources": ["osm"], "address": "16390 Cleveland Street", "stations": [{"stopCode": 65, "lines": "2", "name": "Downtown Redmond Station", "walkingMeters": 278, "walkingSeconds": 218, "band": 5}]}, "geometry": {"type": "Point", "coordinates": [-122.1217476, 47.6732567]}}, {"type": "Feature", "properties": {"id": 90045101, "name": "Edge & Spoke", "category": "bicycle", "tags": ["bicycle"], "sources": ["osm"], "website": "https://www.edgeandspoke.com/", "phone": "+1-425-883-7544", "address": "7875 Leary Way Northeast", "hours": "Mo-Fr 10:00-19:00; Sa 10:00-17:00; Su 12:00-17:00", "stations": [{"stopCode": 65, "lines": "2", "name": "Downtown Redmond Station", "walkingMeters": 238, "walkingSeconds": 187, "band": 5}]}, "geometry": {"type": "Point", "coordinates": [-122.1231271, 47.6740453]}}, {"type": "Feature", "properties": {"id": "5d897657-b321-4506-9ab1-b4fdef4de50a", "name": "Quality Food Center", "category": "supermarket", "tags": ["supermarket"], "sources": ["overture"], "website": "https://www.qfc.com/stores/grocery/wa/redmond/redmond/705/00820", "address": "15800 Redmond Way", "stations": [{"stopCode": 65, "lines": "2", "name": "Downtown Redmond Station", "walkingMeters": 539, "walkingSeconds": 402, "band": 10}]}, "geometry": {"type": "Point", "coordinates": [-122.1286774, 47.6758575]}}, {"type": "Feature", "properties": {"id": "19ec0de3-81b0-48b7-b195-ca041d8ce1cb", "name": "ASHER GOODS Co.", "category": "clothes", "tags": ["clothes", "mens"], "sources": ["overture"], "website": "https://www.ashergoods.com/", "phone": "4258984937", "address": "7325 166th Ave NE F112", "stations": [{"stopCode": 65, "lines": "2", "name": "Downtown Redmond Station", "walkingMeters": 597, "walkingSeconds": 436, "band": 10}]}, "geometry": {"type": "Point", "coordinates": [-122.120079, 47.6701622]}}, {"type": "Feature", "properties": {"id": "e030b404-6900-4ad2-98a8-a6440510f025", "name": "Aio Remodeling Solutions", "category": "doityourself", "tags": ["doityourself", "home", "improvement"], "sources": ["overture"], "website": "http://aioremodelingsolutions.com/", "phone": "+14258910663", "address": "15790 Redmond Wy #1018", "stations": [{"stopCode": 65, "lines": "2", "name": "Downtown Redmond Station", "walkingMeters": 607, "walkingSeconds": 453, "band": 10}]}, "geometry": {"type": "Point", "coordinates": [-122.1296692, 47.6758232]}}, {"type": "Feature", "properties": {"id": "87954d21-12e3-4efb-abb0-bb873b862712", "name": "Traci's Organic Paws Shoppe", "category": "pet", "tags": ["pet"], "sources": ["overture"], "website": "http://www.tracisorganicpawsshoppe.com/", "phone": "+12067799947", "address": "15808 NE 83rd St", "stations": [{"stopCode": 65, "lines": "2", "name": "Downtown Redmond Station", "walkingMeters": 705, "walkingSeconds": 526, "band": 10}]}, "geometry": {"type": "Point", "coordinates": [-122.129715, 47.6767845]}}, {"type": "Feature", "properties": {"id": "249dbb0c-b8ec-43f9-88a0-2306a99f9171", "name": "One Hour Device Repair", "category": "mobile_phone", "tags": ["mobile-phone", "mobile"], "sources": ["overture"], "website": "http://onehourdevicerepair.com", "phone": "(425) 869-6999", "address": "15806 Bear Creek Pkwy #101", "stations": [{"stopCode": 65, "lines": "2", "name": "Downtown Redmond Station", "walkingMeters": 406, "walkingSeconds": 306, "band": 5}]}, "geometry": {"type": "Point", "coordinates": [-122.1293716, 47.6739235]}}, {"type": "Feature", "properties": {"id": "fe3bcc5a-1f6e-4cfe-8c4f-be63938eefdb", "name": "Fuego / Attic Salt", "category": "gift", "tags": ["gift"], "sources": ["overture"], "website": "https://www.shopfuego.com/", "phone": "4252724002", "address": "16519 NE 74th St", "stations": [{"stopCode": 65, "lines": "2", "name": "Downtown Redmond Station", "walkingMeters": 637, "walkingSeconds": 475, "band": 10}]}, "geometry": {"type": "Point", "coordinates": [-122.120079, 47.6701469]}}, {"type": "Feature", "properties": {"id": "77c2ed56-e11a-4cea-9b97-06cd2aa5d5f4", "name": "Iq Play", "category": "toys", "tags": ["toys"], "sources": ["overture"], "address": "7430 164th Ave Ne Ste B115", "stations": [{"stopCode": 65, "lines": "2", "name": "Downtown Redmond Station", "walkingMeters": 516, "walkingSeconds": 385, "band": 10}]}, "geometry": {"type": "Point", "coordinates": [-122.1208496, 47.6708145]}}, {"type": "Feature", "properties": {"id": "0f3b89eb-db01-4658-a0b9-f22362e223d1", "name": "Trio", "category": "clothes", "tags": ["clothes", "womens"], "sources": ["overture"], "website": "trio.dev", "phone": "+14253697331", "address": "7430 164th Ave Ne Ste B135", "stations": [{"stopCode": 65, "lines": "2", "name": "Downtown Redmond Station", "walkingMeters": 516, "walkingSeconds": 385, "band": 10}]}, "geometry": {"type": "Point", "coordinates": [-122.1208496, 47.6708145]}}, {"type": "Feature", "properties": {"id": "68276799-d1fa-4414-9219-b2998aef732b", "name": "Hideaway Boutique", "category": "clothes", "tags": ["clothes", "womens"], "sources": ["overture"], "phone": "+14252859875", "address": "7945 Gilman St", "stations": [{"stopCode": 65, "lines": "2", "name": "Downtown Redmond Station", "walkingMeters": 305, "walkingSeconds": 228, "band": 5}]}, "geometry": {"type": "Point", "coordinates": [-122.1221008, 47.6742668]}}, {"type": "Feature", "properties": {"id": "8c43950d-43e8-45b6-91e3-91ddc82175cb", "name": "Origins Cannabis Redmond", "category": "cannabis", "tags": ["cannabis", "clinic"], "sources": ["overture"], "website": "https://www.originscannabis.com", "phone": "+14252980170", "address": "16390 Cleveland St", "stations": [{"stopCode": 65, "lines": "2", "name": "Downtown Redmond Station", "walkingMeters": 274, "walkingSeconds": 215, "band": 5}]}, "geometry": {"type": "Point", "coordinates": [-122.1218185, 47.6732483]}}, {"type": "Feature", "properties": {"id": "3cb7446a-2c1b-42f6-9535-4166d057be93", "name": "Valley Furniture & Interiors", "category": "furniture", "tags": ["furniture"], "sources": ["overture"], "website": "http://www.valley-furniture.com", "phone": "(425) 885-4222", "address": "8200 164th Ave NE", "stations": [{"stopCode": 65, "lines": "2", "name": "Downtown Redmond Station", "walkingMeters": 552, "walkingSeconds": 418, "band": 10}]}, "geometry": {"type": "Point", "coordinates": [-122.1213684, 47.6762009]}}, {"type": "Feature", "properties": {"id": "3198ad36-563a-472f-b5bb-a26d01b15750", "name": "Oriental Modesty Fashion", "category": "clothes", "tags": ["clothes"], "sources": ["overture"], "website": "https://www.modesty.store/blogs/news/contact-us", "phone": "19162211394", "address": "8201 164th Ave NE", "stations": [{"stopCode": 65, "lines": "2", "name": "Downtown Redmond Station", "walkingMeters": 526, "walkingSeconds": 393, "band": 10}]}, "geometry": {"type": "Point", "coordinates": [-122.1221695, 47.6763763]}}, {"type": "Feature", "properties": {"id": "d7cfaebe-9494-4ec8-80f8-ee005078cdab", "name": "Carniceria y Tienda Mexicana", "category": "supermarket", "tags": ["supermarket", "mexican"], "sources": ["overture"], "website": "http://www.laislacuisine.com/", "phone": "+14258832212", "address": "16260 Redmond Wy Ste 2", "stations": [{"stopCode": 65, "lines": "2", "name": "Downtown Redmond Station", "walkingMeters": 277, "walkingSeconds": 216, "band": 5}]}, "geometry": {"type": "Point", "coordinates": [-122.1233826, 47.6747017]}}, {"type": "Feature", "properties": {"id": "47ad5f6e-3cbb-497f-880f-e8ce8dffb43f", "name": "Redmond Work & Western Wear", "category": "clothes", "tags": ["clothes"], "sources": ["overture"], "website": "http://redmondworkandwesternwear.com/", "phone": "+14258833484", "address": "7829 Leary Wy NE", "stations": [{"stopCode": 65, "lines": "2", "name": "Downtown Redmond Station", "walkingMeters": 145, "walkingSeconds": 121, "band": 5}]}, "geometry": {"type": "Point", "coordinates": [-122.1235123, 47.6733627]}}, {"type": "Feature", "properties": {"id": "c6c9c227-d80c-4bc1-9e77-c927ab6596f3", "name": "Wolverine World Wide", "category": "shoes", "tags": ["shoes", "shoe"], "sources": ["overture"], "website": "https://www.wolverineworldwide.com", "phone": "(206) 319-0246", "address": "7829 Leary Way NE", "stations": [{"stopCode": 65, "lines": "2", "name": "Downtown Redmond Station", "walkingMeters": 153, "walkingSeconds": 117, "band": 5}]}, "geometry": {"type": "Point", "coordinates": [-122.1236496, 47.6732216]}}, {"type": "Feature", "properties": {"id": "fe8b7456-0ad3-47d8-b79d-bc7fb5a638d7", "name": "Calm Living", "category": "furniture", "tags": ["furniture"], "sources": ["overture"], "website": "https://calmliving.com", "phone": "(425) 588-8776", "address": "16175 Cleveland St Ste 103", "stations": [{"stopCode": 65, "lines": "2", "name": "Downtown Redmond Station", "walkingMeters": 160, "walkingSeconds": 132, "band": 5}]}, "geometry": {"type": "Point", "coordinates": [-122.1243896, 47.6735382]}}, {"type": "Feature", "properties": {"id": "aa23c5f7-7efa-41a2-8ece-edc9957c7070", "name": "HM-Pro LLC", "category": "doityourself", "tags": ["doityourself", "home", "improvement"], "sources": ["overture"], "website": "https://www.hmproseattle.com", "phone": "(206) 530-0018", "stations": [{"stopCode": 65, "lines": "2", "name": "Downtown Redmond Station", "walkingMeters": 338, "walkingSeconds": 259, "band": 5}]}, "geometry": {"type": "Point", "coordinates": [-122.1227036, 47.6713943]}}, {"type": "Feature", "properties": {"id": "c257b775-b8c1-4bca-8c99-d1efafb976b8", "name": "Small Threads for Kids", "category": "clothes", "tags": ["clothes", "childrens"], "sources": ["overture"], "website": "https://www.smallthreadsforkids.com/contact-us", "phone": "(425) 869-7174", "address": "8215 160th Ave NE", "stations": [{"stopCode": 65, "lines": "2", "name": "Downtown Redmond Station", "walkingMeters": 532, "walkingSeconds": 397, "band": 10}]}, "geometry": {"type": "Point", "coordinates": [-122.1278458, 47.6762581]}}, {"type": "Feature", "properties": {"id": "d28dc4a1-de18-428f-88df-c16883e3a042", "name": "Lucky Dog Equipment Redmond Center", "category": "pet", "tags": ["pet"], "sources": ["overture"], "website": "http://www.petpros.org", "phone": "(425) 556-1430", "address": "15946 Redmond Way Ste 104", "stations": [{"stopCode": 65, "lines": "2", "name": "Downtown Redmond Station", "walkingMeters": 397, "walkingSeconds": 293, "band": 5}]}, "geometry": {"type": "Point", "coordinates": [-122.1276932, 47.6750641]}}, {"type": "Feature", "properties": {"id": "54315eaf-dd0c-4efe-8b1c-aecfc1027ab9", "name": "Always Greener Downtown Redmond", "category": "cannabis", "tags": ["cannabis"], "sources": ["overture"], "website": "alwaysgreenerdispensary.com", "phone": "14258696295", "address": "15937 Redmond Way  Ste 101", "stations": [{"stopCode": 65, "lines": "2", "name": "Downtown Redmond Station", "walkingMeters": 393, "walkingSeconds": 297, "band": 5}]}, "geometry": {"type": "Point", "coordinates": [-122.1285934, 47.6743927]}}, {"type": "Feature", "properties": {"id": "9fe291f3-703a-4255-82db-62e69ebc19d1", "name": "Danielson Jewelers", "category": "jewelry", "tags": ["jewelry"], "sources": ["overture"], "website": "https://www.danielsonjewelers.com", "phone": "14258833805", "address": "8693 161st Ave Ne  Ste 2", "stations": [{"stopCode": 65, "lines": "2", "name": "Downtown Redmond Station", "walkingMeters": 850, "walkingSeconds": 622, "band": 10}]}, "geometry": {"type": "Point", "coordinates": [-122.1258926, 47.679493]}}, {"type": "Feature", "properties": {"id": 11040020050, "name": "Indigo Urgent Care", "category": "clinic", "tags": ["clinic"], "sources": ["osm"], "website": "https://www.indigohealth.com/locations/urgent-care-redmond/", "hours": "Mo-Su 08:00-20:00", "stations": [{"stopCode": 65, "lines": "2", "name": "Downtown Redmond Station", "walkingMeters": 398, "walkingSeconds": 294, "band": 5}]}, "geometry": {"type": "Point", "coordinates": [-122.1277235, 47.6750775]}}, {"type": "Feature", "properties": {"id": 3518714008, "name": "Kaiser Permanente Redmond Medical Center at Riverpark", "category": "hospital", "tags": ["hospital"], "sources": ["osm"], "phone": "+1-888-901-4636", "stations": [{"stopCode": 65, "lines": "2", "name": "Downtown Redmond Station", "walkingMeters": 356, "walkingSeconds": 270, "band": 5}]}, "geometry": {"type": "Point", "coordinates": [-122.129091, 47.6732863]}}, {"type": "Feature", "properties": {"id": "fba14c78-88a8-4a4a-b16f-d04148c1a621", "name": "Overlake Medical Clinics", "category": "clinic", "tags": ["clinic", "medical"], "sources": ["overture"], "website": "https://www.overlakehospital.org", "phone": "(425) 635-6430", "address": "16315 NE 74th St", "stations": [{"stopCode": 65, "lines": "2", "name": "Downtown Redmond Station", "walkingMeters": 388, "walkingSeconds": 289, "band": 5}]}, "geometry": {"type": "Point", "coordinates": [-122.1226883, 47.6709023]}}, {"type": "Feature", "properties": {"id": 8321228518, "name": "Any Lab Test Now", "category": "clinic", "tags": ["clinic"], "sources": ["osm"], "address": "16150 Northeast 85th Street", "hours": "Mo-Fr 08:00-17:00; Sa 09:00-14:00", "stations": [{"stopCode": 65, "lines": "2", "name": "Downtown Redmond Station", "walkingMeters": 788, "walkingSeconds": 576, "band": 10}]}, "geometry": {"type": "Point", "coordinates": [-122.1247103, 47.6789482]}}, {"type": "Feature", "properties": {"id": 8703280984, "name": "Kaiser Permanente", "category": "pharmacy", "tags": ["pharmacy"], "sources": ["osm"], "hours": "Mo-Fr 08:15-17:15, Sa-Su closed", "stations": [{"stopCode": 65, "lines": "2", "name": "Downtown Redmond Station", "walkingMeters": 391, "walkingSeconds": 295, "band": 5}]}, "geometry": {"type": "Point", "coordinates": [-122.1290129, 47.6731969]}}, {"type": "Feature", "properties": {"id": "fff31bfa-db79-48df-8ae2-37be8325aeb3", "name": "Pharmacy | Kaiser Permanente Redmond Medical Center At Riverpark", "category": "pharmacy", "tags": ["pharmacy"], "sources": ["overture"], "website": "https://wa.kaiserpermanente.org/html/public/locations/tacoma", "phone": "14258826150", "address": "15809 Bear Creek Pkwy  Ste 100", "stations": [{"stopCode": 65, "lines": "2", "name": "Downtown Redmond Station", "walkingMeters": 429, "walkingSeconds": 322, "band": 5}]}, "geometry": {"type": "Point", "coordinates": [-122.1292877, 47.673317]}}, {"type": "Feature", "properties": {"id": "cb5a18fd-cbc2-4cd0-bddb-5c62f54ee7a8", "name": "EvergreenHealth Primary Care, Redmond Town Center", "category": "clinic", "tags": ["clinic", "medical"], "sources": ["overture"], "website": "https://www.evergreenhealth.com/locations/locations-profile/primary-care-redmond-town-center/?utm_source=EH-PC-REDTOWNCTR&utm_campaign=Local-Listings&utm_medium=Bing-Places", "phone": "4255228312", "address": "7345 164th Ave NE Ste I-105", "stations": [{"stopCode": 65, "lines": "2", "name": "Downtown Redmond Station", "walkingMeters": 497, "walkingSeconds": 364, "band": 10}]}, "geometry": {"type": "Point", "coordinates": [-122.1217651, 47.6703529]}}, {"type": "Feature", "properties": {"id": "a8b089bd-09a9-4e08-81a9-3b9e84934bf8", "name": "Health Point", "category": "clinic", "tags": ["clinic", "medical"], "sources": ["overture"], "website": "http://healthpointchc.org", "phone": "+14258821697", "address": "16315 NE 87th St # B6", "stations": [{"stopCode": 65, "lines": "2", "name": "Downtown Redmond Station", "walkingMeters": 588, "walkingSeconds": 439, "band": 10}]}, "geometry": {"type": "Point", "coordinates": [-122.126297, 47.6771431]}}, {"type": "Feature", "properties": {"id": "8fba9179-32c1-42a4-92dd-8d78a299d9a8", "name": "healthpoint", "category": "clinic", "tags": ["clinic", "medical"], "sources": ["overture"], "website": "http://healthpointchc.org", "phone": "(425) 882-1697", "address": "16315 NE 87th St", "stations": [{"stopCode": 65, "lines": "2", "name": "Downtown Redmond Station", "walkingMeters": 917, "walkingSeconds": 681, "band": 15}]}, "geometry": {"type": "Point", "coordinates": [-122.1222305, 47.6794014]}}, {"type": "Feature", "properties": {"id": "7f95fdbe-2a4a-427b-a2b6-a4946fee2bee", "name": "Pharmaca Integrative Pharmacy", "category": "pharmacy", "tags": ["pharmacy"], "sources": ["overture"], "website": "https://www.pharmacarx.com/pharmaca-integrative-pharmacy-redmond/", "phone": "4258852323", "address": "15840 Redmond Way", "stations": [{"stopCode": 65, "lines": "2", "name": "Downtown Redmond Station", "walkingMeters": 451, "walkingSeconds": 336, "band": 5}]}, "geometry": {"type": "Point", "coordinates": [-122.1281509, 47.6756325]}}, {"type": "Feature", "properties": {"id": "f3e0b75c-5273-4e71-bb54-8232abac1569", "name": "Redmond Medical Center", "category": "clinic", "tags": ["clinic", "medical"], "sources": ["overture"], "website": "https://healthy.kaiserpermanente.org/washington/facilities/redmond-medical-center-339003", "address": "15809 Bear Creek Pkwy Ste 100, Clinic upstairs in Ste 200", "stations": [{"stopCode": 65, "lines": "2", "name": "Downtown Redmond Station", "walkingMeters": 344, "walkingSeconds": 257, "band": 5}]}, "geometry": {"type": "Point", "coordinates": [-122.1283188, 47.6734238]}}, {"type": "Feature", "properties": {"id": "d61d6247-1a5d-46a6-831b-720b1fa9d80c", "name": "Providence ElderPlace - Redmond", "category": "clinic", "tags": ["clinic", "medical"], "sources": ["overture"], "website": "https://www.providence.org/locations/wa/elderplace-redmond?ls=location&y_source=1_MTUwMTY2NzctNDgzLWxvY2F0aW9uLndlYnNpdGU%3D", "phone": "2063205325", "address": "8632 160th Ave NE, Suite 120", "stations": [{"stopCode": 65, "lines": "2", "name": "Downtown Redmond Station", "walkingMeters": 884, "walkingSeconds": 646, "band": 15}]}, "geometry": {"type": "Point", "coordinates": [-122.127449, 47.6798859]}}, {"type": "Feature", "properties": {"id": 1504529246, "name": "KeyBank", "category": "bank", "tags": ["bank"], "sources": ["osm"], "address": "16401 Redmond Way", "hours": "Mo-Th 09:00-17:00; Fr 09:00-18:00; Sa 10:00-13:30", "stations": [{"stopCode": 65, "lines": "2", "name": "Downtown Redmond Station", "walkingMeters": 360, "walkingSeconds": 277, "band": 5}]}, "geometry": {"type": "Point", "coordinates": [-122.1211842, 47.6735505]}}, {"type": "Feature", "properties": {"id": 31929043, "name": "Wells Fargo", "category": "bank", "tags": ["bank", "credit", "union"], "sources": ["osm", "overture"], "phone": "4258856531", "address": "8502 160th Ave NE", "hours": "Mo-Fr 09:00-17:00; Sa 09:00-14:00", "stations": [{"stopCode": 65, "lines": "2", "name": "Downtown Redmond Station", "walkingMeters": 840, "walkingSeconds": 614, "band": 10}]}, "geometry": {"type": "Point", "coordinates": [-122.1268574, 47.6789986]}}, {"type": "Feature", "properties": {"id": 4353378407, "name": "Chase", "category": "bank", "tags": ["bank", "wheelchair-accessible"], "sources": ["osm"], "address": "8010 164th Avenue Northeast", "hours": "Mo-Fr 09:00-17:00; Sa 09:00-13:00", "stations": [{"stopCode": 65, "lines": "2", "name": "Downtown Redmond Station", "walkingMeters": 430, "walkingSeconds": 330, "band": 10}]}, "geometry": {"type": "Point", "coordinates": [-122.1212855, 47.675051]}}, {"type": "Feature", "properties": {"id": 7682083222, "name": "HomeStreet Bank", "category": "bank", "tags": ["bank", "credit", "union"], "sources": ["osm", "overture"], "website": "https://www.homestreet.com/locations/redmond", "phone": "4256291255", "address": "16389 Redmond Way Ste 100", "hours": "Mo-Th 09:00-17:00; Fr 09:00-18:00", "stations": [{"stopCode": 65, "lines": "2", "name": "Downtown Redmond Station", "walkingMeters": 339, "walkingSeconds": 262, "band": 5}]}, "geometry": {"type": "Point", "coordinates": [-122.1216708, 47.6737237]}}, {"type": "Feature", "properties": {"id": 2623009503, "name": "BECU", "category": "bank", "tags": ["bank"], "sources": ["osm"], "website": "https://www.becu.org/location/redmond-nfc.aspx", "address": "16325 Cleveland Street", "stations": [{"stopCode": 65, "lines": "2", "name": "Downtown Redmond Station", "walkingMeters": 296, "walkingSeconds": 229, "band": 5}]}, "geometry": {"type": "Point", "coordinates": [-122.121693, 47.6729521]}}, {"type": "Feature", "properties": {"id": 4353378403, "name": "Banner Bank", "category": "bank", "tags": ["bank", "wheelchair-accessible", "credit", "union"], "sources": ["osm", "overture"], "website": "https://locations.bannerbank.com/wa/redmond/7950-164th-ave-ne?y_source=1_ODQzOTU3Ny01NTktbG9jYXRpb24ud2Vic2l0ZQ%3D%3D", "phone": "+14258698558", "address": "7950 164th Ave NE", "hours": "Mo-Fr 09:00-17:00", "stations": [{"stopCode": 65, "lines": "2", "name": "Downtown Redmond Station", "walkingMeters": 418, "walkingSeconds": 321, "band": 10}]}, "geometry": {"type": "Point", "coordinates": [-122.1212801, 47.6747187]}}, {"type": "Feature", "properties": {"id": 4353378411, "name": "Columbia Bank", "category": "bank", "tags": ["bank", "credit", "union"], "sources": ["osm", "overture"], "website": "https://locations.umpquabank.com/wa/redmond/16200-redmond-way", "phone": "4255587500", "address": "16200 Redmond Way", "hours": "Mo-Fr 09:00-17:00", "stations": [{"stopCode": 65, "lines": "2", "name": "Downtown Redmond Station", "walkingMeters": 265, "walkingSeconds": 207, "band": 5}]}, "geometry": {"type": "Point", "coordinates": [-122.123929, 47.6746991]}}, {"type": "Feature", "properties": {"id": 90082901, "name": "Sound Credit Union", "category": "bank", "tags": ["bank", "wheelchair-accessible"], "sources": ["osm"], "website": "https://www.soundcu.com/branches/redmond/", "address": "16424 Northeast 79th Street", "hours": "Mo-Fr 09:00-17:30; Sa 09:00-13:00", "stations": [{"stopCode": 65, "lines": "2", "name": "Downtown Redmond Station", "walkingMeters": 396, "walkingSeconds": 303, "band": 5}]}, "geometry": {"type": "Point", "coordinates": [-122.1212627, 47.6741689]}}, {"type": "Feature", "properties": {"id": 12877545797, "name": "Mailbox & Shipping Center", "category": "post_office", "tags": ["post-office"], "sources": ["osm"], "address": "8151 164th Avenue Northeast", "hours": "Mo-Fr 10:00-17:00; Sa 10:00-14:00", "stations": [{"stopCode": 65, "lines": "2", "name": "Downtown Redmond Station", "walkingMeters": 527, "walkingSeconds": 400, "band": 10}]}, "geometry": {"type": "Point", "coordinates": [-122.121803, 47.6760945]}}, {"type": "Feature", "properties": {"id": 31927894, "name": "Redmond Library", "category": "library", "tags": ["library", "wheelchair-accessible", "air-conditioned"], "sources": ["osm", "overture"], "website": "https://kcls.org/locations/redmond/", "phone": "4258851861", "address": "15990 NE 85th St", "hours": "Mo 10:00-18:00; Tu-We 12:00-20:00; Th-Fr 10:00-18:00; Sa-Su 11:00-18:00", "stations": [{"stopCode": 65, "lines": "2", "name": "Downtown Redmond Station", "walkingMeters": 833, "walkingSeconds": 612, "band": 10}]}, "geometry": {"type": "Point", "coordinates": [-122.1281206, 47.678912]}}, {"type": "Feature", "properties": {"id": "c27cde21-d9fd-4dea-b858-a15e26ffb38a", "name": "Bank of America ATM", "category": "bank", "tags": ["bank", "credit", "union"], "sources": ["overture"], "phone": "8004426680", "address": "15800 Redmond Way", "stations": [{"stopCode": 65, "lines": "2", "name": "Downtown Redmond Station", "walkingMeters": 566, "walkingSeconds": 419, "band": 10}]}, "geometry": {"type": "Point", "coordinates": [-122.1288986, 47.676136]}}, {"type": "Feature", "properties": {"id": "98a21955-d78a-4ebc-a129-f63800abf7d4", "name": "TD Ameritrade", "category": "bank", "tags": ["bank", "credit", "union"], "sources": ["overture"], "website": "https://www.tdameritrade.com/locations/wa/redmond.html?cid=LCLSSCTASEA141744", "phone": "4254971283", "address": "8102 161st Ave NE Ste 160", "stations": [{"stopCode": 65, "lines": "2", "name": "Downtown Redmond Station", "walkingMeters": 444, "walkingSeconds": 328, "band": 10}]}, "geometry": {"type": "Point", "coordinates": [-122.1253052, 47.6763725]}}, {"type": "Feature", "properties": {"id": "49efc3cb-9d53-4c39-a7a7-4fbd539870f9", "name": "HSBC Bank", "category": "bank", "tags": ["bank", "credit", "union"], "sources": ["overture"], "website": "https://www.us.hsbc.com/", "phone": "8009754722", "address": "15946 Redmond Way Ste 101", "stations": [{"stopCode": 65, "lines": "2", "name": "Downtown Redmond Station", "walkingMeters": 400, "walkingSeconds": 295, "band": 5}]}, "geometry": {"type": "Point", "coordinates": [-122.1277008, 47.6750298]}}, {"type": "Feature", "properties": {"id": "021a5aee-e283-4cbb-b784-5353a97f1f37", "name": "USPS Collection Point", "category": "post_office", "tags": ["post-office", "office"], "sources": ["overture"], "website": "https://www.usps.com", "phone": "+18002758777", "address": "15800 Redmond Way", "stations": [{"stopCode": 65, "lines": "2", "name": "Downtown Redmond Station", "walkingMeters": 501, "walkingSeconds": 372, "band": 10}]}, "geometry": {"type": "Point", "coordinates": [-122.1289139, 47.6758156]}}, {"type": "Feature", "properties": {"id": "e00194fb-5e7d-45ee-88f1-67a9aeccdacf", "name": "Chase Home Lending", "category": "bank", "tags": ["bank", "credit", "union"], "sources": ["overture"], "website": "https://www.chase.com/locator/banking/us/wa/redmond/8010-164th-ave-ne", "phone": "+12069194762", "address": "8010 164th Ave NE", "stations": [{"stopCode": 65, "lines": "2", "name": "Downtown Redmond Station", "walkingMeters": 454, "walkingSeconds": 347, "band": 10}]}, "geometry": {"type": "Point", "coordinates": [-122.1211014, 47.6749916]}}, {"type": "Feature", "properties": {"id": 4353378457, "name": "Pure Barre", "category": "fitness_centre", "tags": ["fitness-centre", "pilates", "studio"], "sources": ["osm", "overture"], "website": "https://www.purebarre.com/location/redmond-wa", "phone": "+14256583915", "address": "16015 Cleveland St", "stations": [{"stopCode": 65, "lines": "2", "name": "Downtown Redmond Station", "walkingMeters": 346, "walkingSeconds": 257, "band": 5}]}, "geometry": {"type": "Point", "coordinates": [-122.127545, 47.6746802]}}, {"type": "Feature", "properties": {"id": 4353378450, "name": "Soma Pilates", "category": "fitness_centre", "tags": ["fitness-centre", "pilates"], "sources": ["osm"], "stations": [{"stopCode": 65, "lines": "2", "name": "Downtown Redmond Station", "walkingMeters": 120, "walkingSeconds": 94, "band": 5}]}, "geometry": {"type": "Point", "coordinates": [-122.1252146, 47.6737793]}}, {"type": "Feature", "properties": {"id": 4789555200, "name": "Stretch Lab", "category": "fitness_centre", "tags": ["fitness-centre"], "sources": ["osm"], "phone": "+1-425-658-0606", "address": "7330 164th Avenue Northeast", "hours": "Mo-Fr 09:00-19:00; Sa 09:00-17:00; Su 09:00-15:00", "stations": [{"stopCode": 65, "lines": "2", "name": "Downtown Redmond Station", "walkingMeters": 594, "walkingSeconds": 434, "band": 10}]}, "geometry": {"type": "Point", "coordinates": [-122.120374, 47.6700636]}}, {"type": "Feature", "properties": {"id": 4789555217, "name": "United Studios of Self Defense", "category": "fitness_centre", "tags": ["fitness-centre", "fitness"], "sources": ["osm"], "website": "http://redmond.fit4mom.com/", "phone": "+1-425-780-6297", "stations": [{"stopCode": 65, "lines": "2", "name": "Downtown Redmond Station", "walkingMeters": 494, "walkingSeconds": 362, "band": 10}]}, "geometry": {"type": "Point", "coordinates": [-122.1217452, 47.6703843]}}, {"type": "Feature", "properties": {"id": 11040165861, "name": "M\u00b2 Fitness", "category": "fitness_centre", "tags": ["fitness-centre", "fitness", "trainer"], "sources": ["osm", "overture"], "website": "http://www.m2-fitness.com/", "phone": "+14259688214", "address": "8102 161st Avenue Northeast #130", "hours": "Mo-Fr 05:00-20:00; Sa 07:00-13:00", "stations": [{"stopCode": 65, "lines": "2", "name": "Downtown Redmond Station", "walkingMeters": 518, "walkingSeconds": 381, "band": 10}]}, "geometry": {"type": "Point", "coordinates": [-122.1247046, 47.6764849]}}, {"type": "Feature", "properties": {"id": 11054982137, "name": "The Pursuit - Lagree Fitness", "category": "fitness_centre", "tags": ["fitness-centre"], "sources": ["osm"], "address": "16175 Cleveland Street", "stations": [{"stopCode": 65, "lines": "2", "name": "Downtown Redmond Station", "walkingMeters": 140, "walkingSeconds": 117, "band": 5}]}, "geometry": {"type": "Point", "coordinates": [-122.1241269, 47.6735077]}}, {"type": "Feature", "properties": {"id": 13182442475, "name": "FIT4MOM", "category": "fitness_centre", "tags": ["fitness-centre"], "sources": ["osm"], "website": "https://eastside.fit4mom.com/", "phone": "+1-425-686-8016", "address": "7430 164th Avenue Northeast", "stations": [{"stopCode": 65, "lines": "2", "name": "Downtown Redmond Station", "walkingMeters": 540, "walkingSeconds": 395, "band": 10}]}, "geometry": {"type": "Point", "coordinates": [-122.1205991, 47.6706291]}}, {"type": "Feature", "properties": {"id": "83d29a14-66e7-49fa-9cdb-3b9f23510b6b", "name": "Curves", "category": "fitness_centre", "tags": ["fitness-centre", "gym"], "sources": ["overture"], "website": "http://www.curves.com", "phone": "(425) 556-1364", "address": "8052 161st Ave NE", "stations": [{"stopCode": 65, "lines": "2", "name": "Downtown Redmond Station", "walkingMeters": 323, "walkingSeconds": 241, "band": 5}]}, "geometry": {"type": "Point", "coordinates": [-122.1253815, 47.675293]}}, {"type": "Feature", "properties": {"id": "0c6974e1-d847-45b6-a1a9-4a15e18167d1", "name": "Koko FitClub", "category": "fitness_centre", "tags": ["fitness-centre", "gym"], "sources": ["overture"], "website": "http://kokofitclub.com", "phone": "(425) 417-8108", "address": "16510 Suite R", "stations": [{"stopCode": 65, "lines": "2", "name": "Downtown Redmond Station", "walkingMeters": 373, "walkingSeconds": 286, "band": 5}]}, "geometry": {"type": "Point", "coordinates": [-122.1206741, 47.6731491]}}, {"type": "Feature", "properties": {"id": "c1e901a6-a8d2-4a28-bb12-cfccf6af6c33", "name": "Fulcrum Training Hall", "category": "fitness_centre", "tags": ["fitness-centre", "gym"], "sources": ["overture"], "website": "http://www.fulcrumtraininghall.com", "phone": "(425) 522-3523", "address": "7635 159th Pl NE", "stations": [{"stopCode": 65, "lines": "2", "name": "Downtown Redmond Station", "walkingMeters": 361, "walkingSeconds": 276, "band": 5}]}, "geometry": {"type": "Point", "coordinates": [-122.1283722, 47.6725235]}}, {"type": "Feature", "properties": {"id": "f2175a23-9a95-456c-8bfb-2e7357c1b6ea", "name": "Iron Tribe Fitness Redmond", "category": "fitness_centre", "tags": ["fitness-centre", "gym"], "sources": ["overture"], "website": "http://www.irontriberedmond.com/", "phone": "4255584766", "address": "8451 164th Ave NE Ste 100", "stations": [{"stopCode": 65, "lines": "2", "name": "Downtown Redmond Station", "walkingMeters": 774, "walkingSeconds": 573, "band": 10}]}, "geometry": {"type": "Point", "coordinates": [-122.1221848, 47.678009]}}, {"type": "Feature", "properties": {"id": "9afdb86b-32e3-450e-bbd9-5e2fc97688a9", "name": "The Infinite Backpack", "category": "fitness_centre", "tags": ["fitness-centre", "yoga", "studio"], "sources": ["overture"], "phone": "+14252707315", "address": "8151 164th Ave NE", "stations": [{"stopCode": 65, "lines": "2", "name": "Downtown Redmond Station", "walkingMeters": 482, "walkingSeconds": 360, "band": 10}]}, "geometry": {"type": "Point", "coordinates": [-122.1221695, 47.6760216]}}]}