{"type": "FeatureCollection", "features": [{"type": "Feature", "properties": {"id": "dbcc3b84-a2b5-4d26-998b-c73af126dab9", "name": "Starbucks", "category": "cafe", "tags": ["cafe", "coffee"], "sources": ["overture"], "phone": "2066242561", "address": "400 Occidental Ave S # Washington", "stations": [{"stopCode": 53, "lines": "1,2", "name": "International District Station", "walkingMeters": 493, "walkingSeconds": 354, "band": 10}, {"stopCode": 52, "lines": "1,2", "name": "Pioneer Square Station", "walkingMeters": 531, "walkingSeconds": 384, "band": 10}, {"stopCode": 51, "lines": "1,2", "name": "Symphony Station", "walkingMeters": 1175, "walkingSeconds": 850, "band": 15}]}, "geometry": {"type": "Point", "coordinates": [-122.3329239, 47.5990181]}}, {"type": "Feature", "properties": {"id": 663911505, "name": "Zeitgeist Coffee", "category": "cafe", "tags": ["cafe", "sandwich", "outdoor-seating", "takeaway", "wheelchair-accessible", "wifi", "coffee"], "sources": ["osm", "overture"], "website": "http://zeitgeistcoffee.com/", "phone": "+12065830497", "address": "171 S Jackson St", "hours": "Mo-Sa 06:00-18:00; Su 08:00-14:00", "stations": [{"stopCode": 53, "lines": "1,2", "name": "International District Station", "walkingMeters": 404, "walkingSeconds": 290, "band": 5}, {"stopCode": 52, "lines": "1,2", "name": "Pioneer Square Station", "walkingMeters": 486, "walkingSeconds": 352, "band": 10}, {"stopCode": 51, "lines": "1,2", "name": "Symphony Station", "walkingMeters": 1153, "walkingSeconds": 830, "band": 15}, {"stopCode": 54, "lines": "1", "name": "Stadium Station", "walkingMeters": 1220, "walkingSeconds": 878, "band": 15}]}, "geometry": {"type": "Point", "coordinates": [-122.331856, 47.599091]}}, {"type": "Feature", "properties": {"id": 2350575295, "name": "Hatback Bar & Grille", "category": "restaurant", "tags": ["restaurant", "american", "bar", "sports", "bar-and-grill"], "sources": ["osm", "overture"], "website": "http://www.hatback.com", "phone": "+12063464990", "address": "1201 1st Ave S", "stations": [{"stopCode": 54, "lines": "1", "name": "Stadium Station", "walkingMeters": 876, "walkingSeconds": 630, "band": 15}, {"stopCode": 53, "lines": "1,2", "name": "International District Station", "walkingMeters": 1191, "walkingSeconds": 859, "band": 15}]}, "geometry": {"type": "Point", "coordinates": [-122.33477, 47.5920086]}}, {"type": "Feature", "properties": {"id": 2351711948, "name": "Temple Billiards", "category": "bar", "tags": ["bar"], "sources": ["osm"], "phone": "+1-206-682-3242", "address": "126 South Jackson Street", "stations": [{"stopCode": 53, "lines": "1,2", "name": "International District Station", "walkingMeters": 513, "walkingSeconds": 371, "band": 10}, {"stopCode": 52, "lines": "1,2", "name": "Pioneer Square Station", "walkingMeters": 530, "walkingSeconds": 382, "band": 10}, {"stopCode": 51, "lines": "1,2", "name": "Symphony Station", "walkingMeters": 1172, "walkingSeconds": 844, "band": 15}]}, "geometry": {"type": "Point", "coordinates": [-122.333232, 47.5993131]}}, {"type": "Feature", "properties": {"id": 2351712237, "name": "Darkalino's", "category": "restaurant", "tags": ["restaurant", "italian", "indoor-seating"], "sources": ["osm", "overture"], "website": "http://darkalinos.com", "phone": "+12069054377", "address": "300 Occidental Ave S", "hours": "Tu-Sa 11:00-20:00; Su,Mo off", "stations": [{"stopCode": 52, "lines": "1,2", "name": "Pioneer Square Station", "walkingMeters": 443, "walkingSeconds": 319, "band": 5}, {"stopCode": 53, "lines": "1,2", "name": "International District Station", "walkingMeters": 547, "walkingSeconds": 395, "band": 10}, {"stopCode": 51, "lines": "1,2", "name": "Symphony Station", "walkingMeters": 1086, "walkingSeconds": 782, "band": 15}]}, "geometry": {"type": "Point", "coordinates": [-122.332691, 47.5999224]}}, {"type": "Feature", "properties": {"id": 2351712369, "name": "Cookie's Country Chicken", "category": "restaurant", "tags": ["restaurant", "chicken", "outdoor-seating", "indoor-seating", "comfort-food", "american"], "sources": ["osm", "overture"], "website": "https://www.cookiescountrychicken.com/location/cookies-country-chicken-pioneer-square/", "phone": "+12062824676", "address": "314 2nd Ave S", "hours": "Mo-Sa 11:00-19:00; Su 11:00-15:00", "stations": [{"stopCode": 53, "lines": "1,2", "name": "International District Station", "walkingMeters": 405, "walkingSeconds": 291, "band": 5}, {"stopCode": 52, "lines": "1,2", "name": "Pioneer Square Station", "walkingMeters": 430, "walkingSeconds": 311, "band": 5}, {"stopCode": 51, "lines": "1,2", "name": "Symphony Station", "walkingMeters": 1105, "walkingSeconds": 797, "band": 15}, {"stopCode": 54, "lines": "1", "name": "Stadium Station", "walkingMeters": 1221, "walkingSeconds": 878, "band": 15}]}, "geometry": {"type": "Point", "coordinates": [-122.331365, 47.5995086]}}, {"type": "Feature", "properties": {"id": 2351712377, "name": "Xtadium", "category": "bar", "tags": ["bar", "sports"], "sources": ["osm", "overture"], "website": "http://www.xtadium.com/", "phone": "+12065329568", "address": "315 2nd Ave S", "stations": [{"stopCode": 52, "lines": "1,2", "name": "Pioneer Square Station", "walkingMeters": 426, "walkingSeconds": 308, "band": 5}, {"stopCode": 53, "lines": "1,2", "name": "International District Station", "walkingMeters": 432, "walkingSeconds": 310, "band": 5}, {"stopCode": 51, "lines": "1,2", "name": "Symphony Station", "walkingMeters": 1092, "walkingSeconds": 786, "band": 15}, {"stopCode": 54, "lines": "1", "name": "Stadium Station", "walkingMeters": 1248, "walkingSeconds": 898, "band": 15}]}, "geometry": {"type": "Point", "coordinates": [-122.331842, 47.5995606]}}, {"type": "Feature", "properties": {"id": 2351712444, "name": "Caff\u00e8 Umbria", "category": "cafe", "tags": ["cafe", "coffee-shop", "outdoor-seating", "indoor-seating", "air-conditioned", "coffee"], "sources": ["osm", "overture"], "website": "http://www.caffeumbria.com", "phone": "+12066245847", "address": "320 Occidental Ave S", "hours": "Mo-Fr 07:00-17:00; Sa 07:00-16:00; Su 08:00-16:00", "stations": [{"stopCode": 53, "lines": "1,2", "name": "International District Station", "walkingMeters": 491, "walkingSeconds": 355, "band": 5}, {"stopCode": 52, "lines": "1,2", "name": "Pioneer Square Station", "walkingMeters": 503, "walkingSeconds": 362, "band": 5}, {"stopCode": 51, "lines": "1,2", "name": "Symphony Station", "walkingMeters": 1145, "walkingSeconds": 824, "band": 15}]}, "geometry": {"type": "Point", "coordinates": [-122.332689, 47.5993857]}}, {"type": "Feature", "properties": {"id": 2351712467, "name": "Gordo Steak", "category": "restaurant", "tags": ["restaurant", "mexican"], "sources": ["osm"], "address": "323 Occidental Avenue South", "stations": [{"stopCode": 53, "lines": "1,2", "name": "International District Station", "walkingMeters": 509, "walkingSeconds": 367, "band": 10}, {"stopCode": 52, "lines": "1,2", "name": "Pioneer Square Station", "walkingMeters": 510, "walkingSeconds": 368, "band": 10}, {"stopCode": 51, "lines": "1,2", "name": "Symphony Station", "walkingMeters": 1152, "walkingSeconds": 830, "band": 15}]}, "geometry": {"type": "Point", "coordinates": [-122.333092, 47.5993473]}}, {"type": "Feature", "properties": {"id": 2351723990, "name": "Footie On First", "category": "bar", "tags": ["bar"], "sources": ["osm"], "address": "313 1st Avenue South", "stations": [{"stopCode": 52, "lines": "1,2", "name": "Pioneer Square Station", "walkingMeters": 520, "walkingSeconds": 374, "band": 10}, {"stopCode": 53, "lines": "1,2", "name": "International District Station", "walkingMeters": 634, "walkingSeconds": 458, "band": 10}, {"stopCode": 51, "lines": "1,2", "name": "Symphony Station", "walkingMeters": 1095, "walkingSeconds": 788, "band": 15}]}, "geometry": {"type": "Point", "coordinates": [-122.334387, 47.5996048]}}, {"type": "Feature", "properties": {"id": 2351724001, "name": "Bar Sosta", "category": "bar", "tags": ["bar"], "sources": ["osm", "overture"], "website": "https://intermezzocarmine.com", "phone": "12065968940", "address": "409 1st Ave S", "stations": [{"stopCode": 52, "lines": "1,2", "name": "Pioneer Square Station", "walkingMeters": 606, "walkingSeconds": 436, "band": 10}, {"stopCode": 53, "lines": "1,2", "name": "International District Station", "walkingMeters": 629, "walkingSeconds": 452, "band": 10}, {"stopCode": 51, "lines": "1,2", "name": "Symphony Station", "walkingMeters": 1179, "walkingSeconds": 849, "band": 15}]}, "geometry": {"type": "Point", "coordinates": [-122.334414, 47.598848]}}, {"type": "Feature", "properties": {"id": 2351724002, "name": "The Dandy of King Street Crossing", "category": "bar", "tags": ["bar", "outdoor-seating"], "sources": ["osm"], "address": "411 1st Avenue South", "stations": [{"stopCode": 52, "lines": "1,2", "name": "Pioneer Square Station", "walkingMeters": 620, "walkingSeconds": 446, "band": 10}, {"stopCode": 53, "lines": "1,2", "name": "International District Station", "walkingMeters": 643, "walkingSeconds": 462, "band": 10}, {"stopCode": 51, "lines": "1,2", "name": "Symphony Station", "walkingMeters": 1193, "walkingSeconds": 859, "band": 15}]}, "geometry": {"type": "Point", "coordinates": [-122.334424, 47.5987253]}}, {"type": "Feature", "properties": {"id": 2351724006, "name": "Cowgirls Inc", "category": "bar", "tags": ["bar", "outdoor-seating", "bar-and-grill"], "sources": ["osm", "overture"], "website": "http://www.cowgirlsinc.com/", "phone": "+12063400777", "address": "421 1st Ave S", "stations": [{"stopCode": 52, "lines": "1,2", "name": "Pioneer Square Station", "walkingMeters": 644, "walkingSeconds": 463, "band": 10}, {"stopCode": 53, "lines": "1,2", "name": "International District Station", "walkingMeters": 667, "walkingSeconds": 479, "band": 10}, {"stopCode": 51, "lines": "1,2", "name": "Symphony Station", "walkingMeters": 1217, "walkingSeconds": 876, "band": 15}]}, "geometry": {"type": "Point", "coordinates": [-122.3344257, 47.5985061]}}, {"type": "Feature", "properties": {"id": 2351726151, "name": "Best Day Brewing", "category": "bar", "tags": ["bar"], "sources": ["osm"], "address": "119 South Jackson Street", "stations": [{"stopCode": 53, "lines": "1,2", "name": "International District Station", "walkingMeters": 520, "walkingSeconds": 374, "band": 10}, {"stopCode": 52, "lines": "1,2", "name": "Pioneer Square Station", "walkingMeters": 559, "walkingSeconds": 403, "band": 10}, {"stopCode": 51, "lines": "1,2", "name": "Symphony Station", "walkingMeters": 1189, "walkingSeconds": 856, "band": 15}]}, "geometry": {"type": "Point", "coordinates": [-122.333328, 47.5990995]}}, {"type": "Feature", "properties": {"id": 2351726173, "name": "Super Kim", "category": "restaurant", "tags": ["restaurant", "seafood", "thai", "vegetarian"], "sources": ["osm"], "website": "https://www.superkim.net/", "address": "166 South King Street", "stations": [{"stopCode": 53, "lines": "1,2", "name": "International District Station", "walkingMeters": 471, "walkingSeconds": 339, "band": 5}, {"stopCode": 52, "lines": "1,2", "name": "Pioneer Square Station", "walkingMeters": 570, "walkingSeconds": 412, "band": 10}, {"stopCode": 54, "lines": "1", "name": "Stadium Station", "walkingMeters": 1155, "walkingSeconds": 831, "band": 15}, {"stopCode": 51, "lines": "1,2", "name": "Symphony Station", "walkingMeters": 1234, "walkingSeconds": 888, "band": 15}]}, "geometry": {"type": "Point", "coordinates": [-122.3319039, 47.598428]}}, {"type": "Feature", "properties": {"id": 2351726182, "name": "King St Bar and Oven", "category": "bar", "tags": ["bar", "italian", "outdoor-seating"], "sources": ["osm"], "phone": "+1-206-749-9890", "address": "170 South King Street", "stations": [{"stopCode": 53, "lines": "1,2", "name": "International District Station", "walkingMeters": 483, "walkingSeconds": 347, "band": 5}, {"stopCode": 52, "lines": "1,2", "name": "Pioneer Square Station", "walkingMeters": 570, "walkingSeconds": 412, "band": 10}, {"stopCode": 54, "lines": "1", "name": "Stadium Station", "walkingMeters": 1166, "walkingSeconds": 839, "band": 15}, {"stopCode": 51, "lines": "1,2", "name": "Symphony Station", "walkingMeters": 1223, "walkingSeconds": 880, "band": 15}]}, "geometry": {"type": "Point", "coordinates": [-122.332055, 47.598432]}}, {"type": "Feature", "properties": {"id": 2351726219, "name": "Kingdome Deli", "category": "fast_food", "tags": ["fast-food", "sandwich", "deli", "delicatessen"], "sources": ["osm", "overture"], "website": "https://kingdomedeliseattle.cafecityguide.website", "phone": "12063321728", "address": "422 2nd Ave S", "stations": [{"stopCode": 53, "lines": "1,2", "name": "International District Station", "walkingMeters": 382, "walkingSeconds": 274, "band": 5}, {"stopCode": 52, "lines": "1,2", "name": "Pioneer Square Station", "walkingMeters": 489, "walkingSeconds": 354, "band": 10}, {"stopCode": 51, "lines": "1,2", "name": "Symphony Station", "walkingMeters": 1164, "walkingSeconds": 840, "band": 15}, {"stopCode": 54, "lines": "1", "name": "Stadium Station", "walkingMeters": 1190, "walkingSeconds": 856, "band": 15}]}, "geometry": {"type": "Point", "coordinates": [-122.3313422, 47.5989938]}}, {"type": "Feature", "properties": {"id": 2351730619, "name": "Jimmy's on First", "category": "bar", "tags": ["bar", "sports", "bar-and-grill", "american"], "sources": ["osm", "overture"], "website": "http://twitter.com/jimmysonfirst", "phone": "+12062049700", "address": "1046 1st Ave S", "hours": "Su-Th 07:00-22:00; Fr-Sa 07:00-23:00", "stations": [{"stopCode": 54, "lines": "1", "name": "Stadium Station", "walkingMeters": 762, "walkingSeconds": 550, "band": 10}, {"stopCode": 53, "lines": "1,2", "name": "International District Station", "walkingMeters": 1048, "walkingSeconds": 754, "band": 15}, {"stopCode": 52, "lines": "1,2", "name": "Pioneer Square Station", "walkingMeters": 1297, "walkingSeconds": 934, "band": 15}]}, "geometry": {"type": "Point", "coordinates": [-122.3335121, 47.5925675]}}, {"type": "Feature", "properties": {"id": 2351730634, "name": "Day Made Kaffe", "category": "cafe", "tags": ["cafe"], "sources": ["osm"], "address": "524 1st Avenue South", "stations": [{"stopCode": 53, "lines": "1,2", "name": "International District Station", "walkingMeters": 687, "walkingSeconds": 493, "band": 10}, {"stopCode": 52, "lines": "1,2", "name": "Pioneer Square Station", "walkingMeters": 709, "walkingSeconds": 510, "band": 10}, {"stopCode": 51, "lines": "1,2", "name": "Symphony Station", "walkingMeters": 1294, "walkingSeconds": 931, "band": 15}]}, "geometry": {"type": "Point", "coordinates": [-122.333939, 47.5977476]}}, {"type": "Feature", "properties": {"id": 2351730647, "name": "Elysian Fields", "category": "restaurant", "tags": ["restaurant", "bar", "brewery"], "sources": ["osm", "overture"], "website": "http://www.elysianbrewing.com/elysian-fields", "phone": "+12063824498", "address": "542 1st Ave S", "stations": [{"stopCode": 53, "lines": "1,2", "name": "International District Station", "walkingMeters": 770, "walkingSeconds": 553, "band": 10}, {"stopCode": 52, "lines": "1,2", "name": "Pioneer Square Station", "walkingMeters": 795, "walkingSeconds": 572, "band": 10}, {"stopCode": 54, "lines": "1", "name": "Stadium Station", "walkingMeters": 1257, "walkingSeconds": 904, "band": 15}]}, "geometry": {"type": "Point", "coordinates": [-122.333929, 47.5969985]}}, {"type": "Feature", "properties": {"id": 2351730672, "name": "The Hall on Occidental", "category": "pub", "tags": ["pub"], "sources": ["osm"], "website": "https://thehall.group/occidental", "address": "589 Occidental Avenue South", "stations": [{"stopCode": 53, "lines": "1,2", "name": "International District Station", "walkingMeters": 772, "walkingSeconds": 555, "band": 10}, {"stopCode": 52, "lines": "1,2", "name": "Pioneer Square Station", "walkingMeters": 1019, "walkingSeconds": 734, "band": 10}, {"stopCode": 54, "lines": "1", "name": "Stadium Station", "walkingMeters": 1139, "walkingSeconds": 819, "band": 15}]}, "geometry": {"type": "Point", "coordinates": [-122.3335749, 47.5960708]}}, {"type": "Feature", "properties": {"id": 2351730682, "name": "Friend Museum", "category": "cafe", "tags": ["cafe", "clothes", "museum"], "sources": ["osm", "overture"], "website": "http://friendmuseum.com/", "address": "83 S King St", "stations": [{"stopCode": 53, "lines": "1,2", "name": "International District Station", "walkingMeters": 672, "walkingSeconds": 482, "band": 10}, {"stopCode": 52, "lines": "1,2", "name": "Pioneer Square Station", "walkingMeters": 687, "walkingSeconds": 494, "band": 10}, {"stopCode": 51, "lines": "1,2", "name": "Symphony Station", "walkingMeters": 1262, "walkingSeconds": 909, "band": 15}]}, "geometry": {"type": "Point", "coordinates": [-122.334501, 47.5981435]}}, {"type": "Feature", "properties": {"id": "6073ce16-e904-4274-974c-330fcfe13158", "name": "MOD Pizza", "category": "fast_food", "tags": ["fast-food", "fast", "food", "pizza"], "sources": ["overture"], "website": "http://modpizza.com/locations/seattle-center/", "phone": "2064286315", "address": "305 Harrison St Ste 221", "stations": [{"stopCode": 52, "lines": "1,2", "name": "Pioneer Square Station", "walkingMeters": 521, "walkingSeconds": 375, "band": 10}, {"stopCode": 53, "lines": "1,2", "name": "International District Station", "walkingMeters": 672, "walkingSeconds": 485, "band": 10}, {"stopCode": 51, "lines": "1,2", "name": "Symphony Station", "walkingMeters": 1093, "walkingSeconds": 787, "band": 15}]}, "geometry": {"type": "Point", "coordinates": [-122.3345795, 47.5997772]}}, {"type": "Feature", "properties": {"id": 2365272365, "name": "Fat Shack", "category": "fast_food", "tags": ["fast-food", "american", "takeaway", "wheelchair-accessible", "restaurant", "burger"], "sources": ["osm", "overture"], "website": "https://www.fatshack.com/locations#washington", "phone": "+12066821139", "address": "200 S Jackson St", "stations": [{"stopCode": 53, "lines": "1,2", "name": "International District Station", "walkingMeters": 386, "walkingSeconds": 277, "band": 5}, {"stopCode": 52, "lines": "1,2", "name": "Pioneer Square Station", "walkingMeters": 449, "walkingSeconds": 325, "band": 5}, {"stopCode": 51, "lines": "1,2", "name": "Symphony Station", "walkingMeters": 1124, "walkingSeconds": 811, "band": 15}, {"stopCode": 54, "lines": "1", "name": "Stadium Station", "walkingMeters": 1202, "walkingSeconds": 864, "band": 15}]}, "geometry": {"type": "Point", "coordinates": [-122.331364, 47.5993352]}}, {"type": "Feature", "properties": {"id": "5550d956-5036-490e-8fe8-0e0e1ee542fe", "name": "Thai Ginger", "category": "restaurant", "tags": ["restaurant", "thai"], "sources": ["overture"], "website": "https://www.newthaiginger.com", "address": "1250 1st Ave S", "stations": [{"stopCode": 54, "lines": "1", "name": "Stadium Station", "walkingMeters": 470, "walkingSeconds": 351, "band": 15}]}, "geometry": {"type": "Point", "coordinates": [-122.3319626, 47.5907516]}}, {"type": "Feature", "properties": {"id": 2984031533, "name": "Edgar's Cantina", "category": "restaurant", "tags": ["restaurant", "mexican"], "sources": ["osm", "overture"], "website": "http://seattle.mariners.mlb.com/ballparks/stadium_maps.jsp?c_id=sea", "phone": "+12063464000", "address": "1250 1st Ave S", "stations": [{"stopCode": 54, "lines": "1", "name": "Stadium Station", "walkingMeters": 685, "walkingSeconds": 492, "band": 10}, {"stopCode": 53, "lines": "1,2", "name": "International District Station", "walkingMeters": 1083, "walkingSeconds": 779, "band": 15}]}, "geometry": {"type": "Point", "coordinates": [-122.3326577, 47.5920772]}}, {"type": "Feature", "properties": {"id": 2984031633, "name": "Hit It Here Caf\u00e9", "category": "cafe", "tags": ["cafe"], "sources": ["osm"], "website": "http://seattle.mariners.mlb.com/sea/ticketing/hit_it_here_cafe.jsp", "stations": [{"stopCode": 54, "lines": "1", "name": "Stadium Station", "walkingMeters": 661, "walkingSeconds": 475, "band": 15}]}, "geometry": {"type": "Point", "coordinates": [-122.331399, 47.5912862]}}, {"type": "Feature", "properties": {"id": 2998896933, "name": "The Hawks Nest", "category": "bar", "tags": ["bar", "sports"], "sources": ["osm", "overture"], "website": "http://www.hawksnestbar.com/", "phone": "(206) 381-8630", "address": "1028 1st Ave S", "stations": [{"stopCode": 54, "lines": "1", "name": "Stadium Station", "walkingMeters": 882, "walkingSeconds": 636, "band": 15}, {"stopCode": 53, "lines": "1,2", "name": "International District Station", "walkingMeters": 994, "walkingSeconds": 715, "band": 15}, {"stopCode": 52, "lines": "1,2", "name": "Pioneer Square Station", "walkingMeters": 1210, "walkingSeconds": 871, "band": 15}]}, "geometry": {"type": "Point", "coordinates": [-122.3339041, 47.5932683]}}, {"type": "Feature", "properties": {"id": 2998897033, "name": "Taylor Shellfish Oyster Bar", "category": "cafe", "tags": ["cafe", "seafood", "restaurant", "bar-and-grill"], "sources": ["osm", "overture"], "website": "https://www.taylorshellfishfarms.com/", "phone": "+12065014060", "address": "410 Occidental Ave S", "stations": [{"stopCode": 53, "lines": "1,2", "name": "International District Station", "walkingMeters": 505, "walkingSeconds": 363, "band": 10}, {"stopCode": 52, "lines": "1,2", "name": "Pioneer Square Station", "walkingMeters": 546, "walkingSeconds": 395, "band": 10}, {"stopCode": 51, "lines": "1,2", "name": "Symphony Station", "walkingMeters": 1199, "walkingSeconds": 863, "band": 15}, {"stopCode": 54, "lines": "1", "name": "Stadium Station", "walkingMeters": 1269, "walkingSeconds": 913, "band": 15}]}, "geometry": {"type": "Point", "coordinates": [-122.3326622, 47.5988248]}}, {"type": "Feature", "properties": {"id": 5109525722, "name": "13 Coins", "category": "restaurant", "tags": ["restaurant", "outdoor-seating", "indoor-seating", "theme", "american"], "sources": ["osm", "overture"], "website": "https://www.13coins.com/", "phone": "+12066822513", "address": "255 S King St", "stations": [{"stopCode": 53, "lines": "1,2", "name": "International District Station", "walkingMeters": 418, "walkingSeconds": 300, "band": 5}, {"stopCode": 52, "lines": "1,2", "name": "Pioneer Square Station", "walkingMeters": 596, "walkingSeconds": 433, "band": 10}, {"stopCode": 54, "lines": "1", "name": "Stadium Station", "walkingMeters": 1088, "walkingSeconds": 783, "band": 15}, {"stopCode": 51, "lines": "1,2", "name": "Symphony Station", "walkingMeters": 1272, "walkingSeconds": 919, "band": 15}]}, "geometry": {"type": "Point", "coordinates": [-122.3312068, 47.5981122]}}, {"type": "Feature", "properties": {"id": "d9c8806c-dc4b-4598-b854-4d4fcac5e381", "name": "Taco Bell", "category": "fast_food", "tags": ["fast-food", "fast", "food"], "sources": ["overture"], "website": "http://www.tacobell.com", "phone": "(206) 340-2621", "address": "1046 1st Ave S", "stations": [{"stopCode": 54, "lines": "1", "name": "Stadium Station", "walkingMeters": 779, "walkingSeconds": 562, "band": 10}, {"stopCode": 53, "lines": "1,2", "name": "International District Station", "walkingMeters": 1066, "walkingSeconds": 767, "band": 15}, {"stopCode": 52, "lines": "1,2", "name": "Pioneer Square Station", "walkingMeters": 1313, "walkingSeconds": 945, "band": 15}]}, "geometry": {"type": "Point", "coordinates": [-122.3337479, 47.5926628]}}, {"type": "Feature", "properties": {"id": 3336970592, "name": "Matsu", "category": "restaurant", "tags": ["restaurant", "outdoor-seating", "indoor-seating", "sushi", "japanese", "asian"], "sources": ["osm", "overture"], "website": "http://www.matsuseattle.com/", "phone": "+12062574259", "address": "501 Stadium Pl S", "stations": [{"stopCode": 53, "lines": "1,2", "name": "International District Station", "walkingMeters": 468, "walkingSeconds": 337, "band": 5}, {"stopCode": 52, "lines": "1,2", "name": "Pioneer Square Station", "walkingMeters": 590, "walkingSeconds": 429, "band": 10}, {"stopCode": 54, "lines": "1", "name": "Stadium Station", "walkingMeters": 1139, "walkingSeconds": 819, "band": 15}, {"stopCode": 51, "lines": "1,2", "name": "Symphony Station", "walkingMeters": 1261, "walkingSeconds": 907, "band": 15}]}, "geometry": {"type": "Point", "coordinates": [-122.3318513, 47.598071]}}, {"type": "Feature", "properties": {"id": "76b4095e-9f9c-45a6-a3ad-ff4b0dd190a0", "name": "Great State Burger", "category": "restaurant", "tags": ["restaurant", "burger"], "sources": ["overture"], "website": "https://www.greatstateburger.com", "address": "1250 1st Ave S", "stations": [{"stopCode": 54, "lines": "1", "name": "Stadium Station", "walkingMeters": 612, "walkingSeconds": 440, "band": 15}]}, "geometry": {"type": "Point", "coordinates": [-122.3319626, 47.5907516]}}, {"type": "Feature", "properties": {"id": 5680942727, "name": "General Porpoise Doughnuts - Pioneer Square", "category": "cafe", "tags": ["cafe", "donut"], "sources": ["osm"], "website": "https://www.gpdoughnuts.com/locations/pioneer-square", "phone": "+1-206-900-0965", "address": "401 1st Avenue South", "hours": "Mo-Fr 07:00-15:00; Sa-Su 08:00-15:00", "stations": [{"stopCode": 52, "lines": "1,2", "name": "Pioneer Square Station", "walkingMeters": 581, "walkingSeconds": 418, "band": 10}, {"stopCode": 53, "lines": "1,2", "name": "International District Station", "walkingMeters": 604, "walkingSeconds": 434, "band": 10}, {"stopCode": 51, "lines": "1,2", "name": "Symphony Station", "walkingMeters": 1154, "walkingSeconds": 831, "band": 15}]}, "geometry": {"type": "Point", "coordinates": [-122.3344279, 47.5990726]}}, {"type": "Feature", "properties": {"id": 5759106821, "name": "Great State Burger - Lumen Field", "category": "fast_food", "tags": ["fast-food", "burger"], "sources": ["osm"], "stations": [{"stopCode": 53, "lines": "1,2", "name": "International District Station", "walkingMeters": 761, "walkingSeconds": 547, "band": 15}, {"stopCode": 54, "lines": "1", "name": "Stadium Station", "walkingMeters": 1096, "walkingSeconds": 788, "band": 15}]}, "geometry": {"type": "Point", "coordinates": [-122.3323963, 47.594873]}}, {"type": "Feature", "properties": {"id": 5759106822, "name": "Great State Burger - T-Mobile Park", "category": "fast_food", "tags": ["fast-food", "burger"], "sources": ["osm"], "stations": [{"stopCode": 54, "lines": "1", "name": "Stadium Station", "walkingMeters": 706, "walkingSeconds": 508, "band": 15}]}, "geometry": {"type": "Point", "coordinates": [-122.3320017, 47.5909113]}}, {"type": "Feature", "properties": {"id": "c9b97d71-0a62-4d02-aea6-86c98a2f9e87", "name": "Third Culture Coffee", "category": "cafe", "tags": ["cafe", "coffee"], "sources": ["overture"], "website": "http://thirdculturecoffee.com", "phone": "+12062584121", "address": "323 1st Ave S", "stations": [{"stopCode": 52, "lines": "1,2", "name": "Pioneer Square Station", "walkingMeters": 580, "walkingSeconds": 417, "band": 10}, {"stopCode": 53, "lines": "1,2", "name": "International District Station", "walkingMeters": 621, "walkingSeconds": 448, "band": 10}, {"stopCode": 51, "lines": "1,2", "name": "Symphony Station", "walkingMeters": 1152, "walkingSeconds": 829, "band": 15}]}, "geometry": {"type": "Point", "coordinates": [-122.3345566, 47.599453]}}, {"type": "Feature", "properties": {"id": 10744058213, "name": "Zephyr", "category": "bar", "tags": ["bar"], "sources": ["osm"], "address": "South King Street", "stations": [{"stopCode": 53, "lines": "1,2", "name": "International District Station", "walkingMeters": 376, "walkingSeconds": 270, "band": 5}, {"stopCode": 52, "lines": "1,2", "name": "Pioneer Square Station", "walkingMeters": 582, "walkingSeconds": 427, "band": 10}, {"stopCode": 54, "lines": "1", "name": "Stadium Station", "walkingMeters": 1046, "walkingSeconds": 753, "band": 15}, {"stopCode": 51, "lines": "1,2", "name": "Symphony Station", "walkingMeters": 1295, "walkingSeconds": 932, "band": 15}]}, "geometry": {"type": "Point", "coordinates": [-122.330647, 47.5981511]}}, {"type": "Feature", "properties": {"id": 13166856001, "name": "Il Terrazzo Carmine", "category": "restaurant", "tags": ["restaurant", "italian", "european"], "sources": ["osm", "overture"], "website": "http://ilterrazzocarmine.com/", "phone": "+12064677797", "address": "411 1st Ave S", "hours": "Mo-Fr 11:30-15:00, 17:00-22:00; Sa 17:00-22:00", "stations": [{"stopCode": 52, "lines": "1,2", "name": "Pioneer Square Station", "walkingMeters": 646, "walkingSeconds": 465, "band": 10}, {"stopCode": 53, "lines": "1,2", "name": "International District Station", "walkingMeters": 674, "walkingSeconds": 484, "band": 10}, {"stopCode": 51, "lines": "1,2", "name": "Symphony Station", "walkingMeters": 1193, "walkingSeconds": 859, "band": 15}]}, "geometry": {"type": "Point", "coordinates": [-122.3346466, 47.5988284]}}, {"type": "Feature", "properties": {"id": 13429793931, "name": "Lowrider Brewing", "category": "pub", "tags": ["pub", "microbrew"], "sources": ["osm"], "website": "https://lowlanderbrewing.com", "address": "419 Occidental Avenue South", "stations": [{"stopCode": 53, "lines": "1,2", "name": "International District Station", "walkingMeters": 561, "walkingSeconds": 403, "band": 10}, {"stopCode": 52, "lines": "1,2", "name": "Pioneer Square Station", "walkingMeters": 600, "walkingSeconds": 433, "band": 10}, {"stopCode": 51, "lines": "1,2", "name": "Symphony Station", "walkingMeters": 1243, "walkingSeconds": 895, "band": 15}]}, "geometry": {"type": "Point", "coordinates": [-122.3331076, 47.5984388]}}, {"type": "Feature", "properties": {"id": 13641561802, "name": "Caf\u00e9 Three03", "category": "cafe", "tags": ["cafe", "coffee-shop", "wheelchair-accessible"], "sources": ["osm"], "address": "303 South Jackson Street", "hours": "Mo-Fr 07:00-18:00; Sa-Su 08:00-16:00", "stations": [{"stopCode": 53, "lines": "1,2", "name": "International District Station", "walkingMeters": 359, "walkingSeconds": 258, "band": 5}, {"stopCode": 52, "lines": "1,2", "name": "Pioneer Square Station", "walkingMeters": 554, "walkingSeconds": 407, "band": 10}, {"stopCode": 54, "lines": "1", "name": "Stadium Station", "walkingMeters": 1030, "walkingSeconds": 741, "band": 15}, {"stopCode": 51, "lines": "1,2", "name": "Symphony Station", "walkingMeters": 1266, "walkingSeconds": 912, "band": 15}]}, "geometry": {"type": "Point", "coordinates": [-122.3300756, 47.598229]}}, {"type": "Feature", "properties": {"id": 13768625386, "name": "Mio Oh Mio", "category": "restaurant", "tags": ["restaurant", "italian"], "sources": ["osm"], "website": "https://mioohmio.com/", "stations": [{"stopCode": 53, "lines": "1,2", "name": "International District Station", "walkingMeters": 585, "walkingSeconds": 420, "band": 10}, {"stopCode": 52, "lines": "1,2", "name": "Pioneer Square Station", "walkingMeters": 640, "walkingSeconds": 461, "band": 10}, {"stopCode": 51, "lines": "1,2", "name": "Symphony Station", "walkingMeters": 1271, "walkingSeconds": 915, "band": 15}]}, "geometry": {"type": "Point", "coordinates": [-122.3333904, 47.5984446]}}, {"type": "Feature", "properties": {"id": 14005160126, "name": "Un Po Tipsy", "category": "restaurant", "tags": ["restaurant", "pizza"], "sources": ["osm"], "hours": "Mo-Su 11:00-20:00", "stations": [{"stopCode": 53, "lines": "1,2", "name": "International District Station", "walkingMeters": 543, "walkingSeconds": 390, "band": 10}, {"stopCode": 52, "lines": "1,2", "name": "Pioneer Square Station", "walkingMeters": 582, "walkingSeconds": 419, "band": 10}, {"stopCode": 51, "lines": "1,2", "name": "Symphony Station", "walkingMeters": 1224, "walkingSeconds": 881, "band": 15}]}, "geometry": {"type": "Point", "coordinates": [-122.3331122, 47.5986532]}}, {"type": "Feature", "properties": {"id": "47608557-458d-42d2-9ff9-50e47803fe47", "name": "Kidd Valley", "category": "restaurant", "tags": ["restaurant", "burger"], "sources": ["overture"], "website": "https://kiddvalley.com", "address": "1250 1st Ave S", "stations": [{"stopCode": 54, "lines": "1", "name": "Stadium Station", "walkingMeters": 671, "walkingSeconds": 482, "band": 15}]}, "geometry": {"type": "Point", "coordinates": [-122.3319626, 47.5907516]}}, {"type": "Feature", "properties": {"id": 296331881, "name": "Sluggers", "category": "bar", "tags": ["bar"], "sources": ["osm"], "phone": "+1-206-654-8070", "address": "538 1st Avenue South", "stations": [{"stopCode": 53, "lines": "1,2", "name": "International District Station", "walkingMeters": 753, "walkingSeconds": 541, "band": 10}, {"stopCode": 52, "lines": "1,2", "name": "Pioneer Square Station", "walkingMeters": 778, "walkingSeconds": 560, "band": 10}, {"stopCode": 54, "lines": "1", "name": "Stadium Station", "walkingMeters": 1274, "walkingSeconds": 916, "band": 15}]}, "geometry": {"type": "Point", "coordinates": [-122.3336989, 47.5971479]}}, {"type": "Feature", "properties": {"id": "a26a47cc-ee67-42c3-90e3-33872df10629", "name": "The Natural", "category": "restaurant", "tags": ["restaurant", "vegan"], "sources": ["overture"], "website": "http://www.iamthenatural.com", "address": "1250 1st Ave S", "stations": [{"stopCode": 54, "lines": "1", "name": "Stadium Station", "walkingMeters": 470, "walkingSeconds": 351, "band": 15}]}, "geometry": {"type": "Point", "coordinates": [-122.3319626, 47.5907516]}}, {"type": "Feature", "properties": {"id": "cf4cd214-b63f-43a2-afa9-4d9b2406565d", "name": "Moderne Bakery", "category": "bakery", "tags": ["bakery", "french"], "sources": ["overture"], "website": "http://www.modernebakery.com/", "address": "165 South Main St", "stations": [{"stopCode": 52, "lines": "1,2", "name": "Pioneer Square Station", "walkingMeters": 384, "walkingSeconds": 278, "band": 5}, {"stopCode": 53, "lines": "1,2", "name": "International District Station", "walkingMeters": 487, "walkingSeconds": 352, "band": 10}, {"stopCode": 51, "lines": "1,2", "name": "Symphony Station", "walkingMeters": 1037, "walkingSeconds": 746, "band": 15}]}, "geometry": {"type": "Point", "coordinates": [-122.3322983, 47.5999489]}}, {"type": "Feature", "properties": {"id": "b9a9c5c3-6e0f-4b96-a906-556b1e216240", "name": "The Pastry Project", "category": "bakery", "tags": ["bakery"], "sources": ["overture"], "website": "http://www.thepastryproject.co/", "address": "165 South Main St", "stations": [{"stopCode": 52, "lines": "1,2", "name": "Pioneer Square Station", "walkingMeters": 383, "walkingSeconds": 277, "band": 5}, {"stopCode": 53, "lines": "1,2", "name": "International District Station", "walkingMeters": 486, "walkingSeconds": 351, "band": 10}, {"stopCode": 51, "lines": "1,2", "name": "Symphony Station", "walkingMeters": 1036, "walkingSeconds": 745, "band": 15}]}, "geometry": {"type": "Point", "coordinates": [-122.332283, 47.5999451]}}, {"type": "Feature", "properties": {"id": "35666318-b1a3-4c2c-a758-05fb47b7c1a9", "name": "Zephyr Bar", "category": "bar", "tags": ["bar", "cocktail"], "sources": ["overture"], "website": "http://www.embassysuites3.hilton.com/", "phone": "+12068594400", "address": "255 S King St", "stations": [{"stopCode": 53, "lines": "1,2", "name": "International District Station", "walkingMeters": 294, "walkingSeconds": 219, "band": 5}, {"stopCode": 52, "lines": "1,2", "name": "Pioneer Square Station", "walkingMeters": 632, "walkingSeconds": 472, "band": 10}, {"stopCode": 54, "lines": "1", "name": "Stadium Station", "walkingMeters": 1089, "walkingSeconds": 813, "band": 15}, {"stopCode": 51, "lines": "1,2", "name": "Symphony Station", "walkingMeters": 1474, "walkingSeconds": 1100, "band": 15}]}, "geometry": {"type": "Point", "coordinates": [-122.3309937, 47.5981903]}}, {"type": "Feature", "properties": {"id": "d717718d-290d-4812-b8b7-ce58192cc304", "name": "King Street Kafe", "category": "cafe", "tags": ["cafe"], "sources": ["overture"], "website": "http://www.kingstreetsaxmusic.com", "phone": "+12068391414", "address": "201 S Jackson St", "stations": [{"stopCode": 53, "lines": "1,2", "name": "International District Station", "walkingMeters": 285, "walkingSeconds": 213, "band": 5}, {"stopCode": 52, "lines": "1,2", "name": "Pioneer Square Station", "walkingMeters": 548, "walkingSeconds": 409, "band": 10}, {"stopCode": 54, "lines": "1", "name": "Stadium Station", "walkingMeters": 1165, "walkingSeconds": 869, "band": 15}, {"stopCode": 51, "lines": "1,2", "name": "Symphony Station", "walkingMeters": 1400, "walkingSeconds": 1045, "band": 15}]}, "geometry": {"type": "Point", "coordinates": [-122.3308487, 47.598774]}}, {"type": "Feature", "properties": {"id": "0fbef1f6-4e3b-41d6-b3fb-f6edceef5250", "name": "King Street Bar and Oven", "category": "bar", "tags": ["bar", "sports"], "sources": ["overture"], "website": "http://www.kingstreetbar.com/", "phone": "+12067499890", "address": "170 S King St", "stations": [{"stopCode": 53, "lines": "1,2", "name": "International District Station", "walkingMeters": 491, "walkingSeconds": 353, "band": 5}, {"stopCode": 52, "lines": "1,2", "name": "Pioneer Square Station", "walkingMeters": 562, "walkingSeconds": 406, "band": 10}, {"stopCode": 54, "lines": "1", "name": "Stadium Station", "walkingMeters": 1175, "walkingSeconds": 845, "band": 15}, {"stopCode": 51, "lines": "1,2", "name": "Symphony Station", "walkingMeters": 1215, "walkingSeconds": 874, "band": 15}]}, "geometry": {"type": "Point", "coordinates": [-122.3321686, 47.5984116]}}, {"type": "Feature", "properties": {"id": "0c37dc12-e307-401f-87b0-a7c5af731d4a", "name": "Girin SteakHouse", "category": "restaurant", "tags": ["restaurant", "korean"], "sources": ["overture"], "website": "http://girinseattle.com", "phone": "(206) 257-4259", "address": "501 Stadium Place S", "stations": [{"stopCode": 53, "lines": "1,2", "name": "International District Station", "walkingMeters": 459, "walkingSeconds": 330, "band": 5}, {"stopCode": 52, "lines": "1,2", "name": "Pioneer Square Station", "walkingMeters": 579, "walkingSeconds": 421, "band": 10}, {"stopCode": 54, "lines": "1", "name": "Stadium Station", "walkingMeters": 1129, "walkingSeconds": 812, "band": 15}, {"stopCode": 51, "lines": "1,2", "name": "Symphony Station", "walkingMeters": 1255, "walkingSeconds": 907, "band": 15}]}, "geometry": {"type": "Point", "coordinates": [-122.3316269, 47.5980949]}}, {"type": "Feature", "properties": {"id": "08b1ff43-392f-4cc5-b36d-1a3dac25429f", "name": "Quality Athletics", "category": "restaurant", "tags": ["restaurant", "pub"], "sources": ["overture"], "website": "qualityathletics.com", "address": "121 S King St", "stations": [{"stopCode": 53, "lines": "1,2", "name": "International District Station", "walkingMeters": 455, "walkingSeconds": 340, "band": 10}, {"stopCode": 52, "lines": "1,2", "name": "Pioneer Square Station", "walkingMeters": 657, "walkingSeconds": 490, "band": 10}, {"stopCode": 54, "lines": "1", "name": "Stadium Station", "walkingMeters": 1145, "walkingSeconds": 854, "band": 15}, {"stopCode": 51, "lines": "1,2", "name": "Symphony Station", "walkingMeters": 1439, "walkingSeconds": 1074, "band": 15}]}, "geometry": {"type": "Point", "coordinates": [-122.3326492, 47.5981178]}}, {"type": "Feature", "properties": {"id": "38d90efd-5a2d-4383-b721-11c582ac7b66", "name": "Burbs Burgers Pioneer Square", "category": "fast_food", "tags": ["fast-food", "fast", "food"], "sources": ["overture"], "website": "https://www.burbsburger.com/", "phone": "2064203015", "address": "121 S King St", "stations": [{"stopCode": 53, "lines": "1,2", "name": "International District Station", "walkingMeters": 561, "walkingSeconds": 403, "band": 10}, {"stopCode": 52, "lines": "1,2", "name": "Pioneer Square Station", "walkingMeters": 668, "walkingSeconds": 481, "band": 10}, {"stopCode": 54, "lines": "1", "name": "Stadium Station", "walkingMeters": 1231, "walkingSeconds": 885, "band": 15}, {"stopCode": 51, "lines": "1,2", "name": "Symphony Station", "walkingMeters": 1311, "walkingSeconds": 944, "band": 15}]}, "geometry": {"type": "Point", "coordinates": [-122.3330307, 47.59795]}}, {"type": "Feature", "properties": {"id": "898f9557-037b-4742-a7bb-db9119f341c2", "name": "FX McRory's", "category": "bar", "tags": ["bar"], "sources": ["overture"], "website": "http://fxmcrorys.com", "phone": "(206) 623-4800", "address": "419 Occidental Ave S", "stations": [{"stopCode": 53, "lines": "1,2", "name": "International District Station", "walkingMeters": 544, "walkingSeconds": 391, "band": 10}, {"stopCode": 52, "lines": "1,2", "name": "Pioneer Square Station", "walkingMeters": 588, "walkingSeconds": 424, "band": 10}, {"stopCode": 54, "lines": "1", "name": "Stadium Station", "walkingMeters": 1228, "walkingSeconds": 883, "band": 15}, {"stopCode": 51, "lines": "1,2", "name": "Symphony Station", "walkingMeters": 1241, "walkingSeconds": 893, "band": 15}]}, "geometry": {"type": "Point", "coordinates": [-122.3327942, 47.5984535]}}, {"type": "Feature", "properties": {"id": "de2e0362-0e0a-4b5e-8810-626bdbfe29eb", "name": "Bar Sajor", "category": "restaurant", "tags": ["restaurant", "french"], "sources": ["overture"], "website": "http://www.barsajor.com", "phone": "(206) 682-1117", "address": "323 Occidental Ave S", "stations": [{"stopCode": 53, "lines": "1,2", "name": "International District Station", "walkingMeters": 486, "walkingSeconds": 353, "band": 10}, {"stopCode": 52, "lines": "1,2", "name": "Pioneer Square Station", "walkingMeters": 516, "walkingSeconds": 375, "band": 10}, {"stopCode": 51, "lines": "1,2", "name": "Symphony Station", "walkingMeters": 1160, "walkingSeconds": 839, "band": 15}]}, "geometry": {"type": "Point", "coordinates": [-122.3329086, 47.5991592]}}, {"type": "Feature", "properties": {"id": "69a16a1a-de21-4a7c-ba20-881c41412ef4", "name": "Two Doors Down", "category": "restaurant", "tags": ["restaurant", "burger"], "sources": ["overture"], "website": "http://twodoorsdownboutique.com/pages/contact-us", "address": "200 S Jackson St", "stations": [{"stopCode": 53, "lines": "1,2", "name": "International District Station", "walkingMeters": 355, "walkingSeconds": 265, "band": 5}, {"stopCode": 52, "lines": "1,2", "name": "Pioneer Square Station", "walkingMeters": 470, "walkingSeconds": 351, "band": 5}, {"stopCode": 54, "lines": "1", "name": "Stadium Station", "walkingMeters": 1253, "walkingSeconds": 935, "band": 15}, {"stopCode": 51, "lines": "1,2", "name": "Symphony Station", "walkingMeters": 1311, "walkingSeconds": 978, "band": 15}]}, "geometry": {"type": "Point", "coordinates": [-122.3313446, 47.599308]}}, {"type": "Feature", "properties": {"id": "aae7a93f-a509-4f57-8baa-4a8ac674fd51", "name": "Gold Drops Llc", "category": "restaurant", "tags": ["restaurant"], "sources": ["overture"], "address": "315 2nd Ave S Ste 100", "stations": [{"stopCode": 53, "lines": "1,2", "name": "International District Station", "walkingMeters": 424, "walkingSeconds": 316, "band": 5}, {"stopCode": 52, "lines": "1,2", "name": "Pioneer Square Station", "walkingMeters": 444, "walkingSeconds": 331, "band": 5}, {"stopCode": 51, "lines": "1,2", "name": "Symphony Station", "walkingMeters": 1260, "walkingSeconds": 940, "band": 15}, {"stopCode": 54, "lines": "1", "name": "Stadium Station", "walkingMeters": 1305, "walkingSeconds": 974, "band": 15}]}, "geometry": {"type": "Point", "coordinates": [-122.3319778, 47.5995331]}}, {"type": "Feature", "properties": {"id": "c74a85e6-df39-462a-bc64-df87aface9b3", "name": "88 Keys Sports Bar with Dueling Pianos", "category": "bar", "tags": ["bar", "sports"], "sources": ["overture"], "website": "https://88keysseattle.com/", "phone": "2068391300", "address": "315 2nd Ave S", "stations": [{"stopCode": 52, "lines": "1,2", "name": "Pioneer Square Station", "walkingMeters": 428, "walkingSeconds": 310, "band": 5}, {"stopCode": 53, "lines": "1,2", "name": "International District Station", "walkingMeters": 470, "walkingSeconds": 340, "band": 5}, {"stopCode": 51, "lines": "1,2", "name": "Symphony Station", "walkingMeters": 1081, "walkingSeconds": 778, "band": 15}, {"stopCode": 54, "lines": "1", "name": "Stadium Station", "walkingMeters": 1286, "walkingSeconds": 927, "band": 15}]}, "geometry": {"type": "Point", "coordinates": [-122.3319778, 47.5995407]}}, {"type": "Feature", "properties": {"id": "6d844083-4c59-4684-a4f2-77973dc2ed73", "name": "Sweet Petula", "category": "restaurant", "tags": ["restaurant"], "sources": ["overture"], "website": "http://www.sweetpetula.com", "phone": "(206) 246-3488", "address": "208 S Jackson St", "stations": [{"stopCode": 53, "lines": "1,2", "name": "International District Station", "walkingMeters": 361, "walkingSeconds": 259, "band": 5}, {"stopCode": 52, "lines": "1,2", "name": "Pioneer Square Station", "walkingMeters": 459, "walkingSeconds": 332, "band": 5}, {"stopCode": 51, "lines": "1,2", "name": "Symphony Station", "walkingMeters": 1149, "walkingSeconds": 828, "band": 15}, {"stopCode": 54, "lines": "1", "name": "Stadium Station", "walkingMeters": 1177, "walkingSeconds": 847, "band": 15}]}, "geometry": {"type": "Point", "coordinates": [-122.331192, 47.5993958]}}, {"type": "Feature", "properties": {"id": "bdc4d55c-91c0-45b6-8c5f-6ad9829acf0b", "name": "Pioneer Square D&e", "category": "restaurant", "tags": ["restaurant"], "sources": ["overture"], "website": "http://www.pioneersquarede.com", "phone": "12064457472", "address": "314 2nd Ave S", "stations": [{"stopCode": 53, "lines": "1,2", "name": "International District Station", "walkingMeters": 366, "walkingSeconds": 273, "band": 5}, {"stopCode": 52, "lines": "1,2", "name": "Pioneer Square Station", "walkingMeters": 442, "walkingSeconds": 330, "band": 5}, {"stopCode": 54, "lines": "1", "name": "Stadium Station", "walkingMeters": 1280, "walkingSeconds": 955, "band": 15}, {"stopCode": 51, "lines": "1,2", "name": "Symphony Station", "walkingMeters": 1285, "walkingSeconds": 959, "band": 15}]}, "geometry": {"type": "Point", "coordinates": [-122.331337, 47.5995026]}}, {"type": "Feature", "properties": {"id": "1749108a-c775-4810-843d-042d02c858fd", "name": "Radici", "category": "restaurant", "tags": ["restaurant", "italian"], "sources": ["overture"], "website": "http://www.radiciseattle.com", "phone": "(206) 467-4541", "address": "314 2nd Ave S", "stations": [{"stopCode": 52, "lines": "1,2", "name": "Pioneer Square Station", "walkingMeters": 415, "walkingSeconds": 301, "band": 5}, {"stopCode": 53, "lines": "1,2", "name": "International District Station", "walkingMeters": 419, "walkingSeconds": 301, "band": 5}, {"stopCode": 51, "lines": "1,2", "name": "Symphony Station", "walkingMeters": 1091, "walkingSeconds": 787, "band": 15}, {"stopCode": 54, "lines": "1", "name": "Stadium Station", "walkingMeters": 1235, "walkingSeconds": 889, "band": 15}]}, "geometry": {"type": "Point", "coordinates": [-122.3314362, 47.5996361]}}, {"type": "Feature", "properties": {"id": "a551c87a-61d8-471b-8b96-7896b3e3edf4", "name": "Indigenous Rise Llc", "category": "restaurant", "tags": ["restaurant"], "sources": ["overture"], "website": "https://www.indigenous-ai.net", "address": "323 Occidental Ave S", "stations": [{"stopCode": 52, "lines": "1,2", "name": "Pioneer Square Station", "walkingMeters": 497, "walkingSeconds": 371, "band": 10}, {"stopCode": 53, "lines": "1,2", "name": "International District Station", "walkingMeters": 516, "walkingSeconds": 385, "band": 10}, {"stopCode": 51, "lines": "1,2", "name": "Symphony Station", "walkingMeters": 1255, "walkingSeconds": 937, "band": 15}]}, "geometry": {"type": "Point", "coordinates": [-122.3330765, 47.5993614]}}, {"type": "Feature", "properties": {"id": "1dcd4051-beb9-4de3-9771-2b373589f67a", "name": "The Pharmacy", "category": "bar", "tags": ["bar"], "sources": ["overture"], "website": "http://www.thepharmacyseattle.com/", "phone": "+12066823242", "address": "126 S Jackson St", "stations": [{"stopCode": 53, "lines": "1,2", "name": "International District Station", "walkingMeters": 512, "walkingSeconds": 370, "band": 10}, {"stopCode": 52, "lines": "1,2", "name": "Pioneer Square Station", "walkingMeters": 529, "walkingSeconds": 381, "band": 10}, {"stopCode": 51, "lines": "1,2", "name": "Symphony Station", "walkingMeters": 1171, "walkingSeconds": 843, "band": 15}]}, "geometry": {"type": "Point", "coordinates": [-122.3332214, 47.5993271]}}, {"type": "Feature", "properties": {"id": "b13b79c3-f090-4ff0-99fa-b89bb9b71ae5", "name": "Star Bar", "category": "pub", "tags": ["pub"], "sources": ["overture"], "website": "starbardsm.com", "phone": "+12064474730", "address": "309 1st Ave S", "stations": [{"stopCode": 52, "lines": "1,2", "name": "Pioneer Square Station", "walkingMeters": 534, "walkingSeconds": 399, "band": 10}, {"stopCode": 53, "lines": "1,2", "name": "International District Station", "walkingMeters": 665, "walkingSeconds": 496, "band": 10}, {"stopCode": 51, "lines": "1,2", "name": "Symphony Station", "walkingMeters": 1192, "walkingSeconds": 890, "band": 15}]}, "geometry": {"type": "Point", "coordinates": [-122.334549, 47.5996246]}}, {"type": "Feature", "properties": {"id": "284eeaa6-156f-40bb-9e81-d885e54f89fe", "name": "Little Saigon International District", "category": "restaurant", "tags": ["restaurant", "vietnamese"], "sources": ["overture"], "address": "12 S Jackson St", "stations": [{"stopCode": 52, "lines": "1,2", "name": "Pioneer Square Station", "walkingMeters": 623, "walkingSeconds": 465, "band": 10}, {"stopCode": 53, "lines": "1,2", "name": "International District Station", "walkingMeters": 739, "walkingSeconds": 551, "band": 10}, {"stopCode": 51, "lines": "1,2", "name": "Symphony Station", "walkingMeters": 1228, "walkingSeconds": 916, "band": 15}]}, "geometry": {"type": "Point", "coordinates": [-122.3354416, 47.5993233]}}, {"type": "Feature", "properties": {"id": "ba8cf203-8243-4e3d-b792-9ebd60670457", "name": "Hack Reactor", "category": "restaurant", "tags": ["restaurant"], "sources": ["overture"], "website": "hackreactor.com", "phone": "17206150225", "address": "111 S Jackson St", "stations": [{"stopCode": 53, "lines": "1,2", "name": "International District Station", "walkingMeters": 567, "walkingSeconds": 423, "band": 10}, {"stopCode": 52, "lines": "1,2", "name": "Pioneer Square Station", "walkingMeters": 583, "walkingSeconds": 435, "band": 10}, {"stopCode": 51, "lines": "1,2", "name": "Symphony Station", "walkingMeters": 1306, "walkingSeconds": 975, "band": 15}]}, "geometry": {"type": "Point", "coordinates": [-122.3337479, 47.5989075]}}, {"type": "Feature", "properties": {"id": "5c769195-f0b0-4a09-b11a-12191b9e9fab", "name": "Firn", "category": "bar", "tags": ["bar", "cocktail"], "sources": ["overture"], "website": "https://populusseattle.com/the-rooftop/", "phone": "+12063091100", "address": "100 S King St", "stations": [{"stopCode": 53, "lines": "1,2", "name": "International District Station", "walkingMeters": 567, "walkingSeconds": 423, "band": 10}, {"stopCode": 52, "lines": "1,2", "name": "Pioneer Square Station", "walkingMeters": 631, "walkingSeconds": 471, "band": 10}, {"stopCode": 51, "lines": "1,2", "name": "Symphony Station", "walkingMeters": 1355, "walkingSeconds": 1011, "band": 15}]}, "geometry": {"type": "Point", "coordinates": [-122.3338013, 47.5985565]}}, {"type": "Feature", "properties": {"id": "a57be35c-419a-4dd5-b9db-ed5fcfa7d12a", "name": "Restaurants Unlimited, Inc.", "category": "restaurant", "tags": ["restaurant"], "sources": ["overture"], "website": "http://www.restaurantsunlimited.com", "phone": "+17133867211", "address": "411 1st Ave S Ste 200", "stations": [{"stopCode": 53, "lines": "1,2", "name": "International District Station", "walkingMeters": 648, "walkingSeconds": 484, "band": 10}, {"stopCode": 52, "lines": "1,2", "name": "Pioneer Square Station", "walkingMeters": 655, "walkingSeconds": 489, "band": 10}, {"stopCode": 51, "lines": "1,2", "name": "Symphony Station", "walkingMeters": 1331, "walkingSeconds": 993, "band": 15}]}, "geometry": {"type": "Point", "coordinates": [-122.3346252, 47.5986519]}}, {"type": "Feature", "properties": {"id": "90994948-4536-4590-9061-72bb3e71ddbf", "name": "Heroes Subs", "category": "restaurant", "tags": ["restaurant"], "sources": ["overture"], "website": "https://herosubs.com.au", "address": "97 S Main St", "stations": [{"stopCode": 52, "lines": "1,2", "name": "Pioneer Square Station", "walkingMeters": 506, "walkingSeconds": 378, "band": 10}, {"stopCode": 53, "lines": "1,2", "name": "International District Station", "walkingMeters": 681, "walkingSeconds": 508, "band": 10}, {"stopCode": 51, "lines": "1,2", "name": "Symphony Station", "walkingMeters": 1152, "walkingSeconds": 860, "band": 15}]}, "geometry": {"type": "Point", "coordinates": [-122.3345947, 47.5998993]}}, {"type": "Feature", "properties": {"id": "a8871cab-ac0a-494e-8821-c1ccc6a08e26", "name": "Pioneer Grill Hot Dogs", "category": "restaurant", "tags": ["restaurant", "hot-dog", "hot", "dog", "american", "fast-food"], "sources": ["overture"], "website": "http://www.pioneergrillhotdogs.com/", "phone": "+14254715781", "address": "820 Occidental Ave S", "stations": [{"stopCode": 53, "lines": "1,2", "name": "International District Station", "walkingMeters": 843, "walkingSeconds": 606, "band": 10}, {"stopCode": 54, "lines": "1", "name": "Stadium Station", "walkingMeters": 1032, "walkingSeconds": 744, "band": 15}, {"stopCode": 52, "lines": "1,2", "name": "Pioneer Square Station", "walkingMeters": 1059, "walkingSeconds": 762, "band": 15}]}, "geometry": {"type": "Point", "coordinates": [-122.3336792, 47.5950432]}}, {"type": "Feature", "properties": {"id": "e4c30e8e-7f9e-4ebc-b50f-638fd3c98ace", "name": "Triangle Pub", "category": "bar", "tags": ["bar"], "sources": ["overture"], "website": "http://trianglepub.com", "phone": "(206) 628-0474", "address": "553 1st Ave S", "stations": [{"stopCode": 53, "lines": "1,2", "name": "International District Station", "walkingMeters": 818, "walkingSeconds": 588, "band": 10}, {"stopCode": 52, "lines": "1,2", "name": "Pioneer Square Station", "walkingMeters": 839, "walkingSeconds": 606, "band": 10}, {"stopCode": 54, "lines": "1", "name": "Stadium Station", "walkingMeters": 1243, "walkingSeconds": 894, "band": 15}]}, "geometry": {"type": "Point", "coordinates": [-122.3342972, 47.5967216]}}, {"type": "Feature", "properties": {"id": "fc080f58-d67f-489d-9cc6-12d5bf917a9b", "name": "Sluggers Seattle", "category": "bar", "tags": ["bar", "sports"], "sources": ["overture"], "website": "http://sluggersseattle.com", "phone": "+12066548070", "address": "538 1st Ave S", "stations": [{"stopCode": 53, "lines": "1,2", "name": "International District Station", "walkingMeters": 697, "walkingSeconds": 501, "band": 10}, {"stopCode": 52, "lines": "1,2", "name": "Pioneer Square Station", "walkingMeters": 775, "walkingSeconds": 558, "band": 10}, {"stopCode": 54, "lines": "1", "name": "Stadium Station", "walkingMeters": 1367, "walkingSeconds": 984, "band": 15}]}, "geometry": {"type": "Point", "coordinates": [-122.3335342, 47.5971298]}}, {"type": "Feature", "properties": {"id": "8e6e8deb-fde2-4800-8b7d-ddc1f8de4dc9", "name": "The Florentine", "category": "restaurant", "tags": ["restaurant", "italian"], "sources": ["overture"], "website": "http://www.the-florentine.net/", "phone": "+13126608866", "address": "526 1st Ave S", "stations": [{"stopCode": 53, "lines": "1,2", "name": "International District Station", "walkingMeters": 650, "walkingSeconds": 467, "band": 10}, {"stopCode": 52, "lines": "1,2", "name": "Pioneer Square Station", "walkingMeters": 728, "walkingSeconds": 524, "band": 10}, {"stopCode": 54, "lines": "1", "name": "Stadium Station", "walkingMeters": 1320, "walkingSeconds": 950, "band": 15}]}, "geometry": {"type": "Point", "coordinates": [-122.3334351, 47.5973167]}}, {"type": "Feature", "properties": {"id": "0d43600b-a60e-46ce-8860-96f1a0f17e5e", "name": "Delta Sky Club 360", "category": "bar", "tags": ["bar", "sports"], "sources": ["overture"], "website": "https://www.seahawks.com/tickets/premium-seating/club-seats/delta-sky360-club", "address": "CenturyLink Field", "stations": [{"stopCode": 53, "lines": "1,2", "name": "International District Station", "walkingMeters": 728, "walkingSeconds": 524, "band": 10}, {"stopCode": 52, "lines": "1,2", "name": "Pioneer Square Station", "walkingMeters": 987, "walkingSeconds": 711, "band": 15}, {"stopCode": 54, "lines": "1", "name": "Stadium Station", "walkingMeters": 1128, "walkingSeconds": 811, "band": 15}]}, "geometry": {"type": "Point", "coordinates": [-122.3328857, 47.5951729]}}, {"type": "Feature", "properties": {"id": "ce432931-9b9b-4146-bad8-67ffe1ed6b12", "name": "Delta Sky 360 Club Century Link Field", "category": "bar", "tags": ["bar"], "sources": ["overture"], "website": "www.seahawks.com/delta-sky360-club-level-experience", "address": "800 Occidental Ave S", "stations": [{"stopCode": 53, "lines": "1,2", "name": "International District Station", "walkingMeters": 732, "walkingSeconds": 526, "band": 10}, {"stopCode": 52, "lines": "1,2", "name": "Pioneer Square Station", "walkingMeters": 1055, "walkingSeconds": 787, "band": 15}, {"stopCode": 54, "lines": "1", "name": "Stadium Station", "walkingMeters": 1125, "walkingSeconds": 808, "band": 15}]}, "geometry": {"type": "Point", "coordinates": [-122.3329086, 47.5953522]}}, {"type": "Feature", "properties": {"id": "91099948-835f-421a-b4e6-dffd72bdbd54", "name": "Field To Table", "category": "restaurant", "tags": ["restaurant"], "sources": ["overture"], "website": "https://www.fieldtotable.us", "phone": "12064866002", "address": "800 Occidental Ave S", "stations": [{"stopCode": 53, "lines": "1,2", "name": "International District Station", "walkingMeters": 600, "walkingSeconds": 431, "band": 15}, {"stopCode": 52, "lines": "1,2", "name": "Pioneer Square Station", "walkingMeters": 1097, "walkingSeconds": 819, "band": 15}, {"stopCode": 54, "lines": "1", "name": "Stadium Station", "walkingMeters": 1270, "walkingSeconds": 914, "band": 15}]}, "geometry": {"type": "Point", "coordinates": [-122.3315201, 47.5949707]}}, {"type": "Feature", "properties": {"id": "67d1b2ba-d4c6-40ff-b331-668e9c39bd62", "name": "Pioneer", "category": "bar", "tags": ["bar"], "sources": ["overture"], "website": "https://www.pioneer.ca/en/service-stations/gas", "address": "800 Occidental Ave S", "stations": [{"stopCode": 53, "lines": "1,2", "name": "International District Station", "walkingMeters": 598, "walkingSeconds": 446, "band": 15}, {"stopCode": 54, "lines": "1", "name": "Stadium Station", "walkingMeters": 701, "walkingSeconds": 523, "band": 15}, {"stopCode": 52, "lines": "1,2", "name": "Pioneer Square Station", "walkingMeters": 1097, "walkingSeconds": 819, "band": 15}]}, "geometry": {"type": "Point", "coordinates": [-122.3315201, 47.5949707]}}, {"type": "Feature", "properties": {"id": "6cc7282a-51b7-4133-938d-d8eddafc07c0", "name": "Gantry Public House", "category": "bar", "tags": ["bar", "sports", "bar-and-grill"], "sources": ["overture"], "website": "http://www.gantryseattle.com/", "phone": "+12062680318", "address": "904 Occidental Ave S", "stations": [{"stopCode": 53, "lines": "1,2", "name": "International District Station", "walkingMeters": 820, "walkingSeconds": 590, "band": 10}, {"stopCode": 54, "lines": "1", "name": "Stadium Station", "walkingMeters": 949, "walkingSeconds": 684, "band": 15}, {"stopCode": 52, "lines": "1,2", "name": "Pioneer Square Station", "walkingMeters": 1069, "walkingSeconds": 770, "band": 15}]}, "geometry": {"type": "Point", "coordinates": [-122.3333817, 47.5944099]}}, {"type": "Feature", "properties": {"id": "d9411fd8-498c-4790-b0a0-c87b718f1128", "name": "The People's Burger", "category": "fast_food", "tags": ["fast-food", "food", "truck"], "sources": ["overture"], "website": "http://www.thepeoplesburgertruck.com", "phone": "(425) 471-5781", "address": "922 Occidental", "stations": [{"stopCode": 53, "lines": "1,2", "name": "International District Station", "walkingMeters": 822, "walkingSeconds": 591, "band": 10}, {"stopCode": 54, "lines": "1", "name": "Stadium Station", "walkingMeters": 947, "walkingSeconds": 683, "band": 15}, {"stopCode": 52, "lines": "1,2", "name": "Pioneer Square Station", "walkingMeters": 1071, "walkingSeconds": 771, "band": 15}]}, "geometry": {"type": "Point", "coordinates": [-122.3333817, 47.5943947]}}, {"type": "Feature", "properties": {"id": "61eea71d-e7f3-4a95-8962-1aac0ec88700", "name": "Al's Gourmet Sausage N' Foods", "category": "restaurant", "tags": ["restaurant", "hot-dog", "hot", "dog"], "sources": ["overture"], "address": "800 Occidental Ave S", "stations": [{"stopCode": 54, "lines": "1", "name": "Stadium Station", "walkingMeters": 896, "walkingSeconds": 646, "band": 15}, {"stopCode": 53, "lines": "1,2", "name": "International District Station", "walkingMeters": 899, "walkingSeconds": 647, "band": 15}, {"stopCode": 52, "lines": "1,2", "name": "Pioneer Square Station", "walkingMeters": 1148, "walkingSeconds": 827, "band": 15}]}, "geometry": {"type": "Point", "coordinates": [-122.3334122, 47.5937119]}}, {"type": "Feature", "properties": {"id": "9277ae69-1f06-4c17-a858-76535cc35e3d", "name": "Way Back Crab Shack", "category": "restaurant", "tags": ["restaurant", "seafood", "fast-food"], "sources": ["overture"], "address": "1250 1st Ave S", "stations": [{"stopCode": 54, "lines": "1", "name": "Stadium Station", "walkingMeters": 632, "walkingSeconds": 454, "band": 10}, {"stopCode": 53, "lines": "1,2", "name": "International District Station", "walkingMeters": 1136, "walkingSeconds": 817, "band": 15}]}, "geometry": {"type": "Point", "coordinates": [-122.3319626, 47.5921593]}}, {"type": "Feature", "properties": {"id": "2752c411-93d0-496a-b7c4-a7f4b8a5ea90", "name": "Seattle Sausage", "category": "restaurant", "tags": ["restaurant", "hot-dog", "hot", "dog"], "sources": ["overture"], "website": "http://seattlesausage.net", "phone": "+12064966014", "address": "1021 Occidental Ave S", "stations": [{"stopCode": 54, "lines": "1", "name": "Stadium Station", "walkingMeters": 848, "walkingSeconds": 611, "band": 15}, {"stopCode": 53, "lines": "1,2", "name": "International District Station", "walkingMeters": 921, "walkingSeconds": 663, "band": 15}, {"stopCode": 52, "lines": "1,2", "name": "Pioneer Square Station", "walkingMeters": 1170, "walkingSeconds": 843, "band": 15}]}, "geometry": {"type": "Point", "coordinates": [-122.3335571, 47.593502]}}, {"type": "Feature", "properties": {"id": "aec9ef68-f415-4a4f-8229-13d6054c9bc4", "name": "Pioneer Tacos and Tequila", "category": "restaurant", "tags": ["restaurant", "taco", "mexican", "texmex"], "sources": ["overture"], "website": "https://www.pioneertacos.com/", "phone": "+12069498991", "address": "1021 Occidental Ave S", "stations": [{"stopCode": 54, "lines": "1", "name": "Stadium Station", "walkingMeters": 847, "walkingSeconds": 611, "band": 15}, {"stopCode": 53, "lines": "1,2", "name": "International District Station", "walkingMeters": 922, "walkingSeconds": 663, "band": 15}, {"stopCode": 52, "lines": "1,2", "name": "Pioneer Square Station", "walkingMeters": 1170, "walkingSeconds": 843, "band": 15}]}, "geometry": {"type": "Point", "coordinates": [-122.3334885, 47.5934982]}}, {"type": "Feature", "properties": {"id": "bd26b52b-ab77-4b39-baef-b28b31970f94", "name": "Pasta Freska Restaurant", "category": "restaurant", "tags": ["restaurant"], "sources": ["overture"], "website": "http://www.pastafreska.com", "phone": "(206) 587-0837", "address": "1046 1st Ave S", "stations": [{"stopCode": 54, "lines": "1", "name": "Stadium Station", "walkingMeters": 830, "walkingSeconds": 599, "band": 10}, {"stopCode": 53, "lines": "1,2", "name": "International District Station", "walkingMeters": 1049, "walkingSeconds": 755, "band": 15}, {"stopCode": 52, "lines": "1,2", "name": "Pioneer Square Station", "walkingMeters": 1265, "walkingSeconds": 910, "band": 15}]}, "geometry": {"type": "Point", "coordinates": [-122.3337555, 47.5927734]}}, {"type": "Feature", "properties": {"id": "eb593b97-9fc3-4613-ab6e-3509789be020", "name": "Steelheads Alley", "category": "bar", "tags": ["bar", "brewery"], "sources": ["overture"], "website": "http://steelheadsalley.com/", "phone": "+12063464990", "address": "1201 1st Ave S", "stations": [{"stopCode": 54, "lines": "1", "name": "Stadium Station", "walkingMeters": 874, "walkingSeconds": 628, "band": 15}, {"stopCode": 53, "lines": "1,2", "name": "International District Station", "walkingMeters": 1189, "walkingSeconds": 858, "band": 15}]}, "geometry": {"type": "Point", "coordinates": [-122.3346634, 47.5920296]}}, {"type": "Feature", "properties": {"id": "9e6524c4-d40a-4e2f-a322-f45fea92061c", "name": "Pyramid Breweries Inc.", "category": "bar", "tags": ["bar", "brewery"], "sources": ["overture"], "website": "http://www.pyramidbrew.com", "phone": "+12066828322", "address": "91 S Royal Brougham Way", "stations": [{"stopCode": 54, "lines": "1", "name": "Stadium Station", "walkingMeters": 876, "walkingSeconds": 630, "band": 15}, {"stopCode": 53, "lines": "1,2", "name": "International District Station", "walkingMeters": 1190, "walkingSeconds": 859, "band": 15}]}, "geometry": {"type": "Point", "coordinates": [-122.334877, 47.5920067]}}, {"type": "Feature", "properties": {"id": "b4a1a2ab-3409-48d7-8fbd-a4c347748987", "name": "Victory Hall", "category": "restaurant", "tags": ["restaurant"], "sources": ["overture"], "website": "http://victoryhallsea.com/?utm_source=facebook&utm_medium=profile+link&utm_campaign=web-link", "address": "1201 1st Ave S", "stations": [{"stopCode": 54, "lines": "1", "name": "Stadium Station", "walkingMeters": 899, "walkingSeconds": 646, "band": 15}, {"stopCode": 53, "lines": "1,2", "name": "International District Station", "walkingMeters": 1214, "walkingSeconds": 876, "band": 15}]}, "geometry": {"type": "Point", "coordinates": [-122.3348618, 47.5920029]}}, {"type": "Feature", "properties": {"id": "899a32b8-13fd-49fa-b033-a506e379d8f5", "name": "Damage Control Coffee", "category": "cafe", "tags": ["cafe", "coffee"], "sources": ["overture"], "website": "https://www.squareup.com/store/damage-control-coffee", "address": "1519 Alaskan Way S", "stations": [{"stopCode": 54, "lines": "1", "name": "Stadium Station", "walkingMeters": 1248, "walkingSeconds": 897, "band": 15}]}, "geometry": {"type": "Point", "coordinates": [-122.337944, 47.5902061]}}, {"type": "Feature", "properties": {"id": "ff42f157-8bbb-48f2-969f-33c43e9c61c9", "name": "Henry's First Ave Tavern", "category": "bar", "tags": ["bar"], "sources": ["overture"], "website": "http://www.henrystavern.com", "phone": "(206) 634-0550", "address": "1518 1st Ave S", "stations": [{"stopCode": 54, "lines": "1", "name": "Stadium Station", "walkingMeters": 891, "walkingSeconds": 640, "band": 15}]}, "geometry": {"type": "Point", "coordinates": [-122.3337936, 47.590023]}}, {"type": "Feature", "properties": {"id": "e2ddccef-2f5e-45b1-a198-1f20f71ce526", "name": "Tamari Bar at T-Mobile Park", "category": "bar", "tags": ["bar", "beer", "garden"], "sources": ["overture"], "website": "http://mlb.com", "address": "1250 1st Ave S", "stations": [{"stopCode": 54, "lines": "1", "name": "Stadium Station", "walkingMeters": 1077, "walkingSeconds": 776, "band": 15}]}, "geometry": {"type": "Point", "coordinates": [-122.3334503, 47.5909996]}}, {"type": "Feature", "properties": {"id": "4205fd48-57b4-4b0b-bf12-03a56f8aeccb", "name": "Terrace Club", "category": "bar", "tags": ["bar", "sports"], "sources": ["overture"], "website": "http://seattle.mariners.mlb.com/sea/ticketing/premium.jsp#tabs-4", "phone": "(206) 346-4001", "address": "1250 1st Ave S", "stations": [{"stopCode": 54, "lines": "1", "name": "Stadium Station", "walkingMeters": 724, "walkingSeconds": 520, "band": 15}]}, "geometry": {"type": "Point", "coordinates": [-122.3324356, 47.5913506]}}, {"type": "Feature", "properties": {"id": "c08fe7ef-dc17-406d-ae03-d65d3dc7d71c", "name": "Hit It Here Cafe - Seattle Mariners", "category": "bar", "tags": ["bar", "sports"], "sources": ["overture"], "website": "http://seattle.mariners.mlb.com", "phone": "+10000000000", "address": "1250 1st Ave S", "stations": [{"stopCode": 54, "lines": "1", "name": "Stadium Station", "walkingMeters": 413, "walkingSeconds": 308, "band": 15}]}, "geometry": {"type": "Point", "coordinates": [-122.331398, 47.5912666]}}, {"type": "Feature", "properties": {"id": "ba9a4ce9-59f3-436e-911c-a456140353bf", "name": "Apizza", "category": "restaurant", "tags": ["restaurant", "pizza"], "sources": ["overture"], "website": "http://apizzaforeveryone.com", "address": "1250 1st Ave S", "stations": [{"stopCode": 54, "lines": "1", "name": "Stadium Station", "walkingMeters": 661, "walkingSeconds": 475, "band": 15}]}, "geometry": {"type": "Point", "coordinates": [-122.3319626, 47.5907516]}}, {"type": "Feature", "properties": {"id": "8bcbcea9-f969-4e25-9e94-065b73d70808", "name": "La Creperie By Ethan Stowell", "category": "restaurant", "tags": ["restaurant"], "sources": ["overture"], "website": "http://seattle.mariners.mlb.com", "address": "1250 1st Ave S", "stations": [{"stopCode": 54, "lines": "1", "name": "Stadium Station", "walkingMeters": 470, "walkingSeconds": 351, "band": 15}]}, "geometry": {"type": "Point", "coordinates": [-122.3319626, 47.5907516]}}, {"type": "Feature", "properties": {"id": 356550191, "name": "Klondike Gold Rush National Historical Park", "category": "museum", "tags": ["museum", "park", "national"], "sources": ["osm", "overture"], "website": "http://www.nps.gov/klse", "phone": "+12062204240", "address": "319 2nd Ave S", "hours": "Fr-Su 10:00-17:00", "stations": [{"stopCode": 53, "lines": "1,2", "name": "International District Station", "walkingMeters": 412, "walkingSeconds": 296, "band": 5}, {"stopCode": 52, "lines": "1,2", "name": "Pioneer Square Station", "walkingMeters": 446, "walkingSeconds": 323, "band": 5}, {"stopCode": 51, "lines": "1,2", "name": "Symphony Station", "walkingMeters": 1112, "walkingSeconds": 800, "band": 15}, {"stopCode": 54, "lines": "1", "name": "Stadium Station", "walkingMeters": 1228, "walkingSeconds": 884, "band": 15}]}, "geometry": {"type": "Point", "coordinates": [-122.331864, 47.599381]}}, {"type": "Feature", "properties": {"id": 2351711797, "name": "Antipode Gallery", "category": "gallery", "tags": ["gallery"], "sources": ["osm"], "address": "103 South Main Street", "stations": [{"stopCode": 52, "lines": "1,2", "name": "Pioneer Square Station", "walkingMeters": 474, "walkingSeconds": 341, "band": 5}, {"stopCode": 53, "lines": "1,2", "name": "International District Station", "walkingMeters": 606, "walkingSeconds": 438, "band": 10}, {"stopCode": 51, "lines": "1,2", "name": "Symphony Station", "walkingMeters": 1058, "walkingSeconds": 761, "band": 15}]}, "geometry": {"type": "Point", "coordinates": [-122.3338924, 47.5999358]}}, {"type": "Feature", "properties": {"id": 2351712305, "name": "AXIS Pioneer Square", "category": "gallery", "tags": ["gallery"], "sources": ["osm"], "address": "308 1st Avenue South", "stations": [{"stopCode": 52, "lines": "1,2", "name": "Pioneer Square Station", "walkingMeters": 488, "walkingSeconds": 351, "band": 5}, {"stopCode": 53, "lines": "1,2", "name": "International District Station", "walkingMeters": 627, "walkingSeconds": 452, "band": 10}, {"stopCode": 51, "lines": "1,2", "name": "Symphony Station", "walkingMeters": 1068, "walkingSeconds": 769, "band": 15}]}, "geometry": {"type": "Point", "coordinates": [-122.3339713, 47.5997478]}}, {"type": "Feature", "properties": {"id": 2351712318, "name": "Occidental Gallery", "category": "gallery", "tags": ["gallery"], "sources": ["osm"], "address": "309 Occidental Avenue South", "stations": [{"stopCode": 52, "lines": "1,2", "name": "Pioneer Square Station", "walkingMeters": 465, "walkingSeconds": 335, "band": 5}, {"stopCode": 53, "lines": "1,2", "name": "International District Station", "walkingMeters": 554, "walkingSeconds": 400, "band": 10}, {"stopCode": 51, "lines": "1,2", "name": "Symphony Station", "walkingMeters": 1107, "walkingSeconds": 796, "band": 15}]}, "geometry": {"type": "Point", "coordinates": [-122.3331212, 47.5997569]}}, {"type": "Feature", "properties": {"id": 2351712431, "name": "Gray Sky", "category": "gallery", "tags": ["gallery"], "sources": ["osm"], "website": "https://grayskygallery.com", "address": "320 1st Avenue South", "hours": "Th-Sa 12:00-16:00", "stations": [{"stopCode": 52, "lines": "1,2", "name": "Pioneer Square Station", "walkingMeters": 522, "walkingSeconds": 376, "band": 10}, {"stopCode": 53, "lines": "1,2", "name": "International District Station", "walkingMeters": 593, "walkingSeconds": 428, "band": 10}, {"stopCode": 51, "lines": "1,2", "name": "Symphony Station", "walkingMeters": 1102, "walkingSeconds": 794, "band": 15}]}, "geometry": {"type": "Point", "coordinates": [-122.333962, 47.5994408]}}, {"type": "Feature", "properties": {"id": 2351723987, "name": "Gallery Erato", "category": "gallery", "tags": ["gallery", "art"], "sources": ["osm", "overture"], "website": "https://www.pan-eros.org/galleryerato", "phone": "+12062292185", "address": "309 1st Ave S", "hours": "Th 12:00-18:00, \"by appointment\"", "stations": [{"stopCode": 52, "lines": "1,2", "name": "Pioneer Square Station", "walkingMeters": 517, "walkingSeconds": 372, "band": 10}, {"stopCode": 53, "lines": "1,2", "name": "International District Station", "walkingMeters": 638, "walkingSeconds": 460, "band": 10}, {"stopCode": 51, "lines": "1,2", "name": "Symphony Station", "walkingMeters": 1089, "walkingSeconds": 784, "band": 15}]}, "geometry": {"type": "Point", "coordinates": [-122.3343866, 47.5996714]}}, {"type": "Feature", "properties": {"id": 2351726154, "name": "Stonington Gallery", "category": "gallery", "tags": ["gallery", "art"], "sources": ["osm", "overture"], "website": "http://www.stoningtongallery.com", "phone": "+12064054040", "address": "125 S Jackson St", "stations": [{"stopCode": 53, "lines": "1,2", "name": "International District Station", "walkingMeters": 496, "walkingSeconds": 356, "band": 10}, {"stopCode": 52, "lines": "1,2", "name": "Pioneer Square Station", "walkingMeters": 535, "walkingSeconds": 385, "band": 10}, {"stopCode": 51, "lines": "1,2", "name": "Symphony Station", "walkingMeters": 1177, "walkingSeconds": 847, "band": 15}]}, "geometry": {"type": "Point", "coordinates": [-122.333106, 47.599075]}}, {"type": "Feature", "properties": {"id": 2351730662, "name": "Howell Pells Gallery", "category": "gallery", "tags": ["gallery"], "sources": ["osm"], "address": "562 1st Avenue South", "stations": [{"stopCode": 53, "lines": "1,2", "name": "International District Station", "walkingMeters": 829, "walkingSeconds": 596, "band": 10}, {"stopCode": 52, "lines": "1,2", "name": "Pioneer Square Station", "walkingMeters": 854, "walkingSeconds": 614, "band": 10}, {"stopCode": 54, "lines": "1", "name": "Stadium Station", "walkingMeters": 1195, "walkingSeconds": 859, "band": 15}]}, "geometry": {"type": "Point", "coordinates": [-122.33394, 47.5964522]}}, {"type": "Feature", "properties": {"id": 2984031634, "name": "MITT", "category": "artwork", "tags": ["artwork"], "sources": ["osm"], "stations": [{"stopCode": 54, "lines": "1", "name": "Stadium Station", "walkingMeters": 771, "walkingSeconds": 554, "band": 10}, {"stopCode": 53, "lines": "1,2", "name": "International District Station", "walkingMeters": 1095, "walkingSeconds": 788, "band": 15}]}, "geometry": {"type": "Point", "coordinates": [-122.3338061, 47.5922178]}}, {"type": "Feature", "properties": {"id": 2984031635, "name": "The Tempest", "category": "artwork", "tags": ["artwork"], "sources": ["osm"], "stations": [{"stopCode": 54, "lines": "1", "name": "Stadium Station", "walkingMeters": 882, "walkingSeconds": 634, "band": 15}]}, "geometry": {"type": "Point", "coordinates": [-122.333695, 47.5906503]}}, {"type": "Feature", "properties": {"id": 2984031735, "name": "Dave Niehaus", "category": "artwork", "tags": ["artwork", "wheelchair-accessible"], "sources": ["osm"], "stations": [{"stopCode": 54, "lines": "1", "name": "Stadium Station", "walkingMeters": 591, "walkingSeconds": 425, "band": 10}]}, "geometry": {"type": "Point", "coordinates": [-122.3314174, 47.5917954]}}, {"type": "Feature", "properties": {"id": 3211770099, "name": "4 (Where shall I go ahead?)", "category": "artwork", "tags": ["artwork"], "sources": ["osm"], "stations": [{"stopCode": 53, "lines": "1,2", "name": "International District Station", "walkingMeters": 290, "walkingSeconds": 208, "band": 5}, {"stopCode": 52, "lines": "1,2", "name": "Pioneer Square Station", "walkingMeters": 390, "walkingSeconds": 289, "band": 5}, {"stopCode": 51, "lines": "1,2", "name": "Symphony Station", "walkingMeters": 1103, "walkingSeconds": 794, "band": 15}, {"stopCode": 54, "lines": "1", "name": "Stadium Station", "walkingMeters": 1106, "walkingSeconds": 796, "band": 15}]}, "geometry": {"type": "Point", "coordinates": [-122.330183, 47.599317]}}, {"type": "Feature", "properties": {"id": 5087780032, "name": "Ken Griffey Jr.", "category": "artwork", "tags": ["artwork", "wheelchair-accessible"], "sources": ["osm"], "stations": [{"stopCode": 54, "lines": "1", "name": "Stadium Station", "walkingMeters": 857, "walkingSeconds": 616, "band": 15}]}, "geometry": {"type": "Point", "coordinates": [-122.3339851, 47.590427]}}, {"type": "Feature", "properties": {"id": 8999494761, "name": "Edgar Mart\u00ednez", "category": "artwork", "tags": ["artwork", "wheelchair-accessible"], "sources": ["osm"], "stations": [{"stopCode": 54, "lines": "1", "name": "Stadium Station", "walkingMeters": 805, "walkingSeconds": 578, "band": 15}]}, "geometry": {"type": "Point", "coordinates": [-122.333386, 47.5903986]}}, {"type": "Feature", "properties": {"id": 13722479940, "name": "Ichiro Suzuki", "category": "artwork", "tags": ["artwork", "wheelchair-accessible"], "sources": ["osm"], "stations": [{"stopCode": 54, "lines": "1", "name": "Stadium Station", "walkingMeters": 780, "walkingSeconds": 561, "band": 10}]}, "geometry": {"type": "Point", "coordinates": [-122.333065, 47.590403]}}, {"type": "Feature", "properties": {"id": 13770816323, "name": "Vital Spirit", "category": "artwork", "tags": ["artwork"], "sources": ["osm"], "stations": [{"stopCode": 53, "lines": "1,2", "name": "International District Station", "walkingMeters": 541, "walkingSeconds": 389, "band": 10}, {"stopCode": 52, "lines": "1,2", "name": "Pioneer Square Station", "walkingMeters": 796, "walkingSeconds": 577, "band": 10}, {"stopCode": 54, "lines": "1", "name": "Stadium Station", "walkingMeters": 1212, "walkingSeconds": 872, "band": 15}]}, "geometry": {"type": "Point", "coordinates": [-122.3324886, 47.5966976]}}, {"type": "Feature", "properties": {"id": 14027816501, "name": "Occidental Fine Arts Center", "category": "gallery", "tags": ["gallery"], "sources": ["osm"], "website": "https://occidentalfinearts.org/", "address": "311 1/2 Occidental Avenue South", "stations": [{"stopCode": 52, "lines": "1,2", "name": "Pioneer Square Station", "walkingMeters": 485, "walkingSeconds": 350, "band": 5}, {"stopCode": 53, "lines": "1,2", "name": "International District Station", "walkingMeters": 534, "walkingSeconds": 386, "band": 10}, {"stopCode": 51, "lines": "1,2", "name": "Symphony Station", "walkingMeters": 1127, "walkingSeconds": 811, "band": 15}]}, "geometry": {"type": "Point", "coordinates": [-122.3331248, 47.5995732]}}, {"type": "Feature", "properties": {"id": 681314682, "name": "Coast Guard Museum Northwest", "category": "museum", "tags": ["museum", "history"], "sources": ["osm", "overture"], "website": "http://www.rexmwess.com/cgpatchs/cogardmuseum.html", "phone": "+12062176993", "address": "1519 Alaskan Way S", "hours": "Mo, We, Fr 09:00-15:00", "stations": [{"stopCode": 54, "lines": "1", "name": "Stadium Station", "walkingMeters": 1195, "walkingSeconds": 858, "band": 15}]}, "geometry": {"type": "Point", "coordinates": [-122.3377317, 47.5906279]}}, {"type": "Feature", "properties": {"id": "a400b2fe-82b1-4979-8bca-6e4ebb305264", "name": "Roq La Rue Gallery", "category": "gallery", "tags": ["gallery", "art"], "sources": ["overture"], "website": "http://www.roqlarue.com", "phone": "+12063748977", "address": "532 1st Ave S", "stations": [{"stopCode": 53, "lines": "1,2", "name": "International District Station", "walkingMeters": 733, "walkingSeconds": 527, "band": 10}, {"stopCode": 52, "lines": "1,2", "name": "Pioneer Square Station", "walkingMeters": 758, "walkingSeconds": 545, "band": 10}, {"stopCode": 54, "lines": "1", "name": "Stadium Station", "walkingMeters": 1293, "walkingSeconds": 930, "band": 15}, {"stopCode": 51, "lines": "1,2", "name": "Symphony Station", "walkingMeters": 1338, "walkingSeconds": 963, "band": 15}]}, "geometry": {"type": "Point", "coordinates": [-122.3339157, 47.597332]}}, {"type": "Feature", "properties": {"id": "d9234208-7f02-4fb9-b284-532f53f95743", "name": "A Gallery", "category": "gallery", "tags": ["gallery", "art"], "sources": ["overture"], "website": "http://cargocollective.com/A-Gallery", "address": "117 South Main St", "stations": [{"stopCode": 52, "lines": "1,2", "name": "Pioneer Square Station", "walkingMeters": 463, "walkingSeconds": 333, "band": 5}, {"stopCode": 53, "lines": "1,2", "name": "International District Station", "walkingMeters": 566, "walkingSeconds": 409, "band": 10}, {"stopCode": 51, "lines": "1,2", "name": "Symphony Station", "walkingMeters": 1094, "walkingSeconds": 788, "band": 15}]}, "geometry": {"type": "Point", "coordinates": [-122.3334045, 47.5999336]}}, {"type": "Feature", "properties": {"id": "c923c2ae-4dc7-4e2c-b93c-7172151c7038", "name": "Last Resort Fire Department Museum", "category": "museum", "tags": ["museum", "history"], "sources": ["overture"], "website": "http://www.lastresortfd.org/", "phone": "+12067834474", "address": "301 2nd Ave S", "stations": [{"stopCode": 52, "lines": "1,2", "name": "Pioneer Square Station", "walkingMeters": 393, "walkingSeconds": 284, "band": 5}, {"stopCode": 53, "lines": "1,2", "name": "International District Station", "walkingMeters": 459, "walkingSeconds": 332, "band": 5}, {"stopCode": 51, "lines": "1,2", "name": "Symphony Station", "walkingMeters": 1057, "walkingSeconds": 760, "band": 15}]}, "geometry": {"type": "Point", "coordinates": [-122.33181, 47.5998993]}}, {"type": "Feature", "properties": {"id": "55683c3c-be22-491a-a334-38c21fce1d83", "name": "Mottman Building", "category": "attraction", "tags": ["attraction", "landmark", "historical", "building"], "sources": ["overture"], "address": "311 3rd Ave S", "stations": [{"stopCode": 53, "lines": "1,2", "name": "International District Station", "walkingMeters": 308, "walkingSeconds": 230, "band": 5}, {"stopCode": 52, "lines": "1,2", "name": "Pioneer Square Station", "walkingMeters": 429, "walkingSeconds": 320, "band": 5}, {"stopCode": 54, "lines": "1", "name": "Stadium Station", "walkingMeters": 1274, "walkingSeconds": 951, "band": 15}, {"stopCode": 51, "lines": "1,2", "name": "Symphony Station", "walkingMeters": 1298, "walkingSeconds": 969, "band": 15}]}, "geometry": {"type": "Point", "coordinates": [-122.3305359, 47.5996246]}}, {"type": "Feature", "properties": {"id": "b2e04252-f735-4350-91a4-84c203092c4c", "name": "Catherine Person Gallery", "category": "gallery", "tags": ["gallery", "art"], "sources": ["overture"], "website": "https://www.catherinepersongallery.com", "phone": "+12067635565", "address": "319 3rd Ave S", "stations": [{"stopCode": 53, "lines": "1,2", "name": "International District Station", "walkingMeters": 305, "walkingSeconds": 228, "band": 5}, {"stopCode": 52, "lines": "1,2", "name": "Pioneer Square Station", "walkingMeters": 452, "walkingSeconds": 337, "band": 5}, {"stopCode": 54, "lines": "1", "name": "Stadium Station", "walkingMeters": 1253, "walkingSeconds": 935, "band": 15}, {"stopCode": 51, "lines": "1,2", "name": "Symphony Station", "walkingMeters": 1316, "walkingSeconds": 982, "band": 15}]}, "geometry": {"type": "Point", "coordinates": [-122.3306656, 47.599453]}}, {"type": "Feature", "properties": {"id": "bdcdbe5c-adb9-4e10-ba3f-36aee016087e", "name": "Grover Thurston Gallery", "category": "gallery", "tags": ["gallery", "art"], "sources": ["overture"], "phone": "2062230816", "address": "319 3rd Ave S", "stations": [{"stopCode": 52, "lines": "1,2", "name": "Pioneer Square Station", "walkingMeters": 463, "walkingSeconds": 334, "band": 5}, {"stopCode": 53, "lines": "1,2", "name": "International District Station", "walkingMeters": 556, "walkingSeconds": 402, "band": 5}, {"stopCode": 51, "lines": "1,2", "name": "Symphony Station", "walkingMeters": 1105, "walkingSeconds": 796, "band": 15}, {"stopCode": 54, "lines": "1", "name": "Stadium Station", "walkingMeters": 1253, "walkingSeconds": 935, "band": 15}]}, "geometry": {"type": "Point", "coordinates": [-122.3306656, 47.599453]}}, {"type": "Feature", "properties": {"id": "87d64131-d3a2-4b21-97e8-344801db9444", "name": "Treason Gallery", "category": "gallery", "tags": ["gallery", "art"], "sources": ["overture"], "website": "http://www.treasongallery.com", "phone": "(206) 257-5513", "address": "319 3rd Ave S", "stations": [{"stopCode": 53, "lines": "1,2", "name": "International District Station", "walkingMeters": 323, "walkingSeconds": 232, "band": 5}, {"stopCode": 52, "lines": "1,2", "name": "Pioneer Square Station", "walkingMeters": 380, "walkingSeconds": 282, "band": 5}, {"stopCode": 51, "lines": "1,2", "name": "Symphony Station", "walkingMeters": 1093, "walkingSeconds": 787, "band": 15}, {"stopCode": 54, "lines": "1", "name": "Stadium Station", "walkingMeters": 1139, "walkingSeconds": 820, "band": 15}]}, "geometry": {"type": "Point", "coordinates": [-122.3306427, 47.5995255]}}, {"type": "Feature", "properties": {"id": "62d1ef04-1525-46c9-b190-40662e4e92ad", "name": "Arts At King Street Station", "category": "gallery", "tags": ["gallery", "art"], "sources": ["overture"], "website": "https://www.seattle.gov", "phone": "12066847171", "address": "303 S Jackson St", "stations": [{"stopCode": 53, "lines": "1,2", "name": "International District Station", "walkingMeters": 206, "walkingSeconds": 154, "band": 5}, {"stopCode": 52, "lines": "1,2", "name": "Pioneer Square Station", "walkingMeters": 608, "walkingSeconds": 454, "band": 10}, {"stopCode": 54, "lines": "1", "name": "Stadium Station", "walkingMeters": 1095, "walkingSeconds": 817, "band": 15}, {"stopCode": 51, "lines": "1,2", "name": "Symphony Station", "walkingMeters": 1475, "walkingSeconds": 1101, "band": 15}]}, "geometry": {"type": "Point", "coordinates": [-122.330101, 47.5984192]}}, {"type": "Feature", "properties": {"id": "efd27a14-f46d-4d7c-8eeb-7d4f5250a687", "name": "Ethnic Heritage Art Gallery", "category": "gallery", "tags": ["gallery", "art"], "sources": ["overture"], "address": "303 S Jackson St", "stations": [{"stopCode": 53, "lines": "1,2", "name": "International District Station", "walkingMeters": 206, "walkingSeconds": 154, "band": 5}, {"stopCode": 52, "lines": "1,2", "name": "Pioneer Square Station", "walkingMeters": 608, "walkingSeconds": 454, "band": 10}, {"stopCode": 54, "lines": "1", "name": "Stadium Station", "walkingMeters": 1095, "walkingSeconds": 817, "band": 15}, {"stopCode": 51, "lines": "1,2", "name": "Symphony Station", "walkingMeters": 1475, "walkingSeconds": 1101, "band": 15}]}, "geometry": {"type": "Point", "coordinates": [-122.330101, 47.5984192]}}, {"type": "Feature", "properties": {"id": "65d7e297-fe51-4dea-85e5-53dd278f9dbb", "name": "The Nolo at Stadium Place", "category": "attraction", "tags": ["attraction", "landmark", "historical", "building"], "sources": ["overture"], "website": "https://www.thewaveseattle.com/", "phone": "+12062090301", "address": "520 Occidental Ave S", "stations": [{"stopCode": 53, "lines": "1,2", "name": "International District Station", "walkingMeters": 491, "walkingSeconds": 366, "band": 10}, {"stopCode": 52, "lines": "1,2", "name": "Pioneer Square Station", "walkingMeters": 711, "walkingSeconds": 531, "band": 10}, {"stopCode": 54, "lines": "1", "name": "Stadium Station", "walkingMeters": 1118, "walkingSeconds": 834, "band": 15}, {"stopCode": 51, "lines": "1,2", "name": "Symphony Station", "walkingMeters": 1480, "walkingSeconds": 1104, "band": 15}]}, "geometry": {"type": "Point", "coordinates": [-122.332962, 47.5977821]}}, {"type": "Feature", "properties": {"id": "5c90a1f4-35a5-4fb7-b97e-3690ec47b614", "name": "Taswira Gallery", "category": "gallery", "tags": ["gallery", "art"], "sources": ["overture"], "website": "https://www.taswira.org", "address": "510 Occidental Ave S", "stations": [{"stopCode": 53, "lines": "1,2", "name": "International District Station", "walkingMeters": 482, "walkingSeconds": 360, "band": 10}, {"stopCode": 52, "lines": "1,2", "name": "Pioneer Square Station", "walkingMeters": 677, "walkingSeconds": 505, "band": 10}, {"stopCode": 54, "lines": "1", "name": "Stadium Station", "walkingMeters": 1145, "walkingSeconds": 854, "band": 15}, {"stopCode": 51, "lines": "1,2", "name": "Symphony Station", "walkingMeters": 1448, "walkingSeconds": 1081, "band": 15}]}, "geometry": {"type": "Point", "coordinates": [-122.3329086, 47.5980186]}}, {"type": "Feature", "properties": {"id": "e25a10b5-7496-4ab6-b348-04e3b8335c06", "name": "Hometeam Gallery", "category": "gallery", "tags": ["gallery", "art"], "sources": ["overture"], "website": "https://www.hometeamsea.com/pages/hometeam-gallery", "phone": "+12069054377", "address": "310 Occidental Ave S", "stations": [{"stopCode": 52, "lines": "1,2", "name": "Pioneer Square Station", "walkingMeters": 462, "walkingSeconds": 333, "band": 5}, {"stopCode": 53, "lines": "1,2", "name": "International District Station", "walkingMeters": 531, "walkingSeconds": 384, "band": 10}, {"stopCode": 51, "lines": "1,2", "name": "Symphony Station", "walkingMeters": 1105, "walkingSeconds": 795, "band": 15}]}, "geometry": {"type": "Point", "coordinates": [-122.3327026, 47.5997505]}}, {"type": "Feature", "properties": {"id": "8d8353f1-f8cd-4ece-be7a-2f4dab5f04ba", "name": "Prographica Gallery", "category": "gallery", "tags": ["gallery", "art"], "sources": ["overture"], "website": "http://www.prographicagallery.com/", "phone": "+12069990849", "address": "313 Occidental Ave S", "stations": [{"stopCode": 52, "lines": "1,2", "name": "Pioneer Square Station", "walkingMeters": 490, "walkingSeconds": 353, "band": 5}, {"stopCode": 53, "lines": "1,2", "name": "International District Station", "walkingMeters": 529, "walkingSeconds": 382, "band": 10}, {"stopCode": 51, "lines": "1,2", "name": "Symphony Station", "walkingMeters": 1132, "walkingSeconds": 815, "band": 15}]}, "geometry": {"type": "Point", "coordinates": [-122.3332825, 47.5995293]}}, {"type": "Feature", "properties": {"id": "e81235ea-9c67-4229-b911-8b0606f941eb", "name": "Figure | Ground Art Gallery", "category": "gallery", "tags": ["gallery", "art"], "sources": ["overture"], "website": "https://www.figuregroundgallery.com", "phone": "12066417254", "address": "122 S Jackson St  Ste 250", "stations": [{"stopCode": 52, "lines": "1,2", "name": "Pioneer Square Station", "walkingMeters": 503, "walkingSeconds": 375, "band": 10}, {"stopCode": 53, "lines": "1,2", "name": "International District Station", "walkingMeters": 537, "walkingSeconds": 401, "band": 10}, {"stopCode": 51, "lines": "1,2", "name": "Symphony Station", "walkingMeters": 1248, "walkingSeconds": 931, "band": 15}]}, "geometry": {"type": "Point", "coordinates": [-122.3332901, 47.5993767]}}, {"type": "Feature", "properties": {"id": "58bd8096-e185-4564-a024-3c5b1ad72602", "name": "Davidson Galleries", "category": "gallery", "tags": ["gallery", "art"], "sources": ["overture"], "website": "http://www.davidsongalleries.com/", "phone": "(206) 624-1324", "address": "313 Occidental Ave S", "stations": [{"stopCode": 52, "lines": "1,2", "name": "Pioneer Square Station", "walkingMeters": 483, "walkingSeconds": 348, "band": 5}, {"stopCode": 53, "lines": "1,2", "name": "International District Station", "walkingMeters": 536, "walkingSeconds": 387, "band": 10}, {"stopCode": 51, "lines": "1,2", "name": "Symphony Station", "walkingMeters": 1125, "walkingSeconds": 810, "band": 15}]}, "geometry": {"type": "Point", "coordinates": [-122.3331985, 47.5995941]}}, {"type": "Feature", "properties": {"id": "bad932cc-0f32-43aa-877d-ba1c220dd527", "name": "Frederick Holmes and Company", "category": "gallery", "tags": ["gallery", "art"], "sources": ["overture"], "website": "http://www.frederickholmesandcompany.com/", "phone": "+12066820166", "address": "309 Occidental Ave S", "stations": [{"stopCode": 52, "lines": "1,2", "name": "Pioneer Square Station", "walkingMeters": 475, "walkingSeconds": 342, "band": 5}, {"stopCode": 53, "lines": "1,2", "name": "International District Station", "walkingMeters": 544, "walkingSeconds": 393, "band": 10}, {"stopCode": 51, "lines": "1,2", "name": "Symphony Station", "walkingMeters": 1117, "walkingSeconds": 804, "band": 15}]}, "geometry": {"type": "Point", "coordinates": [-122.3330307, 47.5996666]}}, {"type": "Feature", "properties": {"id": "1d7f2eba-0251-499a-9278-6d73fb1b0c45", "name": "Linda Hodges Gallery", "category": "gallery", "tags": ["gallery", "art"], "sources": ["overture"], "website": "https://www.lindahodgesgallery.com", "phone": "12066243034", "address": "316 1st Ave S", "stations": [{"stopCode": 52, "lines": "1,2", "name": "Pioneer Square Station", "walkingMeters": 515, "walkingSeconds": 384, "band": 10}, {"stopCode": 53, "lines": "1,2", "name": "International District Station", "walkingMeters": 587, "walkingSeconds": 438, "band": 10}, {"stopCode": 51, "lines": "1,2", "name": "Symphony Station", "walkingMeters": 1227, "walkingSeconds": 916, "band": 15}]}, "geometry": {"type": "Point", "coordinates": [-122.3337936, 47.599453]}}, {"type": "Feature", "properties": {"id": "9a5cc4f0-847d-4842-98c1-94198fb6296b", "name": "Artforte Gallery", "category": "gallery", "tags": ["gallery", "art"], "sources": ["overture"], "website": "artforte.com", "phone": "2067480187", "address": "320 1st Ave S", "stations": [{"stopCode": 52, "lines": "1,2", "name": "Pioneer Square Station", "walkingMeters": 518, "walkingSeconds": 387, "band": 10}, {"stopCode": 53, "lines": "1,2", "name": "International District Station", "walkingMeters": 583, "walkingSeconds": 435, "band": 10}, {"stopCode": 51, "lines": "1,2", "name": "Symphony Station", "walkingMeters": 1233, "walkingSeconds": 920, "band": 15}]}, "geometry": {"type": "Point", "coordinates": [-122.3337631, 47.5994148]}}, {"type": "Feature", "properties": {"id": "dff6af54-5241-49bd-b5e8-862135d595d6", "name": "Martyr Sauce Pop Art Museum", "category": "museum", "tags": ["museum"], "sources": ["overture"], "website": "https://www.martyrsauce.com", "address": "108 S Jackson St", "stations": [{"stopCode": 52, "lines": "1,2", "name": "Pioneer Square Station", "walkingMeters": 524, "walkingSeconds": 391, "band": 10}, {"stopCode": 53, "lines": "1,2", "name": "International District Station", "walkingMeters": 572, "walkingSeconds": 427, "band": 10}, {"stopCode": 51, "lines": "1,2", "name": "Symphony Station", "walkingMeters": 1246, "walkingSeconds": 930, "band": 15}]}, "geometry": {"type": "Point", "coordinates": [-122.3336792, 47.5993385]}}, {"type": "Feature", "properties": {"id": "157c4c68-9c1f-42b4-9946-02dbb7583000", "name": "Seattle Quilt Building Apartments", "category": "attraction", "tags": ["attraction", "landmark", "historical", "building"], "sources": ["overture"], "website": "https://www.seattlequiltbuilding.com/?utm_source=businessprofile&utm_medium=search&utm_campaign=general", "phone": "+18337582955", "address": "318 1st Ave S", "stations": [{"stopCode": 52, "lines": "1,2", "name": "Pioneer Square Station", "walkingMeters": 521, "walkingSeconds": 375, "band": 10}, {"stopCode": 53, "lines": "1,2", "name": "International District Station", "walkingMeters": 594, "walkingSeconds": 428, "band": 10}, {"stopCode": 51, "lines": "1,2", "name": "Symphony Station", "walkingMeters": 1101, "walkingSeconds": 793, "band": 15}]}, "geometry": {"type": "Point", "coordinates": [-122.3339233, 47.5994492]}}, {"type": "Feature", "properties": {"id": "b531ba80-225e-43b0-b667-f7c7189da555", "name": "Gray Sky Gallery", "category": "gallery", "tags": ["gallery", "art"], "sources": ["overture"], "website": "http://www.grayskygallery.com/", "phone": "+12067175255", "address": "320 1st Ave S", "stations": [{"stopCode": 52, "lines": "1,2", "name": "Pioneer Square Station", "walkingMeters": 524, "walkingSeconds": 377, "band": 10}, {"stopCode": 53, "lines": "1,2", "name": "International District Station", "walkingMeters": 591, "walkingSeconds": 426, "band": 10}, {"stopCode": 51, "lines": "1,2", "name": "Symphony Station", "walkingMeters": 1104, "walkingSeconds": 795, "band": 15}]}, "geometry": {"type": "Point", "coordinates": [-122.3339844, 47.5994225]}}, {"type": "Feature", "properties": {"id": "4099c84b-fc2b-4489-beee-552bc0f9700e", "name": "Beba's Brush", "category": "gallery", "tags": ["gallery", "art"], "sources": ["overture"], "website": "https://bebasbrush.com", "phone": "+12069140903", "address": "313 1st Ave S", "stations": [{"stopCode": 52, "lines": "1,2", "name": "Pioneer Square Station", "walkingMeters": 542, "walkingSeconds": 404, "band": 10}, {"stopCode": 53, "lines": "1,2", "name": "International District Station", "walkingMeters": 666, "walkingSeconds": 497, "band": 10}, {"stopCode": 51, "lines": "1,2", "name": "Symphony Station", "walkingMeters": 1199, "walkingSeconds": 895, "band": 15}]}, "geometry": {"type": "Point", "coordinates": [-122.3345795, 47.599575]}}, {"type": "Feature", "properties": {"id": "c356811f-ce79-4f62-8437-6c60448c70a3", "name": "Chatwin Arts", "category": "gallery", "tags": ["gallery", "art"], "sources": ["overture"], "website": "http://www.chatwinarts.com/", "phone": "+12064201141", "address": "323 1st Ave S", "stations": [{"stopCode": 52, "lines": "1,2", "name": "Pioneer Square Station", "walkingMeters": 572, "walkingSeconds": 411, "band": 10}, {"stopCode": 53, "lines": "1,2", "name": "International District Station", "walkingMeters": 613, "walkingSeconds": 442, "band": 10}, {"stopCode": 51, "lines": "1,2", "name": "Symphony Station", "walkingMeters": 1144, "walkingSeconds": 823, "band": 15}]}, "geometry": {"type": "Point", "coordinates": [-122.3345261, 47.5993309]}}, {"type": "Feature", "properties": {"id": "c5608cce-65bd-4e1a-b44b-a2d16a1f2a35", "name": "Under the Sea Gallery", "category": "gallery", "tags": ["gallery", "art"], "sources": ["overture"], "phone": "+12067783570", "address": "80 S Jackson St", "stations": [{"stopCode": 52, "lines": "1,2", "name": "Pioneer Square Station", "walkingMeters": 577, "walkingSeconds": 415, "band": 10}, {"stopCode": 53, "lines": "1,2", "name": "International District Station", "walkingMeters": 618, "walkingSeconds": 446, "band": 10}, {"stopCode": 51, "lines": "1,2", "name": "Symphony Station", "walkingMeters": 1149, "walkingSeconds": 827, "band": 15}]}, "geometry": {"type": "Point", "coordinates": [-122.3345413, 47.5993881]}}, {"type": "Feature", "properties": {"id": "6f4edac7-99f5-4e2b-a38c-cf232e9a0aef", "name": "Callus", "category": "gallery", "tags": ["gallery", "art"], "sources": ["overture"], "website": "https://www.calluscallus.com", "phone": "+12064204556", "address": "323 1st Ave S", "stations": [{"stopCode": 52, "lines": "1,2", "name": "Pioneer Square Station", "walkingMeters": 580, "walkingSeconds": 417, "band": 10}, {"stopCode": 53, "lines": "1,2", "name": "International District Station", "walkingMeters": 621, "walkingSeconds": 448, "band": 10}, {"stopCode": 51, "lines": "1,2", "name": "Symphony Station", "walkingMeters": 1152, "walkingSeconds": 829, "band": 15}]}, "geometry": {"type": "Point", "coordinates": [-122.3345337, 47.5993881]}}, {"type": "Feature", "properties": {"id": "6f5103d4-0e1f-4461-a93e-e3415c2127da", "name": "Merrill Place", "category": "attraction", "tags": ["attraction", "landmark", "historical", "building"], "sources": ["overture"], "phone": "+12064675002", "address": "411 1st Ave S", "stations": [{"stopCode": 52, "lines": "1,2", "name": "Pioneer Square Station", "walkingMeters": 624, "walkingSeconds": 466, "band": 10}, {"stopCode": 53, "lines": "1,2", "name": "International District Station", "walkingMeters": 625, "walkingSeconds": 466, "band": 10}, {"stopCode": 51, "lines": "1,2", "name": "Symphony Station", "walkingMeters": 1311, "walkingSeconds": 978, "band": 15}]}, "geometry": {"type": "Point", "coordinates": [-122.3343735, 47.5988083]}}, {"type": "Feature", "properties": {"id": "da733195-bf6a-4d2b-8d55-65afcc384859", "name": "Seattle Sculpture And Statuary", "category": "gallery", "tags": ["gallery", "art"], "sources": ["overture"], "phone": "+12066241443", "address": "85 S Main St", "stations": [{"stopCode": 52, "lines": "1,2", "name": "Pioneer Square Station", "walkingMeters": 531, "walkingSeconds": 396, "band": 10}, {"stopCode": 53, "lines": "1,2", "name": "International District Station", "walkingMeters": 715, "walkingSeconds": 534, "band": 10}, {"stopCode": 51, "lines": "1,2", "name": "Symphony Station", "walkingMeters": 1149, "walkingSeconds": 857, "band": 15}]}, "geometry": {"type": "Point", "coordinates": [-122.3349609, 47.5998917]}}, {"type": "Feature", "properties": {"id": "e43d83d7-2523-4877-b54b-8cf4861b9203", "name": "Seattle Waterfront on Alaskan Way", "category": "attraction", "tags": ["attraction", "landmark", "historical", "building"], "sources": ["overture"], "website": "https://www.downtownseattle.com/neighborhoods/waterfront", "stations": [{"stopCode": 53, "lines": "1,2", "name": "International District Station", "walkingMeters": 778, "walkingSeconds": 581, "band": 15}, {"stopCode": 54, "lines": "1", "name": "Stadium Station", "walkingMeters": 919, "walkingSeconds": 686, "band": 15}, {"stopCode": 52, "lines": "1,2", "name": "Pioneer Square Station", "walkingMeters": 1114, "walkingSeconds": 831, "band": 15}]}, "geometry": {"type": "Point", "coordinates": [-122.3344269, 47.5951653]}}, {"type": "Feature", "properties": {"id": "76c0335e-0518-4b4d-aae6-517ed228a778", "name": "Art Wolfe Gallery", "category": "gallery", "tags": ["gallery", "art"], "sources": ["overture"], "website": "http://www.artwolfe.com", "phone": "(206) 332-0993", "address": "520 1st Ave S", "stations": [{"stopCode": 53, "lines": "1,2", "name": "International District Station", "walkingMeters": 655, "walkingSeconds": 471, "band": 10}, {"stopCode": 52, "lines": "1,2", "name": "Pioneer Square Station", "walkingMeters": 733, "walkingSeconds": 528, "band": 10}, {"stopCode": 54, "lines": "1", "name": "Stadium Station", "walkingMeters": 1326, "walkingSeconds": 954, "band": 15}, {"stopCode": 51, "lines": "1,2", "name": "Symphony Station", "walkingMeters": 1368, "walkingSeconds": 984, "band": 15}]}, "geometry": {"type": "Point", "coordinates": [-122.3336868, 47.5975037]}}, {"type": "Feature", "properties": {"id": "90772d57-e656-47c6-88a5-5340f54e1571", "name": "Non-breaking Space", "category": "gallery", "tags": ["gallery", "art"], "sources": ["overture"], "website": "https://non-breaking.space", "phone": "12069658952", "address": "532 1st Ave S", "stations": [{"stopCode": 53, "lines": "1,2", "name": "International District Station", "walkingMeters": 587, "walkingSeconds": 438, "band": 10}, {"stopCode": 52, "lines": "1,2", "name": "Pioneer Square Station", "walkingMeters": 784, "walkingSeconds": 585, "band": 10}, {"stopCode": 54, "lines": "1", "name": "Stadium Station", "walkingMeters": 1123, "walkingSeconds": 838, "band": 15}, {"stopCode": 51, "lines": "1,2", "name": "Symphony Station", "walkingMeters": 1514, "walkingSeconds": 1130, "band": 15}]}, "geometry": {"type": "Point", "coordinates": [-122.3338547, 47.5974388]}}, {"type": "Feature", "properties": {"id": "47ce7966-42b6-4b3e-b03c-ce0fd94992be", "name": "Prince & Fox", "category": "gallery", "tags": ["gallery", "art"], "sources": ["overture"], "phone": "+12067087378", "address": "901 Occidental Ave S Ste 401", "stations": [{"stopCode": 53, "lines": "1,2", "name": "International District Station", "walkingMeters": 751, "walkingSeconds": 560, "band": 10}, {"stopCode": 54, "lines": "1", "name": "Stadium Station", "walkingMeters": 828, "walkingSeconds": 618, "band": 15}, {"stopCode": 52, "lines": "1,2", "name": "Pioneer Square Station", "walkingMeters": 1144, "walkingSeconds": 854, "band": 15}]}, "geometry": {"type": "Point", "coordinates": [-122.3336411, 47.5948181]}}, {"type": "Feature", "properties": {"id": "04ceae7d-4b66-477d-a8d1-ad156d86eaaa", "name": "The Piranha Shop", "category": "gallery", "tags": ["gallery", "art"], "sources": ["overture"], "website": "http://www.thepiranhashop.com", "phone": "(206) 856-5858", "address": "1022 1st Ave S", "stations": [{"stopCode": 54, "lines": "1", "name": "Stadium Station", "walkingMeters": 902, "walkingSeconds": 650, "band": 15}, {"stopCode": 53, "lines": "1,2", "name": "International District Station", "walkingMeters": 973, "walkingSeconds": 700, "band": 15}, {"stopCode": 52, "lines": "1,2", "name": "Pioneer Square Station", "walkingMeters": 1189, "walkingSeconds": 856, "band": 15}]}, "geometry": {"type": "Point", "coordinates": [-122.333725, 47.5934563]}}, {"type": "Feature", "properties": {"id": "5773f657-65b0-43f8-8091-9c6f014440f8", "name": "US Coast Guard Base Seattle", "category": "museum", "tags": ["museum"], "sources": ["overture"], "website": "http://www.uscg.mil/", "phone": "2062176410", "address": "1519 Alaskan Way S", "stations": [{"stopCode": 54, "lines": "1", "name": "Stadium Station", "walkingMeters": 1194, "walkingSeconds": 858, "band": 15}]}, "geometry": {"type": "Point", "coordinates": [-122.3375397, 47.5906334]}}, {"type": "Feature", "properties": {"id": "dabb4c6f-025b-450a-a9e3-f2b892b55834", "name": "Ken Griffey Jr statue", "category": "attraction", "tags": ["attraction", "monument"], "sources": ["overture"], "website": "https://www.mlb.com/mariners", "phone": "(206) 346-4001", "stations": [{"stopCode": 54, "lines": "1", "name": "Stadium Station", "walkingMeters": 862, "walkingSeconds": 619, "band": 15}]}, "geometry": {"type": "Point", "coordinates": [-122.333992, 47.5902672]}}, {"type": "Feature", "properties": {"id": 69153438, "name": "Union Station Square", "category": "park", "tags": ["park"], "sources": ["osm"], "website": "https://www.seattle.gov/parks/allparks/union-station-square", "stations": [{"stopCode": 53, "lines": "1,2", "name": "International District Station", "walkingMeters": 288, "walkingSeconds": 208, "band": 5}, {"stopCode": 52, "lines": "1,2", "name": "Pioneer Square Station", "walkingMeters": 378, "walkingSeconds": 281, "band": 5}, {"stopCode": 51, "lines": "1,2", "name": "Symphony Station", "walkingMeters": 1091, "walkingSeconds": 786, "band": 15}, {"stopCode": 54, "lines": "1", "name": "Stadium Station", "walkingMeters": 1107, "walkingSeconds": 796, "band": 15}]}, "geometry": {"type": "Point", "coordinates": [-122.3300861, 47.5994497]}}, {"type": "Feature", "properties": {"id": "f830bfc4-93e8-4341-bce6-668e8c7efe93", "name": "Northwest Amexem, North America", "category": "park", "tags": ["park"], "sources": ["overture"], "address": "123 S Main St", "stations": [{"stopCode": 52, "lines": "1,2", "name": "Pioneer Square Station", "walkingMeters": 426, "walkingSeconds": 318, "band": 5}, {"stopCode": 53, "lines": "1,2", "name": "International District Station", "walkingMeters": 556, "walkingSeconds": 415, "band": 10}, {"stopCode": 51, "lines": "1,2", "name": "Symphony Station", "walkingMeters": 1172, "walkingSeconds": 875, "band": 15}]}, "geometry": {"type": "Point", "coordinates": [-122.3331909, 47.5999336]}}, {"type": "Feature", "properties": {"id": "0a816658-c851-427c-a441-e2b3a2b11118", "name": "Royal Brougham Park", "category": "park", "tags": ["park"], "sources": ["overture"], "address": "800 Occidental Ave S", "stations": [{"stopCode": 53, "lines": "1,2", "name": "International District Station", "walkingMeters": 868, "walkingSeconds": 624, "band": 15}, {"stopCode": 54, "lines": "1", "name": "Stadium Station", "walkingMeters": 988, "walkingSeconds": 710, "band": 15}]}, "geometry": {"type": "Point", "coordinates": [-122.3317413, 47.5946617]}}, {"type": "Feature", "properties": {"id": "1017aefc-7d9d-4c96-9a86-f2afb2e72950", "name": "Seattle Children's Playfield at Safeco Field", "category": "park", "tags": ["park"], "sources": ["overture"], "website": "http://www.seattlechildrenschorus.org", "phone": "+12065425998", "address": "Seattle, Washington", "stations": [{"stopCode": 54, "lines": "1", "name": "Stadium Station", "walkingMeters": 590, "walkingSeconds": 424, "band": 10}, {"stopCode": 53, "lines": "1,2", "name": "International District Station", "walkingMeters": 951, "walkingSeconds": 710, "band": 15}]}, "geometry": {"type": "Point", "coordinates": [-122.3313065, 47.5921669]}}, {"type": "Feature", "properties": {"id": 13458644701, "name": "Populus Seattle", "category": "hotel", "tags": ["hotel"], "sources": ["osm", "overture"], "website": "https://populusseattle.com/", "phone": "+12063091100", "address": "100 S King St", "stations": [{"stopCode": 53, "lines": "1,2", "name": "International District Station", "walkingMeters": 618, "walkingSeconds": 444, "band": 10}, {"stopCode": 52, "lines": "1,2", "name": "Pioneer Square Station", "walkingMeters": 658, "walkingSeconds": 474, "band": 10}, {"stopCode": 51, "lines": "1,2", "name": "Symphony Station", "walkingMeters": 1238, "walkingSeconds": 891, "band": 15}]}, "geometry": {"type": "Point", "coordinates": [-122.3338243, 47.5984171]}}, {"type": "Feature", "properties": {"id": 103052783, "name": "Silver Cloud Hotel", "category": "hotel", "tags": ["hotel"], "sources": ["osm", "overture"], "website": "https://www.silvercloud.com/seattlestadium", "phone": "+12062049800", "address": "1046 1st Ave S", "stations": [{"stopCode": 54, "lines": "1", "name": "Stadium Station", "walkingMeters": 776, "walkingSeconds": 559, "band": 10}, {"stopCode": 53, "lines": "1,2", "name": "International District Station", "walkingMeters": 1062, "walkingSeconds": 764, "band": 15}, {"stopCode": 52, "lines": "1,2", "name": "Pioneer Square Station", "walkingMeters": 1310, "walkingSeconds": 944, "band": 15}]}, "geometry": {"type": "Point", "coordinates": [-122.3336973, 47.5927155]}}, {"type": "Feature", "properties": {"id": 817347762, "name": "Embassy Suites - Seattle Downtown Pioneer Square", "category": "hotel", "tags": ["hotel", "wifi"], "sources": ["osm"], "website": "https://www.hilton.com/en/hotels/seapses-embassy-suites-seattle-downtown-pioneer-square/", "address": "255 South King Street", "stations": [{"stopCode": 53, "lines": "1,2", "name": "International District Station", "walkingMeters": 341, "walkingSeconds": 245, "band": 5}, {"stopCode": 52, "lines": "1,2", "name": "Pioneer Square Station", "walkingMeters": 605, "walkingSeconds": 443, "band": 10}, {"stopCode": 54, "lines": "1", "name": "Stadium Station", "walkingMeters": 1011, "walkingSeconds": 728, "band": 15}, {"stopCode": 51, "lines": "1,2", "name": "Symphony Station", "walkingMeters": 1318, "walkingSeconds": 949, "band": 15}]}, "geometry": {"type": "Point", "coordinates": [-122.330946, 47.5978678]}}, {"type": "Feature", "properties": {"id": "da28f957-bdea-41b0-a3a0-8c4bb96a0540", "name": "Embassy Suites by Hilton Seattle Downtown Pioneer Square", "category": "hotel", "tags": ["hotel"], "sources": ["overture"], "website": "http://Seattledowntownpioneersquare.embassysuitesbyhilton.com/", "phone": "+12068594400", "address": "255 S King St", "stations": [{"stopCode": 53, "lines": "1,2", "name": "International District Station", "walkingMeters": 288, "walkingSeconds": 215, "band": 5}, {"stopCode": 52, "lines": "1,2", "name": "Pioneer Square Station", "walkingMeters": 649, "walkingSeconds": 484, "band": 10}, {"stopCode": 54, "lines": "1", "name": "Stadium Station", "walkingMeters": 1071, "walkingSeconds": 799, "band": 15}, {"stopCode": 51, "lines": "1,2", "name": "Symphony Station", "walkingMeters": 1493, "walkingSeconds": 1114, "band": 15}]}, "geometry": {"type": "Point", "coordinates": [-122.3309174, 47.5980721]}}, {"type": "Feature", "properties": {"id": "1d94a45f-d4df-4cf0-b853-3610dbb54c37", "name": "Cadillac Hotel", "category": "hotel", "tags": ["hotel"], "sources": ["overture"], "phone": "+12066226952", "address": "168 S Jackson St", "stations": [{"stopCode": 53, "lines": "1,2", "name": "International District Station", "walkingMeters": 428, "walkingSeconds": 307, "band": 5}, {"stopCode": 52, "lines": "1,2", "name": "Pioneer Square Station", "walkingMeters": 474, "walkingSeconds": 343, "band": 5}, {"stopCode": 51, "lines": "1,2", "name": "Symphony Station", "walkingMeters": 1127, "walkingSeconds": 811, "band": 15}, {"stopCode": 54, "lines": "1", "name": "Stadium Station", "walkingMeters": 1244, "walkingSeconds": 895, "band": 15}]}, "geometry": {"type": "Point", "coordinates": [-122.3319397, 47.5993195]}}, {"type": "Feature", "properties": {"id": "7a9fb94d-77ed-4c7b-afb3-5359142efa67", "name": "Red Zone Suites", "category": "hotel", "tags": ["hotel"], "sources": ["overture"], "address": "CenturyLink Field", "stations": [{"stopCode": 53, "lines": "1,2", "name": "International District Station", "walkingMeters": 544, "walkingSeconds": 406, "band": 10}, {"stopCode": 54, "lines": "1", "name": "Stadium Station", "walkingMeters": 778, "walkingSeconds": 581, "band": 15}]}, "geometry": {"type": "Point", "coordinates": [-122.3316956, 47.5955429]}}, {"type": "Feature", "properties": {"id": 2351730633, "name": "Gallery B612", "category": "art", "tags": ["art", "gallery"], "sources": ["osm", "overture"], "website": "https://linktr.ee/galleryb612", "phone": "+12064767385", "address": "520 1st Ave S", "stations": [{"stopCode": 53, "lines": "1,2", "name": "International District Station", "walkingMeters": 677, "walkingSeconds": 486, "band": 10}, {"stopCode": 52, "lines": "1,2", "name": "Pioneer Square Station", "walkingMeters": 702, "walkingSeconds": 505, "band": 10}, {"stopCode": 51, "lines": "1,2", "name": "Symphony Station", "walkingMeters": 1282, "walkingSeconds": 923, "band": 15}]}, "geometry": {"type": "Point", "coordinates": [-122.333938, 47.5978334]}}, {"type": "Feature", "properties": {"id": 663911527, "name": "Long Brothers Fine & Rare Books", "category": "books", "tags": ["books", "wheelchair-accessible", "has-bar"], "sources": ["osm"], "address": "400 Occidental Avenue South", "hours": "We-Sa 10:00-20:00; Su 11:00-18:00; PH closed; Tu 10:00-18:00; Mo closed", "stations": [{"stopCode": 53, "lines": "1,2", "name": "International District Station", "walkingMeters": 465, "walkingSeconds": 334, "band": 10}, {"stopCode": 52, "lines": "1,2", "name": "Pioneer Square Station", "walkingMeters": 506, "walkingSeconds": 365, "band": 10}, {"stopCode": 51, "lines": "1,2", "name": "Symphony Station", "walkingMeters": 1158, "walkingSeconds": 833, "band": 15}]}, "geometry": {"type": "Point", "coordinates": [-122.332663, 47.5990989]}}, {"type": "Feature", "properties": {"id": 2984031734, "name": "Mariners Team Store", "category": "clothes", "tags": ["clothes", "gift", "souvenir"], "sources": ["osm", "overture"], "website": "http://www.mariners.com/teamstore", "phone": "+12063464287", "address": "1250 1st Ave S", "stations": [{"stopCode": 54, "lines": "1", "name": "Stadium Station", "walkingMeters": 849, "walkingSeconds": 610, "band": 10}, {"stopCode": 53, "lines": "1,2", "name": "International District Station", "walkingMeters": 1170, "walkingSeconds": 842, "band": 15}]}, "geometry": {"type": "Point", "coordinates": [-122.3338536, 47.5916948]}}, {"type": "Feature", "properties": {"id": 2351711809, "name": "The Globe Gallery", "category": "art", "tags": ["art"], "sources": ["osm"], "phone": "+1-206-612-7655", "address": "105 South Main Street", "stations": [{"stopCode": 52, "lines": "1,2", "name": "Pioneer Square Station", "walkingMeters": 480, "walkingSeconds": 345, "band": 5}, {"stopCode": 53, "lines": "1,2", "name": "International District Station", "walkingMeters": 602, "walkingSeconds": 434, "band": 10}, {"stopCode": 51, "lines": "1,2", "name": "Symphony Station", "walkingMeters": 1060, "walkingSeconds": 763, "band": 15}]}, "geometry": {"type": "Point", "coordinates": [-122.333828, 47.5999354]}}, {"type": "Feature", "properties": {"id": 2351711970, "name": "Seattle's National Park Store", "category": "gift", "tags": ["gift", "books"], "sources": ["osm", "overture"], "website": "http://www.discovernw.org/", "phone": "+12062204286", "address": "164 S Jackson St", "stations": [{"stopCode": 53, "lines": "1,2", "name": "International District Station", "walkingMeters": 461, "walkingSeconds": 333, "band": 5}, {"stopCode": 52, "lines": "1,2", "name": "Pioneer Square Station", "walkingMeters": 476, "walkingSeconds": 345, "band": 5}, {"stopCode": 51, "lines": "1,2", "name": "Symphony Station", "walkingMeters": 1130, "walkingSeconds": 813, "band": 15}, {"stopCode": 54, "lines": "1", "name": "Stadium Station", "walkingMeters": 1250, "walkingSeconds": 899, "band": 15}]}, "geometry": {"type": "Point", "coordinates": [-122.3320795, 47.5993401]}}, {"type": "Feature", "properties": {"id": 2351712134, "name": "Beyond Threads", "category": "clothes", "tags": ["clothes", "womens"], "sources": ["osm", "overture"], "website": "https://beyondthreads.com", "phone": "12063265557", "address": "214 S Jackson St", "stations": [{"stopCode": 53, "lines": "1,2", "name": "International District Station", "walkingMeters": 321, "walkingSeconds": 231, "band": 5}, {"stopCode": 52, "lines": "1,2", "name": "Pioneer Square Station", "walkingMeters": 421, "walkingSeconds": 311, "band": 5}, {"stopCode": 51, "lines": "1,2", "name": "Symphony Station", "walkingMeters": 1133, "walkingSeconds": 816, "band": 15}, {"stopCode": 54, "lines": "1", "name": "Stadium Station", "walkingMeters": 1137, "walkingSeconds": 818, "band": 15}]}, "geometry": {"type": "Point", "coordinates": [-122.3306605, 47.5993019]}}, {"type": "Feature", "properties": {"id": 2351712296, "name": "Locus Wines", "category": "wine", "tags": ["wine", "bar"], "sources": ["osm", "overture"], "website": "http://www.locuswines.com/", "phone": "+12065086685", "address": "307 Occidental Ave S", "stations": [{"stopCode": 52, "lines": "1,2", "name": "Pioneer Square Station", "walkingMeters": 455, "walkingSeconds": 328, "band": 5}, {"stopCode": 53, "lines": "1,2", "name": "International District Station", "walkingMeters": 558, "walkingSeconds": 403, "band": 10}, {"stopCode": 51, "lines": "1,2", "name": "Symphony Station", "walkingMeters": 1097, "walkingSeconds": 790, "band": 15}]}, "geometry": {"type": "Point", "coordinates": [-122.333123, 47.5998475]}}, {"type": "Feature", "properties": {"id": 2351712347, "name": "Glasshouse Studio", "category": "art", "tags": ["art"], "sources": ["osm"], "website": "https://www.glasshouse-studio.com/", "phone": "+1-206-682-9939", "address": "311 Occidental Avenue South", "hours": "Mo-Sa 10:00-17:00; Su 10:00-16:00", "stations": [{"stopCode": 52, "lines": "1,2", "name": "Pioneer Square Station", "walkingMeters": 474, "walkingSeconds": 342, "band": 5}, {"stopCode": 53, "lines": "1,2", "name": "International District Station", "walkingMeters": 545, "walkingSeconds": 393, "band": 10}, {"stopCode": 51, "lines": "1,2", "name": "Symphony Station", "walkingMeters": 1117, "walkingSeconds": 804, "band": 15}]}, "geometry": {"type": "Point", "coordinates": [-122.333119, 47.5996701]}}, {"type": "Feature", "properties": {"id": 2351712355, "name": "James Harris Gallery", "category": "art", "tags": ["art"], "sources": ["osm"], "phone": "+1-206-903-6220", "address": "312 2nd Avenue South", "stations": [{"stopCode": 53, "lines": "1,2", "name": "International District Station", "walkingMeters": 410, "walkingSeconds": 294, "band": 5}, {"stopCode": 52, "lines": "1,2", "name": "Pioneer Square Station", "walkingMeters": 425, "walkingSeconds": 308, "band": 5}, {"stopCode": 51, "lines": "1,2", "name": "Symphony Station", "walkingMeters": 1100, "walkingSeconds": 794, "band": 15}, {"stopCode": 54, "lines": "1", "name": "Stadium Station", "walkingMeters": 1226, "walkingSeconds": 882, "band": 15}]}, "geometry": {"type": "Point", "coordinates": [-122.331365, 47.5995512]}}, {"type": "Feature", "properties": {"id": 2351712359, "name": "Christian Grevstad", "category": "furniture", "tags": ["furniture"], "sources": ["osm"], "website": "https://www.christiangrevstad.com", "phone": "+1-206-938-4360", "address": "312 Occidental Avenue South", "stations": [{"stopCode": 52, "lines": "1,2", "name": "Pioneer Square Station", "walkingMeters": 479, "walkingSeconds": 345, "band": 5}, {"stopCode": 53, "lines": "1,2", "name": "International District Station", "walkingMeters": 515, "walkingSeconds": 372, "band": 10}, {"stopCode": 51, "lines": "1,2", "name": "Symphony Station", "walkingMeters": 1122, "walkingSeconds": 807, "band": 15}]}, "geometry": {"type": "Point", "coordinates": [-122.3326886, 47.5996004]}}, {"type": "Feature", "properties": {"id": 2351712389, "name": "Nino Studio", "category": "art", "tags": ["art"], "sources": ["osm"], "website": "https://nino.studio", "phone": "+1-206-624-3034", "address": "316 1st Avenue South", "stations": [{"stopCode": 52, "lines": "1,2", "name": "Pioneer Square Station", "walkingMeters": 515, "walkingSeconds": 370, "band": 10}, {"stopCode": 53, "lines": "1,2", "name": "International District Station", "walkingMeters": 600, "walkingSeconds": 433, "band": 10}, {"stopCode": 51, "lines": "1,2", "name": "Symphony Station", "walkingMeters": 1095, "walkingSeconds": 788, "band": 15}]}, "geometry": {"type": "Point", "coordinates": [-122.333963, 47.5995077]}}, {"type": "Feature", "properties": {"id": 2351712426, "name": "J. Rinehart Gallery", "category": "art", "tags": ["art", "gallery"], "sources": ["osm", "overture"], "website": "https://www.jrinehartgallery.com", "phone": "12064674508", "address": "319 3rd Ave S", "hours": "Tu-Sa 10:00-17:00", "stations": [{"stopCode": 53, "lines": "1,2", "name": "International District Station", "walkingMeters": 310, "walkingSeconds": 222, "band": 5}, {"stopCode": 52, "lines": "1,2", "name": "Pioneer Square Station", "walkingMeters": 394, "walkingSeconds": 292, "band": 5}, {"stopCode": 51, "lines": "1,2", "name": "Symphony Station", "walkingMeters": 1106, "walkingSeconds": 797, "band": 15}, {"stopCode": 54, "lines": "1", "name": "Stadium Station", "walkingMeters": 1126, "walkingSeconds": 810, "band": 15}]}, "geometry": {"type": "Point", "coordinates": [-122.330459, 47.5994043]}}, {"type": "Feature", "properties": {"id": 2351712458, "name": "Arundel Books", "category": "books", "tags": ["books"], "sources": ["osm", "overture"], "website": "https://www.arundelbooks.com/", "phone": "+12066244442", "address": "322 1st Ave S", "hours": "Mo-Su 10:00-19:00", "stations": [{"stopCode": 52, "lines": "1,2", "name": "Pioneer Square Station", "walkingMeters": 533, "walkingSeconds": 383, "band": 10}, {"stopCode": 53, "lines": "1,2", "name": "International District Station", "walkingMeters": 582, "walkingSeconds": 420, "band": 10}, {"stopCode": 51, "lines": "1,2", "name": "Symphony Station", "walkingMeters": 1113, "walkingSeconds": 801, "band": 15}]}, "geometry": {"type": "Point", "coordinates": [-122.3339767, 47.5993453]}}, {"type": "Feature", "properties": {"id": 2351712462, "name": "Danielle Saudino", "category": "jewelry", "tags": ["jewelry"], "sources": ["osm"], "address": "322 Occidental Avenue South", "stations": [{"stopCode": 53, "lines": "1,2", "name": "International District Station", "walkingMeters": 486, "walkingSeconds": 351, "band": 5}, {"stopCode": 52, "lines": "1,2", "name": "Pioneer Square Station", "walkingMeters": 502, "walkingSeconds": 363, "band": 10}, {"stopCode": 51, "lines": "1,2", "name": "Symphony Station", "walkingMeters": 1150, "walkingSeconds": 828, "band": 15}]}, "geometry": {"type": "Point", "coordinates": [-122.332689, 47.5993405]}}, {"type": "Feature", "properties": {"id": 2351724013, "name": "Sam Day Studio & Gallery", "category": "art", "tags": ["art"], "sources": ["osm"], "phone": "+1-206-382-7413", "address": "79 South Main Street", "stations": [{"stopCode": 52, "lines": "1,2", "name": "Pioneer Square Station", "walkingMeters": 549, "walkingSeconds": 395, "band": 10}, {"stopCode": 53, "lines": "1,2", "name": "International District Station", "walkingMeters": 709, "walkingSeconds": 511, "band": 10}, {"stopCode": 51, "lines": "1,2", "name": "Symphony Station", "walkingMeters": 1096, "walkingSeconds": 789, "band": 15}]}, "geometry": {"type": "Point", "coordinates": [-122.3352406, 47.5999358]}}, {"type": "Feature", "properties": {"id": 2351726150, "name": "Marigold and Mint Botanicals", "category": "florist", "tags": ["florist"], "sources": ["osm"], "address": "115 South Jackson Street", "stations": [{"stopCode": 53, "lines": "1,2", "name": "International District Station", "walkingMeters": 529, "walkingSeconds": 380, "band": 10}, {"stopCode": 52, "lines": "1,2", "name": "Pioneer Square Station", "walkingMeters": 568, "walkingSeconds": 409, "band": 10}, {"stopCode": 51, "lines": "1,2", "name": "Symphony Station", "walkingMeters": 1180, "walkingSeconds": 850, "band": 15}]}, "geometry": {"type": "Point", "coordinates": [-122.33345, 47.5990988]}}, {"type": "Feature", "properties": {"id": 2351726153, "name": "Gallery IMA", "category": "art", "tags": ["art", "gallery"], "sources": ["osm", "overture"], "website": "galleryima.com", "phone": "12066250055", "address": "123 S Jackson St", "stations": [{"stopCode": 53, "lines": "1,2", "name": "International District Station", "walkingMeters": 508, "walkingSeconds": 365, "band": 10}, {"stopCode": 52, "lines": "1,2", "name": "Pioneer Square Station", "walkingMeters": 547, "walkingSeconds": 394, "band": 10}, {"stopCode": 51, "lines": "1,2", "name": "Symphony Station", "walkingMeters": 1189, "walkingSeconds": 856, "band": 15}]}, "geometry": {"type": "Point", "coordinates": [-122.3331999, 47.5990834]}}, {"type": "Feature", "properties": {"id": 2351730613, "name": "Seattle Team Shop", "category": "clothes", "tags": ["clothes"], "sources": ["osm", "overture"], "website": "http://www.seattleteams.com/", "phone": "+12066211880", "address": "1029 Occidental Ave S", "stations": [{"stopCode": 54, "lines": "1", "name": "Stadium Station", "walkingMeters": 827, "walkingSeconds": 596, "band": 10}, {"stopCode": 53, "lines": "1,2", "name": "International District Station", "walkingMeters": 943, "walkingSeconds": 679, "band": 15}, {"stopCode": 52, "lines": "1,2", "name": "Pioneer Square Station", "walkingMeters": 1192, "walkingSeconds": 859, "band": 15}]}, "geometry": {"type": "Point", "coordinates": [-122.3334408, 47.5933031]}}, {"type": "Feature", "properties": {"id": 2351730631, "name": "ArtX Contemporary", "category": "art", "tags": ["art", "gallery"], "sources": ["osm", "overture"], "website": "https://artxcontemporary.com/", "phone": "+12068390377", "address": "512 1st Ave S", "hours": "Tu-Sa 11:00-17:30", "stations": [{"stopCode": 53, "lines": "1,2", "name": "International District Station", "walkingMeters": 670, "walkingSeconds": 481, "band": 10}, {"stopCode": 52, "lines": "1,2", "name": "Pioneer Square Station", "walkingMeters": 694, "walkingSeconds": 500, "band": 10}, {"stopCode": 51, "lines": "1,2", "name": "Symphony Station", "walkingMeters": 1275, "walkingSeconds": 918, "band": 15}]}, "geometry": {"type": "Point", "coordinates": [-122.333938, 47.5979]}}, {"type": "Feature", "properties": {"id": 2351730638, "name": "Azuma Gallery", "category": "art", "tags": ["art", "gallery"], "sources": ["osm", "overture"], "website": "http://www.azumagallery.com/", "phone": "+12065956212", "address": "530 1st Ave S", "stations": [{"stopCode": 53, "lines": "1,2", "name": "International District Station", "walkingMeters": 713, "walkingSeconds": 512, "band": 10}, {"stopCode": 52, "lines": "1,2", "name": "Pioneer Square Station", "walkingMeters": 738, "walkingSeconds": 531, "band": 10}, {"stopCode": 51, "lines": "1,2", "name": "Symphony Station", "walkingMeters": 1318, "walkingSeconds": 949, "band": 15}]}, "geometry": {"type": "Point", "coordinates": [-122.333942, 47.5975122]}}, {"type": "Feature", "properties": {"id": 2351730658, "name": "Beast Mode Apparel", "category": "clothes", "tags": ["clothes"], "sources": ["osm"], "website": "https://www.beastmodeonline.com/", "phone": "+1-206-519-7960", "address": "558 1st Avenue South", "hours": "Mo-Sa 11:00-19:00", "stations": [{"stopCode": 53, "lines": "1,2", "name": "International District Station", "walkingMeters": 817, "walkingSeconds": 587, "band": 10}, {"stopCode": 52, "lines": "1,2", "name": "Pioneer Square Station", "walkingMeters": 842, "walkingSeconds": 606, "band": 10}, {"stopCode": 54, "lines": "1", "name": "Stadium Station", "walkingMeters": 1210, "walkingSeconds": 870, "band": 15}]}, "geometry": {"type": "Point", "coordinates": [-122.3339381, 47.5965745]}}, {"type": "Feature", "properties": {"id": 2365983232, "name": "Lumen Field Pro Shop", "category": "clothes", "tags": ["clothes"], "sources": ["osm"], "phone": "+1-800-244-1111", "address": "800 Occidental Avenue South", "hours": "Mo-Sa 10:00-17:00,Su 12:00-17:00", "stations": [{"stopCode": 53, "lines": "1,2", "name": "International District Station", "walkingMeters": 732, "walkingSeconds": 527, "band": 10}, {"stopCode": 52, "lines": "1,2", "name": "Pioneer Square Station", "walkingMeters": 991, "walkingSeconds": 714, "band": 15}, {"stopCode": 54, "lines": "1", "name": "Stadium Station", "walkingMeters": 1024, "walkingSeconds": 736, "band": 15}]}, "geometry": {"type": "Point", "coordinates": [-122.333039, 47.595111]}}, {"type": "Feature", "properties": {"id": 2998910836, "name": "Gameday Sports Shop", "category": "clothes", "tags": ["clothes"], "sources": ["osm"], "website": "https://officialteamshop.com/", "address": "540 Occidental Avenue South", "stations": [{"stopCode": 53, "lines": "1,2", "name": "International District Station", "walkingMeters": 504, "walkingSeconds": 362, "band": 10}, {"stopCode": 52, "lines": "1,2", "name": "Pioneer Square Station", "walkingMeters": 724, "walkingSeconds": 522, "band": 10}, {"stopCode": 54, "lines": "1", "name": "Stadium Station", "walkingMeters": 1175, "walkingSeconds": 845, "band": 15}]}, "geometry": {"type": "Point", "coordinates": [-122.3330155, 47.5976029]}}, {"type": "Feature", "properties": {"id": 2998927035, "name": "King St. Kafe & Market", "category": "clothes", "tags": ["clothes"], "sources": ["osm"], "address": "414 2nd Avenue South", "stations": [{"stopCode": 53, "lines": "1,2", "name": "International District Station", "walkingMeters": 419, "walkingSeconds": 301, "band": 5}, {"stopCode": 52, "lines": "1,2", "name": "Pioneer Square Station", "walkingMeters": 527, "walkingSeconds": 381, "band": 10}, {"stopCode": 54, "lines": "1", "name": "Stadium Station", "walkingMeters": 1152, "walkingSeconds": 829, "band": 15}, {"stopCode": 51, "lines": "1,2", "name": "Symphony Station", "walkingMeters": 1202, "walkingSeconds": 867, "band": 15}]}, "geometry": {"type": "Point", "coordinates": [-122.3313983, 47.5986563]}}, {"type": "Feature", "properties": {"id": 2999125634, "name": "Sodo Sports", "category": "clothes", "tags": ["clothes"], "sources": ["osm"], "stations": [{"stopCode": 54, "lines": "1", "name": "Stadium Station", "walkingMeters": 866, "walkingSeconds": 625, "band": 15}, {"stopCode": 53, "lines": "1,2", "name": "International District Station", "walkingMeters": 904, "walkingSeconds": 650, "band": 15}, {"stopCode": 52, "lines": "1,2", "name": "Pioneer Square Station", "walkingMeters": 1152, "walkingSeconds": 830, "band": 15}]}, "geometry": {"type": "Point", "coordinates": [-122.3334626, 47.59366]}}, {"type": "Feature", "properties": {"id": 3006173071, "name": "Cone & Steiner", "category": "convenience", "tags": ["convenience", "outdoor-seating"], "sources": ["osm", "overture"], "website": "http://shop.coneandsteiner.com/", "phone": "+12064023682", "address": "135 S King St", "hours": "Mo-Fr 07:00-20:00, Sa 09:00-20:00, Su 09:00-19:00", "stations": [{"stopCode": 53, "lines": "1,2", "name": "International District Station", "walkingMeters": 516, "walkingSeconds": 371, "band": 10}, {"stopCode": 52, "lines": "1,2", "name": "Pioneer Square Station", "walkingMeters": 632, "walkingSeconds": 458, "band": 10}, {"stopCode": 54, "lines": "1", "name": "Stadium Station", "walkingMeters": 1186, "walkingSeconds": 853, "band": 15}, {"stopCode": 51, "lines": "1,2", "name": "Symphony Station", "walkingMeters": 1289, "walkingSeconds": 928, "band": 15}]}, "geometry": {"type": "Point", "coordinates": [-122.3325143, 47.5981384]}}, {"type": "Feature", "properties": {"id": 3641371904, "name": "On The Field", "category": "clothes", "tags": ["clothes"], "sources": ["osm"], "website": "https://www.onthefield.com/", "address": "901 Occidental Avenue South", "stations": [{"stopCode": 53, "lines": "1,2", "name": "International District Station", "walkingMeters": 792, "walkingSeconds": 570, "band": 10}, {"stopCode": 54, "lines": "1", "name": "Stadium Station", "walkingMeters": 978, "walkingSeconds": 705, "band": 15}, {"stopCode": 52, "lines": "1,2", "name": "Pioneer Square Station", "walkingMeters": 1041, "walkingSeconds": 749, "band": 15}]}, "geometry": {"type": "Point", "coordinates": [-122.3334028, 47.5946646]}}, {"type": "Feature", "properties": {"id": 10744078774, "name": "L T Denny", "category": "jewelry", "tags": ["jewelry"], "sources": ["osm"], "address": "515 Occidental Avenue South", "hours": "Tu-Sa 11:00-18:00", "stations": [{"stopCode": 53, "lines": "1,2", "name": "International District Station", "walkingMeters": 608, "walkingSeconds": 437, "band": 10}, {"stopCode": 52, "lines": "1,2", "name": "Pioneer Square Station", "walkingMeters": 686, "walkingSeconds": 494, "band": 10}, {"stopCode": 54, "lines": "1", "name": "Stadium Station", "walkingMeters": 1278, "walkingSeconds": 919, "band": 15}, {"stopCode": 51, "lines": "1,2", "name": "Symphony Station", "walkingMeters": 1320, "walkingSeconds": 950, "band": 15}]}, "geometry": {"type": "Point", "coordinates": [-122.3334048, 47.5979194]}}, {"type": "Feature", "properties": {"id": "e4733843-9d06-4b35-8814-25ca28c5380a", "name": "Browne Family Vineyards", "category": "wine", "tags": ["wine", "winery"], "sources": ["overture"], "website": "https://brownefamilyvineyards.com/visit/", "phone": "+12068879463", "address": "413 1st Ave S", "stations": [{"stopCode": 52, "lines": "1,2", "name": "Pioneer Square Station", "walkingMeters": 608, "walkingSeconds": 438, "band": 10}, {"stopCode": 53, "lines": "1,2", "name": "International District Station", "walkingMeters": 631, "walkingSeconds": 454, "band": 10}, {"stopCode": 51, "lines": "1,2", "name": "Symphony Station", "walkingMeters": 1182, "walkingSeconds": 851, "band": 15}]}, "geometry": {"type": "Point", "coordinates": [-122.3343506, 47.5987396]}}, {"type": "Feature", "properties": {"id": 11408488370, "name": "Catwin Arts", "category": "art", "tags": ["art"], "sources": ["osm"], "stations": [{"stopCode": 52, "lines": "1,2", "name": "Pioneer Square Station", "walkingMeters": 563, "walkingSeconds": 405, "band": 10}, {"stopCode": 53, "lines": "1,2", "name": "International District Station", "walkingMeters": 604, "walkingSeconds": 436, "band": 10}, {"stopCode": 51, "lines": "1,2", "name": "Symphony Station", "walkingMeters": 1135, "walkingSeconds": 817, "band": 15}]}, "geometry": {"type": "Point", "coordinates": [-122.3344053, 47.5993291]}}, {"type": "Feature", "properties": {"id": 12894138113, "name": "Peter Miller", "category": "books", "tags": ["books"], "sources": ["osm"], "address": "304 Alaskan Way South", "stations": [{"stopCode": 52, "lines": "1,2", "name": "Pioneer Square Station", "walkingMeters": 540, "walkingSeconds": 389, "band": 10}, {"stopCode": 53, "lines": "1,2", "name": "International District Station", "walkingMeters": 691, "walkingSeconds": 499, "band": 10}, {"stopCode": 51, "lines": "1,2", "name": "Symphony Station", "walkingMeters": 1087, "walkingSeconds": 783, "band": 15}]}, "geometry": {"type": "Point", "coordinates": [-122.3350499, 47.5997763]}}, {"type": "Feature", "properties": {"id": 13897950202, "name": "The Lemon Grove", "category": "clothes", "tags": ["clothes", "womens"], "sources": ["osm", "overture"], "website": "http://thelemongrove.co/", "phone": "+12068581961", "address": "165 S Jackson St", "hours": "Tu-Su 11:00-18:00", "stations": [{"stopCode": 53, "lines": "1,2", "name": "International District Station", "walkingMeters": 413, "walkingSeconds": 297, "band": 5}, {"stopCode": 52, "lines": "1,2", "name": "Pioneer Square Station", "walkingMeters": 492, "walkingSeconds": 356, "band": 10}, {"stopCode": 51, "lines": "1,2", "name": "Symphony Station", "walkingMeters": 1145, "walkingSeconds": 824, "band": 15}, {"stopCode": 54, "lines": "1", "name": "Stadium Station", "walkingMeters": 1229, "walkingSeconds": 884, "band": 15}]}, "geometry": {"type": "Point", "coordinates": [-122.3319805, 47.5990774]}}, {"type": "Feature", "properties": {"id": "ebc7aae7-5fd0-483e-bad1-b360a55c7434", "name": "Kratom Seattle", "category": "supermarket", "tags": ["supermarket"], "sources": ["overture"], "website": "https://kratomseattle.com", "address": "123 S Main St", "stations": [{"stopCode": 52, "lines": "1,2", "name": "Pioneer Square Station", "walkingMeters": 426, "walkingSeconds": 318, "band": 5}, {"stopCode": 53, "lines": "1,2", "name": "International District Station", "walkingMeters": 557, "walkingSeconds": 416, "band": 10}, {"stopCode": 51, "lines": "1,2", "name": "Symphony Station", "walkingMeters": 1171, "walkingSeconds": 874, "band": 15}]}, "geometry": {"type": "Point", "coordinates": [-122.3331985, 47.5999374]}}, {"type": "Feature", "properties": {"id": "c956ec30-40f7-4b53-a6f3-fd4c409e4cf4", "name": "Ku Enterprises Inc", "category": "supermarket", "tags": ["supermarket"], "sources": ["overture"], "address": "422 2nd Ave S Ste 1", "stations": [{"stopCode": 53, "lines": "1,2", "name": "International District Station", "walkingMeters": 320, "walkingSeconds": 239, "band": 5}, {"stopCode": 52, "lines": "1,2", "name": "Pioneer Square Station", "walkingMeters": 574, "walkingSeconds": 428, "band": 10}, {"stopCode": 54, "lines": "1", "name": "Stadium Station", "walkingMeters": 1152, "walkingSeconds": 860, "band": 15}, {"stopCode": 51, "lines": "1,2", "name": "Symphony Station", "walkingMeters": 1412, "walkingSeconds": 1054, "band": 15}]}, "geometry": {"type": "Point", "coordinates": [-122.3312607, 47.598587]}}, {"type": "Feature", "properties": {"id": "9397dc46-1fe0-47c4-b39f-92d97ad231e0", "name": "Velouria", "category": "clothes", "tags": ["clothes", "womens"], "sources": ["overture"], "website": "https://shopvelouria.com", "phone": "12067880330", "address": "145 S King St", "stations": [{"stopCode": 53, "lines": "1,2", "name": "International District Station", "walkingMeters": 422, "walkingSeconds": 315, "band": 10}, {"stopCode": 52, "lines": "1,2", "name": "Pioneer Square Station", "walkingMeters": 649, "walkingSeconds": 484, "band": 10}, {"stopCode": 54, "lines": "1", "name": "Stadium Station", "walkingMeters": 1132, "walkingSeconds": 845, "band": 15}, {"stopCode": 51, "lines": "1,2", "name": "Symphony Station", "walkingMeters": 1445, "walkingSeconds": 1078, "band": 15}]}, "geometry": {"type": "Point", "coordinates": [-122.3323135, 47.5981293]}}, {"type": "Feature", "properties": {"id": "bd411e70-2d84-477b-a986-e1e3e8637f89", "name": "MadeHere SEA", "category": "jewelry", "tags": ["jewelry"], "sources": ["overture"], "website": "https://www.madehereonline.com/pages/seattle", "phone": "+12066230694", "address": "115 S Jackson St", "stations": [{"stopCode": 53, "lines": "1,2", "name": "International District Station", "walkingMeters": 536, "walkingSeconds": 400, "band": 10}, {"stopCode": 52, "lines": "1,2", "name": "Pioneer Square Station", "walkingMeters": 553, "walkingSeconds": 413, "band": 10}, {"stopCode": 51, "lines": "1,2", "name": "Symphony Station", "walkingMeters": 1295, "walkingSeconds": 966, "band": 15}]}, "geometry": {"type": "Point", "coordinates": [-122.3333969, 47.5990257]}}, {"type": "Feature", "properties": {"id": "3250d520-1fe8-4c4e-8dc6-c3bb78712c2a", "name": "Long Brothers Fine and Rare Books", "category": "books", "tags": ["books"], "sources": ["overture"], "website": "http://thirdplacebooks.com", "phone": "+12062131234", "address": "400 Occidental Ave S", "stations": [{"stopCode": 53, "lines": "1,2", "name": "International District Station", "walkingMeters": 478, "walkingSeconds": 344, "band": 10}, {"stopCode": 52, "lines": "1,2", "name": "Pioneer Square Station", "walkingMeters": 519, "walkingSeconds": 375, "band": 10}, {"stopCode": 51, "lines": "1,2", "name": "Symphony Station", "walkingMeters": 1172, "walkingSeconds": 843, "band": 15}]}, "geometry": {"type": "Point", "coordinates": [-122.3327026, 47.5990677]}}, {"type": "Feature", "properties": {"id": "e1cc8294-989f-4c3f-a50a-dfa78dba6e63", "name": "The Washington Shoe Manufacturing Company", "category": "shoes", "tags": ["shoes", "shoe"], "sources": ["overture"], "website": "http://www.samis.com/", "phone": "+12062926142", "address": "157 S Jackson St", "stations": [{"stopCode": 53, "lines": "1,2", "name": "International District Station", "walkingMeters": 457, "walkingSeconds": 328, "band": 5}, {"stopCode": 52, "lines": "1,2", "name": "Pioneer Square Station", "walkingMeters": 498, "walkingSeconds": 360, "band": 10}, {"stopCode": 51, "lines": "1,2", "name": "Symphony Station", "walkingMeters": 1150, "walkingSeconds": 828, "band": 15}, {"stopCode": 54, "lines": "1", "name": "Stadium Station", "walkingMeters": 1260, "walkingSeconds": 940, "band": 15}]}, "geometry": {"type": "Point", "coordinates": [-122.3323822, 47.5990829]}}, {"type": "Feature", "properties": {"id": "d20018be-a2cb-4cf2-8c3f-f30f44d948eb", "name": "Salumi", "category": "deli", "tags": ["deli", "delicatessen", "italian"], "sources": ["overture"], "website": "http://www.salumicuredmeats.com/", "phone": "+12066218772", "address": "404 Occidental Ave S", "stations": [{"stopCode": 53, "lines": "1,2", "name": "International District Station", "walkingMeters": 485, "walkingSeconds": 348, "band": 10}, {"stopCode": 52, "lines": "1,2", "name": "Pioneer Square Station", "walkingMeters": 526, "walkingSeconds": 380, "band": 10}, {"stopCode": 51, "lines": "1,2", "name": "Symphony Station", "walkingMeters": 1179, "walkingSeconds": 848, "band": 15}]}, "geometry": {"type": "Point", "coordinates": [-122.3327484, 47.5990105]}}, {"type": "Feature", "properties": {"id": "aeb58657-5ce7-4dc8-97e9-b16d250315f6", "name": "Discover Your Northwest", "category": "books", "tags": ["books"], "sources": ["overture"], "website": "https://www.discovernw.org/", "phone": "+18778746775", "address": "164 S Jackson St", "stations": [{"stopCode": 53, "lines": "1,2", "name": "International District Station", "walkingMeters": 438, "walkingSeconds": 317, "band": 5}, {"stopCode": 52, "lines": "1,2", "name": "Pioneer Square Station", "walkingMeters": 460, "walkingSeconds": 333, "band": 5}, {"stopCode": 51, "lines": "1,2", "name": "Symphony Station", "walkingMeters": 1113, "walkingSeconds": 801, "band": 15}, {"stopCode": 54, "lines": "1", "name": "Stadium Station", "walkingMeters": 1254, "walkingSeconds": 904, "band": 15}]}, "geometry": {"type": "Point", "coordinates": [-122.3321533, 47.5993195]}}, {"type": "Feature", "properties": {"id": "295b9668-9153-4a3a-af93-55d3db5077f0", "name": "Elements Interiors", "category": "furniture", "tags": ["furniture"], "sources": ["overture"], "phone": "+12066223001", "address": "320 2nd Ave S", "stations": [{"stopCode": 53, "lines": "1,2", "name": "International District Station", "walkingMeters": 358, "walkingSeconds": 267, "band": 5}, {"stopCode": 52, "lines": "1,2", "name": "Pioneer Square Station", "walkingMeters": 461, "walkingSeconds": 344, "band": 5}, {"stopCode": 54, "lines": "1", "name": "Stadium Station", "walkingMeters": 1262, "walkingSeconds": 942, "band": 15}, {"stopCode": 51, "lines": "1,2", "name": "Symphony Station", "walkingMeters": 1302, "walkingSeconds": 972, "band": 15}]}, "geometry": {"type": "Point", "coordinates": [-122.331337, 47.5993729]}}, {"type": "Feature", "properties": {"id": "109817d1-04ac-46d3-a4aa-54993bc8c161", "name": "Dashwire", "category": "mobile_phone", "tags": ["mobile-phone", "mobile"], "sources": ["overture"], "website": "http://www.dashwire.com/", "phone": "2068016780", "address": "316 2nd Ave S Ste 3", "stations": [{"stopCode": 52, "lines": "1,2", "name": "Pioneer Square Station", "walkingMeters": 388, "walkingSeconds": 281, "band": 5}, {"stopCode": 53, "lines": "1,2", "name": "International District Station", "walkingMeters": 450, "walkingSeconds": 323, "band": 5}, {"stopCode": 51, "lines": "1,2", "name": "Symphony Station", "walkingMeters": 1063, "walkingSeconds": 767, "band": 15}, {"stopCode": 54, "lines": "1", "name": "Stadium Station", "walkingMeters": 1266, "walkingSeconds": 911, "band": 15}]}, "geometry": {"type": "Point", "coordinates": [-122.3315125, 47.5998192]}}, {"type": "Feature", "properties": {"id": "8f6fefa0-2285-4a3c-aa7c-db4c05edfe75", "name": "Clementines", "category": "shoes", "tags": ["shoes", "shoe"], "sources": ["overture"], "website": "http://www.clementines.com", "phone": "(206) 935-9400", "address": "310 Occidental Ave S", "stations": [{"stopCode": 52, "lines": "1,2", "name": "Pioneer Square Station", "walkingMeters": 461, "walkingSeconds": 332, "band": 5}, {"stopCode": 53, "lines": "1,2", "name": "International District Station", "walkingMeters": 533, "walkingSeconds": 385, "band": 10}, {"stopCode": 51, "lines": "1,2", "name": "Symphony Station", "walkingMeters": 1103, "walkingSeconds": 794, "band": 15}]}, "geometry": {"type": "Point", "coordinates": [-122.3325729, 47.5997658]}}, {"type": "Feature", "properties": {"id": "4134f266-36a5-41cd-ac57-39486c360bbc", "name": "Anthera Floral", "category": "florist", "tags": ["florist"], "sources": ["overture"], "website": "https://antherafloral.com", "address": "108 S Jackson St  Ste 205", "stations": [{"stopCode": 52, "lines": "1,2", "name": "Pioneer Square Station", "walkingMeters": 524, "walkingSeconds": 391, "band": 10}, {"stopCode": 53, "lines": "1,2", "name": "International District Station", "walkingMeters": 572, "walkingSeconds": 427, "band": 10}, {"stopCode": 51, "lines": "1,2", "name": "Symphony Station", "walkingMeters": 1246, "walkingSeconds": 930, "band": 15}]}, "geometry": {"type": "Point", "coordinates": [-122.3336792, 47.5993385]}}, {"type": "Feature", "properties": {"id": "de8d2381-dd20-4de9-a39b-95f12602a238", "name": "Pioneer Smoke Shop", "category": "tobacco", "tags": ["tobacco"], "sources": ["overture"], "website": "http://www.pioneer-building.com", "phone": "+12066821691", "address": "313A 1st Ave S", "stations": [{"stopCode": 52, "lines": "1,2", "name": "Pioneer Square Station", "walkingMeters": 536, "walkingSeconds": 400, "band": 10}, {"stopCode": 53, "lines": "1,2", "name": "International District Station", "walkingMeters": 652, "walkingSeconds": 487, "band": 10}, {"stopCode": 51, "lines": "1,2", "name": "Symphony Station", "walkingMeters": 1203, "walkingSeconds": 898, "band": 15}]}, "geometry": {"type": "Point", "coordinates": [-122.3344421, 47.5995598]}}, {"type": "Feature", "properties": {"id": "76405531-aeb1-43a1-91c8-fa46be9aba2e", "name": "Rizom", "category": "clothes", "tags": ["clothes"], "sources": ["overture"], "phone": "2064204556", "address": "323 1st Ave S", "stations": [{"stopCode": 52, "lines": "1,2", "name": "Pioneer Square Station", "walkingMeters": 561, "walkingSeconds": 419, "band": 10}, {"stopCode": 53, "lines": "1,2", "name": "International District Station", "walkingMeters": 655, "walkingSeconds": 489, "band": 10}, {"stopCode": 51, "lines": "1,2", "name": "Symphony Station", "walkingMeters": 1226, "walkingSeconds": 915, "band": 15}]}, "geometry": {"type": "Point", "coordinates": [-122.3345337, 47.5993881]}}, {"type": "Feature", "properties": {"id": "682c39f5-c216-415e-a240-c9a0cfbe9d4c", "name": "Peter Miller Architecture And Design Books", "category": "books", "tags": ["books"], "sources": ["overture"], "website": "http://www.petermiller.com/", "phone": "+12064414114", "address": "Post Alley, 304 Alaskan Way S", "stations": [{"stopCode": 52, "lines": "1,2", "name": "Pioneer Square Station", "walkingMeters": 592, "walkingSeconds": 426, "band": 10}, {"stopCode": 53, "lines": "1,2", "name": "International District Station", "walkingMeters": 734, "walkingSeconds": 529, "band": 10}, {"stopCode": 51, "lines": "1,2", "name": "Symphony Station", "walkingMeters": 1138, "walkingSeconds": 819, "band": 15}]}, "geometry": {"type": "Point", "coordinates": [-122.3353806, 47.5997391]}}, {"type": "Feature", "properties": {"id": "4a1bfc49-cb73-44f5-a678-e55ac42023fa", "name": "Flora And Henri", "category": "clothes", "tags": ["clothes", "womens"], "sources": ["overture"], "website": "https://www.florahenri.com", "phone": "12067499698", "address": "401 1st Ave S", "stations": [{"stopCode": 52, "lines": "1,2", "name": "Pioneer Square Station", "walkingMeters": 611, "walkingSeconds": 456, "band": 10}, {"stopCode": 53, "lines": "1,2", "name": "International District Station", "walkingMeters": 653, "walkingSeconds": 487, "band": 10}, {"stopCode": 51, "lines": "1,2", "name": "Symphony Station", "walkingMeters": 1279, "walkingSeconds": 954, "band": 15}]}, "geometry": {"type": "Point", "coordinates": [-122.3346252, 47.5990105]}}, {"type": "Feature", "properties": {"id": "94dd86d1-aa39-4227-9ac0-d16c23392a39", "name": "Beba's Deli", "category": "deli", "tags": ["deli", "delicatessen"], "sources": ["overture"], "phone": "2062648844", "address": "415 1st Ave S", "stations": [{"stopCode": 53, "lines": "1,2", "name": "International District Station", "walkingMeters": 646, "walkingSeconds": 482, "band": 10}, {"stopCode": 52, "lines": "1,2", "name": "Pioneer Square Station", "walkingMeters": 661, "walkingSeconds": 493, "band": 10}, {"stopCode": 51, "lines": "1,2", "name": "Symphony Station", "walkingMeters": 1338, "walkingSeconds": 999, "band": 15}]}, "geometry": {"type": "Point", "coordinates": [-122.33461, 47.5986023]}}, {"type": "Feature", "properties": {"id": "d0ed1fad-d485-459c-b99e-1e850f39aa6f", "name": "Blue Nile Inc.", "category": "jewelry", "tags": ["jewelry"], "sources": ["overture"], "website": "http://www.bluenile.com/", "phone": "2063366700", "address": "5907 4th Ave S", "stations": [{"stopCode": 52, "lines": "1,2", "name": "Pioneer Square Station", "walkingMeters": 614, "walkingSeconds": 442, "band": 10}, {"stopCode": 53, "lines": "1,2", "name": "International District Station", "walkingMeters": 638, "walkingSeconds": 458, "band": 10}, {"stopCode": 51, "lines": "1,2", "name": "Symphony Station", "walkingMeters": 1188, "walkingSeconds": 855, "band": 15}]}, "geometry": {"type": "Point", "coordinates": [-122.33461, 47.5986595]}}, {"type": "Feature", "properties": {"id": "24c03dce-3c82-4b1b-be29-9d4d01d4a2c9", "name": "Armoire Seattle", "category": "clothes", "tags": ["clothes"], "sources": ["overture"], "website": "https://armoire.style/", "phone": "+12065576872", "address": "83 S King St", "stations": [{"stopCode": 53, "lines": "1,2", "name": "International District Station", "walkingMeters": 690, "walkingSeconds": 515, "band": 10}, {"stopCode": 52, "lines": "1,2", "name": "Pioneer Square Station", "walkingMeters": 729, "walkingSeconds": 544, "band": 10}, {"stopCode": 51, "lines": "1,2", "name": "Symphony Station", "walkingMeters": 1387, "walkingSeconds": 1035, "band": 15}]}, "geometry": {"type": "Point", "coordinates": [-122.3350677, 47.5982361]}}, {"type": "Feature", "properties": {"id": "3bacc2e5-91a2-4ffa-a056-cf15fda730a3", "name": "Old Elliot Bay Book Company", "category": "books", "tags": ["books"], "sources": ["overture"], "website": "http://www.elliottbaybook.com", "phone": "(206) 682-6664", "address": "310 1st Ave S", "stations": [{"stopCode": 52, "lines": "1,2", "name": "Pioneer Square Station", "walkingMeters": 490, "walkingSeconds": 353, "band": 5}, {"stopCode": 53, "lines": "1,2", "name": "International District Station", "walkingMeters": 594, "walkingSeconds": 429, "band": 10}, {"stopCode": 51, "lines": "1,2", "name": "Symphony Station", "walkingMeters": 1096, "walkingSeconds": 788, "band": 15}]}, "geometry": {"type": "Point", "coordinates": [-122.3337097, 47.5998497]}}, {"type": "Feature", "properties": {"id": "6ffd0010-996e-4fac-a659-88f542210101", "name": "Seattle Gold Grills", "category": "jewelry", "tags": ["jewelry"], "sources": ["overture"], "website": "https://www.seattlegoldgrills.com/", "phone": "2062500833", "address": "901 Occidental Ave S 405", "stations": [{"stopCode": 53, "lines": "1,2", "name": "International District Station", "walkingMeters": 818, "walkingSeconds": 588, "band": 10}, {"stopCode": 52, "lines": "1,2", "name": "Pioneer Square Station", "walkingMeters": 1034, "walkingSeconds": 744, "band": 15}, {"stopCode": 54, "lines": "1", "name": "Stadium Station", "walkingMeters": 1057, "walkingSeconds": 762, "band": 15}]}, "geometry": {"type": "Point", "coordinates": [-122.3337021, 47.5948486]}}, {"type": "Feature", "properties": {"id": "1b267283-0aab-4efd-ae60-72255fa2e8e8", "name": "Workpointe", "category": "furniture", "tags": ["furniture"], "sources": ["overture"], "website": "http://www.workpointe.com/", "phone": "+12067634030", "address": "505 1st Ave S #120", "stations": [{"stopCode": 53, "lines": "1,2", "name": "International District Station", "walkingMeters": 720, "walkingSeconds": 518, "band": 10}, {"stopCode": 52, "lines": "1,2", "name": "Pioneer Square Station", "walkingMeters": 739, "walkingSeconds": 532, "band": 10}, {"stopCode": 51, "lines": "1,2", "name": "Symphony Station", "walkingMeters": 1312, "walkingSeconds": 945, "band": 15}]}, "geometry": {"type": "Point", "coordinates": [-122.3343506, 47.5976753]}}, {"type": "Feature", "properties": {"id": "36532a86-e5aa-4ca3-83cc-0155c98ed200", "name": "Division Road Seattle", "category": "clothes", "tags": ["clothes"], "sources": ["overture"], "website": "https://divisionroadinc.com", "phone": "+12067550215", "address": "536 1st Ave S", "stations": [{"stopCode": 53, "lines": "1,2", "name": "International District Station", "walkingMeters": 656, "walkingSeconds": 471, "band": 10}, {"stopCode": 52, "lines": "1,2", "name": "Pioneer Square Station", "walkingMeters": 734, "walkingSeconds": 528, "band": 10}, {"stopCode": 54, "lines": "1", "name": "Stadium Station", "walkingMeters": 1326, "walkingSeconds": 954, "band": 15}, {"stopCode": 51, "lines": "1,2", "name": "Symphony Station", "walkingMeters": 1368, "walkingSeconds": 985, "band": 15}]}, "geometry": {"type": "Point", "coordinates": [-122.3336868, 47.5974998]}}, {"type": "Feature", "properties": {"id": "4fe2604f-4d6a-4003-bde6-77fa26a5e516", "name": "The Custom Plate, Llc", "category": "supermarket", "tags": ["supermarket"], "sources": ["overture"], "website": "http://thecustomplate.com", "address": "562 1st Ave S Ste 100", "stations": [{"stopCode": 53, "lines": "1,2", "name": "International District Station", "walkingMeters": 616, "walkingSeconds": 460, "band": 10}, {"stopCode": 52, "lines": "1,2", "name": "Pioneer Square Station", "walkingMeters": 908, "walkingSeconds": 678, "band": 10}, {"stopCode": 54, "lines": "1", "name": "Stadium Station", "walkingMeters": 1006, "walkingSeconds": 751, "band": 15}]}, "geometry": {"type": "Point", "coordinates": [-122.3336868, 47.5965042]}}, {"type": "Feature", "properties": {"id": "c0521af6-b5c6-4049-8ae8-4ff47d35ba50", "name": "Bucha Belly", "category": "supermarket", "tags": ["supermarket"], "sources": ["overture"], "website": "https://www.bucha-belly.com", "address": "562 1st Ave S", "stations": [{"stopCode": 53, "lines": "1,2", "name": "International District Station", "walkingMeters": 825, "walkingSeconds": 593, "band": 10}, {"stopCode": 52, "lines": "1,2", "name": "Pioneer Square Station", "walkingMeters": 850, "walkingSeconds": 612, "band": 10}, {"stopCode": 54, "lines": "1", "name": "Stadium Station", "walkingMeters": 1200, "walkingSeconds": 863, "band": 15}]}, "geometry": {"type": "Point", "coordinates": [-122.3336868, 47.5965042]}}, {"type": "Feature", "properties": {"id": "e4dc56eb-c226-4b9f-8417-8922bea0acfa", "name": "Wick & Mortar", "category": "cannabis", "tags": ["cannabis"], "sources": ["overture"], "website": "http://www.wickandmortar.com/", "phone": "2062577996", "address": "562 1st Ave S Ste 201", "stations": [{"stopCode": 53, "lines": "1,2", "name": "International District Station", "walkingMeters": 845, "walkingSeconds": 608, "band": 10}, {"stopCode": 52, "lines": "1,2", "name": "Pioneer Square Station", "walkingMeters": 864, "walkingSeconds": 626, "band": 10}, {"stopCode": 54, "lines": "1", "name": "Stadium Station", "walkingMeters": 1211, "walkingSeconds": 870, "band": 15}]}, "geometry": {"type": "Point", "coordinates": [-122.3341217, 47.5964165]}}, {"type": "Feature", "properties": {"id": "11b99d91-b83c-4000-b600-714406f9cd80", "name": "Dainese", "category": "clothes", "tags": ["clothes"], "sources": ["overture"], "website": "https://www.dainese.com/us/en/corporate/stores/dainese-seattle/", "phone": "+14256557061", "address": "570 1st Ave S", "stations": [{"stopCode": 53, "lines": "1,2", "name": "International District Station", "walkingMeters": 828, "walkingSeconds": 596, "band": 10}, {"stopCode": 52, "lines": "1,2", "name": "Pioneer Square Station", "walkingMeters": 857, "walkingSeconds": 616, "band": 10}, {"stopCode": 54, "lines": "1", "name": "Stadium Station", "walkingMeters": 1194, "walkingSeconds": 859, "band": 15}]}, "geometry": {"type": "Point", "coordinates": [-122.334053, 47.5964432]}}, {"type": "Feature", "properties": {"id": "f89c5c69-6ca4-42a7-a44b-f13d4bc7e737", "name": "L T Denny Jewelers", "category": "jewelry", "tags": ["jewelry"], "sources": ["overture"], "website": "http://LTDenny.com/", "phone": "+12066825555", "address": "515 Occidental Ave S", "stations": [{"stopCode": 53, "lines": "1,2", "name": "International District Station", "walkingMeters": 630, "walkingSeconds": 452, "band": 10}, {"stopCode": 52, "lines": "1,2", "name": "Pioneer Square Station", "walkingMeters": 708, "walkingSeconds": 510, "band": 10}, {"stopCode": 54, "lines": "1", "name": "Stadium Station", "walkingMeters": 1300, "walkingSeconds": 935, "band": 15}, {"stopCode": 51, "lines": "1,2", "name": "Symphony Station", "walkingMeters": 1342, "walkingSeconds": 966, "band": 15}]}, "geometry": {"type": "Point", "coordinates": [-122.3333893, 47.5977364]}}, {"type": "Feature", "properties": {"id": "393976ab-cfb7-4f69-83c2-e33ed489a19d", "name": "Octo Designs", "category": "jewelry", "tags": ["jewelry"], "sources": ["overture"], "website": "octodesigns.com", "phone": "12068506254", "address": "900 1st Ave S  Ste 405", "stations": [{"stopCode": 53, "lines": "1,2", "name": "International District Station", "walkingMeters": 752, "walkingSeconds": 561, "band": 10}, {"stopCode": 54, "lines": "1", "name": "Stadium Station", "walkingMeters": 828, "walkingSeconds": 618, "band": 15}, {"stopCode": 52, "lines": "1,2", "name": "Pioneer Square Station", "walkingMeters": 1144, "walkingSeconds": 854, "band": 15}]}, "geometry": {"type": "Point", "coordinates": [-122.3336487, 47.5948181]}}, {"type": "Feature", "properties": {"id": "a7e874d7-376b-494f-9faf-273dfbb7470e", "name": "Vpi", "category": "furniture", "tags": ["furniture"], "sources": ["overture"], "website": "https://vpirep.com", "phone": "12067636601", "address": "900 1st Ave S  Ste 301", "stations": [{"stopCode": 53, "lines": "1,2", "name": "International District Station", "walkingMeters": 752, "walkingSeconds": 561, "band": 10}, {"stopCode": 54, "lines": "1", "name": "Stadium Station", "walkingMeters": 828, "walkingSeconds": 618, "band": 15}, {"stopCode": 52, "lines": "1,2", "name": "Pioneer Square Station", "walkingMeters": 1144, "walkingSeconds": 854, "band": 15}]}, "geometry": {"type": "Point", "coordinates": [-122.3336487, 47.5948181]}}, {"type": "Feature", "properties": {"id": "19f2301e-0070-4e93-99f0-b0c3a9db285d", "name": "Mojo Market", "category": "supermarket", "tags": ["supermarket"], "sources": ["overture"], "website": "https://www.mojomarket.com", "address": "1021 Occidental Ave S", "stations": [{"stopCode": 54, "lines": "1", "name": "Stadium Station", "walkingMeters": 700, "walkingSeconds": 522, "band": 15}, {"stopCode": 53, "lines": "1,2", "name": "International District Station", "walkingMeters": 896, "walkingSeconds": 669, "band": 15}, {"stopCode": 52, "lines": "1,2", "name": "Pioneer Square Station", "walkingMeters": 1343, "walkingSeconds": 1002, "band": 15}]}, "geometry": {"type": "Point", "coordinates": [-122.3335037, 47.5933952]}}, {"type": "Feature", "properties": {"id": "79cab5b7-17ca-4043-80c8-f2754f645579", "name": "Studiologue", "category": "furniture", "tags": ["furniture"], "sources": ["overture"], "website": "http://studiologue.com", "phone": "(206) 535-8921", "address": "1020 1st Ave S Ste 404", "stations": [{"stopCode": 54, "lines": "1", "name": "Stadium Station", "walkingMeters": 905, "walkingSeconds": 652, "band": 15}, {"stopCode": 53, "lines": "1,2", "name": "International District Station", "walkingMeters": 970, "walkingSeconds": 698, "band": 15}, {"stopCode": 52, "lines": "1,2", "name": "Pioneer Square Station", "walkingMeters": 1186, "walkingSeconds": 854, "band": 15}]}, "geometry": {"type": "Point", "coordinates": [-122.3337936, 47.5934792]}}, {"type": "Feature", "properties": {"id": "45389dfd-cbea-4c3c-a780-b3f44f06f23f", "name": "Seattle Grace Mercy West Hospital", "category": "hospital", "tags": ["hospital"], "sources": ["overture"], "website": "http://greysanatomy.wikia.com/wiki/Seattle_Grace_Mercy_West_Hospital", "address": "93 S Jackson St", "stations": [{"stopCode": 52, "lines": "1,2", "name": "Pioneer Square Station", "walkingMeters": 620, "walkingSeconds": 446, "band": 10}, {"stopCode": 53, "lines": "1,2", "name": "International District Station", "walkingMeters": 647, "walkingSeconds": 465, "band": 10}, {"stopCode": 51, "lines": "1,2", "name": "Symphony Station", "walkingMeters": 1167, "walkingSeconds": 840, "band": 15}]}, "geometry": {"type": "Point", "coordinates": [-122.3348236, 47.5990639]}}, {"type": "Feature", "properties": {"id": "4215ed8b-301c-4c99-a84c-0bbe7e869b3d", "name": "Keller Photographic", "category": "hospital", "tags": ["hospital"], "sources": ["overture"], "website": "http://www.kellerphotographic.com/", "phone": "2067529100", "address": "321 3rd Ave S", "stations": [{"stopCode": 53, "lines": "1,2", "name": "International District Station", "walkingMeters": 294, "walkingSeconds": 219, "band": 5}, {"stopCode": 52, "lines": "1,2", "name": "Pioneer Square Station", "walkingMeters": 453, "walkingSeconds": 338, "band": 5}, {"stopCode": 54, "lines": "1", "name": "Stadium Station", "walkingMeters": 1251, "walkingSeconds": 934, "band": 15}, {"stopCode": 51, "lines": "1,2", "name": "Symphony Station", "walkingMeters": 1321, "walkingSeconds": 986, "band": 15}]}, "geometry": {"type": "Point", "coordinates": [-122.3305206, 47.5994606]}}, {"type": "Feature", "properties": {"id": "acc19c1f-a0a7-4761-86ee-6e176d0fabad", "name": "Shawna Ruff LMP", "category": "clinic", "tags": ["clinic", "medical"], "sources": ["overture"], "website": "http://shawnarufflmp.weebly.com", "phone": "(206) 218-4283", "address": "318 1st Ave S", "stations": [{"stopCode": 52, "lines": "1,2", "name": "Pioneer Square Station", "walkingMeters": 478, "walkingSeconds": 344, "band": 5}, {"stopCode": 53, "lines": "1,2", "name": "International District Station", "walkingMeters": 635, "walkingSeconds": 458, "band": 10}, {"stopCode": 51, "lines": "1,2", "name": "Symphony Station", "walkingMeters": 1059, "walkingSeconds": 762, "band": 15}]}, "geometry": {"type": "Point", "coordinates": [-122.3338547, 47.5998344]}}, {"type": "Feature", "properties": {"id": "f5cc4b07-6e20-4090-8cf4-7538d342ad94", "name": "Alertive Healthcare", "category": "clinic", "tags": ["clinic", "medical"], "sources": ["overture"], "website": "https://alertive.com", "phone": "18334973786", "address": "111 S Jackson St", "stations": [{"stopCode": 53, "lines": "1,2", "name": "International District Station", "walkingMeters": 567, "walkingSeconds": 423, "band": 10}, {"stopCode": 52, "lines": "1,2", "name": "Pioneer Square Station", "walkingMeters": 583, "walkingSeconds": 435, "band": 10}, {"stopCode": 51, "lines": "1,2", "name": "Symphony Station", "walkingMeters": 1306, "walkingSeconds": 975, "band": 15}]}, "geometry": {"type": "Point", "coordinates": [-122.3337479, 47.5989075]}}, {"type": "Feature", "properties": {"id": "525b77ea-0590-4689-afaf-7053901ec7b0", "name": "Seattle Walk-In Bathtubs", "category": "clinic", "tags": ["clinic", "medical"], "sources": ["overture"], "website": "http://www.seattlewalkinbathtubs.com/", "phone": "2066231925", "address": "902 1st Ave S", "stations": [{"stopCode": 53, "lines": "1,2", "name": "International District Station", "walkingMeters": 858, "walkingSeconds": 617, "band": 15}, {"stopCode": 54, "lines": "1", "name": "Stadium Station", "walkingMeters": 1047, "walkingSeconds": 754, "band": 15}, {"stopCode": 52, "lines": "1,2", "name": "Pioneer Square Station", "walkingMeters": 1062, "walkingSeconds": 764, "band": 15}]}, "geometry": {"type": "Point", "coordinates": [-122.3341599, 47.594677]}}, {"type": "Feature", "properties": {"id": "26b7331c-9f2d-4848-8f63-0990c1bd06be", "name": "Bridge Bank Loan Production Office", "category": "bank", "tags": ["bank", "credit", "union"], "sources": ["overture"], "website": "https://www.westernalliancebancorporation.com/bridge-bank?utm_medium=location-listing&utm_source=bing", "phone": "4152304834", "address": "255 S King St Ste 09", "stations": [{"stopCode": 53, "lines": "1,2", "name": "International District Station", "walkingMeters": 410, "walkingSeconds": 295, "band": 5}, {"stopCode": 52, "lines": "1,2", "name": "Pioneer Square Station", "walkingMeters": 550, "walkingSeconds": 404, "band": 10}, {"stopCode": 54, "lines": "1", "name": "Stadium Station", "walkingMeters": 1081, "walkingSeconds": 778, "band": 15}, {"stopCode": 51, "lines": "1,2", "name": "Symphony Station", "walkingMeters": 1262, "walkingSeconds": 909, "band": 15}]}, "geometry": {"type": "Point", "coordinates": [-122.3310318, 47.5982819]}}, {"type": "Feature", "properties": {"id": "e3168461-0ffa-4202-996d-4d01f7367b45", "name": "USPS Mailbox", "category": "post_office", "tags": ["post-office", "office"], "sources": ["overture"], "website": "http://www.usps.com", "phone": "(206) 625-2293", "address": "91 S Jackson St", "stations": [{"stopCode": 52, "lines": "1,2", "name": "Pioneer Square Station", "walkingMeters": 632, "walkingSeconds": 455, "band": 10}, {"stopCode": 53, "lines": "1,2", "name": "International District Station", "walkingMeters": 660, "walkingSeconds": 474, "band": 10}, {"stopCode": 51, "lines": "1,2", "name": "Symphony Station", "walkingMeters": 1179, "walkingSeconds": 849, "band": 15}]}, "geometry": {"type": "Point", "coordinates": [-122.3351669, 47.599041]}}, {"type": "Feature", "properties": {"id": "225ba05b-67fd-421e-a47f-c904bb064882", "name": "Capital One ATM", "category": "bank", "tags": ["bank", "credit", "union"], "sources": ["overture"], "website": "http://maps.capitalone.com/locator/LocationDetail.action?id=83882&address&city&state&zip=98104&searchType=atmSearch&accountType=capitaloneAcct&locationType=capitalOne&useRadius=-1", "phone": "8002625689", "address": "83 S King St", "stations": [{"stopCode": 53, "lines": "1,2", "name": "International District Station", "walkingMeters": 693, "walkingSeconds": 502, "band": 10}, {"stopCode": 52, "lines": "1,2", "name": "Pioneer Square Station", "walkingMeters": 699, "walkingSeconds": 503, "band": 10}, {"stopCode": 51, "lines": "1,2", "name": "Symphony Station", "walkingMeters": 1258, "walkingSeconds": 906, "band": 15}]}, "geometry": {"type": "Point", "coordinates": [-122.3347931, 47.5983086]}}, {"type": "Feature", "properties": {"id": 2351712366, "name": "Kinesia Pilates", "category": "fitness_centre", "tags": ["fitness-centre", "pilates"], "sources": ["osm"], "website": "https://www.kinesiapilates.com/", "phone": "+1-206-567-1538", "address": "314 1st Avenue South", "stations": [{"stopCode": 52, "lines": "1,2", "name": "Pioneer Square Station", "walkingMeters": 507, "walkingSeconds": 365, "band": 10}, {"stopCode": 53, "lines": "1,2", "name": "International District Station", "walkingMeters": 608, "walkingSeconds": 439, "band": 10}, {"stopCode": 51, "lines": "1,2", "name": "Symphony Station", "walkingMeters": 1087, "walkingSeconds": 783, "band": 15}]}, "geometry": {"type": "Point", "coordinates": [-122.3339675, 47.5995747]}}, {"type": "Feature", "properties": {"id": "7c5bbbde-1235-4289-ad36-f3e3ecd6626f", "name": "Kinesia Pilates Fitness", "category": "fitness_centre", "tags": ["fitness-centre", "pilates", "studio"], "sources": ["overture"], "website": "http://www.kinesiapilates.com/", "phone": "+12065803481", "address": "314 1st Ave S", "stations": [{"stopCode": 52, "lines": "1,2", "name": "Pioneer Square Station", "walkingMeters": 507, "walkingSeconds": 365, "band": 5}, {"stopCode": 53, "lines": "1,2", "name": "International District Station", "walkingMeters": 608, "walkingSeconds": 439, "band": 10}, {"stopCode": 51, "lines": "1,2", "name": "Symphony Station", "walkingMeters": 1087, "walkingSeconds": 783, "band": 15}]}, "geometry": {"type": "Point", "coordinates": [-122.3338547, 47.5995903]}}, {"type": "Feature", "properties": {"id": "3773ec24-8fe6-43a7-b491-0acfac8f7e80", "name": "The Yoga Culture", "category": "fitness_centre", "tags": ["fitness-centre", "yoga", "studio"], "sources": ["overture"], "address": "322 1st Ave S", "stations": [{"stopCode": 52, "lines": "1,2", "name": "Pioneer Square Station", "walkingMeters": 530, "walkingSeconds": 396, "band": 10}, {"stopCode": 53, "lines": "1,2", "name": "International District Station", "walkingMeters": 583, "walkingSeconds": 435, "band": 10}, {"stopCode": 51, "lines": "1,2", "name": "Symphony Station", "walkingMeters": 1244, "walkingSeconds": 928, "band": 15}]}, "geometry": {"type": "Point", "coordinates": [-122.3337936, 47.5993347]}}, {"type": "Feature", "properties": {"id": "58c06415-8f1e-41d2-9438-e778966b113b", "name": "Mindbloom", "category": "fitness_centre", "tags": ["fitness-centre", "gym"], "sources": ["overture"], "phone": "2066821534", "address": "411 1st Ave S  Ste 404", "stations": [{"stopCode": 53, "lines": "1,2", "name": "International District Station", "walkingMeters": 648, "walkingSeconds": 484, "band": 10}, {"stopCode": 52, "lines": "1,2", "name": "Pioneer Square Station", "walkingMeters": 655, "walkingSeconds": 489, "band": 10}, {"stopCode": 51, "lines": "1,2", "name": "Symphony Station", "walkingMeters": 1331, "walkingSeconds": 993, "band": 15}]}, "geometry": {"type": "Point", "coordinates": [-122.3346252, 47.5986519]}}, {"type": "Feature", "properties": {"id": "787eb69f-1da7-4b76-b870-febeb6161e32", "name": "Seattle Fitness", "category": "fitness_centre", "tags": ["fitness-centre", "gym"], "sources": ["overture"], "website": "http://www.seattlefitness.com", "phone": "(206) 467-1800", "address": "83 S King St", "stations": [{"stopCode": 53, "lines": "1,2", "name": "International District Station", "walkingMeters": 672, "walkingSeconds": 483, "band": 10}, {"stopCode": 52, "lines": "1,2", "name": "Pioneer Square Station", "walkingMeters": 693, "walkingSeconds": 501, "band": 10}, {"stopCode": 51, "lines": "1,2", "name": "Symphony Station", "walkingMeters": 1274, "walkingSeconds": 919, "band": 15}]}, "geometry": {"type": "Point", "coordinates": [-122.3342438, 47.5980339]}}, {"type": "Feature", "properties": {"id": "eafdae32-6343-4b7a-8528-cb29d750bbed", "name": "Cue Fitness - Seattle, WA", "category": "fitness_centre", "tags": ["fitness-centre", "gym"], "sources": ["overture"], "website": "http://cuecrossfit.com/", "phone": "+12066871564", "address": "902 1st Ave S", "stations": [{"stopCode": 53, "lines": "1,2", "name": "International District Station", "walkingMeters": 793, "walkingSeconds": 592, "band": 10}, {"stopCode": 54, "lines": "1", "name": "Stadium Station", "walkingMeters": 840, "walkingSeconds": 627, "band": 15}, {"stopCode": 52, "lines": "1,2", "name": "Pioneer Square Station", "walkingMeters": 1174, "walkingSeconds": 876, "band": 15}]}, "geometry": {"type": "Point", "coordinates": [-122.3339996, 47.5946579]}}, {"type": "Feature", "properties": {"id": "bc8e9bd8-c5d4-4fdf-a9d2-6cdce1a1d248", "name": "Stadium Fitness", "category": "fitness_centre", "tags": ["fitness-centre", "gym"], "sources": ["overture"], "website": "http://www.cactusclubtan.com", "phone": "(360) 318-5631", "address": "900 1st Ave S", "stations": [{"stopCode": 53, "lines": "1,2", "name": "International District Station", "walkingMeters": 748, "walkingSeconds": 538, "band": 10}, {"stopCode": 52, "lines": "1,2", "name": "Pioneer Square Station", "walkingMeters": 938, "walkingSeconds": 675, "band": 15}, {"stopCode": 54, "lines": "1", "name": "Stadium Station", "walkingMeters": 1114, "walkingSeconds": 801, "band": 15}]}, "geometry": {"type": "Point", "coordinates": [-122.3335648, 47.5958099]}}]}